Job ID: 3674649
Running on node: hyperion-162.sw.ehu.es
Starting time: Tue Nov 18 22:06:46 CET 2025
GPU assigned: 0
Working directory: /scratch/aitordiez/News2Stock/simple_seq2seq
Preprocessed data not found. Running preprocessing first...
================================================================================
PREPROCESSING NEWS DATASET
================================================================================
Loading data from all companies...
  ✓ Loaded amazon: 12391 examples
  ✓ Loaded apple: 24208 examples
  ✓ Loaded google: 13341 examples
  ✓ Loaded meta: 15187 examples
  ✓ Loaded microsoft: 12932 examples
  ✓ Loaded nvidia: 10215 examples
  ✓ Loaded tesla: 27131 examples

✓ Total combined: 115405 examples
Dataset shape: (115405, 7)
Columns: ['id', 'author', 'created', 'title', 'teaser', 'clean_body', 'body_summary']

✓ Using 'clean_body' as source (original text)
✓ Using 'body_summary' as target (summary)

After removing NaN: 115405 examples

Cleaning and tokenizing...
Final dataset size: 104839 examples

Source statistics:
  Mean length: 501.4
  Max length: 68068
  Min length: 10

Target statistics:
  Mean length: 73.6
  Max length: 359
  Min length: 24

Data split:
  Train: 83871 examples
  Val: 10483 examples
  Test: 10485 examples

================================================================================
BUILDING VOCABULARY
================================================================================
Vocabulary built with 20000 words
Most common words: [('the', 2305240), ('to', 1319557), ('of', 1066526), ('a', 980590), ('and', 923291), ('in', 866032), ('s', 713343), ('on', 548749), ('for', 506111), ('is', 504702)]

================================================================================
SAVING PREPROCESSED DATA
================================================================================
✓ Saved preprocessed data to: /scratch/aitordiez/News2Stock/simple_seq2seq/preprocessed_data.pkl
✓ Vocabulary size: 20000

Preprocessing complete!
Preprocessing complete!
Starting training...
================================================================================
SIMPLE SEQ2SEQ TRAINING
================================================================================

✓ Using device: cuda

Loading preprocessed data...
✓ Train: 83871 examples
✓ Val: 10483 examples
✓ Test: 10485 examples
✓ Vocabulary size: 20000

✓ Created dataloaders (batch_size=8)

================================================================================
INITIALIZING MODEL
================================================================================
✓ Model initialized
✓ Trainable parameters: 25,229,856
✓ Optimizer: Adam (lr=0.001)
✓ Loss: CrossEntropyLoss

================================================================================
TRAINING
================================================================================
✓ Logging to: /scratch/aitordiez/News2Stock/simple_seq2seq/logs/training_20251118_220917.log

Epoch 1/20
----------------------------------------
  Batch 10/10484, Loss: 7.9834
  Batch 20/10484, Loss: 7.2520
  Batch 30/10484, Loss: 7.4833
  Batch 40/10484, Loss: 7.1579
  Batch 50/10484, Loss: 7.2892
  Batch 60/10484, Loss: 7.1949
  Batch 70/10484, Loss: 7.0515
  Batch 80/10484, Loss: 6.8840
  Batch 90/10484, Loss: 7.0448
  Batch 100/10484, Loss: 6.8232
  Batch 110/10484, Loss: 6.7871
  Batch 120/10484, Loss: 6.7467
  Batch 130/10484, Loss: 6.8448
  Batch 140/10484, Loss: 6.9414
  Batch 150/10484, Loss: 6.8535
  Batch 160/10484, Loss: 6.6411
  Batch 170/10484, Loss: 6.9078
  Batch 180/10484, Loss: 6.9282
  Batch 190/10484, Loss: 6.7159
  Batch 200/10484, Loss: 6.6205
  Batch 210/10484, Loss: 6.4601
  Batch 220/10484, Loss: 6.7398
  Batch 230/10484, Loss: 7.0099
  Batch 240/10484, Loss: 6.6233
  Batch 250/10484, Loss: 6.5058
  Batch 260/10484, Loss: 6.4735
  Batch 270/10484, Loss: 6.4626
  Batch 280/10484, Loss: 6.6701
  Batch 290/10484, Loss: 6.6340
  Batch 300/10484, Loss: 6.8421
  Batch 310/10484, Loss: 6.5424
  Batch 320/10484, Loss: 6.6946
  Batch 330/10484, Loss: 6.6411
  Batch 340/10484, Loss: 6.2523
  Batch 350/10484, Loss: 6.4397
  Batch 360/10484, Loss: 6.5235
  Batch 370/10484, Loss: 6.8725
  Batch 380/10484, Loss: 6.5919
  Batch 390/10484, Loss: 6.4493
  Batch 400/10484, Loss: 6.9081
  Batch 410/10484, Loss: 6.3036
  Batch 420/10484, Loss: 6.7300
  Batch 430/10484, Loss: 6.1760
  Batch 440/10484, Loss: 6.3864
  Batch 450/10484, Loss: 6.4820
  Batch 460/10484, Loss: 6.3811
  Batch 470/10484, Loss: 6.4132
  Batch 480/10484, Loss: 6.2771
  Batch 490/10484, Loss: 6.1324
  Batch 500/10484, Loss: 6.6055
  Batch 510/10484, Loss: 6.5108
  Batch 520/10484, Loss: 6.2199
  Batch 530/10484, Loss: 6.4756
  Batch 540/10484, Loss: 6.3153
  Batch 550/10484, Loss: 6.2594
  Batch 560/10484, Loss: 6.2812
  Batch 570/10484, Loss: 6.4657
  Batch 580/10484, Loss: 6.4740
  Batch 590/10484, Loss: 6.4386
  Batch 600/10484, Loss: 6.4901
  Batch 610/10484, Loss: 6.3584
  Batch 620/10484, Loss: 6.3872
  Batch 630/10484, Loss: 6.1512
  Batch 640/10484, Loss: 6.1250
  Batch 650/10484, Loss: 6.5041
  Batch 660/10484, Loss: 6.1917
  Batch 670/10484, Loss: 5.9764
  Batch 680/10484, Loss: 6.2337
  Batch 690/10484, Loss: 6.2643
  Batch 700/10484, Loss: 6.4338
  Batch 710/10484, Loss: 6.0617
  Batch 720/10484, Loss: 6.4013
  Batch 730/10484, Loss: 5.9943
  Batch 740/10484, Loss: 6.3593
  Batch 750/10484, Loss: 5.8535
  Batch 760/10484, Loss: 6.0429
  Batch 770/10484, Loss: 6.2476
  Batch 780/10484, Loss: 6.1829
  Batch 790/10484, Loss: 6.3028
  Batch 800/10484, Loss: 6.0603
  Batch 810/10484, Loss: 6.0375
  Batch 820/10484, Loss: 6.5036
  Batch 830/10484, Loss: 6.4882
  Batch 840/10484, Loss: 6.1879
  Batch 850/10484, Loss: 6.2550
  Batch 860/10484, Loss: 6.1661
  Batch 870/10484, Loss: 6.5334
  Batch 880/10484, Loss: 5.8765
  Batch 890/10484, Loss: 6.1516
  Batch 900/10484, Loss: 6.2555
  Batch 910/10484, Loss: 6.0183
  Batch 920/10484, Loss: 6.5362
  Batch 930/10484, Loss: 5.9869
  Batch 940/10484, Loss: 5.7838
  Batch 950/10484, Loss: 6.1665
  Batch 960/10484, Loss: 6.1888
  Batch 970/10484, Loss: 6.2603
  Batch 980/10484, Loss: 6.3670
  Batch 990/10484, Loss: 6.1355
  Batch 1000/10484, Loss: 6.2040
  Batch 1010/10484, Loss: 6.2151
  Batch 1020/10484, Loss: 6.3395
  Batch 1030/10484, Loss: 6.1737
  Batch 1040/10484, Loss: 6.3103
  Batch 1050/10484, Loss: 6.1996
  Batch 1060/10484, Loss: 6.6186
  Batch 1070/10484, Loss: 6.0603
  Batch 1080/10484, Loss: 6.0162
  Batch 1090/10484, Loss: 6.5061
  Batch 1100/10484, Loss: 6.0603
  Batch 1110/10484, Loss: 6.1468
  Batch 1120/10484, Loss: 6.1782
  Batch 1130/10484, Loss: 5.8248
  Batch 1140/10484, Loss: 5.7849
  Batch 1150/10484, Loss: 5.8657
  Batch 1160/10484, Loss: 5.9225
  Batch 1170/10484, Loss: 5.7374
  Batch 1180/10484, Loss: 5.7236
  Batch 1190/10484, Loss: 6.3405
  Batch 1200/10484, Loss: 5.9032
  Batch 1210/10484, Loss: 6.0291
  Batch 1220/10484, Loss: 5.8878
  Batch 1230/10484, Loss: 6.1844
  Batch 1240/10484, Loss: 6.0700
  Batch 1250/10484, Loss: 5.4142
  Batch 1260/10484, Loss: 6.3861
  Batch 1270/10484, Loss: 6.2630
  Batch 1280/10484, Loss: 5.8544
  Batch 1290/10484, Loss: 6.1256
  Batch 1300/10484, Loss: 6.2616
  Batch 1310/10484, Loss: 6.1040
  Batch 1320/10484, Loss: 6.0882
  Batch 1330/10484, Loss: 6.1584
  Batch 1340/10484, Loss: 6.2748
  Batch 1350/10484, Loss: 6.2740
  Batch 1360/10484, Loss: 6.1739
  Batch 1370/10484, Loss: 6.2031
  Batch 1380/10484, Loss: 6.2451
  Batch 1390/10484, Loss: 6.1403
  Batch 1400/10484, Loss: 5.9281
  Batch 1410/10484, Loss: 5.6568
  Batch 1420/10484, Loss: 6.1742
  Batch 1430/10484, Loss: 5.7490
  Batch 1440/10484, Loss: 6.5042
  Batch 1450/10484, Loss: 5.7780
  Batch 1460/10484, Loss: 6.0126
  Batch 1470/10484, Loss: 6.6871
  Batch 1480/10484, Loss: 5.6332
  Batch 1490/10484, Loss: 5.1592
  Batch 1500/10484, Loss: 6.0173
  Batch 1510/10484, Loss: 6.3795
  Batch 1520/10484, Loss: 5.2584
  Batch 1530/10484, Loss: 6.2057
  Batch 1540/10484, Loss: 5.9634
  Batch 1550/10484, Loss: 6.1777
  Batch 1560/10484, Loss: 5.8608
  Batch 1570/10484, Loss: 5.7480
  Batch 1580/10484, Loss: 6.1345
  Batch 1590/10484, Loss: 5.8703
  Batch 1600/10484, Loss: 6.0083
  Batch 1610/10484, Loss: 6.3719
  Batch 1620/10484, Loss: 6.0248
  Batch 1630/10484, Loss: 5.9600
  Batch 1640/10484, Loss: 6.2138
  Batch 1650/10484, Loss: 5.9872
  Batch 1660/10484, Loss: 6.1181
  Batch 1670/10484, Loss: 5.8232
  Batch 1680/10484, Loss: 6.1358
  Batch 1690/10484, Loss: 6.0328
  Batch 1700/10484, Loss: 6.1783
  Batch 1710/10484, Loss: 5.8846
  Batch 1720/10484, Loss: 6.5442
  Batch 1730/10484, Loss: 6.3902
  Batch 1740/10484, Loss: 5.5917
  Batch 1750/10484, Loss: 6.1085
  Batch 1760/10484, Loss: 5.8959
  Batch 1770/10484, Loss: 5.4337
  Batch 1780/10484, Loss: 5.8699
  Batch 1790/10484, Loss: 5.8114
  Batch 1800/10484, Loss: 6.0421
  Batch 1810/10484, Loss: 5.9517
  Batch 1820/10484, Loss: 6.1392
  Batch 1830/10484, Loss: 6.1083
  Batch 1840/10484, Loss: 6.2285
  Batch 1850/10484, Loss: 5.4028
  Batch 1860/10484, Loss: 6.1530
  Batch 1870/10484, Loss: 5.5497
  Batch 1880/10484, Loss: 5.9056
  Batch 1890/10484, Loss: 5.6160
  Batch 1900/10484, Loss: 5.6387
  Batch 1910/10484, Loss: 6.0255
  Batch 1920/10484, Loss: 6.0800
  Batch 1930/10484, Loss: 5.7304
  Batch 1940/10484, Loss: 5.7898
  Batch 1950/10484, Loss: 5.9762
  Batch 1960/10484, Loss: 5.9259
  Batch 1970/10484, Loss: 5.8785
  Batch 1980/10484, Loss: 6.1003
  Batch 1990/10484, Loss: 5.8164
  Batch 2000/10484, Loss: 5.8003
  Batch 2010/10484, Loss: 5.9121
  Batch 2020/10484, Loss: 5.7091
  Batch 2030/10484, Loss: 5.8930
  Batch 2040/10484, Loss: 5.6754
  Batch 2050/10484, Loss: 5.8647
  Batch 2060/10484, Loss: 5.7680
  Batch 2070/10484, Loss: 6.5099
  Batch 2080/10484, Loss: 5.9863
  Batch 2090/10484, Loss: 6.1459
  Batch 2100/10484, Loss: 6.2014
  Batch 2110/10484, Loss: 5.7805
  Batch 2120/10484, Loss: 6.1169
  Batch 2130/10484, Loss: 5.5378
  Batch 2140/10484, Loss: 6.3475
  Batch 2150/10484, Loss: 5.9098
  Batch 2160/10484, Loss: 5.9553
  Batch 2170/10484, Loss: 5.7979
  Batch 2180/10484, Loss: 5.7692
  Batch 2190/10484, Loss: 5.6163
  Batch 2200/10484, Loss: 5.5074
  Batch 2210/10484, Loss: 5.7852
  Batch 2220/10484, Loss: 5.5186
  Batch 2230/10484, Loss: 5.9628
  Batch 2240/10484, Loss: 6.1695
  Batch 2250/10484, Loss: 5.9197
  Batch 2260/10484, Loss: 5.7177
  Batch 2270/10484, Loss: 5.7681
  Batch 2280/10484, Loss: 6.1323
  Batch 2290/10484, Loss: 5.8874
  Batch 2300/10484, Loss: 5.8803
  Batch 2310/10484, Loss: 5.6544
  Batch 2320/10484, Loss: 5.7113
  Batch 2330/10484, Loss: 6.3487
  Batch 2340/10484, Loss: 5.7837
  Batch 2350/10484, Loss: 5.7058
  Batch 2360/10484, Loss: 5.9089
  Batch 2370/10484, Loss: 5.9235
  Batch 2380/10484, Loss: 5.9081
  Batch 2390/10484, Loss: 5.8516
  Batch 2400/10484, Loss: 5.7902
  Batch 2410/10484, Loss: 6.2921
  Batch 2420/10484, Loss: 5.7488
  Batch 2430/10484, Loss: 5.7474
  Batch 2440/10484, Loss: 5.7664
  Batch 2450/10484, Loss: 5.4017
  Batch 2460/10484, Loss: 6.1902
  Batch 2470/10484, Loss: 5.8940
  Batch 2480/10484, Loss: 5.8321
  Batch 2490/10484, Loss: 5.8929
  Batch 2500/10484, Loss: 6.1083
  Batch 2510/10484, Loss: 5.7821
  Batch 2520/10484, Loss: 6.1308
  Batch 2530/10484, Loss: 5.7086
  Batch 2540/10484, Loss: 5.9983
  Batch 2550/10484, Loss: 5.3861
  Batch 2560/10484, Loss: 5.9891
  Batch 2570/10484, Loss: 5.6548
  Batch 2580/10484, Loss: 5.7393
  Batch 2590/10484, Loss: 5.8277
  Batch 2600/10484, Loss: 5.4318
  Batch 2610/10484, Loss: 5.9083
  Batch 2620/10484, Loss: 6.1620
  Batch 2630/10484, Loss: 5.9456
  Batch 2640/10484, Loss: 5.7518
  Batch 2650/10484, Loss: 6.0414
  Batch 2660/10484, Loss: 5.7593
  Batch 2670/10484, Loss: 5.4316
  Batch 2680/10484, Loss: 5.9874
  Batch 2690/10484, Loss: 6.1363
  Batch 2700/10484, Loss: 5.8069
  Batch 2710/10484, Loss: 5.9473
  Batch 2720/10484, Loss: 5.7447
  Batch 2730/10484, Loss: 5.5843
  Batch 2740/10484, Loss: 6.3004
  Batch 2750/10484, Loss: 5.9185
  Batch 2760/10484, Loss: 5.9537
  Batch 2770/10484, Loss: 5.7910
  Batch 2780/10484, Loss: 5.6474
  Batch 2790/10484, Loss: 5.6628
  Batch 2800/10484, Loss: 5.3517
  Batch 2810/10484, Loss: 6.2239
  Batch 2820/10484, Loss: 5.8412
  Batch 2830/10484, Loss: 6.0952
  Batch 2840/10484, Loss: 5.9070
  Batch 2850/10484, Loss: 5.8658
  Batch 2860/10484, Loss: 6.0941
  Batch 2870/10484, Loss: 5.6580
  Batch 2880/10484, Loss: 5.5517
  Batch 2890/10484, Loss: 6.1507
  Batch 2900/10484, Loss: 6.1857
  Batch 2910/10484, Loss: 6.0349
  Batch 2920/10484, Loss: 5.7026
  Batch 2930/10484, Loss: 6.5016
  Batch 2940/10484, Loss: 5.7523
  Batch 2950/10484, Loss: 6.1268
  Batch 2960/10484, Loss: 5.3516
  Batch 2970/10484, Loss: 5.8179
  Batch 2980/10484, Loss: 5.5604
  Batch 2990/10484, Loss: 5.4848
  Batch 3000/10484, Loss: 6.1104
  Batch 3010/10484, Loss: 5.5407
  Batch 3020/10484, Loss: 5.3339
  Batch 3030/10484, Loss: 5.9657
  Batch 3040/10484, Loss: 5.4966
  Batch 3050/10484, Loss: 5.3654
  Batch 3060/10484, Loss: 5.5670
  Batch 3070/10484, Loss: 6.0368
  Batch 3080/10484, Loss: 5.2838
  Batch 3090/10484, Loss: 5.9717
  Batch 3100/10484, Loss: 5.7458
  Batch 3110/10484, Loss: 6.0005
  Batch 3120/10484, Loss: 5.9224
  Batch 3130/10484, Loss: 5.5670
  Batch 3140/10484, Loss: 5.2713
  Batch 3150/10484, Loss: 5.9024
  Batch 3160/10484, Loss: 5.5065
  Batch 3170/10484, Loss: 5.9394
  Batch 3180/10484, Loss: 5.9695
  Batch 3190/10484, Loss: 5.8284
  Batch 3200/10484, Loss: 5.9463
  Batch 3210/10484, Loss: 5.8050
  Batch 3220/10484, Loss: 5.5027
  Batch 3230/10484, Loss: 5.7518
  Batch 3240/10484, Loss: 5.6768
  Batch 3250/10484, Loss: 6.1199
  Batch 3260/10484, Loss: 5.7750
  Batch 3270/10484, Loss: 5.7295
  Batch 3280/10484, Loss: 5.7638
  Batch 3290/10484, Loss: 6.0253
  Batch 3300/10484, Loss: 5.6266
  Batch 3310/10484, Loss: 5.9449
  Batch 3320/10484, Loss: 6.0451
  Batch 3330/10484, Loss: 5.4879
  Batch 3340/10484, Loss: 5.3555
  Batch 3350/10484, Loss: 5.8717
  Batch 3360/10484, Loss: 5.8998
  Batch 3370/10484, Loss: 5.9544
  Batch 3380/10484, Loss: 5.6218
  Batch 3390/10484, Loss: 5.8180
  Batch 3400/10484, Loss: 5.3281
  Batch 3410/10484, Loss: 5.9022
  Batch 3420/10484, Loss: 5.5465
  Batch 3430/10484, Loss: 5.5847
  Batch 3440/10484, Loss: 5.9729
  Batch 3450/10484, Loss: 5.3143
  Batch 3460/10484, Loss: 6.0736
  Batch 3470/10484, Loss: 5.5734
  Batch 3480/10484, Loss: 6.0647
  Batch 3490/10484, Loss: 5.5805
  Batch 3500/10484, Loss: 5.9356
  Batch 3510/10484, Loss: 5.3488
  Batch 3520/10484, Loss: 5.2953
  Batch 3530/10484, Loss: 5.4691
  Batch 3540/10484, Loss: 5.6140
  Batch 3550/10484, Loss: 5.8763
  Batch 3560/10484, Loss: 5.7788
  Batch 3570/10484, Loss: 5.5936
  Batch 3580/10484, Loss: 5.7832
  Batch 3590/10484, Loss: 5.4593
  Batch 3600/10484, Loss: 5.7116
  Batch 3610/10484, Loss: 5.7254
  Batch 3620/10484, Loss: 5.7737
  Batch 3630/10484, Loss: 5.5474
  Batch 3640/10484, Loss: 5.1321
  Batch 3650/10484, Loss: 5.4188
  Batch 3660/10484, Loss: 5.2286
  Batch 3670/10484, Loss: 5.9923
  Batch 3680/10484, Loss: 6.0968
  Batch 3690/10484, Loss: 5.8163
  Batch 3700/10484, Loss: 6.2605
  Batch 3710/10484, Loss: 5.5155
  Batch 3720/10484, Loss: 5.8047
  Batch 3730/10484, Loss: 5.8210
  Batch 3740/10484, Loss: 6.0773
  Batch 3750/10484, Loss: 5.6640
  Batch 3760/10484, Loss: 5.7872
  Batch 3770/10484, Loss: 5.9264
  Batch 3780/10484, Loss: 5.7274
  Batch 3790/10484, Loss: 5.8114
  Batch 3800/10484, Loss: 5.9844
  Batch 3810/10484, Loss: 6.1330
  Batch 3820/10484, Loss: 5.8547
  Batch 3830/10484, Loss: 5.5867
  Batch 3840/10484, Loss: 5.2202
  Batch 3850/10484, Loss: 6.2256
  Batch 3860/10484, Loss: 5.5285
  Batch 3870/10484, Loss: 5.2622
  Batch 3880/10484, Loss: 5.8506
  Batch 3890/10484, Loss: 5.2818
  Batch 3900/10484, Loss: 5.7771
  Batch 3910/10484, Loss: 6.0857
  Batch 3920/10484, Loss: 5.4027
  Batch 3930/10484, Loss: 5.0531
  Batch 3940/10484, Loss: 5.8645
  Batch 3950/10484, Loss: 5.9890
  Batch 3960/10484, Loss: 5.1304
  Batch 3970/10484, Loss: 5.7979
  Batch 3980/10484, Loss: 5.7575
  Batch 3990/10484, Loss: 5.4493
  Batch 4000/10484, Loss: 6.0199
  Batch 4010/10484, Loss: 5.7734
  Batch 4020/10484, Loss: 5.7599
  Batch 4030/10484, Loss: 5.9431
  Batch 4040/10484, Loss: 5.1928
  Batch 4050/10484, Loss: 5.2018
  Batch 4060/10484, Loss: 5.5495
  Batch 4070/10484, Loss: 5.7522
  Batch 4080/10484, Loss: 5.5865
  Batch 4090/10484, Loss: 5.8303
  Batch 4100/10484, Loss: 5.9747
  Batch 4110/10484, Loss: 5.8944
  Batch 4120/10484, Loss: 5.7549
  Batch 4130/10484, Loss: 5.7480
  Batch 4140/10484, Loss: 5.0720
  Batch 4150/10484, Loss: 5.6223
  Batch 4160/10484, Loss: 5.4003
  Batch 4170/10484, Loss: 6.2459
  Batch 4180/10484, Loss: 5.5734
  Batch 4190/10484, Loss: 5.5779
  Batch 4200/10484, Loss: 5.0604
  Batch 4210/10484, Loss: 5.6290
  Batch 4220/10484, Loss: 5.9724
  Batch 4230/10484, Loss: 5.4514
  Batch 4240/10484, Loss: 5.7447
  Batch 4250/10484, Loss: 5.6589
  Batch 4260/10484, Loss: 5.5799
  Batch 4270/10484, Loss: 5.6678
  Batch 4280/10484, Loss: 5.4163
  Batch 4290/10484, Loss: 5.2900
  Batch 4300/10484, Loss: 5.2131
  Batch 4310/10484, Loss: 5.3645
  Batch 4320/10484, Loss: 5.2466
  Batch 4330/10484, Loss: 5.8664
  Batch 4340/10484, Loss: 5.5036
  Batch 4350/10484, Loss: 5.7471
  Batch 4360/10484, Loss: 5.5944
  Batch 4370/10484, Loss: 6.1048
  Batch 4380/10484, Loss: 5.3589
  Batch 4390/10484, Loss: 5.7982
  Batch 4400/10484, Loss: 5.5602
  Batch 4410/10484, Loss: 5.4330
  Batch 4420/10484, Loss: 6.0934
  Batch 4430/10484, Loss: 5.8896
  Batch 4440/10484, Loss: 5.2729
  Batch 4450/10484, Loss: 5.6718
  Batch 4460/10484, Loss: 5.7785
  Batch 4470/10484, Loss: 5.3473
  Batch 4480/10484, Loss: 5.7371
  Batch 4490/10484, Loss: 5.7870
  Batch 4500/10484, Loss: 5.4530
  Batch 4510/10484, Loss: 5.7794
  Batch 4520/10484, Loss: 5.7649
  Batch 4530/10484, Loss: 5.9873
  Batch 4540/10484, Loss: 5.8663
  Batch 4550/10484, Loss: 5.8229
  Batch 4560/10484, Loss: 5.3106
  Batch 4570/10484, Loss: 5.3210
  Batch 4580/10484, Loss: 5.5680
  Batch 4590/10484, Loss: 5.5106
  Batch 4600/10484, Loss: 5.4712
  Batch 4610/10484, Loss: 5.5895
  Batch 4620/10484, Loss: 5.6492
  Batch 4630/10484, Loss: 5.9696
  Batch 4640/10484, Loss: 5.9028
  Batch 4650/10484, Loss: 5.8937
  Batch 4660/10484, Loss: 5.6649
  Batch 4670/10484, Loss: 5.9156
  Batch 4680/10484, Loss: 5.9247
  Batch 4690/10484, Loss: 5.5364
  Batch 4700/10484, Loss: 5.7762
  Batch 4710/10484, Loss: 5.7766
  Batch 4720/10484, Loss: 5.4629
  Batch 4730/10484, Loss: 5.5084
  Batch 4740/10484, Loss: 5.2989
  Batch 4750/10484, Loss: 5.2152
  Batch 4760/10484, Loss: 5.8522
  Batch 4770/10484, Loss: 5.8242
  Batch 4780/10484, Loss: 5.2223
  Batch 4790/10484, Loss: 5.2142
  Batch 4800/10484, Loss: 5.5289
  Batch 4810/10484, Loss: 5.5536
  Batch 4820/10484, Loss: 5.6107
  Batch 4830/10484, Loss: 5.7302
  Batch 4840/10484, Loss: 5.9707
  Batch 4850/10484, Loss: 5.3997
  Batch 4860/10484, Loss: 5.7952
  Batch 4870/10484, Loss: 5.6971
  Batch 4880/10484, Loss: 5.6552
  Batch 4890/10484, Loss: 5.2993
  Batch 4900/10484, Loss: 5.0146
  Batch 4910/10484, Loss: 5.2441
  Batch 4920/10484, Loss: 5.4299
  Batch 4930/10484, Loss: 5.8510
  Batch 4940/10484, Loss: 5.4896
  Batch 4950/10484, Loss: 5.9530
  Batch 4960/10484, Loss: 5.7856
  Batch 4970/10484, Loss: 5.6974
  Batch 4980/10484, Loss: 5.3962
  Batch 4990/10484, Loss: 5.5791
  Batch 5000/10484, Loss: 5.3157
  Batch 5010/10484, Loss: 6.0256
  Batch 5020/10484, Loss: 5.5326
  Batch 5030/10484, Loss: 5.7258
  Batch 5040/10484, Loss: 5.4826
  Batch 5050/10484, Loss: 6.0113
  Batch 5060/10484, Loss: 5.8329
  Batch 5070/10484, Loss: 5.5633
  Batch 5080/10484, Loss: 5.2698
  Batch 5090/10484, Loss: 4.9447
  Batch 5100/10484, Loss: 5.3200
  Batch 5110/10484, Loss: 5.5920
  Batch 5120/10484, Loss: 5.3623
  Batch 5130/10484, Loss: 5.5231
  Batch 5140/10484, Loss: 5.6260
  Batch 5150/10484, Loss: 5.8280
  Batch 5160/10484, Loss: 5.6141
  Batch 5170/10484, Loss: 5.6538
  Batch 5180/10484, Loss: 5.4078
  Batch 5190/10484, Loss: 5.4219
  Batch 5200/10484, Loss: 5.6446
  Batch 5210/10484, Loss: 5.6973
  Batch 5220/10484, Loss: 5.2181
  Batch 5230/10484, Loss: 5.2640
  Batch 5240/10484, Loss: 5.0596
  Batch 5250/10484, Loss: 5.4893
  Batch 5260/10484, Loss: 5.9241
  Batch 5270/10484, Loss: 5.6177
  Batch 5280/10484, Loss: 4.9566
  Batch 5290/10484, Loss: 5.3403
  Batch 5300/10484, Loss: 5.8117
  Batch 5310/10484, Loss: 5.5113
  Batch 5320/10484, Loss: 5.5803
  Batch 5330/10484, Loss: 6.1009
  Batch 5340/10484, Loss: 5.6992
  Batch 5350/10484, Loss: 5.8147
  Batch 5360/10484, Loss: 5.1353
  Batch 5370/10484, Loss: 5.7053
  Batch 5380/10484, Loss: 5.3450
  Batch 5390/10484, Loss: 5.4953
  Batch 5400/10484, Loss: 5.4632
  Batch 5410/10484, Loss: 5.7896
  Batch 5420/10484, Loss: 5.5180
  Batch 5430/10484, Loss: 5.3931
  Batch 5440/10484, Loss: 5.7947
  Batch 5450/10484, Loss: 5.8372
  Batch 5460/10484, Loss: 5.4324
  Batch 5470/10484, Loss: 4.9532
  Batch 5480/10484, Loss: 5.3248
  Batch 5490/10484, Loss: 5.9552
  Batch 5500/10484, Loss: 5.5068
  Batch 5510/10484, Loss: 5.3367
  Batch 5520/10484, Loss: 5.6406
  Batch 5530/10484, Loss: 5.6241
  Batch 5540/10484, Loss: 5.3793
  Batch 5550/10484, Loss: 5.7036
  Batch 5560/10484, Loss: 5.5299
  Batch 5570/10484, Loss: 5.2497
  Batch 5580/10484, Loss: 5.7360
  Batch 5590/10484, Loss: 5.7375
  Batch 5600/10484, Loss: 5.7713
  Batch 5610/10484, Loss: 4.9433
  Batch 5620/10484, Loss: 5.1008
  Batch 5630/10484, Loss: 5.5584
  Batch 5640/10484, Loss: 5.9279
  Batch 5650/10484, Loss: 5.3863
  Batch 5660/10484, Loss: 5.4024
  Batch 5670/10484, Loss: 5.4533
  Batch 5680/10484, Loss: 5.7356
  Batch 5690/10484, Loss: 5.5469
  Batch 5700/10484, Loss: 5.4184
  Batch 5710/10484, Loss: 5.3066
  Batch 5720/10484, Loss: 5.1261
  Batch 5730/10484, Loss: 5.7064
  Batch 5740/10484, Loss: 5.0319
  Batch 5750/10484, Loss: 5.4109
  Batch 5760/10484, Loss: 5.3401
  Batch 5770/10484, Loss: 5.8956
  Batch 5780/10484, Loss: 5.4328
  Batch 5790/10484, Loss: 5.4548
  Batch 5800/10484, Loss: 5.5045
  Batch 5810/10484, Loss: 6.1075
  Batch 5820/10484, Loss: 6.2331
  Batch 5830/10484, Loss: 5.3361
  Batch 5840/10484, Loss: 5.6402
  Batch 5850/10484, Loss: 5.1866
  Batch 5860/10484, Loss: 5.7497
  Batch 5870/10484, Loss: 5.6488
  Batch 5880/10484, Loss: 5.1270
  Batch 5890/10484, Loss: 5.2155
  Batch 5900/10484, Loss: 5.8152
  Batch 5910/10484, Loss: 5.7296
  Batch 5920/10484, Loss: 5.4208
  Batch 5930/10484, Loss: 5.3634
  Batch 5940/10484, Loss: 5.7095
  Batch 5950/10484, Loss: 5.6596
  Batch 5960/10484, Loss: 5.7432
  Batch 5970/10484, Loss: 5.9052
  Batch 5980/10484, Loss: 5.4372
  Batch 5990/10484, Loss: 5.5313
  Batch 6000/10484, Loss: 5.9244
  Batch 6010/10484, Loss: 5.5774
  Batch 6020/10484, Loss: 5.7787
  Batch 6030/10484, Loss: 5.1875
  Batch 6040/10484, Loss: 4.8716
  Batch 6050/10484, Loss: 5.4422
  Batch 6060/10484, Loss: 5.6357
  Batch 6070/10484, Loss: 5.3652
  Batch 6080/10484, Loss: 5.5573
  Batch 6090/10484, Loss: 5.5271
  Batch 6100/10484, Loss: 5.3441
  Batch 6110/10484, Loss: 5.7585
  Batch 6120/10484, Loss: 5.9183
  Batch 6130/10484, Loss: 5.4251
  Batch 6140/10484, Loss: 5.7263
  Batch 6150/10484, Loss: 5.8258
  Batch 6160/10484, Loss: 5.3994
  Batch 6170/10484, Loss: 5.5347
  Batch 6180/10484, Loss: 5.4776
  Batch 6190/10484, Loss: 5.2355
  Batch 6200/10484, Loss: 5.9985
  Batch 6210/10484, Loss: 5.9251
  Batch 6220/10484, Loss: 5.5255
  Batch 6230/10484, Loss: 5.5730
  Batch 6240/10484, Loss: 5.3022
  Batch 6250/10484, Loss: 5.6743
  Batch 6260/10484, Loss: 5.5982
  Batch 6270/10484, Loss: 5.7016
  Batch 6280/10484, Loss: 5.9457
  Batch 6290/10484, Loss: 5.7628
  Batch 6300/10484, Loss: 5.5466
  Batch 6310/10484, Loss: 5.7322
  Batch 6320/10484, Loss: 5.8123
  Batch 6330/10484, Loss: 5.5045
  Batch 6340/10484, Loss: 5.0708
  Batch 6350/10484, Loss: 5.2848
  Batch 6360/10484, Loss: 5.0190
  Batch 6370/10484, Loss: 5.5276
  Batch 6380/10484, Loss: 5.6133
  Batch 6390/10484, Loss: 5.2044
  Batch 6400/10484, Loss: 5.1854
  Batch 6410/10484, Loss: 5.6404
  Batch 6420/10484, Loss: 5.2652
  Batch 6430/10484, Loss: 5.2817
  Batch 6440/10484, Loss: 5.4567
  Batch 6450/10484, Loss: 5.7687
  Batch 6460/10484, Loss: 5.0429
  Batch 6470/10484, Loss: 5.6674
  Batch 6480/10484, Loss: 5.6496
  Batch 6490/10484, Loss: 5.8565
  Batch 6500/10484, Loss: 5.6879
  Batch 6510/10484, Loss: 5.7774
  Batch 6520/10484, Loss: 5.5440
  Batch 6530/10484, Loss: 5.3006
  Batch 6540/10484, Loss: 5.4086
  Batch 6550/10484, Loss: 5.0545
  Batch 6560/10484, Loss: 5.4829
  Batch 6570/10484, Loss: 5.4193
  Batch 6580/10484, Loss: 5.3134
  Batch 6590/10484, Loss: 5.3937
  Batch 6600/10484, Loss: 5.5083
  Batch 6610/10484, Loss: 5.6946
  Batch 6620/10484, Loss: 5.1003
  Batch 6630/10484, Loss: 5.5636
  Batch 6640/10484, Loss: 5.1335
  Batch 6650/10484, Loss: 4.9398
  Batch 6660/10484, Loss: 5.6068
  Batch 6670/10484, Loss: 5.3620
  Batch 6680/10484, Loss: 5.5149
  Batch 6690/10484, Loss: 5.3475
  Batch 6700/10484, Loss: 5.7190
  Batch 6710/10484, Loss: 5.7111
  Batch 6720/10484, Loss: 5.5390
  Batch 6730/10484, Loss: 5.6006
  Batch 6740/10484, Loss: 5.7767
  Batch 6750/10484, Loss: 5.4093
  Batch 6760/10484, Loss: 5.4050
  Batch 6770/10484, Loss: 5.1540
  Batch 6780/10484, Loss: 5.3991
  Batch 6790/10484, Loss: 5.4337
  Batch 6800/10484, Loss: 6.0050
  Batch 6810/10484, Loss: 5.1938
  Batch 6820/10484, Loss: 5.6910
  Batch 6830/10484, Loss: 5.8037
  Batch 6840/10484, Loss: 5.5358
  Batch 6850/10484, Loss: 5.4335
  Batch 6860/10484, Loss: 5.8737
  Batch 6870/10484, Loss: 5.4633
  Batch 6880/10484, Loss: 5.5105
  Batch 6890/10484, Loss: 5.3967
  Batch 6900/10484, Loss: 5.5486
  Batch 6910/10484, Loss: 5.3438
  Batch 6920/10484, Loss: 5.1248
  Batch 6930/10484, Loss: 5.4257
  Batch 6940/10484, Loss: 5.6049
  Batch 6950/10484, Loss: 6.0130
  Batch 6960/10484, Loss: 5.8787
  Batch 6970/10484, Loss: 6.1052
  Batch 6980/10484, Loss: 5.8974
  Batch 6990/10484, Loss: 5.3880
  Batch 7000/10484, Loss: 5.4168
  Batch 7010/10484, Loss: 5.4611
  Batch 7020/10484, Loss: 4.9578
  Batch 7030/10484, Loss: 5.6816
  Batch 7040/10484, Loss: 5.5963
  Batch 7050/10484, Loss: 5.3473
  Batch 7060/10484, Loss: 5.6458
  Batch 7070/10484, Loss: 5.1856
  Batch 7080/10484, Loss: 5.7610
  Batch 7090/10484, Loss: 5.6476
  Batch 7100/10484, Loss: 5.7682
  Batch 7110/10484, Loss: 5.1991
  Batch 7120/10484, Loss: 5.4813
  Batch 7130/10484, Loss: 5.5046
  Batch 7140/10484, Loss: 5.8947
  Batch 7150/10484, Loss: 5.5193
  Batch 7160/10484, Loss: 5.8507
  Batch 7170/10484, Loss: 5.6342
  Batch 7180/10484, Loss: 5.2758
  Batch 7190/10484, Loss: 5.6236
  Batch 7200/10484, Loss: 5.6007
  Batch 7210/10484, Loss: 4.8607
  Batch 7220/10484, Loss: 5.5968
  Batch 7230/10484, Loss: 4.9249
  Batch 7240/10484, Loss: 5.5015
  Batch 7250/10484, Loss: 5.1340
  Batch 7260/10484, Loss: 5.8261
  Batch 7270/10484, Loss: 5.7734
  Batch 7280/10484, Loss: 5.8039
  Batch 7290/10484, Loss: 5.2646
  Batch 7300/10484, Loss: 5.4324
  Batch 7310/10484, Loss: 5.0030
  Batch 7320/10484, Loss: 5.3748
  Batch 7330/10484, Loss: 5.7590
  Batch 7340/10484, Loss: 5.4877
  Batch 7350/10484, Loss: 5.6046
  Batch 7360/10484, Loss: 5.0587
  Batch 7370/10484, Loss: 5.7979
  Batch 7380/10484, Loss: 5.3266
  Batch 7390/10484, Loss: 5.6279
  Batch 7400/10484, Loss: 5.1520
  Batch 7410/10484, Loss: 5.3550
  Batch 7420/10484, Loss: 5.9669
  Batch 7430/10484, Loss: 5.6068
  Batch 7440/10484, Loss: 5.2839
  Batch 7450/10484, Loss: 5.3825
  Batch 7460/10484, Loss: 5.6641
  Batch 7470/10484, Loss: 5.7264
  Batch 7480/10484, Loss: 5.4057
  Batch 7490/10484, Loss: 5.6146
  Batch 7500/10484, Loss: 5.3606
  Batch 7510/10484, Loss: 5.7750
  Batch 7520/10484, Loss: 5.0440
  Batch 7530/10484, Loss: 5.5765
  Batch 7540/10484, Loss: 5.6344
  Batch 7550/10484, Loss: 5.3376
  Batch 7560/10484, Loss: 5.3797
  Batch 7570/10484, Loss: 5.1953
  Batch 7580/10484, Loss: 5.3768
  Batch 7590/10484, Loss: 5.5980
  Batch 7600/10484, Loss: 5.2174
  Batch 7610/10484, Loss: 5.4453
  Batch 7620/10484, Loss: 5.5338
  Batch 7630/10484, Loss: 5.2278
  Batch 7640/10484, Loss: 5.7679
  Batch 7650/10484, Loss: 4.8248
  Batch 7660/10484, Loss: 5.3674
  Batch 7670/10484, Loss: 5.6295
  Batch 7680/10484, Loss: 5.6278
  Batch 7690/10484, Loss: 5.4967
  Batch 7700/10484, Loss: 5.3416
  Batch 7710/10484, Loss: 5.1622
  Batch 7720/10484, Loss: 5.3853
  Batch 7730/10484, Loss: 5.7469
  Batch 7740/10484, Loss: 4.9934
  Batch 7750/10484, Loss: 5.1101
  Batch 7760/10484, Loss: 5.2305
  Batch 7770/10484, Loss: 5.5652
  Batch 7780/10484, Loss: 5.2427
  Batch 7790/10484, Loss: 5.4701
  Batch 7800/10484, Loss: 5.6157
  Batch 7810/10484, Loss: 5.6811
  Batch 7820/10484, Loss: 5.2734
  Batch 7830/10484, Loss: 5.5160
  Batch 7840/10484, Loss: 5.0912
  Batch 7850/10484, Loss: 5.8175
  Batch 7860/10484, Loss: 5.7102
  Batch 7870/10484, Loss: 5.7374
  Batch 7880/10484, Loss: 5.1104
  Batch 7890/10484, Loss: 5.5517
  Batch 7900/10484, Loss: 5.6791
  Batch 7910/10484, Loss: 5.4374
  Batch 7920/10484, Loss: 4.8410
  Batch 7930/10484, Loss: 5.5892
  Batch 7940/10484, Loss: 5.2836
  Batch 7950/10484, Loss: 5.3281
  Batch 7960/10484, Loss: 5.5094
  Batch 7970/10484, Loss: 5.5342
  Batch 7980/10484, Loss: 6.0469
  Batch 7990/10484, Loss: 5.4304
  Batch 8000/10484, Loss: 5.6755
  Batch 8010/10484, Loss: 5.3702
  Batch 8020/10484, Loss: 5.4992
  Batch 8030/10484, Loss: 4.6806
  Batch 8040/10484, Loss: 5.7529
  Batch 8050/10484, Loss: 5.2834
  Batch 8060/10484, Loss: 5.9586
  Batch 8070/10484, Loss: 5.8805
  Batch 8080/10484, Loss: 5.0576
  Batch 8090/10484, Loss: 5.0441
  Batch 8100/10484, Loss: 5.2510
  Batch 8110/10484, Loss: 5.3822
  Batch 8120/10484, Loss: 5.9608
  Batch 8130/10484, Loss: 5.5990
  Batch 8140/10484, Loss: 5.4081
  Batch 8150/10484, Loss: 5.6019
  Batch 8160/10484, Loss: 5.0423
  Batch 8170/10484, Loss: 5.5312
  Batch 8180/10484, Loss: 5.5359
  Batch 8190/10484, Loss: 6.0312
  Batch 8200/10484, Loss: 5.6603
  Batch 8210/10484, Loss: 5.2929
  Batch 8220/10484, Loss: 5.5032
  Batch 8230/10484, Loss: 5.4103
  Batch 8240/10484, Loss: 4.7336
  Batch 8250/10484, Loss: 5.3627
  Batch 8260/10484, Loss: 5.6180
  Batch 8270/10484, Loss: 5.9145
  Batch 8280/10484, Loss: 5.3780
  Batch 8290/10484, Loss: 5.8027
  Batch 8300/10484, Loss: 5.3898
  Batch 8310/10484, Loss: 5.6814
  Batch 8320/10484, Loss: 4.9796
  Batch 8330/10484, Loss: 5.5325
  Batch 8340/10484, Loss: 5.3246
  Batch 8350/10484, Loss: 5.9344
  Batch 8360/10484, Loss: 5.4232
  Batch 8370/10484, Loss: 6.0445
  Batch 8380/10484, Loss: 5.5190
  Batch 8390/10484, Loss: 5.3426
  Batch 8400/10484, Loss: 5.3789
  Batch 8410/10484, Loss: 5.1673
  Batch 8420/10484, Loss: 5.1198
  Batch 8430/10484, Loss: 4.7625
  Batch 8440/10484, Loss: 5.4021
  Batch 8450/10484, Loss: 5.4035
  Batch 8460/10484, Loss: 5.3440
  Batch 8470/10484, Loss: 5.2727
  Batch 8480/10484, Loss: 4.7943
  Batch 8490/10484, Loss: 5.6688
  Batch 8500/10484, Loss: 5.3321
  Batch 8510/10484, Loss: 5.6162
  Batch 8520/10484, Loss: 4.5762
  Batch 8530/10484, Loss: 5.6590
  Batch 8540/10484, Loss: 5.7942
  Batch 8550/10484, Loss: 5.2375
  Batch 8560/10484, Loss: 5.3386
  Batch 8570/10484, Loss: 5.2533
  Batch 8580/10484, Loss: 5.5982
  Batch 8590/10484, Loss: 5.6227
  Batch 8600/10484, Loss: 5.1887
  Batch 8610/10484, Loss: 5.2157
  Batch 8620/10484, Loss: 5.6142
  Batch 8630/10484, Loss: 5.1588
  Batch 8640/10484, Loss: 5.1556
  Batch 8650/10484, Loss: 4.8972
  Batch 8660/10484, Loss: 4.5182
  Batch 8670/10484, Loss: 4.7415
  Batch 8680/10484, Loss: 5.1529
  Batch 8690/10484, Loss: 5.0532
  Batch 8700/10484, Loss: 5.1895
  Batch 8710/10484, Loss: 5.4364
  Batch 8720/10484, Loss: 5.2000
  Batch 8730/10484, Loss: 4.7187
  Batch 8740/10484, Loss: 5.2620
  Batch 8750/10484, Loss: 5.7891
  Batch 8760/10484, Loss: 4.7551
  Batch 8770/10484, Loss: 5.7360
  Batch 8780/10484, Loss: 5.6692
  Batch 8790/10484, Loss: 5.6722
  Batch 8800/10484, Loss: 5.2135
  Batch 8810/10484, Loss: 5.1783
  Batch 8820/10484, Loss: 5.6339
  Batch 8830/10484, Loss: 5.1143
  Batch 8840/10484, Loss: 5.3558
  Batch 8850/10484, Loss: 5.4252
  Batch 8860/10484, Loss: 5.7993
  Batch 8870/10484, Loss: 5.0788
  Batch 8880/10484, Loss: 5.4430
  Batch 8890/10484, Loss: 5.5734
  Batch 8900/10484, Loss: 5.5307
  Batch 8910/10484, Loss: 5.4543
  Batch 8920/10484, Loss: 5.6906
  Batch 8930/10484, Loss: 5.0650
  Batch 8940/10484, Loss: 5.8785
  Batch 8950/10484, Loss: 5.6142
  Batch 8960/10484, Loss: 4.9158
  Batch 8970/10484, Loss: 5.1462
  Batch 8980/10484, Loss: 5.4128
  Batch 8990/10484, Loss: 5.8080
  Batch 9000/10484, Loss: 5.5524
  Batch 9010/10484, Loss: 5.5717
  Batch 9020/10484, Loss: 5.3934
  Batch 9030/10484, Loss: 5.0197
  Batch 9040/10484, Loss: 5.8001
  Batch 9050/10484, Loss: 5.5659
  Batch 9060/10484, Loss: 5.4375
  Batch 9070/10484, Loss: 4.8765
  Batch 9080/10484, Loss: 5.4993
  Batch 9090/10484, Loss: 5.5668
  Batch 9100/10484, Loss: 5.6686
  Batch 9110/10484, Loss: 5.5397
  Batch 9120/10484, Loss: 5.4104
  Batch 9130/10484, Loss: 5.5262
  Batch 9140/10484, Loss: 5.3464
  Batch 9150/10484, Loss: 5.4602
  Batch 9160/10484, Loss: 6.0933
  Batch 9170/10484, Loss: 5.5278
  Batch 9180/10484, Loss: 4.4731
  Batch 9190/10484, Loss: 5.6266
  Batch 9200/10484, Loss: 5.4335
  Batch 9210/10484, Loss: 5.5427
  Batch 9220/10484, Loss: 5.2033
  Batch 9230/10484, Loss: 5.3977
  Batch 9240/10484, Loss: 4.9523
  Batch 9250/10484, Loss: 5.7502
  Batch 9260/10484, Loss: 5.2468
  Batch 9270/10484, Loss: 5.6349
  Batch 9280/10484, Loss: 5.1817
  Batch 9290/10484, Loss: 5.3811
  Batch 9300/10484, Loss: 5.1673
  Batch 9310/10484, Loss: 5.6409
  Batch 9320/10484, Loss: 5.0079
  Batch 9330/10484, Loss: 5.5235
  Batch 9340/10484, Loss: 5.6558
  Batch 9350/10484, Loss: 5.1165
  Batch 9360/10484, Loss: 5.5104
  Batch 9370/10484, Loss: 4.8537
  Batch 9380/10484, Loss: 5.0386
  Batch 9390/10484, Loss: 5.2015
  Batch 9400/10484, Loss: 5.1923
  Batch 9410/10484, Loss: 5.0454
  Batch 9420/10484, Loss: 5.3036
  Batch 9430/10484, Loss: 6.0415
  Batch 9440/10484, Loss: 5.0514
  Batch 9450/10484, Loss: 4.9901
  Batch 9460/10484, Loss: 4.6792
  Batch 9470/10484, Loss: 5.4739
  Batch 9480/10484, Loss: 5.2664
  Batch 9490/10484, Loss: 5.2343
  Batch 9500/10484, Loss: 5.2282
  Batch 9510/10484, Loss: 5.3697
  Batch 9520/10484, Loss: 5.4712
  Batch 9530/10484, Loss: 5.4896
  Batch 9540/10484, Loss: 5.4927
  Batch 9550/10484, Loss: 5.1283
  Batch 9560/10484, Loss: 5.4330
  Batch 9570/10484, Loss: 4.8219
  Batch 9580/10484, Loss: 5.3017
  Batch 9590/10484, Loss: 5.6301
  Batch 9600/10484, Loss: 5.5504
  Batch 9610/10484, Loss: 5.4020
  Batch 9620/10484, Loss: 5.0235
  Batch 9630/10484, Loss: 5.0782
  Batch 9640/10484, Loss: 5.3111
  Batch 9650/10484, Loss: 5.5943
  Batch 9660/10484, Loss: 5.1290
  Batch 9670/10484, Loss: 5.2000
  Batch 9680/10484, Loss: 5.2562
  Batch 9690/10484, Loss: 4.8983
  Batch 9700/10484, Loss: 4.6960
  Batch 9710/10484, Loss: 4.6624
  Batch 9720/10484, Loss: 5.1462
  Batch 9730/10484, Loss: 5.7077
  Batch 9740/10484, Loss: 5.1557
  Batch 9750/10484, Loss: 5.1492
  Batch 9760/10484, Loss: 5.4164
  Batch 9770/10484, Loss: 5.6219
  Batch 9780/10484, Loss: 5.0347
  Batch 9790/10484, Loss: 5.1155
  Batch 9800/10484, Loss: 5.2145
  Batch 9810/10484, Loss: 5.6801
  Batch 9820/10484, Loss: 5.2609
  Batch 9830/10484, Loss: 5.5647
  Batch 9840/10484, Loss: 5.0214
  Batch 9850/10484, Loss: 5.0921
  Batch 9860/10484, Loss: 5.5924
  Batch 9870/10484, Loss: 4.9981
  Batch 9880/10484, Loss: 5.1434
  Batch 9890/10484, Loss: 5.2452
  Batch 9900/10484, Loss: 5.2316
  Batch 9910/10484, Loss: 5.3027
  Batch 9920/10484, Loss: 5.3355
  Batch 9930/10484, Loss: 5.7090
  Batch 9940/10484, Loss: 5.7869
  Batch 9950/10484, Loss: 5.3313
  Batch 9960/10484, Loss: 5.4670
  Batch 9970/10484, Loss: 5.7322
  Batch 9980/10484, Loss: 5.0878
  Batch 9990/10484, Loss: 5.2519
  Batch 10000/10484, Loss: 4.7579
  Batch 10010/10484, Loss: 5.2983
  Batch 10020/10484, Loss: 5.4665
  Batch 10030/10484, Loss: 5.0969
  Batch 10040/10484, Loss: 4.9206
  Batch 10050/10484, Loss: 5.2636
  Batch 10060/10484, Loss: 5.2832
  Batch 10070/10484, Loss: 5.1109
  Batch 10080/10484, Loss: 5.8623
  Batch 10090/10484, Loss: 5.4731
  Batch 10100/10484, Loss: 5.3764
  Batch 10110/10484, Loss: 5.3478
  Batch 10120/10484, Loss: 5.7116
  Batch 10130/10484, Loss: 4.9952
  Batch 10140/10484, Loss: 5.3853
  Batch 10150/10484, Loss: 5.4447
  Batch 10160/10484, Loss: 5.6072
  Batch 10170/10484, Loss: 5.0617
  Batch 10180/10484, Loss: 5.5932
  Batch 10190/10484, Loss: 4.8761
  Batch 10200/10484, Loss: 5.4686
  Batch 10210/10484, Loss: 5.1746
  Batch 10220/10484, Loss: 4.5761
  Batch 10230/10484, Loss: 5.2796
  Batch 10240/10484, Loss: 5.1198
  Batch 10250/10484, Loss: 5.6219
  Batch 10260/10484, Loss: 5.4936
  Batch 10270/10484, Loss: 5.4022
  Batch 10280/10484, Loss: 5.4670
  Batch 10290/10484, Loss: 5.5574
  Batch 10300/10484, Loss: 5.4547
  Batch 10310/10484, Loss: 5.2283
  Batch 10320/10484, Loss: 5.2190
  Batch 10330/10484, Loss: 5.3823
  Batch 10340/10484, Loss: 5.5988
  Batch 10350/10484, Loss: 5.2946
  Batch 10360/10484, Loss: 5.2721
  Batch 10370/10484, Loss: 5.2610
  Batch 10380/10484, Loss: 5.0508
  Batch 10390/10484, Loss: 5.4303
  Batch 10400/10484, Loss: 5.4823
  Batch 10410/10484, Loss: 5.4417
  Batch 10420/10484, Loss: 5.4763
  Batch 10430/10484, Loss: 5.4718
  Batch 10440/10484, Loss: 5.3672
  Batch 10450/10484, Loss: 5.2160
  Batch 10460/10484, Loss: 5.5502
  Batch 10470/10484, Loss: 5.3543
  Batch 10480/10484, Loss: 5.0073

  Train Loss: 5.6736
  Val Loss: 6.6713
  Time: 34m 55s
  ✓ Saved checkpoint to /scratch/aitordiez/News2Stock/simple_seq2seq/checkpoints/checkpoint_epoch_1.pt
  ✓ New best model saved! (val_loss: 6.6713)

Epoch 2/20
----------------------------------------
  Batch 10/10484, Loss: 5.3740
  Batch 20/10484, Loss: 5.3755
  Batch 30/10484, Loss: 4.7341
  Batch 40/10484, Loss: 4.9900
  Batch 50/10484, Loss: 5.2079
  Batch 60/10484, Loss: 5.2661
  Batch 70/10484, Loss: 5.3031
  Batch 80/10484, Loss: 4.9970
  Batch 90/10484, Loss: 5.5897
  Batch 100/10484, Loss: 5.1330
  Batch 110/10484, Loss: 4.9238
  Batch 120/10484, Loss: 5.3266
  Batch 130/10484, Loss: 5.3229
  Batch 140/10484, Loss: 5.5976
  Batch 150/10484, Loss: 4.3050
  Batch 160/10484, Loss: 4.9986
  Batch 170/10484, Loss: 5.3956
  Batch 180/10484, Loss: 5.1688
  Batch 190/10484, Loss: 5.5928
  Batch 200/10484, Loss: 4.8355
  Batch 210/10484, Loss: 5.3546
  Batch 220/10484, Loss: 5.6225
  Batch 230/10484, Loss: 4.6539
  Batch 240/10484, Loss: 5.1426
  Batch 250/10484, Loss: 5.5507
  Batch 260/10484, Loss: 5.2108
  Batch 270/10484, Loss: 4.7727
  Batch 280/10484, Loss: 5.8133
  Batch 290/10484, Loss: 5.2911
  Batch 300/10484, Loss: 5.0835
  Batch 310/10484, Loss: 5.6634
  Batch 320/10484, Loss: 4.5664
  Batch 330/10484, Loss: 4.9972
  Batch 340/10484, Loss: 5.4193
  Batch 350/10484, Loss: 5.3588
  Batch 360/10484, Loss: 5.5384
  Batch 370/10484, Loss: 5.6690
  Batch 380/10484, Loss: 5.0595
  Batch 390/10484, Loss: 5.2025
  Batch 400/10484, Loss: 5.1914
  Batch 410/10484, Loss: 5.6580
  Batch 420/10484, Loss: 5.6568
  Batch 430/10484, Loss: 4.8562
  Batch 440/10484, Loss: 4.6371
  Batch 450/10484, Loss: 5.1161
  Batch 460/10484, Loss: 5.0760
  Batch 470/10484, Loss: 5.5526
  Batch 480/10484, Loss: 5.2839
  Batch 490/10484, Loss: 5.2877
  Batch 500/10484, Loss: 5.3862
  Batch 510/10484, Loss: 5.2840
  Batch 520/10484, Loss: 5.4343
  Batch 530/10484, Loss: 4.7371
  Batch 540/10484, Loss: 5.5809
  Batch 550/10484, Loss: 5.6102
  Batch 560/10484, Loss: 4.5884
  Batch 570/10484, Loss: 5.1881
  Batch 580/10484, Loss: 5.0872
  Batch 590/10484, Loss: 5.3053
  Batch 600/10484, Loss: 5.3058
  Batch 610/10484, Loss: 5.6078
  Batch 620/10484, Loss: 4.7422
  Batch 630/10484, Loss: 5.4481
  Batch 640/10484, Loss: 5.4762
  Batch 650/10484, Loss: 5.3153
  Batch 660/10484, Loss: 5.0560
  Batch 670/10484, Loss: 5.2579
  Batch 680/10484, Loss: 5.4317
  Batch 690/10484, Loss: 5.1724
  Batch 700/10484, Loss: 5.0085
  Batch 710/10484, Loss: 3.9563
  Batch 720/10484, Loss: 5.3386
  Batch 730/10484, Loss: 4.9289
  Batch 740/10484, Loss: 5.5172
  Batch 750/10484, Loss: 5.3414
  Batch 760/10484, Loss: 5.0762
  Batch 770/10484, Loss: 5.2941
  Batch 780/10484, Loss: 5.3892
  Batch 790/10484, Loss: 5.3298
  Batch 800/10484, Loss: 5.3302
  Batch 810/10484, Loss: 5.1068
  Batch 820/10484, Loss: 5.0203
  Batch 830/10484, Loss: 4.8691
  Batch 840/10484, Loss: 5.1390
  Batch 850/10484, Loss: 5.5044
  Batch 860/10484, Loss: 5.3578
  Batch 870/10484, Loss: 4.5885
  Batch 880/10484, Loss: 4.8381
  Batch 890/10484, Loss: 5.2942
  Batch 900/10484, Loss: 4.6856
  Batch 910/10484, Loss: 5.4898
  Batch 920/10484, Loss: 4.9582
  Batch 930/10484, Loss: 5.5744
  Batch 940/10484, Loss: 4.9163
  Batch 950/10484, Loss: 5.5805
  Batch 960/10484, Loss: 4.9669
  Batch 970/10484, Loss: 4.5605
  Batch 980/10484, Loss: 5.4594
  Batch 990/10484, Loss: 5.2422
  Batch 1000/10484, Loss: 5.8982
  Batch 1010/10484, Loss: 5.2681
  Batch 1020/10484, Loss: 4.5749
  Batch 1030/10484, Loss: 4.9681
  Batch 1040/10484, Loss: 5.9580
  Batch 1050/10484, Loss: 5.2936
  Batch 1060/10484, Loss: 5.6227
  Batch 1070/10484, Loss: 5.1553
  Batch 1080/10484, Loss: 5.4742
  Batch 1090/10484, Loss: 5.2987
  Batch 1100/10484, Loss: 5.0484
  Batch 1110/10484, Loss: 5.3685
  Batch 1120/10484, Loss: 5.2869
  Batch 1130/10484, Loss: 5.4983
  Batch 1140/10484, Loss: 5.6804
  Batch 1150/10484, Loss: 5.4181
  Batch 1160/10484, Loss: 5.2889
  Batch 1170/10484, Loss: 5.0715
  Batch 1180/10484, Loss: 5.3044
  Batch 1190/10484, Loss: 4.8570
  Batch 1200/10484, Loss: 5.0032
  Batch 1210/10484, Loss: 5.1961
  Batch 1220/10484, Loss: 4.8649
  Batch 1230/10484, Loss: 5.4278
  Batch 1240/10484, Loss: 4.9521
  Batch 1250/10484, Loss: 5.0065
  Batch 1260/10484, Loss: 5.3895
  Batch 1270/10484, Loss: 5.7930
  Batch 1280/10484, Loss: 5.1964
  Batch 1290/10484, Loss: 4.4937
  Batch 1300/10484, Loss: 5.2617
  Batch 1310/10484, Loss: 5.3494
  Batch 1320/10484, Loss: 5.1108
  Batch 1330/10484, Loss: 5.1443
  Batch 1340/10484, Loss: 5.1545
  Batch 1350/10484, Loss: 4.4292
  Batch 1360/10484, Loss: 5.2593
  Batch 1370/10484, Loss: 4.8540
  Batch 1380/10484, Loss: 5.1366
  Batch 1390/10484, Loss: 5.1953
  Batch 1400/10484, Loss: 5.1764
  Batch 1410/10484, Loss: 5.0433
  Batch 1420/10484, Loss: 5.4564
  Batch 1430/10484, Loss: 4.6675
  Batch 1440/10484, Loss: 5.0889
  Batch 1450/10484, Loss: 4.9083
  Batch 1460/10484, Loss: 5.9291
  Batch 1470/10484, Loss: 4.9900
  Batch 1480/10484, Loss: 5.0586
  Batch 1490/10484, Loss: 5.4749
  Batch 1500/10484, Loss: 5.0310
  Batch 1510/10484, Loss: 5.1074
  Batch 1520/10484, Loss: 5.1749
  Batch 1530/10484, Loss: 5.0130
  Batch 1540/10484, Loss: 5.8487
  Batch 1550/10484, Loss: 5.1572
  Batch 1560/10484, Loss: 5.0889
  Batch 1570/10484, Loss: 4.7568
  Batch 1580/10484, Loss: 5.0709
  Batch 1590/10484, Loss: 4.7309
  Batch 1600/10484, Loss: 5.4223
  Batch 1610/10484, Loss: 5.3483
  Batch 1620/10484, Loss: 5.2640
  Batch 1630/10484, Loss: 5.7215
  Batch 1640/10484, Loss: 5.3236
  Batch 1650/10484, Loss: 5.7653
  Batch 1660/10484, Loss: 5.5437
  Batch 1670/10484, Loss: 5.5177
  Batch 1680/10484, Loss: 5.0639
  Batch 1690/10484, Loss: 4.7456
  Batch 1700/10484, Loss: 5.6331
  Batch 1710/10484, Loss: 5.4579
  Batch 1720/10484, Loss: 4.9784
  Batch 1730/10484, Loss: 5.1790
  Batch 1740/10484, Loss: 4.8959
  Batch 1750/10484, Loss: 5.2818
  Batch 1760/10484, Loss: 5.6206
  Batch 1770/10484, Loss: 5.4176
  Batch 1780/10484, Loss: 4.9460
  Batch 1790/10484, Loss: 5.1818
  Batch 1800/10484, Loss: 4.7274
  Batch 1810/10484, Loss: 4.5251
  Batch 1820/10484, Loss: 5.3286
  Batch 1830/10484, Loss: 5.3452
  Batch 1840/10484, Loss: 5.0579
  Batch 1850/10484, Loss: 4.9209
  Batch 1860/10484, Loss: 4.9363
  Batch 1870/10484, Loss: 4.9443
  Batch 1880/10484, Loss: 5.4087
  Batch 1890/10484, Loss: 5.0161
  Batch 1900/10484, Loss: 5.2240
  Batch 1910/10484, Loss: 5.3737
  Batch 1920/10484, Loss: 5.3438
  Batch 1930/10484, Loss: 5.2139
  Batch 1940/10484, Loss: 5.5972
  Batch 1950/10484, Loss: 5.3676
  Batch 1960/10484, Loss: 5.0429
  Batch 1970/10484, Loss: 5.3331
  Batch 1980/10484, Loss: 5.5668
  Batch 1990/10484, Loss: 5.4320
  Batch 2000/10484, Loss: 5.0271
  Batch 2010/10484, Loss: 5.0618
  Batch 2020/10484, Loss: 5.3005
  Batch 2030/10484, Loss: 5.3405
  Batch 2040/10484, Loss: 5.2131
  Batch 2050/10484, Loss: 4.9466
  Batch 2060/10484, Loss: 5.2955
  Batch 2070/10484, Loss: 5.2751
  Batch 2080/10484, Loss: 5.7987
  Batch 2090/10484, Loss: 5.3094
  Batch 2100/10484, Loss: 4.9949
  Batch 2110/10484, Loss: 5.0177
  Batch 2120/10484, Loss: 5.1310
  Batch 2130/10484, Loss: 5.5614
  Batch 2140/10484, Loss: 5.1971
  Batch 2150/10484, Loss: 5.2864
  Batch 2160/10484, Loss: 5.1190
  Batch 2170/10484, Loss: 5.1603
  Batch 2180/10484, Loss: 4.7017
  Batch 2190/10484, Loss: 5.4200
  Batch 2200/10484, Loss: 5.1244
  Batch 2210/10484, Loss: 5.3168
  Batch 2220/10484, Loss: 5.2328
  Batch 2230/10484, Loss: 4.9447
  Batch 2240/10484, Loss: 4.8320
  Batch 2250/10484, Loss: 4.6375
  Batch 2260/10484, Loss: 4.4303
  Batch 2270/10484, Loss: 5.1602
  Batch 2280/10484, Loss: 4.8193
  Batch 2290/10484, Loss: 4.6922
  Batch 2300/10484, Loss: 4.6395
  Batch 2310/10484, Loss: 5.2209
  Batch 2320/10484, Loss: 4.7065
  Batch 2330/10484, Loss: 5.0799
  Batch 2340/10484, Loss: 5.6516
  Batch 2350/10484, Loss: 5.1846
  Batch 2360/10484, Loss: 5.0943
  Batch 2370/10484, Loss: 4.7365
  Batch 2380/10484, Loss: 5.4878
  Batch 2390/10484, Loss: 5.3265
  Batch 2400/10484, Loss: 5.4869
  Batch 2410/10484, Loss: 5.0879
  Batch 2420/10484, Loss: 5.4570
  Batch 2430/10484, Loss: 5.5933
  Batch 2440/10484, Loss: 4.9586
  Batch 2450/10484, Loss: 4.9752
  Batch 2460/10484, Loss: 5.0041
  Batch 2470/10484, Loss: 5.2664
  Batch 2480/10484, Loss: 4.9018
  Batch 2490/10484, Loss: 5.0167
  Batch 2500/10484, Loss: 4.7109
  Batch 2510/10484, Loss: 5.4049
  Batch 2520/10484, Loss: 5.1982
  Batch 2530/10484, Loss: 5.0345
  Batch 2540/10484, Loss: 5.0471
  Batch 2550/10484, Loss: 5.3497
  Batch 2560/10484, Loss: 4.8550
  Batch 2570/10484, Loss: 5.5269
  Batch 2580/10484, Loss: 5.4040
  Batch 2590/10484, Loss: 4.7974
  Batch 2600/10484, Loss: 4.8669
  Batch 2610/10484, Loss: 5.0481
  Batch 2620/10484, Loss: 4.7304
  Batch 2630/10484, Loss: 4.8368
  Batch 2640/10484, Loss: 5.3078
  Batch 2650/10484, Loss: 5.4135
  Batch 2660/10484, Loss: 5.4717
  Batch 2670/10484, Loss: 5.3517
  Batch 2680/10484, Loss: 5.2208
  Batch 2690/10484, Loss: 4.9611
  Batch 2700/10484, Loss: 5.8021
  Batch 2710/10484, Loss: 4.8802
  Batch 2720/10484, Loss: 5.2190
  Batch 2730/10484, Loss: 4.8216
  Batch 2740/10484, Loss: 5.1158
  Batch 2750/10484, Loss: 5.2641
  Batch 2760/10484, Loss: 4.9020
  Batch 2770/10484, Loss: 5.2302
  Batch 2780/10484, Loss: 5.1671
  Batch 2790/10484, Loss: 5.3857
  Batch 2800/10484, Loss: 4.6472
  Batch 2810/10484, Loss: 5.5721
  Batch 2820/10484, Loss: 4.9748
  Batch 2830/10484, Loss: 4.8556
  Batch 2840/10484, Loss: 5.6476
  Batch 2850/10484, Loss: 4.9978
  Batch 2860/10484, Loss: 4.8726
  Batch 2870/10484, Loss: 5.1617
  Batch 2880/10484, Loss: 4.9320
  Batch 2890/10484, Loss: 5.3999
  Batch 2900/10484, Loss: 4.7365
  Batch 2910/10484, Loss: 4.9324
  Batch 2920/10484, Loss: 4.7117
  Batch 2930/10484, Loss: 5.8141
  Batch 2940/10484, Loss: 5.2282
  Batch 2950/10484, Loss: 5.8542
  Batch 2960/10484, Loss: 5.0468
  Batch 2970/10484, Loss: 5.1814
  Batch 2980/10484, Loss: 4.8255
  Batch 2990/10484, Loss: 5.2777
  Batch 3000/10484, Loss: 5.0409
  Batch 3010/10484, Loss: 5.3735
  Batch 3020/10484, Loss: 4.8712
  Batch 3030/10484, Loss: 5.5870
  Batch 3040/10484, Loss: 4.8594
  Batch 3050/10484, Loss: 5.3476
  Batch 3060/10484, Loss: 5.2683
  Batch 3070/10484, Loss: 5.5441
  Batch 3080/10484, Loss: 5.1175
  Batch 3090/10484, Loss: 5.4568
  Batch 3100/10484, Loss: 4.9744
  Batch 3110/10484, Loss: 5.0036
  Batch 3120/10484, Loss: 4.8525
  Batch 3130/10484, Loss: 5.1781
  Batch 3140/10484, Loss: 5.2773
  Batch 3150/10484, Loss: 4.9861
  Batch 3160/10484, Loss: 4.8977
  Batch 3170/10484, Loss: 5.7241
  Batch 3180/10484, Loss: 5.5882
  Batch 3190/10484, Loss: 5.5936
  Batch 3200/10484, Loss: 5.0247
  Batch 3210/10484, Loss: 5.0315
  Batch 3220/10484, Loss: 5.0492
  Batch 3230/10484, Loss: 5.7484
  Batch 3240/10484, Loss: 5.0566
  Batch 3250/10484, Loss: 5.0494
  Batch 3260/10484, Loss: 4.8129
  Batch 3270/10484, Loss: 5.2265
  Batch 3280/10484, Loss: 4.9679
  Batch 3290/10484, Loss: 5.0623
  Batch 3300/10484, Loss: 5.1290
  Batch 3310/10484, Loss: 4.7570
  Batch 3320/10484, Loss: 5.4422
  Batch 3330/10484, Loss: 5.4820
  Batch 3340/10484, Loss: 5.3221
  Batch 3350/10484, Loss: 5.1826
  Batch 3360/10484, Loss: 4.6541
  Batch 3370/10484, Loss: 5.1265
  Batch 3380/10484, Loss: 5.1939
  Batch 3390/10484, Loss: 5.6346
  Batch 3400/10484, Loss: 5.0488
  Batch 3410/10484, Loss: 5.4173
  Batch 3420/10484, Loss: 5.6475
  Batch 3430/10484, Loss: 4.9825
  Batch 3440/10484, Loss: 5.1269
  Batch 3450/10484, Loss: 4.9637
  Batch 3460/10484, Loss: 5.5049
  Batch 3470/10484, Loss: 5.0557
  Batch 3480/10484, Loss: 5.8007
  Batch 3490/10484, Loss: 5.3472
  Batch 3500/10484, Loss: 5.1330
  Batch 3510/10484, Loss: 5.2094
  Batch 3520/10484, Loss: 5.2643
  Batch 3530/10484, Loss: 5.3486
  Batch 3540/10484, Loss: 4.9581
  Batch 3550/10484, Loss: 5.0976
  Batch 3560/10484, Loss: 5.4731
  Batch 3570/10484, Loss: 5.5707
  Batch 3580/10484, Loss: 5.3784
  Batch 3590/10484, Loss: 5.1817
  Batch 3600/10484, Loss: 5.2562
  Batch 3610/10484, Loss: 4.8732
  Batch 3620/10484, Loss: 5.1606
  Batch 3630/10484, Loss: 4.9071
  Batch 3640/10484, Loss: 5.4441
  Batch 3650/10484, Loss: 5.3806
  Batch 3660/10484, Loss: 5.2207
  Batch 3670/10484, Loss: 5.0706
  Batch 3680/10484, Loss: 3.9341
  Batch 3690/10484, Loss: 5.4620
  Batch 3700/10484, Loss: 5.0392
  Batch 3710/10484, Loss: 5.1890
  Batch 3720/10484, Loss: 5.6606
  Batch 3730/10484, Loss: 5.5374
  Batch 3740/10484, Loss: 4.8354
  Batch 3750/10484, Loss: 4.9110
  Batch 3760/10484, Loss: 5.1239
  Batch 3770/10484, Loss: 5.1912
  Batch 3780/10484, Loss: 4.8917
  Batch 3790/10484, Loss: 5.2293
  Batch 3800/10484, Loss: 4.8384
  Batch 3810/10484, Loss: 4.7409
  Batch 3820/10484, Loss: 5.4400
  Batch 3830/10484, Loss: 4.5634
  Batch 3840/10484, Loss: 4.5746
  Batch 3850/10484, Loss: 5.1154
  Batch 3860/10484, Loss: 5.6192
  Batch 3870/10484, Loss: 4.6020
  Batch 3880/10484, Loss: 5.4879
  Batch 3890/10484, Loss: 4.7575
  Batch 3900/10484, Loss: 5.4936
  Batch 3910/10484, Loss: 5.6433
  Batch 3920/10484, Loss: 5.6443
  Batch 3930/10484, Loss: 5.0399
  Batch 3940/10484, Loss: 5.4779
  Batch 3950/10484, Loss: 5.2434
  Batch 3960/10484, Loss: 5.1860
  Batch 3970/10484, Loss: 5.1352
  Batch 3980/10484, Loss: 5.6978
  Batch 3990/10484, Loss: 5.6465
  Batch 4000/10484, Loss: 5.4547
  Batch 4010/10484, Loss: 5.3053
  Batch 4020/10484, Loss: 5.5559
  Batch 4030/10484, Loss: 4.7838
  Batch 4040/10484, Loss: 4.9993
  Batch 4050/10484, Loss: 4.5464
  Batch 4060/10484, Loss: 4.9792
  Batch 4070/10484, Loss: 5.2316
  Batch 4080/10484, Loss: 5.4437
  Batch 4090/10484, Loss: 4.7341
  Batch 4100/10484, Loss: 4.3074
  Batch 4110/10484, Loss: 5.3091
  Batch 4120/10484, Loss: 5.4447
  Batch 4130/10484, Loss: 5.0415
  Batch 4140/10484, Loss: 4.9216
  Batch 4150/10484, Loss: 4.7998
  Batch 4160/10484, Loss: 5.2853
  Batch 4170/10484, Loss: 5.2183
  Batch 4180/10484, Loss: 5.4549
  Batch 4190/10484, Loss: 5.0393
  Batch 4200/10484, Loss: 4.7018
  Batch 4210/10484, Loss: 5.4623
  Batch 4220/10484, Loss: 5.0530
  Batch 4230/10484, Loss: 5.3338
  Batch 4240/10484, Loss: 5.0558
  Batch 4250/10484, Loss: 4.9965
  Batch 4260/10484, Loss: 5.1044
  Batch 4270/10484, Loss: 4.9226
  Batch 4280/10484, Loss: 5.1572
  Batch 4290/10484, Loss: 5.5771
  Batch 4300/10484, Loss: 5.5071
  Batch 4310/10484, Loss: 5.5338
  Batch 4320/10484, Loss: 5.2629
  Batch 4330/10484, Loss: 5.2355
  Batch 4340/10484, Loss: 4.8961
  Batch 4350/10484, Loss: 5.0794
  Batch 4360/10484, Loss: 5.0321
  Batch 4370/10484, Loss: 4.8057
  Batch 4380/10484, Loss: 4.4673
  Batch 4390/10484, Loss: 5.3765
  Batch 4400/10484, Loss: 4.8667
  Batch 4410/10484, Loss: 5.3645
  Batch 4420/10484, Loss: 5.3252
  Batch 4430/10484, Loss: 5.3100
  Batch 4440/10484, Loss: 4.9930
  Batch 4450/10484, Loss: 4.7858
  Batch 4460/10484, Loss: 5.0613
  Batch 4470/10484, Loss: 4.8696
  Batch 4480/10484, Loss: 5.4511
  Batch 4490/10484, Loss: 4.9797
  Batch 4500/10484, Loss: 5.5023
  Batch 4510/10484, Loss: 5.1695
  Batch 4520/10484, Loss: 4.6807
  Batch 4530/10484, Loss: 5.2159
  Batch 4540/10484, Loss: 5.2152
  Batch 4550/10484, Loss: 6.0470
  Batch 4560/10484, Loss: 5.1977
  Batch 4570/10484, Loss: 5.3288
  Batch 4580/10484, Loss: 5.2001
  Batch 4590/10484, Loss: 5.5660
  Batch 4600/10484, Loss: 5.3603
  Batch 4610/10484, Loss: 5.6838
  Batch 4620/10484, Loss: 5.4535
  Batch 4630/10484, Loss: 5.0301
  Batch 4640/10484, Loss: 5.2050
  Batch 4650/10484, Loss: 5.5153
  Batch 4660/10484, Loss: 4.8836
  Batch 4670/10484, Loss: 5.0327
  Batch 4680/10484, Loss: 5.2822
  Batch 4690/10484, Loss: 4.9755
  Batch 4700/10484, Loss: 5.1143
  Batch 4710/10484, Loss: 4.8824
  Batch 4720/10484, Loss: 5.2422
  Batch 4730/10484, Loss: 5.1650
  Batch 4740/10484, Loss: 5.0064
  Batch 4750/10484, Loss: 4.6493
  Batch 4760/10484, Loss: 4.7466
  Batch 4770/10484, Loss: 5.4942
  Batch 4780/10484, Loss: 5.0154
  Batch 4790/10484, Loss: 4.4568
  Batch 4800/10484, Loss: 5.2670
  Batch 4810/10484, Loss: 4.7938
  Batch 4820/10484, Loss: 5.2037
  Batch 4830/10484, Loss: 5.1154
  Batch 4840/10484, Loss: 5.2689
  Batch 4850/10484, Loss: 5.3831
  Batch 4860/10484, Loss: 5.3231
  Batch 4870/10484, Loss: 5.7448
  Batch 4880/10484, Loss: 5.3606
  Batch 4890/10484, Loss: 5.2359
  Batch 4900/10484, Loss: 5.3499
  Batch 4910/10484, Loss: 5.2744
  Batch 4920/10484, Loss: 5.1784
  Batch 4930/10484, Loss: 5.4273
  Batch 4940/10484, Loss: 5.3001
  Batch 4950/10484, Loss: 5.7659
  Batch 4960/10484, Loss: 5.2054
  Batch 4970/10484, Loss: 5.2833
  Batch 4980/10484, Loss: 5.0341
  Batch 4990/10484, Loss: 5.0709
  Batch 5000/10484, Loss: 5.2129
  Batch 5010/10484, Loss: 5.0673
  Batch 5020/10484, Loss: 5.2534
  Batch 5030/10484, Loss: 4.7773
  Batch 5040/10484, Loss: 5.1626
  Batch 5050/10484, Loss: 5.3238
  Batch 5060/10484, Loss: 5.1117
  Batch 5070/10484, Loss: 5.4227
  Batch 5080/10484, Loss: 4.7397
  Batch 5090/10484, Loss: 5.2937
  Batch 5100/10484, Loss: 5.1031
  Batch 5110/10484, Loss: 5.2901
  Batch 5120/10484, Loss: 5.1027
  Batch 5130/10484, Loss: 5.2912
  Batch 5140/10484, Loss: 4.8925
  Batch 5150/10484, Loss: 4.9889
  Batch 5160/10484, Loss: 4.9630
  Batch 5170/10484, Loss: 5.5364
  Batch 5180/10484, Loss: 4.9613
  Batch 5190/10484, Loss: 5.4238
  Batch 5200/10484, Loss: 5.4873
  Batch 5210/10484, Loss: 5.0344
  Batch 5220/10484, Loss: 5.6318
  Batch 5230/10484, Loss: 4.9289
  Batch 5240/10484, Loss: 4.5609
  Batch 5250/10484, Loss: 4.9301
  Batch 5260/10484, Loss: 5.6349
  Batch 5270/10484, Loss: 5.3840
  Batch 5280/10484, Loss: 5.4246
  Batch 5290/10484, Loss: 5.2845
  Batch 5300/10484, Loss: 4.5835
  Batch 5310/10484, Loss: 4.9412
  Batch 5320/10484, Loss: 4.5610
  Batch 5330/10484, Loss: 5.4764
  Batch 5340/10484, Loss: 4.9160
  Batch 5350/10484, Loss: 4.9333
  Batch 5360/10484, Loss: 5.3696
  Batch 5370/10484, Loss: 5.3762
  Batch 5380/10484, Loss: 5.1417
  Batch 5390/10484, Loss: 4.8610
  Batch 5400/10484, Loss: 4.8172
  Batch 5410/10484, Loss: 4.9604
  Batch 5420/10484, Loss: 5.9678
  Batch 5430/10484, Loss: 5.3360
  Batch 5440/10484, Loss: 5.4975
  Batch 5450/10484, Loss: 4.5657
  Batch 5460/10484, Loss: 5.1196
  Batch 5470/10484, Loss: 4.8443
  Batch 5480/10484, Loss: 5.3542
  Batch 5490/10484, Loss: 5.2875
  Batch 5500/10484, Loss: 5.2050
  Batch 5510/10484, Loss: 5.0597
  Batch 5520/10484, Loss: 5.1313
  Batch 5530/10484, Loss: 5.0273
  Batch 5540/10484, Loss: 4.4857
  Batch 5550/10484, Loss: 5.3893
  Batch 5560/10484, Loss: 5.2543
  Batch 5570/10484, Loss: 5.3650
  Batch 5580/10484, Loss: 4.8667
  Batch 5590/10484, Loss: 4.7015
  Batch 5600/10484, Loss: 5.1495
  Batch 5610/10484, Loss: 5.5559
  Batch 5620/10484, Loss: 4.9101
  Batch 5630/10484, Loss: 5.2286
  Batch 5640/10484, Loss: 4.6557
  Batch 5650/10484, Loss: 5.6073
  Batch 5660/10484, Loss: 4.9558
  Batch 5670/10484, Loss: 5.2745
  Batch 5680/10484, Loss: 5.4306
  Batch 5690/10484, Loss: 5.5479
  Batch 5700/10484, Loss: 5.4148
  Batch 5710/10484, Loss: 5.3116
  Batch 5720/10484, Loss: 5.3326
  Batch 5730/10484, Loss: 5.2294
  Batch 5740/10484, Loss: 5.5393
  Batch 5750/10484, Loss: 5.2680
  Batch 5760/10484, Loss: 5.1067
  Batch 5770/10484, Loss: 5.3970
  Batch 5780/10484, Loss: 5.3584
  Batch 5790/10484, Loss: 5.2615
  Batch 5800/10484, Loss: 4.8597
  Batch 5810/10484, Loss: 5.1609
  Batch 5820/10484, Loss: 4.7188
  Batch 5830/10484, Loss: 5.3545
  Batch 5840/10484, Loss: 4.9751
  Batch 5850/10484, Loss: 5.4337
  Batch 5860/10484, Loss: 5.1803
  Batch 5870/10484, Loss: 4.7986
  Batch 5880/10484, Loss: 5.2455
  Batch 5890/10484, Loss: 5.3250
  Batch 5900/10484, Loss: 4.9090
  Batch 5910/10484, Loss: 5.2929
  Batch 5920/10484, Loss: 4.8972
  Batch 5930/10484, Loss: 5.5131
  Batch 5940/10484, Loss: 5.0528
  Batch 5950/10484, Loss: 5.3463
  Batch 5960/10484, Loss: 4.7800
  Batch 5970/10484, Loss: 4.4232
  Batch 5980/10484, Loss: 5.1710
  Batch 5990/10484, Loss: 5.0373
  Batch 6000/10484, Loss: 5.3681
  Batch 6010/10484, Loss: 5.1106
  Batch 6020/10484, Loss: 4.8605
  Batch 6030/10484, Loss: 5.4659
  Batch 6040/10484, Loss: 4.1349
  Batch 6050/10484, Loss: 5.5569
  Batch 6060/10484, Loss: 4.8973
  Batch 6070/10484, Loss: 5.7315
  Batch 6080/10484, Loss: 5.2331
  Batch 6090/10484, Loss: 4.8623
  Batch 6100/10484, Loss: 5.4097
  Batch 6110/10484, Loss: 5.6505
  Batch 6120/10484, Loss: 5.4282
  Batch 6130/10484, Loss: 5.5833
  Batch 6140/10484, Loss: 5.4333
  Batch 6150/10484, Loss: 4.9258
  Batch 6160/10484, Loss: 5.3071
  Batch 6170/10484, Loss: 4.8126
  Batch 6180/10484, Loss: 5.9370
  Batch 6190/10484, Loss: 4.9762
  Batch 6200/10484, Loss: 5.4542
  Batch 6210/10484, Loss: 4.9126
  Batch 6220/10484, Loss: 5.3417
  Batch 6230/10484, Loss: 4.9531
  Batch 6240/10484, Loss: 5.6361
  Batch 6250/10484, Loss: 5.2384
  Batch 6260/10484, Loss: 4.8130
  Batch 6270/10484, Loss: 4.8409
  Batch 6280/10484, Loss: 5.5751
  Batch 6290/10484, Loss: 5.2291
  Batch 6300/10484, Loss: 5.3567
  Batch 6310/10484, Loss: 5.0736
  Batch 6320/10484, Loss: 4.4992
  Batch 6330/10484, Loss: 5.3299
  Batch 6340/10484, Loss: 4.9169
  Batch 6350/10484, Loss: 5.2027
  Batch 6360/10484, Loss: 4.6966
  Batch 6370/10484, Loss: 5.1389
  Batch 6380/10484, Loss: 5.0217
  Batch 6390/10484, Loss: 5.0572
  Batch 6400/10484, Loss: 5.7789
  Batch 6410/10484, Loss: 4.7479
  Batch 6420/10484, Loss: 5.4295
  Batch 6430/10484, Loss: 5.1156
  Batch 6440/10484, Loss: 5.4312
  Batch 6450/10484, Loss: 5.2609
  Batch 6460/10484, Loss: 5.3220
  Batch 6470/10484, Loss: 5.4081
  Batch 6480/10484, Loss: 4.7594
  Batch 6490/10484, Loss: 4.9280
  Batch 6500/10484, Loss: 5.4157
  Batch 6510/10484, Loss: 5.7885
  Batch 6520/10484, Loss: 5.3901
  Batch 6530/10484, Loss: 5.1552
  Batch 6540/10484, Loss: 5.6121
  Batch 6550/10484, Loss: 5.2881
  Batch 6560/10484, Loss: 4.9423
  Batch 6570/10484, Loss: 4.9755
  Batch 6580/10484, Loss: 5.3347
  Batch 6590/10484, Loss: 5.7139
  Batch 6600/10484, Loss: 5.5094
  Batch 6610/10484, Loss: 4.7076
  Batch 6620/10484, Loss: 5.3565
  Batch 6630/10484, Loss: 4.8686
  Batch 6640/10484, Loss: 4.7160
  Batch 6650/10484, Loss: 5.1239
  Batch 6660/10484, Loss: 5.2198
  Batch 6670/10484, Loss: 5.7260
  Batch 6680/10484, Loss: 5.1424
  Batch 6690/10484, Loss: 4.9924
  Batch 6700/10484, Loss: 5.4584
  Batch 6710/10484, Loss: 4.4973
  Batch 6720/10484, Loss: 4.9458
  Batch 6730/10484, Loss: 5.1191
  Batch 6740/10484, Loss: 4.8623
  Batch 6750/10484, Loss: 4.7653
  Batch 6760/10484, Loss: 5.1517
  Batch 6770/10484, Loss: 5.4348
  Batch 6780/10484, Loss: 5.2555
  Batch 6790/10484, Loss: 5.2445
  Batch 6800/10484, Loss: 5.0124
  Batch 6810/10484, Loss: 4.8882
  Batch 6820/10484, Loss: 5.1224
  Batch 6830/10484, Loss: 5.1325
  Batch 6840/10484, Loss: 5.1711
  Batch 6850/10484, Loss: 5.5782
  Batch 6860/10484, Loss: 5.1309
  Batch 6870/10484, Loss: 5.2439
  Batch 6880/10484, Loss: 5.0390
  Batch 6890/10484, Loss: 5.4132
  Batch 6900/10484, Loss: 4.7646
  Batch 6910/10484, Loss: 5.4435
  Batch 6920/10484, Loss: 4.8073
  Batch 6930/10484, Loss: 5.2429
  Batch 6940/10484, Loss: 5.1156
  Batch 6950/10484, Loss: 5.0720
  Batch 6960/10484, Loss: 5.2139
  Batch 6970/10484, Loss: 4.8703
  Batch 6980/10484, Loss: 5.0251
  Batch 6990/10484, Loss: 5.2528
  Batch 7000/10484, Loss: 4.8809
  Batch 7010/10484, Loss: 5.0590
  Batch 7020/10484, Loss: 5.6558
  Batch 7030/10484, Loss: 5.2552
  Batch 7040/10484, Loss: 5.3842
  Batch 7050/10484, Loss: 4.5704
  Batch 7060/10484, Loss: 5.2606
  Batch 7070/10484, Loss: 5.2371
  Batch 7080/10484, Loss: 5.2427
  Batch 7090/10484, Loss: 4.8723
  Batch 7100/10484, Loss: 4.8242
  Batch 7110/10484, Loss: 5.2931
  Batch 7120/10484, Loss: 5.2925
  Batch 7130/10484, Loss: 5.0435
  Batch 7140/10484, Loss: 5.0747
  Batch 7150/10484, Loss: 4.7415
  Batch 7160/10484, Loss: 4.9562
  Batch 7170/10484, Loss: 5.3831
  Batch 7180/10484, Loss: 5.4734
  Batch 7190/10484, Loss: 5.1362
  Batch 7200/10484, Loss: 5.5031
  Batch 7210/10484, Loss: 4.9512
  Batch 7220/10484, Loss: 4.3644
  Batch 7230/10484, Loss: 4.9622
  Batch 7240/10484, Loss: 5.0958
  Batch 7250/10484, Loss: 4.7972
  Batch 7260/10484, Loss: 4.8255
  Batch 7270/10484, Loss: 4.6085
  Batch 7280/10484, Loss: 5.5806
  Batch 7290/10484, Loss: 5.1376
  Batch 7300/10484, Loss: 4.9501
  Batch 7310/10484, Loss: 5.3185
  Batch 7320/10484, Loss: 5.1222
  Batch 7330/10484, Loss: 4.9484
  Batch 7340/10484, Loss: 5.3269
  Batch 7350/10484, Loss: 5.1362
  Batch 7360/10484, Loss: 4.9959
  Batch 7370/10484, Loss: 4.7126
  Batch 7380/10484, Loss: 5.0879
  Batch 7390/10484, Loss: 4.8648
  Batch 7400/10484, Loss: 5.4855
  Batch 7410/10484, Loss: 5.3242
  Batch 7420/10484, Loss: 5.0337
  Batch 7430/10484, Loss: 4.7902
  Batch 7440/10484, Loss: 5.2242
  Batch 7450/10484, Loss: 4.7372
  Batch 7460/10484, Loss: 4.7890
  Batch 7470/10484, Loss: 4.9141
  Batch 7480/10484, Loss: 5.1423
  Batch 7490/10484, Loss: 5.6284
  Batch 7500/10484, Loss: 4.8210
  Batch 7510/10484, Loss: 5.2215
  Batch 7520/10484, Loss: 5.4394
  Batch 7530/10484, Loss: 5.1723
  Batch 7540/10484, Loss: 4.9806
  Batch 7550/10484, Loss: 5.0274
  Batch 7560/10484, Loss: 4.1093
  Batch 7570/10484, Loss: 5.1973
  Batch 7580/10484, Loss: 5.3741
  Batch 7590/10484, Loss: 4.9691
  Batch 7600/10484, Loss: 4.9837
  Batch 7610/10484, Loss: 5.3498
  Batch 7620/10484, Loss: 5.7944
  Batch 7630/10484, Loss: 4.8612
  Batch 7640/10484, Loss: 4.6688
  Batch 7650/10484, Loss: 5.0336
  Batch 7660/10484, Loss: 5.5569
  Batch 7670/10484, Loss: 5.0692
  Batch 7680/10484, Loss: 5.0761
  Batch 7690/10484, Loss: 4.9779
  Batch 7700/10484, Loss: 4.8194
  Batch 7710/10484, Loss: 5.2398
  Batch 7720/10484, Loss: 5.2131
  Batch 7730/10484, Loss: 5.3101
  Batch 7740/10484, Loss: 4.9025
  Batch 7750/10484, Loss: 4.9437
  Batch 7760/10484, Loss: 5.2223
  Batch 7770/10484, Loss: 4.7245
  Batch 7780/10484, Loss: 5.8028
  Batch 7790/10484, Loss: 5.6145
  Batch 7800/10484, Loss: 4.4657
  Batch 7810/10484, Loss: 4.9309
  Batch 7820/10484, Loss: 5.3184
  Batch 7830/10484, Loss: 5.2955
  Batch 7840/10484, Loss: 5.0742
  Batch 7850/10484, Loss: 5.5158
  Batch 7860/10484, Loss: 5.3178
  Batch 7870/10484, Loss: 5.6955
  Batch 7880/10484, Loss: 5.2362
  Batch 7890/10484, Loss: 5.3168
  Batch 7900/10484, Loss: 4.7065
  Batch 7910/10484, Loss: 5.1530
  Batch 7920/10484, Loss: 5.1495
  Batch 7930/10484, Loss: 5.7193
  Batch 7940/10484, Loss: 5.2701
  Batch 7950/10484, Loss: 5.0093
  Batch 7960/10484, Loss: 5.4603
  Batch 7970/10484, Loss: 5.8587
  Batch 7980/10484, Loss: 5.2958
  Batch 7990/10484, Loss: 4.9351
  Batch 8000/10484, Loss: 5.6788
  Batch 8010/10484, Loss: 4.5139
  Batch 8020/10484, Loss: 5.0130
  Batch 8030/10484, Loss: 5.3900
  Batch 8040/10484, Loss: 4.7966
  Batch 8050/10484, Loss: 4.7125
  Batch 8060/10484, Loss: 5.0817
  Batch 8070/10484, Loss: 5.5673
  Batch 8080/10484, Loss: 5.0887
  Batch 8090/10484, Loss: 5.6279
  Batch 8100/10484, Loss: 4.9542
  Batch 8110/10484, Loss: 5.0188
  Batch 8120/10484, Loss: 5.4125
  Batch 8130/10484, Loss: 5.2794
  Batch 8140/10484, Loss: 5.1348
  Batch 8150/10484, Loss: 4.7480
  Batch 8160/10484, Loss: 5.6960
  Batch 8170/10484, Loss: 4.5984
  Batch 8180/10484, Loss: 5.1865
  Batch 8190/10484, Loss: 4.8963
  Batch 8200/10484, Loss: 4.9365
  Batch 8210/10484, Loss: 4.6814
  Batch 8220/10484, Loss: 5.3595
  Batch 8230/10484, Loss: 5.3164
  Batch 8240/10484, Loss: 4.7065
  Batch 8250/10484, Loss: 5.2788
  Batch 8260/10484, Loss: 5.3492
  Batch 8270/10484, Loss: 5.4703
  Batch 8280/10484, Loss: 5.2799
  Batch 8290/10484, Loss: 4.9269
  Batch 8300/10484, Loss: 5.0177
  Batch 8310/10484, Loss: 5.4682
  Batch 8320/10484, Loss: 4.6172
  Batch 8330/10484, Loss: 5.0248
  Batch 8340/10484, Loss: 5.5711
  Batch 8350/10484, Loss: 4.9988
  Batch 8360/10484, Loss: 4.9511
  Batch 8370/10484, Loss: 4.7440
  Batch 8380/10484, Loss: 5.3134
  Batch 8390/10484, Loss: 5.1377
  Batch 8400/10484, Loss: 4.9865
  Batch 8410/10484, Loss: 5.1572
  Batch 8420/10484, Loss: 5.1721
  Batch 8430/10484, Loss: 5.1535
  Batch 8440/10484, Loss: 5.1549
  Batch 8450/10484, Loss: 4.9024
  Batch 8460/10484, Loss: 5.2638
  Batch 8470/10484, Loss: 5.5987
  Batch 8480/10484, Loss: 4.7109
  Batch 8490/10484, Loss: 5.3409
  Batch 8500/10484, Loss: 4.6043
  Batch 8510/10484, Loss: 5.1376
  Batch 8520/10484, Loss: 4.7393
  Batch 8530/10484, Loss: 5.2064
  Batch 8540/10484, Loss: 5.2738
  Batch 8550/10484, Loss: 5.1846
  Batch 8560/10484, Loss: 4.9626
  Batch 8570/10484, Loss: 5.2013
  Batch 8580/10484, Loss: 5.1411
  Batch 8590/10484, Loss: 5.1280
  Batch 8600/10484, Loss: 4.7839
  Batch 8610/10484, Loss: 5.3003
  Batch 8620/10484, Loss: 4.5989
  Batch 8630/10484, Loss: 5.2514
  Batch 8640/10484, Loss: 4.9208
  Batch 8650/10484, Loss: 4.8310
  Batch 8660/10484, Loss: 5.5465
  Batch 8670/10484, Loss: 5.4001
  Batch 8680/10484, Loss: 4.8218
  Batch 8690/10484, Loss: 4.5611
  Batch 8700/10484, Loss: 5.1992
  Batch 8710/10484, Loss: 4.3385
  Batch 8720/10484, Loss: 5.1310
  Batch 8730/10484, Loss: 4.5909
  Batch 8740/10484, Loss: 5.2050
  Batch 8750/10484, Loss: 5.1217
  Batch 8760/10484, Loss: 5.1048
  Batch 8770/10484, Loss: 5.4543
  Batch 8780/10484, Loss: 4.8706
  Batch 8790/10484, Loss: 5.1679
  Batch 8800/10484, Loss: 5.0598
  Batch 8810/10484, Loss: 5.7771
  Batch 8820/10484, Loss: 4.7163
  Batch 8830/10484, Loss: 5.6074
  Batch 8840/10484, Loss: 5.6507
  Batch 8850/10484, Loss: 4.3279
  Batch 8860/10484, Loss: 4.9933
  Batch 8870/10484, Loss: 4.5835
  Batch 8880/10484, Loss: 4.5991
  Batch 8890/10484, Loss: 5.0791
  Batch 8900/10484, Loss: 5.3367
  Batch 8910/10484, Loss: 5.2475
  Batch 8920/10484, Loss: 5.4893
  Batch 8930/10484, Loss: 4.5870
  Batch 8940/10484, Loss: 4.9690
  Batch 8950/10484, Loss: 4.7969
  Batch 8960/10484, Loss: 5.0141
  Batch 8970/10484, Loss: 4.6892
  Batch 8980/10484, Loss: 4.9233
  Batch 8990/10484, Loss: 5.0288
  Batch 9000/10484, Loss: 5.1991
  Batch 9010/10484, Loss: 5.2343
  Batch 9020/10484, Loss: 5.2843
  Batch 9030/10484, Loss: 5.2915
  Batch 9040/10484, Loss: 3.9905
  Batch 9050/10484, Loss: 4.4902
  Batch 9060/10484, Loss: 5.1950
  Batch 9070/10484, Loss: 4.6669
  Batch 9080/10484, Loss: 5.3244
  Batch 9090/10484, Loss: 5.0321
  Batch 9100/10484, Loss: 4.7300
  Batch 9110/10484, Loss: 5.4755
  Batch 9120/10484, Loss: 5.4194
  Batch 9130/10484, Loss: 4.9581
  Batch 9140/10484, Loss: 5.1116
  Batch 9150/10484, Loss: 5.0592
  Batch 9160/10484, Loss: 4.9618
  Batch 9170/10484, Loss: 4.8615
  Batch 9180/10484, Loss: 4.7398
  Batch 9190/10484, Loss: 5.4855
  Batch 9200/10484, Loss: 5.0791
  Batch 9210/10484, Loss: 4.8761
  Batch 9220/10484, Loss: 5.2006
  Batch 9230/10484, Loss: 5.3083
  Batch 9240/10484, Loss: 5.0100
  Batch 9250/10484, Loss: 4.7222
  Batch 9260/10484, Loss: 5.5318
  Batch 9270/10484, Loss: 4.9324
  Batch 9280/10484, Loss: 4.5564
  Batch 9290/10484, Loss: 5.2488
  Batch 9300/10484, Loss: 5.3799
  Batch 9310/10484, Loss: 5.1148
  Batch 9320/10484, Loss: 5.3680
  Batch 9330/10484, Loss: 4.6618
  Batch 9340/10484, Loss: 4.7872
  Batch 9350/10484, Loss: 4.6930
  Batch 9360/10484, Loss: 5.2652
  Batch 9370/10484, Loss: 4.9122
  Batch 9380/10484, Loss: 5.3560
  Batch 9390/10484, Loss: 5.5854
  Batch 9400/10484, Loss: 5.0397
  Batch 9410/10484, Loss: 5.3178
  Batch 9420/10484, Loss: 5.1658
  Batch 9430/10484, Loss: 5.1304
  Batch 9440/10484, Loss: 4.8118
  Batch 9450/10484, Loss: 5.0354
  Batch 9460/10484, Loss: 5.2340
  Batch 9470/10484, Loss: 5.3634
  Batch 9480/10484, Loss: 4.7722
  Batch 9490/10484, Loss: 5.2368
  Batch 9500/10484, Loss: 5.3280
  Batch 9510/10484, Loss: 5.0040
  Batch 9520/10484, Loss: 4.9237
  Batch 9530/10484, Loss: 4.7124
  Batch 9540/10484, Loss: 5.3599
  Batch 9550/10484, Loss: 5.1955
  Batch 9560/10484, Loss: 5.1108
  Batch 9570/10484, Loss: 5.4301
  Batch 9580/10484, Loss: 5.0285
  Batch 9590/10484, Loss: 5.1009
  Batch 9600/10484, Loss: 5.3692
  Batch 9610/10484, Loss: 4.7979
  Batch 9620/10484, Loss: 5.5740
  Batch 9630/10484, Loss: 4.7148
  Batch 9640/10484, Loss: 5.2319
  Batch 9650/10484, Loss: 5.3754
  Batch 9660/10484, Loss: 5.0502
  Batch 9670/10484, Loss: 5.0135
  Batch 9680/10484, Loss: 4.9466
  Batch 9690/10484, Loss: 4.9046
  Batch 9700/10484, Loss: 5.3366
  Batch 9710/10484, Loss: 4.7965
  Batch 9720/10484, Loss: 4.9499
  Batch 9730/10484, Loss: 4.1221
  Batch 9740/10484, Loss: 5.1887
  Batch 9750/10484, Loss: 5.2529
  Batch 9760/10484, Loss: 5.2079
  Batch 9770/10484, Loss: 5.3081
  Batch 9780/10484, Loss: 4.8965
  Batch 9790/10484, Loss: 5.1618
  Batch 9800/10484, Loss: 5.3851
  Batch 9810/10484, Loss: 4.8914
  Batch 9820/10484, Loss: 5.2272
  Batch 9830/10484, Loss: 4.5886
  Batch 9840/10484, Loss: 5.1101
  Batch 9850/10484, Loss: 4.5649
  Batch 9860/10484, Loss: 4.9040
  Batch 9870/10484, Loss: 4.5704
  Batch 9880/10484, Loss: 5.3553
  Batch 9890/10484, Loss: 5.0879
  Batch 9900/10484, Loss: 4.8555
  Batch 9910/10484, Loss: 5.1628
  Batch 9920/10484, Loss: 5.0170
  Batch 9930/10484, Loss: 5.0555
  Batch 9940/10484, Loss: 5.0524
  Batch 9950/10484, Loss: 4.8826
  Batch 9960/10484, Loss: 4.7523
  Batch 9970/10484, Loss: 5.3243
  Batch 9980/10484, Loss: 4.8815
  Batch 9990/10484, Loss: 5.0612
  Batch 10000/10484, Loss: 5.3379
  Batch 10010/10484, Loss: 4.8292
  Batch 10020/10484, Loss: 5.5900
  Batch 10030/10484, Loss: 4.4482
  Batch 10040/10484, Loss: 5.0234
  Batch 10050/10484, Loss: 5.0164
  Batch 10060/10484, Loss: 4.9130
  Batch 10070/10484, Loss: 5.1460
  Batch 10080/10484, Loss: 5.4332
  Batch 10090/10484, Loss: 4.6240
  Batch 10100/10484, Loss: 4.8366
  Batch 10110/10484, Loss: 4.4511
  Batch 10120/10484, Loss: 5.4391
  Batch 10130/10484, Loss: 4.8728
  Batch 10140/10484, Loss: 4.8830
  Batch 10150/10484, Loss: 4.6270
  Batch 10160/10484, Loss: 4.3050
  Batch 10170/10484, Loss: 5.1037
  Batch 10180/10484, Loss: 4.9649
  Batch 10190/10484, Loss: 5.4142
  Batch 10200/10484, Loss: 4.4553
  Batch 10210/10484, Loss: 5.1393
  Batch 10220/10484, Loss: 5.2690
  Batch 10230/10484, Loss: 4.4321
  Batch 10240/10484, Loss: 5.4883
  Batch 10250/10484, Loss: 5.1409
  Batch 10260/10484, Loss: 5.0075
  Batch 10270/10484, Loss: 5.1445
  Batch 10280/10484, Loss: 4.9357
  Batch 10290/10484, Loss: 5.3494
  Batch 10300/10484, Loss: 4.7124
  Batch 10310/10484, Loss: 4.9483
  Batch 10320/10484, Loss: 5.0865
  Batch 10330/10484, Loss: 4.7695
  Batch 10340/10484, Loss: 5.1889
  Batch 10350/10484, Loss: 5.1158
  Batch 10360/10484, Loss: 4.8749
  Batch 10370/10484, Loss: 4.7275
  Batch 10380/10484, Loss: 4.7641
  Batch 10390/10484, Loss: 5.0730
  Batch 10400/10484, Loss: 5.0557
  Batch 10410/10484, Loss: 5.0112
  Batch 10420/10484, Loss: 4.9937
  Batch 10430/10484, Loss: 4.8882
  Batch 10440/10484, Loss: 5.1623
  Batch 10450/10484, Loss: 4.6726
  Batch 10460/10484, Loss: 4.9079
  Batch 10470/10484, Loss: 4.9242
  Batch 10480/10484, Loss: 5.5023

  Train Loss: 5.1393
  Val Loss: 6.6505
  Time: 31m 52s
  ✓ Saved checkpoint to /scratch/aitordiez/News2Stock/simple_seq2seq/checkpoints/checkpoint_epoch_2.pt
  ✓ New best model saved! (val_loss: 6.6505)

Epoch 3/20
----------------------------------------
  Batch 10/10484, Loss: 4.8022
  Batch 20/10484, Loss: 5.0817
  Batch 30/10484, Loss: 5.0169
  Batch 40/10484, Loss: 5.4216
  Batch 50/10484, Loss: 4.2099
  Batch 60/10484, Loss: 5.2161
  Batch 70/10484, Loss: 4.7600
  Batch 80/10484, Loss: 5.2948
  Batch 90/10484, Loss: 5.0732
  Batch 100/10484, Loss: 5.0042
  Batch 110/10484, Loss: 5.0530
  Batch 120/10484, Loss: 4.7705
  Batch 130/10484, Loss: 4.9409
  Batch 140/10484, Loss: 4.8647
  Batch 150/10484, Loss: 5.4377
  Batch 160/10484, Loss: 5.2641
  Batch 170/10484, Loss: 5.2493
  Batch 180/10484, Loss: 4.9615
  Batch 190/10484, Loss: 4.5372
  Batch 200/10484, Loss: 4.7608
  Batch 210/10484, Loss: 4.5125
  Batch 220/10484, Loss: 4.7141
  Batch 230/10484, Loss: 4.8975
  Batch 240/10484, Loss: 4.5216
  Batch 250/10484, Loss: 5.4440
  Batch 260/10484, Loss: 5.6234
  Batch 270/10484, Loss: 5.0477
  Batch 280/10484, Loss: 5.3588
  Batch 290/10484, Loss: 4.9348
  Batch 300/10484, Loss: 4.6676
  Batch 310/10484, Loss: 5.0564
  Batch 320/10484, Loss: 4.7237
  Batch 330/10484, Loss: 4.9927
  Batch 340/10484, Loss: 5.2888
  Batch 350/10484, Loss: 4.7017
  Batch 360/10484, Loss: 5.2046
  Batch 370/10484, Loss: 4.5116
  Batch 380/10484, Loss: 4.7929
  Batch 390/10484, Loss: 5.4937
  Batch 400/10484, Loss: 4.5886
  Batch 410/10484, Loss: 4.7583
  Batch 420/10484, Loss: 4.9125
  Batch 430/10484, Loss: 5.0362
  Batch 440/10484, Loss: 4.6197
  Batch 450/10484, Loss: 5.4013
  Batch 460/10484, Loss: 4.2650
  Batch 470/10484, Loss: 5.4953
  Batch 480/10484, Loss: 4.6312
  Batch 490/10484, Loss: 4.7513
  Batch 500/10484, Loss: 4.8364
  Batch 510/10484, Loss: 4.8805
  Batch 520/10484, Loss: 5.1788
  Batch 530/10484, Loss: 4.7620
  Batch 540/10484, Loss: 4.9455
  Batch 550/10484, Loss: 5.0143
  Batch 560/10484, Loss: 4.7108
  Batch 570/10484, Loss: 5.4408
  Batch 580/10484, Loss: 4.6298
  Batch 590/10484, Loss: 4.9055
  Batch 600/10484, Loss: 5.1779
  Batch 610/10484, Loss: 4.4802
  Batch 620/10484, Loss: 5.6286
  Batch 630/10484, Loss: 4.9457
  Batch 640/10484, Loss: 5.3747
  Batch 650/10484, Loss: 5.2328
  Batch 660/10484, Loss: 4.6521
  Batch 670/10484, Loss: 5.0140
  Batch 680/10484, Loss: 5.4701
  Batch 690/10484, Loss: 5.3642
  Batch 700/10484, Loss: 4.9609
  Batch 710/10484, Loss: 5.3165
  Batch 720/10484, Loss: 5.3956
  Batch 730/10484, Loss: 5.2198
  Batch 740/10484, Loss: 4.6608
  Batch 750/10484, Loss: 4.9856
  Batch 760/10484, Loss: 5.1835
  Batch 770/10484, Loss: 5.2532
  Batch 780/10484, Loss: 5.2322
  Batch 790/10484, Loss: 4.7898
  Batch 800/10484, Loss: 4.6023
  Batch 810/10484, Loss: 4.4513
  Batch 820/10484, Loss: 4.9993
  Batch 830/10484, Loss: 4.5566
  Batch 840/10484, Loss: 4.3447
  Batch 850/10484, Loss: 5.0259
  Batch 860/10484, Loss: 5.0223
  Batch 870/10484, Loss: 4.7114
  Batch 880/10484, Loss: 4.7944
  Batch 890/10484, Loss: 5.5251
  Batch 900/10484, Loss: 4.7828
  Batch 910/10484, Loss: 5.0201
  Batch 920/10484, Loss: 5.2106
  Batch 930/10484, Loss: 4.9289
  Batch 940/10484, Loss: 4.7013
  Batch 950/10484, Loss: 4.5087
  Batch 960/10484, Loss: 5.4268
  Batch 970/10484, Loss: 4.6570
  Batch 980/10484, Loss: 5.0445
  Batch 990/10484, Loss: 4.9874
  Batch 1000/10484, Loss: 4.7275
  Batch 1010/10484, Loss: 5.0625
  Batch 1020/10484, Loss: 4.9469
  Batch 1030/10484, Loss: 4.3487
  Batch 1040/10484, Loss: 5.1246
  Batch 1050/10484, Loss: 4.9682
  Batch 1060/10484, Loss: 4.7112
  Batch 1070/10484, Loss: 4.6885
  Batch 1080/10484, Loss: 4.8564
  Batch 1090/10484, Loss: 4.9552
  Batch 1100/10484, Loss: 5.1139
  Batch 1110/10484, Loss: 5.1853
  Batch 1120/10484, Loss: 4.7839
  Batch 1130/10484, Loss: 4.9170
  Batch 1140/10484, Loss: 4.2121
  Batch 1150/10484, Loss: 5.1150
  Batch 1160/10484, Loss: 5.0938
  Batch 1170/10484, Loss: 4.9749
  Batch 1180/10484, Loss: 5.1928
  Batch 1190/10484, Loss: 5.5098
  Batch 1200/10484, Loss: 4.9652
  Batch 1210/10484, Loss: 5.1090
  Batch 1220/10484, Loss: 4.7414
  Batch 1230/10484, Loss: 5.0843
  Batch 1240/10484, Loss: 5.0835
  Batch 1250/10484, Loss: 4.4015
  Batch 1260/10484, Loss: 5.2562
  Batch 1270/10484, Loss: 5.3598
  Batch 1280/10484, Loss: 4.7980
  Batch 1290/10484, Loss: 4.8798
  Batch 1300/10484, Loss: 4.8837
  Batch 1310/10484, Loss: 5.2208
  Batch 1320/10484, Loss: 4.6719
  Batch 1330/10484, Loss: 5.0954
  Batch 1340/10484, Loss: 4.6538
  Batch 1350/10484, Loss: 5.3202
  Batch 1360/10484, Loss: 4.8718
  Batch 1370/10484, Loss: 5.2022
  Batch 1380/10484, Loss: 4.9032
  Batch 1390/10484, Loss: 4.9303
  Batch 1400/10484, Loss: 4.8139
  Batch 1410/10484, Loss: 4.5714
  Batch 1420/10484, Loss: 5.0450
  Batch 1430/10484, Loss: 4.7182
  Batch 1440/10484, Loss: 4.8540
  Batch 1450/10484, Loss: 5.2307
  Batch 1460/10484, Loss: 4.8730
  Batch 1470/10484, Loss: 5.4443
  Batch 1480/10484, Loss: 3.9884
  Batch 1490/10484, Loss: 5.5077
  Batch 1500/10484, Loss: 5.2504
  Batch 1510/10484, Loss: 5.1722
  Batch 1520/10484, Loss: 4.8090
  Batch 1530/10484, Loss: 5.2773
  Batch 1540/10484, Loss: 5.0496
  Batch 1550/10484, Loss: 5.4986
  Batch 1560/10484, Loss: 4.8358
  Batch 1570/10484, Loss: 4.5149
  Batch 1580/10484, Loss: 5.1492
  Batch 1590/10484, Loss: 4.5199
  Batch 1600/10484, Loss: 4.5108
  Batch 1610/10484, Loss: 5.2608
  Batch 1620/10484, Loss: 4.5174
  Batch 1630/10484, Loss: 5.1309
  Batch 1640/10484, Loss: 4.9363
  Batch 1650/10484, Loss: 4.9720
  Batch 1660/10484, Loss: 4.6568
  Batch 1670/10484, Loss: 5.5743
  Batch 1680/10484, Loss: 5.3845
  Batch 1690/10484, Loss: 5.0224
  Batch 1700/10484, Loss: 5.0261
  Batch 1710/10484, Loss: 4.3180
  Batch 1720/10484, Loss: 5.0716
  Batch 1730/10484, Loss: 5.1200
  Batch 1740/10484, Loss: 5.2936
  Batch 1750/10484, Loss: 4.8237
  Batch 1760/10484, Loss: 4.5604
  Batch 1770/10484, Loss: 5.1927
  Batch 1780/10484, Loss: 4.4905
  Batch 1790/10484, Loss: 4.6563
  Batch 1800/10484, Loss: 4.1052
  Batch 1810/10484, Loss: 4.8507
  Batch 1820/10484, Loss: 5.1752
  Batch 1830/10484, Loss: 4.8643
  Batch 1840/10484, Loss: 5.1353
  Batch 1850/10484, Loss: 4.5900
  Batch 1860/10484, Loss: 4.9401
  Batch 1870/10484, Loss: 4.3687
  Batch 1880/10484, Loss: 4.7767
  Batch 1890/10484, Loss: 5.1759
  Batch 1900/10484, Loss: 4.5758
  Batch 1910/10484, Loss: 5.0345
  Batch 1920/10484, Loss: 4.7287
  Batch 1930/10484, Loss: 5.1014
  Batch 1940/10484, Loss: 4.5180
  Batch 1950/10484, Loss: 5.3373
  Batch 1960/10484, Loss: 4.6845
  Batch 1970/10484, Loss: 5.1934
  Batch 1980/10484, Loss: 4.8621
  Batch 1990/10484, Loss: 5.0203
  Batch 2000/10484, Loss: 4.7131
  Batch 2010/10484, Loss: 4.6742
  Batch 2020/10484, Loss: 5.2439
  Batch 2030/10484, Loss: 5.0857
  Batch 2040/10484, Loss: 5.2243
  Batch 2050/10484, Loss: 5.0406
  Batch 2060/10484, Loss: 4.7052
  Batch 2070/10484, Loss: 5.2174
  Batch 2080/10484, Loss: 4.7446
  Batch 2090/10484, Loss: 5.1281
  Batch 2100/10484, Loss: 5.5619
  Batch 2110/10484, Loss: 5.0784
  Batch 2120/10484, Loss: 5.1032
  Batch 2130/10484, Loss: 5.0749
  Batch 2140/10484, Loss: 5.0932
  Batch 2150/10484, Loss: 5.3263
  Batch 2160/10484, Loss: 4.9322
  Batch 2170/10484, Loss: 5.0438
  Batch 2180/10484, Loss: 4.8638
  Batch 2190/10484, Loss: 5.0801
  Batch 2200/10484, Loss: 4.5728
  Batch 2210/10484, Loss: 5.0078
  Batch 2220/10484, Loss: 5.1403
  Batch 2230/10484, Loss: 5.4869
  Batch 2240/10484, Loss: 5.0088
  Batch 2250/10484, Loss: 4.2596
  Batch 2260/10484, Loss: 5.5401
  Batch 2270/10484, Loss: 4.6500
  Batch 2280/10484, Loss: 4.9923
  Batch 2290/10484, Loss: 4.8344
  Batch 2300/10484, Loss: 5.0448
  Batch 2310/10484, Loss: 4.5209
  Batch 2320/10484, Loss: 5.0690
  Batch 2330/10484, Loss: 5.6755
  Batch 2340/10484, Loss: 5.6565
  Batch 2350/10484, Loss: 5.0172
  Batch 2360/10484, Loss: 5.4057
  Batch 2370/10484, Loss: 4.7859
  Batch 2380/10484, Loss: 5.1939
  Batch 2390/10484, Loss: 4.8248
  Batch 2400/10484, Loss: 4.7812
  Batch 2410/10484, Loss: 4.6350
  Batch 2420/10484, Loss: 5.1336
  Batch 2430/10484, Loss: 5.1635
  Batch 2440/10484, Loss: 4.8172
  Batch 2450/10484, Loss: 4.8326
  Batch 2460/10484, Loss: 5.3987
  Batch 2470/10484, Loss: 4.5802
  Batch 2480/10484, Loss: 5.2227
  Batch 2490/10484, Loss: 5.2494
  Batch 2500/10484, Loss: 5.6644
  Batch 2510/10484, Loss: 5.0075
  Batch 2520/10484, Loss: 4.9588
  Batch 2530/10484, Loss: 5.0252
  Batch 2540/10484, Loss: 4.8945
  Batch 2550/10484, Loss: 5.2131
  Batch 2560/10484, Loss: 5.8775
  Batch 2570/10484, Loss: 4.8581
  Batch 2580/10484, Loss: 4.7209
  Batch 2590/10484, Loss: 4.9285
  Batch 2600/10484, Loss: 5.1066
  Batch 2610/10484, Loss: 4.8284
  Batch 2620/10484, Loss: 5.4348
  Batch 2630/10484, Loss: 5.0720
  Batch 2640/10484, Loss: 4.9989
  Batch 2650/10484, Loss: 4.7377
  Batch 2660/10484, Loss: 4.4641
  Batch 2670/10484, Loss: 4.7857
  Batch 2680/10484, Loss: 4.9302
  Batch 2690/10484, Loss: 5.1283
  Batch 2700/10484, Loss: 5.0004
  Batch 2710/10484, Loss: 5.0234
  Batch 2720/10484, Loss: 4.5470
  Batch 2730/10484, Loss: 5.0366
  Batch 2740/10484, Loss: 4.2283
  Batch 2750/10484, Loss: 5.0741
  Batch 2760/10484, Loss: 4.6933
  Batch 2770/10484, Loss: 4.9508
  Batch 2780/10484, Loss: 4.6501
  Batch 2790/10484, Loss: 4.9587
  Batch 2800/10484, Loss: 4.5662
  Batch 2810/10484, Loss: 5.1774
  Batch 2820/10484, Loss: 4.8376
  Batch 2830/10484, Loss: 4.4170
  Batch 2840/10484, Loss: 4.7817
  Batch 2850/10484, Loss: 4.3339
  Batch 2860/10484, Loss: 5.2990
  Batch 2870/10484, Loss: 5.1878
  Batch 2880/10484, Loss: 4.8219
  Batch 2890/10484, Loss: 4.8303
  Batch 2900/10484, Loss: 4.7640
  Batch 2910/10484, Loss: 4.7149
  Batch 2920/10484, Loss: 5.0870
  Batch 2930/10484, Loss: 5.0428
  Batch 2940/10484, Loss: 5.3304
  Batch 2950/10484, Loss: 4.8453
  Batch 2960/10484, Loss: 4.8122
  Batch 2970/10484, Loss: 4.9614
  Batch 2980/10484, Loss: 4.9338
  Batch 2990/10484, Loss: 5.4410
  Batch 3000/10484, Loss: 5.0447
  Batch 3010/10484, Loss: 4.7032
  Batch 3020/10484, Loss: 4.9864
  Batch 3030/10484, Loss: 5.2808
  Batch 3040/10484, Loss: 5.0648
  Batch 3050/10484, Loss: 4.5866
  Batch 3060/10484, Loss: 5.0172
  Batch 3070/10484, Loss: 3.9410
  Batch 3080/10484, Loss: 5.3633
  Batch 3090/10484, Loss: 5.3016
  Batch 3100/10484, Loss: 4.5681
  Batch 3110/10484, Loss: 5.1759
  Batch 3120/10484, Loss: 5.2539
  Batch 3130/10484, Loss: 4.8246
  Batch 3140/10484, Loss: 4.7884
  Batch 3150/10484, Loss: 4.9343
  Batch 3160/10484, Loss: 4.5636
  Batch 3170/10484, Loss: 4.8409
  Batch 3180/10484, Loss: 4.8209
  Batch 3190/10484, Loss: 5.2291
  Batch 3200/10484, Loss: 4.9564
  Batch 3210/10484, Loss: 4.8376
  Batch 3220/10484, Loss: 4.9549
  Batch 3230/10484, Loss: 5.3192
  Batch 3240/10484, Loss: 5.5600
  Batch 3250/10484, Loss: 4.9346
  Batch 3260/10484, Loss: 4.9585
  Batch 3270/10484, Loss: 5.1056
  Batch 3280/10484, Loss: 4.9597
  Batch 3290/10484, Loss: 4.6683
  Batch 3300/10484, Loss: 4.8833
  Batch 3310/10484, Loss: 4.5004
  Batch 3320/10484, Loss: 5.1307
  Batch 3330/10484, Loss: 5.3029
  Batch 3340/10484, Loss: 4.9776
  Batch 3350/10484, Loss: 5.2116
  Batch 3360/10484, Loss: 5.1777
  Batch 3370/10484, Loss: 4.9564
  Batch 3380/10484, Loss: 5.2344
  Batch 3390/10484, Loss: 4.3314
  Batch 3400/10484, Loss: 4.5919
  Batch 3410/10484, Loss: 5.0127
  Batch 3420/10484, Loss: 5.0994
  Batch 3430/10484, Loss: 5.2318
  Batch 3440/10484, Loss: 4.4030
  Batch 3450/10484, Loss: 4.6435
  Batch 3460/10484, Loss: 4.6662
  Batch 3470/10484, Loss: 4.6129
  Batch 3480/10484, Loss: 5.0978
  Batch 3490/10484, Loss: 5.0798
  Batch 3500/10484, Loss: 5.3484
  Batch 3510/10484, Loss: 4.4714
  Batch 3520/10484, Loss: 4.6202
  Batch 3530/10484, Loss: 5.1001
  Batch 3540/10484, Loss: 4.7471
  Batch 3550/10484, Loss: 5.1680
  Batch 3560/10484, Loss: 5.1470
  Batch 3570/10484, Loss: 4.1970
  Batch 3580/10484, Loss: 5.1654
  Batch 3590/10484, Loss: 4.8617
  Batch 3600/10484, Loss: 4.8059
  Batch 3610/10484, Loss: 4.7705
  Batch 3620/10484, Loss: 4.9182
  Batch 3630/10484, Loss: 4.7512
  Batch 3640/10484, Loss: 4.5973
  Batch 3650/10484, Loss: 4.9464
  Batch 3660/10484, Loss: 5.0765
  Batch 3670/10484, Loss: 5.1031
  Batch 3680/10484, Loss: 4.8576
  Batch 3690/10484, Loss: 5.6103
  Batch 3700/10484, Loss: 5.1311
  Batch 3710/10484, Loss: 4.5736
  Batch 3720/10484, Loss: 5.2031
  Batch 3730/10484, Loss: 4.8291
  Batch 3740/10484, Loss: 5.5654
  Batch 3750/10484, Loss: 5.4019
  Batch 3760/10484, Loss: 4.3736
  Batch 3770/10484, Loss: 4.8243
  Batch 3780/10484, Loss: 5.0466
  Batch 3790/10484, Loss: 4.8390
  Batch 3800/10484, Loss: 4.7914
  Batch 3810/10484, Loss: 4.6337
  Batch 3820/10484, Loss: 5.4382
  Batch 3830/10484, Loss: 4.6743
  Batch 3840/10484, Loss: 4.6702
  Batch 3850/10484, Loss: 5.1210
  Batch 3860/10484, Loss: 5.2140
  Batch 3870/10484, Loss: 5.1871
  Batch 3880/10484, Loss: 4.6425
  Batch 3890/10484, Loss: 4.9433
  Batch 3900/10484, Loss: 5.2064
  Batch 3910/10484, Loss: 5.3347
  Batch 3920/10484, Loss: 4.4716
  Batch 3930/10484, Loss: 5.1195
  Batch 3940/10484, Loss: 4.9862
  Batch 3950/10484, Loss: 4.9548
  Batch 3960/10484, Loss: 5.1973
  Batch 3970/10484, Loss: 5.0276
  Batch 3980/10484, Loss: 4.9907
  Batch 3990/10484, Loss: 5.0265
  Batch 4000/10484, Loss: 5.1072
  Batch 4010/10484, Loss: 4.6778
  Batch 4020/10484, Loss: 4.8029
  Batch 4030/10484, Loss: 5.2854
  Batch 4040/10484, Loss: 5.3159
  Batch 4050/10484, Loss: 5.1683
  Batch 4060/10484, Loss: 4.7069
  Batch 4070/10484, Loss: 4.9289
  Batch 4080/10484, Loss: 5.0227
  Batch 4090/10484, Loss: 4.7307
  Batch 4100/10484, Loss: 5.0473
  Batch 4110/10484, Loss: 4.7355
  Batch 4120/10484, Loss: 4.7034
  Batch 4130/10484, Loss: 4.9365
  Batch 4140/10484, Loss: 5.7688
  Batch 4150/10484, Loss: 4.5935
  Batch 4160/10484, Loss: 5.2670
  Batch 4170/10484, Loss: 5.2283
  Batch 4180/10484, Loss: 4.9391
  Batch 4190/10484, Loss: 5.0818
  Batch 4200/10484, Loss: 5.0181
  Batch 4210/10484, Loss: 5.0967
  Batch 4220/10484, Loss: 5.3677
  Batch 4230/10484, Loss: 4.9285
  Batch 4240/10484, Loss: 5.2482
  Batch 4250/10484, Loss: 4.7811
  Batch 4260/10484, Loss: 4.8234
  Batch 4270/10484, Loss: 4.9943
  Batch 4280/10484, Loss: 5.1262
  Batch 4290/10484, Loss: 4.6907
  Batch 4300/10484, Loss: 5.0700
  Batch 4310/10484, Loss: 4.7685
  Batch 4320/10484, Loss: 4.3478
  Batch 4330/10484, Loss: 4.9599
  Batch 4340/10484, Loss: 5.2968
  Batch 4350/10484, Loss: 4.1590
  Batch 4360/10484, Loss: 4.6245
  Batch 4370/10484, Loss: 5.5789
  Batch 4380/10484, Loss: 5.4819
  Batch 4390/10484, Loss: 4.9570
  Batch 4400/10484, Loss: 4.8474
  Batch 4410/10484, Loss: 5.0131
  Batch 4420/10484, Loss: 5.2977
  Batch 4430/10484, Loss: 4.3675
  Batch 4440/10484, Loss: 4.8590
  Batch 4450/10484, Loss: 5.3723
  Batch 4460/10484, Loss: 4.7548
  Batch 4470/10484, Loss: 4.2083
  Batch 4480/10484, Loss: 4.7775
  Batch 4490/10484, Loss: 5.4437
  Batch 4500/10484, Loss: 4.5291
  Batch 4510/10484, Loss: 5.2393
  Batch 4520/10484, Loss: 5.2513
  Batch 4530/10484, Loss: 4.7794
  Batch 4540/10484, Loss: 4.6770
  Batch 4550/10484, Loss: 5.4292
  Batch 4560/10484, Loss: 5.1904
  Batch 4570/10484, Loss: 4.9781
  Batch 4580/10484, Loss: 5.1478
  Batch 4590/10484, Loss: 4.8306
  Batch 4600/10484, Loss: 5.0773
  Batch 4610/10484, Loss: 4.8916
  Batch 4620/10484, Loss: 4.6452
  Batch 4630/10484, Loss: 4.6756
  Batch 4640/10484, Loss: 5.1021
  Batch 4650/10484, Loss: 4.9242
  Batch 4660/10484, Loss: 5.2163
  Batch 4670/10484, Loss: 5.6000
  Batch 4680/10484, Loss: 4.6839
  Batch 4690/10484, Loss: 4.3315
  Batch 4700/10484, Loss: 5.2369
  Batch 4710/10484, Loss: 5.6001
  Batch 4720/10484, Loss: 4.9048
  Batch 4730/10484, Loss: 4.5483
  Batch 4740/10484, Loss: 5.2406
  Batch 4750/10484, Loss: 4.7844
  Batch 4760/10484, Loss: 4.5609
  Batch 4770/10484, Loss: 4.8109
  Batch 4780/10484, Loss: 4.7106
  Batch 4790/10484, Loss: 5.0073
  Batch 4800/10484, Loss: 5.1192
  Batch 4810/10484, Loss: 5.4848
  Batch 4820/10484, Loss: 5.0263
  Batch 4830/10484, Loss: 4.8376
  Batch 4840/10484, Loss: 5.4556
  Batch 4850/10484, Loss: 5.1415
  Batch 4860/10484, Loss: 4.5550
  Batch 4870/10484, Loss: 5.3441
  Batch 4880/10484, Loss: 4.7818
  Batch 4890/10484, Loss: 5.0451
  Batch 4900/10484, Loss: 5.1731
  Batch 4910/10484, Loss: 4.2875
  Batch 4920/10484, Loss: 4.9057
  Batch 4930/10484, Loss: 4.5919
  Batch 4940/10484, Loss: 4.9510
  Batch 4950/10484, Loss: 4.9280
  Batch 4960/10484, Loss: 4.8015
  Batch 4970/10484, Loss: 4.8625
  Batch 4980/10484, Loss: 4.9917
  Batch 4990/10484, Loss: 5.5887
  Batch 5000/10484, Loss: 4.7408
  Batch 5010/10484, Loss: 5.1977
  Batch 5020/10484, Loss: 5.5384
  Batch 5030/10484, Loss: 4.5545
  Batch 5040/10484, Loss: 5.2245
  Batch 5050/10484, Loss: 5.1459
  Batch 5060/10484, Loss: 4.6507
  Batch 5070/10484, Loss: 4.8231
  Batch 5080/10484, Loss: 4.7773
  Batch 5090/10484, Loss: 4.2349
  Batch 5100/10484, Loss: 4.9689
  Batch 5110/10484, Loss: 5.7667
  Batch 5120/10484, Loss: 5.1238
  Batch 5130/10484, Loss: 5.2684
  Batch 5140/10484, Loss: 5.5780
  Batch 5150/10484, Loss: 4.3262
  Batch 5160/10484, Loss: 5.1121
  Batch 5170/10484, Loss: 5.4783
  Batch 5180/10484, Loss: 5.3535
  Batch 5190/10484, Loss: 4.6421
  Batch 5200/10484, Loss: 5.1344
  Batch 5210/10484, Loss: 5.0477
  Batch 5220/10484, Loss: 5.1671
  Batch 5230/10484, Loss: 4.8327
  Batch 5240/10484, Loss: 5.0564
  Batch 5250/10484, Loss: 5.1193
  Batch 5260/10484, Loss: 5.2918
  Batch 5270/10484, Loss: 5.1228
  Batch 5280/10484, Loss: 5.3409
  Batch 5290/10484, Loss: 5.0550
  Batch 5300/10484, Loss: 4.6732
  Batch 5310/10484, Loss: 5.0173
  Batch 5320/10484, Loss: 4.5942
  Batch 5330/10484, Loss: 5.4147
  Batch 5340/10484, Loss: 5.0103
  Batch 5350/10484, Loss: 4.9458
  Batch 5360/10484, Loss: 4.2001
  Batch 5370/10484, Loss: 5.3140
  Batch 5380/10484, Loss: 4.8732
  Batch 5390/10484, Loss: 4.6630
  Batch 5400/10484, Loss: 4.9336
  Batch 5410/10484, Loss: 5.0498
  Batch 5420/10484, Loss: 5.1209
  Batch 5430/10484, Loss: 5.3983
  Batch 5440/10484, Loss: 4.9485
  Batch 5450/10484, Loss: 4.6549
  Batch 5460/10484, Loss: 5.2987
  Batch 5470/10484, Loss: 5.2509
  Batch 5480/10484, Loss: 4.7466
  Batch 5490/10484, Loss: 5.4731
  Batch 5500/10484, Loss: 4.8131
  Batch 5510/10484, Loss: 5.0206
  Batch 5520/10484, Loss: 5.0375
  Batch 5530/10484, Loss: 4.5964
  Batch 5540/10484, Loss: 4.4893
  Batch 5550/10484, Loss: 4.5371
  Batch 5560/10484, Loss: 4.7769
  Batch 5570/10484, Loss: 5.0586
  Batch 5580/10484, Loss: 4.2837
  Batch 5590/10484, Loss: 4.4859
  Batch 5600/10484, Loss: 4.8869
  Batch 5610/10484, Loss: 4.3038
  Batch 5620/10484, Loss: 4.7952
  Batch 5630/10484, Loss: 4.7069
  Batch 5640/10484, Loss: 4.5176
  Batch 5650/10484, Loss: 5.0976
  Batch 5660/10484, Loss: 4.8854
  Batch 5670/10484, Loss: 5.2021
  Batch 5680/10484, Loss: 4.5402
  Batch 5690/10484, Loss: 4.8043
  Batch 5700/10484, Loss: 4.8461
  Batch 5710/10484, Loss: 4.6077
  Batch 5720/10484, Loss: 5.1856
  Batch 5730/10484, Loss: 4.3206
  Batch 5740/10484, Loss: 4.2851
  Batch 5750/10484, Loss: 5.3139
  Batch 5760/10484, Loss: 4.8891
  Batch 5770/10484, Loss: 5.9268
  Batch 5780/10484, Loss: 4.5214
  Batch 5790/10484, Loss: 4.6303
  Batch 5800/10484, Loss: 4.7452
  Batch 5810/10484, Loss: 5.0537
  Batch 5820/10484, Loss: 5.2896
  Batch 5830/10484, Loss: 5.2800
  Batch 5840/10484, Loss: 4.7606
  Batch 5850/10484, Loss: 4.6519
  Batch 5860/10484, Loss: 4.8995
  Batch 5870/10484, Loss: 4.6146
  Batch 5880/10484, Loss: 5.3436
  Batch 5890/10484, Loss: 5.0525
  Batch 5900/10484, Loss: 4.9435
  Batch 5910/10484, Loss: 4.8534
  Batch 5920/10484, Loss: 5.1500
  Batch 5930/10484, Loss: 4.5725
  Batch 5940/10484, Loss: 5.2560
  Batch 5950/10484, Loss: 5.3707
  Batch 5960/10484, Loss: 5.1035
  Batch 5970/10484, Loss: 5.6678
  Batch 5980/10484, Loss: 4.7605
  Batch 5990/10484, Loss: 4.7480
  Batch 6000/10484, Loss: 4.5554
  Batch 6010/10484, Loss: 4.8132
  Batch 6020/10484, Loss: 4.9815
  Batch 6030/10484, Loss: 4.5742
  Batch 6040/10484, Loss: 5.0740
  Batch 6050/10484, Loss: 4.9899
  Batch 6060/10484, Loss: 5.2176
  Batch 6070/10484, Loss: 4.7548
  Batch 6080/10484, Loss: 5.5099
  Batch 6090/10484, Loss: 4.8229
  Batch 6100/10484, Loss: 5.1278
  Batch 6110/10484, Loss: 4.7660
  Batch 6120/10484, Loss: 4.6569
  Batch 6130/10484, Loss: 5.0868
  Batch 6140/10484, Loss: 5.1457
  Batch 6150/10484, Loss: 4.5241
  Batch 6160/10484, Loss: 4.7706
  Batch 6170/10484, Loss: 4.5240
  Batch 6180/10484, Loss: 4.1841
  Batch 6190/10484, Loss: 5.0315
  Batch 6200/10484, Loss: 4.8643
  Batch 6210/10484, Loss: 5.1648
  Batch 6220/10484, Loss: 5.0856
  Batch 6230/10484, Loss: 4.9453
  Batch 6240/10484, Loss: 5.2967
  Batch 6250/10484, Loss: 5.2182
  Batch 6260/10484, Loss: 5.4116
  Batch 6270/10484, Loss: 4.9092
  Batch 6280/10484, Loss: 4.8273
  Batch 6290/10484, Loss: 4.7272
  Batch 6300/10484, Loss: 4.9076
  Batch 6310/10484, Loss: 5.2431
  Batch 6320/10484, Loss: 5.5053
  Batch 6330/10484, Loss: 4.6465
  Batch 6340/10484, Loss: 4.6117
  Batch 6350/10484, Loss: 5.6007
  Batch 6360/10484, Loss: 5.0858
  Batch 6370/10484, Loss: 4.9134
  Batch 6380/10484, Loss: 4.6688
  Batch 6390/10484, Loss: 4.9327
  Batch 6400/10484, Loss: 4.5832
  Batch 6410/10484, Loss: 5.0233
  Batch 6420/10484, Loss: 5.0201
  Batch 6430/10484, Loss: 4.5956
  Batch 6440/10484, Loss: 5.1716
  Batch 6450/10484, Loss: 5.5706
  Batch 6460/10484, Loss: 5.1793
  Batch 6470/10484, Loss: 4.8413
  Batch 6480/10484, Loss: 5.1569
  Batch 6490/10484, Loss: 4.9366
  Batch 6500/10484, Loss: 4.8792
  Batch 6510/10484, Loss: 4.9650
  Batch 6520/10484, Loss: 5.1943
  Batch 6530/10484, Loss: 4.6220
  Batch 6540/10484, Loss: 4.8556
  Batch 6550/10484, Loss: 4.6976
  Batch 6560/10484, Loss: 4.7638
  Batch 6570/10484, Loss: 5.1866
  Batch 6580/10484, Loss: 5.3721
  Batch 6590/10484, Loss: 3.9355
  Batch 6600/10484, Loss: 4.7705
  Batch 6610/10484, Loss: 4.6642
  Batch 6620/10484, Loss: 4.6458
  Batch 6630/10484, Loss: 4.9611
  Batch 6640/10484, Loss: 4.9605
  Batch 6650/10484, Loss: 4.8154
  Batch 6660/10484, Loss: 5.0986
  Batch 6670/10484, Loss: 4.7211
  Batch 6680/10484, Loss: 4.7475
  Batch 6690/10484, Loss: 4.4212
  Batch 6700/10484, Loss: 5.0559
  Batch 6710/10484, Loss: 5.1813
  Batch 6720/10484, Loss: 5.3655
  Batch 6730/10484, Loss: 5.2674
  Batch 6740/10484, Loss: 4.9106
  Batch 6750/10484, Loss: 5.4192
  Batch 6760/10484, Loss: 4.4176
  Batch 6770/10484, Loss: 4.9821
  Batch 6780/10484, Loss: 5.1317
  Batch 6790/10484, Loss: 5.3088
  Batch 6800/10484, Loss: 4.6867
  Batch 6810/10484, Loss: 5.3283
  Batch 6820/10484, Loss: 4.9796
  Batch 6830/10484, Loss: 4.5778
  Batch 6840/10484, Loss: 4.5559
  Batch 6850/10484, Loss: 5.2219
  Batch 6860/10484, Loss: 5.3322
  Batch 6870/10484, Loss: 4.8656
  Batch 6880/10484, Loss: 4.8765
  Batch 6890/10484, Loss: 4.8599
  Batch 6900/10484, Loss: 5.0514
  Batch 6910/10484, Loss: 5.3385
  Batch 6920/10484, Loss: 5.1802
  Batch 6930/10484, Loss: 5.4834
  Batch 6940/10484, Loss: 5.0933
  Batch 6950/10484, Loss: 4.7737
  Batch 6960/10484, Loss: 5.3950
  Batch 6970/10484, Loss: 5.0570
  Batch 6980/10484, Loss: 4.4633
  Batch 6990/10484, Loss: 4.6173
  Batch 7000/10484, Loss: 4.9705
  Batch 7010/10484, Loss: 5.3160
  Batch 7020/10484, Loss: 5.5422
  Batch 7030/10484, Loss: 4.9426
  Batch 7040/10484, Loss: 4.4665
  Batch 7050/10484, Loss: 4.8201
  Batch 7060/10484, Loss: 5.1813
  Batch 7070/10484, Loss: 4.2137
  Batch 7080/10484, Loss: 4.0983
  Batch 7090/10484, Loss: 5.0296
  Batch 7100/10484, Loss: 5.0411
  Batch 7110/10484, Loss: 5.5546
  Batch 7120/10484, Loss: 4.9640
  Batch 7130/10484, Loss: 4.2044
  Batch 7140/10484, Loss: 4.6040
  Batch 7150/10484, Loss: 4.2742
  Batch 7160/10484, Loss: 4.9268
  Batch 7170/10484, Loss: 4.6973
  Batch 7180/10484, Loss: 5.2042
  Batch 7190/10484, Loss: 4.8147
  Batch 7200/10484, Loss: 4.5079
  Batch 7210/10484, Loss: 4.6217
  Batch 7220/10484, Loss: 4.1598
  Batch 7230/10484, Loss: 4.6740
  Batch 7240/10484, Loss: 4.6513
  Batch 7250/10484, Loss: 4.4975
  Batch 7260/10484, Loss: 5.3581
  Batch 7270/10484, Loss: 5.0545
  Batch 7280/10484, Loss: 5.0217
  Batch 7290/10484, Loss: 4.4276
  Batch 7300/10484, Loss: 4.8334
  Batch 7310/10484, Loss: 4.9053
  Batch 7320/10484, Loss: 4.9027
  Batch 7330/10484, Loss: 5.3643
  Batch 7340/10484, Loss: 4.6202
  Batch 7350/10484, Loss: 4.2412
  Batch 7360/10484, Loss: 5.1623
  Batch 7370/10484, Loss: 5.3490
  Batch 7380/10484, Loss: 5.1857
  Batch 7390/10484, Loss: 4.7393
  Batch 7400/10484, Loss: 4.9474
  Batch 7410/10484, Loss: 3.9907
  Batch 7420/10484, Loss: 5.0478
  Batch 7430/10484, Loss: 5.3241
  Batch 7440/10484, Loss: 5.4208
  Batch 7450/10484, Loss: 5.0528
  Batch 7460/10484, Loss: 4.9714
  Batch 7470/10484, Loss: 5.2441
  Batch 7480/10484, Loss: 5.6404
  Batch 7490/10484, Loss: 5.2050
  Batch 7500/10484, Loss: 5.0940
  Batch 7510/10484, Loss: 5.1603
  Batch 7520/10484, Loss: 5.4026
  Batch 7530/10484, Loss: 5.2895
  Batch 7540/10484, Loss: 4.7144
  Batch 7550/10484, Loss: 4.3887
  Batch 7560/10484, Loss: 5.1439
  Batch 7570/10484, Loss: 4.7642
  Batch 7580/10484, Loss: 4.8610
  Batch 7590/10484, Loss: 5.2305
  Batch 7600/10484, Loss: 4.6454
  Batch 7610/10484, Loss: 4.9500
  Batch 7620/10484, Loss: 5.1296
  Batch 7630/10484, Loss: 4.8024
  Batch 7640/10484, Loss: 4.6092
  Batch 7650/10484, Loss: 5.0231
  Batch 7660/10484, Loss: 5.2323
  Batch 7670/10484, Loss: 5.0639
  Batch 7680/10484, Loss: 4.9010
  Batch 7690/10484, Loss: 5.7622
  Batch 7700/10484, Loss: 4.4043
  Batch 7710/10484, Loss: 4.4669
  Batch 7720/10484, Loss: 4.6417
  Batch 7730/10484, Loss: 4.9757
  Batch 7740/10484, Loss: 4.4679
  Batch 7750/10484, Loss: 5.1415
  Batch 7760/10484, Loss: 4.7628
  Batch 7770/10484, Loss: 4.7368
  Batch 7780/10484, Loss: 4.7782
  Batch 7790/10484, Loss: 4.9725
  Batch 7800/10484, Loss: 4.7776
  Batch 7810/10484, Loss: 4.5768
  Batch 7820/10484, Loss: 4.9191
  Batch 7830/10484, Loss: 5.0463
  Batch 7840/10484, Loss: 5.0323
  Batch 7850/10484, Loss: 5.0350
  Batch 7860/10484, Loss: 4.7627
  Batch 7870/10484, Loss: 5.0042
  Batch 7880/10484, Loss: 4.9297
  Batch 7890/10484, Loss: 4.7415
  Batch 7900/10484, Loss: 5.2395
  Batch 7910/10484, Loss: 4.7779
  Batch 7920/10484, Loss: 5.1381
  Batch 7930/10484, Loss: 4.4412
  Batch 7940/10484, Loss: 5.0915
  Batch 7950/10484, Loss: 4.9489
  Batch 7960/10484, Loss: 4.6450
  Batch 7970/10484, Loss: 5.4269
  Batch 7980/10484, Loss: 5.0509
  Batch 7990/10484, Loss: 4.9575
  Batch 8000/10484, Loss: 5.3595
  Batch 8010/10484, Loss: 4.9071
  Batch 8020/10484, Loss: 4.9550
  Batch 8030/10484, Loss: 4.9957
  Batch 8040/10484, Loss: 4.3919
  Batch 8050/10484, Loss: 5.1469
  Batch 8060/10484, Loss: 4.4745
  Batch 8070/10484, Loss: 4.8795
  Batch 8080/10484, Loss: 4.8695
  Batch 8090/10484, Loss: 4.7155
  Batch 8100/10484, Loss: 4.8578
  Batch 8110/10484, Loss: 5.0678
  Batch 8120/10484, Loss: 5.0424
  Batch 8130/10484, Loss: 5.3201
  Batch 8140/10484, Loss: 5.0392
  Batch 8150/10484, Loss: 4.7434
  Batch 8160/10484, Loss: 5.2697
  Batch 8170/10484, Loss: 4.7792
  Batch 8180/10484, Loss: 4.6026
  Batch 8190/10484, Loss: 5.0337
  Batch 8200/10484, Loss: 5.1857
  Batch 8210/10484, Loss: 5.0081
  Batch 8220/10484, Loss: 5.3544
  Batch 8230/10484, Loss: 5.2370
  Batch 8240/10484, Loss: 4.8758
  Batch 8250/10484, Loss: 5.3124
  Batch 8260/10484, Loss: 4.4010
  Batch 8270/10484, Loss: 4.5045
  Batch 8280/10484, Loss: 4.9963
  Batch 8290/10484, Loss: 4.7829
  Batch 8300/10484, Loss: 5.2253
  Batch 8310/10484, Loss: 5.0525
  Batch 8320/10484, Loss: 4.8630
  Batch 8330/10484, Loss: 4.8853
  Batch 8340/10484, Loss: 5.3626
  Batch 8350/10484, Loss: 4.7408
  Batch 8360/10484, Loss: 4.9932
  Batch 8370/10484, Loss: 5.1917
  Batch 8380/10484, Loss: 5.0029
  Batch 8390/10484, Loss: 4.3935
  Batch 8400/10484, Loss: 4.5338
  Batch 8410/10484, Loss: 4.4579
  Batch 8420/10484, Loss: 4.7451
  Batch 8430/10484, Loss: 5.3024
  Batch 8440/10484, Loss: 4.6807
  Batch 8450/10484, Loss: 5.1806
  Batch 8460/10484, Loss: 4.9773
  Batch 8470/10484, Loss: 4.6648
  Batch 8480/10484, Loss: 5.3229
  Batch 8490/10484, Loss: 4.9971
  Batch 8500/10484, Loss: 4.6823
  Batch 8510/10484, Loss: 5.3827
  Batch 8520/10484, Loss: 5.1355
  Batch 8530/10484, Loss: 4.6564
  Batch 8540/10484, Loss: 4.7791
  Batch 8550/10484, Loss: 4.9002
  Batch 8560/10484, Loss: 4.7943
  Batch 8570/10484, Loss: 5.4572
  Batch 8580/10484, Loss: 4.3792
  Batch 8590/10484, Loss: 4.9882
  Batch 8600/10484, Loss: 5.3829
  Batch 8610/10484, Loss: 4.8949
  Batch 8620/10484, Loss: 4.6111
  Batch 8630/10484, Loss: 5.3280
  Batch 8640/10484, Loss: 4.9676
  Batch 8650/10484, Loss: 4.9242
  Batch 8660/10484, Loss: 5.1410
  Batch 8670/10484, Loss: 5.1440
  Batch 8680/10484, Loss: 4.8195
  Batch 8690/10484, Loss: 5.0634
  Batch 8700/10484, Loss: 4.4400
  Batch 8710/10484, Loss: 4.9675
  Batch 8720/10484, Loss: 4.9347
  Batch 8730/10484, Loss: 4.5079
  Batch 8740/10484, Loss: 4.8230
  Batch 8750/10484, Loss: 5.0207
  Batch 8760/10484, Loss: 5.0442
  Batch 8770/10484, Loss: 5.4372
  Batch 8780/10484, Loss: 4.4786
  Batch 8790/10484, Loss: 5.1899
  Batch 8800/10484, Loss: 4.6600
  Batch 8810/10484, Loss: 4.5476
  Batch 8820/10484, Loss: 5.0649
  Batch 8830/10484, Loss: 5.1716
  Batch 8840/10484, Loss: 5.3428
  Batch 8850/10484, Loss: 5.1107
  Batch 8860/10484, Loss: 4.6916
  Batch 8870/10484, Loss: 4.7065
  Batch 8880/10484, Loss: 4.8753
  Batch 8890/10484, Loss: 4.6268
  Batch 8900/10484, Loss: 5.0797
  Batch 8910/10484, Loss: 4.9595
  Batch 8920/10484, Loss: 5.2003
  Batch 8930/10484, Loss: 5.1915
  Batch 8940/10484, Loss: 4.6538
  Batch 8950/10484, Loss: 5.2972
  Batch 8960/10484, Loss: 4.8131
  Batch 8970/10484, Loss: 5.1695
  Batch 8980/10484, Loss: 5.2667
  Batch 8990/10484, Loss: 4.9735
  Batch 9000/10484, Loss: 4.7596
  Batch 9010/10484, Loss: 5.2331
  Batch 9020/10484, Loss: 5.4824
  Batch 9030/10484, Loss: 5.1395
  Batch 9040/10484, Loss: 5.0999
  Batch 9050/10484, Loss: 4.8645
  Batch 9060/10484, Loss: 4.7935
  Batch 9070/10484, Loss: 5.1478
  Batch 9080/10484, Loss: 4.5274
  Batch 9090/10484, Loss: 5.0090
  Batch 9100/10484, Loss: 5.3681
  Batch 9110/10484, Loss: 4.2424
  Batch 9120/10484, Loss: 4.9343
  Batch 9130/10484, Loss: 4.8861
  Batch 9140/10484, Loss: 4.5973
  Batch 9150/10484, Loss: 5.1645
  Batch 9160/10484, Loss: 4.4916
  Batch 9170/10484, Loss: 4.8321
  Batch 9180/10484, Loss: 5.2441
  Batch 9190/10484, Loss: 4.8868
  Batch 9200/10484, Loss: 4.7114
  Batch 9210/10484, Loss: 5.3540
  Batch 9220/10484, Loss: 4.5488
  Batch 9230/10484, Loss: 4.9594
  Batch 9240/10484, Loss: 4.8059
  Batch 9250/10484, Loss: 4.6155
  Batch 9260/10484, Loss: 4.8074
  Batch 9270/10484, Loss: 5.1147
  Batch 9280/10484, Loss: 5.1627
  Batch 9290/10484, Loss: 5.4063
  Batch 9300/10484, Loss: 4.9554
  Batch 9310/10484, Loss: 5.1055
  Batch 9320/10484, Loss: 5.0506
  Batch 9330/10484, Loss: 4.3737
  Batch 9340/10484, Loss: 4.9944
  Batch 9350/10484, Loss: 4.5397
  Batch 9360/10484, Loss: 4.8827
  Batch 9370/10484, Loss: 5.7207
  Batch 9380/10484, Loss: 5.1646
  Batch 9390/10484, Loss: 4.7347
  Batch 9400/10484, Loss: 5.0984
  Batch 9410/10484, Loss: 5.1084
  Batch 9420/10484, Loss: 4.9446
  Batch 9430/10484, Loss: 4.7839
  Batch 9440/10484, Loss: 4.9692
  Batch 9450/10484, Loss: 4.6094
  Batch 9460/10484, Loss: 4.7917
  Batch 9470/10484, Loss: 5.0699
  Batch 9480/10484, Loss: 4.9232
  Batch 9490/10484, Loss: 4.5932
  Batch 9500/10484, Loss: 4.6099
  Batch 9510/10484, Loss: 5.2445
  Batch 9520/10484, Loss: 4.9667
  Batch 9530/10484, Loss: 4.9641
  Batch 9540/10484, Loss: 4.6686
  Batch 9550/10484, Loss: 5.3871
  Batch 9560/10484, Loss: 5.1841
  Batch 9570/10484, Loss: 4.6823
  Batch 9580/10484, Loss: 4.8306
  Batch 9590/10484, Loss: 3.9981
  Batch 9600/10484, Loss: 4.5324
  Batch 9610/10484, Loss: 5.0488
  Batch 9620/10484, Loss: 4.9377
  Batch 9630/10484, Loss: 5.1860
  Batch 9640/10484, Loss: 4.7725
  Batch 9650/10484, Loss: 5.0800
  Batch 9660/10484, Loss: 5.0930
  Batch 9670/10484, Loss: 5.1127
  Batch 9680/10484, Loss: 4.6089
  Batch 9690/10484, Loss: 5.0250
  Batch 9700/10484, Loss: 4.9267
  Batch 9710/10484, Loss: 4.8161
  Batch 9720/10484, Loss: 5.2035
  Batch 9730/10484, Loss: 4.5952
  Batch 9740/10484, Loss: 5.0278
  Batch 9750/10484, Loss: 5.3210
  Batch 9760/10484, Loss: 4.3791
  Batch 9770/10484, Loss: 4.8560
  Batch 9780/10484, Loss: 5.2019
  Batch 9790/10484, Loss: 4.8748
  Batch 9800/10484, Loss: 5.0163
  Batch 9810/10484, Loss: 4.5166
  Batch 9820/10484, Loss: 5.0388
  Batch 9830/10484, Loss: 4.7069
  Batch 9840/10484, Loss: 5.1927
  Batch 9850/10484, Loss: 5.1328
  Batch 9860/10484, Loss: 5.4971
  Batch 9870/10484, Loss: 4.8910
  Batch 9880/10484, Loss: 5.0106
  Batch 9890/10484, Loss: 4.8390
  Batch 9900/10484, Loss: 4.7567
  Batch 9910/10484, Loss: 4.5708
  Batch 9920/10484, Loss: 5.1382
  Batch 9930/10484, Loss: 4.7682
  Batch 9940/10484, Loss: 4.7640
  Batch 9950/10484, Loss: 5.0158
  Batch 9960/10484, Loss: 5.4713
  Batch 9970/10484, Loss: 4.8322
  Batch 9980/10484, Loss: 4.5933
  Batch 9990/10484, Loss: 5.0656
  Batch 10000/10484, Loss: 4.9629
  Batch 10010/10484, Loss: 5.3276
  Batch 10020/10484, Loss: 4.9705
  Batch 10030/10484, Loss: 5.4611
  Batch 10040/10484, Loss: 4.5960
  Batch 10050/10484, Loss: 5.3190
  Batch 10060/10484, Loss: 4.5551
  Batch 10070/10484, Loss: 5.0725
  Batch 10080/10484, Loss: 4.7804
  Batch 10090/10484, Loss: 5.0826
  Batch 10100/10484, Loss: 5.1618
  Batch 10110/10484, Loss: 4.7087
  Batch 10120/10484, Loss: 4.4877
  Batch 10130/10484, Loss: 4.6120
  Batch 10140/10484, Loss: 5.1641
  Batch 10150/10484, Loss: 4.8373
  Batch 10160/10484, Loss: 4.7749
  Batch 10170/10484, Loss: 5.6961
  Batch 10180/10484, Loss: 4.9536
  Batch 10190/10484, Loss: 4.9754
  Batch 10200/10484, Loss: 4.9484
  Batch 10210/10484, Loss: 4.7286
  Batch 10220/10484, Loss: 5.0667
  Batch 10230/10484, Loss: 5.1955
  Batch 10240/10484, Loss: 4.7580
  Batch 10250/10484, Loss: 4.9248
  Batch 10260/10484, Loss: 5.0629
  Batch 10270/10484, Loss: 4.8689
  Batch 10280/10484, Loss: 5.1625
  Batch 10290/10484, Loss: 4.4344
  Batch 10300/10484, Loss: 4.9495
  Batch 10310/10484, Loss: 5.0870
  Batch 10320/10484, Loss: 5.0745
  Batch 10330/10484, Loss: 4.8251
  Batch 10340/10484, Loss: 4.5274
  Batch 10350/10484, Loss: 4.8621
  Batch 10360/10484, Loss: 4.9986
  Batch 10370/10484, Loss: 5.2638
  Batch 10380/10484, Loss: 4.7915
  Batch 10390/10484, Loss: 5.1953
  Batch 10400/10484, Loss: 5.5660
  Batch 10410/10484, Loss: 4.9378
  Batch 10420/10484, Loss: 5.3270
  Batch 10430/10484, Loss: 4.4481
  Batch 10440/10484, Loss: 5.3373
  Batch 10450/10484, Loss: 5.4720
  Batch 10460/10484, Loss: 5.0011
  Batch 10470/10484, Loss: 4.4525
  Batch 10480/10484, Loss: 5.2190

  Train Loss: 4.9315
  Val Loss: 6.6640
  Time: 32m 32s

Epoch 4/20
----------------------------------------
  Batch 10/10484, Loss: 4.7196
  Batch 20/10484, Loss: 4.5528
  Batch 30/10484, Loss: 4.3031
  Batch 40/10484, Loss: 4.4319
  Batch 50/10484, Loss: 4.6878
  Batch 60/10484, Loss: 4.2884
  Batch 70/10484, Loss: 4.6595
  Batch 80/10484, Loss: 4.5437
  Batch 90/10484, Loss: 4.6305
  Batch 100/10484, Loss: 4.5633
  Batch 110/10484, Loss: 4.7763
  Batch 120/10484, Loss: 5.0661
  Batch 130/10484, Loss: 4.6066
  Batch 140/10484, Loss: 4.5314
  Batch 150/10484, Loss: 5.1790
  Batch 160/10484, Loss: 4.4760
  Batch 170/10484, Loss: 4.7484
  Batch 180/10484, Loss: 5.1411
  Batch 190/10484, Loss: 4.1525
  Batch 200/10484, Loss: 5.0101
  Batch 210/10484, Loss: 4.6905
  Batch 220/10484, Loss: 5.0961
  Batch 230/10484, Loss: 4.9212
  Batch 240/10484, Loss: 4.9375
  Batch 250/10484, Loss: 4.7531
  Batch 260/10484, Loss: 5.1621
  Batch 270/10484, Loss: 4.5995
  Batch 280/10484, Loss: 4.7580
  Batch 290/10484, Loss: 4.6725
  Batch 300/10484, Loss: 4.7977
  Batch 310/10484, Loss: 4.9529
  Batch 320/10484, Loss: 4.4155
  Batch 330/10484, Loss: 4.4137
  Batch 340/10484, Loss: 4.9490
  Batch 350/10484, Loss: 5.0679
  Batch 360/10484, Loss: 4.4426
  Batch 370/10484, Loss: 4.7739
  Batch 380/10484, Loss: 5.1305
  Batch 390/10484, Loss: 5.5573
  Batch 400/10484, Loss: 4.7937
  Batch 410/10484, Loss: 3.9836
  Batch 420/10484, Loss: 5.0397
  Batch 430/10484, Loss: 4.7539
  Batch 440/10484, Loss: 5.1677
  Batch 450/10484, Loss: 4.6292
  Batch 460/10484, Loss: 4.7805
  Batch 470/10484, Loss: 4.9474
  Batch 480/10484, Loss: 5.1161
  Batch 490/10484, Loss: 4.5758
  Batch 500/10484, Loss: 4.4594
  Batch 510/10484, Loss: 4.7587
  Batch 520/10484, Loss: 5.1698
  Batch 530/10484, Loss: 4.3360
  Batch 540/10484, Loss: 4.9998
  Batch 550/10484, Loss: 5.0445
  Batch 560/10484, Loss: 5.1377
  Batch 570/10484, Loss: 4.6696
  Batch 580/10484, Loss: 5.3736
  Batch 590/10484, Loss: 5.0323
  Batch 600/10484, Loss: 5.5596
  Batch 610/10484, Loss: 4.9105
  Batch 620/10484, Loss: 5.0846
  Batch 630/10484, Loss: 5.2162
  Batch 640/10484, Loss: 5.4161
  Batch 650/10484, Loss: 4.8774
  Batch 660/10484, Loss: 5.2239
  Batch 670/10484, Loss: 4.6367
  Batch 680/10484, Loss: 3.6936
  Batch 690/10484, Loss: 5.0820
  Batch 700/10484, Loss: 4.8358
  Batch 710/10484, Loss: 4.8807
  Batch 720/10484, Loss: 4.5885
  Batch 730/10484, Loss: 4.5329
  Batch 740/10484, Loss: 4.6329
  Batch 750/10484, Loss: 4.8061
  Batch 760/10484, Loss: 5.1082
  Batch 770/10484, Loss: 4.9828
  Batch 780/10484, Loss: 4.7857
  Batch 790/10484, Loss: 4.2553
  Batch 800/10484, Loss: 4.3548
  Batch 810/10484, Loss: 4.8535
  Batch 820/10484, Loss: 4.6597
  Batch 830/10484, Loss: 3.9619
  Batch 840/10484, Loss: 4.7847
  Batch 850/10484, Loss: 5.1250
  Batch 860/10484, Loss: 4.5365
  Batch 870/10484, Loss: 4.2086
  Batch 880/10484, Loss: 5.3137
  Batch 890/10484, Loss: 4.8232
  Batch 900/10484, Loss: 4.9706
  Batch 910/10484, Loss: 5.1168
  Batch 920/10484, Loss: 4.9780
  Batch 930/10484, Loss: 5.1595
  Batch 940/10484, Loss: 4.6740
  Batch 950/10484, Loss: 5.0665
  Batch 960/10484, Loss: 5.1519
  Batch 970/10484, Loss: 5.2355
  Batch 980/10484, Loss: 4.8850
  Batch 990/10484, Loss: 4.6243
  Batch 1000/10484, Loss: 4.2543
  Batch 1010/10484, Loss: 4.8925
  Batch 1020/10484, Loss: 4.1238
  Batch 1030/10484, Loss: 5.1914
  Batch 1040/10484, Loss: 4.5351
  Batch 1050/10484, Loss: 4.9953
  Batch 1060/10484, Loss: 4.9979
  Batch 1070/10484, Loss: 4.7463
  Batch 1080/10484, Loss: 5.0010
  Batch 1090/10484, Loss: 4.5994
  Batch 1100/10484, Loss: 4.8962
  Batch 1110/10484, Loss: 4.8163
  Batch 1120/10484, Loss: 4.7064
  Batch 1130/10484, Loss: 4.6498
  Batch 1140/10484, Loss: 4.4217
  Batch 1150/10484, Loss: 4.3044
  Batch 1160/10484, Loss: 4.8949
  Batch 1170/10484, Loss: 4.9594
  Batch 1180/10484, Loss: 4.9112
  Batch 1190/10484, Loss: 5.2148
  Batch 1200/10484, Loss: 5.0144
  Batch 1210/10484, Loss: 4.6064
  Batch 1220/10484, Loss: 4.6711
  Batch 1230/10484, Loss: 4.7801
  Batch 1240/10484, Loss: 4.9222
  Batch 1250/10484, Loss: 5.1806
  Batch 1260/10484, Loss: 4.7733
  Batch 1270/10484, Loss: 4.8673
  Batch 1280/10484, Loss: 4.5107
  Batch 1290/10484, Loss: 5.4431
  Batch 1300/10484, Loss: 5.0092
  Batch 1310/10484, Loss: 4.8246
  Batch 1320/10484, Loss: 5.1894
  Batch 1330/10484, Loss: 4.6198
  Batch 1340/10484, Loss: 4.9614
  Batch 1350/10484, Loss: 4.8804
  Batch 1360/10484, Loss: 4.8556
  Batch 1370/10484, Loss: 4.4790
  Batch 1380/10484, Loss: 4.7031
  Batch 1390/10484, Loss: 4.7751
  Batch 1400/10484, Loss: 4.5032
  Batch 1410/10484, Loss: 4.8786
  Batch 1420/10484, Loss: 5.0565
  Batch 1430/10484, Loss: 5.0126
  Batch 1440/10484, Loss: 4.9473
  Batch 1450/10484, Loss: 4.5718
  Batch 1460/10484, Loss: 4.5762
  Batch 1470/10484, Loss: 4.7608
  Batch 1480/10484, Loss: 5.1012
  Batch 1490/10484, Loss: 4.7259
  Batch 1500/10484, Loss: 5.0430
  Batch 1510/10484, Loss: 5.0390
  Batch 1520/10484, Loss: 4.7665
  Batch 1530/10484, Loss: 4.7492
  Batch 1540/10484, Loss: 4.4427
  Batch 1550/10484, Loss: 4.3389
  Batch 1560/10484, Loss: 4.4644
  Batch 1570/10484, Loss: 4.7266
  Batch 1580/10484, Loss: 5.2400
  Batch 1590/10484, Loss: 4.2840
  Batch 1600/10484, Loss: 4.8544
  Batch 1610/10484, Loss: 4.4894
  Batch 1620/10484, Loss: 4.7675
  Batch 1630/10484, Loss: 4.6471
  Batch 1640/10484, Loss: 4.9191
  Batch 1650/10484, Loss: 4.6300
  Batch 1660/10484, Loss: 4.2872
  Batch 1670/10484, Loss: 4.7735
  Batch 1680/10484, Loss: 4.5988
  Batch 1690/10484, Loss: 4.8487
  Batch 1700/10484, Loss: 4.8524
  Batch 1710/10484, Loss: 4.9318
  Batch 1720/10484, Loss: 5.1261
  Batch 1730/10484, Loss: 5.1856
  Batch 1740/10484, Loss: 4.8002
  Batch 1750/10484, Loss: 4.8764
  Batch 1760/10484, Loss: 5.3141
  Batch 1770/10484, Loss: 4.6530
  Batch 1780/10484, Loss: 5.1318
  Batch 1790/10484, Loss: 5.1279
  Batch 1800/10484, Loss: 4.7121
  Batch 1810/10484, Loss: 4.9105
  Batch 1820/10484, Loss: 4.4122
  Batch 1830/10484, Loss: 4.9049
  Batch 1840/10484, Loss: 4.8839
  Batch 1850/10484, Loss: 4.2475
  Batch 1860/10484, Loss: 4.7433
  Batch 1870/10484, Loss: 4.9819
  Batch 1880/10484, Loss: 4.4211
  Batch 1890/10484, Loss: 5.1066
  Batch 1900/10484, Loss: 4.6667
  Batch 1910/10484, Loss: 4.9471
  Batch 1920/10484, Loss: 4.9207
  Batch 1930/10484, Loss: 4.3426
  Batch 1940/10484, Loss: 4.9579
  Batch 1950/10484, Loss: 4.3618
  Batch 1960/10484, Loss: 4.7309
  Batch 1970/10484, Loss: 4.5876
  Batch 1980/10484, Loss: 5.0677
  Batch 1990/10484, Loss: 4.3833
  Batch 2000/10484, Loss: 4.8856
  Batch 2010/10484, Loss: 5.0975
  Batch 2020/10484, Loss: 4.8380
  Batch 2030/10484, Loss: 4.7482
  Batch 2040/10484, Loss: 5.1386
  Batch 2050/10484, Loss: 5.0270
  Batch 2060/10484, Loss: 4.7696
  Batch 2070/10484, Loss: 4.6096
  Batch 2080/10484, Loss: 4.9952
  Batch 2090/10484, Loss: 4.8755
  Batch 2100/10484, Loss: 4.9506
  Batch 2110/10484, Loss: 4.5877
  Batch 2120/10484, Loss: 4.6454
  Batch 2130/10484, Loss: 4.7163
  Batch 2140/10484, Loss: 4.7516
  Batch 2150/10484, Loss: 4.5746
  Batch 2160/10484, Loss: 5.0351
  Batch 2170/10484, Loss: 4.4204
  Batch 2180/10484, Loss: 4.9924
  Batch 2190/10484, Loss: 4.7531
  Batch 2200/10484, Loss: 4.6221
  Batch 2210/10484, Loss: 5.0655
  Batch 2220/10484, Loss: 4.5900
  Batch 2230/10484, Loss: 4.1453
  Batch 2240/10484, Loss: 4.7552
  Batch 2250/10484, Loss: 4.7644
  Batch 2260/10484, Loss: 4.8680
  Batch 2270/10484, Loss: 4.3287
  Batch 2280/10484, Loss: 4.5836
  Batch 2290/10484, Loss: 4.1473
  Batch 2300/10484, Loss: 4.7843
  Batch 2310/10484, Loss: 5.0682
  Batch 2320/10484, Loss: 4.7906
  Batch 2330/10484, Loss: 4.7988
  Batch 2340/10484, Loss: 3.8892
  Batch 2350/10484, Loss: 5.1434
  Batch 2360/10484, Loss: 4.2642
  Batch 2370/10484, Loss: 4.4761
  Batch 2380/10484, Loss: 4.9093
  Batch 2390/10484, Loss: 4.9133
  Batch 2400/10484, Loss: 4.1758
  Batch 2410/10484, Loss: 4.7110
  Batch 2420/10484, Loss: 4.7144
  Batch 2430/10484, Loss: 5.1597
  Batch 2440/10484, Loss: 4.9278
  Batch 2450/10484, Loss: 4.8401
  Batch 2460/10484, Loss: 4.0745
  Batch 2470/10484, Loss: 4.3523
  Batch 2480/10484, Loss: 4.9493
  Batch 2490/10484, Loss: 4.0130
  Batch 2500/10484, Loss: 4.8903
  Batch 2510/10484, Loss: 4.7838
  Batch 2520/10484, Loss: 3.5699
  Batch 2530/10484, Loss: 4.4914
  Batch 2540/10484, Loss: 4.5529
  Batch 2550/10484, Loss: 5.3406
  Batch 2560/10484, Loss: 4.7091
  Batch 2570/10484, Loss: 5.0255
  Batch 2580/10484, Loss: 5.0408
  Batch 2590/10484, Loss: 5.2628
  Batch 2600/10484, Loss: 4.5207
  Batch 2610/10484, Loss: 4.6685
  Batch 2620/10484, Loss: 4.9764
  Batch 2630/10484, Loss: 4.9329
  Batch 2640/10484, Loss: 5.1429
  Batch 2650/10484, Loss: 5.4020
  Batch 2660/10484, Loss: 4.5770
  Batch 2670/10484, Loss: 5.0635
  Batch 2680/10484, Loss: 5.0475
  Batch 2690/10484, Loss: 4.5846
  Batch 2700/10484, Loss: 5.0814
  Batch 2710/10484, Loss: 4.8248
  Batch 2720/10484, Loss: 5.2843
  Batch 2730/10484, Loss: 4.9582
  Batch 2740/10484, Loss: 4.9177
  Batch 2750/10484, Loss: 4.9891
  Batch 2760/10484, Loss: 4.1814
  Batch 2770/10484, Loss: 5.1138
  Batch 2780/10484, Loss: 4.7826
  Batch 2790/10484, Loss: 4.2037
  Batch 2800/10484, Loss: 4.9343
  Batch 2810/10484, Loss: 4.6077
  Batch 2820/10484, Loss: 4.6880
  Batch 2830/10484, Loss: 4.8069
  Batch 2840/10484, Loss: 4.5577
  Batch 2850/10484, Loss: 4.3673
  Batch 2860/10484, Loss: 4.5354
  Batch 2870/10484, Loss: 4.9283
  Batch 2880/10484, Loss: 5.3165
  Batch 2890/10484, Loss: 4.8892
  Batch 2900/10484, Loss: 4.7423
  Batch 2910/10484, Loss: 5.2113
  Batch 2920/10484, Loss: 4.4502
  Batch 2930/10484, Loss: 4.8930
  Batch 2940/10484, Loss: 4.7086
  Batch 2950/10484, Loss: 5.2371
  Batch 2960/10484, Loss: 4.9912
  Batch 2970/10484, Loss: 4.7536
  Batch 2980/10484, Loss: 5.3255
  Batch 2990/10484, Loss: 5.0490
  Batch 3000/10484, Loss: 4.3349
  Batch 3010/10484, Loss: 4.5648
  Batch 3020/10484, Loss: 4.8774
  Batch 3030/10484, Loss: 4.3628
  Batch 3040/10484, Loss: 4.6572
  Batch 3050/10484, Loss: 4.8288
  Batch 3060/10484, Loss: 5.1441
  Batch 3070/10484, Loss: 4.8843
  Batch 3080/10484, Loss: 5.0747
  Batch 3090/10484, Loss: 4.9470
  Batch 3100/10484, Loss: 4.8712
  Batch 3110/10484, Loss: 4.8976
  Batch 3120/10484, Loss: 4.8635
  Batch 3130/10484, Loss: 4.6559
  Batch 3140/10484, Loss: 4.4105
  Batch 3150/10484, Loss: 5.2593
  Batch 3160/10484, Loss: 4.4644
  Batch 3170/10484, Loss: 4.5541
  Batch 3180/10484, Loss: 4.7579
  Batch 3190/10484, Loss: 4.6511
  Batch 3200/10484, Loss: 4.9678
  Batch 3210/10484, Loss: 4.5204
  Batch 3220/10484, Loss: 4.6888
  Batch 3230/10484, Loss: 4.3615
  Batch 3240/10484, Loss: 4.7873
  Batch 3250/10484, Loss: 4.9231
  Batch 3260/10484, Loss: 5.0417
  Batch 3270/10484, Loss: 4.7496
  Batch 3280/10484, Loss: 4.7453
  Batch 3290/10484, Loss: 5.0369
  Batch 3300/10484, Loss: 4.7229
  Batch 3310/10484, Loss: 4.6685
  Batch 3320/10484, Loss: 5.0308
  Batch 3330/10484, Loss: 4.3103
  Batch 3340/10484, Loss: 4.8740
  Batch 3350/10484, Loss: 4.8953
  Batch 3360/10484, Loss: 4.9360
  Batch 3370/10484, Loss: 4.8015
  Batch 3380/10484, Loss: 4.6648
  Batch 3390/10484, Loss: 4.5700
  Batch 3400/10484, Loss: 4.6675
  Batch 3410/10484, Loss: 4.5301
  Batch 3420/10484, Loss: 4.8870
  Batch 3430/10484, Loss: 4.6081
  Batch 3440/10484, Loss: 5.2595
  Batch 3450/10484, Loss: 4.5868
  Batch 3460/10484, Loss: 4.5894
  Batch 3470/10484, Loss: 4.6571
  Batch 3480/10484, Loss: 4.3990
  Batch 3490/10484, Loss: 4.7725
  Batch 3500/10484, Loss: 5.0191
  Batch 3510/10484, Loss: 4.3500
  Batch 3520/10484, Loss: 4.4892
  Batch 3530/10484, Loss: 4.9955
  Batch 3540/10484, Loss: 4.2047
  Batch 3550/10484, Loss: 4.6085
  Batch 3560/10484, Loss: 4.3689
  Batch 3570/10484, Loss: 5.5524
  Batch 3580/10484, Loss: 4.5652
  Batch 3590/10484, Loss: 4.2772
  Batch 3600/10484, Loss: 4.5935
  Batch 3610/10484, Loss: 4.5687
  Batch 3620/10484, Loss: 5.0036
  Batch 3630/10484, Loss: 4.7987
  Batch 3640/10484, Loss: 5.0238
  Batch 3650/10484, Loss: 5.6289
  Batch 3660/10484, Loss: 4.7208
  Batch 3670/10484, Loss: 4.7275
  Batch 3680/10484, Loss: 5.0110
  Batch 3690/10484, Loss: 4.9642
  Batch 3700/10484, Loss: 4.9229
  Batch 3710/10484, Loss: 4.6576
  Batch 3720/10484, Loss: 4.7105
  Batch 3730/10484, Loss: 4.8912
  Batch 3740/10484, Loss: 5.1260
  Batch 3750/10484, Loss: 4.9237
  Batch 3760/10484, Loss: 4.8845
  Batch 3770/10484, Loss: 4.7313
  Batch 3780/10484, Loss: 4.9903
  Batch 3790/10484, Loss: 4.3688
  Batch 3800/10484, Loss: 4.3661
  Batch 3810/10484, Loss: 4.8119
  Batch 3820/10484, Loss: 4.8104
  Batch 3830/10484, Loss: 5.1177
  Batch 3840/10484, Loss: 5.0211
  Batch 3850/10484, Loss: 5.1189
  Batch 3860/10484, Loss: 4.2460
  Batch 3870/10484, Loss: 4.2104
  Batch 3880/10484, Loss: 4.1046
  Batch 3890/10484, Loss: 4.5001
  Batch 3900/10484, Loss: 4.5553
  Batch 3910/10484, Loss: 4.6188
  Batch 3920/10484, Loss: 4.9831
  Batch 3930/10484, Loss: 5.0992
  Batch 3940/10484, Loss: 4.8217
  Batch 3950/10484, Loss: 4.8844
  Batch 3960/10484, Loss: 3.8911
  Batch 3970/10484, Loss: 4.5183
  Batch 3980/10484, Loss: 5.2447
  Batch 3990/10484, Loss: 4.4908
  Batch 4000/10484, Loss: 4.2153
  Batch 4010/10484, Loss: 4.7669
  Batch 4020/10484, Loss: 5.0435
  Batch 4030/10484, Loss: 4.9911
  Batch 4040/10484, Loss: 5.1156
  Batch 4050/10484, Loss: 4.6302
  Batch 4060/10484, Loss: 4.7466
  Batch 4070/10484, Loss: 4.9012
  Batch 4080/10484, Loss: 4.5526
  Batch 4090/10484, Loss: 5.1251
  Batch 4100/10484, Loss: 5.1915
  Batch 4110/10484, Loss: 4.9901
  Batch 4120/10484, Loss: 4.9567
  Batch 4130/10484, Loss: 4.4275
  Batch 4140/10484, Loss: 4.4941
  Batch 4150/10484, Loss: 4.2262
  Batch 4160/10484, Loss: 4.5808
  Batch 4170/10484, Loss: 4.4703
  Batch 4180/10484, Loss: 5.2666
  Batch 4190/10484, Loss: 5.4314
  Batch 4200/10484, Loss: 4.7604
  Batch 4210/10484, Loss: 4.8081
  Batch 4220/10484, Loss: 5.3074
  Batch 4230/10484, Loss: 4.8499
  Batch 4240/10484, Loss: 4.9220
  Batch 4250/10484, Loss: 4.7264
  Batch 4260/10484, Loss: 5.1489
  Batch 4270/10484, Loss: 4.8328
  Batch 4280/10484, Loss: 4.8108
  Batch 4290/10484, Loss: 4.8032
  Batch 4300/10484, Loss: 4.6514
  Batch 4310/10484, Loss: 4.9349
  Batch 4320/10484, Loss: 5.0841
  Batch 4330/10484, Loss: 4.9109
  Batch 4340/10484, Loss: 4.9223
  Batch 4350/10484, Loss: 4.0019
  Batch 4360/10484, Loss: 4.6687
  Batch 4370/10484, Loss: 4.1904
  Batch 4380/10484, Loss: 4.8164
  Batch 4390/10484, Loss: 4.4380
  Batch 4400/10484, Loss: 4.4929
  Batch 4410/10484, Loss: 4.6503
  Batch 4420/10484, Loss: 5.0945
  Batch 4430/10484, Loss: 4.9760
  Batch 4440/10484, Loss: 5.0179
  Batch 4450/10484, Loss: 4.2426
  Batch 4460/10484, Loss: 4.7051
  Batch 4470/10484, Loss: 4.9457
  Batch 4480/10484, Loss: 4.5475
  Batch 4490/10484, Loss: 5.0575
  Batch 4500/10484, Loss: 5.2288
  Batch 4510/10484, Loss: 4.0749
  Batch 4520/10484, Loss: 5.1489
  Batch 4530/10484, Loss: 4.7415
  Batch 4540/10484, Loss: 4.7520
  Batch 4550/10484, Loss: 4.8510
  Batch 4560/10484, Loss: 5.2672
  Batch 4570/10484, Loss: 5.4785
  Batch 4580/10484, Loss: 4.7077
  Batch 4590/10484, Loss: 4.7018
  Batch 4600/10484, Loss: 5.2377
  Batch 4610/10484, Loss: 4.9744
  Batch 4620/10484, Loss: 5.1853
  Batch 4630/10484, Loss: 4.7006
  Batch 4640/10484, Loss: 4.5197
  Batch 4650/10484, Loss: 4.2979
  Batch 4660/10484, Loss: 4.6251
  Batch 4670/10484, Loss: 4.5956
  Batch 4680/10484, Loss: 4.7317
  Batch 4690/10484, Loss: 4.8761
  Batch 4700/10484, Loss: 4.4027
  Batch 4710/10484, Loss: 4.6740
  Batch 4720/10484, Loss: 4.6921
  Batch 4730/10484, Loss: 4.7046
  Batch 4740/10484, Loss: 4.6997
  Batch 4750/10484, Loss: 4.5076
  Batch 4760/10484, Loss: 4.9849
  Batch 4770/10484, Loss: 4.5986
  Batch 4780/10484, Loss: 4.2435
  Batch 4790/10484, Loss: 5.0418
  Batch 4800/10484, Loss: 5.1570
  Batch 4810/10484, Loss: 4.8420
  Batch 4820/10484, Loss: 4.8320
  Batch 4830/10484, Loss: 4.4663
  Batch 4840/10484, Loss: 5.0252
  Batch 4850/10484, Loss: 5.0593
  Batch 4860/10484, Loss: 4.3678
  Batch 4870/10484, Loss: 4.5413
  Batch 4880/10484, Loss: 5.1302
  Batch 4890/10484, Loss: 4.9111
  Batch 4900/10484, Loss: 4.6724
  Batch 4910/10484, Loss: 5.3253
  Batch 4920/10484, Loss: 4.8101
  Batch 4930/10484, Loss: 5.3224
  Batch 4940/10484, Loss: 4.9299
  Batch 4950/10484, Loss: 5.0914
  Batch 4960/10484, Loss: 5.5029
  Batch 4970/10484, Loss: 5.1723
  Batch 4980/10484, Loss: 5.1122
  Batch 4990/10484, Loss: 5.4583
  Batch 5000/10484, Loss: 4.6854
  Batch 5010/10484, Loss: 4.7288
  Batch 5020/10484, Loss: 4.6605
  Batch 5030/10484, Loss: 5.2065
  Batch 5040/10484, Loss: 5.0060
  Batch 5050/10484, Loss: 4.3672
  Batch 5060/10484, Loss: 4.8650
  Batch 5070/10484, Loss: 4.8011
  Batch 5080/10484, Loss: 4.9791
  Batch 5090/10484, Loss: 4.8014
  Batch 5100/10484, Loss: 4.8138
  Batch 5110/10484, Loss: 4.9851
  Batch 5120/10484, Loss: 4.4304
  Batch 5130/10484, Loss: 4.5909
  Batch 5140/10484, Loss: 4.7597
  Batch 5150/10484, Loss: 4.9508
  Batch 5160/10484, Loss: 4.1605
  Batch 5170/10484, Loss: 4.8750
  Batch 5180/10484, Loss: 5.6412
  Batch 5190/10484, Loss: 4.9410
  Batch 5200/10484, Loss: 4.3370
  Batch 5210/10484, Loss: 5.0612
  Batch 5220/10484, Loss: 5.4415
  Batch 5230/10484, Loss: 4.6394
  Batch 5240/10484, Loss: 4.6538
  Batch 5250/10484, Loss: 4.4778
  Batch 5260/10484, Loss: 4.4620
  Batch 5270/10484, Loss: 4.9373
  Batch 5280/10484, Loss: 4.5830
  Batch 5290/10484, Loss: 4.6456
  Batch 5300/10484, Loss: 5.1365
  Batch 5310/10484, Loss: 4.7423
  Batch 5320/10484, Loss: 4.8761
  Batch 5330/10484, Loss: 4.8274
  Batch 5340/10484, Loss: 5.2191
  Batch 5350/10484, Loss: 5.0899
  Batch 5360/10484, Loss: 5.3496
  Batch 5370/10484, Loss: 4.8647
  Batch 5380/10484, Loss: 4.9191
  Batch 5390/10484, Loss: 5.0066
  Batch 5400/10484, Loss: 4.3769
  Batch 5410/10484, Loss: 5.1945
  Batch 5420/10484, Loss: 4.8257
  Batch 5430/10484, Loss: 4.6019
  Batch 5440/10484, Loss: 5.0111
  Batch 5450/10484, Loss: 5.2762
  Batch 5460/10484, Loss: 4.4868
  Batch 5470/10484, Loss: 4.4995
  Batch 5480/10484, Loss: 4.5666
  Batch 5490/10484, Loss: 4.8161
  Batch 5500/10484, Loss: 4.4852
  Batch 5510/10484, Loss: 4.8393
  Batch 5520/10484, Loss: 4.6628
  Batch 5530/10484, Loss: 5.0027
  Batch 5540/10484, Loss: 4.9297
  Batch 5550/10484, Loss: 4.2551
  Batch 5560/10484, Loss: 4.2891
  Batch 5570/10484, Loss: 4.5041
  Batch 5580/10484, Loss: 4.1534
  Batch 5590/10484, Loss: 5.0770
  Batch 5600/10484, Loss: 4.6010
  Batch 5610/10484, Loss: 5.4538
  Batch 5620/10484, Loss: 4.2173
  Batch 5630/10484, Loss: 4.7964
  Batch 5640/10484, Loss: 5.0524
  Batch 5650/10484, Loss: 4.5650
  Batch 5660/10484, Loss: 4.4989
  Batch 5670/10484, Loss: 5.0036
  Batch 5680/10484, Loss: 4.7698
  Batch 5690/10484, Loss: 4.7448
  Batch 5700/10484, Loss: 4.8915
  Batch 5710/10484, Loss: 4.8488
  Batch 5720/10484, Loss: 4.0491
  Batch 5730/10484, Loss: 4.7657
  Batch 5740/10484, Loss: 4.9055
  Batch 5750/10484, Loss: 4.5261
  Batch 5760/10484, Loss: 4.7749
  Batch 5770/10484, Loss: 4.6860
  Batch 5780/10484, Loss: 5.1896
  Batch 5790/10484, Loss: 4.7712
  Batch 5800/10484, Loss: 4.5848
  Batch 5810/10484, Loss: 5.1286
  Batch 5820/10484, Loss: 4.8464
  Batch 5830/10484, Loss: 4.8773
  Batch 5840/10484, Loss: 4.4838
  Batch 5850/10484, Loss: 4.3723
  Batch 5860/10484, Loss: 5.1119
  Batch 5870/10484, Loss: 4.5304
  Batch 5880/10484, Loss: 4.7415
  Batch 5890/10484, Loss: 4.2358
  Batch 5900/10484, Loss: 5.1921
  Batch 5910/10484, Loss: 4.1276
  Batch 5920/10484, Loss: 4.9038
  Batch 5930/10484, Loss: 4.5511
  Batch 5940/10484, Loss: 4.1572
  Batch 5950/10484, Loss: 4.6225
  Batch 5960/10484, Loss: 4.5200
  Batch 5970/10484, Loss: 4.5953
  Batch 5980/10484, Loss: 5.3976
  Batch 5990/10484, Loss: 5.2980
  Batch 6000/10484, Loss: 4.8939
  Batch 6010/10484, Loss: 4.7773
  Batch 6020/10484, Loss: 5.2595
  Batch 6030/10484, Loss: 5.1587
  Batch 6040/10484, Loss: 4.4588
  Batch 6050/10484, Loss: 5.2260
  Batch 6060/10484, Loss: 4.9344
  Batch 6070/10484, Loss: 5.1464
  Batch 6080/10484, Loss: 4.9474
  Batch 6090/10484, Loss: 5.1477
  Batch 6100/10484, Loss: 3.9449
  Batch 6110/10484, Loss: 5.3804
  Batch 6120/10484, Loss: 4.6435
  Batch 6130/10484, Loss: 5.0272
  Batch 6140/10484, Loss: 4.4950
  Batch 6150/10484, Loss: 3.8259
  Batch 6160/10484, Loss: 5.4275
  Batch 6170/10484, Loss: 5.5777
  Batch 6180/10484, Loss: 5.2351
  Batch 6190/10484, Loss: 4.9328
  Batch 6200/10484, Loss: 4.8563
  Batch 6210/10484, Loss: 5.2737
  Batch 6220/10484, Loss: 4.4552
  Batch 6230/10484, Loss: 4.3243
  Batch 6240/10484, Loss: 4.7863
  Batch 6250/10484, Loss: 5.0055
  Batch 6260/10484, Loss: 4.8009
  Batch 6270/10484, Loss: 4.8978
  Batch 6280/10484, Loss: 4.9372
  Batch 6290/10484, Loss: 4.6350
  Batch 6300/10484, Loss: 4.5219
  Batch 6310/10484, Loss: 4.4854
  Batch 6320/10484, Loss: 5.2195
  Batch 6330/10484, Loss: 4.3609
  Batch 6340/10484, Loss: 5.3137
  Batch 6350/10484, Loss: 4.4357
  Batch 6360/10484, Loss: 4.7624
  Batch 6370/10484, Loss: 5.1517
  Batch 6380/10484, Loss: 5.1431
  Batch 6390/10484, Loss: 4.4613
  Batch 6400/10484, Loss: 4.9268
  Batch 6410/10484, Loss: 5.0632
  Batch 6420/10484, Loss: 4.2827
  Batch 6430/10484, Loss: 5.3473
  Batch 6440/10484, Loss: 4.4845
  Batch 6450/10484, Loss: 4.8663
  Batch 6460/10484, Loss: 4.6640
  Batch 6470/10484, Loss: 4.8591
  Batch 6480/10484, Loss: 4.8571
  Batch 6490/10484, Loss: 4.5157
  Batch 6500/10484, Loss: 4.7153
  Batch 6510/10484, Loss: 5.1299
  Batch 6520/10484, Loss: 4.9886
  Batch 6530/10484, Loss: 5.1296
  Batch 6540/10484, Loss: 5.0720
  Batch 6550/10484, Loss: 4.7281
  Batch 6560/10484, Loss: 4.4621
  Batch 6570/10484, Loss: 4.8724
  Batch 6580/10484, Loss: 4.7565
  Batch 6590/10484, Loss: 5.1168
  Batch 6600/10484, Loss: 4.7759
  Batch 6610/10484, Loss: 5.1138
  Batch 6620/10484, Loss: 4.4543
  Batch 6630/10484, Loss: 4.0657
  Batch 6640/10484, Loss: 5.1897
  Batch 6650/10484, Loss: 5.0850
  Batch 6660/10484, Loss: 5.1758
  Batch 6670/10484, Loss: 4.5201
  Batch 6680/10484, Loss: 5.3847
  Batch 6690/10484, Loss: 4.5997
  Batch 6700/10484, Loss: 4.8827
  Batch 6710/10484, Loss: 4.7040
  Batch 6720/10484, Loss: 5.1278
  Batch 6730/10484, Loss: 4.6006
  Batch 6740/10484, Loss: 5.1944
  Batch 6750/10484, Loss: 4.5284
  Batch 6760/10484, Loss: 4.8230
  Batch 6770/10484, Loss: 4.9392
  Batch 6780/10484, Loss: 4.7955
  Batch 6790/10484, Loss: 4.8635
  Batch 6800/10484, Loss: 4.7557
  Batch 6810/10484, Loss: 4.9774
  Batch 6820/10484, Loss: 5.0094
  Batch 6830/10484, Loss: 4.6363
  Batch 6840/10484, Loss: 4.3985
  Batch 6850/10484, Loss: 5.0341
  Batch 6860/10484, Loss: 4.6906
  Batch 6870/10484, Loss: 4.8114
  Batch 6880/10484, Loss: 4.4124
  Batch 6890/10484, Loss: 4.9626
  Batch 6900/10484, Loss: 4.8023
  Batch 6910/10484, Loss: 4.7597
  Batch 6920/10484, Loss: 4.8906
  Batch 6930/10484, Loss: 4.8367
  Batch 6940/10484, Loss: 5.1017
  Batch 6950/10484, Loss: 4.8225
  Batch 6960/10484, Loss: 5.2366
  Batch 6970/10484, Loss: 4.9143
  Batch 6980/10484, Loss: 4.9748
  Batch 6990/10484, Loss: 5.1191
  Batch 7000/10484, Loss: 5.2117
  Batch 7010/10484, Loss: 4.6691
  Batch 7020/10484, Loss: 4.7038
  Batch 7030/10484, Loss: 5.4770
  Batch 7040/10484, Loss: 4.5877
  Batch 7050/10484, Loss: 4.8211
  Batch 7060/10484, Loss: 4.6747
  Batch 7070/10484, Loss: 4.6496
  Batch 7080/10484, Loss: 3.8527
  Batch 7090/10484, Loss: 4.7439
  Batch 7100/10484, Loss: 4.5770
  Batch 7110/10484, Loss: 4.6322
  Batch 7120/10484, Loss: 4.6158
  Batch 7130/10484, Loss: 4.8738
  Batch 7140/10484, Loss: 4.7613
  Batch 7150/10484, Loss: 4.3673
  Batch 7160/10484, Loss: 4.4845
  Batch 7170/10484, Loss: 4.1861
  Batch 7180/10484, Loss: 4.7650
  Batch 7190/10484, Loss: 4.7736
  Batch 7200/10484, Loss: 4.8720
  Batch 7210/10484, Loss: 4.8866
  Batch 7220/10484, Loss: 4.9242
  Batch 7230/10484, Loss: 5.0285
  Batch 7240/10484, Loss: 4.8149
  Batch 7250/10484, Loss: 5.0646
  Batch 7260/10484, Loss: 4.7391
  Batch 7270/10484, Loss: 5.1826
  Batch 7280/10484, Loss: 4.9194
  Batch 7290/10484, Loss: 5.0841
  Batch 7300/10484, Loss: 4.4838
  Batch 7310/10484, Loss: 4.8511
  Batch 7320/10484, Loss: 4.4477
  Batch 7330/10484, Loss: 4.8378
  Batch 7340/10484, Loss: 4.8616
  Batch 7350/10484, Loss: 4.6546
  Batch 7360/10484, Loss: 4.9815
  Batch 7370/10484, Loss: 4.9726
  Batch 7380/10484, Loss: 5.1863
  Batch 7390/10484, Loss: 4.4145
  Batch 7400/10484, Loss: 4.1837
  Batch 7410/10484, Loss: 4.6969
  Batch 7420/10484, Loss: 5.4304
  Batch 7430/10484, Loss: 4.3354
  Batch 7440/10484, Loss: 5.2157
  Batch 7450/10484, Loss: 4.8094
  Batch 7460/10484, Loss: 4.7194
  Batch 7470/10484, Loss: 4.6977
  Batch 7480/10484, Loss: 5.0038
  Batch 7490/10484, Loss: 4.8049
  Batch 7500/10484, Loss: 4.5745
  Batch 7510/10484, Loss: 4.9101
  Batch 7520/10484, Loss: 5.0547
  Batch 7530/10484, Loss: 5.3231
  Batch 7540/10484, Loss: 4.6358
  Batch 7550/10484, Loss: 4.2582
  Batch 7560/10484, Loss: 4.6985
  Batch 7570/10484, Loss: 5.2182
  Batch 7580/10484, Loss: 4.7475
  Batch 7590/10484, Loss: 4.6529
  Batch 7600/10484, Loss: 3.9807
  Batch 7610/10484, Loss: 4.7793
  Batch 7620/10484, Loss: 4.9798
  Batch 7630/10484, Loss: 4.1071
  Batch 7640/10484, Loss: 4.9362
  Batch 7650/10484, Loss: 4.7559
  Batch 7660/10484, Loss: 4.7933
  Batch 7670/10484, Loss: 4.8430
  Batch 7680/10484, Loss: 4.7281
  Batch 7690/10484, Loss: 4.1651
  Batch 7700/10484, Loss: 5.1847
  Batch 7710/10484, Loss: 5.0663
  Batch 7720/10484, Loss: 4.5238
  Batch 7730/10484, Loss: 5.3321
  Batch 7740/10484, Loss: 4.6094
  Batch 7750/10484, Loss: 5.1844
  Batch 7760/10484, Loss: 5.1837
  Batch 7770/10484, Loss: 5.3564
  Batch 7780/10484, Loss: 5.1735
  Batch 7790/10484, Loss: 4.3452
  Batch 7800/10484, Loss: 4.4769
  Batch 7810/10484, Loss: 4.7411
  Batch 7820/10484, Loss: 5.3555
  Batch 7830/10484, Loss: 5.4496
  Batch 7840/10484, Loss: 4.1982
  Batch 7850/10484, Loss: 5.0554
  Batch 7860/10484, Loss: 5.1261
  Batch 7870/10484, Loss: 4.9919
  Batch 7880/10484, Loss: 5.1754
  Batch 7890/10484, Loss: 4.8337
  Batch 7900/10484, Loss: 5.5062
  Batch 7910/10484, Loss: 4.3831
  Batch 7920/10484, Loss: 4.5548
  Batch 7930/10484, Loss: 4.3954
  Batch 7940/10484, Loss: 4.4956
  Batch 7950/10484, Loss: 4.2937
  Batch 7960/10484, Loss: 4.2262
  Batch 7970/10484, Loss: 4.3769
  Batch 7980/10484, Loss: 5.3475
  Batch 7990/10484, Loss: 4.4290
  Batch 8000/10484, Loss: 4.4684
  Batch 8010/10484, Loss: 4.9956
  Batch 8020/10484, Loss: 5.2671
  Batch 8030/10484, Loss: 4.2579
  Batch 8040/10484, Loss: 4.8355
  Batch 8050/10484, Loss: 5.4690
  Batch 8060/10484, Loss: 4.9047
  Batch 8070/10484, Loss: 5.3031
  Batch 8080/10484, Loss: 4.5033
  Batch 8090/10484, Loss: 4.9740
  Batch 8100/10484, Loss: 4.7120
  Batch 8110/10484, Loss: 4.7606
  Batch 8120/10484, Loss: 4.6397
  Batch 8130/10484, Loss: 4.8017
  Batch 8140/10484, Loss: 4.8968
  Batch 8150/10484, Loss: 4.9768
  Batch 8160/10484, Loss: 5.0792
  Batch 8170/10484, Loss: 4.8500
  Batch 8180/10484, Loss: 5.2420
  Batch 8190/10484, Loss: 5.1998
  Batch 8200/10484, Loss: 5.2357
  Batch 8210/10484, Loss: 4.2961
  Batch 8220/10484, Loss: 5.0225
  Batch 8230/10484, Loss: 4.5003
  Batch 8240/10484, Loss: 4.1743
  Batch 8250/10484, Loss: 5.1111
  Batch 8260/10484, Loss: 4.9528
  Batch 8270/10484, Loss: 4.1410
  Batch 8280/10484, Loss: 4.8632
  Batch 8290/10484, Loss: 4.8028
  Batch 8300/10484, Loss: 4.3136
  Batch 8310/10484, Loss: 5.0181
  Batch 8320/10484, Loss: 4.4603
  Batch 8330/10484, Loss: 4.8850
  Batch 8340/10484, Loss: 3.9562
  Batch 8350/10484, Loss: 4.3656
  Batch 8360/10484, Loss: 4.7362
  Batch 8370/10484, Loss: 4.4415
  Batch 8380/10484, Loss: 4.7968
  Batch 8390/10484, Loss: 4.9268
  Batch 8400/10484, Loss: 4.5989
  Batch 8410/10484, Loss: 4.8298
  Batch 8420/10484, Loss: 4.6613
  Batch 8430/10484, Loss: 5.4931
  Batch 8440/10484, Loss: 5.3495
  Batch 8450/10484, Loss: 5.2750
  Batch 8460/10484, Loss: 4.4789
  Batch 8470/10484, Loss: 4.6688
  Batch 8480/10484, Loss: 5.0422
  Batch 8490/10484, Loss: 4.3489
  Batch 8500/10484, Loss: 4.4984
  Batch 8510/10484, Loss: 4.5778
  Batch 8520/10484, Loss: 4.8465
  Batch 8530/10484, Loss: 4.8260
  Batch 8540/10484, Loss: 4.5943
  Batch 8550/10484, Loss: 5.0023
  Batch 8560/10484, Loss: 4.8889
  Batch 8570/10484, Loss: 5.0012
  Batch 8580/10484, Loss: 4.5488
  Batch 8590/10484, Loss: 4.7632
  Batch 8600/10484, Loss: 4.9968
  Batch 8610/10484, Loss: 4.1700
  Batch 8620/10484, Loss: 4.7813
  Batch 8630/10484, Loss: 4.4252
  Batch 8640/10484, Loss: 4.6763
  Batch 8650/10484, Loss: 4.4783
  Batch 8660/10484, Loss: 4.9995
  Batch 8670/10484, Loss: 4.7974
  Batch 8680/10484, Loss: 3.9282
  Batch 8690/10484, Loss: 4.4098
  Batch 8700/10484, Loss: 4.9278
  Batch 8710/10484, Loss: 5.0237
  Batch 8720/10484, Loss: 4.7177
  Batch 8730/10484, Loss: 4.9820
  Batch 8740/10484, Loss: 4.6194
  Batch 8750/10484, Loss: 4.6083
  Batch 8760/10484, Loss: 5.0758
  Batch 8770/10484, Loss: 4.8705
  Batch 8780/10484, Loss: 4.9764
  Batch 8790/10484, Loss: 4.8951
  Batch 8800/10484, Loss: 4.6952
  Batch 8810/10484, Loss: 4.2717
  Batch 8820/10484, Loss: 4.7189
  Batch 8830/10484, Loss: 4.4414
  Batch 8840/10484, Loss: 4.8460
  Batch 8850/10484, Loss: 5.0074
  Batch 8860/10484, Loss: 4.6199
  Batch 8870/10484, Loss: 4.8383
  Batch 8880/10484, Loss: 4.6421
  Batch 8890/10484, Loss: 4.9501
  Batch 8900/10484, Loss: 4.6165
  Batch 8910/10484, Loss: 4.6360
  Batch 8920/10484, Loss: 4.4293
  Batch 8930/10484, Loss: 4.4380
  Batch 8940/10484, Loss: 4.8476
  Batch 8950/10484, Loss: 4.5471
  Batch 8960/10484, Loss: 4.2571
  Batch 8970/10484, Loss: 5.1020
  Batch 8980/10484, Loss: 4.5912
  Batch 8990/10484, Loss: 4.5659
  Batch 9000/10484, Loss: 4.5748
  Batch 9010/10484, Loss: 4.7551
  Batch 9020/10484, Loss: 4.7979
  Batch 9030/10484, Loss: 5.0989
  Batch 9040/10484, Loss: 4.4141
  Batch 9050/10484, Loss: 4.9226
  Batch 9060/10484, Loss: 4.6079
  Batch 9070/10484, Loss: 4.5891
  Batch 9080/10484, Loss: 5.5625
  Batch 9090/10484, Loss: 4.0118
  Batch 9100/10484, Loss: 4.8155
  Batch 9110/10484, Loss: 4.3766
  Batch 9120/10484, Loss: 4.9871
  Batch 9130/10484, Loss: 4.1381
  Batch 9140/10484, Loss: 4.3952
  Batch 9150/10484, Loss: 5.0728
  Batch 9160/10484, Loss: 5.6900
  Batch 9170/10484, Loss: 4.9270
  Batch 9180/10484, Loss: 5.0705
  Batch 9190/10484, Loss: 4.8870
  Batch 9200/10484, Loss: 4.8613
  Batch 9210/10484, Loss: 5.0497
  Batch 9220/10484, Loss: 4.3520
  Batch 9230/10484, Loss: 4.9922
  Batch 9240/10484, Loss: 4.2611
  Batch 9250/10484, Loss: 5.2995
  Batch 9260/10484, Loss: 5.0310
  Batch 9270/10484, Loss: 4.4682
  Batch 9280/10484, Loss: 5.0537
  Batch 9290/10484, Loss: 5.5080
  Batch 9300/10484, Loss: 4.6285
  Batch 9310/10484, Loss: 5.2906
  Batch 9320/10484, Loss: 4.6660
  Batch 9330/10484, Loss: 4.2138
  Batch 9340/10484, Loss: 4.8203
  Batch 9350/10484, Loss: 4.8839
  Batch 9360/10484, Loss: 5.6931
  Batch 9370/10484, Loss: 4.9833
  Batch 9380/10484, Loss: 4.7418
  Batch 9390/10484, Loss: 4.8141
  Batch 9400/10484, Loss: 4.5884
  Batch 9410/10484, Loss: 4.7695
  Batch 9420/10484, Loss: 4.9164
  Batch 9430/10484, Loss: 3.9113
  Batch 9440/10484, Loss: 4.8686
  Batch 9450/10484, Loss: 5.1270
  Batch 9460/10484, Loss: 4.4787
  Batch 9470/10484, Loss: 4.0921
  Batch 9480/10484, Loss: 5.2315
  Batch 9490/10484, Loss: 4.4351
  Batch 9500/10484, Loss: 4.6670
  Batch 9510/10484, Loss: 4.8496
  Batch 9520/10484, Loss: 4.2725
  Batch 9530/10484, Loss: 4.8520
  Batch 9540/10484, Loss: 4.6615
  Batch 9550/10484, Loss: 5.2508
  Batch 9560/10484, Loss: 5.3148
  Batch 9570/10484, Loss: 4.9503
  Batch 9580/10484, Loss: 5.2325
  Batch 9590/10484, Loss: 4.5793
  Batch 9600/10484, Loss: 4.8962
  Batch 9610/10484, Loss: 5.2021
  Batch 9620/10484, Loss: 4.9784
  Batch 9630/10484, Loss: 4.5823
  Batch 9640/10484, Loss: 4.8805
  Batch 9650/10484, Loss: 5.4536
  Batch 9660/10484, Loss: 4.9885
  Batch 9670/10484, Loss: 4.9186
  Batch 9680/10484, Loss: 5.2313
  Batch 9690/10484, Loss: 4.9180
  Batch 9700/10484, Loss: 5.4423
  Batch 9710/10484, Loss: 4.8753
  Batch 9720/10484, Loss: 4.3743
  Batch 9730/10484, Loss: 4.5488
  Batch 9740/10484, Loss: 5.2503
  Batch 9750/10484, Loss: 5.0981
  Batch 9760/10484, Loss: 5.1655
  Batch 9770/10484, Loss: 4.4563
  Batch 9780/10484, Loss: 5.1652
  Batch 9790/10484, Loss: 4.5133
  Batch 9800/10484, Loss: 5.1803
  Batch 9810/10484, Loss: 5.1756
  Batch 9820/10484, Loss: 3.8038
  Batch 9830/10484, Loss: 4.5260
  Batch 9840/10484, Loss: 4.9508
  Batch 9850/10484, Loss: 5.0557
  Batch 9860/10484, Loss: 4.6066
  Batch 9870/10484, Loss: 4.8491
  Batch 9880/10484, Loss: 4.9327
  Batch 9890/10484, Loss: 4.4636
  Batch 9900/10484, Loss: 4.7093
  Batch 9910/10484, Loss: 4.4958
  Batch 9920/10484, Loss: 4.8192
  Batch 9930/10484, Loss: 4.6882
  Batch 9940/10484, Loss: 4.6566
  Batch 9950/10484, Loss: 4.6882
  Batch 9960/10484, Loss: 4.6532
  Batch 9970/10484, Loss: 4.7025
  Batch 9980/10484, Loss: 4.7351
  Batch 9990/10484, Loss: 5.1269
  Batch 10000/10484, Loss: 4.8003
  Batch 10010/10484, Loss: 4.8180
  Batch 10020/10484, Loss: 4.8232
  Batch 10030/10484, Loss: 4.6835
  Batch 10040/10484, Loss: 5.0115
  Batch 10050/10484, Loss: 4.7816
  Batch 10060/10484, Loss: 4.7288
  Batch 10070/10484, Loss: 5.0283
  Batch 10080/10484, Loss: 4.6160
  Batch 10090/10484, Loss: 5.2052
  Batch 10100/10484, Loss: 4.9687
  Batch 10110/10484, Loss: 4.7487
  Batch 10120/10484, Loss: 5.2660
  Batch 10130/10484, Loss: 4.7127
  Batch 10140/10484, Loss: 4.5447
  Batch 10150/10484, Loss: 5.1076
  Batch 10160/10484, Loss: 4.9810
  Batch 10170/10484, Loss: 5.0845
  Batch 10180/10484, Loss: 4.8469
  Batch 10190/10484, Loss: 4.9357
  Batch 10200/10484, Loss: 4.5124
  Batch 10210/10484, Loss: 4.6806
  Batch 10220/10484, Loss: 4.7970
  Batch 10230/10484, Loss: 5.1079
  Batch 10240/10484, Loss: 4.4066
  Batch 10250/10484, Loss: 5.2160
  Batch 10260/10484, Loss: 4.6919
  Batch 10270/10484, Loss: 4.7209
  Batch 10280/10484, Loss: 4.5948
  Batch 10290/10484, Loss: 5.2508
  Batch 10300/10484, Loss: 4.7125
  Batch 10310/10484, Loss: 5.0883
  Batch 10320/10484, Loss: 4.8088
  Batch 10330/10484, Loss: 4.3251
  Batch 10340/10484, Loss: 4.1228
  Batch 10350/10484, Loss: 5.2271
  Batch 10360/10484, Loss: 4.4580
  Batch 10370/10484, Loss: 5.0422
  Batch 10380/10484, Loss: 4.9531
  Batch 10390/10484, Loss: 4.5727
  Batch 10400/10484, Loss: 4.9694
  Batch 10410/10484, Loss: 5.0374
  Batch 10420/10484, Loss: 5.6097
  Batch 10430/10484, Loss: 4.8730
  Batch 10440/10484, Loss: 5.1240
  Batch 10450/10484, Loss: 4.9117
  Batch 10460/10484, Loss: 4.8242
  Batch 10470/10484, Loss: 4.4476
  Batch 10480/10484, Loss: 4.8132

  Train Loss: 4.8011
  Val Loss: 6.6137
  Time: 34m 0s
  ✓ Saved checkpoint to /scratch/aitordiez/News2Stock/simple_seq2seq/checkpoints/checkpoint_epoch_4.pt
  ✓ New best model saved! (val_loss: 6.6137)

Epoch 5/20
----------------------------------------
  Batch 10/10484, Loss: 3.4670
  Batch 20/10484, Loss: 4.7844
  Batch 30/10484, Loss: 4.3716
  Batch 40/10484, Loss: 5.1325
  Batch 50/10484, Loss: 4.8056
  Batch 60/10484, Loss: 4.9218
  Batch 70/10484, Loss: 4.9469
  Batch 80/10484, Loss: 4.0381
  Batch 90/10484, Loss: 4.8274
  Batch 100/10484, Loss: 4.5295
  Batch 110/10484, Loss: 4.9337
  Batch 120/10484, Loss: 5.0224
  Batch 130/10484, Loss: 4.1438
  Batch 140/10484, Loss: 4.1201
  Batch 150/10484, Loss: 4.3669
  Batch 160/10484, Loss: 4.7485
  Batch 170/10484, Loss: 4.3923
  Batch 180/10484, Loss: 4.9205
  Batch 190/10484, Loss: 4.5933
  Batch 200/10484, Loss: 5.2137
  Batch 210/10484, Loss: 4.2088
  Batch 220/10484, Loss: 4.5054
  Batch 230/10484, Loss: 4.7658
  Batch 240/10484, Loss: 4.5473
  Batch 250/10484, Loss: 4.3261
  Batch 260/10484, Loss: 4.1975
  Batch 270/10484, Loss: 4.3273
  Batch 280/10484, Loss: 4.8323
  Batch 290/10484, Loss: 4.5416
  Batch 300/10484, Loss: 4.5901
  Batch 310/10484, Loss: 3.9064
  Batch 320/10484, Loss: 4.8531
  Batch 330/10484, Loss: 4.3529
  Batch 340/10484, Loss: 5.0956
  Batch 350/10484, Loss: 4.2417
  Batch 360/10484, Loss: 4.9094
  Batch 370/10484, Loss: 4.7316
  Batch 380/10484, Loss: 5.0746
  Batch 390/10484, Loss: 4.3378
  Batch 400/10484, Loss: 4.4647
  Batch 410/10484, Loss: 4.6012
  Batch 420/10484, Loss: 5.2929
  Batch 430/10484, Loss: 4.8111
  Batch 440/10484, Loss: 4.7838
  Batch 450/10484, Loss: 4.1449
  Batch 460/10484, Loss: 4.5026
  Batch 470/10484, Loss: 3.9067
  Batch 480/10484, Loss: 4.5843
  Batch 490/10484, Loss: 4.8600
  Batch 500/10484, Loss: 4.8391
  Batch 510/10484, Loss: 4.6566
  Batch 520/10484, Loss: 5.0397
  Batch 530/10484, Loss: 4.7140
  Batch 540/10484, Loss: 4.8266
  Batch 550/10484, Loss: 4.4137
  Batch 560/10484, Loss: 4.6769
  Batch 570/10484, Loss: 4.5838
  Batch 580/10484, Loss: 4.7425
  Batch 590/10484, Loss: 4.4205
  Batch 600/10484, Loss: 4.8970
  Batch 610/10484, Loss: 4.9402
  Batch 620/10484, Loss: 4.4694
  Batch 630/10484, Loss: 4.4415
  Batch 640/10484, Loss: 4.9222
  Batch 650/10484, Loss: 4.5796
  Batch 660/10484, Loss: 4.6503
  Batch 670/10484, Loss: 5.2657
  Batch 680/10484, Loss: 4.9448
  Batch 690/10484, Loss: 3.7138
  Batch 700/10484, Loss: 4.7940
  Batch 710/10484, Loss: 4.9538
  Batch 720/10484, Loss: 4.3928
  Batch 730/10484, Loss: 5.1195
  Batch 740/10484, Loss: 4.2483
  Batch 750/10484, Loss: 4.9240
  Batch 760/10484, Loss: 4.7250
  Batch 770/10484, Loss: 4.0551
  Batch 780/10484, Loss: 4.7734
  Batch 790/10484, Loss: 4.8724
  Batch 800/10484, Loss: 5.3111
  Batch 810/10484, Loss: 4.7441
  Batch 820/10484, Loss: 4.7665
  Batch 830/10484, Loss: 4.9198
  Batch 840/10484, Loss: 4.1901
  Batch 850/10484, Loss: 5.3857
  Batch 860/10484, Loss: 4.8101
  Batch 870/10484, Loss: 4.4731
  Batch 880/10484, Loss: 5.0957
  Batch 890/10484, Loss: 4.9539
  Batch 900/10484, Loss: 4.7039
  Batch 910/10484, Loss: 4.7796
  Batch 920/10484, Loss: 4.9948
  Batch 930/10484, Loss: 5.1436
  Batch 940/10484, Loss: 4.5649
  Batch 950/10484, Loss: 5.0758
  Batch 960/10484, Loss: 4.6853
  Batch 970/10484, Loss: 4.8280
  Batch 980/10484, Loss: 4.8645
  Batch 990/10484, Loss: 4.7505
  Batch 1000/10484, Loss: 4.7522
  Batch 1010/10484, Loss: 4.7861
  Batch 1020/10484, Loss: 4.5778
  Batch 1030/10484, Loss: 4.4111
  Batch 1040/10484, Loss: 4.5604
  Batch 1050/10484, Loss: 4.3575
  Batch 1060/10484, Loss: 5.0336
  Batch 1070/10484, Loss: 5.2166
  Batch 1080/10484, Loss: 4.8167
  Batch 1090/10484, Loss: 4.5509
  Batch 1100/10484, Loss: 4.8735
  Batch 1110/10484, Loss: 5.1132
  Batch 1120/10484, Loss: 5.1400
  Batch 1130/10484, Loss: 4.8352
  Batch 1140/10484, Loss: 5.2117
  Batch 1150/10484, Loss: 5.1728
  Batch 1160/10484, Loss: 4.9926
  Batch 1170/10484, Loss: 4.7893
  Batch 1180/10484, Loss: 4.3165
  Batch 1190/10484, Loss: 5.0390
  Batch 1200/10484, Loss: 4.4019
  Batch 1210/10484, Loss: 4.6083
  Batch 1220/10484, Loss: 4.5103
  Batch 1230/10484, Loss: 4.7330
  Batch 1240/10484, Loss: 4.5652
  Batch 1250/10484, Loss: 4.2781
  Batch 1260/10484, Loss: 4.5901
  Batch 1270/10484, Loss: 4.8038
  Batch 1280/10484, Loss: 3.9045
  Batch 1290/10484, Loss: 4.8673
  Batch 1300/10484, Loss: 4.7451
  Batch 1310/10484, Loss: 4.2119
  Batch 1320/10484, Loss: 4.8383
  Batch 1330/10484, Loss: 4.6602
  Batch 1340/10484, Loss: 4.7260
  Batch 1350/10484, Loss: 4.7497
  Batch 1360/10484, Loss: 4.6863
  Batch 1370/10484, Loss: 4.8321
  Batch 1380/10484, Loss: 4.4865
  Batch 1390/10484, Loss: 4.3593
  Batch 1400/10484, Loss: 3.8720
  Batch 1410/10484, Loss: 5.1041
  Batch 1420/10484, Loss: 4.5851
  Batch 1430/10484, Loss: 5.0138
  Batch 1440/10484, Loss: 4.5946
  Batch 1450/10484, Loss: 4.4353
  Batch 1460/10484, Loss: 4.7663
  Batch 1470/10484, Loss: 4.9787
  Batch 1480/10484, Loss: 4.8164
  Batch 1490/10484, Loss: 5.2978
  Batch 1500/10484, Loss: 4.4182
  Batch 1510/10484, Loss: 4.4313
  Batch 1520/10484, Loss: 4.8640
  Batch 1530/10484, Loss: 4.5640
  Batch 1540/10484, Loss: 3.8205
  Batch 1550/10484, Loss: 4.9303
  Batch 1560/10484, Loss: 4.5925
  Batch 1570/10484, Loss: 4.7283
  Batch 1580/10484, Loss: 4.0603
  Batch 1590/10484, Loss: 4.5414
  Batch 1600/10484, Loss: 5.0456
  Batch 1610/10484, Loss: 4.9305
  Batch 1620/10484, Loss: 5.1078
  Batch 1630/10484, Loss: 4.8949
  Batch 1640/10484, Loss: 5.0307
  Batch 1650/10484, Loss: 4.6453
  Batch 1660/10484, Loss: 5.1576
  Batch 1670/10484, Loss: 4.6508
  Batch 1680/10484, Loss: 4.5218
  Batch 1690/10484, Loss: 4.7103
  Batch 1700/10484, Loss: 4.4508
  Batch 1710/10484, Loss: 5.0234
  Batch 1720/10484, Loss: 4.5575
  Batch 1730/10484, Loss: 4.5610
  Batch 1740/10484, Loss: 4.4006
  Batch 1750/10484, Loss: 4.7728
  Batch 1760/10484, Loss: 5.0529
  Batch 1770/10484, Loss: 5.3124
  Batch 1780/10484, Loss: 4.2419
  Batch 1790/10484, Loss: 4.7531
  Batch 1800/10484, Loss: 4.7366
  Batch 1810/10484, Loss: 4.1259
  Batch 1820/10484, Loss: 4.3542
  Batch 1830/10484, Loss: 4.6567
  Batch 1840/10484, Loss: 4.7429
  Batch 1850/10484, Loss: 4.4680
  Batch 1860/10484, Loss: 4.4193
  Batch 1870/10484, Loss: 4.6734
  Batch 1880/10484, Loss: 4.6812
  Batch 1890/10484, Loss: 4.9128
  Batch 1900/10484, Loss: 4.6508
  Batch 1910/10484, Loss: 5.0043
  Batch 1920/10484, Loss: 4.2163
  Batch 1930/10484, Loss: 4.2055
  Batch 1940/10484, Loss: 4.2505
  Batch 1950/10484, Loss: 4.3097
  Batch 1960/10484, Loss: 5.0702
  Batch 1970/10484, Loss: 4.6554
  Batch 1980/10484, Loss: 4.6925
  Batch 1990/10484, Loss: 4.8369
  Batch 2000/10484, Loss: 4.7504
  Batch 2010/10484, Loss: 4.4386
  Batch 2020/10484, Loss: 4.2457
  Batch 2030/10484, Loss: 4.7331
  Batch 2040/10484, Loss: 4.6521
  Batch 2050/10484, Loss: 4.7731
  Batch 2060/10484, Loss: 4.7032
  Batch 2070/10484, Loss: 4.4469
  Batch 2080/10484, Loss: 4.8628
  Batch 2090/10484, Loss: 4.9805
  Batch 2100/10484, Loss: 4.3931
  Batch 2110/10484, Loss: 4.2415
  Batch 2120/10484, Loss: 4.6384
  Batch 2130/10484, Loss: 4.9550
  Batch 2140/10484, Loss: 4.7843
  Batch 2150/10484, Loss: 4.4170
  Batch 2160/10484, Loss: 5.2702
  Batch 2170/10484, Loss: 4.1984
  Batch 2180/10484, Loss: 4.4773
  Batch 2190/10484, Loss: 4.2592
  Batch 2200/10484, Loss: 4.9203
  Batch 2210/10484, Loss: 4.5812
  Batch 2220/10484, Loss: 5.6111
  Batch 2230/10484, Loss: 4.6500
  Batch 2240/10484, Loss: 4.7923
  Batch 2250/10484, Loss: 4.5859
  Batch 2260/10484, Loss: 4.5027
  Batch 2270/10484, Loss: 5.2366
  Batch 2280/10484, Loss: 3.7462
  Batch 2290/10484, Loss: 4.6324
  Batch 2300/10484, Loss: 5.0645
  Batch 2310/10484, Loss: 4.6922
  Batch 2320/10484, Loss: 4.9193
  Batch 2330/10484, Loss: 3.8796
  Batch 2340/10484, Loss: 4.1471
  Batch 2350/10484, Loss: 5.2456
  Batch 2360/10484, Loss: 4.7250
  Batch 2370/10484, Loss: 4.8851
  Batch 2380/10484, Loss: 5.4556
  Batch 2390/10484, Loss: 4.8059
  Batch 2400/10484, Loss: 4.9129
  Batch 2410/10484, Loss: 4.4349
  Batch 2420/10484, Loss: 4.4434
  Batch 2430/10484, Loss: 5.3460
  Batch 2440/10484, Loss: 4.7406
  Batch 2450/10484, Loss: 4.6662
  Batch 2460/10484, Loss: 4.8591
  Batch 2470/10484, Loss: 4.5883
  Batch 2480/10484, Loss: 4.6338
  Batch 2490/10484, Loss: 4.7360
  Batch 2500/10484, Loss: 4.7633
  Batch 2510/10484, Loss: 4.6498
  Batch 2520/10484, Loss: 4.8809
  Batch 2530/10484, Loss: 4.3393
  Batch 2540/10484, Loss: 4.8449
  Batch 2550/10484, Loss: 4.5148
  Batch 2560/10484, Loss: 5.1319
  Batch 2570/10484, Loss: 4.4830
  Batch 2580/10484, Loss: 4.9605
  Batch 2590/10484, Loss: 4.6448
  Batch 2600/10484, Loss: 4.2773
  Batch 2610/10484, Loss: 5.0507
  Batch 2620/10484, Loss: 4.9532
  Batch 2630/10484, Loss: 4.6977
  Batch 2640/10484, Loss: 4.6316
  Batch 2650/10484, Loss: 4.9686
  Batch 2660/10484, Loss: 4.2569
  Batch 2670/10484, Loss: 4.5957
  Batch 2680/10484, Loss: 4.2508
  Batch 2690/10484, Loss: 4.7519
  Batch 2700/10484, Loss: 3.7652
  Batch 2710/10484, Loss: 4.4430
  Batch 2720/10484, Loss: 4.7693
  Batch 2730/10484, Loss: 4.7448
  Batch 2740/10484, Loss: 4.3484
  Batch 2750/10484, Loss: 5.1341
  Batch 2760/10484, Loss: 4.8695
  Batch 2770/10484, Loss: 4.4744
  Batch 2780/10484, Loss: 4.8613
  Batch 2790/10484, Loss: 4.3195
  Batch 2800/10484, Loss: 5.0641
  Batch 2810/10484, Loss: 5.0653
  Batch 2820/10484, Loss: 5.5284
  Batch 2830/10484, Loss: 4.6846
  Batch 2840/10484, Loss: 4.5433
  Batch 2850/10484, Loss: 5.1694
  Batch 2860/10484, Loss: 4.8017
  Batch 2870/10484, Loss: 4.9133
  Batch 2880/10484, Loss: 4.6698
  Batch 2890/10484, Loss: 4.6089
  Batch 2900/10484, Loss: 4.4542
  Batch 2910/10484, Loss: 5.4765
  Batch 2920/10484, Loss: 4.3998
  Batch 2930/10484, Loss: 4.5992
  Batch 2940/10484, Loss: 4.7202
  Batch 2950/10484, Loss: 4.9490
  Batch 2960/10484, Loss: 4.6809
  Batch 2970/10484, Loss: 4.7491
  Batch 2980/10484, Loss: 5.5129
  Batch 2990/10484, Loss: 5.0702
  Batch 3000/10484, Loss: 4.3646
  Batch 3010/10484, Loss: 5.0937
  Batch 3020/10484, Loss: 4.4181
  Batch 3030/10484, Loss: 4.2883
  Batch 3040/10484, Loss: 4.0455
  Batch 3050/10484, Loss: 5.3434
  Batch 3060/10484, Loss: 4.9716
  Batch 3070/10484, Loss: 4.6430
  Batch 3080/10484, Loss: 4.9459
  Batch 3090/10484, Loss: 4.4099
  Batch 3100/10484, Loss: 4.8582
  Batch 3110/10484, Loss: 4.7038
  Batch 3120/10484, Loss: 4.9835
  Batch 3130/10484, Loss: 4.7137
  Batch 3140/10484, Loss: 5.0013
  Batch 3150/10484, Loss: 4.8799
  Batch 3160/10484, Loss: 4.8756
  Batch 3170/10484, Loss: 4.4477
  Batch 3180/10484, Loss: 4.4935
  Batch 3190/10484, Loss: 4.4736
  Batch 3200/10484, Loss: 5.0434
  Batch 3210/10484, Loss: 4.3433
  Batch 3220/10484, Loss: 5.2063
  Batch 3230/10484, Loss: 4.1909
  Batch 3240/10484, Loss: 4.9139
  Batch 3250/10484, Loss: 4.7813
  Batch 3260/10484, Loss: 4.8391
  Batch 3270/10484, Loss: 4.7534
  Batch 3280/10484, Loss: 4.2485
  Batch 3290/10484, Loss: 5.0126
  Batch 3300/10484, Loss: 4.6392
  Batch 3310/10484, Loss: 4.5659
  Batch 3320/10484, Loss: 4.3245
  Batch 3330/10484, Loss: 4.3302
  Batch 3340/10484, Loss: 4.5425
  Batch 3350/10484, Loss: 4.7720
  Batch 3360/10484, Loss: 4.4951
  Batch 3370/10484, Loss: 4.8777
  Batch 3380/10484, Loss: 4.4880
  Batch 3390/10484, Loss: 4.8925
  Batch 3400/10484, Loss: 4.7021
  Batch 3410/10484, Loss: 3.9999
  Batch 3420/10484, Loss: 4.4510
  Batch 3430/10484, Loss: 4.5654
  Batch 3440/10484, Loss: 4.1145
  Batch 3450/10484, Loss: 5.0621
  Batch 3460/10484, Loss: 4.7347
  Batch 3470/10484, Loss: 4.8329
  Batch 3480/10484, Loss: 5.0591
  Batch 3490/10484, Loss: 4.9326
  Batch 3500/10484, Loss: 4.6940
  Batch 3510/10484, Loss: 4.9123
  Batch 3520/10484, Loss: 4.0656
  Batch 3530/10484, Loss: 4.8597
  Batch 3540/10484, Loss: 4.6164
  Batch 3550/10484, Loss: 3.7278
  Batch 3560/10484, Loss: 4.5468
  Batch 3570/10484, Loss: 4.8398
  Batch 3580/10484, Loss: 5.0971
  Batch 3590/10484, Loss: 4.7833
  Batch 3600/10484, Loss: 5.4422
  Batch 3610/10484, Loss: 3.9968
  Batch 3620/10484, Loss: 4.1808
  Batch 3630/10484, Loss: 4.6738
  Batch 3640/10484, Loss: 4.0645
  Batch 3650/10484, Loss: 4.7635
  Batch 3660/10484, Loss: 4.4131
  Batch 3670/10484, Loss: 4.5103
  Batch 3680/10484, Loss: 4.9379
  Batch 3690/10484, Loss: 4.4303
  Batch 3700/10484, Loss: 4.6218
  Batch 3710/10484, Loss: 4.8735
  Batch 3720/10484, Loss: 4.3867
  Batch 3730/10484, Loss: 4.7259
  Batch 3740/10484, Loss: 5.4136
  Batch 3750/10484, Loss: 4.7695
  Batch 3760/10484, Loss: 4.5225
  Batch 3770/10484, Loss: 4.8847
  Batch 3780/10484, Loss: 4.0224
  Batch 3790/10484, Loss: 4.0071
  Batch 3800/10484, Loss: 4.1665
  Batch 3810/10484, Loss: 4.4516
  Batch 3820/10484, Loss: 4.4700
  Batch 3830/10484, Loss: 5.1949
  Batch 3840/10484, Loss: 4.9311
  Batch 3850/10484, Loss: 4.7511
  Batch 3860/10484, Loss: 4.9094
  Batch 3870/10484, Loss: 4.6479
  Batch 3880/10484, Loss: 4.5084
  Batch 3890/10484, Loss: 4.4925
  Batch 3900/10484, Loss: 4.2226
  Batch 3910/10484, Loss: 4.4508
  Batch 3920/10484, Loss: 4.6800
  Batch 3930/10484, Loss: 4.9372
  Batch 3940/10484, Loss: 5.1224
  Batch 3950/10484, Loss: 4.4998
  Batch 3960/10484, Loss: 4.8047
  Batch 3970/10484, Loss: 4.0756
  Batch 3980/10484, Loss: 5.4009
  Batch 3990/10484, Loss: 4.4319
  Batch 4000/10484, Loss: 4.6142
  Batch 4010/10484, Loss: 4.2695
  Batch 4020/10484, Loss: 4.7235
  Batch 4030/10484, Loss: 4.9453
  Batch 4040/10484, Loss: 4.5241
  Batch 4050/10484, Loss: 4.5784
  Batch 4060/10484, Loss: 4.3514
  Batch 4070/10484, Loss: 5.0619
  Batch 4080/10484, Loss: 4.6707
  Batch 4090/10484, Loss: 5.1001
  Batch 4100/10484, Loss: 3.6347
  Batch 4110/10484, Loss: 4.7411
  Batch 4120/10484, Loss: 4.1607
  Batch 4130/10484, Loss: 4.6028
  Batch 4140/10484, Loss: 5.0004
  Batch 4150/10484, Loss: 4.4672
  Batch 4160/10484, Loss: 4.8319
  Batch 4170/10484, Loss: 4.9583
  Batch 4180/10484, Loss: 4.6108
  Batch 4190/10484, Loss: 4.4593
  Batch 4200/10484, Loss: 4.4215
  Batch 4210/10484, Loss: 4.4727
  Batch 4220/10484, Loss: 5.0868
  Batch 4230/10484, Loss: 4.2182
  Batch 4240/10484, Loss: 4.7063
  Batch 4250/10484, Loss: 4.8128
  Batch 4260/10484, Loss: 4.8417
  Batch 4270/10484, Loss: 4.3925
  Batch 4280/10484, Loss: 4.4480
  Batch 4290/10484, Loss: 4.7442
  Batch 4300/10484, Loss: 4.1066
  Batch 4310/10484, Loss: 4.5934
  Batch 4320/10484, Loss: 3.5393
  Batch 4330/10484, Loss: 4.5241
  Batch 4340/10484, Loss: 4.1435
  Batch 4350/10484, Loss: 4.4568
  Batch 4360/10484, Loss: 5.1538
  Batch 4370/10484, Loss: 4.6563
  Batch 4380/10484, Loss: 4.5598
  Batch 4390/10484, Loss: 4.5586
  Batch 4400/10484, Loss: 4.9485
  Batch 4410/10484, Loss: 4.2641
  Batch 4420/10484, Loss: 4.4678
  Batch 4430/10484, Loss: 4.6075
  Batch 4440/10484, Loss: 4.9549
  Batch 4450/10484, Loss: 4.9818
  Batch 4460/10484, Loss: 4.7571
  Batch 4470/10484, Loss: 4.4343
  Batch 4480/10484, Loss: 4.6406
  Batch 4490/10484, Loss: 4.3520
  Batch 4500/10484, Loss: 4.6082
  Batch 4510/10484, Loss: 4.3348
  Batch 4520/10484, Loss: 4.9202
  Batch 4530/10484, Loss: 4.2844
  Batch 4540/10484, Loss: 4.9033
  Batch 4550/10484, Loss: 4.8576
  Batch 4560/10484, Loss: 4.4667
  Batch 4570/10484, Loss: 4.9234
  Batch 4580/10484, Loss: 4.9137
  Batch 4590/10484, Loss: 4.7406
  Batch 4600/10484, Loss: 5.1101
  Batch 4610/10484, Loss: 4.8442
  Batch 4620/10484, Loss: 4.5971
  Batch 4630/10484, Loss: 4.1981
  Batch 4640/10484, Loss: 4.2289
  Batch 4650/10484, Loss: 5.1969
  Batch 4660/10484, Loss: 5.3838
  Batch 4670/10484, Loss: 5.3202
  Batch 4680/10484, Loss: 4.9598
  Batch 4690/10484, Loss: 4.6194
  Batch 4700/10484, Loss: 4.2784
  Batch 4710/10484, Loss: 5.0745
  Batch 4720/10484, Loss: 4.5080
  Batch 4730/10484, Loss: 4.1906
  Batch 4740/10484, Loss: 4.0502
  Batch 4750/10484, Loss: 4.8589
  Batch 4760/10484, Loss: 4.5334
  Batch 4770/10484, Loss: 4.5208
  Batch 4780/10484, Loss: 4.7325
  Batch 4790/10484, Loss: 4.9852
  Batch 4800/10484, Loss: 4.4694
  Batch 4810/10484, Loss: 4.9254
  Batch 4820/10484, Loss: 4.6353
  Batch 4830/10484, Loss: 3.8639
  Batch 4840/10484, Loss: 4.6856
  Batch 4850/10484, Loss: 4.5392
  Batch 4860/10484, Loss: 4.9151
  Batch 4870/10484, Loss: 5.0903
  Batch 4880/10484, Loss: 5.0683
  Batch 4890/10484, Loss: 4.6423
  Batch 4900/10484, Loss: 4.8368
  Batch 4910/10484, Loss: 5.1296
  Batch 4920/10484, Loss: 4.5691
  Batch 4930/10484, Loss: 4.7985
  Batch 4940/10484, Loss: 4.9448
  Batch 4950/10484, Loss: 4.5427
  Batch 4960/10484, Loss: 4.5530
  Batch 4970/10484, Loss: 4.8616
  Batch 4980/10484, Loss: 5.2248
  Batch 4990/10484, Loss: 4.5430
  Batch 5000/10484, Loss: 4.5063
  Batch 5010/10484, Loss: 4.6633
  Batch 5020/10484, Loss: 4.4758
  Batch 5030/10484, Loss: 4.6106
  Batch 5040/10484, Loss: 4.5526
  Batch 5050/10484, Loss: 4.3764
  Batch 5060/10484, Loss: 4.6407
  Batch 5070/10484, Loss: 4.9224
  Batch 5080/10484, Loss: 4.5571
  Batch 5090/10484, Loss: 4.7844
  Batch 5100/10484, Loss: 4.9262
  Batch 5110/10484, Loss: 4.7610
  Batch 5120/10484, Loss: 4.4172
  Batch 5130/10484, Loss: 4.6014
  Batch 5140/10484, Loss: 4.4682
  Batch 5150/10484, Loss: 4.8354
  Batch 5160/10484, Loss: 4.3680
  Batch 5170/10484, Loss: 4.4865
  Batch 5180/10484, Loss: 4.4467
  Batch 5190/10484, Loss: 4.7746
  Batch 5200/10484, Loss: 4.4645
  Batch 5210/10484, Loss: 4.4908
  Batch 5220/10484, Loss: 4.6508
  Batch 5230/10484, Loss: 4.4729
  Batch 5240/10484, Loss: 4.3379
  Batch 5250/10484, Loss: 4.8498
  Batch 5260/10484, Loss: 4.8719
  Batch 5270/10484, Loss: 4.7356
  Batch 5280/10484, Loss: 5.1470
  Batch 5290/10484, Loss: 5.0885
  Batch 5300/10484, Loss: 4.1190
  Batch 5310/10484, Loss: 4.7778
  Batch 5320/10484, Loss: 4.3462
  Batch 5330/10484, Loss: 5.0612
  Batch 5340/10484, Loss: 4.9174
  Batch 5350/10484, Loss: 3.6910
  Batch 5360/10484, Loss: 4.5071
  Batch 5370/10484, Loss: 4.6205
  Batch 5380/10484, Loss: 4.9176
  Batch 5390/10484, Loss: 4.8293
  Batch 5400/10484, Loss: 4.8134
  Batch 5410/10484, Loss: 4.8990
  Batch 5420/10484, Loss: 5.1402
  Batch 5430/10484, Loss: 4.7828
  Batch 5440/10484, Loss: 4.7120
  Batch 5450/10484, Loss: 5.1120
  Batch 5460/10484, Loss: 5.4730
  Batch 5470/10484, Loss: 4.9793
  Batch 5480/10484, Loss: 4.5330
  Batch 5490/10484, Loss: 4.3466
  Batch 5500/10484, Loss: 4.7226
  Batch 5510/10484, Loss: 4.6301
  Batch 5520/10484, Loss: 4.7647
  Batch 5530/10484, Loss: 5.0997
  Batch 5540/10484, Loss: 4.7114
  Batch 5550/10484, Loss: 4.5057
  Batch 5560/10484, Loss: 4.7835
  Batch 5570/10484, Loss: 4.7870
  Batch 5580/10484, Loss: 5.0173
  Batch 5590/10484, Loss: 4.7550
  Batch 5600/10484, Loss: 4.6099
  Batch 5610/10484, Loss: 4.7539
  Batch 5620/10484, Loss: 4.6349
  Batch 5630/10484, Loss: 4.8621
  Batch 5640/10484, Loss: 4.6800
  Batch 5650/10484, Loss: 4.4974
  Batch 5660/10484, Loss: 4.8224
  Batch 5670/10484, Loss: 4.3668
  Batch 5680/10484, Loss: 4.4132
  Batch 5690/10484, Loss: 5.0357
  Batch 5700/10484, Loss: 4.2572
  Batch 5710/10484, Loss: 4.8109
  Batch 5720/10484, Loss: 4.6750
  Batch 5730/10484, Loss: 4.6601
  Batch 5740/10484, Loss: 4.5427
  Batch 5750/10484, Loss: 4.5927
  Batch 5760/10484, Loss: 4.8509
  Batch 5770/10484, Loss: 4.6739
  Batch 5780/10484, Loss: 5.1870
  Batch 5790/10484, Loss: 5.2193
  Batch 5800/10484, Loss: 4.5810
  Batch 5810/10484, Loss: 4.4138
  Batch 5820/10484, Loss: 4.4286
  Batch 5830/10484, Loss: 4.7957
  Batch 5840/10484, Loss: 4.4590
  Batch 5850/10484, Loss: 4.1003
  Batch 5860/10484, Loss: 4.8686
  Batch 5870/10484, Loss: 4.5989
  Batch 5880/10484, Loss: 5.0458
  Batch 5890/10484, Loss: 4.9981
  Batch 5900/10484, Loss: 4.9299
  Batch 5910/10484, Loss: 4.8576
  Batch 5920/10484, Loss: 4.1985
  Batch 5930/10484, Loss: 4.7421
  Batch 5940/10484, Loss: 4.6211
  Batch 5950/10484, Loss: 4.8521
  Batch 5960/10484, Loss: 4.6128
  Batch 5970/10484, Loss: 4.5292
  Batch 5980/10484, Loss: 5.0509
  Batch 5990/10484, Loss: 4.5796
  Batch 6000/10484, Loss: 4.8206
  Batch 6010/10484, Loss: 5.0190
  Batch 6020/10484, Loss: 4.4591
  Batch 6030/10484, Loss: 4.5890
  Batch 6040/10484, Loss: 4.6942
  Batch 6050/10484, Loss: 4.5026
  Batch 6060/10484, Loss: 4.9384
  Batch 6070/10484, Loss: 4.7792
  Batch 6080/10484, Loss: 4.6527
  Batch 6090/10484, Loss: 4.7237
  Batch 6100/10484, Loss: 5.0455
  Batch 6110/10484, Loss: 4.7066
  Batch 6120/10484, Loss: 4.7043
  Batch 6130/10484, Loss: 4.8497
  Batch 6140/10484, Loss: 4.8539
  Batch 6150/10484, Loss: 5.3205
  Batch 6160/10484, Loss: 4.6830
  Batch 6170/10484, Loss: 4.6133
  Batch 6180/10484, Loss: 4.4714
  Batch 6190/10484, Loss: 4.9109
  Batch 6200/10484, Loss: 4.4285
  Batch 6210/10484, Loss: 4.6370
  Batch 6220/10484, Loss: 4.5583
  Batch 6230/10484, Loss: 4.6484
  Batch 6240/10484, Loss: 4.6065
  Batch 6250/10484, Loss: 4.9162
  Batch 6260/10484, Loss: 4.2548
  Batch 6270/10484, Loss: 4.9412
  Batch 6280/10484, Loss: 4.2646
  Batch 6290/10484, Loss: 4.0629
  Batch 6300/10484, Loss: 4.5112
  Batch 6310/10484, Loss: 5.2339
  Batch 6320/10484, Loss: 4.9895
  Batch 6330/10484, Loss: 5.0629
  Batch 6340/10484, Loss: 4.8537
  Batch 6350/10484, Loss: 4.3657
  Batch 6360/10484, Loss: 5.4083
  Batch 6370/10484, Loss: 4.9015
  Batch 6380/10484, Loss: 4.1799
  Batch 6390/10484, Loss: 4.7900
  Batch 6400/10484, Loss: 4.7707
  Batch 6410/10484, Loss: 5.1901
  Batch 6420/10484, Loss: 4.7618
  Batch 6430/10484, Loss: 5.0787
  Batch 6440/10484, Loss: 4.9535
  Batch 6450/10484, Loss: 3.9598
  Batch 6460/10484, Loss: 4.9759
  Batch 6470/10484, Loss: 4.8061
  Batch 6480/10484, Loss: 3.9672
  Batch 6490/10484, Loss: 5.1524
  Batch 6500/10484, Loss: 4.7966
  Batch 6510/10484, Loss: 4.7300
  Batch 6520/10484, Loss: 5.2396
  Batch 6530/10484, Loss: 5.1629
  Batch 6540/10484, Loss: 4.6742
  Batch 6550/10484, Loss: 4.3281
  Batch 6560/10484, Loss: 4.6835
  Batch 6570/10484, Loss: 4.4919
  Batch 6580/10484, Loss: 4.9096
  Batch 6590/10484, Loss: 3.2703
  Batch 6600/10484, Loss: 4.5234
  Batch 6610/10484, Loss: 4.2293
  Batch 6620/10484, Loss: 4.2981
  Batch 6630/10484, Loss: 4.9741
  Batch 6640/10484, Loss: 4.9532
  Batch 6650/10484, Loss: 4.8473
  Batch 6660/10484, Loss: 5.3522
  Batch 6670/10484, Loss: 4.6132
  Batch 6680/10484, Loss: 5.0797
  Batch 6690/10484, Loss: 4.8486
  Batch 6700/10484, Loss: 4.5896
  Batch 6710/10484, Loss: 4.9695
  Batch 6720/10484, Loss: 4.8289
  Batch 6730/10484, Loss: 5.0409
  Batch 6740/10484, Loss: 4.7780
  Batch 6750/10484, Loss: 4.9943
  Batch 6760/10484, Loss: 4.4633
  Batch 6770/10484, Loss: 4.5951
  Batch 6780/10484, Loss: 4.7821
  Batch 6790/10484, Loss: 4.6355
  Batch 6800/10484, Loss: 5.1313
  Batch 6810/10484, Loss: 4.6323
  Batch 6820/10484, Loss: 4.5557
  Batch 6830/10484, Loss: 4.9043
  Batch 6840/10484, Loss: 4.7458
  Batch 6850/10484, Loss: 5.5795
  Batch 6860/10484, Loss: 5.4398
  Batch 6870/10484, Loss: 4.2022
  Batch 6880/10484, Loss: 4.8747
  Batch 6890/10484, Loss: 4.4165
  Batch 6900/10484, Loss: 4.7857
  Batch 6910/10484, Loss: 5.6747
  Batch 6920/10484, Loss: 4.1726
  Batch 6930/10484, Loss: 5.1117
  Batch 6940/10484, Loss: 4.7855
  Batch 6950/10484, Loss: 4.6978
  Batch 6960/10484, Loss: 5.0286
  Batch 6970/10484, Loss: 5.3349
  Batch 6980/10484, Loss: 4.9207
  Batch 6990/10484, Loss: 4.9252
  Batch 7000/10484, Loss: 4.6367
  Batch 7010/10484, Loss: 4.7238
  Batch 7020/10484, Loss: 4.6422
  Batch 7030/10484, Loss: 4.4941
  Batch 7040/10484, Loss: 5.0783
  Batch 7050/10484, Loss: 4.7773
  Batch 7060/10484, Loss: 4.9310
  Batch 7070/10484, Loss: 4.7243
  Batch 7080/10484, Loss: 4.5965
  Batch 7090/10484, Loss: 4.8859
  Batch 7100/10484, Loss: 4.9597
  Batch 7110/10484, Loss: 4.4266
  Batch 7120/10484, Loss: 4.7041
  Batch 7130/10484, Loss: 4.9017
  Batch 7140/10484, Loss: 5.0438
  Batch 7150/10484, Loss: 4.2774
  Batch 7160/10484, Loss: 5.1792
  Batch 7170/10484, Loss: 4.7277
  Batch 7180/10484, Loss: 4.3502
  Batch 7190/10484, Loss: 4.8991
  Batch 7200/10484, Loss: 4.3229
  Batch 7210/10484, Loss: 4.6077
  Batch 7220/10484, Loss: 4.7166
  Batch 7230/10484, Loss: 4.2454
  Batch 7240/10484, Loss: 4.9033
  Batch 7250/10484, Loss: 5.1444
  Batch 7260/10484, Loss: 4.4651
  Batch 7270/10484, Loss: 4.1200
  Batch 7280/10484, Loss: 5.3119
  Batch 7290/10484, Loss: 4.8596
  Batch 7300/10484, Loss: 4.6716
  Batch 7310/10484, Loss: 4.5730
  Batch 7320/10484, Loss: 4.3660
  Batch 7330/10484, Loss: 4.5979
  Batch 7340/10484, Loss: 4.2567
  Batch 7350/10484, Loss: 4.5480
  Batch 7360/10484, Loss: 4.9111
  Batch 7370/10484, Loss: 4.6627
  Batch 7380/10484, Loss: 4.6057
  Batch 7390/10484, Loss: 4.3319
  Batch 7400/10484, Loss: 4.4644
  Batch 7410/10484, Loss: 4.0690
  Batch 7420/10484, Loss: 4.7677
  Batch 7430/10484, Loss: 4.7969
  Batch 7440/10484, Loss: 4.5871
  Batch 7450/10484, Loss: 4.6756
  Batch 7460/10484, Loss: 4.8632
  Batch 7470/10484, Loss: 4.9393
  Batch 7480/10484, Loss: 4.7240
  Batch 7490/10484, Loss: 4.2402
  Batch 7500/10484, Loss: 4.3784
  Batch 7510/10484, Loss: 4.9779
  Batch 7520/10484, Loss: 4.0837
  Batch 7530/10484, Loss: 4.5810
  Batch 7540/10484, Loss: 5.0434
  Batch 7550/10484, Loss: 4.7276
  Batch 7560/10484, Loss: 5.0725
  Batch 7570/10484, Loss: 4.9165
  Batch 7580/10484, Loss: 5.1367
  Batch 7590/10484, Loss: 4.7952
  Batch 7600/10484, Loss: 5.0786
  Batch 7610/10484, Loss: 4.2283
  Batch 7620/10484, Loss: 4.8625
  Batch 7630/10484, Loss: 4.7396
  Batch 7640/10484, Loss: 5.2210
  Batch 7650/10484, Loss: 4.7188
  Batch 7660/10484, Loss: 5.0491
  Batch 7670/10484, Loss: 5.0585
  Batch 7680/10484, Loss: 4.2832
  Batch 7690/10484, Loss: 4.5358
  Batch 7700/10484, Loss: 4.7582
  Batch 7710/10484, Loss: 4.8796
  Batch 7720/10484, Loss: 4.4446
  Batch 7730/10484, Loss: 4.7558
  Batch 7740/10484, Loss: 5.0497
  Batch 7750/10484, Loss: 5.3703
  Batch 7760/10484, Loss: 4.4220
  Batch 7770/10484, Loss: 4.5363
  Batch 7780/10484, Loss: 4.6239
  Batch 7790/10484, Loss: 4.6741
  Batch 7800/10484, Loss: 4.8903
  Batch 7810/10484, Loss: 4.9243
  Batch 7820/10484, Loss: 4.9466
  Batch 7830/10484, Loss: 4.6417
  Batch 7840/10484, Loss: 4.8511
  Batch 7850/10484, Loss: 4.9225
  Batch 7860/10484, Loss: 4.6658
  Batch 7870/10484, Loss: 4.3136
  Batch 7880/10484, Loss: 4.3595
  Batch 7890/10484, Loss: 4.2515
  Batch 7900/10484, Loss: 4.5957
  Batch 7910/10484, Loss: 5.0056
  Batch 7920/10484, Loss: 4.6826
  Batch 7930/10484, Loss: 4.9843
  Batch 7940/10484, Loss: 4.9926
  Batch 7950/10484, Loss: 4.7588
  Batch 7960/10484, Loss: 4.2359
  Batch 7970/10484, Loss: 5.0955
  Batch 7980/10484, Loss: 4.3851
  Batch 7990/10484, Loss: 4.9628
  Batch 8000/10484, Loss: 4.5459
  Batch 8010/10484, Loss: 4.5593
  Batch 8020/10484, Loss: 4.5055
  Batch 8030/10484, Loss: 4.9822
  Batch 8040/10484, Loss: 5.0305
  Batch 8050/10484, Loss: 5.4234
  Batch 8060/10484, Loss: 4.5796
  Batch 8070/10484, Loss: 4.1229
  Batch 8080/10484, Loss: 4.9016
  Batch 8090/10484, Loss: 5.1552
  Batch 8100/10484, Loss: 4.9666
  Batch 8110/10484, Loss: 5.4212
  Batch 8120/10484, Loss: 4.8391
  Batch 8130/10484, Loss: 4.3377
  Batch 8140/10484, Loss: 4.8470
  Batch 8150/10484, Loss: 4.9781
  Batch 8160/10484, Loss: 4.9260
  Batch 8170/10484, Loss: 4.2392
  Batch 8180/10484, Loss: 4.8471
  Batch 8190/10484, Loss: 4.7808
  Batch 8200/10484, Loss: 5.0400
  Batch 8210/10484, Loss: 5.3510
  Batch 8220/10484, Loss: 4.9368
  Batch 8230/10484, Loss: 4.8713
  Batch 8240/10484, Loss: 5.1767
  Batch 8250/10484, Loss: 3.8952
  Batch 8260/10484, Loss: 4.7195
  Batch 8270/10484, Loss: 4.5910
  Batch 8280/10484, Loss: 4.3749
  Batch 8290/10484, Loss: 5.0353
  Batch 8300/10484, Loss: 4.7088
  Batch 8310/10484, Loss: 4.7239
  Batch 8320/10484, Loss: 4.3668
  Batch 8330/10484, Loss: 4.8976
  Batch 8340/10484, Loss: 4.4454
  Batch 8350/10484, Loss: 4.8257
  Batch 8360/10484, Loss: 4.1579
  Batch 8370/10484, Loss: 4.4766
  Batch 8380/10484, Loss: 4.5885
  Batch 8390/10484, Loss: 4.4875
  Batch 8400/10484, Loss: 4.5634
  Batch 8410/10484, Loss: 4.6404
  Batch 8420/10484, Loss: 5.1168
  Batch 8430/10484, Loss: 4.5312
  Batch 8440/10484, Loss: 4.5797
  Batch 8450/10484, Loss: 4.3579
  Batch 8460/10484, Loss: 4.2683
  Batch 8470/10484, Loss: 4.6052
  Batch 8480/10484, Loss: 4.4660
  Batch 8490/10484, Loss: 4.5117
  Batch 8500/10484, Loss: 3.6290
  Batch 8510/10484, Loss: 4.8161
  Batch 8520/10484, Loss: 4.5109
  Batch 8530/10484, Loss: 4.1953
  Batch 8540/10484, Loss: 4.8557
  Batch 8550/10484, Loss: 4.7429
  Batch 8560/10484, Loss: 4.4955
  Batch 8570/10484, Loss: 4.3157
  Batch 8580/10484, Loss: 4.6396
  Batch 8590/10484, Loss: 5.6465
  Batch 8600/10484, Loss: 3.9173
  Batch 8610/10484, Loss: 5.1499
  Batch 8620/10484, Loss: 4.0304
  Batch 8630/10484, Loss: 4.7191
  Batch 8640/10484, Loss: 4.9493
  Batch 8650/10484, Loss: 4.7718
  Batch 8660/10484, Loss: 4.2641
  Batch 8670/10484, Loss: 4.8913
  Batch 8680/10484, Loss: 4.1900
  Batch 8690/10484, Loss: 4.5356
  Batch 8700/10484, Loss: 4.5415
  Batch 8710/10484, Loss: 5.3634
  Batch 8720/10484, Loss: 5.2895
  Batch 8730/10484, Loss: 4.4155
  Batch 8740/10484, Loss: 4.4894
  Batch 8750/10484, Loss: 4.9865
  Batch 8760/10484, Loss: 4.7780
  Batch 8770/10484, Loss: 4.6164
  Batch 8780/10484, Loss: 5.0549
  Batch 8790/10484, Loss: 5.5244
  Batch 8800/10484, Loss: 4.6471
  Batch 8810/10484, Loss: 4.4452
  Batch 8820/10484, Loss: 4.2992
  Batch 8830/10484, Loss: 5.1654
  Batch 8840/10484, Loss: 5.0450
  Batch 8850/10484, Loss: 4.8049
  Batch 8860/10484, Loss: 4.5035
  Batch 8870/10484, Loss: 4.8885
  Batch 8880/10484, Loss: 4.6403
  Batch 8890/10484, Loss: 4.7917
  Batch 8900/10484, Loss: 4.1598
  Batch 8910/10484, Loss: 5.0055
  Batch 8920/10484, Loss: 5.0449
  Batch 8930/10484, Loss: 4.2434
  Batch 8940/10484, Loss: 5.2781
  Batch 8950/10484, Loss: 4.8690
  Batch 8960/10484, Loss: 4.8529
  Batch 8970/10484, Loss: 5.0486
  Batch 8980/10484, Loss: 4.8881
  Batch 8990/10484, Loss: 4.4940
  Batch 9000/10484, Loss: 4.9411
  Batch 9010/10484, Loss: 4.6073
  Batch 9020/10484, Loss: 4.7553
  Batch 9030/10484, Loss: 5.1822
  Batch 9040/10484, Loss: 4.6019
  Batch 9050/10484, Loss: 4.5597
  Batch 9060/10484, Loss: 4.3117
  Batch 9070/10484, Loss: 4.4258
  Batch 9080/10484, Loss: 4.2655
  Batch 9090/10484, Loss: 4.8771
  Batch 9100/10484, Loss: 4.2895
  Batch 9110/10484, Loss: 4.8259
  Batch 9120/10484, Loss: 4.5709
  Batch 9130/10484, Loss: 5.0036
  Batch 9140/10484, Loss: 4.6559
  Batch 9150/10484, Loss: 4.5489
  Batch 9160/10484, Loss: 5.2021
  Batch 9170/10484, Loss: 3.8462
  Batch 9180/10484, Loss: 4.6314
  Batch 9190/10484, Loss: 4.8512
  Batch 9200/10484, Loss: 4.9081
  Batch 9210/10484, Loss: 5.2280
  Batch 9220/10484, Loss: 4.5227
  Batch 9230/10484, Loss: 4.9678
  Batch 9240/10484, Loss: 4.4650
  Batch 9250/10484, Loss: 4.4718
  Batch 9260/10484, Loss: 4.4378
  Batch 9270/10484, Loss: 4.3965
  Batch 9280/10484, Loss: 4.9162
  Batch 9290/10484, Loss: 4.4816
  Batch 9300/10484, Loss: 5.0673
  Batch 9310/10484, Loss: 4.7597
  Batch 9320/10484, Loss: 4.0212
  Batch 9330/10484, Loss: 5.1241
  Batch 9340/10484, Loss: 3.9881
  Batch 9350/10484, Loss: 4.4937
  Batch 9360/10484, Loss: 4.1647
  Batch 9370/10484, Loss: 4.6732
  Batch 9380/10484, Loss: 4.8986
  Batch 9390/10484, Loss: 4.2245
  Batch 9400/10484, Loss: 5.2301
  Batch 9410/10484, Loss: 4.2239
  Batch 9420/10484, Loss: 5.2753
  Batch 9430/10484, Loss: 4.4644
  Batch 9440/10484, Loss: 4.9509
  Batch 9450/10484, Loss: 4.6072
  Batch 9460/10484, Loss: 4.7135
  Batch 9470/10484, Loss: 4.5461
  Batch 9480/10484, Loss: 5.1012
  Batch 9490/10484, Loss: 4.2677
  Batch 9500/10484, Loss: 5.4975
  Batch 9510/10484, Loss: 4.6486
  Batch 9520/10484, Loss: 4.1191
  Batch 9530/10484, Loss: 4.4280
  Batch 9540/10484, Loss: 4.9059
  Batch 9550/10484, Loss: 4.8694
  Batch 9560/10484, Loss: 4.6162
  Batch 9570/10484, Loss: 4.7530
  Batch 9580/10484, Loss: 4.5152
  Batch 9590/10484, Loss: 4.2503
  Batch 9600/10484, Loss: 4.7692
  Batch 9610/10484, Loss: 4.5320
  Batch 9620/10484, Loss: 5.1038
  Batch 9630/10484, Loss: 4.4352
  Batch 9640/10484, Loss: 4.6126
  Batch 9650/10484, Loss: 4.5782
  Batch 9660/10484, Loss: 4.9413
  Batch 9670/10484, Loss: 5.1106
  Batch 9680/10484, Loss: 5.0323
  Batch 9690/10484, Loss: 5.2941
  Batch 9700/10484, Loss: 5.0780
  Batch 9710/10484, Loss: 4.7923
  Batch 9720/10484, Loss: 4.8802
  Batch 9730/10484, Loss: 4.8381
  Batch 9740/10484, Loss: 4.5003
  Batch 9750/10484, Loss: 4.2391
  Batch 9760/10484, Loss: 4.3964
  Batch 9770/10484, Loss: 4.9386
  Batch 9780/10484, Loss: 4.8079
  Batch 9790/10484, Loss: 4.7609
  Batch 9800/10484, Loss: 4.7494
  Batch 9810/10484, Loss: 4.8625
  Batch 9820/10484, Loss: 4.1599
  Batch 9830/10484, Loss: 4.4873
  Batch 9840/10484, Loss: 4.8743
  Batch 9850/10484, Loss: 5.3370
  Batch 9860/10484, Loss: 4.7273
  Batch 9870/10484, Loss: 3.9811
  Batch 9880/10484, Loss: 5.2518
  Batch 9890/10484, Loss: 4.6209
  Batch 9900/10484, Loss: 5.0951
  Batch 9910/10484, Loss: 4.8954
  Batch 9920/10484, Loss: 4.4285
  Batch 9930/10484, Loss: 4.5791
  Batch 9940/10484, Loss: 4.2202
  Batch 9950/10484, Loss: 4.9124
  Batch 9960/10484, Loss: 4.8807
  Batch 9970/10484, Loss: 5.0131
  Batch 9980/10484, Loss: 5.3624
  Batch 9990/10484, Loss: 4.9212
  Batch 10000/10484, Loss: 4.7035
  Batch 10010/10484, Loss: 4.7507
  Batch 10020/10484, Loss: 5.1533
  Batch 10030/10484, Loss: 4.5041
  Batch 10040/10484, Loss: 4.7068
  Batch 10050/10484, Loss: 4.2795
  Batch 10060/10484, Loss: 4.7606
  Batch 10070/10484, Loss: 3.7328
  Batch 10080/10484, Loss: 4.8619
  Batch 10090/10484, Loss: 4.9739
  Batch 10100/10484, Loss: 4.8921
  Batch 10110/10484, Loss: 4.9709
  Batch 10120/10484, Loss: 4.5928
  Batch 10130/10484, Loss: 5.1571
  Batch 10140/10484, Loss: 4.4163
  Batch 10150/10484, Loss: 4.9413
  Batch 10160/10484, Loss: 4.3514
  Batch 10170/10484, Loss: 4.8816
  Batch 10180/10484, Loss: 4.6318
  Batch 10190/10484, Loss: 5.0558
  Batch 10200/10484, Loss: 5.2283
  Batch 10210/10484, Loss: 4.8025
  Batch 10220/10484, Loss: 5.0866
  Batch 10230/10484, Loss: 4.2967
  Batch 10240/10484, Loss: 4.1530
  Batch 10250/10484, Loss: 5.1938
  Batch 10260/10484, Loss: 4.3379
  Batch 10270/10484, Loss: 4.3873
  Batch 10280/10484, Loss: 4.4352
  Batch 10290/10484, Loss: 4.4962
  Batch 10300/10484, Loss: 4.4657
  Batch 10310/10484, Loss: 5.2405
  Batch 10320/10484, Loss: 5.1262
  Batch 10330/10484, Loss: 4.4308
  Batch 10340/10484, Loss: 4.7321
  Batch 10350/10484, Loss: 5.1490
  Batch 10360/10484, Loss: 4.6003
  Batch 10370/10484, Loss: 4.7197
  Batch 10380/10484, Loss: 4.4903
  Batch 10390/10484, Loss: 4.7493
  Batch 10400/10484, Loss: 4.7362
  Batch 10410/10484, Loss: 4.9444
  Batch 10420/10484, Loss: 5.0780
  Batch 10430/10484, Loss: 4.0484
  Batch 10440/10484, Loss: 4.4329
  Batch 10450/10484, Loss: 5.0640
  Batch 10460/10484, Loss: 4.6315
  Batch 10470/10484, Loss: 4.9796
  Batch 10480/10484, Loss: 4.8750

  Train Loss: 4.7005
  Val Loss: 6.6746
  Time: 31m 48s
  ✓ Saved checkpoint to /scratch/aitordiez/News2Stock/simple_seq2seq/checkpoints/checkpoint_epoch_5.pt

Epoch 6/20
----------------------------------------
  Batch 10/10484, Loss: 4.0899
  Batch 20/10484, Loss: 5.2801
  Batch 30/10484, Loss: 4.6382
  Batch 40/10484, Loss: 4.3797
  Batch 50/10484, Loss: 4.4739
  Batch 60/10484, Loss: 4.5838
  Batch 70/10484, Loss: 4.2837
  Batch 80/10484, Loss: 4.3579
  Batch 90/10484, Loss: 4.2303
  Batch 100/10484, Loss: 4.8665
  Batch 110/10484, Loss: 3.8002
  Batch 120/10484, Loss: 4.0412
  Batch 130/10484, Loss: 4.5577
  Batch 140/10484, Loss: 4.3704
  Batch 150/10484, Loss: 4.7256
  Batch 160/10484, Loss: 4.9336
  Batch 170/10484, Loss: 4.5421
  Batch 180/10484, Loss: 4.4219
  Batch 190/10484, Loss: 4.4654
  Batch 200/10484, Loss: 4.1438
  Batch 210/10484, Loss: 4.5315
  Batch 220/10484, Loss: 4.4456
  Batch 230/10484, Loss: 4.2699
  Batch 240/10484, Loss: 4.2709
  Batch 250/10484, Loss: 4.1716
  Batch 260/10484, Loss: 4.2107
  Batch 270/10484, Loss: 4.5072
  Batch 280/10484, Loss: 4.8083
  Batch 290/10484, Loss: 4.7391
  Batch 300/10484, Loss: 4.1988
  Batch 310/10484, Loss: 4.7554
  Batch 320/10484, Loss: 4.6421
  Batch 330/10484, Loss: 4.8333
  Batch 340/10484, Loss: 3.9762
  Batch 350/10484, Loss: 4.4135
  Batch 360/10484, Loss: 4.7964
  Batch 370/10484, Loss: 4.8766
  Batch 380/10484, Loss: 4.6102
  Batch 390/10484, Loss: 4.1256
  Batch 400/10484, Loss: 4.3371
  Batch 410/10484, Loss: 5.2967
  Batch 420/10484, Loss: 4.6713
  Batch 430/10484, Loss: 4.8631
  Batch 440/10484, Loss: 4.3554
  Batch 450/10484, Loss: 4.5747
  Batch 460/10484, Loss: 4.8142
  Batch 470/10484, Loss: 4.4043
  Batch 480/10484, Loss: 4.9103
  Batch 490/10484, Loss: 4.6371
  Batch 500/10484, Loss: 4.4297
  Batch 510/10484, Loss: 4.9456
  Batch 520/10484, Loss: 4.7066
  Batch 530/10484, Loss: 4.8320
  Batch 540/10484, Loss: 3.8551
  Batch 550/10484, Loss: 3.9157
  Batch 560/10484, Loss: 4.4974
  Batch 570/10484, Loss: 3.7392
  Batch 580/10484, Loss: 4.8923
  Batch 590/10484, Loss: 4.9222
  Batch 600/10484, Loss: 4.8836
  Batch 610/10484, Loss: 4.3928
  Batch 620/10484, Loss: 5.2448
  Batch 630/10484, Loss: 4.7022
  Batch 640/10484, Loss: 4.6129
  Batch 650/10484, Loss: 4.9691
  Batch 660/10484, Loss: 4.5071
  Batch 670/10484, Loss: 4.7532
  Batch 680/10484, Loss: 5.2148
  Batch 690/10484, Loss: 4.3503
  Batch 700/10484, Loss: 4.4379
  Batch 710/10484, Loss: 4.8393
  Batch 720/10484, Loss: 4.2674
  Batch 730/10484, Loss: 4.5385
  Batch 740/10484, Loss: 4.2864
  Batch 750/10484, Loss: 3.9865
  Batch 760/10484, Loss: 4.7635
  Batch 770/10484, Loss: 4.5210
  Batch 780/10484, Loss: 4.4720
  Batch 790/10484, Loss: 4.4597
  Batch 800/10484, Loss: 4.8996
  Batch 810/10484, Loss: 4.7699
  Batch 820/10484, Loss: 4.2776
  Batch 830/10484, Loss: 4.5678
  Batch 840/10484, Loss: 4.5779
  Batch 850/10484, Loss: 4.6043
  Batch 860/10484, Loss: 4.6783
  Batch 870/10484, Loss: 4.3458
  Batch 880/10484, Loss: 4.3272
  Batch 890/10484, Loss: 4.6673
  Batch 900/10484, Loss: 4.7198
  Batch 910/10484, Loss: 4.7355
  Batch 920/10484, Loss: 4.9524
  Batch 930/10484, Loss: 4.4246
  Batch 940/10484, Loss: 4.1444
  Batch 950/10484, Loss: 5.0271
  Batch 960/10484, Loss: 4.6423
  Batch 970/10484, Loss: 4.8105
  Batch 980/10484, Loss: 5.1117
  Batch 990/10484, Loss: 5.1928
  Batch 1000/10484, Loss: 4.6660
  Batch 1010/10484, Loss: 4.5700
  Batch 1020/10484, Loss: 5.2761
  Batch 1030/10484, Loss: 4.0855
  Batch 1040/10484, Loss: 4.1780
  Batch 1050/10484, Loss: 4.5276
  Batch 1060/10484, Loss: 4.8622
  Batch 1070/10484, Loss: 4.4282
  Batch 1080/10484, Loss: 4.7695
  Batch 1090/10484, Loss: 4.5745
  Batch 1100/10484, Loss: 4.4504
  Batch 1110/10484, Loss: 4.8468
  Batch 1120/10484, Loss: 4.3967
  Batch 1130/10484, Loss: 4.4893
  Batch 1140/10484, Loss: 4.5728
  Batch 1150/10484, Loss: 4.9009
  Batch 1160/10484, Loss: 4.8873
  Batch 1170/10484, Loss: 5.1010
  Batch 1180/10484, Loss: 4.3896
  Batch 1190/10484, Loss: 4.7132
  Batch 1200/10484, Loss: 5.1968
  Batch 1210/10484, Loss: 4.5894
  Batch 1220/10484, Loss: 4.6039
  Batch 1230/10484, Loss: 5.1323
  Batch 1240/10484, Loss: 4.7486
  Batch 1250/10484, Loss: 4.8749
  Batch 1260/10484, Loss: 5.0537
  Batch 1270/10484, Loss: 4.7113
  Batch 1280/10484, Loss: 4.7161
  Batch 1290/10484, Loss: 4.4917
  Batch 1300/10484, Loss: 4.3553
  Batch 1310/10484, Loss: 4.4009
  Batch 1320/10484, Loss: 4.9047
  Batch 1330/10484, Loss: 4.0163
  Batch 1340/10484, Loss: 4.5126
  Batch 1350/10484, Loss: 3.9348
  Batch 1360/10484, Loss: 4.5676
  Batch 1370/10484, Loss: 4.3295
  Batch 1380/10484, Loss: 4.3618
  Batch 1390/10484, Loss: 4.6959
  Batch 1400/10484, Loss: 4.5766
  Batch 1410/10484, Loss: 5.1107
  Batch 1420/10484, Loss: 4.6799
  Batch 1430/10484, Loss: 5.2105
  Batch 1440/10484, Loss: 4.9034
  Batch 1450/10484, Loss: 4.8226
  Batch 1460/10484, Loss: 4.5118
  Batch 1470/10484, Loss: 4.7707
  Batch 1480/10484, Loss: 4.9245
  Batch 1490/10484, Loss: 3.8695
  Batch 1500/10484, Loss: 4.8281
  Batch 1510/10484, Loss: 4.5738
  Batch 1520/10484, Loss: 4.3433
  Batch 1530/10484, Loss: 4.6594
  Batch 1540/10484, Loss: 4.9539
  Batch 1550/10484, Loss: 4.6494
  Batch 1560/10484, Loss: 4.6147
  Batch 1570/10484, Loss: 4.8358
  Batch 1580/10484, Loss: 4.9188
  Batch 1590/10484, Loss: 4.2503
  Batch 1600/10484, Loss: 4.5253
  Batch 1610/10484, Loss: 4.5524
  Batch 1620/10484, Loss: 4.8760
  Batch 1630/10484, Loss: 4.6409
  Batch 1640/10484, Loss: 4.1499
  Batch 1650/10484, Loss: 4.7065
  Batch 1660/10484, Loss: 5.0229
  Batch 1670/10484, Loss: 5.0243
  Batch 1680/10484, Loss: 4.0831
  Batch 1690/10484, Loss: 3.9490
  Batch 1700/10484, Loss: 4.5045
  Batch 1710/10484, Loss: 4.7621
  Batch 1720/10484, Loss: 5.1914
  Batch 1730/10484, Loss: 4.9612
  Batch 1740/10484, Loss: 4.2797
  Batch 1750/10484, Loss: 4.8253
  Batch 1760/10484, Loss: 4.7866
  Batch 1770/10484, Loss: 4.9146
  Batch 1780/10484, Loss: 5.1149
  Batch 1790/10484, Loss: 4.5250
  Batch 1800/10484, Loss: 4.3590
  Batch 1810/10484, Loss: 4.6347
  Batch 1820/10484, Loss: 4.6897
  Batch 1830/10484, Loss: 4.5246
  Batch 1840/10484, Loss: 4.0160
  Batch 1850/10484, Loss: 4.1910
  Batch 1860/10484, Loss: 4.7958
  Batch 1870/10484, Loss: 5.0742
  Batch 1880/10484, Loss: 4.2909
  Batch 1890/10484, Loss: 4.0722
  Batch 1900/10484, Loss: 4.8784
  Batch 1910/10484, Loss: 4.6642
  Batch 1920/10484, Loss: 4.7321
  Batch 1930/10484, Loss: 4.5531
  Batch 1940/10484, Loss: 4.3404
  Batch 1950/10484, Loss: 4.8560
  Batch 1960/10484, Loss: 4.7899
  Batch 1970/10484, Loss: 4.6242
  Batch 1980/10484, Loss: 4.5906
  Batch 1990/10484, Loss: 4.4522
  Batch 2000/10484, Loss: 4.1396
  Batch 2010/10484, Loss: 4.5460
  Batch 2020/10484, Loss: 5.1264
  Batch 2030/10484, Loss: 4.6636
  Batch 2040/10484, Loss: 4.4409
  Batch 2050/10484, Loss: 5.4557
  Batch 2060/10484, Loss: 4.4971
  Batch 2070/10484, Loss: 4.5906
  Batch 2080/10484, Loss: 5.2025
  Batch 2090/10484, Loss: 4.1079
  Batch 2100/10484, Loss: 4.3548
  Batch 2110/10484, Loss: 4.4635
  Batch 2120/10484, Loss: 4.4041
  Batch 2130/10484, Loss: 4.6927
  Batch 2140/10484, Loss: 4.8983
  Batch 2150/10484, Loss: 4.5289
  Batch 2160/10484, Loss: 4.7207
  Batch 2170/10484, Loss: 4.1035
  Batch 2180/10484, Loss: 4.2293
  Batch 2190/10484, Loss: 4.6205
  Batch 2200/10484, Loss: 4.3717
  Batch 2210/10484, Loss: 4.4812
  Batch 2220/10484, Loss: 4.8365
  Batch 2230/10484, Loss: 5.5477
  Batch 2240/10484, Loss: 4.4436
  Batch 2250/10484, Loss: 5.3535
  Batch 2260/10484, Loss: 4.3678
  Batch 2270/10484, Loss: 4.3810
  Batch 2280/10484, Loss: 4.9729
  Batch 2290/10484, Loss: 4.4074
  Batch 2300/10484, Loss: 4.3396
  Batch 2310/10484, Loss: 4.3801
  Batch 2320/10484, Loss: 5.0277
  Batch 2330/10484, Loss: 4.5338
  Batch 2340/10484, Loss: 4.6325
  Batch 2350/10484, Loss: 4.8060
  Batch 2360/10484, Loss: 4.7351
  Batch 2370/10484, Loss: 4.4678
  Batch 2380/10484, Loss: 4.4675
  Batch 2390/10484, Loss: 4.9260
  Batch 2400/10484, Loss: 4.5313
  Batch 2410/10484, Loss: 4.3762
  Batch 2420/10484, Loss: 4.0866
  Batch 2430/10484, Loss: 4.7545
  Batch 2440/10484, Loss: 4.5690
  Batch 2450/10484, Loss: 4.2197
  Batch 2460/10484, Loss: 4.7772
  Batch 2470/10484, Loss: 4.7569
  Batch 2480/10484, Loss: 4.7809
  Batch 2490/10484, Loss: 5.1354
  Batch 2500/10484, Loss: 4.2129
  Batch 2510/10484, Loss: 4.6341
  Batch 2520/10484, Loss: 4.4538
  Batch 2530/10484, Loss: 4.5864
  Batch 2540/10484, Loss: 4.6381
  Batch 2550/10484, Loss: 4.0710
  Batch 2560/10484, Loss: 4.9306
  Batch 2570/10484, Loss: 4.7047
  Batch 2580/10484, Loss: 5.0832
  Batch 2590/10484, Loss: 4.6456
  Batch 2600/10484, Loss: 4.8894
  Batch 2610/10484, Loss: 4.9563
  Batch 2620/10484, Loss: 4.3836
  Batch 2630/10484, Loss: 4.1418
  Batch 2640/10484, Loss: 4.4999
  Batch 2650/10484, Loss: 4.7881
  Batch 2660/10484, Loss: 4.7026
  Batch 2670/10484, Loss: 3.9788
  Batch 2680/10484, Loss: 4.5577
  Batch 2690/10484, Loss: 4.9511
  Batch 2700/10484, Loss: 4.7335
  Batch 2710/10484, Loss: 5.3275
  Batch 2720/10484, Loss: 4.3638
  Batch 2730/10484, Loss: 4.6907
  Batch 2740/10484, Loss: 5.0695
  Batch 2750/10484, Loss: 4.7156
  Batch 2760/10484, Loss: 5.3902
  Batch 2770/10484, Loss: 5.0275
  Batch 2780/10484, Loss: 4.2971
  Batch 2790/10484, Loss: 4.7580
  Batch 2800/10484, Loss: 4.6252
  Batch 2810/10484, Loss: 4.1807
  Batch 2820/10484, Loss: 4.6684
  Batch 2830/10484, Loss: 4.0726
  Batch 2840/10484, Loss: 5.0406
  Batch 2850/10484, Loss: 4.5846
  Batch 2860/10484, Loss: 5.3755
  Batch 2870/10484, Loss: 4.7609
  Batch 2880/10484, Loss: 4.4896
  Batch 2890/10484, Loss: 4.2828
  Batch 2900/10484, Loss: 4.0762
  Batch 2910/10484, Loss: 5.2129
  Batch 2920/10484, Loss: 4.1595
  Batch 2930/10484, Loss: 5.1306
  Batch 2940/10484, Loss: 4.9594
  Batch 2950/10484, Loss: 4.5357
  Batch 2960/10484, Loss: 4.5762
  Batch 2970/10484, Loss: 5.0902
  Batch 2980/10484, Loss: 4.5111
  Batch 2990/10484, Loss: 4.8926
  Batch 3000/10484, Loss: 4.6794
  Batch 3010/10484, Loss: 5.2576
  Batch 3020/10484, Loss: 4.5121
  Batch 3030/10484, Loss: 4.3043
  Batch 3040/10484, Loss: 3.6613
  Batch 3050/10484, Loss: 4.5517
  Batch 3060/10484, Loss: 4.4533
  Batch 3070/10484, Loss: 4.4586
  Batch 3080/10484, Loss: 4.4202
  Batch 3090/10484, Loss: 4.7178
  Batch 3100/10484, Loss: 4.6587
  Batch 3110/10484, Loss: 4.1930
  Batch 3120/10484, Loss: 4.7323
  Batch 3130/10484, Loss: 4.3272
  Batch 3140/10484, Loss: 4.4707
  Batch 3150/10484, Loss: 4.5219
  Batch 3160/10484, Loss: 4.3194
  Batch 3170/10484, Loss: 4.9789
  Batch 3180/10484, Loss: 4.4836
  Batch 3190/10484, Loss: 4.5012
  Batch 3200/10484, Loss: 4.6117
  Batch 3210/10484, Loss: 4.4297
  Batch 3220/10484, Loss: 5.0223
  Batch 3230/10484, Loss: 4.6807
  Batch 3240/10484, Loss: 4.1177
  Batch 3250/10484, Loss: 4.9494
  Batch 3260/10484, Loss: 4.6676
  Batch 3270/10484, Loss: 4.1616
  Batch 3280/10484, Loss: 4.5503
  Batch 3290/10484, Loss: 4.8787
  Batch 3300/10484, Loss: 4.8556
  Batch 3310/10484, Loss: 4.7377
  Batch 3320/10484, Loss: 4.7892
  Batch 3330/10484, Loss: 4.8912
  Batch 3340/10484, Loss: 4.3165
  Batch 3350/10484, Loss: 4.4709
  Batch 3360/10484, Loss: 4.7517
  Batch 3370/10484, Loss: 5.4500
  Batch 3380/10484, Loss: 4.9360
  Batch 3390/10484, Loss: 4.1416
  Batch 3400/10484, Loss: 4.1232
  Batch 3410/10484, Loss: 4.6847
  Batch 3420/10484, Loss: 5.1284
  Batch 3430/10484, Loss: 4.9527
  Batch 3440/10484, Loss: 5.0428
  Batch 3450/10484, Loss: 4.5634
  Batch 3460/10484, Loss: 4.7587
  Batch 3470/10484, Loss: 4.6817
  Batch 3480/10484, Loss: 4.4001
  Batch 3490/10484, Loss: 5.1362
  Batch 3500/10484, Loss: 4.8026
  Batch 3510/10484, Loss: 4.2442
  Batch 3520/10484, Loss: 4.4259
  Batch 3530/10484, Loss: 4.0244
  Batch 3540/10484, Loss: 4.9985
  Batch 3550/10484, Loss: 4.9098
  Batch 3560/10484, Loss: 4.4262
  Batch 3570/10484, Loss: 4.0240
  Batch 3580/10484, Loss: 4.7663
  Batch 3590/10484, Loss: 4.4477
  Batch 3600/10484, Loss: 4.9726
  Batch 3610/10484, Loss: 4.6071
  Batch 3620/10484, Loss: 4.4813
  Batch 3630/10484, Loss: 4.7582
  Batch 3640/10484, Loss: 4.8369
  Batch 3650/10484, Loss: 4.6400
  Batch 3660/10484, Loss: 4.9020
  Batch 3670/10484, Loss: 4.4146
  Batch 3680/10484, Loss: 4.5992
  Batch 3690/10484, Loss: 4.3684
  Batch 3700/10484, Loss: 5.0800
  Batch 3710/10484, Loss: 4.5155
  Batch 3720/10484, Loss: 4.6613
  Batch 3730/10484, Loss: 4.2698
  Batch 3740/10484, Loss: 4.6561
  Batch 3750/10484, Loss: 4.3509
  Batch 3760/10484, Loss: 4.7617
  Batch 3770/10484, Loss: 4.5039
  Batch 3780/10484, Loss: 4.9459
  Batch 3790/10484, Loss: 4.8648
  Batch 3800/10484, Loss: 4.6172
  Batch 3810/10484, Loss: 4.6811
  Batch 3820/10484, Loss: 4.2236
  Batch 3830/10484, Loss: 4.5738
  Batch 3840/10484, Loss: 4.5941
  Batch 3850/10484, Loss: 4.5733
  Batch 3860/10484, Loss: 4.7622
  Batch 3870/10484, Loss: 4.4537
  Batch 3880/10484, Loss: 4.9550
  Batch 3890/10484, Loss: 4.6686
  Batch 3900/10484, Loss: 4.3861
  Batch 3910/10484, Loss: 5.1249
  Batch 3920/10484, Loss: 4.2836
  Batch 3930/10484, Loss: 5.0073
  Batch 3940/10484, Loss: 4.4072
  Batch 3950/10484, Loss: 5.0336
  Batch 3960/10484, Loss: 5.4230
  Batch 3970/10484, Loss: 4.8131
  Batch 3980/10484, Loss: 5.1994
  Batch 3990/10484, Loss: 4.4331
  Batch 4000/10484, Loss: 4.6669
  Batch 4010/10484, Loss: 4.2661
  Batch 4020/10484, Loss: 4.9921
  Batch 4030/10484, Loss: 4.6718
  Batch 4040/10484, Loss: 4.6186
  Batch 4050/10484, Loss: 4.7027
  Batch 4060/10484, Loss: 4.4713
  Batch 4070/10484, Loss: 4.0418
  Batch 4080/10484, Loss: 4.2626
  Batch 4090/10484, Loss: 4.2647
  Batch 4100/10484, Loss: 4.8866
  Batch 4110/10484, Loss: 4.5967
  Batch 4120/10484, Loss: 4.9752
  Batch 4130/10484, Loss: 5.1406
  Batch 4140/10484, Loss: 5.2113
  Batch 4150/10484, Loss: 4.5089
  Batch 4160/10484, Loss: 4.7312
  Batch 4170/10484, Loss: 4.7101
  Batch 4180/10484, Loss: 4.3212
  Batch 4190/10484, Loss: 4.2143
  Batch 4200/10484, Loss: 4.5835
  Batch 4210/10484, Loss: 4.6712
  Batch 4220/10484, Loss: 4.3569
  Batch 4230/10484, Loss: 5.1447
  Batch 4240/10484, Loss: 4.9090
  Batch 4250/10484, Loss: 4.3703
  Batch 4260/10484, Loss: 4.1808
  Batch 4270/10484, Loss: 4.2438
  Batch 4280/10484, Loss: 4.5726
  Batch 4290/10484, Loss: 4.0946
  Batch 4300/10484, Loss: 4.4820
  Batch 4310/10484, Loss: 5.0291
  Batch 4320/10484, Loss: 4.5350
  Batch 4330/10484, Loss: 4.9554
  Batch 4340/10484, Loss: 3.9995
  Batch 4350/10484, Loss: 4.9062
  Batch 4360/10484, Loss: 4.8256
  Batch 4370/10484, Loss: 4.5831
  Batch 4380/10484, Loss: 4.9017
  Batch 4390/10484, Loss: 4.2590
  Batch 4400/10484, Loss: 4.8023
  Batch 4410/10484, Loss: 4.8606
  Batch 4420/10484, Loss: 4.5795
  Batch 4430/10484, Loss: 4.2027
  Batch 4440/10484, Loss: 5.1440
  Batch 4450/10484, Loss: 4.8694
  Batch 4460/10484, Loss: 4.5051
  Batch 4470/10484, Loss: 4.8171
  Batch 4480/10484, Loss: 4.4980
  Batch 4490/10484, Loss: 4.6235
  Batch 4500/10484, Loss: 4.7076
  Batch 4510/10484, Loss: 5.0855
  Batch 4520/10484, Loss: 5.1672
  Batch 4530/10484, Loss: 4.5819
  Batch 4540/10484, Loss: 4.3815
  Batch 4550/10484, Loss: 4.6524
  Batch 4560/10484, Loss: 4.0227
  Batch 4570/10484, Loss: 4.2043
  Batch 4580/10484, Loss: 3.8804
  Batch 4590/10484, Loss: 4.8292
  Batch 4600/10484, Loss: 4.6007
  Batch 4610/10484, Loss: 4.3926
  Batch 4620/10484, Loss: 4.0422
  Batch 4630/10484, Loss: 5.2434
  Batch 4640/10484, Loss: 4.3899
  Batch 4650/10484, Loss: 4.4086
  Batch 4660/10484, Loss: 5.0795
  Batch 4670/10484, Loss: 4.4973
  Batch 4680/10484, Loss: 4.7038
  Batch 4690/10484, Loss: 4.6313
  Batch 4700/10484, Loss: 4.7627
  Batch 4710/10484, Loss: 4.5193
  Batch 4720/10484, Loss: 4.2856
  Batch 4730/10484, Loss: 5.2040
  Batch 4740/10484, Loss: 4.4173
  Batch 4750/10484, Loss: 4.4848
  Batch 4760/10484, Loss: 4.5929
  Batch 4770/10484, Loss: 4.9246
  Batch 4780/10484, Loss: 4.6548
  Batch 4790/10484, Loss: 4.7633
  Batch 4800/10484, Loss: 4.7127
  Batch 4810/10484, Loss: 4.4713
  Batch 4820/10484, Loss: 4.9538
  Batch 4830/10484, Loss: 4.6939
  Batch 4840/10484, Loss: 4.6556
  Batch 4850/10484, Loss: 4.2589
  Batch 4860/10484, Loss: 4.3137
  Batch 4870/10484, Loss: 5.1880
  Batch 4880/10484, Loss: 4.5141
  Batch 4890/10484, Loss: 4.5715
  Batch 4900/10484, Loss: 4.1084
  Batch 4910/10484, Loss: 4.4633
  Batch 4920/10484, Loss: 4.3622
  Batch 4930/10484, Loss: 4.4929
  Batch 4940/10484, Loss: 4.5588
  Batch 4950/10484, Loss: 4.6374
  Batch 4960/10484, Loss: 4.7360
  Batch 4970/10484, Loss: 4.8399
  Batch 4980/10484, Loss: 4.7566
  Batch 4990/10484, Loss: 5.1082
  Batch 5000/10484, Loss: 4.1497
  Batch 5010/10484, Loss: 4.9495
  Batch 5020/10484, Loss: 4.2171
  Batch 5030/10484, Loss: 4.5841
  Batch 5040/10484, Loss: 4.8916
  Batch 5050/10484, Loss: 4.9920
  Batch 5060/10484, Loss: 4.4342
  Batch 5070/10484, Loss: 4.8767
  Batch 5080/10484, Loss: 5.2387
  Batch 5090/10484, Loss: 4.5937
  Batch 5100/10484, Loss: 4.3022
  Batch 5110/10484, Loss: 5.2610
  Batch 5120/10484, Loss: 5.0208
  Batch 5130/10484, Loss: 4.3612
  Batch 5140/10484, Loss: 4.0207
  Batch 5150/10484, Loss: 5.2667
  Batch 5160/10484, Loss: 4.3539
  Batch 5170/10484, Loss: 3.8721
  Batch 5180/10484, Loss: 4.5066
  Batch 5190/10484, Loss: 4.6135
  Batch 5200/10484, Loss: 4.6935
  Batch 5210/10484, Loss: 4.2223
  Batch 5220/10484, Loss: 4.4594
  Batch 5230/10484, Loss: 4.9743
  Batch 5240/10484, Loss: 3.7978
  Batch 5250/10484, Loss: 4.6223
  Batch 5260/10484, Loss: 4.7056
  Batch 5270/10484, Loss: 4.2704
  Batch 5280/10484, Loss: 4.4748
  Batch 5290/10484, Loss: 4.6791
  Batch 5300/10484, Loss: 4.5083
  Batch 5310/10484, Loss: 4.0807
  Batch 5320/10484, Loss: 5.4993
  Batch 5330/10484, Loss: 4.1364
  Batch 5340/10484, Loss: 4.4193
  Batch 5350/10484, Loss: 5.0487
  Batch 5360/10484, Loss: 5.0621
  Batch 5370/10484, Loss: 4.6129
  Batch 5380/10484, Loss: 4.4146
  Batch 5390/10484, Loss: 4.8190
  Batch 5400/10484, Loss: 4.6909
  Batch 5410/10484, Loss: 4.8689
  Batch 5420/10484, Loss: 4.7312
  Batch 5430/10484, Loss: 4.2676
  Batch 5440/10484, Loss: 4.5577
  Batch 5450/10484, Loss: 4.9352
  Batch 5460/10484, Loss: 4.6982
  Batch 5470/10484, Loss: 4.1678
  Batch 5480/10484, Loss: 5.1133
  Batch 5490/10484, Loss: 4.2981
  Batch 5500/10484, Loss: 4.9456
  Batch 5510/10484, Loss: 4.1816
  Batch 5520/10484, Loss: 4.5682
  Batch 5530/10484, Loss: 4.2477
  Batch 5540/10484, Loss: 4.2347
  Batch 5550/10484, Loss: 4.1350
  Batch 5560/10484, Loss: 4.5407
  Batch 5570/10484, Loss: 4.8861
  Batch 5580/10484, Loss: 4.7394
  Batch 5590/10484, Loss: 4.8254
  Batch 5600/10484, Loss: 4.8234
  Batch 5610/10484, Loss: 4.5966
  Batch 5620/10484, Loss: 4.9348
  Batch 5630/10484, Loss: 5.1970
  Batch 5640/10484, Loss: 4.6871
  Batch 5650/10484, Loss: 4.3935
  Batch 5660/10484, Loss: 4.9450
  Batch 5670/10484, Loss: 4.7101
  Batch 5680/10484, Loss: 5.1119
  Batch 5690/10484, Loss: 4.7022
  Batch 5700/10484, Loss: 4.9944
  Batch 5710/10484, Loss: 4.9535
  Batch 5720/10484, Loss: 4.7537
  Batch 5730/10484, Loss: 4.8072
  Batch 5740/10484, Loss: 4.3276
  Batch 5750/10484, Loss: 4.6291
  Batch 5760/10484, Loss: 4.5446
  Batch 5770/10484, Loss: 4.5803
  Batch 5780/10484, Loss: 4.3946
  Batch 5790/10484, Loss: 4.7240
  Batch 5800/10484, Loss: 4.8400
  Batch 5810/10484, Loss: 4.4892
  Batch 5820/10484, Loss: 4.5184
  Batch 5830/10484, Loss: 4.8613
  Batch 5840/10484, Loss: 4.4946
  Batch 5850/10484, Loss: 4.6729
  Batch 5860/10484, Loss: 4.3450
  Batch 5870/10484, Loss: 4.7772
  Batch 5880/10484, Loss: 4.6608
  Batch 5890/10484, Loss: 4.3592
  Batch 5900/10484, Loss: 4.7135
  Batch 5910/10484, Loss: 5.1234
  Batch 5920/10484, Loss: 4.3815
  Batch 5930/10484, Loss: 4.8413
  Batch 5940/10484, Loss: 4.3434
  Batch 5950/10484, Loss: 5.1814
  Batch 5960/10484, Loss: 4.7651
  Batch 5970/10484, Loss: 4.4855
  Batch 5980/10484, Loss: 5.0616
  Batch 5990/10484, Loss: 4.2003
  Batch 6000/10484, Loss: 4.5696
  Batch 6010/10484, Loss: 5.2150
  Batch 6020/10484, Loss: 5.1889
  Batch 6030/10484, Loss: 4.8030
  Batch 6040/10484, Loss: 4.8772
  Batch 6050/10484, Loss: 4.2322
  Batch 6060/10484, Loss: 4.4234
  Batch 6070/10484, Loss: 4.3841
  Batch 6080/10484, Loss: 4.5883
  Batch 6090/10484, Loss: 4.4620
  Batch 6100/10484, Loss: 4.3224
  Batch 6110/10484, Loss: 4.7981
  Batch 6120/10484, Loss: 5.0399
  Batch 6130/10484, Loss: 4.6257
  Batch 6140/10484, Loss: 4.0509
  Batch 6150/10484, Loss: 3.9556
  Batch 6160/10484, Loss: 4.3964
  Batch 6170/10484, Loss: 4.5280
  Batch 6180/10484, Loss: 4.6721
  Batch 6190/10484, Loss: 4.7731
  Batch 6200/10484, Loss: 5.0754
  Batch 6210/10484, Loss: 4.6390
  Batch 6220/10484, Loss: 4.9085
  Batch 6230/10484, Loss: 4.6648
  Batch 6240/10484, Loss: 4.4221
  Batch 6250/10484, Loss: 4.2693
  Batch 6260/10484, Loss: 4.8350
  Batch 6270/10484, Loss: 4.4585
  Batch 6280/10484, Loss: 4.6036
  Batch 6290/10484, Loss: 4.6576
  Batch 6300/10484, Loss: 4.4818
  Batch 6310/10484, Loss: 4.9949
  Batch 6320/10484, Loss: 4.7241
  Batch 6330/10484, Loss: 4.8143
  Batch 6340/10484, Loss: 4.9949
  Batch 6350/10484, Loss: 4.2352
  Batch 6360/10484, Loss: 4.6082
  Batch 6370/10484, Loss: 4.3658
  Batch 6380/10484, Loss: 4.9970
  Batch 6390/10484, Loss: 4.1891
  Batch 6400/10484, Loss: 4.5608
  Batch 6410/10484, Loss: 5.0241
  Batch 6420/10484, Loss: 4.5324
  Batch 6430/10484, Loss: 4.3913
  Batch 6440/10484, Loss: 4.0856
  Batch 6450/10484, Loss: 4.6774
  Batch 6460/10484, Loss: 4.4766
  Batch 6470/10484, Loss: 4.1116
  Batch 6480/10484, Loss: 4.5881
  Batch 6490/10484, Loss: 4.6706
  Batch 6500/10484, Loss: 4.2044
  Batch 6510/10484, Loss: 4.6346
  Batch 6520/10484, Loss: 5.0281
  Batch 6530/10484, Loss: 4.4535
  Batch 6540/10484, Loss: 5.0982
  Batch 6550/10484, Loss: 4.8765
  Batch 6560/10484, Loss: 4.7977
  Batch 6570/10484, Loss: 4.4938
  Batch 6580/10484, Loss: 4.7009
  Batch 6590/10484, Loss: 4.5237
  Batch 6600/10484, Loss: 3.9155
  Batch 6610/10484, Loss: 4.3866
  Batch 6620/10484, Loss: 4.5764
  Batch 6630/10484, Loss: 4.5576
  Batch 6640/10484, Loss: 4.9657
  Batch 6650/10484, Loss: 4.7030
  Batch 6660/10484, Loss: 4.6358
  Batch 6670/10484, Loss: 4.6312
  Batch 6680/10484, Loss: 4.6477
  Batch 6690/10484, Loss: 4.1035
  Batch 6700/10484, Loss: 5.0689
  Batch 6710/10484, Loss: 4.2731
  Batch 6720/10484, Loss: 5.0461
  Batch 6730/10484, Loss: 4.9199
  Batch 6740/10484, Loss: 4.8608
  Batch 6750/10484, Loss: 4.9180
  Batch 6760/10484, Loss: 4.9735
  Batch 6770/10484, Loss: 3.9432
  Batch 6780/10484, Loss: 4.8851
  Batch 6790/10484, Loss: 4.2593
  Batch 6800/10484, Loss: 4.8588
  Batch 6810/10484, Loss: 4.6060
  Batch 6820/10484, Loss: 4.9240
  Batch 6830/10484, Loss: 4.9893
  Batch 6840/10484, Loss: 4.5040
  Batch 6850/10484, Loss: 4.4882
  Batch 6860/10484, Loss: 3.9645
  Batch 6870/10484, Loss: 5.1197
  Batch 6880/10484, Loss: 4.0346
  Batch 6890/10484, Loss: 4.5897
  Batch 6900/10484, Loss: 4.0367
  Batch 6910/10484, Loss: 4.6310
  Batch 6920/10484, Loss: 5.2886
  Batch 6930/10484, Loss: 5.0354
  Batch 6940/10484, Loss: 4.9361
  Batch 6950/10484, Loss: 4.6826
  Batch 6960/10484, Loss: 4.6902
  Batch 6970/10484, Loss: 4.6923
  Batch 6980/10484, Loss: 4.1753
  Batch 6990/10484, Loss: 4.6550
  Batch 7000/10484, Loss: 5.2054
  Batch 7010/10484, Loss: 4.6705
  Batch 7020/10484, Loss: 5.2913
  Batch 7030/10484, Loss: 4.4810
  Batch 7040/10484, Loss: 5.0662
  Batch 7050/10484, Loss: 4.5075
  Batch 7060/10484, Loss: 4.8256
  Batch 7070/10484, Loss: 4.4601
  Batch 7080/10484, Loss: 4.9710
  Batch 7090/10484, Loss: 4.6743
  Batch 7100/10484, Loss: 4.6577
  Batch 7110/10484, Loss: 5.0542
  Batch 7120/10484, Loss: 4.6507
  Batch 7130/10484, Loss: 4.6736
  Batch 7140/10484, Loss: 3.8310
  Batch 7150/10484, Loss: 4.4584
  Batch 7160/10484, Loss: 4.2676
  Batch 7170/10484, Loss: 4.2863
  Batch 7180/10484, Loss: 5.1268
  Batch 7190/10484, Loss: 4.3946
  Batch 7200/10484, Loss: 4.8532
  Batch 7210/10484, Loss: 4.3491
  Batch 7220/10484, Loss: 3.9971
  Batch 7230/10484, Loss: 4.5264
  Batch 7240/10484, Loss: 4.9257
  Batch 7250/10484, Loss: 4.3711
  Batch 7260/10484, Loss: 5.2474
  Batch 7270/10484, Loss: 5.1582
  Batch 7280/10484, Loss: 4.3226
  Batch 7290/10484, Loss: 4.6958
  Batch 7300/10484, Loss: 4.4626
  Batch 7310/10484, Loss: 4.6533
  Batch 7320/10484, Loss: 4.7393
  Batch 7330/10484, Loss: 4.7185
  Batch 7340/10484, Loss: 4.8171
  Batch 7350/10484, Loss: 4.6430
  Batch 7360/10484, Loss: 4.1042
  Batch 7370/10484, Loss: 5.2747
  Batch 7380/10484, Loss: 3.9168
  Batch 7390/10484, Loss: 4.8009
  Batch 7400/10484, Loss: 4.6092
  Batch 7410/10484, Loss: 3.8886
  Batch 7420/10484, Loss: 4.6853
  Batch 7430/10484, Loss: 4.6083
  Batch 7440/10484, Loss: 4.6371
  Batch 7450/10484, Loss: 4.3771
  Batch 7460/10484, Loss: 4.8621
  Batch 7470/10484, Loss: 5.0268
  Batch 7480/10484, Loss: 4.3816
  Batch 7490/10484, Loss: 4.4676
  Batch 7500/10484, Loss: 4.8897
  Batch 7510/10484, Loss: 4.7968
  Batch 7520/10484, Loss: 4.7836
  Batch 7530/10484, Loss: 5.0916
  Batch 7540/10484, Loss: 4.8659
  Batch 7550/10484, Loss: 4.8865
  Batch 7560/10484, Loss: 5.2389
  Batch 7570/10484, Loss: 5.1710
  Batch 7580/10484, Loss: 4.6017
  Batch 7590/10484, Loss: 4.5660
  Batch 7600/10484, Loss: 4.7798
  Batch 7610/10484, Loss: 4.7107
  Batch 7620/10484, Loss: 4.4750
  Batch 7630/10484, Loss: 4.5713
  Batch 7640/10484, Loss: 4.5243
  Batch 7650/10484, Loss: 4.1111
  Batch 7660/10484, Loss: 4.8857
  Batch 7670/10484, Loss: 5.0025
  Batch 7680/10484, Loss: 4.7461
  Batch 7690/10484, Loss: 5.0563
  Batch 7700/10484, Loss: 4.8157
  Batch 7710/10484, Loss: 5.1437
  Batch 7720/10484, Loss: 4.7928
  Batch 7730/10484, Loss: 4.9873
  Batch 7740/10484, Loss: 4.3525
  Batch 7750/10484, Loss: 4.7310
  Batch 7760/10484, Loss: 4.2814
  Batch 7770/10484, Loss: 5.0505
  Batch 7780/10484, Loss: 4.7924
  Batch 7790/10484, Loss: 4.7696
  Batch 7800/10484, Loss: 4.8824
  Batch 7810/10484, Loss: 4.2700
  Batch 7820/10484, Loss: 4.7177
  Batch 7830/10484, Loss: 4.8903
  Batch 7840/10484, Loss: 4.3742
  Batch 7850/10484, Loss: 4.7227
  Batch 7860/10484, Loss: 4.4289
  Batch 7870/10484, Loss: 4.9318
  Batch 7880/10484, Loss: 4.5379
  Batch 7890/10484, Loss: 4.1032
  Batch 7900/10484, Loss: 4.7165
  Batch 7910/10484, Loss: 4.6150
  Batch 7920/10484, Loss: 4.4353
  Batch 7930/10484, Loss: 5.1204
  Batch 7940/10484, Loss: 5.1129
  Batch 7950/10484, Loss: 4.4903
  Batch 7960/10484, Loss: 4.6067
  Batch 7970/10484, Loss: 4.0689
  Batch 7980/10484, Loss: 4.8447
  Batch 7990/10484, Loss: 4.4049
  Batch 8000/10484, Loss: 4.7845
  Batch 8010/10484, Loss: 4.2301
  Batch 8020/10484, Loss: 4.4626
  Batch 8030/10484, Loss: 3.5172
  Batch 8040/10484, Loss: 4.8984
  Batch 8050/10484, Loss: 4.4977
  Batch 8060/10484, Loss: 5.2899
  Batch 8070/10484, Loss: 5.1309
  Batch 8080/10484, Loss: 5.2712
  Batch 8090/10484, Loss: 4.8002
  Batch 8100/10484, Loss: 4.7489
  Batch 8110/10484, Loss: 4.8694
  Batch 8120/10484, Loss: 4.3144
  Batch 8130/10484, Loss: 4.7354
  Batch 8140/10484, Loss: 5.1982
  Batch 8150/10484, Loss: 5.0091
  Batch 8160/10484, Loss: 4.3180
  Batch 8170/10484, Loss: 4.3034
  Batch 8180/10484, Loss: 4.8505
  Batch 8190/10484, Loss: 4.7138
  Batch 8200/10484, Loss: 4.6570
  Batch 8210/10484, Loss: 4.4079
  Batch 8220/10484, Loss: 4.0969
  Batch 8230/10484, Loss: 4.2782
  Batch 8240/10484, Loss: 4.7947
  Batch 8250/10484, Loss: 4.1554
  Batch 8260/10484, Loss: 4.8111
  Batch 8270/10484, Loss: 4.8144
  Batch 8280/10484, Loss: 5.2383
  Batch 8290/10484, Loss: 4.2582
  Batch 8300/10484, Loss: 4.5564
  Batch 8310/10484, Loss: 4.3472
  Batch 8320/10484, Loss: 4.5642
  Batch 8330/10484, Loss: 4.9358
  Batch 8340/10484, Loss: 4.5328
  Batch 8350/10484, Loss: 4.3617
  Batch 8360/10484, Loss: 4.2864
  Batch 8370/10484, Loss: 4.4909
  Batch 8380/10484, Loss: 3.9242
  Batch 8390/10484, Loss: 4.4975
  Batch 8400/10484, Loss: 4.3523
  Batch 8410/10484, Loss: 4.5806
  Batch 8420/10484, Loss: 4.9502
  Batch 8430/10484, Loss: 4.3557
  Batch 8440/10484, Loss: 5.1164
  Batch 8450/10484, Loss: 3.9992
  Batch 8460/10484, Loss: 4.8653
  Batch 8470/10484, Loss: 4.7660
  Batch 8480/10484, Loss: 5.0980
  Batch 8490/10484, Loss: 4.5041
  Batch 8500/10484, Loss: 4.7966
  Batch 8510/10484, Loss: 5.2849
  Batch 8520/10484, Loss: 4.6689
  Batch 8530/10484, Loss: 4.8537
  Batch 8540/10484, Loss: 4.3054
  Batch 8550/10484, Loss: 4.7338
  Batch 8560/10484, Loss: 4.5427
  Batch 8570/10484, Loss: 4.4399
  Batch 8580/10484, Loss: 4.2273
  Batch 8590/10484, Loss: 4.2702
  Batch 8600/10484, Loss: 4.9163
  Batch 8610/10484, Loss: 4.5747
  Batch 8620/10484, Loss: 4.8527
  Batch 8630/10484, Loss: 4.3133
  Batch 8640/10484, Loss: 4.4161
  Batch 8650/10484, Loss: 4.0828
  Batch 8660/10484, Loss: 4.9140
  Batch 8670/10484, Loss: 4.3727
  Batch 8680/10484, Loss: 4.9581
  Batch 8690/10484, Loss: 4.3580
  Batch 8700/10484, Loss: 4.3005
  Batch 8710/10484, Loss: 4.6136
  Batch 8720/10484, Loss: 4.1933
  Batch 8730/10484, Loss: 4.4398
  Batch 8740/10484, Loss: 4.5971
  Batch 8750/10484, Loss: 4.5254
  Batch 8760/10484, Loss: 4.5831
  Batch 8770/10484, Loss: 4.7539
  Batch 8780/10484, Loss: 4.4781
  Batch 8790/10484, Loss: 4.7861
  Batch 8800/10484, Loss: 4.8824
  Batch 8810/10484, Loss: 4.0411
  Batch 8820/10484, Loss: 4.5258
  Batch 8830/10484, Loss: 4.9985
  Batch 8840/10484, Loss: 4.6509
  Batch 8850/10484, Loss: 5.1296
  Batch 8860/10484, Loss: 4.5054
  Batch 8870/10484, Loss: 4.6301
  Batch 8880/10484, Loss: 5.0925
  Batch 8890/10484, Loss: 4.8939
  Batch 8900/10484, Loss: 4.7881
  Batch 8910/10484, Loss: 4.2113
  Batch 8920/10484, Loss: 4.3909
  Batch 8930/10484, Loss: 4.4521
  Batch 8940/10484, Loss: 5.2569
  Batch 8950/10484, Loss: 4.6831
  Batch 8960/10484, Loss: 4.6413
  Batch 8970/10484, Loss: 5.2001
  Batch 8980/10484, Loss: 4.8997
  Batch 8990/10484, Loss: 4.5343
  Batch 9000/10484, Loss: 4.5804
  Batch 9010/10484, Loss: 4.6287
  Batch 9020/10484, Loss: 4.8868
  Batch 9030/10484, Loss: 4.6842
  Batch 9040/10484, Loss: 4.8707
  Batch 9050/10484, Loss: 4.6764
  Batch 9060/10484, Loss: 4.6945
  Batch 9070/10484, Loss: 4.7344
  Batch 9080/10484, Loss: 4.5865
  Batch 9090/10484, Loss: 4.6819
  Batch 9100/10484, Loss: 4.6627
  Batch 9110/10484, Loss: 4.9872
  Batch 9120/10484, Loss: 4.7316
  Batch 9130/10484, Loss: 4.5943
  Batch 9140/10484, Loss: 3.9729
  Batch 9150/10484, Loss: 4.6389
  Batch 9160/10484, Loss: 4.6504
  Batch 9170/10484, Loss: 4.7530
  Batch 9180/10484, Loss: 4.8978
  Batch 9190/10484, Loss: 4.5707
  Batch 9200/10484, Loss: 4.3793
  Batch 9210/10484, Loss: 4.8950
  Batch 9220/10484, Loss: 4.9110
  Batch 9230/10484, Loss: 4.7302
  Batch 9240/10484, Loss: 4.1136
  Batch 9250/10484, Loss: 5.0359
  Batch 9260/10484, Loss: 4.7006
  Batch 9270/10484, Loss: 3.9926
  Batch 9280/10484, Loss: 3.9896
  Batch 9290/10484, Loss: 4.5155
  Batch 9300/10484, Loss: 3.9012
  Batch 9310/10484, Loss: 4.6644
  Batch 9320/10484, Loss: 4.5632
  Batch 9330/10484, Loss: 4.5214
  Batch 9340/10484, Loss: 4.6278
  Batch 9350/10484, Loss: 4.7300
  Batch 9360/10484, Loss: 4.8483
  Batch 9370/10484, Loss: 5.0211
  Batch 9380/10484, Loss: 5.2234
  Batch 9390/10484, Loss: 4.4418
  Batch 9400/10484, Loss: 4.3344
  Batch 9410/10484, Loss: 3.9620
  Batch 9420/10484, Loss: 4.1975
  Batch 9430/10484, Loss: 4.5036
  Batch 9440/10484, Loss: 4.8540
  Batch 9450/10484, Loss: 3.8883
  Batch 9460/10484, Loss: 4.6458
  Batch 9470/10484, Loss: 4.4822
  Batch 9480/10484, Loss: 4.8710
  Batch 9490/10484, Loss: 4.5221
  Batch 9500/10484, Loss: 4.5950
  Batch 9510/10484, Loss: 4.5657
  Batch 9520/10484, Loss: 4.5222
  Batch 9530/10484, Loss: 4.8416
  Batch 9540/10484, Loss: 4.7216
  Batch 9550/10484, Loss: 4.3794
  Batch 9560/10484, Loss: 4.8191
  Batch 9570/10484, Loss: 4.7994
  Batch 9580/10484, Loss: 3.9429
  Batch 9590/10484, Loss: 5.0402
  Batch 9600/10484, Loss: 4.9324
  Batch 9610/10484, Loss: 4.5741
  Batch 9620/10484, Loss: 3.8852
  Batch 9630/10484, Loss: 4.8215
  Batch 9640/10484, Loss: 4.9043
  Batch 9650/10484, Loss: 4.9064
  Batch 9660/10484, Loss: 5.2051
  Batch 9670/10484, Loss: 5.6767
  Batch 9680/10484, Loss: 5.0898
  Batch 9690/10484, Loss: 4.9329
  Batch 9700/10484, Loss: 4.7843
  Batch 9710/10484, Loss: 4.5143
  Batch 9720/10484, Loss: 3.9628
  Batch 9730/10484, Loss: 5.2551
  Batch 9740/10484, Loss: 4.2684
  Batch 9750/10484, Loss: 4.4384
  Batch 9760/10484, Loss: 4.6715
  Batch 9770/10484, Loss: 4.1707
  Batch 9780/10484, Loss: 4.8240
  Batch 9790/10484, Loss: 4.7115
  Batch 9800/10484, Loss: 4.6335
  Batch 9810/10484, Loss: 4.7074
  Batch 9820/10484, Loss: 4.7496
  Batch 9830/10484, Loss: 4.5577
  Batch 9840/10484, Loss: 4.6186
  Batch 9850/10484, Loss: 4.2953
  Batch 9860/10484, Loss: 4.8294
  Batch 9870/10484, Loss: 4.2600
  Batch 9880/10484, Loss: 3.5863
  Batch 9890/10484, Loss: 5.0715
  Batch 9900/10484, Loss: 5.0010
  Batch 9910/10484, Loss: 4.4451
  Batch 9920/10484, Loss: 4.7326
  Batch 9930/10484, Loss: 4.6536
  Batch 9940/10484, Loss: 4.5136
  Batch 9950/10484, Loss: 4.3660
  Batch 9960/10484, Loss: 4.9302
  Batch 9970/10484, Loss: 4.4250
  Batch 9980/10484, Loss: 4.8813
  Batch 9990/10484, Loss: 4.6299
  Batch 10000/10484, Loss: 4.8502
  Batch 10010/10484, Loss: 4.8279
  Batch 10020/10484, Loss: 4.6527
  Batch 10030/10484, Loss: 5.7241
  Batch 10040/10484, Loss: 5.1204
  Batch 10050/10484, Loss: 4.8472
  Batch 10060/10484, Loss: 4.3547
  Batch 10070/10484, Loss: 4.8588
  Batch 10080/10484, Loss: 4.3464
  Batch 10090/10484, Loss: 4.6199
  Batch 10100/10484, Loss: 4.6513
  Batch 10110/10484, Loss: 4.4705
  Batch 10120/10484, Loss: 4.6901
  Batch 10130/10484, Loss: 4.6181
  Batch 10140/10484, Loss: 4.8683
  Batch 10150/10484, Loss: 5.2564
  Batch 10160/10484, Loss: 5.1971
  Batch 10170/10484, Loss: 4.3720
  Batch 10180/10484, Loss: 5.1410
  Batch 10190/10484, Loss: 4.3833
  Batch 10200/10484, Loss: 4.8840
  Batch 10210/10484, Loss: 4.1339
  Batch 10220/10484, Loss: 3.9387
  Batch 10230/10484, Loss: 5.1603
  Batch 10240/10484, Loss: 4.1238
  Batch 10250/10484, Loss: 4.4741
  Batch 10260/10484, Loss: 4.3679
  Batch 10270/10484, Loss: 4.5571
  Batch 10280/10484, Loss: 4.5022
  Batch 10290/10484, Loss: 4.6153
  Batch 10300/10484, Loss: 4.8601
  Batch 10310/10484, Loss: 3.8939
  Batch 10320/10484, Loss: 4.3095
  Batch 10330/10484, Loss: 5.0849
  Batch 10340/10484, Loss: 5.0572
  Batch 10350/10484, Loss: 4.3720
  Batch 10360/10484, Loss: 4.5743
  Batch 10370/10484, Loss: 4.4483
  Batch 10380/10484, Loss: 4.4691
  Batch 10390/10484, Loss: 4.7972
  Batch 10400/10484, Loss: 4.8052
  Batch 10410/10484, Loss: 4.9329
  Batch 10420/10484, Loss: 4.6496
  Batch 10430/10484, Loss: 4.3652
  Batch 10440/10484, Loss: 4.3281
  Batch 10450/10484, Loss: 4.8547
  Batch 10460/10484, Loss: 3.8975
  Batch 10470/10484, Loss: 4.5411
  Batch 10480/10484, Loss: 4.4199

  Train Loss: 4.6248
  Val Loss: 6.7172
  Time: 31m 43s

Epoch 7/20
----------------------------------------
  Batch 10/10484, Loss: 4.2693
  Batch 20/10484, Loss: 5.0568
  Batch 30/10484, Loss: 4.1771
  Batch 40/10484, Loss: 4.3926
  Batch 50/10484, Loss: 4.6646
  Batch 60/10484, Loss: 4.4318
  Batch 70/10484, Loss: 4.8235
  Batch 80/10484, Loss: 3.7120
  Batch 90/10484, Loss: 4.6869
  Batch 100/10484, Loss: 4.6096
  Batch 110/10484, Loss: 4.8350
  Batch 120/10484, Loss: 4.2482
  Batch 130/10484, Loss: 3.9233
  Batch 140/10484, Loss: 4.3105
  Batch 150/10484, Loss: 4.7804
  Batch 160/10484, Loss: 4.0685
  Batch 170/10484, Loss: 4.3605
  Batch 180/10484, Loss: 4.2420
  Batch 190/10484, Loss: 5.3224
  Batch 200/10484, Loss: 4.8366
  Batch 210/10484, Loss: 4.8403
  Batch 220/10484, Loss: 4.9959
  Batch 230/10484, Loss: 3.9820
  Batch 240/10484, Loss: 4.4299
  Batch 250/10484, Loss: 3.9236
  Batch 260/10484, Loss: 4.0927
  Batch 270/10484, Loss: 4.4017
  Batch 280/10484, Loss: 4.6103
  Batch 290/10484, Loss: 4.6279
  Batch 300/10484, Loss: 3.9474
  Batch 310/10484, Loss: 4.1644
  Batch 320/10484, Loss: 4.7930
  Batch 330/10484, Loss: 4.5846
  Batch 340/10484, Loss: 4.2018
  Batch 350/10484, Loss: 4.8684
  Batch 360/10484, Loss: 4.7440
  Batch 370/10484, Loss: 4.4210
  Batch 380/10484, Loss: 3.9243
  Batch 390/10484, Loss: 4.3591
  Batch 400/10484, Loss: 3.9905
  Batch 410/10484, Loss: 3.9541
  Batch 420/10484, Loss: 4.0811
  Batch 430/10484, Loss: 4.1486
  Batch 440/10484, Loss: 4.4846
  Batch 450/10484, Loss: 4.6170
  Batch 460/10484, Loss: 5.3362
  Batch 470/10484, Loss: 4.8685
  Batch 480/10484, Loss: 4.1261
  Batch 490/10484, Loss: 4.5803
  Batch 500/10484, Loss: 4.4370
  Batch 510/10484, Loss: 4.5575
  Batch 520/10484, Loss: 4.5867
  Batch 530/10484, Loss: 4.2004
  Batch 540/10484, Loss: 4.5805
  Batch 550/10484, Loss: 4.5553
  Batch 560/10484, Loss: 5.0824
  Batch 570/10484, Loss: 4.9783
  Batch 580/10484, Loss: 4.9120
  Batch 590/10484, Loss: 4.3865
  Batch 600/10484, Loss: 4.8837
  Batch 610/10484, Loss: 4.9739
  Batch 620/10484, Loss: 4.5113
  Batch 630/10484, Loss: 5.4468
  Batch 640/10484, Loss: 4.4851
  Batch 650/10484, Loss: 3.8962
  Batch 660/10484, Loss: 4.2605
  Batch 670/10484, Loss: 4.6517
  Batch 680/10484, Loss: 4.4583
  Batch 690/10484, Loss: 5.0517
  Batch 700/10484, Loss: 4.6237
  Batch 710/10484, Loss: 4.0385
  Batch 720/10484, Loss: 4.7998
  Batch 730/10484, Loss: 4.6457
  Batch 740/10484, Loss: 4.6421
  Batch 750/10484, Loss: 3.9451
  Batch 760/10484, Loss: 4.5661
  Batch 770/10484, Loss: 4.8379
  Batch 780/10484, Loss: 5.0135
  Batch 790/10484, Loss: 4.9249
  Batch 800/10484, Loss: 4.9419
  Batch 810/10484, Loss: 4.9540
  Batch 820/10484, Loss: 5.1758
  Batch 830/10484, Loss: 4.5256
  Batch 840/10484, Loss: 4.4864
  Batch 850/10484, Loss: 3.9324
  Batch 860/10484, Loss: 4.4107
  Batch 870/10484, Loss: 5.0356
  Batch 880/10484, Loss: 4.3684
  Batch 890/10484, Loss: 4.6827
  Batch 900/10484, Loss: 4.7782
  Batch 910/10484, Loss: 4.3039
  Batch 920/10484, Loss: 4.2888
  Batch 930/10484, Loss: 4.4589
  Batch 940/10484, Loss: 4.6882
  Batch 950/10484, Loss: 4.9173
  Batch 960/10484, Loss: 4.3990
  Batch 970/10484, Loss: 4.4437
  Batch 980/10484, Loss: 4.3535
  Batch 990/10484, Loss: 4.1590
  Batch 1000/10484, Loss: 4.8259
  Batch 1010/10484, Loss: 4.5417
  Batch 1020/10484, Loss: 4.2651
  Batch 1030/10484, Loss: 3.8385
  Batch 1040/10484, Loss: 4.5939
  Batch 1050/10484, Loss: 4.1856
  Batch 1060/10484, Loss: 4.8976
  Batch 1070/10484, Loss: 4.2007
  Batch 1080/10484, Loss: 4.5524
  Batch 1090/10484, Loss: 4.7562
  Batch 1100/10484, Loss: 4.3921
  Batch 1110/10484, Loss: 4.2809
  Batch 1120/10484, Loss: 4.7201
  Batch 1130/10484, Loss: 4.9166
  Batch 1140/10484, Loss: 4.9427
  Batch 1150/10484, Loss: 4.5307
  Batch 1160/10484, Loss: 5.2082
  Batch 1170/10484, Loss: 4.1461
  Batch 1180/10484, Loss: 4.8419
  Batch 1190/10484, Loss: 5.0315
  Batch 1200/10484, Loss: 4.6509
  Batch 1210/10484, Loss: 4.0712
  Batch 1220/10484, Loss: 4.3589
  Batch 1230/10484, Loss: 5.1960
  Batch 1240/10484, Loss: 4.9485
  Batch 1250/10484, Loss: 4.1190
  Batch 1260/10484, Loss: 4.5742
  Batch 1270/10484, Loss: 4.9976
  Batch 1280/10484, Loss: 4.6525
  Batch 1290/10484, Loss: 4.6495
  Batch 1300/10484, Loss: 4.9690
  Batch 1310/10484, Loss: 4.8548
  Batch 1320/10484, Loss: 4.2223
  Batch 1330/10484, Loss: 4.0888
  Batch 1340/10484, Loss: 4.2674
  Batch 1350/10484, Loss: 4.1720
  Batch 1360/10484, Loss: 4.9265
  Batch 1370/10484, Loss: 4.3082
  Batch 1380/10484, Loss: 4.7114
  Batch 1390/10484, Loss: 4.3507
  Batch 1400/10484, Loss: 4.7853
  Batch 1410/10484, Loss: 4.9958
  Batch 1420/10484, Loss: 4.8936
  Batch 1430/10484, Loss: 4.1397
  Batch 1440/10484, Loss: 3.9560
  Batch 1450/10484, Loss: 4.6205
  Batch 1460/10484, Loss: 4.0518
  Batch 1470/10484, Loss: 3.9406
  Batch 1480/10484, Loss: 5.1877
  Batch 1490/10484, Loss: 3.9562
  Batch 1500/10484, Loss: 4.7152
  Batch 1510/10484, Loss: 4.7967
  Batch 1520/10484, Loss: 4.4499
  Batch 1530/10484, Loss: 4.9920
  Batch 1540/10484, Loss: 4.5787
  Batch 1550/10484, Loss: 4.7202
  Batch 1560/10484, Loss: 4.6514
  Batch 1570/10484, Loss: 4.6353
  Batch 1580/10484, Loss: 4.8762
  Batch 1590/10484, Loss: 4.7067
  Batch 1600/10484, Loss: 4.5292
  Batch 1610/10484, Loss: 4.0720
  Batch 1620/10484, Loss: 5.0296
  Batch 1630/10484, Loss: 4.8794
  Batch 1640/10484, Loss: 4.2059
  Batch 1650/10484, Loss: 4.1768
  Batch 1660/10484, Loss: 4.5951
  Batch 1670/10484, Loss: 4.2402
  Batch 1680/10484, Loss: 4.5764
  Batch 1690/10484, Loss: 4.1753
  Batch 1700/10484, Loss: 4.4943
  Batch 1710/10484, Loss: 4.2755
  Batch 1720/10484, Loss: 4.9612
  Batch 1730/10484, Loss: 4.4656
  Batch 1740/10484, Loss: 4.8468
  Batch 1750/10484, Loss: 4.8592
  Batch 1760/10484, Loss: 4.4750
  Batch 1770/10484, Loss: 4.2844
  Batch 1780/10484, Loss: 4.6996
  Batch 1790/10484, Loss: 4.5190
  Batch 1800/10484, Loss: 4.6552
  Batch 1810/10484, Loss: 4.4583
  Batch 1820/10484, Loss: 4.3364
  Batch 1830/10484, Loss: 4.6804
  Batch 1840/10484, Loss: 4.8592
  Batch 1850/10484, Loss: 4.5862
  Batch 1860/10484, Loss: 4.4950
  Batch 1870/10484, Loss: 4.0830
  Batch 1880/10484, Loss: 4.8402
  Batch 1890/10484, Loss: 4.5392
  Batch 1900/10484, Loss: 4.5371
  Batch 1910/10484, Loss: 4.6236
  Batch 1920/10484, Loss: 4.4594
  Batch 1930/10484, Loss: 4.0116
  Batch 1940/10484, Loss: 4.2177
  Batch 1950/10484, Loss: 4.4235
  Batch 1960/10484, Loss: 3.9988
  Batch 1970/10484, Loss: 4.6293
  Batch 1980/10484, Loss: 4.7992
  Batch 1990/10484, Loss: 4.8996
  Batch 2000/10484, Loss: 4.2203
  Batch 2010/10484, Loss: 4.7520
  Batch 2020/10484, Loss: 4.2559
  Batch 2030/10484, Loss: 4.6209
  Batch 2040/10484, Loss: 4.6663
  Batch 2050/10484, Loss: 4.1900
  Batch 2060/10484, Loss: 4.1691
  Batch 2070/10484, Loss: 4.2041
  Batch 2080/10484, Loss: 4.5775
  Batch 2090/10484, Loss: 4.4720
  Batch 2100/10484, Loss: 4.5656
  Batch 2110/10484, Loss: 4.8350
  Batch 2120/10484, Loss: 4.4788
  Batch 2130/10484, Loss: 4.9892
  Batch 2140/10484, Loss: 4.1538
  Batch 2150/10484, Loss: 5.1694
  Batch 2160/10484, Loss: 4.4604
  Batch 2170/10484, Loss: 4.0917
  Batch 2180/10484, Loss: 3.9515
  Batch 2190/10484, Loss: 4.8601
  Batch 2200/10484, Loss: 4.1547
  Batch 2210/10484, Loss: 4.6262
  Batch 2220/10484, Loss: 4.2325
  Batch 2230/10484, Loss: 3.9963
  Batch 2240/10484, Loss: 4.7150
  Batch 2250/10484, Loss: 4.6833
  Batch 2260/10484, Loss: 4.6123
  Batch 2270/10484, Loss: 4.3463
  Batch 2280/10484, Loss: 4.1938
  Batch 2290/10484, Loss: 4.3958
  Batch 2300/10484, Loss: 4.5957
  Batch 2310/10484, Loss: 4.2573
  Batch 2320/10484, Loss: 4.8286
  Batch 2330/10484, Loss: 4.4962
  Batch 2340/10484, Loss: 4.3969
  Batch 2350/10484, Loss: 4.8377
  Batch 2360/10484, Loss: 4.4325
  Batch 2370/10484, Loss: 5.0552
  Batch 2380/10484, Loss: 4.9840
  Batch 2390/10484, Loss: 4.6785
  Batch 2400/10484, Loss: 3.9762
  Batch 2410/10484, Loss: 4.6066
  Batch 2420/10484, Loss: 4.4892
  Batch 2430/10484, Loss: 4.5357
  Batch 2440/10484, Loss: 4.2623
  Batch 2450/10484, Loss: 5.0657
  Batch 2460/10484, Loss: 4.7570
  Batch 2470/10484, Loss: 5.0217
  Batch 2480/10484, Loss: 4.5647
  Batch 2490/10484, Loss: 4.7194
  Batch 2500/10484, Loss: 3.7289
  Batch 2510/10484, Loss: 4.6969
  Batch 2520/10484, Loss: 4.9395
  Batch 2530/10484, Loss: 4.7839
  Batch 2540/10484, Loss: 4.3640
  Batch 2550/10484, Loss: 4.7473
  Batch 2560/10484, Loss: 4.4119
  Batch 2570/10484, Loss: 4.7735
  Batch 2580/10484, Loss: 4.5103
  Batch 2590/10484, Loss: 4.1541
  Batch 2600/10484, Loss: 4.8308
  Batch 2610/10484, Loss: 4.6042
  Batch 2620/10484, Loss: 4.6991
  Batch 2630/10484, Loss: 4.7928
  Batch 2640/10484, Loss: 4.3215
  Batch 2650/10484, Loss: 4.6158
  Batch 2660/10484, Loss: 4.4537
  Batch 2670/10484, Loss: 4.4415
  Batch 2680/10484, Loss: 4.4948
  Batch 2690/10484, Loss: 4.3741
  Batch 2700/10484, Loss: 4.0589
  Batch 2710/10484, Loss: 4.8474
  Batch 2720/10484, Loss: 4.2885
  Batch 2730/10484, Loss: 4.3524
  Batch 2740/10484, Loss: 3.9923
  Batch 2750/10484, Loss: 4.8183
  Batch 2760/10484, Loss: 4.8196
  Batch 2770/10484, Loss: 4.9643
  Batch 2780/10484, Loss: 4.1966
  Batch 2790/10484, Loss: 4.2915
  Batch 2800/10484, Loss: 4.1053
  Batch 2810/10484, Loss: 4.8125
  Batch 2820/10484, Loss: 4.3658
  Batch 2830/10484, Loss: 4.4313
  Batch 2840/10484, Loss: 4.0031
  Batch 2850/10484, Loss: 4.5284
  Batch 2860/10484, Loss: 4.5951
  Batch 2870/10484, Loss: 4.1121
  Batch 2880/10484, Loss: 4.3559
  Batch 2890/10484, Loss: 4.7921
  Batch 2900/10484, Loss: 4.0662
  Batch 2910/10484, Loss: 4.6082
  Batch 2920/10484, Loss: 4.4377
  Batch 2930/10484, Loss: 5.0493
  Batch 2940/10484, Loss: 4.6180
  Batch 2950/10484, Loss: 4.8081
  Batch 2960/10484, Loss: 4.6972
  Batch 2970/10484, Loss: 4.3356
  Batch 2980/10484, Loss: 5.0178
  Batch 2990/10484, Loss: 4.7368
  Batch 3000/10484, Loss: 4.9515
  Batch 3010/10484, Loss: 5.0622
  Batch 3020/10484, Loss: 5.2500
  Batch 3030/10484, Loss: 4.7433
  Batch 3040/10484, Loss: 4.5913
  Batch 3050/10484, Loss: 4.9132
  Batch 3060/10484, Loss: 4.3156
  Batch 3070/10484, Loss: 4.7252
  Batch 3080/10484, Loss: 4.8380
  Batch 3090/10484, Loss: 4.3262
  Batch 3100/10484, Loss: 4.0111
  Batch 3110/10484, Loss: 4.4936
  Batch 3120/10484, Loss: 4.5418
  Batch 3130/10484, Loss: 4.5000
  Batch 3140/10484, Loss: 4.5625
  Batch 3150/10484, Loss: 4.3844
  Batch 3160/10484, Loss: 4.3908
  Batch 3170/10484, Loss: 4.8050
  Batch 3180/10484, Loss: 4.1875
  Batch 3190/10484, Loss: 4.2172
  Batch 3200/10484, Loss: 4.2051
  Batch 3210/10484, Loss: 4.6158
  Batch 3220/10484, Loss: 4.5236
  Batch 3230/10484, Loss: 4.2833
  Batch 3240/10484, Loss: 4.9645
  Batch 3250/10484, Loss: 4.2829
  Batch 3260/10484, Loss: 4.3052
  Batch 3270/10484, Loss: 4.3390
  Batch 3280/10484, Loss: 5.4206
  Batch 3290/10484, Loss: 4.3468
  Batch 3300/10484, Loss: 4.4727
  Batch 3310/10484, Loss: 4.7024
  Batch 3320/10484, Loss: 4.4950
  Batch 3330/10484, Loss: 4.7715
  Batch 3340/10484, Loss: 4.7933
  Batch 3350/10484, Loss: 4.5051
  Batch 3360/10484, Loss: 4.6672
  Batch 3370/10484, Loss: 4.5627
  Batch 3380/10484, Loss: 4.8742
  Batch 3390/10484, Loss: 4.7899
  Batch 3400/10484, Loss: 4.4803
  Batch 3410/10484, Loss: 4.1445
  Batch 3420/10484, Loss: 4.2244
  Batch 3430/10484, Loss: 4.3987
  Batch 3440/10484, Loss: 4.7905
  Batch 3450/10484, Loss: 4.7882
  Batch 3460/10484, Loss: 4.6321
  Batch 3470/10484, Loss: 4.5148
  Batch 3480/10484, Loss: 3.9437
  Batch 3490/10484, Loss: 4.0981
  Batch 3500/10484, Loss: 4.5547
  Batch 3510/10484, Loss: 3.8650
  Batch 3520/10484, Loss: 4.3383
  Batch 3530/10484, Loss: 4.8905
  Batch 3540/10484, Loss: 4.7309
  Batch 3550/10484, Loss: 4.6430
  Batch 3560/10484, Loss: 4.3225
  Batch 3570/10484, Loss: 4.6116
  Batch 3580/10484, Loss: 3.2679
  Batch 3590/10484, Loss: 5.0826
  Batch 3600/10484, Loss: 4.7660
  Batch 3610/10484, Loss: 4.5983
  Batch 3620/10484, Loss: 4.4494
  Batch 3630/10484, Loss: 4.1169
  Batch 3640/10484, Loss: 4.7985
  Batch 3650/10484, Loss: 4.8261
  Batch 3660/10484, Loss: 4.8412
  Batch 3670/10484, Loss: 4.2800
  Batch 3680/10484, Loss: 4.0936
  Batch 3690/10484, Loss: 4.6952
  Batch 3700/10484, Loss: 4.9127
  Batch 3710/10484, Loss: 4.1039
  Batch 3720/10484, Loss: 4.3292
  Batch 3730/10484, Loss: 4.3653
  Batch 3740/10484, Loss: 4.8558
  Batch 3750/10484, Loss: 4.7346
  Batch 3760/10484, Loss: 4.9441
  Batch 3770/10484, Loss: 4.0514
  Batch 3780/10484, Loss: 4.4972
  Batch 3790/10484, Loss: 3.9791
  Batch 3800/10484, Loss: 4.0967
  Batch 3810/10484, Loss: 4.6705
  Batch 3820/10484, Loss: 4.6498
  Batch 3830/10484, Loss: 4.4647
  Batch 3840/10484, Loss: 3.6148
  Batch 3850/10484, Loss: 4.8921
  Batch 3860/10484, Loss: 4.9587
  Batch 3870/10484, Loss: 4.9299
  Batch 3880/10484, Loss: 4.3183
  Batch 3890/10484, Loss: 5.0280
  Batch 3900/10484, Loss: 4.2799
  Batch 3910/10484, Loss: 4.1801
  Batch 3920/10484, Loss: 4.0226
  Batch 3930/10484, Loss: 4.4749
  Batch 3940/10484, Loss: 4.0044
  Batch 3950/10484, Loss: 4.2262
  Batch 3960/10484, Loss: 4.7928
  Batch 3970/10484, Loss: 4.5313
  Batch 3980/10484, Loss: 4.7848
  Batch 3990/10484, Loss: 4.4448
  Batch 4000/10484, Loss: 5.1277
  Batch 4010/10484, Loss: 4.4394
  Batch 4020/10484, Loss: 4.7000
  Batch 4030/10484, Loss: 4.1105
  Batch 4040/10484, Loss: 4.6263
  Batch 4050/10484, Loss: 5.1179
  Batch 4060/10484, Loss: 4.5657
  Batch 4070/10484, Loss: 4.0114
  Batch 4080/10484, Loss: 4.3823
  Batch 4090/10484, Loss: 4.6511
  Batch 4100/10484, Loss: 4.5173
  Batch 4110/10484, Loss: 4.0249
  Batch 4120/10484, Loss: 5.1205
  Batch 4130/10484, Loss: 4.8378
  Batch 4140/10484, Loss: 4.6556
  Batch 4150/10484, Loss: 4.7871
  Batch 4160/10484, Loss: 4.6877
  Batch 4170/10484, Loss: 4.6159
  Batch 4180/10484, Loss: 4.4912
  Batch 4190/10484, Loss: 4.5186
  Batch 4200/10484, Loss: 4.7448
  Batch 4210/10484, Loss: 4.4914
  Batch 4220/10484, Loss: 4.9719
  Batch 4230/10484, Loss: 4.6335
  Batch 4240/10484, Loss: 4.7557
  Batch 4250/10484, Loss: 4.5856
  Batch 4260/10484, Loss: 4.0092
  Batch 4270/10484, Loss: 4.1622
  Batch 4280/10484, Loss: 4.0129
  Batch 4290/10484, Loss: 5.3620
  Batch 4300/10484, Loss: 4.3565
  Batch 4310/10484, Loss: 4.8261
  Batch 4320/10484, Loss: 4.3824
  Batch 4330/10484, Loss: 4.5873
  Batch 4340/10484, Loss: 4.9864
  Batch 4350/10484, Loss: 4.5970
  Batch 4360/10484, Loss: 5.0251
  Batch 4370/10484, Loss: 4.7034
  Batch 4380/10484, Loss: 4.8621
  Batch 4390/10484, Loss: 4.1941
  Batch 4400/10484, Loss: 4.6410
  Batch 4410/10484, Loss: 4.9915
  Batch 4420/10484, Loss: 5.1514
  Batch 4430/10484, Loss: 4.8138
  Batch 4440/10484, Loss: 5.1836
  Batch 4450/10484, Loss: 4.6173
  Batch 4460/10484, Loss: 4.6423
  Batch 4470/10484, Loss: 4.8755
  Batch 4480/10484, Loss: 4.6251
  Batch 4490/10484, Loss: 4.9620
  Batch 4500/10484, Loss: 4.3290
  Batch 4510/10484, Loss: 4.8158
  Batch 4520/10484, Loss: 4.7052
  Batch 4530/10484, Loss: 4.3211
  Batch 4540/10484, Loss: 4.7292
  Batch 4550/10484, Loss: 4.8419
  Batch 4560/10484, Loss: 4.5382
  Batch 4570/10484, Loss: 4.9581
  Batch 4580/10484, Loss: 4.8071
  Batch 4590/10484, Loss: 4.8929
  Batch 4600/10484, Loss: 4.4457
  Batch 4610/10484, Loss: 4.8049
  Batch 4620/10484, Loss: 4.7802
  Batch 4630/10484, Loss: 4.0516
  Batch 4640/10484, Loss: 4.8000
  Batch 4650/10484, Loss: 4.3312
  Batch 4660/10484, Loss: 4.0176
  Batch 4670/10484, Loss: 4.6319
  Batch 4680/10484, Loss: 4.6249
  Batch 4690/10484, Loss: 4.3180
  Batch 4700/10484, Loss: 4.2473
  Batch 4710/10484, Loss: 3.7710
  Batch 4720/10484, Loss: 4.8433
  Batch 4730/10484, Loss: 4.9273
  Batch 4740/10484, Loss: 4.6806
  Batch 4750/10484, Loss: 4.3142
  Batch 4760/10484, Loss: 5.2831
  Batch 4770/10484, Loss: 4.6853
  Batch 4780/10484, Loss: 4.5096
  Batch 4790/10484, Loss: 3.9792
  Batch 4800/10484, Loss: 4.1275
  Batch 4810/10484, Loss: 4.8779
  Batch 4820/10484, Loss: 3.6936
  Batch 4830/10484, Loss: 5.1856
  Batch 4840/10484, Loss: 4.6728
  Batch 4850/10484, Loss: 4.8631
  Batch 4860/10484, Loss: 4.6949
  Batch 4870/10484, Loss: 5.2071
  Batch 4880/10484, Loss: 4.9857
  Batch 4890/10484, Loss: 4.5304
  Batch 4900/10484, Loss: 4.9075
  Batch 4910/10484, Loss: 4.6925
  Batch 4920/10484, Loss: 3.7365
  Batch 4930/10484, Loss: 4.5262
  Batch 4940/10484, Loss: 4.8729
  Batch 4950/10484, Loss: 4.5732
  Batch 4960/10484, Loss: 4.4914
  Batch 4970/10484, Loss: 5.0304
  Batch 4980/10484, Loss: 4.9826
  Batch 4990/10484, Loss: 5.1876
  Batch 5000/10484, Loss: 4.8102
  Batch 5010/10484, Loss: 4.3886
  Batch 5020/10484, Loss: 4.5271
  Batch 5030/10484, Loss: 4.7797
  Batch 5040/10484, Loss: 3.9256
  Batch 5050/10484, Loss: 4.9296
  Batch 5060/10484, Loss: 4.5254
  Batch 5070/10484, Loss: 4.5385
  Batch 5080/10484, Loss: 4.3171
  Batch 5090/10484, Loss: 4.3243
  Batch 5100/10484, Loss: 4.8947
  Batch 5110/10484, Loss: 4.7987
  Batch 5120/10484, Loss: 4.2630
  Batch 5130/10484, Loss: 4.2415
  Batch 5140/10484, Loss: 5.0641
  Batch 5150/10484, Loss: 4.3827
  Batch 5160/10484, Loss: 4.0542
  Batch 5170/10484, Loss: 3.9467
  Batch 5180/10484, Loss: 5.1741
  Batch 5190/10484, Loss: 5.0515
  Batch 5200/10484, Loss: 4.9854
  Batch 5210/10484, Loss: 4.5197
  Batch 5220/10484, Loss: 4.4945
  Batch 5230/10484, Loss: 5.0395
  Batch 5240/10484, Loss: 4.2288
  Batch 5250/10484, Loss: 4.1159
  Batch 5260/10484, Loss: 4.7849
  Batch 5270/10484, Loss: 4.1233
  Batch 5280/10484, Loss: 4.5938
  Batch 5290/10484, Loss: 4.6656
  Batch 5300/10484, Loss: 4.3145
  Batch 5310/10484, Loss: 4.4758
  Batch 5320/10484, Loss: 4.8839
  Batch 5330/10484, Loss: 4.4702
  Batch 5340/10484, Loss: 4.4025
  Batch 5350/10484, Loss: 4.3934
  Batch 5360/10484, Loss: 4.1211
  Batch 5370/10484, Loss: 4.6152
  Batch 5380/10484, Loss: 4.9362
  Batch 5390/10484, Loss: 4.9714
  Batch 5400/10484, Loss: 4.8036
  Batch 5410/10484, Loss: 4.7697
  Batch 5420/10484, Loss: 4.3641
  Batch 5430/10484, Loss: 4.9312
  Batch 5440/10484, Loss: 5.1863
  Batch 5450/10484, Loss: 4.4565
  Batch 5460/10484, Loss: 4.3359
  Batch 5470/10484, Loss: 5.1041
  Batch 5480/10484, Loss: 4.6109
  Batch 5490/10484, Loss: 4.0989
  Batch 5500/10484, Loss: 4.3307
  Batch 5510/10484, Loss: 4.0830
  Batch 5520/10484, Loss: 4.4032
  Batch 5530/10484, Loss: 4.6507
  Batch 5540/10484, Loss: 4.4246
  Batch 5550/10484, Loss: 4.4304
  Batch 5560/10484, Loss: 4.6932
  Batch 5570/10484, Loss: 4.2198
  Batch 5580/10484, Loss: 4.6380
  Batch 5590/10484, Loss: 4.9365
  Batch 5600/10484, Loss: 4.8208
  Batch 5610/10484, Loss: 4.9253
  Batch 5620/10484, Loss: 4.4199
  Batch 5630/10484, Loss: 4.2969
  Batch 5640/10484, Loss: 4.6917
  Batch 5650/10484, Loss: 4.7115
  Batch 5660/10484, Loss: 4.4627
  Batch 5670/10484, Loss: 4.5099
  Batch 5680/10484, Loss: 4.5784
  Batch 5690/10484, Loss: 4.0275
  Batch 5700/10484, Loss: 4.4323
  Batch 5710/10484, Loss: 4.6220
  Batch 5720/10484, Loss: 4.4273
  Batch 5730/10484, Loss: 4.5135
  Batch 5740/10484, Loss: 4.5291
  Batch 5750/10484, Loss: 4.8210
  Batch 5760/10484, Loss: 4.3524
  Batch 5770/10484, Loss: 5.0671
  Batch 5780/10484, Loss: 4.8132
  Batch 5790/10484, Loss: 4.8226
  Batch 5800/10484, Loss: 5.1176
  Batch 5810/10484, Loss: 4.7303
  Batch 5820/10484, Loss: 5.1951
  Batch 5830/10484, Loss: 4.7519
  Batch 5840/10484, Loss: 4.9232
  Batch 5850/10484, Loss: 4.6672
  Batch 5860/10484, Loss: 4.3460
  Batch 5870/10484, Loss: 4.5331
  Batch 5880/10484, Loss: 4.8779
  Batch 5890/10484, Loss: 4.7840
  Batch 5900/10484, Loss: 4.1579
  Batch 5910/10484, Loss: 4.2830
  Batch 5920/10484, Loss: 4.9309
  Batch 5930/10484, Loss: 3.6644
  Batch 5940/10484, Loss: 4.2698
  Batch 5950/10484, Loss: 4.4093
  Batch 5960/10484, Loss: 3.7092
  Batch 5970/10484, Loss: 4.2591
  Batch 5980/10484, Loss: 4.9966
  Batch 5990/10484, Loss: 4.2090
  Batch 6000/10484, Loss: 4.8506
  Batch 6010/10484, Loss: 4.5070
  Batch 6020/10484, Loss: 4.7674
  Batch 6030/10484, Loss: 4.1866
  Batch 6040/10484, Loss: 4.7574
  Batch 6050/10484, Loss: 4.6061
  Batch 6060/10484, Loss: 4.3183
  Batch 6070/10484, Loss: 4.5200
  Batch 6080/10484, Loss: 4.5540
  Batch 6090/10484, Loss: 5.2851
  Batch 6100/10484, Loss: 4.6994
  Batch 6110/10484, Loss: 4.4384
  Batch 6120/10484, Loss: 4.5663
  Batch 6130/10484, Loss: 4.4050
  Batch 6140/10484, Loss: 4.6484
  Batch 6150/10484, Loss: 5.1316
  Batch 6160/10484, Loss: 4.5126
  Batch 6170/10484, Loss: 4.6643
  Batch 6180/10484, Loss: 4.3092
  Batch 6190/10484, Loss: 5.1466
  Batch 6200/10484, Loss: 5.0406
  Batch 6210/10484, Loss: 4.9321
  Batch 6220/10484, Loss: 4.2212
  Batch 6230/10484, Loss: 5.2625
  Batch 6240/10484, Loss: 4.6177
  Batch 6250/10484, Loss: 4.6520
  Batch 6260/10484, Loss: 4.3344
  Batch 6270/10484, Loss: 4.3274
  Batch 6280/10484, Loss: 4.5935
  Batch 6290/10484, Loss: 4.7962
  Batch 6300/10484, Loss: 4.5838
  Batch 6310/10484, Loss: 4.6000
  Batch 6320/10484, Loss: 5.0001
  Batch 6330/10484, Loss: 4.3242
  Batch 6340/10484, Loss: 4.4304
  Batch 6350/10484, Loss: 4.7901
  Batch 6360/10484, Loss: 4.8115
  Batch 6370/10484, Loss: 4.6471
  Batch 6380/10484, Loss: 4.6671
  Batch 6390/10484, Loss: 4.3883
  Batch 6400/10484, Loss: 4.0478
  Batch 6410/10484, Loss: 4.9521
  Batch 6420/10484, Loss: 4.5365
  Batch 6430/10484, Loss: 4.4162
  Batch 6440/10484, Loss: 4.5233
  Batch 6450/10484, Loss: 4.3276
  Batch 6460/10484, Loss: 4.1308
  Batch 6470/10484, Loss: 4.3773
  Batch 6480/10484, Loss: 4.5098
  Batch 6490/10484, Loss: 4.5220
  Batch 6500/10484, Loss: 4.4644
  Batch 6510/10484, Loss: 4.8284
  Batch 6520/10484, Loss: 4.6658
  Batch 6530/10484, Loss: 4.6506
  Batch 6540/10484, Loss: 4.0894
  Batch 6550/10484, Loss: 4.4521
  Batch 6560/10484, Loss: 4.7975
  Batch 6570/10484, Loss: 5.1338
  Batch 6580/10484, Loss: 4.1898
  Batch 6590/10484, Loss: 4.4759
  Batch 6600/10484, Loss: 3.8241
  Batch 6610/10484, Loss: 4.7481
  Batch 6620/10484, Loss: 4.6820
  Batch 6630/10484, Loss: 4.4203
  Batch 6640/10484, Loss: 5.1000
  Batch 6650/10484, Loss: 4.5888
  Batch 6660/10484, Loss: 4.6055
  Batch 6670/10484, Loss: 4.8513
  Batch 6680/10484, Loss: 4.4957
  Batch 6690/10484, Loss: 4.2078
  Batch 6700/10484, Loss: 5.0627
  Batch 6710/10484, Loss: 4.8049
  Batch 6720/10484, Loss: 4.8712
  Batch 6730/10484, Loss: 4.5177
  Batch 6740/10484, Loss: 4.7845
  Batch 6750/10484, Loss: 4.6712
  Batch 6760/10484, Loss: 3.8332
  Batch 6770/10484, Loss: 4.9191
  Batch 6780/10484, Loss: 4.2404
  Batch 6790/10484, Loss: 4.4570
  Batch 6800/10484, Loss: 4.1858
  Batch 6810/10484, Loss: 4.7542
  Batch 6820/10484, Loss: 4.5084
  Batch 6830/10484, Loss: 4.5041
  Batch 6840/10484, Loss: 4.7793
  Batch 6850/10484, Loss: 4.4263
  Batch 6860/10484, Loss: 4.3112
  Batch 6870/10484, Loss: 4.3762
  Batch 6880/10484, Loss: 4.5095
  Batch 6890/10484, Loss: 4.4725
  Batch 6900/10484, Loss: 5.1295
  Batch 6910/10484, Loss: 4.6499
  Batch 6920/10484, Loss: 4.9560
  Batch 6930/10484, Loss: 4.5383
  Batch 6940/10484, Loss: 4.5868
  Batch 6950/10484, Loss: 4.7613
  Batch 6960/10484, Loss: 4.0838
  Batch 6970/10484, Loss: 5.1195
  Batch 6980/10484, Loss: 4.5355
  Batch 6990/10484, Loss: 4.7086
  Batch 7000/10484, Loss: 5.0309
  Batch 7010/10484, Loss: 5.0521
  Batch 7020/10484, Loss: 3.9032
  Batch 7030/10484, Loss: 4.5894
  Batch 7040/10484, Loss: 4.6240
  Batch 7050/10484, Loss: 4.5508
  Batch 7060/10484, Loss: 5.1122
  Batch 7070/10484, Loss: 4.0970
  Batch 7080/10484, Loss: 4.0192
  Batch 7090/10484, Loss: 4.5432
  Batch 7100/10484, Loss: 4.2833
  Batch 7110/10484, Loss: 4.6264
  Batch 7120/10484, Loss: 4.8482
  Batch 7130/10484, Loss: 4.7323
  Batch 7140/10484, Loss: 4.3890
  Batch 7150/10484, Loss: 4.9809
  Batch 7160/10484, Loss: 4.2189
  Batch 7170/10484, Loss: 4.4623
  Batch 7180/10484, Loss: 4.9700
  Batch 7190/10484, Loss: 4.5764
  Batch 7200/10484, Loss: 4.5294
  Batch 7210/10484, Loss: 3.9775
  Batch 7220/10484, Loss: 4.5033
  Batch 7230/10484, Loss: 4.5910
  Batch 7240/10484, Loss: 5.0792
  Batch 7250/10484, Loss: 4.9078
  Batch 7260/10484, Loss: 4.3167
  Batch 7270/10484, Loss: 4.3584
  Batch 7280/10484, Loss: 4.7142
  Batch 7290/10484, Loss: 4.3364
  Batch 7300/10484, Loss: 4.4902
  Batch 7310/10484, Loss: 4.7517
  Batch 7320/10484, Loss: 4.7458
  Batch 7330/10484, Loss: 5.1209
  Batch 7340/10484, Loss: 4.4173
  Batch 7350/10484, Loss: 4.9746
  Batch 7360/10484, Loss: 4.9003
  Batch 7370/10484, Loss: 4.4566
  Batch 7380/10484, Loss: 4.5553
  Batch 7390/10484, Loss: 5.0009
  Batch 7400/10484, Loss: 4.3677
  Batch 7410/10484, Loss: 4.7782
  Batch 7420/10484, Loss: 4.4382
  Batch 7430/10484, Loss: 4.3738
  Batch 7440/10484, Loss: 4.7923
  Batch 7450/10484, Loss: 4.0425
  Batch 7460/10484, Loss: 4.5032
  Batch 7470/10484, Loss: 4.7505
  Batch 7480/10484, Loss: 5.0613
  Batch 7490/10484, Loss: 4.6424
  Batch 7500/10484, Loss: 4.8549
  Batch 7510/10484, Loss: 4.7810
  Batch 7520/10484, Loss: 4.4334
  Batch 7530/10484, Loss: 3.6730
  Batch 7540/10484, Loss: 4.0498
  Batch 7550/10484, Loss: 3.7932
  Batch 7560/10484, Loss: 4.7263
  Batch 7570/10484, Loss: 4.4643
  Batch 7580/10484, Loss: 4.5067
  Batch 7590/10484, Loss: 3.7559
  Batch 7600/10484, Loss: 4.7853
  Batch 7610/10484, Loss: 4.3019
  Batch 7620/10484, Loss: 4.0761
  Batch 7630/10484, Loss: 5.0769
  Batch 7640/10484, Loss: 4.7367
  Batch 7650/10484, Loss: 4.3715
  Batch 7660/10484, Loss: 4.7094
  Batch 7670/10484, Loss: 4.9458
  Batch 7680/10484, Loss: 4.6281
  Batch 7690/10484, Loss: 4.8371
  Batch 7700/10484, Loss: 5.2044
  Batch 7710/10484, Loss: 4.2742
  Batch 7720/10484, Loss: 4.4769
  Batch 7730/10484, Loss: 4.4025
  Batch 7740/10484, Loss: 4.8830
  Batch 7750/10484, Loss: 5.0582
  Batch 7760/10484, Loss: 4.7902
  Batch 7770/10484, Loss: 4.4725
  Batch 7780/10484, Loss: 4.0585
  Batch 7790/10484, Loss: 4.6978
  Batch 7800/10484, Loss: 4.2072
  Batch 7810/10484, Loss: 4.4683
  Batch 7820/10484, Loss: 4.8499
  Batch 7830/10484, Loss: 4.7637
  Batch 7840/10484, Loss: 3.9555
  Batch 7850/10484, Loss: 4.2305
  Batch 7860/10484, Loss: 4.4231
  Batch 7870/10484, Loss: 4.7437
  Batch 7880/10484, Loss: 4.4156
  Batch 7890/10484, Loss: 4.9643
  Batch 7900/10484, Loss: 5.2069
  Batch 7910/10484, Loss: 4.8465
  Batch 7920/10484, Loss: 3.9783
  Batch 7930/10484, Loss: 4.7621
  Batch 7940/10484, Loss: 4.7756
  Batch 7950/10484, Loss: 4.5053
  Batch 7960/10484, Loss: 4.8317
  Batch 7970/10484, Loss: 4.7291
  Batch 7980/10484, Loss: 4.3550
  Batch 7990/10484, Loss: 4.4710
  Batch 8000/10484, Loss: 4.3752
  Batch 8010/10484, Loss: 4.8003
  Batch 8020/10484, Loss: 4.6496
  Batch 8030/10484, Loss: 4.3721
  Batch 8040/10484, Loss: 4.6159
  Batch 8050/10484, Loss: 4.3221
  Batch 8060/10484, Loss: 4.9106
  Batch 8070/10484, Loss: 4.7011
  Batch 8080/10484, Loss: 3.7929
  Batch 8090/10484, Loss: 4.3863
  Batch 8100/10484, Loss: 4.9678
  Batch 8110/10484, Loss: 4.6175
  Batch 8120/10484, Loss: 4.8874
  Batch 8130/10484, Loss: 4.8851
  Batch 8140/10484, Loss: 4.7581
  Batch 8150/10484, Loss: 4.9445
  Batch 8160/10484, Loss: 4.0966
  Batch 8170/10484, Loss: 4.5209
  Batch 8180/10484, Loss: 4.1667
  Batch 8190/10484, Loss: 4.4823
  Batch 8200/10484, Loss: 4.1547
  Batch 8210/10484, Loss: 4.2074
  Batch 8220/10484, Loss: 4.7271
  Batch 8230/10484, Loss: 3.9250
  Batch 8240/10484, Loss: 4.2092
  Batch 8250/10484, Loss: 4.3437
  Batch 8260/10484, Loss: 4.6501
  Batch 8270/10484, Loss: 4.8528
  Batch 8280/10484, Loss: 4.4574
  Batch 8290/10484, Loss: 4.5471
  Batch 8300/10484, Loss: 4.9616
  Batch 8310/10484, Loss: 4.5138
  Batch 8320/10484, Loss: 4.7733
  Batch 8330/10484, Loss: 5.0269
  Batch 8340/10484, Loss: 4.0614
  Batch 8350/10484, Loss: 5.0081
  Batch 8360/10484, Loss: 4.4877
  Batch 8370/10484, Loss: 4.0501
  Batch 8380/10484, Loss: 4.4425
  Batch 8390/10484, Loss: 4.5234
  Batch 8400/10484, Loss: 4.7543
  Batch 8410/10484, Loss: 4.6562
  Batch 8420/10484, Loss: 4.8457
  Batch 8430/10484, Loss: 5.2896
  Batch 8440/10484, Loss: 4.3383
  Batch 8450/10484, Loss: 4.2801
  Batch 8460/10484, Loss: 4.8444
  Batch 8470/10484, Loss: 4.1965
  Batch 8480/10484, Loss: 4.5991
  Batch 8490/10484, Loss: 3.6841
  Batch 8500/10484, Loss: 4.5879
  Batch 8510/10484, Loss: 4.9124
  Batch 8520/10484, Loss: 4.3316
  Batch 8530/10484, Loss: 4.8704
  Batch 8540/10484, Loss: 3.5238
  Batch 8550/10484, Loss: 4.3232
  Batch 8560/10484, Loss: 4.7479
  Batch 8570/10484, Loss: 5.1496
  Batch 8580/10484, Loss: 4.4244
  Batch 8590/10484, Loss: 4.2991
  Batch 8600/10484, Loss: 4.0644
  Batch 8610/10484, Loss: 4.8407
  Batch 8620/10484, Loss: 4.6268
  Batch 8630/10484, Loss: 4.7696
  Batch 8640/10484, Loss: 4.7446
  Batch 8650/10484, Loss: 4.7158
  Batch 8660/10484, Loss: 4.4923
  Batch 8670/10484, Loss: 4.7176
  Batch 8680/10484, Loss: 4.3206
  Batch 8690/10484, Loss: 4.5491
  Batch 8700/10484, Loss: 3.7970
  Batch 8710/10484, Loss: 5.1320
  Batch 8720/10484, Loss: 4.2569
  Batch 8730/10484, Loss: 4.2757
  Batch 8740/10484, Loss: 4.5330
  Batch 8750/10484, Loss: 4.6694
  Batch 8760/10484, Loss: 4.4811
  Batch 8770/10484, Loss: 4.5768
  Batch 8780/10484, Loss: 4.8674
  Batch 8790/10484, Loss: 4.3419
  Batch 8800/10484, Loss: 4.8316
  Batch 8810/10484, Loss: 4.3975
  Batch 8820/10484, Loss: 4.2583
  Batch 8830/10484, Loss: 4.4252
  Batch 8840/10484, Loss: 4.6338
  Batch 8850/10484, Loss: 4.4946
  Batch 8860/10484, Loss: 4.6657
  Batch 8870/10484, Loss: 4.3370
  Batch 8880/10484, Loss: 4.0452
  Batch 8890/10484, Loss: 4.7072
  Batch 8900/10484, Loss: 3.6814
  Batch 8910/10484, Loss: 4.8288
  Batch 8920/10484, Loss: 4.2129
  Batch 8930/10484, Loss: 4.6172
  Batch 8940/10484, Loss: 4.4497
  Batch 8950/10484, Loss: 4.8328
  Batch 8960/10484, Loss: 4.1557
  Batch 8970/10484, Loss: 4.7086
  Batch 8980/10484, Loss: 4.4062
  Batch 8990/10484, Loss: 4.2036
  Batch 9000/10484, Loss: 4.3899
  Batch 9010/10484, Loss: 4.4739
  Batch 9020/10484, Loss: 5.1018
  Batch 9030/10484, Loss: 4.3292
  Batch 9040/10484, Loss: 5.1783
  Batch 9050/10484, Loss: 4.8424
  Batch 9060/10484, Loss: 4.2333
  Batch 9070/10484, Loss: 4.5884
  Batch 9080/10484, Loss: 4.9434
  Batch 9090/10484, Loss: 4.5180
  Batch 9100/10484, Loss: 4.3800
  Batch 9110/10484, Loss: 4.4524
  Batch 9120/10484, Loss: 4.6834
  Batch 9130/10484, Loss: 4.7912
  Batch 9140/10484, Loss: 4.4609
  Batch 9150/10484, Loss: 4.3085
  Batch 9160/10484, Loss: 4.8506
  Batch 9170/10484, Loss: 5.0328
  Batch 9180/10484, Loss: 4.8374
  Batch 9190/10484, Loss: 4.8168
  Batch 9200/10484, Loss: 4.5691
  Batch 9210/10484, Loss: 5.2250
  Batch 9220/10484, Loss: 4.8437
  Batch 9230/10484, Loss: 4.4067
  Batch 9240/10484, Loss: 4.6999
  Batch 9250/10484, Loss: 4.5583
  Batch 9260/10484, Loss: 4.3201
  Batch 9270/10484, Loss: 5.3487
  Batch 9280/10484, Loss: 5.2948
  Batch 9290/10484, Loss: 4.6060
  Batch 9300/10484, Loss: 4.8974
  Batch 9310/10484, Loss: 4.2112
  Batch 9320/10484, Loss: 4.3296
  Batch 9330/10484, Loss: 4.6884
  Batch 9340/10484, Loss: 4.4946
  Batch 9350/10484, Loss: 4.3762
  Batch 9360/10484, Loss: 4.4575
  Batch 9370/10484, Loss: 4.7525
  Batch 9380/10484, Loss: 4.4566
  Batch 9390/10484, Loss: 4.7108
  Batch 9400/10484, Loss: 4.7111
  Batch 9410/10484, Loss: 4.0226
  Batch 9420/10484, Loss: 4.5665
  Batch 9430/10484, Loss: 4.4892
  Batch 9440/10484, Loss: 4.8116
  Batch 9450/10484, Loss: 4.6393
  Batch 9460/10484, Loss: 4.6489
  Batch 9470/10484, Loss: 4.1199
  Batch 9480/10484, Loss: 4.5161
  Batch 9490/10484, Loss: 5.0005
  Batch 9500/10484, Loss: 4.6865
  Batch 9510/10484, Loss: 4.5181
  Batch 9520/10484, Loss: 4.4689
  Batch 9530/10484, Loss: 4.7645
  Batch 9540/10484, Loss: 4.8319
  Batch 9550/10484, Loss: 4.6767
  Batch 9560/10484, Loss: 4.9698
  Batch 9570/10484, Loss: 4.9997
  Batch 9580/10484, Loss: 4.9569
  Batch 9590/10484, Loss: 4.0105
  Batch 9600/10484, Loss: 4.1995
  Batch 9610/10484, Loss: 4.6058
  Batch 9620/10484, Loss: 4.4447
  Batch 9630/10484, Loss: 4.7064
  Batch 9640/10484, Loss: 4.7957
  Batch 9650/10484, Loss: 4.2787
  Batch 9660/10484, Loss: 4.8540
  Batch 9670/10484, Loss: 4.6119
  Batch 9680/10484, Loss: 5.2103
  Batch 9690/10484, Loss: 4.1744
  Batch 9700/10484, Loss: 4.0296
  Batch 9710/10484, Loss: 4.2773
  Batch 9720/10484, Loss: 4.3298
  Batch 9730/10484, Loss: 4.9912
  Batch 9740/10484, Loss: 4.5375
  Batch 9750/10484, Loss: 4.5958
  Batch 9760/10484, Loss: 4.2465
  Batch 9770/10484, Loss: 4.3490
  Batch 9780/10484, Loss: 4.8221
  Batch 9790/10484, Loss: 4.4549
  Batch 9800/10484, Loss: 5.0237
  Batch 9810/10484, Loss: 4.4172
  Batch 9820/10484, Loss: 4.4433
  Batch 9830/10484, Loss: 4.5793
  Batch 9840/10484, Loss: 4.8621
  Batch 9850/10484, Loss: 4.5931
  Batch 9860/10484, Loss: 4.7983
  Batch 9870/10484, Loss: 4.6695
  Batch 9880/10484, Loss: 4.2964
  Batch 9890/10484, Loss: 4.7766
  Batch 9900/10484, Loss: 4.1710
  Batch 9910/10484, Loss: 4.5566
  Batch 9920/10484, Loss: 4.5332
  Batch 9930/10484, Loss: 4.9755
  Batch 9940/10484, Loss: 4.2855
  Batch 9950/10484, Loss: 4.5870
  Batch 9960/10484, Loss: 4.1478
  Batch 9970/10484, Loss: 4.9960
  Batch 9980/10484, Loss: 4.1209
  Batch 9990/10484, Loss: 3.8880
  Batch 10000/10484, Loss: 4.5860
  Batch 10010/10484, Loss: 4.3286
  Batch 10020/10484, Loss: 4.6402
  Batch 10030/10484, Loss: 4.5822
  Batch 10040/10484, Loss: 4.9301
  Batch 10050/10484, Loss: 3.6984
  Batch 10060/10484, Loss: 4.7082
  Batch 10070/10484, Loss: 4.2354
  Batch 10080/10484, Loss: 4.8012
  Batch 10090/10484, Loss: 4.4644
  Batch 10100/10484, Loss: 3.8680
  Batch 10110/10484, Loss: 4.4685
  Batch 10120/10484, Loss: 4.7465
  Batch 10130/10484, Loss: 5.0183
  Batch 10140/10484, Loss: 4.3807
  Batch 10150/10484, Loss: 4.6406
  Batch 10160/10484, Loss: 4.1340
  Batch 10170/10484, Loss: 4.9093
  Batch 10180/10484, Loss: 4.6095
  Batch 10190/10484, Loss: 4.3152
  Batch 10200/10484, Loss: 4.5479
  Batch 10210/10484, Loss: 4.1268
  Batch 10220/10484, Loss: 4.9887
  Batch 10230/10484, Loss: 4.2603
  Batch 10240/10484, Loss: 4.7509
  Batch 10250/10484, Loss: 4.6182
  Batch 10260/10484, Loss: 4.6247
  Batch 10270/10484, Loss: 4.4241
  Batch 10280/10484, Loss: 3.9242
  Batch 10290/10484, Loss: 3.9661
  Batch 10300/10484, Loss: 4.9166
  Batch 10310/10484, Loss: 4.4743
  Batch 10320/10484, Loss: 4.8229
  Batch 10330/10484, Loss: 4.4787
  Batch 10340/10484, Loss: 4.7058
  Batch 10350/10484, Loss: 4.7104
  Batch 10360/10484, Loss: 5.0585
  Batch 10370/10484, Loss: 4.0757
  Batch 10380/10484, Loss: 4.2679
  Batch 10390/10484, Loss: 4.5479
  Batch 10400/10484, Loss: 4.1302
  Batch 10410/10484, Loss: 4.8521
  Batch 10420/10484, Loss: 4.8296
  Batch 10430/10484, Loss: 4.4776
  Batch 10440/10484, Loss: 4.8963
  Batch 10450/10484, Loss: 4.4615
  Batch 10460/10484, Loss: 4.8185
  Batch 10470/10484, Loss: 4.3529
  Batch 10480/10484, Loss: 4.8696

  Train Loss: 4.5658
  Val Loss: 6.7106
  Time: 32m 3s

Epoch 8/20
----------------------------------------
  Batch 10/10484, Loss: 3.8849
  Batch 20/10484, Loss: 4.2524
  Batch 30/10484, Loss: 4.6409
  Batch 40/10484, Loss: 4.8257
  Batch 50/10484, Loss: 4.1939
  Batch 60/10484, Loss: 4.7967
  Batch 70/10484, Loss: 5.0455
  Batch 80/10484, Loss: 4.2881
  Batch 90/10484, Loss: 4.2990
  Batch 100/10484, Loss: 4.9197
  Batch 110/10484, Loss: 4.7471
  Batch 120/10484, Loss: 4.4566
  Batch 130/10484, Loss: 4.6809
  Batch 140/10484, Loss: 3.9568
  Batch 150/10484, Loss: 4.2304
  Batch 160/10484, Loss: 4.1773
  Batch 170/10484, Loss: 4.4569
  Batch 180/10484, Loss: 4.3088
  Batch 190/10484, Loss: 4.5040
  Batch 200/10484, Loss: 4.9809
  Batch 210/10484, Loss: 5.2480
  Batch 220/10484, Loss: 4.1624
  Batch 230/10484, Loss: 4.3667
  Batch 240/10484, Loss: 4.4447
  Batch 250/10484, Loss: 4.4477
  Batch 260/10484, Loss: 3.9326
  Batch 270/10484, Loss: 4.5257
  Batch 280/10484, Loss: 4.6197
  Batch 290/10484, Loss: 4.5818
  Batch 300/10484, Loss: 4.7699
  Batch 310/10484, Loss: 4.2627
  Batch 320/10484, Loss: 4.5717
  Batch 330/10484, Loss: 4.2894
  Batch 340/10484, Loss: 4.1086
  Batch 350/10484, Loss: 4.8464
  Batch 360/10484, Loss: 4.3410
  Batch 370/10484, Loss: 4.9167
  Batch 380/10484, Loss: 4.1895
  Batch 390/10484, Loss: 4.7400
  Batch 400/10484, Loss: 4.5277
  Batch 410/10484, Loss: 4.8666
  Batch 420/10484, Loss: 3.8527
  Batch 430/10484, Loss: 4.9314
  Batch 440/10484, Loss: 4.5929
  Batch 450/10484, Loss: 4.6758
  Batch 460/10484, Loss: 4.8807
  Batch 470/10484, Loss: 4.2031
  Batch 480/10484, Loss: 4.8834
  Batch 490/10484, Loss: 4.6634
  Batch 500/10484, Loss: 3.8890
  Batch 510/10484, Loss: 4.7573
  Batch 520/10484, Loss: 4.4297
  Batch 530/10484, Loss: 4.8688
  Batch 540/10484, Loss: 4.6823
  Batch 550/10484, Loss: 4.5503
  Batch 560/10484, Loss: 4.3527
  Batch 570/10484, Loss: 5.1359
  Batch 580/10484, Loss: 3.9230
  Batch 590/10484, Loss: 4.9129
  Batch 600/10484, Loss: 4.8826
  Batch 610/10484, Loss: 4.0914
  Batch 620/10484, Loss: 4.5244
  Batch 630/10484, Loss: 4.4158
  Batch 640/10484, Loss: 4.0057
  Batch 650/10484, Loss: 4.2589
  Batch 660/10484, Loss: 4.1192
  Batch 670/10484, Loss: 4.3962
  Batch 680/10484, Loss: 4.3019
  Batch 690/10484, Loss: 4.0677
  Batch 700/10484, Loss: 4.7041
  Batch 710/10484, Loss: 4.2410
  Batch 720/10484, Loss: 4.9656
  Batch 730/10484, Loss: 4.4993
  Batch 740/10484, Loss: 4.6649
  Batch 750/10484, Loss: 4.1716
  Batch 760/10484, Loss: 4.1726
  Batch 770/10484, Loss: 4.4032
  Batch 780/10484, Loss: 3.9814
  Batch 790/10484, Loss: 4.3968
  Batch 800/10484, Loss: 4.8285
  Batch 810/10484, Loss: 4.1773
  Batch 820/10484, Loss: 4.0229
  Batch 830/10484, Loss: 4.5313
  Batch 840/10484, Loss: 4.6684
  Batch 850/10484, Loss: 4.5008
  Batch 860/10484, Loss: 4.6852
  Batch 870/10484, Loss: 4.3824
  Batch 880/10484, Loss: 4.4648
  Batch 890/10484, Loss: 4.4670
  Batch 900/10484, Loss: 4.7152
  Batch 910/10484, Loss: 4.7299
  Batch 920/10484, Loss: 4.6999
  Batch 930/10484, Loss: 4.3041
  Batch 940/10484, Loss: 4.5516
  Batch 950/10484, Loss: 4.9302
  Batch 960/10484, Loss: 4.8108
  Batch 970/10484, Loss: 4.4806
  Batch 980/10484, Loss: 4.5864
  Batch 990/10484, Loss: 4.2930
  Batch 1000/10484, Loss: 4.3615
  Batch 1010/10484, Loss: 4.2709
  Batch 1020/10484, Loss: 3.6692
  Batch 1030/10484, Loss: 4.5159
  Batch 1040/10484, Loss: 4.0392
  Batch 1050/10484, Loss: 4.4450
  Batch 1060/10484, Loss: 3.9575
  Batch 1070/10484, Loss: 4.5580
  Batch 1080/10484, Loss: 4.5947
  Batch 1090/10484, Loss: 4.2709
  Batch 1100/10484, Loss: 4.8826
  Batch 1110/10484, Loss: 4.4504
  Batch 1120/10484, Loss: 4.5009
  Batch 1130/10484, Loss: 4.6174
  Batch 1140/10484, Loss: 4.3236
  Batch 1150/10484, Loss: 4.2832
  Batch 1160/10484, Loss: 4.3308
  Batch 1170/10484, Loss: 4.0416
  Batch 1180/10484, Loss: 4.3179
  Batch 1190/10484, Loss: 4.0543
  Batch 1200/10484, Loss: 4.3512
  Batch 1210/10484, Loss: 4.0979
  Batch 1220/10484, Loss: 4.1183
  Batch 1230/10484, Loss: 4.4972
  Batch 1240/10484, Loss: 4.7039
  Batch 1250/10484, Loss: 3.2707
  Batch 1260/10484, Loss: 4.2539
  Batch 1270/10484, Loss: 4.3834
  Batch 1280/10484, Loss: 4.2947
  Batch 1290/10484, Loss: 4.0578
  Batch 1300/10484, Loss: 4.2627
  Batch 1310/10484, Loss: 4.3516
  Batch 1320/10484, Loss: 4.4661
  Batch 1330/10484, Loss: 4.1443
  Batch 1340/10484, Loss: 4.4563
  Batch 1350/10484, Loss: 5.1332
  Batch 1360/10484, Loss: 4.8922
  Batch 1370/10484, Loss: 4.7682
  Batch 1380/10484, Loss: 4.5123
  Batch 1390/10484, Loss: 4.3604
  Batch 1400/10484, Loss: 4.2049
  Batch 1410/10484, Loss: 4.9566
  Batch 1420/10484, Loss: 4.1666
  Batch 1430/10484, Loss: 4.9400
  Batch 1440/10484, Loss: 4.1952
  Batch 1450/10484, Loss: 4.5178
  Batch 1460/10484, Loss: 4.8186
  Batch 1470/10484, Loss: 4.7338
  Batch 1480/10484, Loss: 3.9990
  Batch 1490/10484, Loss: 4.4900
  Batch 1500/10484, Loss: 4.5052
  Batch 1510/10484, Loss: 4.7092
  Batch 1520/10484, Loss: 5.0679
  Batch 1530/10484, Loss: 4.9737
  Batch 1540/10484, Loss: 4.4366
  Batch 1550/10484, Loss: 4.6156
  Batch 1560/10484, Loss: 4.1184
  Batch 1570/10484, Loss: 4.6650
  Batch 1580/10484, Loss: 5.0068
  Batch 1590/10484, Loss: 4.1218
  Batch 1600/10484, Loss: 4.5794
  Batch 1610/10484, Loss: 4.5815
  Batch 1620/10484, Loss: 4.4135
  Batch 1630/10484, Loss: 4.4732
  Batch 1640/10484, Loss: 4.9363
  Batch 1650/10484, Loss: 3.5911
  Batch 1660/10484, Loss: 4.4078
  Batch 1670/10484, Loss: 4.4171
  Batch 1680/10484, Loss: 5.2234
  Batch 1690/10484, Loss: 4.7743
  Batch 1700/10484, Loss: 4.2683
  Batch 1710/10484, Loss: 4.4138
  Batch 1720/10484, Loss: 4.5824
  Batch 1730/10484, Loss: 4.0417
  Batch 1740/10484, Loss: 5.1194
  Batch 1750/10484, Loss: 4.9121
  Batch 1760/10484, Loss: 4.3483
  Batch 1770/10484, Loss: 4.3427
  Batch 1780/10484, Loss: 4.4973
  Batch 1790/10484, Loss: 4.5644
  Batch 1800/10484, Loss: 4.7366
  Batch 1810/10484, Loss: 4.3051
  Batch 1820/10484, Loss: 4.5690
  Batch 1830/10484, Loss: 4.5134
  Batch 1840/10484, Loss: 4.8307
  Batch 1850/10484, Loss: 4.5050
  Batch 1860/10484, Loss: 4.3039
  Batch 1870/10484, Loss: 4.7768
  Batch 1880/10484, Loss: 4.4934
  Batch 1890/10484, Loss: 4.7222
  Batch 1900/10484, Loss: 5.1124
  Batch 1910/10484, Loss: 5.1366
  Batch 1920/10484, Loss: 4.6658
  Batch 1930/10484, Loss: 4.0130
  Batch 1940/10484, Loss: 4.2149
  Batch 1950/10484, Loss: 4.4425
  Batch 1960/10484, Loss: 4.3273
  Batch 1970/10484, Loss: 4.8698
  Batch 1980/10484, Loss: 4.4598
  Batch 1990/10484, Loss: 4.4304
  Batch 2000/10484, Loss: 4.4637
  Batch 2010/10484, Loss: 4.7925
  Batch 2020/10484, Loss: 4.7458
  Batch 2030/10484, Loss: 4.0458
  Batch 2040/10484, Loss: 4.1098
  Batch 2050/10484, Loss: 3.8478
  Batch 2060/10484, Loss: 4.6391
  Batch 2070/10484, Loss: 4.9688
  Batch 2080/10484, Loss: 4.3834
  Batch 2090/10484, Loss: 5.1276
  Batch 2100/10484, Loss: 4.5492
  Batch 2110/10484, Loss: 4.1711
  Batch 2120/10484, Loss: 4.6400
  Batch 2130/10484, Loss: 3.6635
  Batch 2140/10484, Loss: 4.8705
  Batch 2150/10484, Loss: 4.8742
  Batch 2160/10484, Loss: 4.4060
  Batch 2170/10484, Loss: 4.5836
  Batch 2180/10484, Loss: 4.7187
  Batch 2190/10484, Loss: 4.6580
  Batch 2200/10484, Loss: 4.2431
  Batch 2210/10484, Loss: 4.4641
  Batch 2220/10484, Loss: 4.6242
  Batch 2230/10484, Loss: 4.6814
  Batch 2240/10484, Loss: 4.6106
  Batch 2250/10484, Loss: 4.1788
  Batch 2260/10484, Loss: 4.8347
  Batch 2270/10484, Loss: 3.8355
  Batch 2280/10484, Loss: 4.3536
  Batch 2290/10484, Loss: 4.5597
  Batch 2300/10484, Loss: 4.6852
  Batch 2310/10484, Loss: 4.4019
  Batch 2320/10484, Loss: 4.9243
  Batch 2330/10484, Loss: 4.8935
  Batch 2340/10484, Loss: 4.3111
  Batch 2350/10484, Loss: 4.1836
  Batch 2360/10484, Loss: 4.0979
  Batch 2370/10484, Loss: 4.2235
  Batch 2380/10484, Loss: 4.9136
  Batch 2390/10484, Loss: 4.4188
  Batch 2400/10484, Loss: 4.5943
  Batch 2410/10484, Loss: 4.2504
  Batch 2420/10484, Loss: 4.1936
  Batch 2430/10484, Loss: 4.7526
  Batch 2440/10484, Loss: 5.1243
  Batch 2450/10484, Loss: 4.9888
  Batch 2460/10484, Loss: 4.9346
  Batch 2470/10484, Loss: 4.3976
  Batch 2480/10484, Loss: 4.8936
  Batch 2490/10484, Loss: 4.8714
  Batch 2500/10484, Loss: 4.7056
  Batch 2510/10484, Loss: 4.5884
  Batch 2520/10484, Loss: 4.6519
  Batch 2530/10484, Loss: 4.7626
  Batch 2540/10484, Loss: 4.6238
  Batch 2550/10484, Loss: 4.5655
  Batch 2560/10484, Loss: 4.6999
  Batch 2570/10484, Loss: 4.8068
  Batch 2580/10484, Loss: 4.7051
  Batch 2590/10484, Loss: 4.9423
  Batch 2600/10484, Loss: 3.7672
  Batch 2610/10484, Loss: 4.8635
  Batch 2620/10484, Loss: 4.1845
  Batch 2630/10484, Loss: 5.3892
  Batch 2640/10484, Loss: 4.6114
  Batch 2650/10484, Loss: 4.4671
  Batch 2660/10484, Loss: 4.3851
  Batch 2670/10484, Loss: 4.3036
  Batch 2680/10484, Loss: 4.3694
  Batch 2690/10484, Loss: 4.6671
  Batch 2700/10484, Loss: 5.1780
  Batch 2710/10484, Loss: 4.2133
  Batch 2720/10484, Loss: 3.8648
  Batch 2730/10484, Loss: 4.7466
  Batch 2740/10484, Loss: 4.8603
  Batch 2750/10484, Loss: 4.1542
  Batch 2760/10484, Loss: 5.0885
  Batch 2770/10484, Loss: 4.0603
  Batch 2780/10484, Loss: 4.2487
  Batch 2790/10484, Loss: 4.9099
  Batch 2800/10484, Loss: 4.6060
  Batch 2810/10484, Loss: 4.0363
  Batch 2820/10484, Loss: 4.6057
  Batch 2830/10484, Loss: 5.1325
  Batch 2840/10484, Loss: 4.5633
  Batch 2850/10484, Loss: 4.6769
  Batch 2860/10484, Loss: 5.2727
  Batch 2870/10484, Loss: 5.1872
  Batch 2880/10484, Loss: 4.5421
  Batch 2890/10484, Loss: 4.2025
  Batch 2900/10484, Loss: 4.1019
  Batch 2910/10484, Loss: 4.8649
  Batch 2920/10484, Loss: 4.3675
  Batch 2930/10484, Loss: 4.5458
  Batch 2940/10484, Loss: 4.3474
  Batch 2950/10484, Loss: 4.7331
  Batch 2960/10484, Loss: 4.4390
  Batch 2970/10484, Loss: 4.2837
  Batch 2980/10484, Loss: 4.6270
  Batch 2990/10484, Loss: 4.5003
  Batch 3000/10484, Loss: 4.8522
  Batch 3010/10484, Loss: 4.5086
  Batch 3020/10484, Loss: 4.4294
  Batch 3030/10484, Loss: 3.8719
  Batch 3040/10484, Loss: 4.4858
  Batch 3050/10484, Loss: 4.4603
  Batch 3060/10484, Loss: 4.8511
  Batch 3070/10484, Loss: 4.7518
  Batch 3080/10484, Loss: 4.6065
  Batch 3090/10484, Loss: 4.5499
  Batch 3100/10484, Loss: 4.0360
  Batch 3110/10484, Loss: 4.6612
  Batch 3120/10484, Loss: 4.1453
  Batch 3130/10484, Loss: 4.4136
  Batch 3140/10484, Loss: 4.4668
  Batch 3150/10484, Loss: 4.1283
  Batch 3160/10484, Loss: 4.7391
  Batch 3170/10484, Loss: 4.7960
  Batch 3180/10484, Loss: 4.9966
  Batch 3190/10484, Loss: 4.9950
  Batch 3200/10484, Loss: 4.5815
  Batch 3210/10484, Loss: 3.1748
  Batch 3220/10484, Loss: 4.8416
  Batch 3230/10484, Loss: 4.2499
  Batch 3240/10484, Loss: 4.8517
  Batch 3250/10484, Loss: 4.7597
  Batch 3260/10484, Loss: 4.0663
  Batch 3270/10484, Loss: 4.5061
  Batch 3280/10484, Loss: 4.2798
  Batch 3290/10484, Loss: 4.1922
  Batch 3300/10484, Loss: 4.9452
  Batch 3310/10484, Loss: 4.7656
  Batch 3320/10484, Loss: 5.0061
  Batch 3330/10484, Loss: 4.2978
  Batch 3340/10484, Loss: 4.7011
  Batch 3350/10484, Loss: 4.7769
  Batch 3360/10484, Loss: 5.0974
  Batch 3370/10484, Loss: 4.3115
  Batch 3380/10484, Loss: 4.4466
  Batch 3390/10484, Loss: 4.7613
  Batch 3400/10484, Loss: 3.7189
  Batch 3410/10484, Loss: 4.7188
  Batch 3420/10484, Loss: 4.7799
  Batch 3430/10484, Loss: 4.0937
  Batch 3440/10484, Loss: 4.3700
  Batch 3450/10484, Loss: 4.5096
  Batch 3460/10484, Loss: 4.7725
  Batch 3470/10484, Loss: 3.9234
  Batch 3480/10484, Loss: 4.7409
  Batch 3490/10484, Loss: 4.4023
  Batch 3500/10484, Loss: 4.5258
  Batch 3510/10484, Loss: 4.8353
  Batch 3520/10484, Loss: 4.2453
  Batch 3530/10484, Loss: 4.6353
  Batch 3540/10484, Loss: 5.0463
  Batch 3550/10484, Loss: 4.5009
  Batch 3560/10484, Loss: 4.3523
  Batch 3570/10484, Loss: 4.6230
  Batch 3580/10484, Loss: 4.5772
  Batch 3590/10484, Loss: 5.0239
  Batch 3600/10484, Loss: 4.7927
  Batch 3610/10484, Loss: 4.0978
  Batch 3620/10484, Loss: 4.7844
  Batch 3630/10484, Loss: 4.3869
  Batch 3640/10484, Loss: 3.7308
  Batch 3650/10484, Loss: 4.6379
  Batch 3660/10484, Loss: 4.7132
  Batch 3670/10484, Loss: 4.8076
  Batch 3680/10484, Loss: 4.1894
  Batch 3690/10484, Loss: 4.4481
  Batch 3700/10484, Loss: 4.5241
  Batch 3710/10484, Loss: 4.4506
  Batch 3720/10484, Loss: 4.7944
  Batch 3730/10484, Loss: 3.8846
  Batch 3740/10484, Loss: 4.8824
  Batch 3750/10484, Loss: 4.5743
  Batch 3760/10484, Loss: 4.2428
  Batch 3770/10484, Loss: 5.0027
  Batch 3780/10484, Loss: 4.7136
  Batch 3790/10484, Loss: 3.5277
  Batch 3800/10484, Loss: 4.4110
  Batch 3810/10484, Loss: 4.2698
  Batch 3820/10484, Loss: 4.4221
  Batch 3830/10484, Loss: 4.4974
  Batch 3840/10484, Loss: 4.8089
  Batch 3850/10484, Loss: 4.5396
  Batch 3860/10484, Loss: 4.5879
  Batch 3870/10484, Loss: 4.8788
  Batch 3880/10484, Loss: 4.3635
  Batch 3890/10484, Loss: 4.4326
  Batch 3900/10484, Loss: 4.3500
  Batch 3910/10484, Loss: 4.9259
  Batch 3920/10484, Loss: 4.2058
  Batch 3930/10484, Loss: 5.1858
  Batch 3940/10484, Loss: 4.8564
  Batch 3950/10484, Loss: 4.2304
  Batch 3960/10484, Loss: 4.7588
  Batch 3970/10484, Loss: 4.7141
  Batch 3980/10484, Loss: 4.9809
  Batch 3990/10484, Loss: 4.6564
  Batch 4000/10484, Loss: 3.7985
  Batch 4010/10484, Loss: 4.6298
  Batch 4020/10484, Loss: 4.4381
  Batch 4030/10484, Loss: 4.5583
  Batch 4040/10484, Loss: 4.6390
  Batch 4050/10484, Loss: 4.4521
  Batch 4060/10484, Loss: 4.5437
  Batch 4070/10484, Loss: 4.3229
  Batch 4080/10484, Loss: 4.0469
  Batch 4090/10484, Loss: 4.4206
  Batch 4100/10484, Loss: 4.5627
  Batch 4110/10484, Loss: 4.3750
  Batch 4120/10484, Loss: 4.7968
  Batch 4130/10484, Loss: 4.4806
  Batch 4140/10484, Loss: 4.5533
  Batch 4150/10484, Loss: 4.6287
  Batch 4160/10484, Loss: 4.4359
  Batch 4170/10484, Loss: 4.8265
  Batch 4180/10484, Loss: 4.4922
  Batch 4190/10484, Loss: 4.5345
  Batch 4200/10484, Loss: 4.4998
  Batch 4210/10484, Loss: 4.6470
  Batch 4220/10484, Loss: 4.1342
  Batch 4230/10484, Loss: 4.4921
  Batch 4240/10484, Loss: 4.4243
  Batch 4250/10484, Loss: 4.4082
  Batch 4260/10484, Loss: 3.9774
  Batch 4270/10484, Loss: 4.7011
  Batch 4280/10484, Loss: 4.1964
  Batch 4290/10484, Loss: 4.2856
  Batch 4300/10484, Loss: 4.2050
  Batch 4310/10484, Loss: 4.5008
  Batch 4320/10484, Loss: 4.9975
  Batch 4330/10484, Loss: 4.7168
  Batch 4340/10484, Loss: 4.6920
  Batch 4350/10484, Loss: 4.3797
  Batch 4360/10484, Loss: 4.4898
  Batch 4370/10484, Loss: 4.8905
  Batch 4380/10484, Loss: 4.4684
  Batch 4390/10484, Loss: 4.5385
  Batch 4400/10484, Loss: 4.6162
  Batch 4410/10484, Loss: 4.2403
  Batch 4420/10484, Loss: 5.1482
  Batch 4430/10484, Loss: 4.8227
  Batch 4440/10484, Loss: 4.3988
  Batch 4450/10484, Loss: 5.0266
  Batch 4460/10484, Loss: 4.8924
  Batch 4470/10484, Loss: 4.2947
  Batch 4480/10484, Loss: 4.8441
  Batch 4490/10484, Loss: 4.7036
  Batch 4500/10484, Loss: 4.6017
  Batch 4510/10484, Loss: 4.4915
  Batch 4520/10484, Loss: 4.3036
  Batch 4530/10484, Loss: 4.3338
  Batch 4540/10484, Loss: 4.4692
  Batch 4550/10484, Loss: 4.5575
  Batch 4560/10484, Loss: 5.0498
  Batch 4570/10484, Loss: 4.4312
  Batch 4580/10484, Loss: 4.4369
  Batch 4590/10484, Loss: 4.9540
  Batch 4600/10484, Loss: 4.6034
  Batch 4610/10484, Loss: 4.8455
  Batch 4620/10484, Loss: 3.9868
  Batch 4630/10484, Loss: 4.5391
  Batch 4640/10484, Loss: 4.5516
  Batch 4650/10484, Loss: 4.5886
  Batch 4660/10484, Loss: 4.4644
  Batch 4670/10484, Loss: 5.0291
  Batch 4680/10484, Loss: 4.3956
  Batch 4690/10484, Loss: 5.0730
  Batch 4700/10484, Loss: 4.5743
  Batch 4710/10484, Loss: 4.2101
  Batch 4720/10484, Loss: 4.3806
  Batch 4730/10484, Loss: 4.5951
  Batch 4740/10484, Loss: 4.9557
  Batch 4750/10484, Loss: 4.8871
  Batch 4760/10484, Loss: 4.1111
  Batch 4770/10484, Loss: 4.5155
  Batch 4780/10484, Loss: 4.4742
  Batch 4790/10484, Loss: 4.7091
  Batch 4800/10484, Loss: 4.4609
  Batch 4810/10484, Loss: 4.3966
  Batch 4820/10484, Loss: 4.7046
  Batch 4830/10484, Loss: 4.3200
  Batch 4840/10484, Loss: 4.8351
  Batch 4850/10484, Loss: 4.1434
  Batch 4860/10484, Loss: 4.0856
  Batch 4870/10484, Loss: 4.6547
  Batch 4880/10484, Loss: 4.6813
  Batch 4890/10484, Loss: 4.5138
  Batch 4900/10484, Loss: 4.6795
  Batch 4910/10484, Loss: 4.6673
  Batch 4920/10484, Loss: 4.7493
  Batch 4930/10484, Loss: 4.5931
  Batch 4940/10484, Loss: 4.5264
  Batch 4950/10484, Loss: 4.5612
  Batch 4960/10484, Loss: 5.0357
  Batch 4970/10484, Loss: 5.2823
  Batch 4980/10484, Loss: 4.4308
  Batch 4990/10484, Loss: 4.7272
  Batch 5000/10484, Loss: 4.5975
  Batch 5010/10484, Loss: 4.4038
  Batch 5020/10484, Loss: 4.7053
  Batch 5030/10484, Loss: 4.6032
  Batch 5040/10484, Loss: 3.6180
  Batch 5050/10484, Loss: 4.3383
  Batch 5060/10484, Loss: 4.5822
  Batch 5070/10484, Loss: 4.2291
  Batch 5080/10484, Loss: 4.9722
  Batch 5090/10484, Loss: 4.5970
  Batch 5100/10484, Loss: 4.4224
  Batch 5110/10484, Loss: 4.9690
  Batch 5120/10484, Loss: 4.7605
  Batch 5130/10484, Loss: 4.4975
  Batch 5140/10484, Loss: 4.7699
  Batch 5150/10484, Loss: 3.9027
  Batch 5160/10484, Loss: 4.1716
  Batch 5170/10484, Loss: 4.2612
  Batch 5180/10484, Loss: 5.0687
  Batch 5190/10484, Loss: 5.0706
  Batch 5200/10484, Loss: 4.9207
  Batch 5210/10484, Loss: 4.3892
  Batch 5220/10484, Loss: 4.8006
  Batch 5230/10484, Loss: 4.5781
  Batch 5240/10484, Loss: 4.6872
  Batch 5250/10484, Loss: 4.8381
  Batch 5260/10484, Loss: 4.1888
  Batch 5270/10484, Loss: 4.7672
  Batch 5280/10484, Loss: 4.9311
  Batch 5290/10484, Loss: 4.7751
  Batch 5300/10484, Loss: 4.6685
  Batch 5310/10484, Loss: 4.6017
  Batch 5320/10484, Loss: 4.7643
  Batch 5330/10484, Loss: 4.6168
  Batch 5340/10484, Loss: 4.8171
  Batch 5350/10484, Loss: 4.6660
  Batch 5360/10484, Loss: 4.5540
  Batch 5370/10484, Loss: 4.4789
  Batch 5380/10484, Loss: 4.1032
  Batch 5390/10484, Loss: 4.4514
  Batch 5400/10484, Loss: 4.5147
  Batch 5410/10484, Loss: 4.8711
  Batch 5420/10484, Loss: 4.3429
  Batch 5430/10484, Loss: 4.1408
  Batch 5440/10484, Loss: 4.8127
  Batch 5450/10484, Loss: 4.3367
  Batch 5460/10484, Loss: 4.6012
  Batch 5470/10484, Loss: 4.4003
  Batch 5480/10484, Loss: 5.0921
  Batch 5490/10484, Loss: 4.5483
  Batch 5500/10484, Loss: 4.1487
  Batch 5510/10484, Loss: 4.5186
  Batch 5520/10484, Loss: 4.4795
  Batch 5530/10484, Loss: 3.9978
  Batch 5540/10484, Loss: 4.3764
  Batch 5550/10484, Loss: 4.2329
  Batch 5560/10484, Loss: 4.7298
  Batch 5570/10484, Loss: 4.0305
  Batch 5580/10484, Loss: 4.7013
  Batch 5590/10484, Loss: 3.6469
  Batch 5600/10484, Loss: 4.1250
  Batch 5610/10484, Loss: 4.3113
  Batch 5620/10484, Loss: 4.1807
  Batch 5630/10484, Loss: 4.2642
  Batch 5640/10484, Loss: 3.6601
  Batch 5650/10484, Loss: 4.3136
  Batch 5660/10484, Loss: 4.4581
  Batch 5670/10484, Loss: 4.5446
  Batch 5680/10484, Loss: 4.5279
  Batch 5690/10484, Loss: 4.5589
  Batch 5700/10484, Loss: 4.3599
  Batch 5710/10484, Loss: 4.9808
  Batch 5720/10484, Loss: 4.6732
  Batch 5730/10484, Loss: 4.9442
  Batch 5740/10484, Loss: 4.7251
  Batch 5750/10484, Loss: 4.3737
  Batch 5760/10484, Loss: 5.1746
  Batch 5770/10484, Loss: 3.6532
  Batch 5780/10484, Loss: 4.4777
  Batch 5790/10484, Loss: 4.4281
  Batch 5800/10484, Loss: 4.5944
  Batch 5810/10484, Loss: 4.2473
  Batch 5820/10484, Loss: 3.9877
  Batch 5830/10484, Loss: 4.5672
  Batch 5840/10484, Loss: 4.6403
  Batch 5850/10484, Loss: 5.0819
  Batch 5860/10484, Loss: 3.8242
  Batch 5870/10484, Loss: 4.5371
  Batch 5880/10484, Loss: 5.0377
  Batch 5890/10484, Loss: 4.5420
  Batch 5900/10484, Loss: 4.4990
  Batch 5910/10484, Loss: 4.9008
  Batch 5920/10484, Loss: 4.1696
  Batch 5930/10484, Loss: 4.7472
  Batch 5940/10484, Loss: 4.5470
  Batch 5950/10484, Loss: 4.4172
  Batch 5960/10484, Loss: 3.9636
  Batch 5970/10484, Loss: 4.9991
  Batch 5980/10484, Loss: 3.8122
  Batch 5990/10484, Loss: 4.8769
  Batch 6000/10484, Loss: 4.0218
  Batch 6010/10484, Loss: 4.3413
  Batch 6020/10484, Loss: 4.7576
  Batch 6030/10484, Loss: 4.2730
  Batch 6040/10484, Loss: 4.4503
  Batch 6050/10484, Loss: 4.5385
  Batch 6060/10484, Loss: 4.1429
  Batch 6070/10484, Loss: 4.8601
  Batch 6080/10484, Loss: 4.1892
  Batch 6090/10484, Loss: 4.4663
  Batch 6100/10484, Loss: 4.4736
  Batch 6110/10484, Loss: 4.7718
  Batch 6120/10484, Loss: 4.8196
  Batch 6130/10484, Loss: 4.5835
  Batch 6140/10484, Loss: 4.4069
  Batch 6150/10484, Loss: 4.3307
  Batch 6160/10484, Loss: 5.1571
  Batch 6170/10484, Loss: 4.1115
  Batch 6180/10484, Loss: 4.1896
  Batch 6190/10484, Loss: 4.1864
  Batch 6200/10484, Loss: 5.0677
  Batch 6210/10484, Loss: 4.9068
  Batch 6220/10484, Loss: 5.0175
  Batch 6230/10484, Loss: 4.7122
  Batch 6240/10484, Loss: 4.6406
  Batch 6250/10484, Loss: 4.5429
  Batch 6260/10484, Loss: 4.6652
  Batch 6270/10484, Loss: 4.0544
  Batch 6280/10484, Loss: 5.1876
  Batch 6290/10484, Loss: 4.5040
  Batch 6300/10484, Loss: 4.2724
  Batch 6310/10484, Loss: 4.3893
  Batch 6320/10484, Loss: 4.6034
  Batch 6330/10484, Loss: 4.2760
  Batch 6340/10484, Loss: 4.6087
  Batch 6350/10484, Loss: 4.4297
  Batch 6360/10484, Loss: 4.8435
  Batch 6370/10484, Loss: 4.6231
  Batch 6380/10484, Loss: 4.9202
  Batch 6390/10484, Loss: 4.4618
  Batch 6400/10484, Loss: 4.8212
  Batch 6410/10484, Loss: 4.5999
  Batch 6420/10484, Loss: 3.8933
  Batch 6430/10484, Loss: 4.4623
  Batch 6440/10484, Loss: 4.0819
  Batch 6450/10484, Loss: 4.3310
  Batch 6460/10484, Loss: 4.7841
  Batch 6470/10484, Loss: 4.8170
  Batch 6480/10484, Loss: 4.5484
  Batch 6490/10484, Loss: 4.0611
  Batch 6500/10484, Loss: 5.0988
  Batch 6510/10484, Loss: 4.7766
  Batch 6520/10484, Loss: 4.3982
  Batch 6530/10484, Loss: 4.0811
  Batch 6540/10484, Loss: 4.7915
  Batch 6550/10484, Loss: 5.0217
  Batch 6560/10484, Loss: 3.9878
  Batch 6570/10484, Loss: 4.6014
  Batch 6580/10484, Loss: 4.8998
  Batch 6590/10484, Loss: 4.3155
  Batch 6600/10484, Loss: 4.2856
  Batch 6610/10484, Loss: 4.4298
  Batch 6620/10484, Loss: 4.1921
  Batch 6630/10484, Loss: 4.4992
  Batch 6640/10484, Loss: 4.5568
  Batch 6650/10484, Loss: 4.1602
  Batch 6660/10484, Loss: 4.5279
  Batch 6670/10484, Loss: 4.7996
  Batch 6680/10484, Loss: 4.4996
  Batch 6690/10484, Loss: 4.1939
  Batch 6700/10484, Loss: 4.8330
  Batch 6710/10484, Loss: 4.1408
  Batch 6720/10484, Loss: 4.7809
  Batch 6730/10484, Loss: 4.8162
  Batch 6740/10484, Loss: 4.7644
  Batch 6750/10484, Loss: 4.9526
  Batch 6760/10484, Loss: 4.7190
  Batch 6770/10484, Loss: 4.0359
  Batch 6780/10484, Loss: 4.5245
  Batch 6790/10484, Loss: 4.1901
  Batch 6800/10484, Loss: 4.2806
  Batch 6810/10484, Loss: 4.4522
  Batch 6820/10484, Loss: 4.5501
  Batch 6830/10484, Loss: 4.6494
  Batch 6840/10484, Loss: 4.8083
  Batch 6850/10484, Loss: 4.8102
  Batch 6860/10484, Loss: 4.7831
  Batch 6870/10484, Loss: 4.8496
  Batch 6880/10484, Loss: 4.3098
  Batch 6890/10484, Loss: 4.7043
  Batch 6900/10484, Loss: 4.0930
  Batch 6910/10484, Loss: 4.4968
  Batch 6920/10484, Loss: 3.8544
  Batch 6930/10484, Loss: 4.7270
  Batch 6940/10484, Loss: 4.4316
  Batch 6950/10484, Loss: 4.6877
  Batch 6960/10484, Loss: 3.9958
  Batch 6970/10484, Loss: 4.7048
  Batch 6980/10484, Loss: 4.9847
  Batch 6990/10484, Loss: 4.2645
  Batch 7000/10484, Loss: 5.2660
  Batch 7010/10484, Loss: 4.5296
  Batch 7020/10484, Loss: 4.8356
  Batch 7030/10484, Loss: 4.5822
  Batch 7040/10484, Loss: 4.2172
  Batch 7050/10484, Loss: 4.0334
  Batch 7060/10484, Loss: 4.2420
  Batch 7070/10484, Loss: 4.6266
  Batch 7080/10484, Loss: 4.1605
  Batch 7090/10484, Loss: 4.0277
  Batch 7100/10484, Loss: 4.5785
  Batch 7110/10484, Loss: 4.7114
  Batch 7120/10484, Loss: 4.9056
  Batch 7130/10484, Loss: 4.3773
  Batch 7140/10484, Loss: 4.0147
  Batch 7150/10484, Loss: 4.4785
  Batch 7160/10484, Loss: 3.7830
  Batch 7170/10484, Loss: 4.5672
  Batch 7180/10484, Loss: 4.4619
  Batch 7190/10484, Loss: 4.1763
  Batch 7200/10484, Loss: 4.2681
  Batch 7210/10484, Loss: 4.7717
  Batch 7220/10484, Loss: 4.7815
  Batch 7230/10484, Loss: 4.3226
  Batch 7240/10484, Loss: 4.8830
  Batch 7250/10484, Loss: 4.5610
  Batch 7260/10484, Loss: 4.4185
  Batch 7270/10484, Loss: 4.4919
  Batch 7280/10484, Loss: 4.5526
  Batch 7290/10484, Loss: 4.8539
  Batch 7300/10484, Loss: 4.3333
  Batch 7310/10484, Loss: 4.3447
  Batch 7320/10484, Loss: 4.8789
  Batch 7330/10484, Loss: 4.6830
  Batch 7340/10484, Loss: 4.4453
  Batch 7350/10484, Loss: 3.9859
  Batch 7360/10484, Loss: 4.7146
  Batch 7370/10484, Loss: 4.7651
  Batch 7380/10484, Loss: 3.8652
  Batch 7390/10484, Loss: 4.5719
  Batch 7400/10484, Loss: 4.3957
  Batch 7410/10484, Loss: 5.1021
  Batch 7420/10484, Loss: 4.8891
  Batch 7430/10484, Loss: 4.7149
  Batch 7440/10484, Loss: 4.4951
  Batch 7450/10484, Loss: 3.5628
  Batch 7460/10484, Loss: 4.1059
  Batch 7470/10484, Loss: 4.7722
  Batch 7480/10484, Loss: 4.5610
  Batch 7490/10484, Loss: 4.0631
  Batch 7500/10484, Loss: 4.9579
  Batch 7510/10484, Loss: 4.4374
  Batch 7520/10484, Loss: 4.2461
  Batch 7530/10484, Loss: 4.7156
  Batch 7540/10484, Loss: 4.6077
  Batch 7550/10484, Loss: 4.1666
  Batch 7560/10484, Loss: 4.5046
  Batch 7570/10484, Loss: 4.0653
  Batch 7580/10484, Loss: 4.4828
  Batch 7590/10484, Loss: 4.8717
  Batch 7600/10484, Loss: 4.3440
  Batch 7610/10484, Loss: 4.9712
  Batch 7620/10484, Loss: 4.2691
  Batch 7630/10484, Loss: 4.9489
  Batch 7640/10484, Loss: 4.6149
  Batch 7650/10484, Loss: 4.2332
  Batch 7660/10484, Loss: 4.2883
  Batch 7670/10484, Loss: 5.2781
  Batch 7680/10484, Loss: 4.6919
  Batch 7690/10484, Loss: 4.8439
  Batch 7700/10484, Loss: 4.5987
  Batch 7710/10484, Loss: 4.3606
  Batch 7720/10484, Loss: 4.5230
  Batch 7730/10484, Loss: 4.5922
  Batch 7740/10484, Loss: 4.1873
  Batch 7750/10484, Loss: 4.3281
  Batch 7760/10484, Loss: 4.6298
  Batch 7770/10484, Loss: 3.7111
  Batch 7780/10484, Loss: 4.3594
  Batch 7790/10484, Loss: 4.4508
  Batch 7800/10484, Loss: 4.4639
  Batch 7810/10484, Loss: 3.5367
  Batch 7820/10484, Loss: 4.2153
  Batch 7830/10484, Loss: 4.3058
  Batch 7840/10484, Loss: 4.0277
  Batch 7850/10484, Loss: 4.4151
  Batch 7860/10484, Loss: 4.6743
  Batch 7870/10484, Loss: 5.0633
  Batch 7880/10484, Loss: 4.4887
  Batch 7890/10484, Loss: 3.9950
  Batch 7900/10484, Loss: 4.6701
  Batch 7910/10484, Loss: 4.4159
  Batch 7920/10484, Loss: 4.5707
  Batch 7930/10484, Loss: 4.2738
  Batch 7940/10484, Loss: 4.9606
  Batch 7950/10484, Loss: 4.7845
  Batch 7960/10484, Loss: 4.4628
  Batch 7970/10484, Loss: 4.9264
  Batch 7980/10484, Loss: 4.7558
  Batch 7990/10484, Loss: 4.1874
  Batch 8000/10484, Loss: 4.6284
  Batch 8010/10484, Loss: 4.2731
  Batch 8020/10484, Loss: 4.5117
  Batch 8030/10484, Loss: 5.3407
  Batch 8040/10484, Loss: 4.3131
  Batch 8050/10484, Loss: 4.6253
  Batch 8060/10484, Loss: 4.4082
  Batch 8070/10484, Loss: 4.6300
  Batch 8080/10484, Loss: 4.2713
  Batch 8090/10484, Loss: 5.0334
  Batch 8100/10484, Loss: 4.7579
  Batch 8110/10484, Loss: 4.5405
  Batch 8120/10484, Loss: 4.3745
  Batch 8130/10484, Loss: 3.9861
  Batch 8140/10484, Loss: 3.5668
  Batch 8150/10484, Loss: 4.4003
  Batch 8160/10484, Loss: 4.6291
  Batch 8170/10484, Loss: 4.3939
  Batch 8180/10484, Loss: 4.7010
  Batch 8190/10484, Loss: 5.1549
  Batch 8200/10484, Loss: 4.6606
  Batch 8210/10484, Loss: 4.3732
  Batch 8220/10484, Loss: 4.4393
  Batch 8230/10484, Loss: 3.9785
  Batch 8240/10484, Loss: 4.4668
  Batch 8250/10484, Loss: 4.2428
  Batch 8260/10484, Loss: 4.5710
  Batch 8270/10484, Loss: 4.8799
  Batch 8280/10484, Loss: 4.4547
  Batch 8290/10484, Loss: 4.5974
  Batch 8300/10484, Loss: 4.5859
  Batch 8310/10484, Loss: 4.1737
  Batch 8320/10484, Loss: 4.5601
  Batch 8330/10484, Loss: 4.5277
  Batch 8340/10484, Loss: 4.5864
  Batch 8350/10484, Loss: 4.6317
  Batch 8360/10484, Loss: 4.6923
  Batch 8370/10484, Loss: 4.4268
  Batch 8380/10484, Loss: 4.5166
  Batch 8390/10484, Loss: 4.8340
  Batch 8400/10484, Loss: 3.7352
  Batch 8410/10484, Loss: 4.7825
  Batch 8420/10484, Loss: 4.3689
  Batch 8430/10484, Loss: 4.6981
  Batch 8440/10484, Loss: 4.8993
  Batch 8450/10484, Loss: 4.4614
  Batch 8460/10484, Loss: 5.0594
  Batch 8470/10484, Loss: 4.9783
  Batch 8480/10484, Loss: 4.0855
  Batch 8490/10484, Loss: 4.2830
  Batch 8500/10484, Loss: 4.9883
  Batch 8510/10484, Loss: 4.5472
  Batch 8520/10484, Loss: 5.1093
  Batch 8530/10484, Loss: 3.9204
  Batch 8540/10484, Loss: 4.6353
  Batch 8550/10484, Loss: 3.9016
  Batch 8560/10484, Loss: 4.9619
  Batch 8570/10484, Loss: 4.3276
  Batch 8580/10484, Loss: 4.6766
  Batch 8590/10484, Loss: 3.9027
  Batch 8600/10484, Loss: 4.8625
  Batch 8610/10484, Loss: 4.1096
  Batch 8620/10484, Loss: 4.4670
  Batch 8630/10484, Loss: 3.5799
  Batch 8640/10484, Loss: 4.0451
  Batch 8650/10484, Loss: 4.2767
  Batch 8660/10484, Loss: 4.7820
  Batch 8670/10484, Loss: 4.2065
  Batch 8680/10484, Loss: 4.4713
  Batch 8690/10484, Loss: 4.3882
  Batch 8700/10484, Loss: 4.4106
  Batch 8710/10484, Loss: 4.6815
  Batch 8720/10484, Loss: 4.1761
  Batch 8730/10484, Loss: 4.2976
  Batch 8740/10484, Loss: 4.9000
  Batch 8750/10484, Loss: 3.8707
  Batch 8760/10484, Loss: 4.1432
  Batch 8770/10484, Loss: 3.8016
  Batch 8780/10484, Loss: 4.7605
  Batch 8790/10484, Loss: 4.2240
  Batch 8800/10484, Loss: 4.8110
  Batch 8810/10484, Loss: 4.6518
  Batch 8820/10484, Loss: 4.4436
  Batch 8830/10484, Loss: 4.7735
  Batch 8840/10484, Loss: 4.7005
  Batch 8850/10484, Loss: 3.6953
  Batch 8860/10484, Loss: 4.1921
  Batch 8870/10484, Loss: 4.5396
  Batch 8880/10484, Loss: 4.2525
  Batch 8890/10484, Loss: 4.3300
  Batch 8900/10484, Loss: 4.8579
  Batch 8910/10484, Loss: 4.3792
  Batch 8920/10484, Loss: 4.4471
  Batch 8930/10484, Loss: 5.0246
  Batch 8940/10484, Loss: 5.0156
  Batch 8950/10484, Loss: 4.2316
  Batch 8960/10484, Loss: 4.8882
  Batch 8970/10484, Loss: 4.7397
  Batch 8980/10484, Loss: 4.6139
  Batch 8990/10484, Loss: 4.2579
  Batch 9000/10484, Loss: 3.8360
  Batch 9010/10484, Loss: 4.6888
  Batch 9020/10484, Loss: 5.1175
  Batch 9030/10484, Loss: 5.2492
  Batch 9040/10484, Loss: 4.2664
  Batch 9050/10484, Loss: 4.4101
  Batch 9060/10484, Loss: 4.5132
  Batch 9070/10484, Loss: 4.1483
  Batch 9080/10484, Loss: 4.6974
  Batch 9090/10484, Loss: 4.7671
  Batch 9100/10484, Loss: 4.2192
  Batch 9110/10484, Loss: 4.6386
  Batch 9120/10484, Loss: 4.5734
  Batch 9130/10484, Loss: 4.6643
  Batch 9140/10484, Loss: 4.4384
  Batch 9150/10484, Loss: 5.2326
  Batch 9160/10484, Loss: 4.2884
  Batch 9170/10484, Loss: 4.6795
  Batch 9180/10484, Loss: 4.4694
  Batch 9190/10484, Loss: 4.4626
  Batch 9200/10484, Loss: 4.5061
  Batch 9210/10484, Loss: 4.1294
  Batch 9220/10484, Loss: 4.6641
  Batch 9230/10484, Loss: 4.5284
  Batch 9240/10484, Loss: 4.9022
  Batch 9250/10484, Loss: 4.7532
  Batch 9260/10484, Loss: 4.9927
  Batch 9270/10484, Loss: 4.4399
  Batch 9280/10484, Loss: 4.2706
  Batch 9290/10484, Loss: 4.3512
  Batch 9300/10484, Loss: 4.8643
  Batch 9310/10484, Loss: 4.4415
  Batch 9320/10484, Loss: 5.0952
  Batch 9330/10484, Loss: 4.5810
  Batch 9340/10484, Loss: 4.7527
  Batch 9350/10484, Loss: 4.3517
  Batch 9360/10484, Loss: 4.8046
  Batch 9370/10484, Loss: 5.0350
  Batch 9380/10484, Loss: 5.0026
  Batch 9390/10484, Loss: 4.0293
  Batch 9400/10484, Loss: 4.7016
  Batch 9410/10484, Loss: 4.5623
  Batch 9420/10484, Loss: 4.8928
  Batch 9430/10484, Loss: 4.2434
  Batch 9440/10484, Loss: 4.6461
  Batch 9450/10484, Loss: 4.7962
  Batch 9460/10484, Loss: 4.6321
  Batch 9470/10484, Loss: 4.3333
  Batch 9480/10484, Loss: 4.6420
  Batch 9490/10484, Loss: 3.8140
  Batch 9500/10484, Loss: 4.4930
  Batch 9510/10484, Loss: 4.4271
  Batch 9520/10484, Loss: 4.4566
  Batch 9530/10484, Loss: 4.1458
  Batch 9540/10484, Loss: 4.8623
  Batch 9550/10484, Loss: 4.8945
  Batch 9560/10484, Loss: 4.1212
  Batch 9570/10484, Loss: 4.8871
  Batch 9580/10484, Loss: 4.7247
  Batch 9590/10484, Loss: 4.3273
  Batch 9600/10484, Loss: 4.4468
  Batch 9610/10484, Loss: 4.4966
  Batch 9620/10484, Loss: 3.9507
  Batch 9630/10484, Loss: 4.4924
  Batch 9640/10484, Loss: 4.0945
  Batch 9650/10484, Loss: 4.0368
  Batch 9660/10484, Loss: 4.4102
  Batch 9670/10484, Loss: 4.0711
  Batch 9680/10484, Loss: 4.6445
  Batch 9690/10484, Loss: 4.7977
  Batch 9700/10484, Loss: 5.2108
  Batch 9710/10484, Loss: 4.5971
  Batch 9720/10484, Loss: 4.2642
  Batch 9730/10484, Loss: 4.7376
  Batch 9740/10484, Loss: 5.1047
  Batch 9750/10484, Loss: 4.5825
  Batch 9760/10484, Loss: 4.5051
  Batch 9770/10484, Loss: 4.1350
  Batch 9780/10484, Loss: 4.8275
  Batch 9790/10484, Loss: 4.1014
  Batch 9800/10484, Loss: 4.4298
  Batch 9810/10484, Loss: 4.4823
  Batch 9820/10484, Loss: 4.8572
  Batch 9830/10484, Loss: 4.9692
  Batch 9840/10484, Loss: 4.7732
  Batch 9850/10484, Loss: 3.6979
  Batch 9860/10484, Loss: 4.5280
  Batch 9870/10484, Loss: 3.6820
  Batch 9880/10484, Loss: 4.7318
  Batch 9890/10484, Loss: 4.5903
  Batch 9900/10484, Loss: 4.4501
  Batch 9910/10484, Loss: 4.6615
  Batch 9920/10484, Loss: 4.8156
  Batch 9930/10484, Loss: 4.8002
  Batch 9940/10484, Loss: 4.2352
  Batch 9950/10484, Loss: 4.4665
  Batch 9960/10484, Loss: 4.6330
  Batch 9970/10484, Loss: 4.3349
  Batch 9980/10484, Loss: 5.0505
  Batch 9990/10484, Loss: 4.3030
  Batch 10000/10484, Loss: 4.0215
  Batch 10010/10484, Loss: 4.5728
  Batch 10020/10484, Loss: 5.1941
  Batch 10030/10484, Loss: 4.9006
  Batch 10040/10484, Loss: 3.6474
  Batch 10050/10484, Loss: 4.2034
  Batch 10060/10484, Loss: 4.7384
  Batch 10070/10484, Loss: 4.6791
  Batch 10080/10484, Loss: 4.7627
  Batch 10090/10484, Loss: 4.1119
  Batch 10100/10484, Loss: 4.7679
  Batch 10110/10484, Loss: 4.7976
  Batch 10120/10484, Loss: 4.2954
  Batch 10130/10484, Loss: 4.6177
  Batch 10140/10484, Loss: 4.4904
  Batch 10150/10484, Loss: 4.9104
  Batch 10160/10484, Loss: 4.3396
  Batch 10170/10484, Loss: 4.4465
  Batch 10180/10484, Loss: 4.9636
  Batch 10190/10484, Loss: 4.8674
  Batch 10200/10484, Loss: 4.8804
  Batch 10210/10484, Loss: 4.4223
  Batch 10220/10484, Loss: 4.5844
  Batch 10230/10484, Loss: 4.0150
  Batch 10240/10484, Loss: 4.7320
  Batch 10250/10484, Loss: 4.6182
  Batch 10260/10484, Loss: 4.5337
  Batch 10270/10484, Loss: 3.9580
  Batch 10280/10484, Loss: 4.5414
  Batch 10290/10484, Loss: 4.7349
  Batch 10300/10484, Loss: 4.0991
  Batch 10310/10484, Loss: 4.5820
  Batch 10320/10484, Loss: 4.4724
  Batch 10330/10484, Loss: 4.2133
  Batch 10340/10484, Loss: 4.9032
  Batch 10350/10484, Loss: 4.4323
  Batch 10360/10484, Loss: 4.9305
  Batch 10370/10484, Loss: 4.6873
  Batch 10380/10484, Loss: 4.8126
  Batch 10390/10484, Loss: 4.6584
  Batch 10400/10484, Loss: 4.7232
  Batch 10410/10484, Loss: 4.5715
  Batch 10420/10484, Loss: 4.5165
  Batch 10430/10484, Loss: 4.6660
  Batch 10440/10484, Loss: 4.5923
  Batch 10450/10484, Loss: 3.7345
  Batch 10460/10484, Loss: 4.4455
  Batch 10470/10484, Loss: 4.9605
  Batch 10480/10484, Loss: 4.8404

  Train Loss: 4.5142
  Val Loss: 6.7251
  Time: 36m 23s

Epoch 9/20
----------------------------------------
  Batch 10/10484, Loss: 4.6882
  Batch 20/10484, Loss: 4.6130
  Batch 30/10484, Loss: 4.5662
  Batch 40/10484, Loss: 3.7921
  Batch 50/10484, Loss: 4.5440
  Batch 60/10484, Loss: 4.7603
  Batch 70/10484, Loss: 4.3979
  Batch 80/10484, Loss: 4.1974
  Batch 90/10484, Loss: 4.4500
  Batch 100/10484, Loss: 4.6591
  Batch 110/10484, Loss: 4.1143
  Batch 120/10484, Loss: 3.7856
  Batch 130/10484, Loss: 4.4107
  Batch 140/10484, Loss: 4.1213
  Batch 150/10484, Loss: 4.6595
  Batch 160/10484, Loss: 3.9948
  Batch 170/10484, Loss: 4.5183
  Batch 180/10484, Loss: 4.1901
  Batch 190/10484, Loss: 3.7294
  Batch 200/10484, Loss: 4.0588
  Batch 210/10484, Loss: 3.8488
  Batch 220/10484, Loss: 4.7715
  Batch 230/10484, Loss: 4.3255
  Batch 240/10484, Loss: 4.1366
  Batch 250/10484, Loss: 4.6777
  Batch 260/10484, Loss: 4.6264
  Batch 270/10484, Loss: 4.2345
  Batch 280/10484, Loss: 4.5128
  Batch 290/10484, Loss: 3.6949
  Batch 300/10484, Loss: 4.3428
  Batch 310/10484, Loss: 5.1859
  Batch 320/10484, Loss: 4.7798
  Batch 330/10484, Loss: 4.7326
  Batch 340/10484, Loss: 4.5841
  Batch 350/10484, Loss: 3.9190
  Batch 360/10484, Loss: 4.3560
  Batch 370/10484, Loss: 4.5514
  Batch 380/10484, Loss: 4.5759
  Batch 390/10484, Loss: 4.4754
  Batch 400/10484, Loss: 4.9902
  Batch 410/10484, Loss: 4.0515
  Batch 420/10484, Loss: 4.8812
  Batch 430/10484, Loss: 4.4482
  Batch 440/10484, Loss: 4.0797
  Batch 450/10484, Loss: 4.1518
  Batch 460/10484, Loss: 4.1438
  Batch 470/10484, Loss: 4.6026
  Batch 480/10484, Loss: 4.3881
  Batch 490/10484, Loss: 4.4354
  Batch 500/10484, Loss: 4.0802
  Batch 510/10484, Loss: 4.4334
  Batch 520/10484, Loss: 4.2596
  Batch 530/10484, Loss: 4.2461
  Batch 540/10484, Loss: 4.4004
  Batch 550/10484, Loss: 4.6246
  Batch 560/10484, Loss: 4.2696
  Batch 570/10484, Loss: 4.3432
  Batch 580/10484, Loss: 4.7307
  Batch 590/10484, Loss: 4.7109
  Batch 600/10484, Loss: 4.1042
  Batch 610/10484, Loss: 4.5545
  Batch 620/10484, Loss: 3.7528
  Batch 630/10484, Loss: 4.0310
  Batch 640/10484, Loss: 5.1322
  Batch 650/10484, Loss: 4.6469
  Batch 660/10484, Loss: 4.2435
  Batch 670/10484, Loss: 4.1545
  Batch 680/10484, Loss: 4.5033
  Batch 690/10484, Loss: 4.8008
  Batch 700/10484, Loss: 4.5913
  Batch 710/10484, Loss: 4.8198
  Batch 720/10484, Loss: 4.0383
  Batch 730/10484, Loss: 5.0785
  Batch 740/10484, Loss: 4.5326
  Batch 750/10484, Loss: 4.3993
  Batch 760/10484, Loss: 4.1347
  Batch 770/10484, Loss: 4.4259
  Batch 780/10484, Loss: 3.7733
  Batch 790/10484, Loss: 3.8067
  Batch 800/10484, Loss: 4.0017
  Batch 810/10484, Loss: 4.5341
  Batch 820/10484, Loss: 5.1251
  Batch 830/10484, Loss: 4.5206
  Batch 840/10484, Loss: 4.7595
  Batch 850/10484, Loss: 4.2825
  Batch 860/10484, Loss: 4.5201
  Batch 870/10484, Loss: 4.5056
  Batch 880/10484, Loss: 4.4348
  Batch 890/10484, Loss: 4.6807
  Batch 900/10484, Loss: 4.0568
  Batch 910/10484, Loss: 4.3547
  Batch 920/10484, Loss: 4.3985
  Batch 930/10484, Loss: 3.8402
  Batch 940/10484, Loss: 4.3108
  Batch 950/10484, Loss: 4.3858
  Batch 960/10484, Loss: 4.2285
  Batch 970/10484, Loss: 4.1888
  Batch 980/10484, Loss: 4.1534
  Batch 990/10484, Loss: 4.5049
  Batch 1000/10484, Loss: 3.7596
  Batch 1010/10484, Loss: 4.5491
  Batch 1020/10484, Loss: 4.8426
  Batch 1030/10484, Loss: 4.1240
  Batch 1040/10484, Loss: 5.0817
  Batch 1050/10484, Loss: 4.1869
  Batch 1060/10484, Loss: 4.3370
  Batch 1070/10484, Loss: 4.2498
  Batch 1080/10484, Loss: 4.3185
  Batch 1090/10484, Loss: 4.7711
  Batch 1100/10484, Loss: 4.3588
  Batch 1110/10484, Loss: 3.9514
  Batch 1120/10484, Loss: 4.7003
  Batch 1130/10484, Loss: 4.5909
  Batch 1140/10484, Loss: 4.5593
  Batch 1150/10484, Loss: 5.0151
  Batch 1160/10484, Loss: 4.2062
  Batch 1170/10484, Loss: 4.8227
  Batch 1180/10484, Loss: 4.1064
  Batch 1190/10484, Loss: 4.3695
  Batch 1200/10484, Loss: 4.4947
  Batch 1210/10484, Loss: 4.3366
  Batch 1220/10484, Loss: 4.8779
  Batch 1230/10484, Loss: 4.5719
  Batch 1240/10484, Loss: 4.5484
  Batch 1250/10484, Loss: 4.5535
  Batch 1260/10484, Loss: 4.9576
  Batch 1270/10484, Loss: 4.2986
  Batch 1280/10484, Loss: 3.6279
  Batch 1290/10484, Loss: 4.6577
  Batch 1300/10484, Loss: 4.8045
  Batch 1310/10484, Loss: 4.6486
  Batch 1320/10484, Loss: 4.0560
  Batch 1330/10484, Loss: 3.6118
  Batch 1340/10484, Loss: 4.2501
  Batch 1350/10484, Loss: 4.0456
  Batch 1360/10484, Loss: 4.2065
  Batch 1370/10484, Loss: 4.8275
  Batch 1380/10484, Loss: 5.0357
  Batch 1390/10484, Loss: 3.7111
  Batch 1400/10484, Loss: 4.4101
  Batch 1410/10484, Loss: 3.6573
  Batch 1420/10484, Loss: 4.1897
  Batch 1430/10484, Loss: 4.0392
  Batch 1440/10484, Loss: 4.7736
  Batch 1450/10484, Loss: 4.0943
  Batch 1460/10484, Loss: 4.0493
  Batch 1470/10484, Loss: 3.8364
  Batch 1480/10484, Loss: 4.3633
  Batch 1490/10484, Loss: 4.5603
  Batch 1500/10484, Loss: 4.6489
  Batch 1510/10484, Loss: 3.8620
  Batch 1520/10484, Loss: 4.5554
  Batch 1530/10484, Loss: 4.9657
  Batch 1540/10484, Loss: 4.3683
  Batch 1550/10484, Loss: 3.7786
  Batch 1560/10484, Loss: 4.8055
  Batch 1570/10484, Loss: 4.2356
  Batch 1580/10484, Loss: 3.8703
  Batch 1590/10484, Loss: 4.3885
  Batch 1600/10484, Loss: 4.3772
  Batch 1610/10484, Loss: 4.8785
  Batch 1620/10484, Loss: 4.7580
  Batch 1630/10484, Loss: 4.4622
  Batch 1640/10484, Loss: 5.1130
  Batch 1650/10484, Loss: 3.9089
  Batch 1660/10484, Loss: 3.9960
  Batch 1670/10484, Loss: 4.1876
  Batch 1680/10484, Loss: 4.3229
  Batch 1690/10484, Loss: 4.0733
  Batch 1700/10484, Loss: 5.0249
  Batch 1710/10484, Loss: 5.5741
  Batch 1720/10484, Loss: 4.6003
  Batch 1730/10484, Loss: 4.1458
  Batch 1740/10484, Loss: 4.7533
  Batch 1750/10484, Loss: 4.3625
  Batch 1760/10484, Loss: 4.5888
  Batch 1770/10484, Loss: 4.7051
  Batch 1780/10484, Loss: 4.4188
  Batch 1790/10484, Loss: 4.6824
  Batch 1800/10484, Loss: 4.5322
  Batch 1810/10484, Loss: 4.1354
  Batch 1820/10484, Loss: 4.7597
  Batch 1830/10484, Loss: 4.7112
  Batch 1840/10484, Loss: 4.5966
  Batch 1850/10484, Loss: 3.8201
  Batch 1860/10484, Loss: 4.0651
  Batch 1870/10484, Loss: 4.8653
  Batch 1880/10484, Loss: 3.8030
  Batch 1890/10484, Loss: 4.1108
  Batch 1900/10484, Loss: 3.4766
  Batch 1910/10484, Loss: 4.6943
  Batch 1920/10484, Loss: 4.4800
  Batch 1930/10484, Loss: 4.8707
  Batch 1940/10484, Loss: 4.9462
  Batch 1950/10484, Loss: 3.7572
  Batch 1960/10484, Loss: 4.3380
  Batch 1970/10484, Loss: 4.6508
  Batch 1980/10484, Loss: 4.9268
  Batch 1990/10484, Loss: 4.4079
  Batch 2000/10484, Loss: 4.7889
  Batch 2010/10484, Loss: 4.2529
  Batch 2020/10484, Loss: 4.6020
  Batch 2030/10484, Loss: 4.7591
  Batch 2040/10484, Loss: 4.2024
  Batch 2050/10484, Loss: 4.6784
  Batch 2060/10484, Loss: 3.6537
  Batch 2070/10484, Loss: 4.5187
  Batch 2080/10484, Loss: 4.3924
  Batch 2090/10484, Loss: 4.6296
  Batch 2100/10484, Loss: 4.9644
  Batch 2110/10484, Loss: 4.1891
  Batch 2120/10484, Loss: 4.3917
  Batch 2130/10484, Loss: 4.6779
  Batch 2140/10484, Loss: 3.9931
  Batch 2150/10484, Loss: 4.4107
  Batch 2160/10484, Loss: 4.7286
  Batch 2170/10484, Loss: 4.3723
  Batch 2180/10484, Loss: 4.0786
  Batch 2190/10484, Loss: 4.1241
  Batch 2200/10484, Loss: 5.0948
  Batch 2210/10484, Loss: 4.6194
  Batch 2220/10484, Loss: 4.4962
  Batch 2230/10484, Loss: 4.7648
  Batch 2240/10484, Loss: 4.8509
  Batch 2250/10484, Loss: 4.2355
  Batch 2260/10484, Loss: 4.3776
  Batch 2270/10484, Loss: 4.2882
  Batch 2280/10484, Loss: 4.2040
  Batch 2290/10484, Loss: 4.8179
  Batch 2300/10484, Loss: 4.5118
  Batch 2310/10484, Loss: 4.4362
  Batch 2320/10484, Loss: 4.5275
  Batch 2330/10484, Loss: 4.5888
  Batch 2340/10484, Loss: 4.4920
  Batch 2350/10484, Loss: 4.2145
  Batch 2360/10484, Loss: 4.0182
  Batch 2370/10484, Loss: 5.1563
  Batch 2380/10484, Loss: 4.8936
  Batch 2390/10484, Loss: 4.1952
  Batch 2400/10484, Loss: 4.2136
  Batch 2410/10484, Loss: 4.6354
  Batch 2420/10484, Loss: 4.8748
  Batch 2430/10484, Loss: 4.6589
  Batch 2440/10484, Loss: 4.1836
  Batch 2450/10484, Loss: 3.6447
  Batch 2460/10484, Loss: 4.6716
  Batch 2470/10484, Loss: 4.4069
  Batch 2480/10484, Loss: 4.6943
  Batch 2490/10484, Loss: 4.0834
  Batch 2500/10484, Loss: 4.8297
  Batch 2510/10484, Loss: 4.5537
  Batch 2520/10484, Loss: 4.3181
  Batch 2530/10484, Loss: 4.3304
  Batch 2540/10484, Loss: 4.8369
  Batch 2550/10484, Loss: 4.6610
  Batch 2560/10484, Loss: 4.4050
  Batch 2570/10484, Loss: 4.6299
  Batch 2580/10484, Loss: 4.3919
  Batch 2590/10484, Loss: 5.0445
  Batch 2600/10484, Loss: 4.5052
  Batch 2610/10484, Loss: 4.2369
  Batch 2620/10484, Loss: 4.7145
  Batch 2630/10484, Loss: 4.7588
  Batch 2640/10484, Loss: 4.1729
  Batch 2650/10484, Loss: 4.3768
  Batch 2660/10484, Loss: 3.7969
  Batch 2670/10484, Loss: 4.4809
  Batch 2680/10484, Loss: 4.3621
  Batch 2690/10484, Loss: 4.0775
  Batch 2700/10484, Loss: 4.4774
  Batch 2710/10484, Loss: 4.9362
  Batch 2720/10484, Loss: 4.5961
  Batch 2730/10484, Loss: 4.6325
  Batch 2740/10484, Loss: 4.5915
  Batch 2750/10484, Loss: 4.7908
  Batch 2760/10484, Loss: 4.7795
  Batch 2770/10484, Loss: 4.2890
  Batch 2780/10484, Loss: 4.4661
  Batch 2790/10484, Loss: 4.5162
  Batch 2800/10484, Loss: 4.1477
  Batch 2810/10484, Loss: 4.8930
  Batch 2820/10484, Loss: 5.0366
  Batch 2830/10484, Loss: 4.0307
  Batch 2840/10484, Loss: 4.0943
  Batch 2850/10484, Loss: 3.8751
  Batch 2860/10484, Loss: 4.6816
  Batch 2870/10484, Loss: 4.4354
  Batch 2880/10484, Loss: 3.6256
  Batch 2890/10484, Loss: 4.4961
  Batch 2900/10484, Loss: 4.8662
  Batch 2910/10484, Loss: 4.0265
  Batch 2920/10484, Loss: 4.3681
  Batch 2930/10484, Loss: 4.7249
  Batch 2940/10484, Loss: 4.4946
  Batch 2950/10484, Loss: 4.4407
  Batch 2960/10484, Loss: 4.3303
  Batch 2970/10484, Loss: 4.1932
  Batch 2980/10484, Loss: 4.2626
  Batch 2990/10484, Loss: 4.4026
  Batch 3000/10484, Loss: 4.3894
  Batch 3010/10484, Loss: 4.1489
  Batch 3020/10484, Loss: 4.3155
  Batch 3030/10484, Loss: 4.2786
  Batch 3040/10484, Loss: 4.8221
  Batch 3050/10484, Loss: 4.8033
  Batch 3060/10484, Loss: 4.6569
  Batch 3070/10484, Loss: 4.5342
  Batch 3080/10484, Loss: 5.2682
  Batch 3090/10484, Loss: 4.3834
  Batch 3100/10484, Loss: 4.6559
  Batch 3110/10484, Loss: 3.8419
  Batch 3120/10484, Loss: 4.7402
  Batch 3130/10484, Loss: 4.7368
  Batch 3140/10484, Loss: 4.3438
  Batch 3150/10484, Loss: 4.2229
  Batch 3160/10484, Loss: 4.5454
  Batch 3170/10484, Loss: 4.3120
  Batch 3180/10484, Loss: 4.4730
  Batch 3190/10484, Loss: 4.3989
  Batch 3200/10484, Loss: 4.4195
  Batch 3210/10484, Loss: 4.3630
  Batch 3220/10484, Loss: 4.7481
  Batch 3230/10484, Loss: 3.6633
  Batch 3240/10484, Loss: 4.7189
  Batch 3250/10484, Loss: 4.2276
  Batch 3260/10484, Loss: 4.1124
  Batch 3270/10484, Loss: 4.4488
  Batch 3280/10484, Loss: 4.5633
  Batch 3290/10484, Loss: 4.6105
  Batch 3300/10484, Loss: 4.2821
  Batch 3310/10484, Loss: 4.3444
  Batch 3320/10484, Loss: 4.2743
  Batch 3330/10484, Loss: 4.6054
  Batch 3340/10484, Loss: 4.2094
  Batch 3350/10484, Loss: 4.1442
  Batch 3360/10484, Loss: 4.2612
  Batch 3370/10484, Loss: 4.6361
  Batch 3380/10484, Loss: 4.4036
  Batch 3390/10484, Loss: 4.5743
  Batch 3400/10484, Loss: 4.2843
  Batch 3410/10484, Loss: 4.2258
  Batch 3420/10484, Loss: 4.8875
  Batch 3430/10484, Loss: 3.8830
  Batch 3440/10484, Loss: 4.8254
  Batch 3450/10484, Loss: 4.9181
  Batch 3460/10484, Loss: 4.3619
  Batch 3470/10484, Loss: 4.5983
  Batch 3480/10484, Loss: 4.6046
  Batch 3490/10484, Loss: 4.4370
  Batch 3500/10484, Loss: 5.1318
  Batch 3510/10484, Loss: 4.3627
  Batch 3520/10484, Loss: 4.2639
  Batch 3530/10484, Loss: 4.6554
  Batch 3540/10484, Loss: 4.7863
  Batch 3550/10484, Loss: 4.2334
  Batch 3560/10484, Loss: 4.2002
  Batch 3570/10484, Loss: 4.1938
  Batch 3580/10484, Loss: 4.2787
  Batch 3590/10484, Loss: 3.9652
  Batch 3600/10484, Loss: 4.6243
  Batch 3610/10484, Loss: 3.5318
  Batch 3620/10484, Loss: 4.3798
  Batch 3630/10484, Loss: 3.9138
  Batch 3640/10484, Loss: 4.6588
  Batch 3650/10484, Loss: 4.5466
  Batch 3660/10484, Loss: 4.3364
  Batch 3670/10484, Loss: 4.2808
  Batch 3680/10484, Loss: 4.1247
  Batch 3690/10484, Loss: 4.5555
  Batch 3700/10484, Loss: 4.3924
  Batch 3710/10484, Loss: 4.5280
  Batch 3720/10484, Loss: 4.7387
  Batch 3730/10484, Loss: 3.9999
  Batch 3740/10484, Loss: 4.4138
  Batch 3750/10484, Loss: 4.4221
  Batch 3760/10484, Loss: 4.5207
  Batch 3770/10484, Loss: 4.5833
  Batch 3780/10484, Loss: 4.4959
  Batch 3790/10484, Loss: 4.4947
  Batch 3800/10484, Loss: 3.8496
  Batch 3810/10484, Loss: 4.5091
  Batch 3820/10484, Loss: 4.9701
  Batch 3830/10484, Loss: 4.9053
  Batch 3840/10484, Loss: 4.6302
  Batch 3850/10484, Loss: 5.0984
  Batch 3860/10484, Loss: 4.3224
  Batch 3870/10484, Loss: 4.5690
  Batch 3880/10484, Loss: 4.3860
  Batch 3890/10484, Loss: 4.9565
  Batch 3900/10484, Loss: 4.5472
  Batch 3910/10484, Loss: 4.2101
  Batch 3920/10484, Loss: 4.8278
  Batch 3930/10484, Loss: 4.5464
  Batch 3940/10484, Loss: 5.0119
  Batch 3950/10484, Loss: 4.6615
  Batch 3960/10484, Loss: 5.2931
  Batch 3970/10484, Loss: 4.1300
  Batch 3980/10484, Loss: 4.0637
  Batch 3990/10484, Loss: 4.6761
  Batch 4000/10484, Loss: 5.0868
  Batch 4010/10484, Loss: 4.5271
  Batch 4020/10484, Loss: 4.4832
  Batch 4030/10484, Loss: 4.3438
  Batch 4040/10484, Loss: 4.5618
  Batch 4050/10484, Loss: 5.0165
  Batch 4060/10484, Loss: 4.2744
  Batch 4070/10484, Loss: 4.5738
  Batch 4080/10484, Loss: 4.4556
  Batch 4090/10484, Loss: 4.3154
  Batch 4100/10484, Loss: 4.7318
  Batch 4110/10484, Loss: 4.9510
  Batch 4120/10484, Loss: 4.3478
  Batch 4130/10484, Loss: 4.5379
  Batch 4140/10484, Loss: 4.5658
  Batch 4150/10484, Loss: 4.5606
  Batch 4160/10484, Loss: 4.4560
  Batch 4170/10484, Loss: 3.9231
  Batch 4180/10484, Loss: 4.4742
  Batch 4190/10484, Loss: 4.8029
  Batch 4200/10484, Loss: 4.3905
  Batch 4210/10484, Loss: 4.6894
  Batch 4220/10484, Loss: 4.0284
  Batch 4230/10484, Loss: 5.0230
  Batch 4240/10484, Loss: 4.6437
  Batch 4250/10484, Loss: 4.6548
  Batch 4260/10484, Loss: 4.3985
  Batch 4270/10484, Loss: 4.7558
  Batch 4280/10484, Loss: 4.6023
  Batch 4290/10484, Loss: 4.7942
  Batch 4300/10484, Loss: 4.1160
  Batch 4310/10484, Loss: 4.5897
  Batch 4320/10484, Loss: 4.7946
  Batch 4330/10484, Loss: 4.7282
  Batch 4340/10484, Loss: 4.1994
  Batch 4350/10484, Loss: 5.0306
  Batch 4360/10484, Loss: 4.0000
  Batch 4370/10484, Loss: 4.6371
  Batch 4380/10484, Loss: 5.0346
  Batch 4390/10484, Loss: 4.5832
  Batch 4400/10484, Loss: 4.2826
  Batch 4410/10484, Loss: 4.2596
  Batch 4420/10484, Loss: 4.4841
  Batch 4430/10484, Loss: 4.2256
  Batch 4440/10484, Loss: 4.6959
  Batch 4450/10484, Loss: 4.6090
  Batch 4460/10484, Loss: 4.7710
  Batch 4470/10484, Loss: 4.5671
  Batch 4480/10484, Loss: 4.2071
  Batch 4490/10484, Loss: 4.5656
  Batch 4500/10484, Loss: 4.9015
  Batch 4510/10484, Loss: 4.2616
  Batch 4520/10484, Loss: 4.4091
  Batch 4530/10484, Loss: 4.8556
  Batch 4540/10484, Loss: 4.4834
  Batch 4550/10484, Loss: 4.8283
  Batch 4560/10484, Loss: 3.8962
  Batch 4570/10484, Loss: 4.3232
  Batch 4580/10484, Loss: 5.1178
  Batch 4590/10484, Loss: 4.5002
  Batch 4600/10484, Loss: 4.6272
  Batch 4610/10484, Loss: 4.0440
  Batch 4620/10484, Loss: 4.4539
  Batch 4630/10484, Loss: 4.6309
  Batch 4640/10484, Loss: 4.3453
  Batch 4650/10484, Loss: 4.3964
  Batch 4660/10484, Loss: 4.2840
  Batch 4670/10484, Loss: 4.5252
  Batch 4680/10484, Loss: 4.4251
  Batch 4690/10484, Loss: 4.4507
  Batch 4700/10484, Loss: 4.5561
  Batch 4710/10484, Loss: 4.8638
  Batch 4720/10484, Loss: 4.1280
  Batch 4730/10484, Loss: 4.5867
  Batch 4740/10484, Loss: 5.0896
  Batch 4750/10484, Loss: 3.9652
  Batch 4760/10484, Loss: 5.1287
  Batch 4770/10484, Loss: 3.9828
  Batch 4780/10484, Loss: 4.2003
  Batch 4790/10484, Loss: 4.2422
  Batch 4800/10484, Loss: 4.4482
  Batch 4810/10484, Loss: 3.9506
  Batch 4820/10484, Loss: 4.8386
  Batch 4830/10484, Loss: 3.8984
  Batch 4840/10484, Loss: 4.8378
  Batch 4850/10484, Loss: 4.7958
  Batch 4860/10484, Loss: 4.5603
  Batch 4870/10484, Loss: 4.9858
  Batch 4880/10484, Loss: 3.4495
  Batch 4890/10484, Loss: 4.4472
  Batch 4900/10484, Loss: 4.1507
  Batch 4910/10484, Loss: 4.4466
  Batch 4920/10484, Loss: 4.5497
  Batch 4930/10484, Loss: 5.0354
  Batch 4940/10484, Loss: 4.2804
  Batch 4950/10484, Loss: 4.3316
  Batch 4960/10484, Loss: 4.1424
  Batch 4970/10484, Loss: 4.4001
  Batch 4980/10484, Loss: 4.6405
  Batch 4990/10484, Loss: 4.7864
  Batch 5000/10484, Loss: 5.0613
  Batch 5010/10484, Loss: 4.6001
  Batch 5020/10484, Loss: 4.2467
  Batch 5030/10484, Loss: 4.2256
  Batch 5040/10484, Loss: 4.6059
  Batch 5050/10484, Loss: 4.0819
  Batch 5060/10484, Loss: 3.8753
  Batch 5070/10484, Loss: 4.7751
  Batch 5080/10484, Loss: 4.8114
  Batch 5090/10484, Loss: 5.0013
  Batch 5100/10484, Loss: 4.1834
  Batch 5110/10484, Loss: 4.3320
  Batch 5120/10484, Loss: 5.0610
  Batch 5130/10484, Loss: 4.7860
  Batch 5140/10484, Loss: 4.2954
  Batch 5150/10484, Loss: 3.8838
  Batch 5160/10484, Loss: 4.4120
  Batch 5170/10484, Loss: 3.9593
  Batch 5180/10484, Loss: 4.4970
  Batch 5190/10484, Loss: 5.1624
  Batch 5200/10484, Loss: 4.5987
  Batch 5210/10484, Loss: 5.2330
  Batch 5220/10484, Loss: 4.4788
  Batch 5230/10484, Loss: 4.5755
  Batch 5240/10484, Loss: 4.0568
  Batch 5250/10484, Loss: 3.6379
  Batch 5260/10484, Loss: 4.3650
  Batch 5270/10484, Loss: 5.0152
  Batch 5280/10484, Loss: 4.7720
  Batch 5290/10484, Loss: 4.6160
  Batch 5300/10484, Loss: 4.2449
  Batch 5310/10484, Loss: 4.3501
  Batch 5320/10484, Loss: 4.5032
  Batch 5330/10484, Loss: 4.4395
  Batch 5340/10484, Loss: 4.8758
  Batch 5350/10484, Loss: 4.5786
  Batch 5360/10484, Loss: 4.9228
  Batch 5370/10484, Loss: 4.1938
  Batch 5380/10484, Loss: 4.4896
  Batch 5390/10484, Loss: 4.4901
  Batch 5400/10484, Loss: 4.4679
  Batch 5410/10484, Loss: 4.6235
  Batch 5420/10484, Loss: 4.1161
  Batch 5430/10484, Loss: 4.7019
  Batch 5440/10484, Loss: 4.7916
  Batch 5450/10484, Loss: 4.8655
  Batch 5460/10484, Loss: 4.1017
  Batch 5470/10484, Loss: 3.8659
  Batch 5480/10484, Loss: 4.9040
  Batch 5490/10484, Loss: 4.6072
  Batch 5500/10484, Loss: 3.9325
  Batch 5510/10484, Loss: 4.6230
  Batch 5520/10484, Loss: 4.6522
  Batch 5530/10484, Loss: 4.8733
  Batch 5540/10484, Loss: 4.0347
  Batch 5550/10484, Loss: 5.1477
  Batch 5560/10484, Loss: 4.1719
  Batch 5570/10484, Loss: 4.4096
  Batch 5580/10484, Loss: 4.4108
  Batch 5590/10484, Loss: 4.2218
  Batch 5600/10484, Loss: 3.6573
  Batch 5610/10484, Loss: 4.3793
  Batch 5620/10484, Loss: 4.7219
  Batch 5630/10484, Loss: 4.1599
  Batch 5640/10484, Loss: 4.6367
  Batch 5650/10484, Loss: 4.5744
  Batch 5660/10484, Loss: 4.5842
  Batch 5670/10484, Loss: 4.3236
  Batch 5680/10484, Loss: 4.1202
  Batch 5690/10484, Loss: 4.7047
  Batch 5700/10484, Loss: 3.6941
  Batch 5710/10484, Loss: 4.4719
  Batch 5720/10484, Loss: 4.6658
  Batch 5730/10484, Loss: 4.8666
  Batch 5740/10484, Loss: 4.2379
  Batch 5750/10484, Loss: 4.0398
  Batch 5760/10484, Loss: 4.7713
  Batch 5770/10484, Loss: 4.8771
  Batch 5780/10484, Loss: 4.5297
  Batch 5790/10484, Loss: 5.1909
  Batch 5800/10484, Loss: 4.3124
  Batch 5810/10484, Loss: 4.3260
  Batch 5820/10484, Loss: 4.5842
  Batch 5830/10484, Loss: 4.4928
  Batch 5840/10484, Loss: 4.4846
  Batch 5850/10484, Loss: 4.0127
  Batch 5860/10484, Loss: 4.8042
  Batch 5870/10484, Loss: 4.5181
  Batch 5880/10484, Loss: 4.9364
  Batch 5890/10484, Loss: 3.8795
  Batch 5900/10484, Loss: 5.2779
  Batch 5910/10484, Loss: 4.5182
  Batch 5920/10484, Loss: 4.7364
  Batch 5930/10484, Loss: 4.7528
  Batch 5940/10484, Loss: 4.4083
  Batch 5950/10484, Loss: 4.5532
  Batch 5960/10484, Loss: 3.6895
  Batch 5970/10484, Loss: 4.6257
  Batch 5980/10484, Loss: 4.6594
  Batch 5990/10484, Loss: 4.6967
  Batch 6000/10484, Loss: 3.9104
  Batch 6010/10484, Loss: 4.7472
  Batch 6020/10484, Loss: 4.4160
  Batch 6030/10484, Loss: 4.0706
  Batch 6040/10484, Loss: 4.4528
  Batch 6050/10484, Loss: 4.8424
  Batch 6060/10484, Loss: 3.7186
  Batch 6070/10484, Loss: 3.9481
  Batch 6080/10484, Loss: 3.4575
  Batch 6090/10484, Loss: 4.4314
  Batch 6100/10484, Loss: 4.2397
  Batch 6110/10484, Loss: 4.8389
  Batch 6120/10484, Loss: 3.7650
  Batch 6130/10484, Loss: 4.3249
  Batch 6140/10484, Loss: 4.9299
  Batch 6150/10484, Loss: 4.5560
  Batch 6160/10484, Loss: 3.9496
  Batch 6170/10484, Loss: 4.8154
  Batch 6180/10484, Loss: 4.7976
  Batch 6190/10484, Loss: 4.3456
  Batch 6200/10484, Loss: 4.6597
  Batch 6210/10484, Loss: 4.8510
  Batch 6220/10484, Loss: 4.7550
  Batch 6230/10484, Loss: 4.3846
  Batch 6240/10484, Loss: 4.8939
  Batch 6250/10484, Loss: 4.4392
  Batch 6260/10484, Loss: 4.5582
  Batch 6270/10484, Loss: 4.4340
  Batch 6280/10484, Loss: 4.8673
  Batch 6290/10484, Loss: 4.2310
  Batch 6300/10484, Loss: 4.7863
  Batch 6310/10484, Loss: 4.3145
  Batch 6320/10484, Loss: 4.9379
  Batch 6330/10484, Loss: 5.0652
  Batch 6340/10484, Loss: 4.4369
  Batch 6350/10484, Loss: 4.3828
  Batch 6360/10484, Loss: 4.6969
  Batch 6370/10484, Loss: 4.7320
  Batch 6380/10484, Loss: 4.1240
  Batch 6390/10484, Loss: 4.5099
  Batch 6400/10484, Loss: 4.9410
  Batch 6410/10484, Loss: 4.1802
  Batch 6420/10484, Loss: 4.4410
  Batch 6430/10484, Loss: 4.7853
  Batch 6440/10484, Loss: 4.1141
  Batch 6450/10484, Loss: 4.4264
  Batch 6460/10484, Loss: 4.6281
  Batch 6470/10484, Loss: 4.6174
  Batch 6480/10484, Loss: 4.7251
  Batch 6490/10484, Loss: 4.6553
  Batch 6500/10484, Loss: 4.3297
  Batch 6510/10484, Loss: 4.1734
  Batch 6520/10484, Loss: 4.4567
  Batch 6530/10484, Loss: 4.6908
  Batch 6540/10484, Loss: 3.9777
  Batch 6550/10484, Loss: 4.6615
  Batch 6560/10484, Loss: 4.5395
  Batch 6570/10484, Loss: 4.1696
  Batch 6580/10484, Loss: 3.9162
  Batch 6590/10484, Loss: 4.8814
  Batch 6600/10484, Loss: 4.6558
  Batch 6610/10484, Loss: 4.8708
  Batch 6620/10484, Loss: 4.7578
  Batch 6630/10484, Loss: 4.7338
  Batch 6640/10484, Loss: 4.4464
  Batch 6650/10484, Loss: 4.8298
  Batch 6660/10484, Loss: 4.1309
  Batch 6670/10484, Loss: 4.0546
  Batch 6680/10484, Loss: 5.1120
  Batch 6690/10484, Loss: 4.0486
  Batch 6700/10484, Loss: 4.0277
  Batch 6710/10484, Loss: 4.8510
  Batch 6720/10484, Loss: 4.4976
  Batch 6730/10484, Loss: 4.6726
  Batch 6740/10484, Loss: 4.6224
  Batch 6750/10484, Loss: 4.3875
  Batch 6760/10484, Loss: 4.6113
  Batch 6770/10484, Loss: 4.5362
  Batch 6780/10484, Loss: 4.2433
  Batch 6790/10484, Loss: 4.2599
  Batch 6800/10484, Loss: 5.0162
  Batch 6810/10484, Loss: 4.3375
  Batch 6820/10484, Loss: 5.0559
  Batch 6830/10484, Loss: 4.9219
  Batch 6840/10484, Loss: 4.9323
  Batch 6850/10484, Loss: 4.2586
  Batch 6860/10484, Loss: 4.5595
  Batch 6870/10484, Loss: 4.9138
  Batch 6880/10484, Loss: 4.4579
  Batch 6890/10484, Loss: 4.3120
  Batch 6900/10484, Loss: 4.3750
  Batch 6910/10484, Loss: 4.9072
  Batch 6920/10484, Loss: 4.3832
  Batch 6930/10484, Loss: 4.3676
  Batch 6940/10484, Loss: 4.8839
  Batch 6950/10484, Loss: 4.9696
  Batch 6960/10484, Loss: 4.4127
  Batch 6970/10484, Loss: 4.2417
  Batch 6980/10484, Loss: 4.2287
  Batch 6990/10484, Loss: 4.4415
  Batch 7000/10484, Loss: 4.8172
  Batch 7010/10484, Loss: 4.1440
  Batch 7020/10484, Loss: 4.5701
  Batch 7030/10484, Loss: 4.2792
  Batch 7040/10484, Loss: 4.6036
  Batch 7050/10484, Loss: 4.1657
  Batch 7060/10484, Loss: 4.4776
  Batch 7070/10484, Loss: 4.1267
  Batch 7080/10484, Loss: 4.4523
  Batch 7090/10484, Loss: 4.3543
  Batch 7100/10484, Loss: 4.2582
  Batch 7110/10484, Loss: 4.1553
  Batch 7120/10484, Loss: 4.2263
  Batch 7130/10484, Loss: 4.5816
  Batch 7140/10484, Loss: 4.8823
  Batch 7150/10484, Loss: 4.6310
  Batch 7160/10484, Loss: 3.9562
  Batch 7170/10484, Loss: 4.7911
  Batch 7180/10484, Loss: 4.4703
  Batch 7190/10484, Loss: 4.7474
  Batch 7200/10484, Loss: 4.4690
  Batch 7210/10484, Loss: 4.6729
  Batch 7220/10484, Loss: 4.2717
  Batch 7230/10484, Loss: 4.4596
  Batch 7240/10484, Loss: 5.1442
  Batch 7250/10484, Loss: 3.8895
  Batch 7260/10484, Loss: 4.2376
  Batch 7270/10484, Loss: 4.2929
  Batch 7280/10484, Loss: 5.1078
  Batch 7290/10484, Loss: 4.3764
  Batch 7300/10484, Loss: 4.6496
  Batch 7310/10484, Loss: 4.2567
  Batch 7320/10484, Loss: 4.8877
  Batch 7330/10484, Loss: 3.9802
  Batch 7340/10484, Loss: 4.3467
  Batch 7350/10484, Loss: 4.5635
  Batch 7360/10484, Loss: 5.1026
  Batch 7370/10484, Loss: 4.5242
  Batch 7380/10484, Loss: 4.3052
  Batch 7390/10484, Loss: 5.0444
  Batch 7400/10484, Loss: 4.4621
  Batch 7410/10484, Loss: 4.5645
  Batch 7420/10484, Loss: 4.6053
  Batch 7430/10484, Loss: 5.0885
  Batch 7440/10484, Loss: 4.2300
  Batch 7450/10484, Loss: 4.6426
  Batch 7460/10484, Loss: 4.7215
  Batch 7470/10484, Loss: 4.5216
  Batch 7480/10484, Loss: 4.3155
  Batch 7490/10484, Loss: 5.0317
  Batch 7500/10484, Loss: 5.0097
  Batch 7510/10484, Loss: 4.9187
  Batch 7520/10484, Loss: 4.7497
  Batch 7530/10484, Loss: 3.8784
  Batch 7540/10484, Loss: 4.5377
  Batch 7550/10484, Loss: 4.2010
  Batch 7560/10484, Loss: 4.0012
  Batch 7570/10484, Loss: 4.5380
  Batch 7580/10484, Loss: 4.4489
  Batch 7590/10484, Loss: 4.4022
  Batch 7600/10484, Loss: 4.5955
  Batch 7610/10484, Loss: 4.3734
  Batch 7620/10484, Loss: 4.9723
  Batch 7630/10484, Loss: 4.2338
  Batch 7640/10484, Loss: 5.1794
  Batch 7650/10484, Loss: 4.6213
  Batch 7660/10484, Loss: 4.0844
  Batch 7670/10484, Loss: 4.2256
  Batch 7680/10484, Loss: 4.3538
  Batch 7690/10484, Loss: 4.2586
  Batch 7700/10484, Loss: 4.6879
  Batch 7710/10484, Loss: 4.8678
  Batch 7720/10484, Loss: 4.6256
  Batch 7730/10484, Loss: 5.1073
  Batch 7740/10484, Loss: 4.2643
  Batch 7750/10484, Loss: 4.6068
  Batch 7760/10484, Loss: 4.0192
  Batch 7770/10484, Loss: 4.2825
  Batch 7780/10484, Loss: 4.6151
  Batch 7790/10484, Loss: 4.0868
  Batch 7800/10484, Loss: 4.4219
  Batch 7810/10484, Loss: 4.2255
  Batch 7820/10484, Loss: 4.2237
  Batch 7830/10484, Loss: 4.7215
  Batch 7840/10484, Loss: 4.0598
  Batch 7850/10484, Loss: 4.7493
  Batch 7860/10484, Loss: 4.7303
  Batch 7870/10484, Loss: 3.9569
  Batch 7880/10484, Loss: 4.5459
  Batch 7890/10484, Loss: 4.1128
  Batch 7900/10484, Loss: 4.5906
  Batch 7910/10484, Loss: 5.0747
  Batch 7920/10484, Loss: 4.7125
  Batch 7930/10484, Loss: 4.1586
  Batch 7940/10484, Loss: 4.3283
  Batch 7950/10484, Loss: 4.3943
  Batch 7960/10484, Loss: 4.3974
  Batch 7970/10484, Loss: 4.1555
  Batch 7980/10484, Loss: 4.2396
  Batch 7990/10484, Loss: 4.5751
  Batch 8000/10484, Loss: 4.6302
  Batch 8010/10484, Loss: 4.9140
  Batch 8020/10484, Loss: 5.2237
  Batch 8030/10484, Loss: 4.3873
  Batch 8040/10484, Loss: 4.4631
  Batch 8050/10484, Loss: 4.4686
  Batch 8060/10484, Loss: 4.9362
  Batch 8070/10484, Loss: 4.6457
  Batch 8080/10484, Loss: 4.4572
  Batch 8090/10484, Loss: 4.3157
  Batch 8100/10484, Loss: 4.5739
  Batch 8110/10484, Loss: 4.1738
  Batch 8120/10484, Loss: 4.6298
  Batch 8130/10484, Loss: 3.9967
  Batch 8140/10484, Loss: 4.2316
  Batch 8150/10484, Loss: 4.2590
  Batch 8160/10484, Loss: 4.7485
  Batch 8170/10484, Loss: 4.9112
  Batch 8180/10484, Loss: 4.7117
  Batch 8190/10484, Loss: 4.4284
  Batch 8200/10484, Loss: 4.7350
  Batch 8210/10484, Loss: 4.0531
  Batch 8220/10484, Loss: 4.2721
  Batch 8230/10484, Loss: 5.1765
  Batch 8240/10484, Loss: 4.4351
  Batch 8250/10484, Loss: 4.3296
  Batch 8260/10484, Loss: 5.0809
  Batch 8270/10484, Loss: 4.1173
  Batch 8280/10484, Loss: 4.5655
  Batch 8290/10484, Loss: 4.9116
  Batch 8300/10484, Loss: 4.5859
  Batch 8310/10484, Loss: 4.0207
  Batch 8320/10484, Loss: 4.1911
  Batch 8330/10484, Loss: 4.0461
  Batch 8340/10484, Loss: 4.3895
  Batch 8350/10484, Loss: 4.3052
  Batch 8360/10484, Loss: 4.5512
  Batch 8370/10484, Loss: 4.8088
  Batch 8380/10484, Loss: 4.5102
  Batch 8390/10484, Loss: 4.4589
  Batch 8400/10484, Loss: 3.8829
  Batch 8410/10484, Loss: 4.6140
  Batch 8420/10484, Loss: 4.1249
  Batch 8430/10484, Loss: 5.1235
  Batch 8440/10484, Loss: 4.7470
  Batch 8450/10484, Loss: 4.4448
  Batch 8460/10484, Loss: 4.5015
  Batch 8470/10484, Loss: 4.4257
  Batch 8480/10484, Loss: 4.6728
  Batch 8490/10484, Loss: 4.0641
  Batch 8500/10484, Loss: 5.4348
  Batch 8510/10484, Loss: 3.8917
  Batch 8520/10484, Loss: 4.7944
  Batch 8530/10484, Loss: 4.4986
  Batch 8540/10484, Loss: 4.1385
  Batch 8550/10484, Loss: 4.5684
  Batch 8560/10484, Loss: 4.3719
  Batch 8570/10484, Loss: 4.5497
  Batch 8580/10484, Loss: 4.7136
  Batch 8590/10484, Loss: 4.2689
  Batch 8600/10484, Loss: 3.4068
  Batch 8610/10484, Loss: 4.2101
  Batch 8620/10484, Loss: 4.4147
  Batch 8630/10484, Loss: 4.4968
  Batch 8640/10484, Loss: 4.6776
  Batch 8650/10484, Loss: 3.8350
  Batch 8660/10484, Loss: 4.6310
  Batch 8670/10484, Loss: 4.2164
  Batch 8680/10484, Loss: 4.5499
  Batch 8690/10484, Loss: 4.1574
  Batch 8700/10484, Loss: 4.1698
  Batch 8710/10484, Loss: 4.0788
  Batch 8720/10484, Loss: 4.6351
  Batch 8730/10484, Loss: 4.4138
  Batch 8740/10484, Loss: 4.6120
  Batch 8750/10484, Loss: 4.2959
  Batch 8760/10484, Loss: 4.5554
  Batch 8770/10484, Loss: 4.4185
  Batch 8780/10484, Loss: 4.4604
  Batch 8790/10484, Loss: 4.7091
  Batch 8800/10484, Loss: 4.2360
  Batch 8810/10484, Loss: 4.4564
  Batch 8820/10484, Loss: 4.6059
  Batch 8830/10484, Loss: 4.4795
  Batch 8840/10484, Loss: 3.8484
  Batch 8850/10484, Loss: 4.6589
  Batch 8860/10484, Loss: 3.8645
  Batch 8870/10484, Loss: 5.0527
  Batch 8880/10484, Loss: 5.0136
  Batch 8890/10484, Loss: 4.7097
  Batch 8900/10484, Loss: 4.4526
  Batch 8910/10484, Loss: 4.9090
  Batch 8920/10484, Loss: 4.4644
  Batch 8930/10484, Loss: 4.5295
  Batch 8940/10484, Loss: 4.1522
  Batch 8950/10484, Loss: 4.1479
  Batch 8960/10484, Loss: 5.0775
  Batch 8970/10484, Loss: 4.3635
  Batch 8980/10484, Loss: 4.6078
  Batch 8990/10484, Loss: 4.6125
  Batch 9000/10484, Loss: 4.1030
  Batch 9010/10484, Loss: 4.8202
  Batch 9020/10484, Loss: 4.5298
  Batch 9030/10484, Loss: 4.1325
  Batch 9040/10484, Loss: 4.3962
  Batch 9050/10484, Loss: 4.0321
  Batch 9060/10484, Loss: 4.7835
  Batch 9070/10484, Loss: 4.5394
  Batch 9080/10484, Loss: 4.3431
  Batch 9090/10484, Loss: 4.8093
  Batch 9100/10484, Loss: 3.9870
  Batch 9110/10484, Loss: 4.5779
  Batch 9120/10484, Loss: 4.4144
  Batch 9130/10484, Loss: 5.1402
  Batch 9140/10484, Loss: 4.6452
  Batch 9150/10484, Loss: 4.1954
  Batch 9160/10484, Loss: 4.6120
  Batch 9170/10484, Loss: 4.2193
  Batch 9180/10484, Loss: 4.4181
  Batch 9190/10484, Loss: 4.3962
  Batch 9200/10484, Loss: 4.0087
  Batch 9210/10484, Loss: 4.3080
  Batch 9220/10484, Loss: 4.6612
  Batch 9230/10484, Loss: 4.0932
  Batch 9240/10484, Loss: 4.8060
  Batch 9250/10484, Loss: 4.0731
  Batch 9260/10484, Loss: 4.5651
  Batch 9270/10484, Loss: 4.0383
  Batch 9280/10484, Loss: 4.9500
  Batch 9290/10484, Loss: 4.3750
  Batch 9300/10484, Loss: 4.5370
  Batch 9310/10484, Loss: 4.9573
  Batch 9320/10484, Loss: 4.4762
  Batch 9330/10484, Loss: 4.0297
  Batch 9340/10484, Loss: 4.5582
  Batch 9350/10484, Loss: 4.4876
  Batch 9360/10484, Loss: 4.3040
  Batch 9370/10484, Loss: 4.7602
  Batch 9380/10484, Loss: 4.9388
  Batch 9390/10484, Loss: 4.5584
  Batch 9400/10484, Loss: 4.6048
  Batch 9410/10484, Loss: 4.1551
  Batch 9420/10484, Loss: 4.5959
  Batch 9430/10484, Loss: 4.2572
  Batch 9440/10484, Loss: 4.5592
  Batch 9450/10484, Loss: 4.6322
  Batch 9460/10484, Loss: 4.2901
  Batch 9470/10484, Loss: 4.7977
  Batch 9480/10484, Loss: 3.9150
  Batch 9490/10484, Loss: 4.5145
  Batch 9500/10484, Loss: 4.4779
  Batch 9510/10484, Loss: 4.3198
  Batch 9520/10484, Loss: 5.0775
  Batch 9530/10484, Loss: 4.7711
  Batch 9540/10484, Loss: 4.8801
  Batch 9550/10484, Loss: 4.0317
  Batch 9560/10484, Loss: 4.5110
  Batch 9570/10484, Loss: 4.0960
  Batch 9580/10484, Loss: 4.6098
  Batch 9590/10484, Loss: 4.6003
  Batch 9600/10484, Loss: 4.4534
  Batch 9610/10484, Loss: 4.5268
  Batch 9620/10484, Loss: 4.9488
  Batch 9630/10484, Loss: 4.6385
  Batch 9640/10484, Loss: 4.6266
  Batch 9650/10484, Loss: 4.5276
  Batch 9660/10484, Loss: 4.5158
  Batch 9670/10484, Loss: 4.6668
  Batch 9680/10484, Loss: 4.6446
  Batch 9690/10484, Loss: 4.3727
  Batch 9700/10484, Loss: 4.8888
  Batch 9710/10484, Loss: 4.6986
  Batch 9720/10484, Loss: 4.5642
  Batch 9730/10484, Loss: 4.3436
  Batch 9740/10484, Loss: 4.3714
  Batch 9750/10484, Loss: 4.8344
  Batch 9760/10484, Loss: 4.1263
  Batch 9770/10484, Loss: 5.0701
  Batch 9780/10484, Loss: 4.9156
  Batch 9790/10484, Loss: 4.8072
  Batch 9800/10484, Loss: 4.2812
  Batch 9810/10484, Loss: 4.5965
  Batch 9820/10484, Loss: 5.0185
  Batch 9830/10484, Loss: 4.2901
  Batch 9840/10484, Loss: 4.6437
  Batch 9850/10484, Loss: 4.8745
  Batch 9860/10484, Loss: 4.3251
  Batch 9870/10484, Loss: 4.3502
  Batch 9880/10484, Loss: 4.3203
  Batch 9890/10484, Loss: 4.9474
  Batch 9900/10484, Loss: 4.1876
  Batch 9910/10484, Loss: 4.7583
  Batch 9920/10484, Loss: 3.8393
  Batch 9930/10484, Loss: 4.3412
  Batch 9940/10484, Loss: 4.5697
  Batch 9950/10484, Loss: 4.4389
  Batch 9960/10484, Loss: 3.9444
  Batch 9970/10484, Loss: 4.2291
  Batch 9980/10484, Loss: 3.6313
  Batch 9990/10484, Loss: 4.4265
  Batch 10000/10484, Loss: 4.5169
  Batch 10010/10484, Loss: 4.4571
  Batch 10020/10484, Loss: 4.2589
  Batch 10030/10484, Loss: 4.6792
  Batch 10040/10484, Loss: 4.8961
  Batch 10050/10484, Loss: 4.5774
  Batch 10060/10484, Loss: 3.7813
  Batch 10070/10484, Loss: 4.6521
  Batch 10080/10484, Loss: 4.2409
  Batch 10090/10484, Loss: 4.2071
  Batch 10100/10484, Loss: 4.6786
  Batch 10110/10484, Loss: 4.0354
  Batch 10120/10484, Loss: 4.4982
  Batch 10130/10484, Loss: 4.0758
  Batch 10140/10484, Loss: 4.7776
  Batch 10150/10484, Loss: 4.9241
  Batch 10160/10484, Loss: 3.8917
  Batch 10170/10484, Loss: 5.0117
  Batch 10180/10484, Loss: 4.0775
  Batch 10190/10484, Loss: 4.2750
  Batch 10200/10484, Loss: 4.6646
  Batch 10210/10484, Loss: 4.4553
  Batch 10220/10484, Loss: 4.2859
  Batch 10230/10484, Loss: 4.5688
  Batch 10240/10484, Loss: 4.4165
  Batch 10250/10484, Loss: 4.2950
  Batch 10260/10484, Loss: 4.1155
  Batch 10270/10484, Loss: 5.0044
  Batch 10280/10484, Loss: 3.9631
  Batch 10290/10484, Loss: 4.3749
  Batch 10300/10484, Loss: 4.4109
  Batch 10310/10484, Loss: 4.3804
  Batch 10320/10484, Loss: 4.7242
  Batch 10330/10484, Loss: 3.7594
  Batch 10340/10484, Loss: 4.2031
  Batch 10350/10484, Loss: 3.8835
  Batch 10360/10484, Loss: 4.6939
  Batch 10370/10484, Loss: 4.7998
  Batch 10380/10484, Loss: 4.3699
  Batch 10390/10484, Loss: 4.0640
  Batch 10400/10484, Loss: 3.7417
  Batch 10410/10484, Loss: 4.6521
  Batch 10420/10484, Loss: 4.2518
  Batch 10430/10484, Loss: 4.6052
  Batch 10440/10484, Loss: 4.4174
  Batch 10450/10484, Loss: 4.7479
  Batch 10460/10484, Loss: 4.1799
  Batch 10470/10484, Loss: 4.4049
  Batch 10480/10484, Loss: 4.6754

  Train Loss: 4.4756
  Val Loss: 6.7002
  Time: 33m 28s

Epoch 10/20
----------------------------------------
  Batch 10/10484, Loss: 3.6376
  Batch 20/10484, Loss: 4.3013
  Batch 30/10484, Loss: 4.3699
  Batch 40/10484, Loss: 4.1946
  Batch 50/10484, Loss: 4.9654
  Batch 60/10484, Loss: 4.6659
  Batch 70/10484, Loss: 4.5353
  Batch 80/10484, Loss: 4.7792
  Batch 90/10484, Loss: 4.1846
  Batch 100/10484, Loss: 4.0390
  Batch 110/10484, Loss: 4.3783
  Batch 120/10484, Loss: 4.5576
  Batch 130/10484, Loss: 4.0338
  Batch 140/10484, Loss: 4.6188
  Batch 150/10484, Loss: 4.9119
  Batch 160/10484, Loss: 4.6069
  Batch 170/10484, Loss: 4.9346
  Batch 180/10484, Loss: 3.1521
  Batch 190/10484, Loss: 4.3449
  Batch 200/10484, Loss: 4.3244
  Batch 210/10484, Loss: 4.6788
  Batch 220/10484, Loss: 4.4080
  Batch 230/10484, Loss: 3.8593
  Batch 240/10484, Loss: 3.8847
  Batch 250/10484, Loss: 4.0976
  Batch 260/10484, Loss: 4.1076
  Batch 270/10484, Loss: 4.6544
  Batch 280/10484, Loss: 4.0276
  Batch 290/10484, Loss: 5.1884
  Batch 300/10484, Loss: 4.3102
  Batch 310/10484, Loss: 3.9926
  Batch 320/10484, Loss: 3.7845
  Batch 330/10484, Loss: 3.8012
  Batch 340/10484, Loss: 4.7468
  Batch 350/10484, Loss: 4.1296
  Batch 360/10484, Loss: 4.5877
  Batch 370/10484, Loss: 4.7346
  Batch 380/10484, Loss: 4.0964
  Batch 390/10484, Loss: 4.3094
  Batch 400/10484, Loss: 4.7909
  Batch 410/10484, Loss: 4.6974
  Batch 420/10484, Loss: 4.5378
  Batch 430/10484, Loss: 4.7017
  Batch 440/10484, Loss: 4.2117
  Batch 450/10484, Loss: 4.3972
  Batch 460/10484, Loss: 4.4038
  Batch 470/10484, Loss: 4.7495
  Batch 480/10484, Loss: 4.6356
  Batch 490/10484, Loss: 4.5768
  Batch 500/10484, Loss: 4.4258
  Batch 510/10484, Loss: 4.1769
  Batch 520/10484, Loss: 4.4481
  Batch 530/10484, Loss: 4.2076
  Batch 540/10484, Loss: 4.8365
  Batch 550/10484, Loss: 4.0024
  Batch 560/10484, Loss: 4.3836
  Batch 570/10484, Loss: 3.5759
  Batch 580/10484, Loss: 4.8844
  Batch 590/10484, Loss: 4.1221
  Batch 600/10484, Loss: 4.8932
  Batch 610/10484, Loss: 4.1655
  Batch 620/10484, Loss: 5.0414
  Batch 630/10484, Loss: 4.4861
  Batch 640/10484, Loss: 4.8359
  Batch 650/10484, Loss: 4.4634
  Batch 660/10484, Loss: 4.5462
  Batch 670/10484, Loss: 4.4836
  Batch 680/10484, Loss: 4.3239
  Batch 690/10484, Loss: 3.8287
  Batch 700/10484, Loss: 4.1055
  Batch 710/10484, Loss: 4.3038
  Batch 720/10484, Loss: 3.8858
  Batch 730/10484, Loss: 4.1821
  Batch 740/10484, Loss: 4.5047
  Batch 750/10484, Loss: 4.6459
  Batch 760/10484, Loss: 4.2906
  Batch 770/10484, Loss: 4.6119
  Batch 780/10484, Loss: 4.6867
  Batch 790/10484, Loss: 4.0689
  Batch 800/10484, Loss: 4.5357
  Batch 810/10484, Loss: 4.5483
  Batch 820/10484, Loss: 4.7703
  Batch 830/10484, Loss: 4.8158
  Batch 840/10484, Loss: 3.9861
  Batch 850/10484, Loss: 5.0823
  Batch 860/10484, Loss: 4.4818
  Batch 870/10484, Loss: 4.4338
  Batch 880/10484, Loss: 4.8181
  Batch 890/10484, Loss: 4.9240
  Batch 900/10484, Loss: 4.2605
  Batch 910/10484, Loss: 4.2795
  Batch 920/10484, Loss: 4.7684
  Batch 930/10484, Loss: 4.1405
  Batch 940/10484, Loss: 3.9260
  Batch 950/10484, Loss: 4.4941
  Batch 960/10484, Loss: 3.8748
  Batch 970/10484, Loss: 4.5557
  Batch 980/10484, Loss: 4.0170
  Batch 990/10484, Loss: 4.6353
  Batch 1000/10484, Loss: 3.8773
  Batch 1010/10484, Loss: 4.8087
  Batch 1020/10484, Loss: 3.7507
  Batch 1030/10484, Loss: 4.4459
  Batch 1040/10484, Loss: 4.3167
  Batch 1050/10484, Loss: 4.4025
  Batch 1060/10484, Loss: 3.8932
  Batch 1070/10484, Loss: 3.7077
  Batch 1080/10484, Loss: 4.5913
  Batch 1090/10484, Loss: 4.5829
  Batch 1100/10484, Loss: 3.9282
  Batch 1110/10484, Loss: 4.4890
  Batch 1120/10484, Loss: 4.5404
  Batch 1130/10484, Loss: 4.7798
  Batch 1140/10484, Loss: 4.1142
  Batch 1150/10484, Loss: 4.1540
  Batch 1160/10484, Loss: 3.7403
  Batch 1170/10484, Loss: 3.9164
  Batch 1180/10484, Loss: 4.4189
  Batch 1190/10484, Loss: 3.9708
  Batch 1200/10484, Loss: 4.7883
  Batch 1210/10484, Loss: 4.3858
  Batch 1220/10484, Loss: 3.9477
  Batch 1230/10484, Loss: 4.2059
  Batch 1240/10484, Loss: 5.0152
  Batch 1250/10484, Loss: 4.0830
  Batch 1260/10484, Loss: 4.4202
  Batch 1270/10484, Loss: 4.4962
  Batch 1280/10484, Loss: 4.0814
  Batch 1290/10484, Loss: 4.0129
  Batch 1300/10484, Loss: 4.4747
  Batch 1310/10484, Loss: 4.2406
  Batch 1320/10484, Loss: 3.9481
  Batch 1330/10484, Loss: 4.0044
  Batch 1340/10484, Loss: 5.0276
  Batch 1350/10484, Loss: 4.4604
  Batch 1360/10484, Loss: 4.5484
  Batch 1370/10484, Loss: 4.1711
  Batch 1380/10484, Loss: 4.1240
  Batch 1390/10484, Loss: 4.5129
  Batch 1400/10484, Loss: 4.5177
  Batch 1410/10484, Loss: 4.6218
  Batch 1420/10484, Loss: 4.2757
  Batch 1430/10484, Loss: 4.5886
  Batch 1440/10484, Loss: 4.3245
  Batch 1450/10484, Loss: 4.0905
  Batch 1460/10484, Loss: 4.1140
  Batch 1470/10484, Loss: 4.2741
  Batch 1480/10484, Loss: 4.6421
  Batch 1490/10484, Loss: 4.4089
  Batch 1500/10484, Loss: 4.2706
  Batch 1510/10484, Loss: 4.7035
  Batch 1520/10484, Loss: 4.2613
  Batch 1530/10484, Loss: 3.8268
  Batch 1540/10484, Loss: 4.4968
  Batch 1550/10484, Loss: 4.5032
  Batch 1560/10484, Loss: 4.8775
  Batch 1570/10484, Loss: 4.6360
  Batch 1580/10484, Loss: 4.4507
  Batch 1590/10484, Loss: 4.0404
  Batch 1600/10484, Loss: 4.3832
  Batch 1610/10484, Loss: 4.1601
  Batch 1620/10484, Loss: 4.6883
  Batch 1630/10484, Loss: 4.4389
  Batch 1640/10484, Loss: 4.6853
  Batch 1650/10484, Loss: 4.7965
  Batch 1660/10484, Loss: 4.2816
  Batch 1670/10484, Loss: 3.8900
  Batch 1680/10484, Loss: 4.7881
  Batch 1690/10484, Loss: 4.4258
  Batch 1700/10484, Loss: 4.3524
  Batch 1710/10484, Loss: 4.6962
  Batch 1720/10484, Loss: 4.8826
  Batch 1730/10484, Loss: 4.6780
  Batch 1740/10484, Loss: 3.8260
  Batch 1750/10484, Loss: 4.7710
  Batch 1760/10484, Loss: 4.4054
  Batch 1770/10484, Loss: 4.3133
  Batch 1780/10484, Loss: 3.8568
  Batch 1790/10484, Loss: 4.5340
  Batch 1800/10484, Loss: 3.7823
  Batch 1810/10484, Loss: 4.9356
  Batch 1820/10484, Loss: 4.0042
  Batch 1830/10484, Loss: 3.9536
  Batch 1840/10484, Loss: 4.2309
  Batch 1850/10484, Loss: 4.0321
  Batch 1860/10484, Loss: 5.0984
  Batch 1870/10484, Loss: 4.6377
  Batch 1880/10484, Loss: 4.6584
  Batch 1890/10484, Loss: 4.5813
  Batch 1900/10484, Loss: 4.1086
  Batch 1910/10484, Loss: 4.5049
  Batch 1920/10484, Loss: 4.1167
  Batch 1930/10484, Loss: 4.8292
  Batch 1940/10484, Loss: 4.5138
  Batch 1950/10484, Loss: 4.3925
  Batch 1960/10484, Loss: 3.8612
  Batch 1970/10484, Loss: 4.8525
  Batch 1980/10484, Loss: 4.1936
  Batch 1990/10484, Loss: 5.1631
  Batch 2000/10484, Loss: 4.1034
  Batch 2010/10484, Loss: 4.3536
  Batch 2020/10484, Loss: 4.7159
  Batch 2030/10484, Loss: 4.3011
  Batch 2040/10484, Loss: 4.0303
  Batch 2050/10484, Loss: 4.7781
  Batch 2060/10484, Loss: 4.0676
  Batch 2070/10484, Loss: 3.9404
  Batch 2080/10484, Loss: 5.0048
  Batch 2090/10484, Loss: 4.3717
  Batch 2100/10484, Loss: 4.0850
  Batch 2110/10484, Loss: 4.6102
  Batch 2120/10484, Loss: 4.6526
  Batch 2130/10484, Loss: 4.2101
  Batch 2140/10484, Loss: 4.7013
  Batch 2150/10484, Loss: 4.5272
  Batch 2160/10484, Loss: 3.4876
  Batch 2170/10484, Loss: 4.1450
  Batch 2180/10484, Loss: 4.6887
  Batch 2190/10484, Loss: 4.1957
  Batch 2200/10484, Loss: 4.9049
  Batch 2210/10484, Loss: 4.8224
  Batch 2220/10484, Loss: 4.5706
  Batch 2230/10484, Loss: 4.6788
  Batch 2240/10484, Loss: 4.5897
  Batch 2250/10484, Loss: 4.6479
  Batch 2260/10484, Loss: 3.9275
  Batch 2270/10484, Loss: 4.1505
  Batch 2280/10484, Loss: 4.6910
  Batch 2290/10484, Loss: 4.9966
  Batch 2300/10484, Loss: 4.8528
  Batch 2310/10484, Loss: 4.3040
  Batch 2320/10484, Loss: 4.0785
  Batch 2330/10484, Loss: 5.0993
  Batch 2340/10484, Loss: 4.1041
  Batch 2350/10484, Loss: 4.7405
  Batch 2360/10484, Loss: 4.4105
  Batch 2370/10484, Loss: 3.6319
  Batch 2380/10484, Loss: 4.2705
  Batch 2390/10484, Loss: 4.2755
  Batch 2400/10484, Loss: 4.9765
  Batch 2410/10484, Loss: 4.3370
  Batch 2420/10484, Loss: 4.8858
  Batch 2430/10484, Loss: 4.4131
  Batch 2440/10484, Loss: 5.0705
  Batch 2450/10484, Loss: 4.9444
  Batch 2460/10484, Loss: 4.6585
  Batch 2470/10484, Loss: 4.5656
  Batch 2480/10484, Loss: 4.2885
  Batch 2490/10484, Loss: 4.1060
  Batch 2500/10484, Loss: 4.5117
  Batch 2510/10484, Loss: 4.2930
  Batch 2520/10484, Loss: 4.9829
  Batch 2530/10484, Loss: 4.6052
  Batch 2540/10484, Loss: 3.7957
  Batch 2550/10484, Loss: 4.6147
  Batch 2560/10484, Loss: 4.3215
  Batch 2570/10484, Loss: 4.1237
  Batch 2580/10484, Loss: 4.5342
  Batch 2590/10484, Loss: 4.6500
  Batch 2600/10484, Loss: 4.3705
  Batch 2610/10484, Loss: 4.8383
  Batch 2620/10484, Loss: 4.2364
  Batch 2630/10484, Loss: 4.1497
  Batch 2640/10484, Loss: 4.5844
  Batch 2650/10484, Loss: 4.8515
  Batch 2660/10484, Loss: 5.1515
  Batch 2670/10484, Loss: 4.3409
  Batch 2680/10484, Loss: 4.1228
  Batch 2690/10484, Loss: 4.6270
  Batch 2700/10484, Loss: 4.7744
  Batch 2710/10484, Loss: 4.4502
  Batch 2720/10484, Loss: 5.0971
  Batch 2730/10484, Loss: 4.6213
  Batch 2740/10484, Loss: 4.2160
  Batch 2750/10484, Loss: 4.3099
  Batch 2760/10484, Loss: 4.0055
  Batch 2770/10484, Loss: 4.4572
  Batch 2780/10484, Loss: 4.7675
  Batch 2790/10484, Loss: 4.0058
  Batch 2800/10484, Loss: 5.1175
  Batch 2810/10484, Loss: 4.4060
  Batch 2820/10484, Loss: 4.3069
  Batch 2830/10484, Loss: 4.1885
  Batch 2840/10484, Loss: 4.2929
  Batch 2850/10484, Loss: 4.0902
  Batch 2860/10484, Loss: 4.5762
  Batch 2870/10484, Loss: 4.4792
  Batch 2880/10484, Loss: 4.3644
  Batch 2890/10484, Loss: 4.3454
  Batch 2900/10484, Loss: 4.4427
  Batch 2910/10484, Loss: 5.0313
  Batch 2920/10484, Loss: 4.7821
  Batch 2930/10484, Loss: 4.7910
  Batch 2940/10484, Loss: 4.2972
  Batch 2950/10484, Loss: 4.3324
  Batch 2960/10484, Loss: 4.3440
  Batch 2970/10484, Loss: 4.2567
  Batch 2980/10484, Loss: 4.5188
  Batch 2990/10484, Loss: 4.0951
  Batch 3000/10484, Loss: 4.4784
  Batch 3010/10484, Loss: 4.4072
  Batch 3020/10484, Loss: 3.9912
  Batch 3030/10484, Loss: 4.3818
  Batch 3040/10484, Loss: 4.4180
  Batch 3050/10484, Loss: 4.7255
  Batch 3060/10484, Loss: 4.2030
  Batch 3070/10484, Loss: 4.8440
  Batch 3080/10484, Loss: 4.4779
  Batch 3090/10484, Loss: 5.2022
  Batch 3100/10484, Loss: 4.8844
  Batch 3110/10484, Loss: 3.7525
  Batch 3120/10484, Loss: 4.2929
  Batch 3130/10484, Loss: 4.6261
  Batch 3140/10484, Loss: 4.5293
  Batch 3150/10484, Loss: 4.5614
  Batch 3160/10484, Loss: 4.6573
  Batch 3170/10484, Loss: 4.2120
  Batch 3180/10484, Loss: 4.2702
  Batch 3190/10484, Loss: 4.6784
  Batch 3200/10484, Loss: 4.2851
  Batch 3210/10484, Loss: 4.1572
  Batch 3220/10484, Loss: 4.4363
  Batch 3230/10484, Loss: 4.3919
  Batch 3240/10484, Loss: 4.4340
  Batch 3250/10484, Loss: 4.1344
  Batch 3260/10484, Loss: 4.2749
  Batch 3270/10484, Loss: 4.9090
  Batch 3280/10484, Loss: 4.7805
  Batch 3290/10484, Loss: 3.9096
  Batch 3300/10484, Loss: 4.2159
  Batch 3310/10484, Loss: 4.7176
  Batch 3320/10484, Loss: 4.4452
  Batch 3330/10484, Loss: 4.1428
  Batch 3340/10484, Loss: 4.5915
  Batch 3350/10484, Loss: 4.0378
  Batch 3360/10484, Loss: 4.3670
  Batch 3370/10484, Loss: 4.3677
  Batch 3380/10484, Loss: 4.3521
  Batch 3390/10484, Loss: 4.3189
  Batch 3400/10484, Loss: 4.4167
  Batch 3410/10484, Loss: 3.7953
  Batch 3420/10484, Loss: 4.5979
  Batch 3430/10484, Loss: 4.0657
  Batch 3440/10484, Loss: 4.0139
  Batch 3450/10484, Loss: 4.4556
  Batch 3460/10484, Loss: 4.0209
  Batch 3470/10484, Loss: 4.4021
  Batch 3480/10484, Loss: 4.0563
  Batch 3490/10484, Loss: 4.5656
  Batch 3500/10484, Loss: 4.6831
  Batch 3510/10484, Loss: 4.7919
  Batch 3520/10484, Loss: 3.9159
  Batch 3530/10484, Loss: 4.5107
  Batch 3540/10484, Loss: 4.0992
  Batch 3550/10484, Loss: 4.3258
  Batch 3560/10484, Loss: 4.9354
  Batch 3570/10484, Loss: 4.4778
  Batch 3580/10484, Loss: 4.0099
  Batch 3590/10484, Loss: 4.6353
  Batch 3600/10484, Loss: 4.2429
  Batch 3610/10484, Loss: 4.0576
  Batch 3620/10484, Loss: 4.4562
  Batch 3630/10484, Loss: 3.8772
  Batch 3640/10484, Loss: 4.5196
  Batch 3650/10484, Loss: 5.0941
  Batch 3660/10484, Loss: 4.4312
  Batch 3670/10484, Loss: 4.7442
  Batch 3680/10484, Loss: 4.2898
  Batch 3690/10484, Loss: 4.6932
  Batch 3700/10484, Loss: 4.3177
  Batch 3710/10484, Loss: 4.2905
  Batch 3720/10484, Loss: 4.6670
  Batch 3730/10484, Loss: 4.7581
  Batch 3740/10484, Loss: 4.7438
  Batch 3750/10484, Loss: 4.6609
  Batch 3760/10484, Loss: 4.2998
  Batch 3770/10484, Loss: 4.7237
  Batch 3780/10484, Loss: 4.9041
  Batch 3790/10484, Loss: 4.4298
  Batch 3800/10484, Loss: 4.1560
  Batch 3810/10484, Loss: 4.4238
  Batch 3820/10484, Loss: 4.6791
  Batch 3830/10484, Loss: 4.5756
  Batch 3840/10484, Loss: 3.7370
  Batch 3850/10484, Loss: 4.5011
  Batch 3860/10484, Loss: 4.5286
  Batch 3870/10484, Loss: 4.5729
  Batch 3880/10484, Loss: 4.5266
  Batch 3890/10484, Loss: 4.2054
  Batch 3900/10484, Loss: 4.3817
  Batch 3910/10484, Loss: 4.3504
  Batch 3920/10484, Loss: 4.4731
  Batch 3930/10484, Loss: 4.5083
  Batch 3940/10484, Loss: 4.4821
  Batch 3950/10484, Loss: 4.5607
  Batch 3960/10484, Loss: 4.9531
  Batch 3970/10484, Loss: 4.5945
  Batch 3980/10484, Loss: 4.7069
  Batch 3990/10484, Loss: 4.2002
  Batch 4000/10484, Loss: 4.1248
  Batch 4010/10484, Loss: 4.8062
  Batch 4020/10484, Loss: 5.0291
  Batch 4030/10484, Loss: 4.6886
  Batch 4040/10484, Loss: 4.7026
  Batch 4050/10484, Loss: 4.3456
  Batch 4060/10484, Loss: 3.8624
  Batch 4070/10484, Loss: 4.7872
  Batch 4080/10484, Loss: 4.4390
  Batch 4090/10484, Loss: 3.8085
  Batch 4100/10484, Loss: 4.0865
  Batch 4110/10484, Loss: 4.2219
  Batch 4120/10484, Loss: 4.1995
  Batch 4130/10484, Loss: 4.1890
  Batch 4140/10484, Loss: 4.6563
  Batch 4150/10484, Loss: 4.7161
  Batch 4160/10484, Loss: 4.0590
  Batch 4170/10484, Loss: 4.7152
  Batch 4180/10484, Loss: 4.7495
  Batch 4190/10484, Loss: 4.3681
  Batch 4200/10484, Loss: 4.2113
  Batch 4210/10484, Loss: 4.5335
  Batch 4220/10484, Loss: 3.8598
  Batch 4230/10484, Loss: 4.4785
  Batch 4240/10484, Loss: 4.6814
  Batch 4250/10484, Loss: 3.6784
  Batch 4260/10484, Loss: 4.5669
  Batch 4270/10484, Loss: 4.2693
  Batch 4280/10484, Loss: 4.1574
  Batch 4290/10484, Loss: 3.8531
  Batch 4300/10484, Loss: 3.9127
  Batch 4310/10484, Loss: 4.6831
  Batch 4320/10484, Loss: 5.0586
  Batch 4330/10484, Loss: 4.6910
  Batch 4340/10484, Loss: 3.8468
  Batch 4350/10484, Loss: 4.3745
  Batch 4360/10484, Loss: 4.0300
  Batch 4370/10484, Loss: 4.3753
  Batch 4380/10484, Loss: 4.8526
  Batch 4390/10484, Loss: 4.7700
  Batch 4400/10484, Loss: 4.6252
  Batch 4410/10484, Loss: 5.0206
  Batch 4420/10484, Loss: 4.8864
  Batch 4430/10484, Loss: 4.1313
  Batch 4440/10484, Loss: 4.4257
  Batch 4450/10484, Loss: 4.7095
  Batch 4460/10484, Loss: 4.2110
  Batch 4470/10484, Loss: 3.9379
  Batch 4480/10484, Loss: 4.3908
  Batch 4490/10484, Loss: 4.0889
  Batch 4500/10484, Loss: 4.3827
  Batch 4510/10484, Loss: 5.1441
  Batch 4520/10484, Loss: 3.9751
  Batch 4530/10484, Loss: 4.6168
  Batch 4540/10484, Loss: 3.9847
  Batch 4550/10484, Loss: 4.1319
  Batch 4560/10484, Loss: 5.1274
  Batch 4570/10484, Loss: 4.2392
  Batch 4580/10484, Loss: 4.2407
  Batch 4590/10484, Loss: 4.6415
  Batch 4600/10484, Loss: 4.6477
  Batch 4610/10484, Loss: 4.8361
  Batch 4620/10484, Loss: 4.5119
  Batch 4630/10484, Loss: 4.8535
  Batch 4640/10484, Loss: 4.2202
  Batch 4650/10484, Loss: 4.8265
  Batch 4660/10484, Loss: 4.2644
  Batch 4670/10484, Loss: 4.8242
  Batch 4680/10484, Loss: 4.0159
  Batch 4690/10484, Loss: 4.5351
  Batch 4700/10484, Loss: 4.4236
  Batch 4710/10484, Loss: 4.0011
  Batch 4720/10484, Loss: 4.8705
  Batch 4730/10484, Loss: 3.8855
  Batch 4740/10484, Loss: 5.4972
  Batch 4750/10484, Loss: 4.7276
  Batch 4760/10484, Loss: 4.3352
  Batch 4770/10484, Loss: 4.4729
  Batch 4780/10484, Loss: 4.9435
  Batch 4790/10484, Loss: 4.4278
  Batch 4800/10484, Loss: 4.2888
  Batch 4810/10484, Loss: 4.2920
  Batch 4820/10484, Loss: 4.3050
  Batch 4830/10484, Loss: 4.0940
  Batch 4840/10484, Loss: 4.5219
  Batch 4850/10484, Loss: 4.5066
  Batch 4860/10484, Loss: 4.4339
  Batch 4870/10484, Loss: 4.3219
  Batch 4880/10484, Loss: 4.7030
  Batch 4890/10484, Loss: 4.7053
  Batch 4900/10484, Loss: 4.1512
  Batch 4910/10484, Loss: 4.3415
  Batch 4920/10484, Loss: 4.2326
  Batch 4930/10484, Loss: 5.1749
  Batch 4940/10484, Loss: 4.6943
  Batch 4950/10484, Loss: 4.6592
  Batch 4960/10484, Loss: 4.9709
  Batch 4970/10484, Loss: 4.6208
  Batch 4980/10484, Loss: 4.0651
  Batch 4990/10484, Loss: 4.2641
  Batch 5000/10484, Loss: 4.0203
  Batch 5010/10484, Loss: 4.5216
  Batch 5020/10484, Loss: 4.5417
  Batch 5030/10484, Loss: 4.5275
  Batch 5040/10484, Loss: 4.6113
  Batch 5050/10484, Loss: 4.3219
  Batch 5060/10484, Loss: 4.6138
  Batch 5070/10484, Loss: 4.4471
  Batch 5080/10484, Loss: 4.4597
  Batch 5090/10484, Loss: 4.1567
  Batch 5100/10484, Loss: 5.1135
  Batch 5110/10484, Loss: 4.8971
  Batch 5120/10484, Loss: 4.6442
  Batch 5130/10484, Loss: 3.9522
  Batch 5140/10484, Loss: 4.8100
  Batch 5150/10484, Loss: 4.6682
  Batch 5160/10484, Loss: 4.1253
  Batch 5170/10484, Loss: 4.5024
  Batch 5180/10484, Loss: 3.9948
  Batch 5190/10484, Loss: 3.7925
  Batch 5200/10484, Loss: 3.8623
  Batch 5210/10484, Loss: 4.0756
  Batch 5220/10484, Loss: 4.0411
  Batch 5230/10484, Loss: 4.2761
  Batch 5240/10484, Loss: 4.2131
  Batch 5250/10484, Loss: 4.2454
  Batch 5260/10484, Loss: 4.6461
  Batch 5270/10484, Loss: 4.3030
  Batch 5280/10484, Loss: 4.2963
  Batch 5290/10484, Loss: 4.6578
  Batch 5300/10484, Loss: 4.5395
  Batch 5310/10484, Loss: 4.5035
  Batch 5320/10484, Loss: 4.4567
  Batch 5330/10484, Loss: 3.9916
  Batch 5340/10484, Loss: 4.7226
  Batch 5350/10484, Loss: 3.6742
  Batch 5360/10484, Loss: 3.4371
  Batch 5370/10484, Loss: 4.3586
  Batch 5380/10484, Loss: 4.6839
  Batch 5390/10484, Loss: 4.4895
  Batch 5400/10484, Loss: 4.6208
  Batch 5410/10484, Loss: 5.0653
  Batch 5420/10484, Loss: 4.1728
  Batch 5430/10484, Loss: 4.4866
  Batch 5440/10484, Loss: 4.5513
  Batch 5450/10484, Loss: 4.5006
  Batch 5460/10484, Loss: 4.5400
  Batch 5470/10484, Loss: 5.0922
  Batch 5480/10484, Loss: 4.7526
  Batch 5490/10484, Loss: 5.0064
  Batch 5500/10484, Loss: 4.4674
  Batch 5510/10484, Loss: 4.1793
  Batch 5520/10484, Loss: 4.4161
  Batch 5530/10484, Loss: 4.6800
  Batch 5540/10484, Loss: 4.5010
  Batch 5550/10484, Loss: 4.6419
  Batch 5560/10484, Loss: 4.1900
  Batch 5570/10484, Loss: 4.7329
  Batch 5580/10484, Loss: 4.6210
  Batch 5590/10484, Loss: 4.3617
  Batch 5600/10484, Loss: 4.1459
  Batch 5610/10484, Loss: 4.0347
  Batch 5620/10484, Loss: 4.2713
  Batch 5630/10484, Loss: 4.5940
  Batch 5640/10484, Loss: 4.6869
  Batch 5650/10484, Loss: 3.8775
  Batch 5660/10484, Loss: 4.1657
  Batch 5670/10484, Loss: 4.4956
  Batch 5680/10484, Loss: 4.8996
  Batch 5690/10484, Loss: 4.0954
  Batch 5700/10484, Loss: 4.6066
  Batch 5710/10484, Loss: 4.1966
  Batch 5720/10484, Loss: 3.9328
  Batch 5730/10484, Loss: 4.8665
  Batch 5740/10484, Loss: 4.3591
  Batch 5750/10484, Loss: 4.8548
  Batch 5760/10484, Loss: 4.7470
  Batch 5770/10484, Loss: 4.8354
  Batch 5780/10484, Loss: 4.3945
  Batch 5790/10484, Loss: 4.4405
  Batch 5800/10484, Loss: 4.5220
  Batch 5810/10484, Loss: 4.0741
  Batch 5820/10484, Loss: 4.6280
  Batch 5830/10484, Loss: 4.4131
  Batch 5840/10484, Loss: 4.3899
  Batch 5850/10484, Loss: 4.6937
  Batch 5860/10484, Loss: 4.3861
  Batch 5870/10484, Loss: 4.4971
  Batch 5880/10484, Loss: 4.1619
  Batch 5890/10484, Loss: 5.1632
  Batch 5900/10484, Loss: 4.0418
  Batch 5910/10484, Loss: 4.5040
  Batch 5920/10484, Loss: 3.6565
  Batch 5930/10484, Loss: 4.1756
  Batch 5940/10484, Loss: 4.5323
  Batch 5950/10484, Loss: 4.5349
  Batch 5960/10484, Loss: 4.1992
  Batch 5970/10484, Loss: 4.1169
  Batch 5980/10484, Loss: 4.7618
  Batch 5990/10484, Loss: 4.6841
  Batch 6000/10484, Loss: 3.8243
  Batch 6010/10484, Loss: 4.7200
  Batch 6020/10484, Loss: 4.2239
  Batch 6030/10484, Loss: 4.3499
  Batch 6040/10484, Loss: 4.7836
  Batch 6050/10484, Loss: 4.2564
  Batch 6060/10484, Loss: 4.1706
  Batch 6070/10484, Loss: 4.8161
  Batch 6080/10484, Loss: 4.7586
  Batch 6090/10484, Loss: 4.7994
  Batch 6100/10484, Loss: 4.9740
  Batch 6110/10484, Loss: 4.8636
  Batch 6120/10484, Loss: 4.4685
  Batch 6130/10484, Loss: 4.5774
  Batch 6140/10484, Loss: 4.5136
  Batch 6150/10484, Loss: 4.5411
  Batch 6160/10484, Loss: 4.6192
  Batch 6170/10484, Loss: 4.7358
  Batch 6180/10484, Loss: 3.8210
  Batch 6190/10484, Loss: 4.5707
  Batch 6200/10484, Loss: 4.4654
  Batch 6210/10484, Loss: 3.9301
  Batch 6220/10484, Loss: 4.6523
  Batch 6230/10484, Loss: 3.6396
  Batch 6240/10484, Loss: 4.2075
  Batch 6250/10484, Loss: 4.3394
  Batch 6260/10484, Loss: 4.5091
  Batch 6270/10484, Loss: 4.1091
  Batch 6280/10484, Loss: 5.1397
  Batch 6290/10484, Loss: 4.4050
  Batch 6300/10484, Loss: 4.3882
  Batch 6310/10484, Loss: 4.2827
  Batch 6320/10484, Loss: 4.6820
  Batch 6330/10484, Loss: 3.9658
  Batch 6340/10484, Loss: 4.2606
  Batch 6350/10484, Loss: 4.5299
  Batch 6360/10484, Loss: 4.3588
  Batch 6370/10484, Loss: 4.4723
  Batch 6380/10484, Loss: 4.4889
  Batch 6390/10484, Loss: 4.9891
  Batch 6400/10484, Loss: 4.0347
  Batch 6410/10484, Loss: 4.8505
  Batch 6420/10484, Loss: 4.1909
  Batch 6430/10484, Loss: 4.5416
  Batch 6440/10484, Loss: 4.5444
  Batch 6450/10484, Loss: 4.6561
  Batch 6460/10484, Loss: 4.7130
  Batch 6470/10484, Loss: 4.2346
  Batch 6480/10484, Loss: 4.3788
  Batch 6490/10484, Loss: 4.7429
  Batch 6500/10484, Loss: 4.9303
  Batch 6510/10484, Loss: 4.1725
  Batch 6520/10484, Loss: 3.9503
  Batch 6530/10484, Loss: 4.2887
  Batch 6540/10484, Loss: 5.3273
  Batch 6550/10484, Loss: 4.1960
  Batch 6560/10484, Loss: 4.3950
  Batch 6570/10484, Loss: 4.7771
  Batch 6580/10484, Loss: 3.7794
  Batch 6590/10484, Loss: 4.4647
  Batch 6600/10484, Loss: 4.4867
  Batch 6610/10484, Loss: 4.4607
  Batch 6620/10484, Loss: 4.8034
  Batch 6630/10484, Loss: 4.2383
  Batch 6640/10484, Loss: 4.4233
  Batch 6650/10484, Loss: 4.3600
  Batch 6660/10484, Loss: 4.1394
  Batch 6670/10484, Loss: 3.9545
  Batch 6680/10484, Loss: 4.3131
  Batch 6690/10484, Loss: 4.1662
  Batch 6700/10484, Loss: 4.5685
  Batch 6710/10484, Loss: 5.0860
  Batch 6720/10484, Loss: 4.9685
  Batch 6730/10484, Loss: 3.9173
  Batch 6740/10484, Loss: 4.5028
  Batch 6750/10484, Loss: 3.8860
  Batch 6760/10484, Loss: 4.3697
  Batch 6770/10484, Loss: 4.4214
  Batch 6780/10484, Loss: 4.6825
  Batch 6790/10484, Loss: 4.3201
  Batch 6800/10484, Loss: 4.2446
  Batch 6810/10484, Loss: 4.4991
  Batch 6820/10484, Loss: 4.3237
  Batch 6830/10484, Loss: 4.2082
  Batch 6840/10484, Loss: 4.4709
  Batch 6850/10484, Loss: 4.8056
  Batch 6860/10484, Loss: 4.0789
  Batch 6870/10484, Loss: 4.6793
  Batch 6880/10484, Loss: 4.3447
  Batch 6890/10484, Loss: 4.3527
  Batch 6900/10484, Loss: 4.1310
  Batch 6910/10484, Loss: 4.3638
  Batch 6920/10484, Loss: 4.2465
  Batch 6930/10484, Loss: 4.0910
  Batch 6940/10484, Loss: 4.2142
  Batch 6950/10484, Loss: 5.1180
  Batch 6960/10484, Loss: 4.5908
  Batch 6970/10484, Loss: 4.7272
  Batch 6980/10484, Loss: 4.0574
  Batch 6990/10484, Loss: 5.2585
  Batch 7000/10484, Loss: 4.1655
  Batch 7010/10484, Loss: 4.2563
  Batch 7020/10484, Loss: 4.4608
  Batch 7030/10484, Loss: 4.2207
  Batch 7040/10484, Loss: 4.2979
  Batch 7050/10484, Loss: 4.6542
  Batch 7060/10484, Loss: 4.4919
  Batch 7070/10484, Loss: 4.0094
  Batch 7080/10484, Loss: 4.4288
  Batch 7090/10484, Loss: 4.5519
  Batch 7100/10484, Loss: 4.5997
  Batch 7110/10484, Loss: 4.8296
  Batch 7120/10484, Loss: 4.4780
  Batch 7130/10484, Loss: 4.7679
  Batch 7140/10484, Loss: 4.5188
  Batch 7150/10484, Loss: 4.1467
  Batch 7160/10484, Loss: 4.1958
  Batch 7170/10484, Loss: 4.2141
  Batch 7180/10484, Loss: 4.1627
  Batch 7190/10484, Loss: 3.8175
  Batch 7200/10484, Loss: 4.4679
  Batch 7210/10484, Loss: 3.9191
  Batch 7220/10484, Loss: 4.5129
  Batch 7230/10484, Loss: 4.5702
  Batch 7240/10484, Loss: 4.5585
  Batch 7250/10484, Loss: 4.4992
  Batch 7260/10484, Loss: 3.8275
  Batch 7270/10484, Loss: 4.4084
  Batch 7280/10484, Loss: 4.2871
  Batch 7290/10484, Loss: 4.6676
  Batch 7300/10484, Loss: 4.0199
  Batch 7310/10484, Loss: 4.7852
  Batch 7320/10484, Loss: 4.8231
  Batch 7330/10484, Loss: 3.8096
  Batch 7340/10484, Loss: 4.3991
  Batch 7350/10484, Loss: 4.3187
  Batch 7360/10484, Loss: 4.0758
  Batch 7370/10484, Loss: 4.0354
  Batch 7380/10484, Loss: 4.2543
  Batch 7390/10484, Loss: 4.6565
  Batch 7400/10484, Loss: 4.2704
  Batch 7410/10484, Loss: 4.5349
  Batch 7420/10484, Loss: 4.1269
  Batch 7430/10484, Loss: 4.4379
  Batch 7440/10484, Loss: 4.1767
  Batch 7450/10484, Loss: 4.2762
  Batch 7460/10484, Loss: 4.3706
  Batch 7470/10484, Loss: 4.2263
  Batch 7480/10484, Loss: 4.6373
  Batch 7490/10484, Loss: 4.8301
  Batch 7500/10484, Loss: 4.6220
  Batch 7510/10484, Loss: 4.5049
  Batch 7520/10484, Loss: 4.4904
  Batch 7530/10484, Loss: 4.9301
  Batch 7540/10484, Loss: 4.4094
  Batch 7550/10484, Loss: 4.1573
  Batch 7560/10484, Loss: 4.3588
  Batch 7570/10484, Loss: 4.9003
  Batch 7580/10484, Loss: 4.4257
  Batch 7590/10484, Loss: 4.1765
  Batch 7600/10484, Loss: 4.1041
  Batch 7610/10484, Loss: 3.9691
  Batch 7620/10484, Loss: 3.9599
  Batch 7630/10484, Loss: 4.1861
  Batch 7640/10484, Loss: 4.4466
  Batch 7650/10484, Loss: 4.2545
  Batch 7660/10484, Loss: 4.3151
  Batch 7670/10484, Loss: 4.2265
  Batch 7680/10484, Loss: 4.1189
  Batch 7690/10484, Loss: 4.8545
  Batch 7700/10484, Loss: 5.0573
  Batch 7710/10484, Loss: 4.6536
  Batch 7720/10484, Loss: 4.6023
  Batch 7730/10484, Loss: 4.3171
  Batch 7740/10484, Loss: 4.7233
  Batch 7750/10484, Loss: 4.1895
  Batch 7760/10484, Loss: 5.5617
  Batch 7770/10484, Loss: 4.4662
  Batch 7780/10484, Loss: 4.7462
  Batch 7790/10484, Loss: 4.8395
  Batch 7800/10484, Loss: 4.1619
  Batch 7810/10484, Loss: 4.8748
  Batch 7820/10484, Loss: 3.8615
  Batch 7830/10484, Loss: 4.7405
  Batch 7840/10484, Loss: 4.4456
  Batch 7850/10484, Loss: 4.5911
  Batch 7860/10484, Loss: 4.8935
  Batch 7870/10484, Loss: 3.8790
  Batch 7880/10484, Loss: 4.2396
  Batch 7890/10484, Loss: 4.3328
  Batch 7900/10484, Loss: 4.6731
  Batch 7910/10484, Loss: 4.8865
  Batch 7920/10484, Loss: 4.7415
  Batch 7930/10484, Loss: 4.3854
  Batch 7940/10484, Loss: 4.1841
  Batch 7950/10484, Loss: 5.3934
  Batch 7960/10484, Loss: 4.2947
  Batch 7970/10484, Loss: 4.5050
  Batch 7980/10484, Loss: 4.4590
  Batch 7990/10484, Loss: 4.3089
  Batch 8000/10484, Loss: 4.1679
  Batch 8010/10484, Loss: 4.6321
  Batch 8020/10484, Loss: 4.9705
  Batch 8030/10484, Loss: 4.5850
  Batch 8040/10484, Loss: 4.7101
  Batch 8050/10484, Loss: 4.9829
  Batch 8060/10484, Loss: 4.8782
  Batch 8070/10484, Loss: 4.6101
  Batch 8080/10484, Loss: 4.3141
  Batch 8090/10484, Loss: 4.3364
  Batch 8100/10484, Loss: 4.8149
  Batch 8110/10484, Loss: 4.9796
  Batch 8120/10484, Loss: 4.8194
  Batch 8130/10484, Loss: 4.7658
  Batch 8140/10484, Loss: 4.3688
  Batch 8150/10484, Loss: 4.8310
  Batch 8160/10484, Loss: 4.6593
  Batch 8170/10484, Loss: 4.4712
  Batch 8180/10484, Loss: 4.3061
  Batch 8190/10484, Loss: 4.1767
  Batch 8200/10484, Loss: 4.5610
  Batch 8210/10484, Loss: 4.7702
  Batch 8220/10484, Loss: 4.5446
  Batch 8230/10484, Loss: 4.6639
  Batch 8240/10484, Loss: 3.9874
  Batch 8250/10484, Loss: 4.3876
  Batch 8260/10484, Loss: 4.1928
  Batch 8270/10484, Loss: 4.3116
  Batch 8280/10484, Loss: 5.1034
  Batch 8290/10484, Loss: 4.5833
  Batch 8300/10484, Loss: 5.0540
  Batch 8310/10484, Loss: 4.8848
  Batch 8320/10484, Loss: 4.8209
  Batch 8330/10484, Loss: 4.5024
  Batch 8340/10484, Loss: 4.7374
  Batch 8350/10484, Loss: 4.6749
  Batch 8360/10484, Loss: 3.9316
  Batch 8370/10484, Loss: 5.0903
  Batch 8380/10484, Loss: 4.4535
  Batch 8390/10484, Loss: 3.9498
  Batch 8400/10484, Loss: 4.8964
  Batch 8410/10484, Loss: 4.1778
  Batch 8420/10484, Loss: 4.3935
  Batch 8430/10484, Loss: 4.3085
  Batch 8440/10484, Loss: 4.5487
  Batch 8450/10484, Loss: 4.4613
  Batch 8460/10484, Loss: 4.2330
  Batch 8470/10484, Loss: 4.8192
  Batch 8480/10484, Loss: 4.5902
  Batch 8490/10484, Loss: 3.8399
  Batch 8500/10484, Loss: 4.6377
  Batch 8510/10484, Loss: 4.2567
  Batch 8520/10484, Loss: 4.2735
  Batch 8530/10484, Loss: 4.9206
  Batch 8540/10484, Loss: 4.9106
  Batch 8550/10484, Loss: 4.4006
  Batch 8560/10484, Loss: 4.1319
  Batch 8570/10484, Loss: 4.5637
  Batch 8580/10484, Loss: 4.8540
  Batch 8590/10484, Loss: 4.0311
  Batch 8600/10484, Loss: 4.6983
  Batch 8610/10484, Loss: 4.5894
  Batch 8620/10484, Loss: 4.7154
  Batch 8630/10484, Loss: 4.6526
  Batch 8640/10484, Loss: 4.3243
  Batch 8650/10484, Loss: 5.2278
  Batch 8660/10484, Loss: 4.5970
  Batch 8670/10484, Loss: 5.1862
  Batch 8680/10484, Loss: 4.0504
  Batch 8690/10484, Loss: 4.0476
  Batch 8700/10484, Loss: 5.2416
  Batch 8710/10484, Loss: 3.7837
  Batch 8720/10484, Loss: 3.9643
  Batch 8730/10484, Loss: 4.5442
  Batch 8740/10484, Loss: 4.6273
  Batch 8750/10484, Loss: 4.0782
  Batch 8760/10484, Loss: 4.5840
  Batch 8770/10484, Loss: 5.1374
  Batch 8780/10484, Loss: 4.3438
  Batch 8790/10484, Loss: 4.5143
  Batch 8800/10484, Loss: 4.9053
  Batch 8810/10484, Loss: 3.7692
  Batch 8820/10484, Loss: 3.5671
  Batch 8830/10484, Loss: 4.8617
  Batch 8840/10484, Loss: 4.6660
  Batch 8850/10484, Loss: 4.5416
  Batch 8860/10484, Loss: 4.5461
  Batch 8870/10484, Loss: 4.6542
  Batch 8880/10484, Loss: 4.2318
  Batch 8890/10484, Loss: 4.4792
  Batch 8900/10484, Loss: 4.4513
  Batch 8910/10484, Loss: 4.6719
  Batch 8920/10484, Loss: 4.1804
  Batch 8930/10484, Loss: 4.7831
  Batch 8940/10484, Loss: 5.0282
  Batch 8950/10484, Loss: 3.6925
  Batch 8960/10484, Loss: 3.6878
  Batch 8970/10484, Loss: 4.0298
  Batch 8980/10484, Loss: 4.4157
  Batch 8990/10484, Loss: 4.6439
  Batch 9000/10484, Loss: 4.2343
  Batch 9010/10484, Loss: 4.4664
  Batch 9020/10484, Loss: 4.4463
  Batch 9030/10484, Loss: 4.6563
  Batch 9040/10484, Loss: 4.7460
  Batch 9050/10484, Loss: 4.4570
  Batch 9060/10484, Loss: 4.5093
  Batch 9070/10484, Loss: 4.0413
  Batch 9080/10484, Loss: 4.9634
  Batch 9090/10484, Loss: 4.1015
  Batch 9100/10484, Loss: 4.4511
  Batch 9110/10484, Loss: 4.4272
  Batch 9120/10484, Loss: 4.6073
  Batch 9130/10484, Loss: 4.3554
  Batch 9140/10484, Loss: 5.0298
  Batch 9150/10484, Loss: 4.1627
  Batch 9160/10484, Loss: 4.4682
  Batch 9170/10484, Loss: 4.3006
  Batch 9180/10484, Loss: 4.5077
  Batch 9190/10484, Loss: 4.2685
  Batch 9200/10484, Loss: 4.4720
  Batch 9210/10484, Loss: 4.4131
  Batch 9220/10484, Loss: 3.0714
  Batch 9230/10484, Loss: 3.9187
  Batch 9240/10484, Loss: 4.6783
  Batch 9250/10484, Loss: 4.3012
  Batch 9260/10484, Loss: 4.4548
  Batch 9270/10484, Loss: 4.0757
  Batch 9280/10484, Loss: 4.4618
  Batch 9290/10484, Loss: 4.7882
  Batch 9300/10484, Loss: 4.7684
  Batch 9310/10484, Loss: 4.7782
  Batch 9320/10484, Loss: 4.0324
  Batch 9330/10484, Loss: 4.5533
  Batch 9340/10484, Loss: 4.5348
  Batch 9350/10484, Loss: 4.5320
  Batch 9360/10484, Loss: 5.2306
  Batch 9370/10484, Loss: 4.3784
  Batch 9380/10484, Loss: 4.4671
  Batch 9390/10484, Loss: 4.8714
  Batch 9400/10484, Loss: 3.7066
  Batch 9410/10484, Loss: 4.2579
  Batch 9420/10484, Loss: 4.5769
  Batch 9430/10484, Loss: 5.2270
  Batch 9440/10484, Loss: 4.5755
  Batch 9450/10484, Loss: 4.1467
  Batch 9460/10484, Loss: 4.7810
  Batch 9470/10484, Loss: 4.4797
  Batch 9480/10484, Loss: 4.9579
  Batch 9490/10484, Loss: 5.2084
  Batch 9500/10484, Loss: 4.8014
  Batch 9510/10484, Loss: 4.5527
  Batch 9520/10484, Loss: 4.6545
  Batch 9530/10484, Loss: 5.0215
  Batch 9540/10484, Loss: 3.9909
  Batch 9550/10484, Loss: 4.1164
  Batch 9560/10484, Loss: 4.4170
  Batch 9570/10484, Loss: 4.4971
  Batch 9580/10484, Loss: 4.8837
  Batch 9590/10484, Loss: 4.9251
  Batch 9600/10484, Loss: 4.4148
  Batch 9610/10484, Loss: 4.6337
  Batch 9620/10484, Loss: 2.9996
  Batch 9630/10484, Loss: 3.7652
  Batch 9640/10484, Loss: 4.3676
  Batch 9650/10484, Loss: 4.1619
  Batch 9660/10484, Loss: 4.6178
  Batch 9670/10484, Loss: 4.0732
  Batch 9680/10484, Loss: 3.9973
  Batch 9690/10484, Loss: 4.5005
  Batch 9700/10484, Loss: 4.6018
  Batch 9710/10484, Loss: 4.7400
  Batch 9720/10484, Loss: 4.0518
  Batch 9730/10484, Loss: 4.9562
  Batch 9740/10484, Loss: 4.5412
  Batch 9750/10484, Loss: 4.2002
  Batch 9760/10484, Loss: 4.5956
  Batch 9770/10484, Loss: 3.9903
  Batch 9780/10484, Loss: 5.0637
  Batch 9790/10484, Loss: 3.9079
  Batch 9800/10484, Loss: 4.8265
  Batch 9810/10484, Loss: 4.4092
  Batch 9820/10484, Loss: 4.7370
  Batch 9830/10484, Loss: 3.8735
  Batch 9840/10484, Loss: 3.6221
  Batch 9850/10484, Loss: 4.5552
  Batch 9860/10484, Loss: 4.3732
  Batch 9870/10484, Loss: 3.8574
  Batch 9880/10484, Loss: 4.3697
  Batch 9890/10484, Loss: 4.8046
  Batch 9900/10484, Loss: 5.0939
  Batch 9910/10484, Loss: 4.3959
  Batch 9920/10484, Loss: 4.2319
  Batch 9930/10484, Loss: 5.1642
  Batch 9940/10484, Loss: 3.9354
  Batch 9950/10484, Loss: 4.0727
  Batch 9960/10484, Loss: 4.8319
  Batch 9970/10484, Loss: 5.2923
  Batch 9980/10484, Loss: 4.6062
  Batch 9990/10484, Loss: 3.9734
  Batch 10000/10484, Loss: 4.5722
  Batch 10010/10484, Loss: 4.4570
  Batch 10020/10484, Loss: 4.2648
  Batch 10030/10484, Loss: 4.1667
  Batch 10040/10484, Loss: 4.8144
  Batch 10050/10484, Loss: 4.1875
  Batch 10060/10484, Loss: 3.8632
  Batch 10070/10484, Loss: 4.6241
  Batch 10080/10484, Loss: 4.5349
  Batch 10090/10484, Loss: 4.4371
  Batch 10100/10484, Loss: 4.5949
  Batch 10110/10484, Loss: 4.1181
  Batch 10120/10484, Loss: 4.5429
  Batch 10130/10484, Loss: 4.4252
  Batch 10140/10484, Loss: 3.7990
  Batch 10150/10484, Loss: 4.1902
  Batch 10160/10484, Loss: 4.9899
  Batch 10170/10484, Loss: 4.3394
  Batch 10180/10484, Loss: 4.5487
  Batch 10190/10484, Loss: 3.9007
  Batch 10200/10484, Loss: 4.5820
  Batch 10210/10484, Loss: 4.0399
  Batch 10220/10484, Loss: 4.6352
  Batch 10230/10484, Loss: 4.4840
  Batch 10240/10484, Loss: 3.6823
  Batch 10250/10484, Loss: 4.5222
  Batch 10260/10484, Loss: 4.5362
  Batch 10270/10484, Loss: 4.8028
  Batch 10280/10484, Loss: 4.0753
  Batch 10290/10484, Loss: 4.0582
  Batch 10300/10484, Loss: 4.0802
  Batch 10310/10484, Loss: 4.7216
  Batch 10320/10484, Loss: 3.9075
  Batch 10330/10484, Loss: 4.3901
  Batch 10340/10484, Loss: 4.5100
  Batch 10350/10484, Loss: 4.3347
  Batch 10360/10484, Loss: 4.6348
  Batch 10370/10484, Loss: 4.5094
  Batch 10380/10484, Loss: 4.0953
  Batch 10390/10484, Loss: 4.4976
  Batch 10400/10484, Loss: 4.3478
  Batch 10410/10484, Loss: 4.2281
  Batch 10420/10484, Loss: 4.8712
  Batch 10430/10484, Loss: 4.4384
  Batch 10440/10484, Loss: 4.3819
  Batch 10450/10484, Loss: 4.6074
  Batch 10460/10484, Loss: 4.5421
  Batch 10470/10484, Loss: 4.8046
  Batch 10480/10484, Loss: 4.7719

  Train Loss: 4.4342
  Val Loss: 6.7359
  Time: 36m 21s
  ✓ Saved checkpoint to /scratch/aitordiez/News2Stock/simple_seq2seq/checkpoints/checkpoint_epoch_10.pt

Epoch 11/20
----------------------------------------
  Batch 10/10484, Loss: 4.7353
  Batch 20/10484, Loss: 4.4938
  Batch 30/10484, Loss: 4.4491
  Batch 40/10484, Loss: 4.4065
  Batch 50/10484, Loss: 4.7499
  Batch 60/10484, Loss: 4.4848
  Batch 70/10484, Loss: 4.3841
  Batch 80/10484, Loss: 4.5284
  Batch 90/10484, Loss: 4.8427
  Batch 100/10484, Loss: 5.2204
  Batch 110/10484, Loss: 4.3271
  Batch 120/10484, Loss: 4.2721
  Batch 130/10484, Loss: 4.1108
  Batch 140/10484, Loss: 4.1011
  Batch 150/10484, Loss: 4.1164
  Batch 160/10484, Loss: 4.4971
  Batch 170/10484, Loss: 4.0465
  Batch 180/10484, Loss: 4.0209
  Batch 190/10484, Loss: 4.4291
  Batch 200/10484, Loss: 4.8701
  Batch 210/10484, Loss: 4.3354
  Batch 220/10484, Loss: 4.4185
  Batch 230/10484, Loss: 4.3576
  Batch 240/10484, Loss: 4.1019
  Batch 250/10484, Loss: 4.6378
  Batch 260/10484, Loss: 4.8941
  Batch 270/10484, Loss: 3.9238
  Batch 280/10484, Loss: 4.8765
  Batch 290/10484, Loss: 3.8726
  Batch 300/10484, Loss: 4.5778
  Batch 310/10484, Loss: 4.1416
  Batch 320/10484, Loss: 3.8075
  Batch 330/10484, Loss: 4.0959
  Batch 340/10484, Loss: 4.2429
  Batch 350/10484, Loss: 4.5334
  Batch 360/10484, Loss: 4.4383
  Batch 370/10484, Loss: 3.9878
  Batch 380/10484, Loss: 4.0867
  Batch 390/10484, Loss: 4.0112
  Batch 400/10484, Loss: 3.9295
  Batch 410/10484, Loss: 4.2175
  Batch 420/10484, Loss: 4.7862
  Batch 430/10484, Loss: 4.5102
  Batch 440/10484, Loss: 3.4470
  Batch 450/10484, Loss: 4.5049
  Batch 460/10484, Loss: 4.9955
  Batch 470/10484, Loss: 4.6326
  Batch 480/10484, Loss: 4.5553
  Batch 490/10484, Loss: 3.9979
  Batch 500/10484, Loss: 4.2208
  Batch 510/10484, Loss: 4.5970
  Batch 520/10484, Loss: 3.7619
  Batch 530/10484, Loss: 4.4229
  Batch 540/10484, Loss: 4.6318
  Batch 550/10484, Loss: 3.8035
  Batch 560/10484, Loss: 4.6313
  Batch 570/10484, Loss: 4.1434
  Batch 580/10484, Loss: 4.0581
  Batch 590/10484, Loss: 3.7662
  Batch 600/10484, Loss: 4.6401
  Batch 610/10484, Loss: 4.1531
  Batch 620/10484, Loss: 4.6502
  Batch 630/10484, Loss: 4.4609
  Batch 640/10484, Loss: 4.3500
  Batch 650/10484, Loss: 3.8478
  Batch 660/10484, Loss: 4.7512
  Batch 670/10484, Loss: 4.7950
  Batch 680/10484, Loss: 4.6548
  Batch 690/10484, Loss: 3.9637
  Batch 700/10484, Loss: 4.1478
  Batch 710/10484, Loss: 4.2813
  Batch 720/10484, Loss: 4.2824
  Batch 730/10484, Loss: 4.5402
  Batch 740/10484, Loss: 5.0244
  Batch 750/10484, Loss: 4.1724
  Batch 760/10484, Loss: 4.0645
  Batch 770/10484, Loss: 4.5739
  Batch 780/10484, Loss: 4.3701
  Batch 790/10484, Loss: 4.0599
  Batch 800/10484, Loss: 4.3729
  Batch 810/10484, Loss: 5.0507
  Batch 820/10484, Loss: 4.1280
  Batch 830/10484, Loss: 4.3283
  Batch 840/10484, Loss: 4.2685
  Batch 850/10484, Loss: 4.5325
  Batch 860/10484, Loss: 4.9075
  Batch 870/10484, Loss: 4.4727
  Batch 880/10484, Loss: 4.5042
  Batch 890/10484, Loss: 4.0204
  Batch 900/10484, Loss: 4.1933
  Batch 910/10484, Loss: 4.5253
  Batch 920/10484, Loss: 5.2014
  Batch 930/10484, Loss: 4.2574
  Batch 940/10484, Loss: 4.3882
  Batch 950/10484, Loss: 3.9833
  Batch 960/10484, Loss: 4.2278
  Batch 970/10484, Loss: 4.6948
  Batch 980/10484, Loss: 4.9076
  Batch 990/10484, Loss: 4.2832
  Batch 1000/10484, Loss: 4.9605
  Batch 1010/10484, Loss: 4.1412
  Batch 1020/10484, Loss: 4.3879
  Batch 1030/10484, Loss: 4.9324
  Batch 1040/10484, Loss: 4.5452
  Batch 1050/10484, Loss: 3.9675
  Batch 1060/10484, Loss: 4.1871
  Batch 1070/10484, Loss: 3.9878
  Batch 1080/10484, Loss: 4.2268
  Batch 1090/10484, Loss: 4.1415
  Batch 1100/10484, Loss: 4.2415
  Batch 1110/10484, Loss: 4.6892
  Batch 1120/10484, Loss: 3.8925
  Batch 1130/10484, Loss: 4.1387
  Batch 1140/10484, Loss: 3.2877
  Batch 1150/10484, Loss: 3.6846
  Batch 1160/10484, Loss: 4.6116
  Batch 1170/10484, Loss: 3.9903
  Batch 1180/10484, Loss: 4.4311
  Batch 1190/10484, Loss: 4.6688
  Batch 1200/10484, Loss: 4.1355
  Batch 1210/10484, Loss: 4.1378
  Batch 1220/10484, Loss: 3.7697
  Batch 1230/10484, Loss: 4.7714
  Batch 1240/10484, Loss: 4.1438
  Batch 1250/10484, Loss: 4.5169
  Batch 1260/10484, Loss: 4.1631
  Batch 1270/10484, Loss: 4.8534
  Batch 1280/10484, Loss: 4.3298
  Batch 1290/10484, Loss: 4.8814
  Batch 1300/10484, Loss: 3.9641
  Batch 1310/10484, Loss: 3.7406
  Batch 1320/10484, Loss: 4.2406
  Batch 1330/10484, Loss: 4.9701
  Batch 1340/10484, Loss: 3.8864
  Batch 1350/10484, Loss: 4.2680
  Batch 1360/10484, Loss: 4.4366
  Batch 1370/10484, Loss: 4.8299
  Batch 1380/10484, Loss: 4.0627
  Batch 1390/10484, Loss: 4.3043
  Batch 1400/10484, Loss: 4.0408
  Batch 1410/10484, Loss: 4.3209
  Batch 1420/10484, Loss: 4.0598
  Batch 1430/10484, Loss: 4.0358
  Batch 1440/10484, Loss: 4.4578
  Batch 1450/10484, Loss: 4.4742
  Batch 1460/10484, Loss: 4.8564
  Batch 1470/10484, Loss: 4.4777
  Batch 1480/10484, Loss: 4.0369
  Batch 1490/10484, Loss: 3.9150
  Batch 1500/10484, Loss: 4.7728
  Batch 1510/10484, Loss: 4.4234
  Batch 1520/10484, Loss: 3.9940
  Batch 1530/10484, Loss: 4.7623
  Batch 1540/10484, Loss: 4.1394
  Batch 1550/10484, Loss: 4.3174
  Batch 1560/10484, Loss: 4.9127
  Batch 1570/10484, Loss: 4.4997
  Batch 1580/10484, Loss: 4.4919
  Batch 1590/10484, Loss: 4.5867
  Batch 1600/10484, Loss: 3.6438
  Batch 1610/10484, Loss: 4.5987
  Batch 1620/10484, Loss: 3.4187
  Batch 1630/10484, Loss: 4.3460
  Batch 1640/10484, Loss: 4.3969
  Batch 1650/10484, Loss: 4.4431
  Batch 1660/10484, Loss: 4.7008
  Batch 1670/10484, Loss: 4.4140
  Batch 1680/10484, Loss: 4.5119
  Batch 1690/10484, Loss: 4.4480
  Batch 1700/10484, Loss: 4.2609
  Batch 1710/10484, Loss: 4.4061
  Batch 1720/10484, Loss: 4.2324
  Batch 1730/10484, Loss: 4.3399
  Batch 1740/10484, Loss: 4.0450
  Batch 1750/10484, Loss: 4.3748
  Batch 1760/10484, Loss: 3.3711
  Batch 1770/10484, Loss: 4.7640
  Batch 1780/10484, Loss: 4.0750
  Batch 1790/10484, Loss: 4.1915
  Batch 1800/10484, Loss: 3.5394
  Batch 1810/10484, Loss: 4.4439
  Batch 1820/10484, Loss: 4.8029
  Batch 1830/10484, Loss: 4.6748
  Batch 1840/10484, Loss: 5.1944
  Batch 1850/10484, Loss: 4.0164
  Batch 1860/10484, Loss: 3.9036
  Batch 1870/10484, Loss: 4.2637
  Batch 1880/10484, Loss: 4.6126
  Batch 1890/10484, Loss: 4.2558
  Batch 1900/10484, Loss: 3.8801
  Batch 1910/10484, Loss: 4.5143
  Batch 1920/10484, Loss: 4.7087
  Batch 1930/10484, Loss: 4.8165
  Batch 1940/10484, Loss: 4.1841
  Batch 1950/10484, Loss: 4.4979
  Batch 1960/10484, Loss: 4.3161
  Batch 1970/10484, Loss: 4.4274
  Batch 1980/10484, Loss: 4.0955
  Batch 1990/10484, Loss: 4.3879
  Batch 2000/10484, Loss: 4.5614
  Batch 2010/10484, Loss: 4.4590
  Batch 2020/10484, Loss: 4.2739
  Batch 2030/10484, Loss: 4.2244
  Batch 2040/10484, Loss: 4.3782
  Batch 2050/10484, Loss: 4.6601
  Batch 2060/10484, Loss: 3.7168
  Batch 2070/10484, Loss: 4.5408
  Batch 2080/10484, Loss: 4.0040
  Batch 2090/10484, Loss: 3.8653
  Batch 2100/10484, Loss: 4.1322
  Batch 2110/10484, Loss: 4.0665
  Batch 2120/10484, Loss: 4.1126
  Batch 2130/10484, Loss: 4.5745
  Batch 2140/10484, Loss: 4.1778
  Batch 2150/10484, Loss: 4.2388
  Batch 2160/10484, Loss: 4.7395
  Batch 2170/10484, Loss: 4.6720
  Batch 2180/10484, Loss: 4.0038
  Batch 2190/10484, Loss: 4.2807
  Batch 2200/10484, Loss: 4.0375
  Batch 2210/10484, Loss: 4.6990
  Batch 2220/10484, Loss: 4.1452
  Batch 2230/10484, Loss: 4.1383
  Batch 2240/10484, Loss: 4.1967
  Batch 2250/10484, Loss: 4.5613
  Batch 2260/10484, Loss: 4.1735
  Batch 2270/10484, Loss: 3.8830
  Batch 2280/10484, Loss: 4.2172
  Batch 2290/10484, Loss: 4.2938
  Batch 2300/10484, Loss: 4.2446
  Batch 2310/10484, Loss: 4.7089
  Batch 2320/10484, Loss: 4.1895
  Batch 2330/10484, Loss: 4.6833
  Batch 2340/10484, Loss: 4.9618
  Batch 2350/10484, Loss: 3.5810
  Batch 2360/10484, Loss: 4.2876
  Batch 2370/10484, Loss: 4.3085
  Batch 2380/10484, Loss: 4.4263
  Batch 2390/10484, Loss: 4.3071
  Batch 2400/10484, Loss: 4.7546
  Batch 2410/10484, Loss: 4.8167
  Batch 2420/10484, Loss: 4.6408
  Batch 2430/10484, Loss: 4.7659
  Batch 2440/10484, Loss: 4.6342
  Batch 2450/10484, Loss: 4.4071
  Batch 2460/10484, Loss: 3.8864
  Batch 2470/10484, Loss: 3.3425
  Batch 2480/10484, Loss: 4.9413
  Batch 2490/10484, Loss: 4.5805
  Batch 2500/10484, Loss: 4.4039
  Batch 2510/10484, Loss: 4.1533
  Batch 2520/10484, Loss: 4.1480
  Batch 2530/10484, Loss: 4.2375
  Batch 2540/10484, Loss: 4.0529
  Batch 2550/10484, Loss: 4.3950
  Batch 2560/10484, Loss: 4.4613
  Batch 2570/10484, Loss: 4.3152
  Batch 2580/10484, Loss: 4.1587
  Batch 2590/10484, Loss: 4.4344
  Batch 2600/10484, Loss: 4.5691
  Batch 2610/10484, Loss: 4.6432
  Batch 2620/10484, Loss: 4.6839
  Batch 2630/10484, Loss: 4.4037
  Batch 2640/10484, Loss: 4.2046
  Batch 2650/10484, Loss: 3.7375
  Batch 2660/10484, Loss: 4.1998
  Batch 2670/10484, Loss: 4.2831
  Batch 2680/10484, Loss: 4.7626
  Batch 2690/10484, Loss: 5.0487
  Batch 2700/10484, Loss: 4.5213
  Batch 2710/10484, Loss: 4.2934
  Batch 2720/10484, Loss: 3.8718
  Batch 2730/10484, Loss: 4.5046
  Batch 2740/10484, Loss: 4.6793
  Batch 2750/10484, Loss: 4.0900
  Batch 2760/10484, Loss: 3.6711
  Batch 2770/10484, Loss: 4.1431
  Batch 2780/10484, Loss: 4.9660
  Batch 2790/10484, Loss: 4.7145
  Batch 2800/10484, Loss: 3.8471
  Batch 2810/10484, Loss: 4.4833
  Batch 2820/10484, Loss: 4.7092
  Batch 2830/10484, Loss: 4.2067
  Batch 2840/10484, Loss: 4.3209
  Batch 2850/10484, Loss: 4.7566
  Batch 2860/10484, Loss: 4.8123
  Batch 2870/10484, Loss: 4.6310
  Batch 2880/10484, Loss: 4.2534
  Batch 2890/10484, Loss: 4.4067
  Batch 2900/10484, Loss: 4.3625
  Batch 2910/10484, Loss: 4.8270
  Batch 2920/10484, Loss: 4.5918
  Batch 2930/10484, Loss: 4.4138
  Batch 2940/10484, Loss: 4.3227
  Batch 2950/10484, Loss: 4.4340
  Batch 2960/10484, Loss: 4.2758
  Batch 2970/10484, Loss: 4.3088
  Batch 2980/10484, Loss: 4.6799
  Batch 2990/10484, Loss: 4.1811
  Batch 3000/10484, Loss: 4.6559
  Batch 3010/10484, Loss: 4.7711
  Batch 3020/10484, Loss: 4.8219
  Batch 3030/10484, Loss: 5.1133
  Batch 3040/10484, Loss: 4.2827
  Batch 3050/10484, Loss: 3.7201
  Batch 3060/10484, Loss: 4.4533
  Batch 3070/10484, Loss: 3.8003
  Batch 3080/10484, Loss: 4.9850
  Batch 3090/10484, Loss: 4.7638
  Batch 3100/10484, Loss: 4.6036
  Batch 3110/10484, Loss: 4.3258
  Batch 3120/10484, Loss: 4.3602
  Batch 3130/10484, Loss: 4.1890
  Batch 3140/10484, Loss: 4.6940
  Batch 3150/10484, Loss: 4.6593
  Batch 3160/10484, Loss: 4.2559
  Batch 3170/10484, Loss: 4.8048
  Batch 3180/10484, Loss: 4.5268
  Batch 3190/10484, Loss: 4.2646
  Batch 3200/10484, Loss: 4.0834
  Batch 3210/10484, Loss: 4.1390
  Batch 3220/10484, Loss: 3.8299
  Batch 3230/10484, Loss: 3.4713
  Batch 3240/10484, Loss: 4.6691
  Batch 3250/10484, Loss: 4.5292
  Batch 3260/10484, Loss: 4.3922
  Batch 3270/10484, Loss: 4.6684
  Batch 3280/10484, Loss: 4.3640
  Batch 3290/10484, Loss: 3.8162
  Batch 3300/10484, Loss: 4.2320
  Batch 3310/10484, Loss: 4.0939
  Batch 3320/10484, Loss: 4.5040
  Batch 3330/10484, Loss: 4.3682
  Batch 3340/10484, Loss: 4.0707
  Batch 3350/10484, Loss: 3.9790
  Batch 3360/10484, Loss: 4.0555
  Batch 3370/10484, Loss: 3.9522
  Batch 3380/10484, Loss: 4.1119
  Batch 3390/10484, Loss: 4.6452
  Batch 3400/10484, Loss: 3.6499
  Batch 3410/10484, Loss: 3.7546
  Batch 3420/10484, Loss: 4.0822
  Batch 3430/10484, Loss: 4.4879
  Batch 3440/10484, Loss: 4.7890
  Batch 3450/10484, Loss: 4.8153
  Batch 3460/10484, Loss: 4.0130
  Batch 3470/10484, Loss: 4.6924
  Batch 3480/10484, Loss: 3.9335
  Batch 3490/10484, Loss: 4.9036
  Batch 3500/10484, Loss: 4.4364
  Batch 3510/10484, Loss: 4.2970
  Batch 3520/10484, Loss: 4.4311
  Batch 3530/10484, Loss: 4.3685
  Batch 3540/10484, Loss: 4.0881
  Batch 3550/10484, Loss: 4.4244
  Batch 3560/10484, Loss: 3.6730
  Batch 3570/10484, Loss: 5.0966
  Batch 3580/10484, Loss: 4.6457
  Batch 3590/10484, Loss: 4.3998
  Batch 3600/10484, Loss: 4.4870
  Batch 3610/10484, Loss: 4.6440
  Batch 3620/10484, Loss: 4.5900
  Batch 3630/10484, Loss: 3.9485
  Batch 3640/10484, Loss: 4.7599
  Batch 3650/10484, Loss: 4.1011
  Batch 3660/10484, Loss: 4.0868
  Batch 3670/10484, Loss: 4.4694
  Batch 3680/10484, Loss: 4.5600
  Batch 3690/10484, Loss: 4.5002
  Batch 3700/10484, Loss: 4.3099
  Batch 3710/10484, Loss: 4.9541
  Batch 3720/10484, Loss: 4.1705
  Batch 3730/10484, Loss: 5.0442
  Batch 3740/10484, Loss: 3.8229
  Batch 3750/10484, Loss: 3.8791
  Batch 3760/10484, Loss: 3.8341
  Batch 3770/10484, Loss: 4.2846
  Batch 3780/10484, Loss: 4.4239
  Batch 3790/10484, Loss: 3.9521
  Batch 3800/10484, Loss: 4.3932
  Batch 3810/10484, Loss: 4.5000
  Batch 3820/10484, Loss: 4.1869
  Batch 3830/10484, Loss: 4.7076
  Batch 3840/10484, Loss: 4.0725
  Batch 3850/10484, Loss: 4.4965
  Batch 3860/10484, Loss: 4.7337
  Batch 3870/10484, Loss: 4.5649
  Batch 3880/10484, Loss: 4.2912
  Batch 3890/10484, Loss: 4.1045
  Batch 3900/10484, Loss: 4.5627
  Batch 3910/10484, Loss: 5.0087
  Batch 3920/10484, Loss: 5.1036
  Batch 3930/10484, Loss: 4.8235
  Batch 3940/10484, Loss: 4.1128
  Batch 3950/10484, Loss: 4.4089
  Batch 3960/10484, Loss: 4.3078
  Batch 3970/10484, Loss: 3.8749
  Batch 3980/10484, Loss: 4.0926
  Batch 3990/10484, Loss: 4.1344
  Batch 4000/10484, Loss: 4.8249
  Batch 4010/10484, Loss: 4.6314
  Batch 4020/10484, Loss: 4.8097
  Batch 4030/10484, Loss: 4.2541
  Batch 4040/10484, Loss: 4.1351
  Batch 4050/10484, Loss: 4.4522
  Batch 4060/10484, Loss: 4.2686
  Batch 4070/10484, Loss: 4.2180
  Batch 4080/10484, Loss: 4.2850
  Batch 4090/10484, Loss: 5.1137
  Batch 4100/10484, Loss: 4.6976
  Batch 4110/10484, Loss: 4.4749
  Batch 4120/10484, Loss: 4.1720
  Batch 4130/10484, Loss: 4.9250
  Batch 4140/10484, Loss: 4.2028
  Batch 4150/10484, Loss: 4.9273
  Batch 4160/10484, Loss: 4.7152
  Batch 4170/10484, Loss: 4.4140
  Batch 4180/10484, Loss: 4.4348
  Batch 4190/10484, Loss: 3.9293
  Batch 4200/10484, Loss: 4.5102
  Batch 4210/10484, Loss: 4.5645
  Batch 4220/10484, Loss: 4.5490
  Batch 4230/10484, Loss: 4.4240
  Batch 4240/10484, Loss: 4.5949
  Batch 4250/10484, Loss: 4.0424
  Batch 4260/10484, Loss: 4.4883
  Batch 4270/10484, Loss: 3.8874
  Batch 4280/10484, Loss: 4.2845
  Batch 4290/10484, Loss: 4.3442
  Batch 4300/10484, Loss: 4.6994
  Batch 4310/10484, Loss: 4.3575
  Batch 4320/10484, Loss: 4.9038
  Batch 4330/10484, Loss: 4.4230
  Batch 4340/10484, Loss: 4.2056
  Batch 4350/10484, Loss: 3.5438
  Batch 4360/10484, Loss: 4.4810
  Batch 4370/10484, Loss: 4.5650
  Batch 4380/10484, Loss: 4.4720
  Batch 4390/10484, Loss: 4.4719
  Batch 4400/10484, Loss: 4.6012
  Batch 4410/10484, Loss: 4.8585
  Batch 4420/10484, Loss: 4.0782
  Batch 4430/10484, Loss: 4.1559
  Batch 4440/10484, Loss: 3.8826
  Batch 4450/10484, Loss: 4.0108
  Batch 4460/10484, Loss: 4.5487
  Batch 4470/10484, Loss: 4.2710
  Batch 4480/10484, Loss: 4.1811
  Batch 4490/10484, Loss: 4.1357
  Batch 4500/10484, Loss: 4.3852
  Batch 4510/10484, Loss: 4.0957
  Batch 4520/10484, Loss: 4.6849
  Batch 4530/10484, Loss: 4.4472
  Batch 4540/10484, Loss: 4.7023
  Batch 4550/10484, Loss: 4.1445
  Batch 4560/10484, Loss: 4.6577
  Batch 4570/10484, Loss: 4.9173
  Batch 4580/10484, Loss: 4.6060
  Batch 4590/10484, Loss: 3.4669
  Batch 4600/10484, Loss: 4.4837
  Batch 4610/10484, Loss: 4.3837
  Batch 4620/10484, Loss: 4.8961
  Batch 4630/10484, Loss: 4.0089
  Batch 4640/10484, Loss: 4.3722
  Batch 4650/10484, Loss: 4.2487
  Batch 4660/10484, Loss: 4.3917
  Batch 4670/10484, Loss: 4.2488
  Batch 4680/10484, Loss: 4.4597
  Batch 4690/10484, Loss: 4.7847
  Batch 4700/10484, Loss: 3.8706
  Batch 4710/10484, Loss: 4.6470
  Batch 4720/10484, Loss: 4.4904
  Batch 4730/10484, Loss: 4.1083
  Batch 4740/10484, Loss: 3.9404
  Batch 4750/10484, Loss: 3.9556
  Batch 4760/10484, Loss: 4.1667
  Batch 4770/10484, Loss: 4.8388
  Batch 4780/10484, Loss: 4.5078
  Batch 4790/10484, Loss: 4.5952
  Batch 4800/10484, Loss: 4.0191
  Batch 4810/10484, Loss: 5.0692
  Batch 4820/10484, Loss: 4.5696
  Batch 4830/10484, Loss: 4.2616
  Batch 4840/10484, Loss: 5.0042
  Batch 4850/10484, Loss: 4.2977
  Batch 4860/10484, Loss: 4.3577
  Batch 4870/10484, Loss: 4.0875
  Batch 4880/10484, Loss: 4.2836
  Batch 4890/10484, Loss: 4.8359
  Batch 4900/10484, Loss: 4.9079
  Batch 4910/10484, Loss: 3.4533
  Batch 4920/10484, Loss: 4.7713
  Batch 4930/10484, Loss: 4.2004
  Batch 4940/10484, Loss: 4.2842
  Batch 4950/10484, Loss: 4.4831
  Batch 4960/10484, Loss: 3.9342
  Batch 4970/10484, Loss: 4.6488
  Batch 4980/10484, Loss: 3.9852
  Batch 4990/10484, Loss: 4.3346
  Batch 5000/10484, Loss: 5.0551
  Batch 5010/10484, Loss: 5.0260
  Batch 5020/10484, Loss: 4.2985
  Batch 5030/10484, Loss: 3.9893
  Batch 5040/10484, Loss: 4.4303
  Batch 5050/10484, Loss: 4.4723
  Batch 5060/10484, Loss: 4.2625
  Batch 5070/10484, Loss: 4.4542
  Batch 5080/10484, Loss: 4.6383
  Batch 5090/10484, Loss: 4.3529
  Batch 5100/10484, Loss: 4.1963
  Batch 5110/10484, Loss: 4.5646
  Batch 5120/10484, Loss: 3.9945
  Batch 5130/10484, Loss: 4.1131
  Batch 5140/10484, Loss: 3.9810
  Batch 5150/10484, Loss: 4.3791
  Batch 5160/10484, Loss: 4.3352
  Batch 5170/10484, Loss: 3.9042
  Batch 5180/10484, Loss: 4.1416
  Batch 5190/10484, Loss: 4.3518
  Batch 5200/10484, Loss: 3.8967
  Batch 5210/10484, Loss: 4.3599
  Batch 5220/10484, Loss: 4.4316
  Batch 5230/10484, Loss: 4.2567
  Batch 5240/10484, Loss: 4.1904
  Batch 5250/10484, Loss: 3.8671
  Batch 5260/10484, Loss: 4.3949
  Batch 5270/10484, Loss: 4.2108
  Batch 5280/10484, Loss: 3.3138
  Batch 5290/10484, Loss: 4.4414
  Batch 5300/10484, Loss: 4.4005
  Batch 5310/10484, Loss: 4.5809
  Batch 5320/10484, Loss: 4.5629
  Batch 5330/10484, Loss: 4.5845
  Batch 5340/10484, Loss: 4.2854
  Batch 5350/10484, Loss: 4.7668
  Batch 5360/10484, Loss: 5.0165
  Batch 5370/10484, Loss: 4.4025
  Batch 5380/10484, Loss: 4.4417
  Batch 5390/10484, Loss: 4.4381
  Batch 5400/10484, Loss: 4.8021
  Batch 5410/10484, Loss: 4.3546
  Batch 5420/10484, Loss: 3.7742
  Batch 5430/10484, Loss: 4.2248
  Batch 5440/10484, Loss: 4.3956
  Batch 5450/10484, Loss: 4.4100
  Batch 5460/10484, Loss: 4.4838
  Batch 5470/10484, Loss: 4.5253
  Batch 5480/10484, Loss: 4.7896
  Batch 5490/10484, Loss: 4.9884
  Batch 5500/10484, Loss: 4.1727
  Batch 5510/10484, Loss: 4.8064
  Batch 5520/10484, Loss: 5.0488
  Batch 5530/10484, Loss: 3.7602
  Batch 5540/10484, Loss: 4.5919
  Batch 5550/10484, Loss: 4.1682
  Batch 5560/10484, Loss: 4.6304
  Batch 5570/10484, Loss: 4.9446
  Batch 5580/10484, Loss: 4.2485
  Batch 5590/10484, Loss: 3.4765
  Batch 5600/10484, Loss: 4.7159
  Batch 5610/10484, Loss: 4.2387
  Batch 5620/10484, Loss: 5.1046
  Batch 5630/10484, Loss: 5.0524
  Batch 5640/10484, Loss: 4.2712
  Batch 5650/10484, Loss: 4.3738
  Batch 5660/10484, Loss: 3.9761
  Batch 5670/10484, Loss: 4.4566
  Batch 5680/10484, Loss: 4.1093
  Batch 5690/10484, Loss: 4.4421
  Batch 5700/10484, Loss: 4.9107
  Batch 5710/10484, Loss: 4.1487
  Batch 5720/10484, Loss: 4.5379
  Batch 5730/10484, Loss: 4.6538
  Batch 5740/10484, Loss: 4.2078
  Batch 5750/10484, Loss: 3.9676
  Batch 5760/10484, Loss: 3.9262
  Batch 5770/10484, Loss: 4.2606
  Batch 5780/10484, Loss: 3.9750
  Batch 5790/10484, Loss: 4.2803
  Batch 5800/10484, Loss: 4.5796
  Batch 5810/10484, Loss: 4.1380
  Batch 5820/10484, Loss: 4.3502
  Batch 5830/10484, Loss: 4.3882
  Batch 5840/10484, Loss: 4.4046
  Batch 5850/10484, Loss: 4.1420
  Batch 5860/10484, Loss: 4.4694
  Batch 5870/10484, Loss: 4.2054
  Batch 5880/10484, Loss: 4.3720
  Batch 5890/10484, Loss: 4.0335
  Batch 5900/10484, Loss: 4.5785
  Batch 5910/10484, Loss: 3.9954
  Batch 5920/10484, Loss: 4.4204
  Batch 5930/10484, Loss: 3.3399
  Batch 5940/10484, Loss: 4.8271
  Batch 5950/10484, Loss: 4.1190
  Batch 5960/10484, Loss: 4.6049
  Batch 5970/10484, Loss: 5.0231
  Batch 5980/10484, Loss: 4.3949
  Batch 5990/10484, Loss: 4.7596
  Batch 6000/10484, Loss: 4.6388
  Batch 6010/10484, Loss: 3.9021
  Batch 6020/10484, Loss: 4.7062
  Batch 6030/10484, Loss: 4.0581
  Batch 6040/10484, Loss: 4.0983
  Batch 6050/10484, Loss: 4.6680
  Batch 6060/10484, Loss: 4.3850
  Batch 6070/10484, Loss: 4.2426
  Batch 6080/10484, Loss: 4.1992
  Batch 6090/10484, Loss: 4.0207
  Batch 6100/10484, Loss: 4.1142
  Batch 6110/10484, Loss: 4.6224
  Batch 6120/10484, Loss: 4.3722
  Batch 6130/10484, Loss: 4.8020
  Batch 6140/10484, Loss: 4.7561
  Batch 6150/10484, Loss: 3.5605
  Batch 6160/10484, Loss: 4.6193
  Batch 6170/10484, Loss: 4.3798
  Batch 6180/10484, Loss: 4.7436
  Batch 6190/10484, Loss: 4.2607
  Batch 6200/10484, Loss: 4.0765
  Batch 6210/10484, Loss: 4.2826
  Batch 6220/10484, Loss: 3.8563
  Batch 6230/10484, Loss: 4.5920
  Batch 6240/10484, Loss: 4.4578
  Batch 6250/10484, Loss: 4.3013
  Batch 6260/10484, Loss: 4.5106
  Batch 6270/10484, Loss: 4.5010
  Batch 6280/10484, Loss: 4.5179
  Batch 6290/10484, Loss: 3.7083
  Batch 6300/10484, Loss: 4.5621
  Batch 6310/10484, Loss: 4.0631
  Batch 6320/10484, Loss: 4.4457
  Batch 6330/10484, Loss: 4.2039
  Batch 6340/10484, Loss: 4.3838
  Batch 6350/10484, Loss: 4.2596
  Batch 6360/10484, Loss: 4.8684
  Batch 6370/10484, Loss: 4.3089
  Batch 6380/10484, Loss: 4.4946
  Batch 6390/10484, Loss: 4.1157
  Batch 6400/10484, Loss: 4.8410
  Batch 6410/10484, Loss: 4.2687
  Batch 6420/10484, Loss: 4.6126
  Batch 6430/10484, Loss: 4.7970
  Batch 6440/10484, Loss: 4.6683
  Batch 6450/10484, Loss: 4.7720
  Batch 6460/10484, Loss: 4.6851
  Batch 6470/10484, Loss: 4.2500
  Batch 6480/10484, Loss: 4.4505
  Batch 6490/10484, Loss: 4.2890
  Batch 6500/10484, Loss: 3.8161
  Batch 6510/10484, Loss: 4.4528
  Batch 6520/10484, Loss: 4.2495
  Batch 6530/10484, Loss: 4.6148
  Batch 6540/10484, Loss: 4.1298
  Batch 6550/10484, Loss: 4.6307
  Batch 6560/10484, Loss: 3.9666
  Batch 6570/10484, Loss: 4.2668
  Batch 6580/10484, Loss: 4.3778
  Batch 6590/10484, Loss: 4.3571
  Batch 6600/10484, Loss: 4.5219
  Batch 6610/10484, Loss: 4.4807
  Batch 6620/10484, Loss: 4.6805
  Batch 6630/10484, Loss: 4.3124
  Batch 6640/10484, Loss: 4.1733
  Batch 6650/10484, Loss: 3.1801
  Batch 6660/10484, Loss: 4.2963
  Batch 6670/10484, Loss: 4.4268
  Batch 6680/10484, Loss: 4.6229
  Batch 6690/10484, Loss: 4.3814
  Batch 6700/10484, Loss: 4.5967
  Batch 6710/10484, Loss: 4.0047
  Batch 6720/10484, Loss: 3.8987
  Batch 6730/10484, Loss: 4.3494
  Batch 6740/10484, Loss: 4.7835
  Batch 6750/10484, Loss: 4.2152
  Batch 6760/10484, Loss: 4.7174
  Batch 6770/10484, Loss: 4.4544
  Batch 6780/10484, Loss: 4.5147
  Batch 6790/10484, Loss: 4.4759
  Batch 6800/10484, Loss: 3.7582
  Batch 6810/10484, Loss: 5.0030
  Batch 6820/10484, Loss: 4.4276
  Batch 6830/10484, Loss: 4.6044
  Batch 6840/10484, Loss: 4.7107
  Batch 6850/10484, Loss: 4.5644
  Batch 6860/10484, Loss: 4.5556
  Batch 6870/10484, Loss: 4.3538
  Batch 6880/10484, Loss: 3.9423
  Batch 6890/10484, Loss: 4.4609
  Batch 6900/10484, Loss: 3.9637
  Batch 6910/10484, Loss: 3.8902
  Batch 6920/10484, Loss: 4.3089
  Batch 6930/10484, Loss: 3.6321
  Batch 6940/10484, Loss: 4.4145
  Batch 6950/10484, Loss: 4.7429
  Batch 6960/10484, Loss: 4.7840
  Batch 6970/10484, Loss: 4.0509
  Batch 6980/10484, Loss: 3.7801
  Batch 6990/10484, Loss: 4.6609
  Batch 7000/10484, Loss: 4.4088
  Batch 7010/10484, Loss: 5.1416
  Batch 7020/10484, Loss: 4.2386
  Batch 7030/10484, Loss: 4.2595
  Batch 7040/10484, Loss: 4.1175
  Batch 7050/10484, Loss: 4.4796
  Batch 7060/10484, Loss: 4.8173
  Batch 7070/10484, Loss: 3.9901
  Batch 7080/10484, Loss: 4.3446
  Batch 7090/10484, Loss: 5.1455
  Batch 7100/10484, Loss: 4.4682
  Batch 7110/10484, Loss: 4.5055
  Batch 7120/10484, Loss: 4.3448
  Batch 7130/10484, Loss: 4.5110
  Batch 7140/10484, Loss: 4.5181
  Batch 7150/10484, Loss: 4.4243
  Batch 7160/10484, Loss: 4.5450
  Batch 7170/10484, Loss: 3.9221
  Batch 7180/10484, Loss: 4.1371
  Batch 7190/10484, Loss: 4.8291
  Batch 7200/10484, Loss: 3.5513
  Batch 7210/10484, Loss: 4.5747
  Batch 7220/10484, Loss: 4.7514
  Batch 7230/10484, Loss: 4.3823
  Batch 7240/10484, Loss: 4.3506
  Batch 7250/10484, Loss: 3.9900
  Batch 7260/10484, Loss: 4.1043
  Batch 7270/10484, Loss: 4.4159
  Batch 7280/10484, Loss: 4.3173
  Batch 7290/10484, Loss: 4.3083
  Batch 7300/10484, Loss: 4.0816
  Batch 7310/10484, Loss: 4.1622
  Batch 7320/10484, Loss: 3.9158
  Batch 7330/10484, Loss: 4.3164
  Batch 7340/10484, Loss: 4.5007
  Batch 7350/10484, Loss: 4.7134
  Batch 7360/10484, Loss: 4.7375
  Batch 7370/10484, Loss: 4.6138
  Batch 7380/10484, Loss: 4.5905
  Batch 7390/10484, Loss: 4.3994
  Batch 7400/10484, Loss: 5.1116
  Batch 7410/10484, Loss: 5.1437
  Batch 7420/10484, Loss: 4.2354
  Batch 7430/10484, Loss: 4.4053
  Batch 7440/10484, Loss: 4.3155
  Batch 7450/10484, Loss: 4.4287
  Batch 7460/10484, Loss: 4.4369
  Batch 7470/10484, Loss: 4.4038
  Batch 7480/10484, Loss: 4.2378
  Batch 7490/10484, Loss: 4.6442
  Batch 7500/10484, Loss: 5.1426
  Batch 7510/10484, Loss: 4.3863
  Batch 7520/10484, Loss: 4.0850
  Batch 7530/10484, Loss: 4.3803
  Batch 7540/10484, Loss: 4.2577
  Batch 7550/10484, Loss: 3.9327
  Batch 7560/10484, Loss: 4.4132
  Batch 7570/10484, Loss: 4.1945
  Batch 7580/10484, Loss: 4.5692
  Batch 7590/10484, Loss: 4.7580
  Batch 7600/10484, Loss: 4.7814
  Batch 7610/10484, Loss: 4.2767
  Batch 7620/10484, Loss: 4.3456
  Batch 7630/10484, Loss: 3.9344
  Batch 7640/10484, Loss: 4.2946
  Batch 7650/10484, Loss: 4.9889
  Batch 7660/10484, Loss: 4.5103
  Batch 7670/10484, Loss: 5.2919
  Batch 7680/10484, Loss: 4.3939
  Batch 7690/10484, Loss: 4.4575
  Batch 7700/10484, Loss: 4.7192
  Batch 7710/10484, Loss: 4.2810
  Batch 7720/10484, Loss: 4.2723
  Batch 7730/10484, Loss: 4.8748
  Batch 7740/10484, Loss: 4.2421
  Batch 7750/10484, Loss: 4.4162
  Batch 7760/10484, Loss: 4.1109
  Batch 7770/10484, Loss: 4.5370
  Batch 7780/10484, Loss: 4.5469
  Batch 7790/10484, Loss: 4.8622
  Batch 7800/10484, Loss: 4.0898
  Batch 7810/10484, Loss: 4.2053
  Batch 7820/10484, Loss: 4.7082
  Batch 7830/10484, Loss: 4.7957
  Batch 7840/10484, Loss: 4.0791
  Batch 7850/10484, Loss: 3.9670
  Batch 7860/10484, Loss: 4.2778
  Batch 7870/10484, Loss: 4.5885
  Batch 7880/10484, Loss: 4.2740
  Batch 7890/10484, Loss: 4.5921
  Batch 7900/10484, Loss: 4.5035
  Batch 7910/10484, Loss: 4.5714
  Batch 7920/10484, Loss: 3.9435
  Batch 7930/10484, Loss: 4.3187
  Batch 7940/10484, Loss: 4.6164
  Batch 7950/10484, Loss: 4.2738
  Batch 7960/10484, Loss: 4.9375
  Batch 7970/10484, Loss: 4.5692
  Batch 7980/10484, Loss: 4.5738
  Batch 7990/10484, Loss: 4.0367
  Batch 8000/10484, Loss: 4.2800
  Batch 8010/10484, Loss: 4.1982
  Batch 8020/10484, Loss: 3.9111
  Batch 8030/10484, Loss: 3.9984
  Batch 8040/10484, Loss: 4.3631
  Batch 8050/10484, Loss: 4.6061
  Batch 8060/10484, Loss: 3.5801
  Batch 8070/10484, Loss: 4.2502
  Batch 8080/10484, Loss: 4.2876
  Batch 8090/10484, Loss: 4.6912
  Batch 8100/10484, Loss: 3.8646
  Batch 8110/10484, Loss: 5.0331
  Batch 8120/10484, Loss: 4.6788
  Batch 8130/10484, Loss: 4.7483
  Batch 8140/10484, Loss: 4.4661
  Batch 8150/10484, Loss: 4.1780
  Batch 8160/10484, Loss: 4.7491
  Batch 8170/10484, Loss: 4.5029
  Batch 8180/10484, Loss: 4.2357
  Batch 8190/10484, Loss: 4.4728
  Batch 8200/10484, Loss: 4.2132
  Batch 8210/10484, Loss: 4.4055
  Batch 8220/10484, Loss: 4.6293
  Batch 8230/10484, Loss: 4.6814
  Batch 8240/10484, Loss: 4.0213
  Batch 8250/10484, Loss: 4.6610
  Batch 8260/10484, Loss: 4.5590
  Batch 8270/10484, Loss: 5.2634
  Batch 8280/10484, Loss: 4.7195
  Batch 8290/10484, Loss: 4.4016
  Batch 8300/10484, Loss: 4.6480
  Batch 8310/10484, Loss: 3.4909
  Batch 8320/10484, Loss: 4.1634
  Batch 8330/10484, Loss: 3.8530
  Batch 8340/10484, Loss: 4.2290
  Batch 8350/10484, Loss: 4.9937
  Batch 8360/10484, Loss: 4.4292
  Batch 8370/10484, Loss: 4.1222
  Batch 8380/10484, Loss: 4.3613
  Batch 8390/10484, Loss: 4.1912
  Batch 8400/10484, Loss: 4.8260
  Batch 8410/10484, Loss: 4.7827
  Batch 8420/10484, Loss: 3.7697
  Batch 8430/10484, Loss: 3.8999
  Batch 8440/10484, Loss: 4.3048
  Batch 8450/10484, Loss: 4.0827
  Batch 8460/10484, Loss: 4.9132
  Batch 8470/10484, Loss: 4.2918
  Batch 8480/10484, Loss: 4.4946
  Batch 8490/10484, Loss: 4.3427
  Batch 8500/10484, Loss: 4.2427
  Batch 8510/10484, Loss: 4.9818
  Batch 8520/10484, Loss: 4.3587
  Batch 8530/10484, Loss: 4.1254
  Batch 8540/10484, Loss: 4.5819
  Batch 8550/10484, Loss: 4.5124
  Batch 8560/10484, Loss: 4.0777
  Batch 8570/10484, Loss: 4.4980
  Batch 8580/10484, Loss: 4.4300
  Batch 8590/10484, Loss: 4.3639
  Batch 8600/10484, Loss: 4.3090
  Batch 8610/10484, Loss: 3.7417
  Batch 8620/10484, Loss: 4.6705
  Batch 8630/10484, Loss: 4.7655
  Batch 8640/10484, Loss: 4.1612
  Batch 8650/10484, Loss: 4.5377
  Batch 8660/10484, Loss: 4.6455
  Batch 8670/10484, Loss: 4.0877
  Batch 8680/10484, Loss: 4.3920
  Batch 8690/10484, Loss: 4.6234
  Batch 8700/10484, Loss: 4.7968
  Batch 8710/10484, Loss: 4.5149
  Batch 8720/10484, Loss: 4.2786
  Batch 8730/10484, Loss: 4.2792
  Batch 8740/10484, Loss: 4.7288
  Batch 8750/10484, Loss: 4.3619
  Batch 8760/10484, Loss: 4.8120
  Batch 8770/10484, Loss: 4.3470
  Batch 8780/10484, Loss: 3.7601
  Batch 8790/10484, Loss: 3.9179
  Batch 8800/10484, Loss: 4.6144
  Batch 8810/10484, Loss: 4.6187
  Batch 8820/10484, Loss: 4.4117
  Batch 8830/10484, Loss: 4.9030
  Batch 8840/10484, Loss: 4.6421
  Batch 8850/10484, Loss: 4.1731
  Batch 8860/10484, Loss: 4.5124
  Batch 8870/10484, Loss: 4.7817
  Batch 8880/10484, Loss: 4.2734
  Batch 8890/10484, Loss: 4.7675
  Batch 8900/10484, Loss: 4.0172
  Batch 8910/10484, Loss: 4.4867
  Batch 8920/10484, Loss: 4.1365
  Batch 8930/10484, Loss: 4.0807
  Batch 8940/10484, Loss: 4.5845
  Batch 8950/10484, Loss: 4.3323
  Batch 8960/10484, Loss: 4.1196
  Batch 8970/10484, Loss: 4.8013
  Batch 8980/10484, Loss: 4.2732
  Batch 8990/10484, Loss: 4.5175
  Batch 9000/10484, Loss: 4.4628
  Batch 9010/10484, Loss: 4.3044
  Batch 9020/10484, Loss: 4.6452
  Batch 9030/10484, Loss: 4.2383
  Batch 9040/10484, Loss: 4.2259
  Batch 9050/10484, Loss: 4.1640
  Batch 9060/10484, Loss: 4.8759
  Batch 9070/10484, Loss: 4.1824
  Batch 9080/10484, Loss: 4.7544
  Batch 9090/10484, Loss: 4.2475
  Batch 9100/10484, Loss: 4.1148
  Batch 9110/10484, Loss: 3.4577
  Batch 9120/10484, Loss: 4.4794
  Batch 9130/10484, Loss: 4.0128
  Batch 9140/10484, Loss: 4.1501
  Batch 9150/10484, Loss: 4.4820
  Batch 9160/10484, Loss: 4.0958
  Batch 9170/10484, Loss: 4.6504
  Batch 9180/10484, Loss: 3.9827
  Batch 9190/10484, Loss: 4.2563
  Batch 9200/10484, Loss: 4.6633
  Batch 9210/10484, Loss: 4.6676
  Batch 9220/10484, Loss: 4.4312
  Batch 9230/10484, Loss: 4.6403
  Batch 9240/10484, Loss: 4.8372
  Batch 9250/10484, Loss: 4.7015
  Batch 9260/10484, Loss: 5.1974
  Batch 9270/10484, Loss: 4.4216
  Batch 9280/10484, Loss: 4.2278
  Batch 9290/10484, Loss: 4.2418
  Batch 9300/10484, Loss: 4.3951
  Batch 9310/10484, Loss: 4.3020
  Batch 9320/10484, Loss: 5.0386
  Batch 9330/10484, Loss: 3.9556
  Batch 9340/10484, Loss: 4.6250
  Batch 9350/10484, Loss: 4.3588
  Batch 9360/10484, Loss: 4.1826
  Batch 9370/10484, Loss: 4.4980
  Batch 9380/10484, Loss: 4.1613
  Batch 9390/10484, Loss: 4.4233
  Batch 9400/10484, Loss: 4.6180
  Batch 9410/10484, Loss: 4.3281
  Batch 9420/10484, Loss: 4.2725
  Batch 9430/10484, Loss: 4.4492
  Batch 9440/10484, Loss: 4.7045
  Batch 9450/10484, Loss: 3.6824
  Batch 9460/10484, Loss: 4.6390
  Batch 9470/10484, Loss: 4.8262
  Batch 9480/10484, Loss: 4.1167
  Batch 9490/10484, Loss: 4.9312
  Batch 9500/10484, Loss: 4.2844
  Batch 9510/10484, Loss: 4.1541
  Batch 9520/10484, Loss: 4.1238
  Batch 9530/10484, Loss: 4.3228
  Batch 9540/10484, Loss: 4.8261
  Batch 9550/10484, Loss: 4.4547
  Batch 9560/10484, Loss: 4.4201
  Batch 9570/10484, Loss: 4.8292
  Batch 9580/10484, Loss: 3.9380
  Batch 9590/10484, Loss: 4.5925
  Batch 9600/10484, Loss: 4.1045
  Batch 9610/10484, Loss: 4.3836
  Batch 9620/10484, Loss: 4.1430
  Batch 9630/10484, Loss: 4.5617
  Batch 9640/10484, Loss: 3.9585
  Batch 9650/10484, Loss: 4.3748
  Batch 9660/10484, Loss: 4.8756
  Batch 9670/10484, Loss: 4.5244
  Batch 9680/10484, Loss: 4.7369
  Batch 9690/10484, Loss: 3.9205
  Batch 9700/10484, Loss: 4.3506
  Batch 9710/10484, Loss: 3.9433
  Batch 9720/10484, Loss: 4.1262
  Batch 9730/10484, Loss: 5.0230
  Batch 9740/10484, Loss: 4.8788
  Batch 9750/10484, Loss: 4.0937
  Batch 9760/10484, Loss: 4.2838
  Batch 9770/10484, Loss: 4.2479
  Batch 9780/10484, Loss: 3.9494
  Batch 9790/10484, Loss: 4.8338
  Batch 9800/10484, Loss: 4.0150
  Batch 9810/10484, Loss: 4.5779
  Batch 9820/10484, Loss: 4.0817
  Batch 9830/10484, Loss: 4.7292
  Batch 9840/10484, Loss: 4.5472
  Batch 9850/10484, Loss: 4.5390
  Batch 9860/10484, Loss: 3.6138
  Batch 9870/10484, Loss: 5.0743
  Batch 9880/10484, Loss: 3.6330
  Batch 9890/10484, Loss: 4.7827
  Batch 9900/10484, Loss: 4.6203
  Batch 9910/10484, Loss: 4.1299
  Batch 9920/10484, Loss: 4.3848
  Batch 9930/10484, Loss: 4.4058
  Batch 9940/10484, Loss: 4.6656
  Batch 9950/10484, Loss: 4.3455
  Batch 9960/10484, Loss: 5.1821
  Batch 9970/10484, Loss: 3.8814
  Batch 9980/10484, Loss: 4.4381
  Batch 9990/10484, Loss: 4.2591
  Batch 10000/10484, Loss: 4.5912
  Batch 10010/10484, Loss: 4.2593
  Batch 10020/10484, Loss: 4.1310
  Batch 10030/10484, Loss: 4.4486
  Batch 10040/10484, Loss: 4.5378
  Batch 10050/10484, Loss: 4.8067
  Batch 10060/10484, Loss: 4.9920
  Batch 10070/10484, Loss: 4.4566
  Batch 10080/10484, Loss: 4.1902
  Batch 10090/10484, Loss: 4.6577
  Batch 10100/10484, Loss: 3.7582
  Batch 10110/10484, Loss: 4.0562
  Batch 10120/10484, Loss: 4.3021
  Batch 10130/10484, Loss: 3.9535
  Batch 10140/10484, Loss: 5.0280
  Batch 10150/10484, Loss: 3.8841
  Batch 10160/10484, Loss: 4.9153
  Batch 10170/10484, Loss: 4.3475
  Batch 10180/10484, Loss: 4.9260
  Batch 10190/10484, Loss: 4.8292
  Batch 10200/10484, Loss: 4.6129
  Batch 10210/10484, Loss: 5.0117
  Batch 10220/10484, Loss: 5.0241
  Batch 10230/10484, Loss: 4.6248
  Batch 10240/10484, Loss: 4.3038
  Batch 10250/10484, Loss: 4.6347
  Batch 10260/10484, Loss: 4.6552
  Batch 10270/10484, Loss: 4.8134
  Batch 10280/10484, Loss: 3.8617
  Batch 10290/10484, Loss: 4.4947
  Batch 10300/10484, Loss: 4.4841
  Batch 10310/10484, Loss: 4.1290
  Batch 10320/10484, Loss: 5.0967
  Batch 10330/10484, Loss: 4.2801
  Batch 10340/10484, Loss: 3.8197
  Batch 10350/10484, Loss: 4.3305
  Batch 10360/10484, Loss: 4.7837
  Batch 10370/10484, Loss: 4.0258
  Batch 10380/10484, Loss: 4.5673
  Batch 10390/10484, Loss: 3.6913
  Batch 10400/10484, Loss: 5.3716
  Batch 10410/10484, Loss: 4.5717
  Batch 10420/10484, Loss: 4.2993
  Batch 10430/10484, Loss: 4.4933
  Batch 10440/10484, Loss: 4.9606
  Batch 10450/10484, Loss: 4.1732
  Batch 10460/10484, Loss: 4.4818
  Batch 10470/10484, Loss: 4.4441
  Batch 10480/10484, Loss: 4.9311

  Train Loss: 4.4024
  Val Loss: 6.7181
  Time: 35m 14s

Epoch 12/20
----------------------------------------
  Batch 10/10484, Loss: 3.7610
  Batch 20/10484, Loss: 4.8907
  Batch 30/10484, Loss: 3.4631
  Batch 40/10484, Loss: 3.9312
  Batch 50/10484, Loss: 4.5892
  Batch 60/10484, Loss: 3.8814
  Batch 70/10484, Loss: 4.6059
  Batch 80/10484, Loss: 3.9539
  Batch 90/10484, Loss: 4.5127
  Batch 100/10484, Loss: 4.0157
  Batch 110/10484, Loss: 5.0528
  Batch 120/10484, Loss: 4.3272
  Batch 130/10484, Loss: 3.9825
  Batch 140/10484, Loss: 4.5353
  Batch 150/10484, Loss: 4.1420
  Batch 160/10484, Loss: 4.2446
  Batch 170/10484, Loss: 4.3609
  Batch 180/10484, Loss: 4.4431
  Batch 190/10484, Loss: 4.8269
  Batch 200/10484, Loss: 4.8263
  Batch 210/10484, Loss: 4.5466
  Batch 220/10484, Loss: 4.1386
  Batch 230/10484, Loss: 4.1076
  Batch 240/10484, Loss: 4.3528
  Batch 250/10484, Loss: 3.7878
  Batch 260/10484, Loss: 4.3273
  Batch 270/10484, Loss: 4.9424
  Batch 280/10484, Loss: 4.1804
  Batch 290/10484, Loss: 4.1956
  Batch 300/10484, Loss: 4.5377
  Batch 310/10484, Loss: 3.6152
  Batch 320/10484, Loss: 4.6574
  Batch 330/10484, Loss: 4.5622
  Batch 340/10484, Loss: 3.5582
  Batch 350/10484, Loss: 4.0999
  Batch 360/10484, Loss: 4.4143
  Batch 370/10484, Loss: 4.2851
  Batch 380/10484, Loss: 4.2401
  Batch 390/10484, Loss: 4.2282
  Batch 400/10484, Loss: 4.8396
  Batch 410/10484, Loss: 3.8391
  Batch 420/10484, Loss: 4.6789
  Batch 430/10484, Loss: 4.1179
  Batch 440/10484, Loss: 4.3437
  Batch 450/10484, Loss: 3.8892
  Batch 460/10484, Loss: 4.2809
  Batch 470/10484, Loss: 4.3899
  Batch 480/10484, Loss: 4.7195
  Batch 490/10484, Loss: 4.5994
  Batch 500/10484, Loss: 5.0195
  Batch 510/10484, Loss: 4.4147
  Batch 520/10484, Loss: 4.3430
  Batch 530/10484, Loss: 3.7819
  Batch 540/10484, Loss: 4.0606
  Batch 550/10484, Loss: 3.8417
  Batch 560/10484, Loss: 4.4414
  Batch 570/10484, Loss: 4.1320
  Batch 580/10484, Loss: 4.5371
  Batch 590/10484, Loss: 4.7826
  Batch 600/10484, Loss: 4.4895
  Batch 610/10484, Loss: 4.6573
  Batch 620/10484, Loss: 4.4983
  Batch 630/10484, Loss: 4.1446
  Batch 640/10484, Loss: 4.4642
  Batch 650/10484, Loss: 4.5051
  Batch 660/10484, Loss: 4.2854
  Batch 670/10484, Loss: 5.1176
  Batch 680/10484, Loss: 4.0666
  Batch 690/10484, Loss: 4.1604
  Batch 700/10484, Loss: 4.4117
  Batch 710/10484, Loss: 4.2996
  Batch 720/10484, Loss: 4.3025
  Batch 730/10484, Loss: 4.1752
  Batch 740/10484, Loss: 3.7828
  Batch 750/10484, Loss: 4.3672
  Batch 760/10484, Loss: 4.3597
  Batch 770/10484, Loss: 4.6675
  Batch 780/10484, Loss: 4.3904
  Batch 790/10484, Loss: 4.7631
  Batch 800/10484, Loss: 3.6957
  Batch 810/10484, Loss: 4.5836
  Batch 820/10484, Loss: 4.1035
  Batch 830/10484, Loss: 4.7592
  Batch 840/10484, Loss: 4.4810
  Batch 850/10484, Loss: 4.4847
  Batch 860/10484, Loss: 3.9345
  Batch 870/10484, Loss: 4.1869
  Batch 880/10484, Loss: 4.0906
  Batch 890/10484, Loss: 3.8101
  Batch 900/10484, Loss: 3.7852
  Batch 910/10484, Loss: 4.6096
  Batch 920/10484, Loss: 4.5221
  Batch 930/10484, Loss: 4.3587
  Batch 940/10484, Loss: 4.4001
  Batch 950/10484, Loss: 4.7139
  Batch 960/10484, Loss: 4.0477
  Batch 970/10484, Loss: 4.9628
  Batch 980/10484, Loss: 5.1443
  Batch 990/10484, Loss: 4.4571
  Batch 1000/10484, Loss: 4.7882
  Batch 1010/10484, Loss: 4.6101
  Batch 1020/10484, Loss: 3.9201
  Batch 1030/10484, Loss: 3.9076
  Batch 1040/10484, Loss: 4.3779
  Batch 1050/10484, Loss: 4.5654
  Batch 1060/10484, Loss: 4.7961
  Batch 1070/10484, Loss: 4.8142
  Batch 1080/10484, Loss: 4.3774
  Batch 1090/10484, Loss: 4.5430
  Batch 1100/10484, Loss: 4.3010
  Batch 1110/10484, Loss: 4.2285
  Batch 1120/10484, Loss: 4.5426
  Batch 1130/10484, Loss: 3.7149
  Batch 1140/10484, Loss: 4.0063
  Batch 1150/10484, Loss: 3.9614
  Batch 1160/10484, Loss: 4.4243
  Batch 1170/10484, Loss: 4.2970
  Batch 1180/10484, Loss: 4.5968
  Batch 1190/10484, Loss: 3.9078
  Batch 1200/10484, Loss: 4.2993
  Batch 1210/10484, Loss: 3.9300
  Batch 1220/10484, Loss: 3.9131
  Batch 1230/10484, Loss: 4.5204
  Batch 1240/10484, Loss: 4.0954
  Batch 1250/10484, Loss: 4.6807
  Batch 1260/10484, Loss: 3.8071
  Batch 1270/10484, Loss: 4.4020
  Batch 1280/10484, Loss: 4.5765
  Batch 1290/10484, Loss: 4.4650
  Batch 1300/10484, Loss: 4.5560
  Batch 1310/10484, Loss: 3.8664
  Batch 1320/10484, Loss: 3.8988
  Batch 1330/10484, Loss: 4.7548
  Batch 1340/10484, Loss: 4.7839
  Batch 1350/10484, Loss: 4.2605
  Batch 1360/10484, Loss: 4.3488
  Batch 1370/10484, Loss: 4.2537
  Batch 1380/10484, Loss: 4.8766
  Batch 1390/10484, Loss: 4.1495
  Batch 1400/10484, Loss: 4.0418
  Batch 1410/10484, Loss: 4.0878
  Batch 1420/10484, Loss: 4.2892
  Batch 1430/10484, Loss: 4.4790
  Batch 1440/10484, Loss: 4.1719
  Batch 1450/10484, Loss: 4.8603
  Batch 1460/10484, Loss: 3.8345
  Batch 1470/10484, Loss: 4.1499
  Batch 1480/10484, Loss: 4.0784
  Batch 1490/10484, Loss: 4.5216
  Batch 1500/10484, Loss: 4.8087
  Batch 1510/10484, Loss: 4.0371
  Batch 1520/10484, Loss: 4.6102
  Batch 1530/10484, Loss: 5.0661
  Batch 1540/10484, Loss: 3.5470
  Batch 1550/10484, Loss: 4.5469
  Batch 1560/10484, Loss: 4.4415
  Batch 1570/10484, Loss: 5.5550
  Batch 1580/10484, Loss: 4.0046
  Batch 1590/10484, Loss: 4.3524
  Batch 1600/10484, Loss: 4.4455
  Batch 1610/10484, Loss: 4.3876
  Batch 1620/10484, Loss: 4.5042
  Batch 1630/10484, Loss: 4.4809
  Batch 1640/10484, Loss: 4.4555
  Batch 1650/10484, Loss: 4.2129
  Batch 1660/10484, Loss: 4.3920
  Batch 1670/10484, Loss: 4.3567
  Batch 1680/10484, Loss: 4.5997
  Batch 1690/10484, Loss: 4.4909
  Batch 1700/10484, Loss: 4.5505
  Batch 1710/10484, Loss: 4.3134
  Batch 1720/10484, Loss: 3.8282
  Batch 1730/10484, Loss: 4.3994
  Batch 1740/10484, Loss: 3.9060
  Batch 1750/10484, Loss: 4.2162
  Batch 1760/10484, Loss: 4.5605
  Batch 1770/10484, Loss: 4.4504
  Batch 1780/10484, Loss: 4.0845
  Batch 1790/10484, Loss: 4.2636
  Batch 1800/10484, Loss: 4.0340
  Batch 1810/10484, Loss: 4.2421
  Batch 1820/10484, Loss: 4.0679
  Batch 1830/10484, Loss: 4.2046
  Batch 1840/10484, Loss: 4.2652
  Batch 1850/10484, Loss: 4.6235
  Batch 1860/10484, Loss: 3.8815
  Batch 1870/10484, Loss: 5.0254
  Batch 1880/10484, Loss: 4.6637
  Batch 1890/10484, Loss: 3.6104
  Batch 1900/10484, Loss: 4.7387
  Batch 1910/10484, Loss: 4.0625
  Batch 1920/10484, Loss: 3.8972
  Batch 1930/10484, Loss: 4.2250
  Batch 1940/10484, Loss: 4.8950
  Batch 1950/10484, Loss: 4.4134
  Batch 1960/10484, Loss: 4.1246
  Batch 1970/10484, Loss: 4.9412
  Batch 1980/10484, Loss: 3.8446
  Batch 1990/10484, Loss: 4.2025
  Batch 2000/10484, Loss: 3.6344
  Batch 2010/10484, Loss: 3.7947
  Batch 2020/10484, Loss: 4.0565
  Batch 2030/10484, Loss: 4.5977
  Batch 2040/10484, Loss: 4.1267
  Batch 2050/10484, Loss: 4.8352
  Batch 2060/10484, Loss: 3.9027
  Batch 2070/10484, Loss: 4.5295
  Batch 2080/10484, Loss: 4.0526
  Batch 2090/10484, Loss: 4.3520
  Batch 2100/10484, Loss: 4.1131
  Batch 2110/10484, Loss: 4.4828
  Batch 2120/10484, Loss: 4.0978
  Batch 2130/10484, Loss: 4.8615
  Batch 2140/10484, Loss: 4.0840
  Batch 2150/10484, Loss: 4.4562
  Batch 2160/10484, Loss: 4.5759
  Batch 2170/10484, Loss: 4.3300
  Batch 2180/10484, Loss: 4.7804
  Batch 2190/10484, Loss: 4.2016
  Batch 2200/10484, Loss: 4.5818
  Batch 2210/10484, Loss: 4.0659
  Batch 2220/10484, Loss: 4.3116
  Batch 2230/10484, Loss: 4.3930
  Batch 2240/10484, Loss: 4.5803
  Batch 2250/10484, Loss: 4.8950
  Batch 2260/10484, Loss: 4.6644
  Batch 2270/10484, Loss: 4.0038
  Batch 2280/10484, Loss: 4.6183
  Batch 2290/10484, Loss: 4.6971
  Batch 2300/10484, Loss: 4.5025
  Batch 2310/10484, Loss: 4.4872
  Batch 2320/10484, Loss: 4.8069
  Batch 2330/10484, Loss: 4.3077
  Batch 2340/10484, Loss: 4.3255
  Batch 2350/10484, Loss: 4.2999
  Batch 2360/10484, Loss: 4.5276
  Batch 2370/10484, Loss: 3.8432
  Batch 2380/10484, Loss: 4.1002
  Batch 2390/10484, Loss: 3.9875
  Batch 2400/10484, Loss: 3.7117
  Batch 2410/10484, Loss: 3.9652
  Batch 2420/10484, Loss: 4.3247
  Batch 2430/10484, Loss: 4.0969
  Batch 2440/10484, Loss: 4.6094
  Batch 2450/10484, Loss: 4.6546
  Batch 2460/10484, Loss: 4.9412
  Batch 2470/10484, Loss: 4.1460
  Batch 2480/10484, Loss: 4.0858
  Batch 2490/10484, Loss: 4.1979
  Batch 2500/10484, Loss: 4.5190
  Batch 2510/10484, Loss: 4.0363
  Batch 2520/10484, Loss: 3.9879
  Batch 2530/10484, Loss: 4.1950
  Batch 2540/10484, Loss: 4.8236
  Batch 2550/10484, Loss: 4.4410
  Batch 2560/10484, Loss: 3.8442
  Batch 2570/10484, Loss: 4.2136
  Batch 2580/10484, Loss: 3.7267
  Batch 2590/10484, Loss: 4.5991
  Batch 2600/10484, Loss: 4.3822
  Batch 2610/10484, Loss: 4.4480
  Batch 2620/10484, Loss: 4.6315
  Batch 2630/10484, Loss: 3.9857
  Batch 2640/10484, Loss: 4.5284
  Batch 2650/10484, Loss: 4.0184
  Batch 2660/10484, Loss: 4.5086
  Batch 2670/10484, Loss: 4.9689
  Batch 2680/10484, Loss: 4.0988
  Batch 2690/10484, Loss: 4.1017
  Batch 2700/10484, Loss: 4.6653
  Batch 2710/10484, Loss: 4.6067
  Batch 2720/10484, Loss: 4.0004
  Batch 2730/10484, Loss: 4.0648
  Batch 2740/10484, Loss: 4.9497
  Batch 2750/10484, Loss: 4.4622
  Batch 2760/10484, Loss: 4.6254
  Batch 2770/10484, Loss: 4.5016
  Batch 2780/10484, Loss: 4.6731
  Batch 2790/10484, Loss: 4.1119
  Batch 2800/10484, Loss: 3.8265
  Batch 2810/10484, Loss: 4.6650
  Batch 2820/10484, Loss: 4.7010
  Batch 2830/10484, Loss: 4.4247
  Batch 2840/10484, Loss: 4.3995
  Batch 2850/10484, Loss: 4.2089
  Batch 2860/10484, Loss: 4.4839
  Batch 2870/10484, Loss: 4.0715
  Batch 2880/10484, Loss: 3.9491
  Batch 2890/10484, Loss: 4.2813
  Batch 2900/10484, Loss: 4.4841
  Batch 2910/10484, Loss: 4.0934
  Batch 2920/10484, Loss: 4.0735
  Batch 2930/10484, Loss: 4.7431
  Batch 2940/10484, Loss: 4.3592
  Batch 2950/10484, Loss: 4.3037
  Batch 2960/10484, Loss: 4.2700
  Batch 2970/10484, Loss: 4.6333
  Batch 2980/10484, Loss: 4.2500
  Batch 2990/10484, Loss: 4.3996
  Batch 3000/10484, Loss: 4.9883
  Batch 3010/10484, Loss: 4.2964
  Batch 3020/10484, Loss: 4.6075
  Batch 3030/10484, Loss: 4.2747
  Batch 3040/10484, Loss: 4.7563
  Batch 3050/10484, Loss: 4.2004
  Batch 3060/10484, Loss: 4.7474
  Batch 3070/10484, Loss: 4.5954
  Batch 3080/10484, Loss: 4.5325
  Batch 3090/10484, Loss: 4.8802
  Batch 3100/10484, Loss: 4.7208
  Batch 3110/10484, Loss: 4.4899
  Batch 3120/10484, Loss: 4.3633
  Batch 3130/10484, Loss: 4.5013
  Batch 3140/10484, Loss: 4.4944
  Batch 3150/10484, Loss: 4.4362
  Batch 3160/10484, Loss: 4.3562
  Batch 3170/10484, Loss: 4.5438
  Batch 3180/10484, Loss: 4.3071
  Batch 3190/10484, Loss: 3.8132
  Batch 3200/10484, Loss: 4.4136
  Batch 3210/10484, Loss: 4.9374
  Batch 3220/10484, Loss: 4.2357
  Batch 3230/10484, Loss: 4.4199
  Batch 3240/10484, Loss: 4.9168
  Batch 3250/10484, Loss: 4.7236
  Batch 3260/10484, Loss: 3.9687
  Batch 3270/10484, Loss: 4.6633
  Batch 3280/10484, Loss: 3.9670
  Batch 3290/10484, Loss: 4.5240
  Batch 3300/10484, Loss: 4.4203
  Batch 3310/10484, Loss: 4.0099
  Batch 3320/10484, Loss: 4.6790
  Batch 3330/10484, Loss: 4.3095
  Batch 3340/10484, Loss: 4.7304
  Batch 3350/10484, Loss: 4.2530
  Batch 3360/10484, Loss: 4.2839
  Batch 3370/10484, Loss: 4.8592
  Batch 3380/10484, Loss: 4.3228
  Batch 3390/10484, Loss: 4.0018
  Batch 3400/10484, Loss: 4.2563
  Batch 3410/10484, Loss: 4.9601
  Batch 3420/10484, Loss: 4.5737
  Batch 3430/10484, Loss: 4.8475
  Batch 3440/10484, Loss: 4.3955
  Batch 3450/10484, Loss: 4.0117
  Batch 3460/10484, Loss: 4.9838
  Batch 3470/10484, Loss: 3.8827
  Batch 3480/10484, Loss: 4.6026
  Batch 3490/10484, Loss: 4.1482
  Batch 3500/10484, Loss: 4.0152
  Batch 3510/10484, Loss: 4.2313
  Batch 3520/10484, Loss: 4.3889
  Batch 3530/10484, Loss: 4.6540
  Batch 3540/10484, Loss: 4.2513
  Batch 3550/10484, Loss: 4.3505
  Batch 3560/10484, Loss: 4.3994
  Batch 3570/10484, Loss: 3.6756
  Batch 3580/10484, Loss: 4.1027
  Batch 3590/10484, Loss: 3.4666
  Batch 3600/10484, Loss: 4.7427
  Batch 3610/10484, Loss: 3.8146
  Batch 3620/10484, Loss: 4.0298
  Batch 3630/10484, Loss: 3.8013
  Batch 3640/10484, Loss: 4.7618
  Batch 3650/10484, Loss: 4.0107
  Batch 3660/10484, Loss: 4.6044
  Batch 3670/10484, Loss: 4.7987
  Batch 3680/10484, Loss: 4.7857
  Batch 3690/10484, Loss: 3.9557
  Batch 3700/10484, Loss: 4.1168
  Batch 3710/10484, Loss: 4.0441
  Batch 3720/10484, Loss: 4.1355
  Batch 3730/10484, Loss: 4.0868
  Batch 3740/10484, Loss: 4.7673
  Batch 3750/10484, Loss: 4.5800
  Batch 3760/10484, Loss: 4.4289
  Batch 3770/10484, Loss: 3.9482
  Batch 3780/10484, Loss: 4.5609
  Batch 3790/10484, Loss: 4.4784
  Batch 3800/10484, Loss: 4.1804
  Batch 3810/10484, Loss: 4.1136
  Batch 3820/10484, Loss: 3.8163
  Batch 3830/10484, Loss: 4.5564
  Batch 3840/10484, Loss: 4.5618
  Batch 3850/10484, Loss: 4.5950
  Batch 3860/10484, Loss: 4.6602
  Batch 3870/10484, Loss: 4.2796
  Batch 3880/10484, Loss: 4.2231
  Batch 3890/10484, Loss: 4.0082
  Batch 3900/10484, Loss: 4.2465
  Batch 3910/10484, Loss: 4.3645
  Batch 3920/10484, Loss: 4.1773
  Batch 3930/10484, Loss: 4.3717
  Batch 3940/10484, Loss: 4.4132
  Batch 3950/10484, Loss: 4.8795
  Batch 3960/10484, Loss: 4.7532
  Batch 3970/10484, Loss: 4.0018
  Batch 3980/10484, Loss: 4.2648
  Batch 3990/10484, Loss: 4.9500
  Batch 4000/10484, Loss: 4.4652
  Batch 4010/10484, Loss: 4.3569
  Batch 4020/10484, Loss: 4.3443
  Batch 4030/10484, Loss: 4.3218
  Batch 4040/10484, Loss: 5.0112
  Batch 4050/10484, Loss: 4.0214
  Batch 4060/10484, Loss: 4.5915
  Batch 4070/10484, Loss: 4.8870
  Batch 4080/10484, Loss: 4.8924
  Batch 4090/10484, Loss: 4.3223
  Batch 4100/10484, Loss: 4.5239
  Batch 4110/10484, Loss: 4.3186
  Batch 4120/10484, Loss: 4.1864
  Batch 4130/10484, Loss: 3.8709
  Batch 4140/10484, Loss: 3.9213
  Batch 4150/10484, Loss: 4.9576
  Batch 4160/10484, Loss: 4.7031
  Batch 4170/10484, Loss: 4.3803
  Batch 4180/10484, Loss: 4.1524
  Batch 4190/10484, Loss: 4.2811
  Batch 4200/10484, Loss: 4.3728
  Batch 4210/10484, Loss: 4.4042
  Batch 4220/10484, Loss: 3.8327
  Batch 4230/10484, Loss: 4.8779
  Batch 4240/10484, Loss: 4.7641
  Batch 4250/10484, Loss: 4.9168
  Batch 4260/10484, Loss: 4.0172
  Batch 4270/10484, Loss: 4.6393
  Batch 4280/10484, Loss: 4.2620
  Batch 4290/10484, Loss: 4.7055
  Batch 4300/10484, Loss: 4.5916
  Batch 4310/10484, Loss: 4.3915
  Batch 4320/10484, Loss: 4.3375
  Batch 4330/10484, Loss: 4.2940
  Batch 4340/10484, Loss: 3.9258
  Batch 4350/10484, Loss: 4.2267
  Batch 4360/10484, Loss: 4.4605
  Batch 4370/10484, Loss: 4.1744
  Batch 4380/10484, Loss: 4.2722
  Batch 4390/10484, Loss: 3.7813
  Batch 4400/10484, Loss: 4.3910
  Batch 4410/10484, Loss: 4.7906
  Batch 4420/10484, Loss: 4.7887
  Batch 4430/10484, Loss: 4.1471
  Batch 4440/10484, Loss: 4.6968
  Batch 4450/10484, Loss: 4.5063
  Batch 4460/10484, Loss: 4.9825
  Batch 4470/10484, Loss: 4.0028
  Batch 4480/10484, Loss: 4.6874
  Batch 4490/10484, Loss: 4.6391
  Batch 4500/10484, Loss: 3.9441
  Batch 4510/10484, Loss: 4.1107
  Batch 4520/10484, Loss: 4.3728
  Batch 4530/10484, Loss: 4.1478
  Batch 4540/10484, Loss: 4.4537
  Batch 4550/10484, Loss: 4.2640
  Batch 4560/10484, Loss: 4.3411
  Batch 4570/10484, Loss: 4.4745
  Batch 4580/10484, Loss: 4.4510
  Batch 4590/10484, Loss: 4.6067
  Batch 4600/10484, Loss: 4.1017
  Batch 4610/10484, Loss: 4.6115
  Batch 4620/10484, Loss: 4.0270
  Batch 4630/10484, Loss: 4.1032
  Batch 4640/10484, Loss: 4.3279
  Batch 4650/10484, Loss: 4.3143
  Batch 4660/10484, Loss: 4.3909
  Batch 4670/10484, Loss: 4.3475
  Batch 4680/10484, Loss: 4.2406
  Batch 4690/10484, Loss: 4.7007
  Batch 4700/10484, Loss: 3.7049
  Batch 4710/10484, Loss: 3.7837
  Batch 4720/10484, Loss: 3.9956
  Batch 4730/10484, Loss: 4.9600
  Batch 4740/10484, Loss: 4.5749
  Batch 4750/10484, Loss: 4.4026
  Batch 4760/10484, Loss: 4.4093
  Batch 4770/10484, Loss: 4.7709
  Batch 4780/10484, Loss: 4.2522
  Batch 4790/10484, Loss: 4.5398
  Batch 4800/10484, Loss: 4.0410
  Batch 4810/10484, Loss: 4.5562
  Batch 4820/10484, Loss: 4.4965
  Batch 4830/10484, Loss: 3.9516
  Batch 4840/10484, Loss: 4.6813
  Batch 4850/10484, Loss: 4.2191
  Batch 4860/10484, Loss: 4.3396
  Batch 4870/10484, Loss: 4.6064
  Batch 4880/10484, Loss: 4.9747
  Batch 4890/10484, Loss: 5.0459
  Batch 4900/10484, Loss: 4.4237
  Batch 4910/10484, Loss: 4.6061
  Batch 4920/10484, Loss: 4.6152
  Batch 4930/10484, Loss: 3.6280
  Batch 4940/10484, Loss: 4.0399
  Batch 4950/10484, Loss: 3.9756
  Batch 4960/10484, Loss: 4.9294
  Batch 4970/10484, Loss: 4.5167
  Batch 4980/10484, Loss: 4.4950
  Batch 4990/10484, Loss: 3.8004
  Batch 5000/10484, Loss: 4.3489
  Batch 5010/10484, Loss: 4.5852
  Batch 5020/10484, Loss: 4.6017
  Batch 5030/10484, Loss: 3.3498
  Batch 5040/10484, Loss: 4.2893
  Batch 5050/10484, Loss: 4.4434
  Batch 5060/10484, Loss: 4.7785
  Batch 5070/10484, Loss: 3.8239
  Batch 5080/10484, Loss: 4.9010
  Batch 5090/10484, Loss: 3.8617
  Batch 5100/10484, Loss: 4.3005
  Batch 5110/10484, Loss: 5.0090
  Batch 5120/10484, Loss: 4.3728
  Batch 5130/10484, Loss: 4.0872
  Batch 5140/10484, Loss: 4.5686
  Batch 5150/10484, Loss: 4.6364
  Batch 5160/10484, Loss: 4.1173
  Batch 5170/10484, Loss: 4.6011
  Batch 5180/10484, Loss: 4.9806
  Batch 5190/10484, Loss: 4.2843
  Batch 5200/10484, Loss: 4.5771
  Batch 5210/10484, Loss: 4.2655
  Batch 5220/10484, Loss: 4.2638
  Batch 5230/10484, Loss: 4.2779
  Batch 5240/10484, Loss: 4.8024
  Batch 5250/10484, Loss: 4.7199
  Batch 5260/10484, Loss: 3.9313
  Batch 5270/10484, Loss: 4.0977
  Batch 5280/10484, Loss: 4.1692
  Batch 5290/10484, Loss: 4.8017
  Batch 5300/10484, Loss: 4.6583
  Batch 5310/10484, Loss: 5.0928
  Batch 5320/10484, Loss: 4.3741
  Batch 5330/10484, Loss: 4.0028
  Batch 5340/10484, Loss: 4.6623
  Batch 5350/10484, Loss: 4.2202
  Batch 5360/10484, Loss: 4.1805
  Batch 5370/10484, Loss: 4.6800
  Batch 5380/10484, Loss: 4.3810
  Batch 5390/10484, Loss: 4.0309
  Batch 5400/10484, Loss: 4.7190
  Batch 5410/10484, Loss: 4.3549
  Batch 5420/10484, Loss: 4.5721
  Batch 5430/10484, Loss: 4.1564
  Batch 5440/10484, Loss: 4.2881
  Batch 5450/10484, Loss: 3.7569
  Batch 5460/10484, Loss: 3.6769
  Batch 5470/10484, Loss: 4.0395
  Batch 5480/10484, Loss: 4.4505
  Batch 5490/10484, Loss: 4.2188
  Batch 5500/10484, Loss: 4.6515
  Batch 5510/10484, Loss: 4.2832
  Batch 5520/10484, Loss: 3.9864
  Batch 5530/10484, Loss: 4.5683
  Batch 5540/10484, Loss: 4.1704
  Batch 5550/10484, Loss: 3.7813
  Batch 5560/10484, Loss: 3.8461
  Batch 5570/10484, Loss: 4.4190
  Batch 5580/10484, Loss: 3.9708
  Batch 5590/10484, Loss: 5.0742
  Batch 5600/10484, Loss: 3.6712
  Batch 5610/10484, Loss: 4.6035
  Batch 5620/10484, Loss: 4.0517
  Batch 5630/10484, Loss: 4.8925
  Batch 5640/10484, Loss: 4.0938
  Batch 5650/10484, Loss: 4.1889
  Batch 5660/10484, Loss: 4.5878
  Batch 5670/10484, Loss: 4.5815
  Batch 5680/10484, Loss: 5.0569
  Batch 5690/10484, Loss: 4.4893
  Batch 5700/10484, Loss: 4.6105
  Batch 5710/10484, Loss: 4.0705
  Batch 5720/10484, Loss: 4.5054
  Batch 5730/10484, Loss: 4.0035
  Batch 5740/10484, Loss: 4.1194
  Batch 5750/10484, Loss: 4.3491
  Batch 5760/10484, Loss: 4.5669
  Batch 5770/10484, Loss: 3.9354
  Batch 5780/10484, Loss: 4.2771
  Batch 5790/10484, Loss: 4.1585
  Batch 5800/10484, Loss: 4.6236
  Batch 5810/10484, Loss: 4.5686
  Batch 5820/10484, Loss: 4.3494
  Batch 5830/10484, Loss: 4.2732
  Batch 5840/10484, Loss: 4.9379
  Batch 5850/10484, Loss: 4.2164
  Batch 5860/10484, Loss: 3.8809
  Batch 5870/10484, Loss: 4.3023
  Batch 5880/10484, Loss: 4.8055
  Batch 5890/10484, Loss: 4.7868
  Batch 5900/10484, Loss: 4.4844
  Batch 5910/10484, Loss: 4.4039
  Batch 5920/10484, Loss: 4.1775
  Batch 5930/10484, Loss: 4.1062
  Batch 5940/10484, Loss: 3.8332
  Batch 5950/10484, Loss: 5.0781
  Batch 5960/10484, Loss: 4.1718
  Batch 5970/10484, Loss: 3.8613
  Batch 5980/10484, Loss: 4.6216
  Batch 5990/10484, Loss: 4.1658
  Batch 6000/10484, Loss: 4.4072
  Batch 6010/10484, Loss: 4.3336
  Batch 6020/10484, Loss: 4.7045
  Batch 6030/10484, Loss: 4.3225
  Batch 6040/10484, Loss: 4.5893
  Batch 6050/10484, Loss: 3.9062
  Batch 6060/10484, Loss: 4.7703
  Batch 6070/10484, Loss: 3.8789
  Batch 6080/10484, Loss: 4.5703
  Batch 6090/10484, Loss: 4.9388
  Batch 6100/10484, Loss: 3.7877
  Batch 6110/10484, Loss: 4.5838
  Batch 6120/10484, Loss: 3.9366
  Batch 6130/10484, Loss: 4.5388
  Batch 6140/10484, Loss: 4.5812
  Batch 6150/10484, Loss: 4.3065
  Batch 6160/10484, Loss: 4.1016
  Batch 6170/10484, Loss: 4.4083
  Batch 6180/10484, Loss: 5.0158
  Batch 6190/10484, Loss: 4.5483
  Batch 6200/10484, Loss: 4.2877
  Batch 6210/10484, Loss: 4.6884
  Batch 6220/10484, Loss: 4.1533
  Batch 6230/10484, Loss: 4.7104
  Batch 6240/10484, Loss: 4.4660
  Batch 6250/10484, Loss: 4.3852
  Batch 6260/10484, Loss: 3.8459
  Batch 6270/10484, Loss: 4.2798
  Batch 6280/10484, Loss: 4.0854
  Batch 6290/10484, Loss: 4.2004
  Batch 6300/10484, Loss: 4.6636
  Batch 6310/10484, Loss: 4.3848
  Batch 6320/10484, Loss: 4.2826
  Batch 6330/10484, Loss: 4.5131
  Batch 6340/10484, Loss: 3.7840
  Batch 6350/10484, Loss: 4.1912
  Batch 6360/10484, Loss: 4.4339
  Batch 6370/10484, Loss: 4.1491
  Batch 6380/10484, Loss: 3.8294
  Batch 6390/10484, Loss: 4.6145
  Batch 6400/10484, Loss: 4.5390
  Batch 6410/10484, Loss: 4.3593
  Batch 6420/10484, Loss: 4.2078
  Batch 6430/10484, Loss: 4.8691
  Batch 6440/10484, Loss: 4.0187
  Batch 6450/10484, Loss: 4.2497
  Batch 6460/10484, Loss: 4.4694
  Batch 6470/10484, Loss: 4.3995
  Batch 6480/10484, Loss: 3.8966
  Batch 6490/10484, Loss: 4.7316
  Batch 6500/10484, Loss: 4.3761
  Batch 6510/10484, Loss: 4.8005
  Batch 6520/10484, Loss: 5.3239
  Batch 6530/10484, Loss: 4.8818
  Batch 6540/10484, Loss: 4.1147
  Batch 6550/10484, Loss: 4.2566
  Batch 6560/10484, Loss: 5.1002
  Batch 6570/10484, Loss: 4.3774
  Batch 6580/10484, Loss: 4.4505
  Batch 6590/10484, Loss: 4.3417
  Batch 6600/10484, Loss: 4.3274
  Batch 6610/10484, Loss: 4.5973
  Batch 6620/10484, Loss: 3.9913
  Batch 6630/10484, Loss: 4.1495
  Batch 6640/10484, Loss: 4.5117
  Batch 6650/10484, Loss: 4.3938
  Batch 6660/10484, Loss: 4.9758
  Batch 6670/10484, Loss: 4.4123
  Batch 6680/10484, Loss: 4.7027
  Batch 6690/10484, Loss: 3.7595
  Batch 6700/10484, Loss: 4.1271
  Batch 6710/10484, Loss: 4.5173
  Batch 6720/10484, Loss: 4.5966
  Batch 6730/10484, Loss: 4.4994
  Batch 6740/10484, Loss: 3.9551
  Batch 6750/10484, Loss: 4.4433
  Batch 6760/10484, Loss: 4.8108
  Batch 6770/10484, Loss: 4.1798
  Batch 6780/10484, Loss: 5.0578
  Batch 6790/10484, Loss: 4.4109
  Batch 6800/10484, Loss: 4.4993
  Batch 6810/10484, Loss: 4.2001
  Batch 6820/10484, Loss: 4.9473
  Batch 6830/10484, Loss: 5.1078
  Batch 6840/10484, Loss: 4.1030
  Batch 6850/10484, Loss: 4.3729
  Batch 6860/10484, Loss: 4.7795
  Batch 6870/10484, Loss: 4.7161
  Batch 6880/10484, Loss: 4.6842
  Batch 6890/10484, Loss: 4.5217
  Batch 6900/10484, Loss: 5.1413
  Batch 6910/10484, Loss: 4.7479
  Batch 6920/10484, Loss: 4.5126
  Batch 6930/10484, Loss: 4.6304
  Batch 6940/10484, Loss: 4.0535
  Batch 6950/10484, Loss: 4.7438
  Batch 6960/10484, Loss: 4.3048
  Batch 6970/10484, Loss: 4.3156
  Batch 6980/10484, Loss: 4.3318
  Batch 6990/10484, Loss: 4.7644
  Batch 7000/10484, Loss: 4.7333
  Batch 7010/10484, Loss: 4.0951
  Batch 7020/10484, Loss: 4.1348
  Batch 7030/10484, Loss: 4.3352
  Batch 7040/10484, Loss: 4.7051
  Batch 7050/10484, Loss: 5.0765
  Batch 7060/10484, Loss: 4.4767
  Batch 7070/10484, Loss: 4.3801
  Batch 7080/10484, Loss: 4.2899
  Batch 7090/10484, Loss: 4.5925
  Batch 7100/10484, Loss: 4.1643
  Batch 7110/10484, Loss: 4.2691
  Batch 7120/10484, Loss: 4.5645
  Batch 7130/10484, Loss: 4.0111
  Batch 7140/10484, Loss: 4.9158
  Batch 7150/10484, Loss: 4.2918
  Batch 7160/10484, Loss: 4.2397
  Batch 7170/10484, Loss: 4.0148
  Batch 7180/10484, Loss: 4.4902
  Batch 7190/10484, Loss: 4.6388
  Batch 7200/10484, Loss: 4.4681
  Batch 7210/10484, Loss: 5.0317
  Batch 7220/10484, Loss: 4.4222
  Batch 7230/10484, Loss: 4.8226
  Batch 7240/10484, Loss: 4.2276
  Batch 7250/10484, Loss: 4.7915
  Batch 7260/10484, Loss: 4.5673
  Batch 7270/10484, Loss: 4.6397
  Batch 7280/10484, Loss: 4.5689
  Batch 7290/10484, Loss: 4.5319
  Batch 7300/10484, Loss: 4.0384
  Batch 7310/10484, Loss: 4.3425
  Batch 7320/10484, Loss: 4.3881
  Batch 7330/10484, Loss: 4.1814
  Batch 7340/10484, Loss: 4.7021
  Batch 7350/10484, Loss: 4.3280
  Batch 7360/10484, Loss: 4.5932
  Batch 7370/10484, Loss: 4.5722
  Batch 7380/10484, Loss: 4.2071
  Batch 7390/10484, Loss: 4.5435
  Batch 7400/10484, Loss: 4.3910
  Batch 7410/10484, Loss: 4.7477
  Batch 7420/10484, Loss: 3.5209
  Batch 7430/10484, Loss: 4.3097
  Batch 7440/10484, Loss: 4.0676
  Batch 7450/10484, Loss: 4.5364
  Batch 7460/10484, Loss: 4.3951
  Batch 7470/10484, Loss: 4.7284
  Batch 7480/10484, Loss: 4.6976
  Batch 7490/10484, Loss: 4.2496
  Batch 7500/10484, Loss: 4.4512
  Batch 7510/10484, Loss: 4.0923
  Batch 7520/10484, Loss: 4.2681
  Batch 7530/10484, Loss: 4.5163
  Batch 7540/10484, Loss: 4.5864
  Batch 7550/10484, Loss: 4.4362
  Batch 7560/10484, Loss: 4.5102
  Batch 7570/10484, Loss: 5.0109
  Batch 7580/10484, Loss: 4.7612
  Batch 7590/10484, Loss: 3.7111
  Batch 7600/10484, Loss: 4.9496
  Batch 7610/10484, Loss: 4.3394
  Batch 7620/10484, Loss: 4.6853
  Batch 7630/10484, Loss: 4.1655
  Batch 7640/10484, Loss: 3.7008
  Batch 7650/10484, Loss: 4.4700
  Batch 7660/10484, Loss: 4.0975
  Batch 7670/10484, Loss: 4.4059
  Batch 7680/10484, Loss: 4.3547
  Batch 7690/10484, Loss: 4.6401
  Batch 7700/10484, Loss: 4.6858
  Batch 7710/10484, Loss: 4.6242
  Batch 7720/10484, Loss: 3.3227
  Batch 7730/10484, Loss: 4.8011
  Batch 7740/10484, Loss: 4.2993
  Batch 7750/10484, Loss: 4.3510
  Batch 7760/10484, Loss: 4.1044
  Batch 7770/10484, Loss: 4.3231
  Batch 7780/10484, Loss: 4.5087
  Batch 7790/10484, Loss: 4.3927
  Batch 7800/10484, Loss: 4.6261
  Batch 7810/10484, Loss: 4.8501
  Batch 7820/10484, Loss: 4.5141
  Batch 7830/10484, Loss: 4.7909
  Batch 7840/10484, Loss: 4.8726
  Batch 7850/10484, Loss: 4.5711
  Batch 7860/10484, Loss: 4.4100
  Batch 7870/10484, Loss: 4.1070
  Batch 7880/10484, Loss: 4.8419
  Batch 7890/10484, Loss: 4.3939
  Batch 7900/10484, Loss: 4.3870
  Batch 7910/10484, Loss: 4.4372
  Batch 7920/10484, Loss: 4.2628
  Batch 7930/10484, Loss: 4.6204
  Batch 7940/10484, Loss: 4.3877
  Batch 7950/10484, Loss: 4.6222
  Batch 7960/10484, Loss: 4.3305
  Batch 7970/10484, Loss: 4.4819
  Batch 7980/10484, Loss: 4.5022
  Batch 7990/10484, Loss: 3.9670
  Batch 8000/10484, Loss: 4.7326
  Batch 8010/10484, Loss: 4.2495
  Batch 8020/10484, Loss: 4.8172
  Batch 8030/10484, Loss: 3.8066
  Batch 8040/10484, Loss: 4.0359
  Batch 8050/10484, Loss: 4.2035
  Batch 8060/10484, Loss: 3.9558
  Batch 8070/10484, Loss: 4.6111
  Batch 8080/10484, Loss: 4.6951
  Batch 8090/10484, Loss: 4.0422
  Batch 8100/10484, Loss: 3.9126
  Batch 8110/10484, Loss: 4.2618
  Batch 8120/10484, Loss: 4.8245
  Batch 8130/10484, Loss: 3.4929
  Batch 8140/10484, Loss: 4.9404
  Batch 8150/10484, Loss: 3.9588
  Batch 8160/10484, Loss: 4.2655
  Batch 8170/10484, Loss: 3.8677
  Batch 8180/10484, Loss: 4.0691
  Batch 8190/10484, Loss: 4.4353
  Batch 8200/10484, Loss: 4.5048
  Batch 8210/10484, Loss: 4.0621
  Batch 8220/10484, Loss: 4.5207
  Batch 8230/10484, Loss: 4.2538
  Batch 8240/10484, Loss: 4.9113
  Batch 8250/10484, Loss: 3.8853
  Batch 8260/10484, Loss: 4.1768
  Batch 8270/10484, Loss: 4.1690
  Batch 8280/10484, Loss: 4.8875
  Batch 8290/10484, Loss: 4.8234
  Batch 8300/10484, Loss: 4.3017
  Batch 8310/10484, Loss: 4.3395
  Batch 8320/10484, Loss: 4.4482
  Batch 8330/10484, Loss: 4.5826
  Batch 8340/10484, Loss: 4.3455
  Batch 8350/10484, Loss: 4.4175
  Batch 8360/10484, Loss: 4.2739
  Batch 8370/10484, Loss: 4.3400
  Batch 8380/10484, Loss: 4.4961
  Batch 8390/10484, Loss: 4.4750
  Batch 8400/10484, Loss: 4.6592
  Batch 8410/10484, Loss: 3.9226
  Batch 8420/10484, Loss: 4.7375
  Batch 8430/10484, Loss: 4.5938
  Batch 8440/10484, Loss: 4.7730
  Batch 8450/10484, Loss: 4.3596
  Batch 8460/10484, Loss: 4.9445
  Batch 8470/10484, Loss: 4.3260
  Batch 8480/10484, Loss: 4.4428
  Batch 8490/10484, Loss: 5.2295
  Batch 8500/10484, Loss: 4.2716
  Batch 8510/10484, Loss: 4.7106
  Batch 8520/10484, Loss: 4.7288
  Batch 8530/10484, Loss: 4.8153
  Batch 8540/10484, Loss: 4.4723
  Batch 8550/10484, Loss: 4.3452
  Batch 8560/10484, Loss: 3.5916
  Batch 8570/10484, Loss: 4.4903
  Batch 8580/10484, Loss: 4.3940
  Batch 8590/10484, Loss: 4.0846
  Batch 8600/10484, Loss: 4.3193
  Batch 8610/10484, Loss: 4.9603
  Batch 8620/10484, Loss: 4.2098
  Batch 8630/10484, Loss: 4.6012
  Batch 8640/10484, Loss: 4.1617
  Batch 8650/10484, Loss: 4.0432
  Batch 8660/10484, Loss: 4.5878
  Batch 8670/10484, Loss: 4.6489
  Batch 8680/10484, Loss: 3.9462
  Batch 8690/10484, Loss: 3.7335
  Batch 8700/10484, Loss: 4.6716
  Batch 8710/10484, Loss: 4.2584
  Batch 8720/10484, Loss: 3.8991
  Batch 8730/10484, Loss: 4.1060
  Batch 8740/10484, Loss: 4.0567
  Batch 8750/10484, Loss: 4.3579
  Batch 8760/10484, Loss: 3.8997
  Batch 8770/10484, Loss: 4.9778
  Batch 8780/10484, Loss: 4.4069
  Batch 8790/10484, Loss: 3.9119
  Batch 8800/10484, Loss: 4.6136
  Batch 8810/10484, Loss: 3.9662
  Batch 8820/10484, Loss: 4.6238
  Batch 8830/10484, Loss: 4.0910
  Batch 8840/10484, Loss: 4.8044
  Batch 8850/10484, Loss: 4.4964
  Batch 8860/10484, Loss: 4.4470
  Batch 8870/10484, Loss: 4.4539
  Batch 8880/10484, Loss: 4.1191
  Batch 8890/10484, Loss: 4.5547
  Batch 8900/10484, Loss: 4.8224
  Batch 8910/10484, Loss: 3.9500
  Batch 8920/10484, Loss: 4.4226
  Batch 8930/10484, Loss: 4.5497
  Batch 8940/10484, Loss: 4.7764
  Batch 8950/10484, Loss: 4.6628
  Batch 8960/10484, Loss: 4.3882
  Batch 8970/10484, Loss: 4.0963
  Batch 8980/10484, Loss: 4.5992
  Batch 8990/10484, Loss: 4.8728
  Batch 9000/10484, Loss: 4.5109
  Batch 9010/10484, Loss: 4.4917
  Batch 9020/10484, Loss: 4.0100
  Batch 9030/10484, Loss: 4.3356
  Batch 9040/10484, Loss: 4.1327
  Batch 9050/10484, Loss: 4.3044
  Batch 9060/10484, Loss: 3.8112
  Batch 9070/10484, Loss: 4.3568
  Batch 9080/10484, Loss: 4.5337
  Batch 9090/10484, Loss: 4.4865
  Batch 9100/10484, Loss: 4.0498
  Batch 9110/10484, Loss: 4.7058
  Batch 9120/10484, Loss: 4.4685
  Batch 9130/10484, Loss: 4.0181
  Batch 9140/10484, Loss: 4.7078
  Batch 9150/10484, Loss: 3.9913
  Batch 9160/10484, Loss: 4.6569
  Batch 9170/10484, Loss: 4.2379
  Batch 9180/10484, Loss: 5.0569
  Batch 9190/10484, Loss: 4.4238
  Batch 9200/10484, Loss: 4.5274
  Batch 9210/10484, Loss: 4.3258
  Batch 9220/10484, Loss: 4.2110
  Batch 9230/10484, Loss: 3.7190
  Batch 9240/10484, Loss: 4.6915
  Batch 9250/10484, Loss: 3.9175
  Batch 9260/10484, Loss: 4.2849
  Batch 9270/10484, Loss: 4.2903
  Batch 9280/10484, Loss: 4.1520
  Batch 9290/10484, Loss: 4.3127
  Batch 9300/10484, Loss: 4.4107
  Batch 9310/10484, Loss: 4.3985
  Batch 9320/10484, Loss: 4.2694
  Batch 9330/10484, Loss: 4.6388
  Batch 9340/10484, Loss: 4.9630
  Batch 9350/10484, Loss: 3.9845
  Batch 9360/10484, Loss: 3.9947
  Batch 9370/10484, Loss: 4.5816
  Batch 9380/10484, Loss: 4.5903
  Batch 9390/10484, Loss: 4.2207
  Batch 9400/10484, Loss: 4.3327
  Batch 9410/10484, Loss: 4.3925
  Batch 9420/10484, Loss: 4.4759
  Batch 9430/10484, Loss: 4.7603
  Batch 9440/10484, Loss: 4.4007
  Batch 9450/10484, Loss: 4.1068
  Batch 9460/10484, Loss: 4.3421
  Batch 9470/10484, Loss: 4.3606
  Batch 9480/10484, Loss: 3.8948
  Batch 9490/10484, Loss: 4.4866
  Batch 9500/10484, Loss: 4.6273
  Batch 9510/10484, Loss: 5.0076
  Batch 9520/10484, Loss: 4.4575
  Batch 9530/10484, Loss: 3.7284
  Batch 9540/10484, Loss: 4.1105
  Batch 9550/10484, Loss: 4.2417
  Batch 9560/10484, Loss: 4.2662
  Batch 9570/10484, Loss: 4.8998
  Batch 9580/10484, Loss: 4.1059
  Batch 9590/10484, Loss: 4.2407
  Batch 9600/10484, Loss: 4.3938
  Batch 9610/10484, Loss: 4.4995
  Batch 9620/10484, Loss: 4.5725
  Batch 9630/10484, Loss: 4.1736
  Batch 9640/10484, Loss: 4.2585
  Batch 9650/10484, Loss: 4.2640
  Batch 9660/10484, Loss: 4.2119
  Batch 9670/10484, Loss: 4.3942
  Batch 9680/10484, Loss: 4.5852
  Batch 9690/10484, Loss: 4.7904
  Batch 9700/10484, Loss: 4.5717
  Batch 9710/10484, Loss: 4.5295
  Batch 9720/10484, Loss: 4.9969
  Batch 9730/10484, Loss: 4.0455
  Batch 9740/10484, Loss: 4.6556
  Batch 9750/10484, Loss: 4.4263
  Batch 9760/10484, Loss: 4.1753
  Batch 9770/10484, Loss: 3.9777
  Batch 9780/10484, Loss: 4.3059
  Batch 9790/10484, Loss: 4.7313
  Batch 9800/10484, Loss: 4.2484
  Batch 9810/10484, Loss: 4.6528
  Batch 9820/10484, Loss: 3.8526
  Batch 9830/10484, Loss: 4.4180
  Batch 9840/10484, Loss: 3.8343
  Batch 9850/10484, Loss: 4.2185
  Batch 9860/10484, Loss: 4.0599
  Batch 9870/10484, Loss: 4.5591
  Batch 9880/10484, Loss: 4.3785
  Batch 9890/10484, Loss: 4.9263
  Batch 9900/10484, Loss: 4.7677
  Batch 9910/10484, Loss: 4.6741
  Batch 9920/10484, Loss: 4.8148
  Batch 9930/10484, Loss: 4.2176
  Batch 9940/10484, Loss: 4.1430
  Batch 9950/10484, Loss: 4.4599
  Batch 9960/10484, Loss: 4.3840
  Batch 9970/10484, Loss: 4.2831
  Batch 9980/10484, Loss: 4.9182
  Batch 9990/10484, Loss: 4.3304
  Batch 10000/10484, Loss: 4.3560
  Batch 10010/10484, Loss: 4.3732
  Batch 10020/10484, Loss: 5.0189
  Batch 10030/10484, Loss: 3.7898
  Batch 10040/10484, Loss: 4.5229
  Batch 10050/10484, Loss: 3.7302
  Batch 10060/10484, Loss: 4.5225
  Batch 10070/10484, Loss: 4.5247
  Batch 10080/10484, Loss: 4.0698
  Batch 10090/10484, Loss: 4.7836
  Batch 10100/10484, Loss: 4.6675
  Batch 10110/10484, Loss: 4.3912
  Batch 10120/10484, Loss: 4.3211
  Batch 10130/10484, Loss: 4.4262
  Batch 10140/10484, Loss: 4.3407
  Batch 10150/10484, Loss: 4.1167
  Batch 10160/10484, Loss: 4.3501
  Batch 10170/10484, Loss: 4.2307
  Batch 10180/10484, Loss: 4.4084
  Batch 10190/10484, Loss: 4.4292
  Batch 10200/10484, Loss: 3.8391
  Batch 10210/10484, Loss: 4.5964
  Batch 10220/10484, Loss: 4.3302
  Batch 10230/10484, Loss: 4.4385
  Batch 10240/10484, Loss: 4.4697
  Batch 10250/10484, Loss: 3.9471
  Batch 10260/10484, Loss: 4.3304
  Batch 10270/10484, Loss: 4.5355
  Batch 10280/10484, Loss: 4.7128
  Batch 10290/10484, Loss: 4.2317
  Batch 10300/10484, Loss: 4.3420
  Batch 10310/10484, Loss: 4.6969
  Batch 10320/10484, Loss: 4.3980
  Batch 10330/10484, Loss: 4.9749
  Batch 10340/10484, Loss: 4.3213
  Batch 10350/10484, Loss: 4.5412
  Batch 10360/10484, Loss: 4.4549
  Batch 10370/10484, Loss: 4.9225
  Batch 10380/10484, Loss: 4.6738
  Batch 10390/10484, Loss: 4.7393
  Batch 10400/10484, Loss: 3.7710
  Batch 10410/10484, Loss: 3.7103
  Batch 10420/10484, Loss: 4.1830
  Batch 10430/10484, Loss: 5.0157
  Batch 10440/10484, Loss: 4.0987
  Batch 10450/10484, Loss: 3.5655
  Batch 10460/10484, Loss: 3.9206
  Batch 10470/10484, Loss: 4.8628
  Batch 10480/10484, Loss: 4.4986

  Train Loss: 4.3723
  Val Loss: 6.7471
  Time: 35m 42s

Epoch 13/20
----------------------------------------
  Batch 10/10484, Loss: 4.0973
  Batch 20/10484, Loss: 3.9980
  Batch 30/10484, Loss: 4.3939
  Batch 40/10484, Loss: 4.5616
  Batch 50/10484, Loss: 3.7233
  Batch 60/10484, Loss: 4.8263
  Batch 70/10484, Loss: 4.4932
  Batch 80/10484, Loss: 4.4170
  Batch 90/10484, Loss: 4.5170
  Batch 100/10484, Loss: 4.1415
  Batch 110/10484, Loss: 4.6852
  Batch 120/10484, Loss: 4.3559
  Batch 130/10484, Loss: 4.8575
  Batch 140/10484, Loss: 4.7577
  Batch 150/10484, Loss: 4.2590
  Batch 160/10484, Loss: 4.3682
  Batch 170/10484, Loss: 4.4000
  Batch 180/10484, Loss: 4.0398
  Batch 190/10484, Loss: 4.3644
  Batch 200/10484, Loss: 4.0503
  Batch 210/10484, Loss: 4.6345
  Batch 220/10484, Loss: 4.0581
  Batch 230/10484, Loss: 4.3092
  Batch 240/10484, Loss: 4.5612
  Batch 250/10484, Loss: 4.0164
  Batch 260/10484, Loss: 4.3545
  Batch 270/10484, Loss: 4.9200
  Batch 280/10484, Loss: 4.7003
  Batch 290/10484, Loss: 4.4071
  Batch 300/10484, Loss: 4.2703
  Batch 310/10484, Loss: 4.1481
  Batch 320/10484, Loss: 4.1911
  Batch 330/10484, Loss: 3.8729
  Batch 340/10484, Loss: 3.7770
  Batch 350/10484, Loss: 4.5326
  Batch 360/10484, Loss: 4.5194
  Batch 370/10484, Loss: 3.6437
  Batch 380/10484, Loss: 4.0367
  Batch 390/10484, Loss: 3.6025
  Batch 400/10484, Loss: 4.2500
  Batch 410/10484, Loss: 4.1774
  Batch 420/10484, Loss: 4.5633
  Batch 430/10484, Loss: 4.9232
  Batch 440/10484, Loss: 3.8373
  Batch 450/10484, Loss: 4.3990
  Batch 460/10484, Loss: 4.4192
  Batch 470/10484, Loss: 4.4043
  Batch 480/10484, Loss: 4.2925
  Batch 490/10484, Loss: 3.9553
  Batch 500/10484, Loss: 4.4595
  Batch 510/10484, Loss: 3.8992
  Batch 520/10484, Loss: 4.4500
  Batch 530/10484, Loss: 4.7567
  Batch 540/10484, Loss: 3.9936
  Batch 550/10484, Loss: 3.9436
  Batch 560/10484, Loss: 4.7411
  Batch 570/10484, Loss: 4.1409
  Batch 580/10484, Loss: 4.8782
  Batch 590/10484, Loss: 4.6289
  Batch 600/10484, Loss: 3.7212
  Batch 610/10484, Loss: 4.6963
  Batch 620/10484, Loss: 4.3358
  Batch 630/10484, Loss: 4.2204
  Batch 640/10484, Loss: 4.6707
  Batch 650/10484, Loss: 4.3836
  Batch 660/10484, Loss: 4.6672
  Batch 670/10484, Loss: 3.8430
  Batch 680/10484, Loss: 4.3812
  Batch 690/10484, Loss: 4.4034
  Batch 700/10484, Loss: 4.8639
  Batch 710/10484, Loss: 5.0697
  Batch 720/10484, Loss: 4.6669
  Batch 730/10484, Loss: 4.4126
  Batch 740/10484, Loss: 4.0163
  Batch 750/10484, Loss: 4.2608
  Batch 760/10484, Loss: 4.0895
  Batch 770/10484, Loss: 4.6995
  Batch 780/10484, Loss: 3.7751
  Batch 790/10484, Loss: 4.6511
  Batch 800/10484, Loss: 4.1424
  Batch 810/10484, Loss: 3.7354
  Batch 820/10484, Loss: 3.7014
  Batch 830/10484, Loss: 3.9448
  Batch 840/10484, Loss: 3.8910
  Batch 850/10484, Loss: 3.8559
  Batch 860/10484, Loss: 4.0918
  Batch 870/10484, Loss: 4.5883
  Batch 880/10484, Loss: 4.5669
  Batch 890/10484, Loss: 4.2343
  Batch 900/10484, Loss: 4.0230
  Batch 910/10484, Loss: 4.2395
  Batch 920/10484, Loss: 4.9799
  Batch 930/10484, Loss: 4.2128
  Batch 940/10484, Loss: 4.4871
  Batch 950/10484, Loss: 4.3385
  Batch 960/10484, Loss: 4.3116
  Batch 970/10484, Loss: 4.0730
  Batch 980/10484, Loss: 4.9149
  Batch 990/10484, Loss: 4.3119
  Batch 1000/10484, Loss: 4.0102
  Batch 1010/10484, Loss: 4.4413
  Batch 1020/10484, Loss: 3.8027
  Batch 1030/10484, Loss: 4.4755
  Batch 1040/10484, Loss: 4.6949
  Batch 1050/10484, Loss: 4.2950
  Batch 1060/10484, Loss: 4.1662
  Batch 1070/10484, Loss: 4.5040
  Batch 1080/10484, Loss: 4.2222
  Batch 1090/10484, Loss: 4.4125
  Batch 1100/10484, Loss: 4.3423
  Batch 1110/10484, Loss: 4.3241
  Batch 1120/10484, Loss: 3.5516
  Batch 1130/10484, Loss: 4.0519
  Batch 1140/10484, Loss: 3.8464
  Batch 1150/10484, Loss: 4.2494
  Batch 1160/10484, Loss: 4.1901
  Batch 1170/10484, Loss: 4.1311
  Batch 1180/10484, Loss: 4.4973
  Batch 1190/10484, Loss: 4.5136
  Batch 1200/10484, Loss: 4.7809
  Batch 1210/10484, Loss: 4.0836
  Batch 1220/10484, Loss: 4.2051
  Batch 1230/10484, Loss: 4.5108
  Batch 1240/10484, Loss: 4.1083
  Batch 1250/10484, Loss: 4.0265
  Batch 1260/10484, Loss: 4.5940
  Batch 1270/10484, Loss: 4.6119
  Batch 1280/10484, Loss: 4.1460
  Batch 1290/10484, Loss: 4.2266
  Batch 1300/10484, Loss: 4.1893
  Batch 1310/10484, Loss: 4.0862
  Batch 1320/10484, Loss: 4.3146
  Batch 1330/10484, Loss: 4.6594
  Batch 1340/10484, Loss: 4.2496
  Batch 1350/10484, Loss: 4.5635
  Batch 1360/10484, Loss: 4.3987
  Batch 1370/10484, Loss: 3.8879
  Batch 1380/10484, Loss: 4.8462
  Batch 1390/10484, Loss: 4.6160
  Batch 1400/10484, Loss: 4.5478
  Batch 1410/10484, Loss: 4.3300
  Batch 1420/10484, Loss: 4.6511
  Batch 1430/10484, Loss: 4.2238
  Batch 1440/10484, Loss: 4.2921
  Batch 1450/10484, Loss: 4.0439
  Batch 1460/10484, Loss: 4.6554
  Batch 1470/10484, Loss: 4.9951
  Batch 1480/10484, Loss: 3.6072
  Batch 1490/10484, Loss: 4.3867
  Batch 1500/10484, Loss: 4.6281
  Batch 1510/10484, Loss: 4.5195
  Batch 1520/10484, Loss: 4.2476
  Batch 1530/10484, Loss: 4.4944
  Batch 1540/10484, Loss: 4.0059
  Batch 1550/10484, Loss: 4.6087
  Batch 1560/10484, Loss: 4.6976
  Batch 1570/10484, Loss: 3.6605
  Batch 1580/10484, Loss: 4.6629
  Batch 1590/10484, Loss: 4.4765
  Batch 1600/10484, Loss: 4.2520
  Batch 1610/10484, Loss: 4.1365
  Batch 1620/10484, Loss: 4.8861
  Batch 1630/10484, Loss: 4.1408
  Batch 1640/10484, Loss: 4.1588
  Batch 1650/10484, Loss: 4.6638
  Batch 1660/10484, Loss: 4.4826
  Batch 1670/10484, Loss: 3.8086
  Batch 1680/10484, Loss: 4.4096
  Batch 1690/10484, Loss: 4.5969
  Batch 1700/10484, Loss: 4.5271
  Batch 1710/10484, Loss: 4.2139
  Batch 1720/10484, Loss: 4.9822
  Batch 1730/10484, Loss: 4.7930
  Batch 1740/10484, Loss: 4.3783
  Batch 1750/10484, Loss: 4.6677
  Batch 1760/10484, Loss: 4.1150
  Batch 1770/10484, Loss: 4.6016
  Batch 1780/10484, Loss: 4.5476
  Batch 1790/10484, Loss: 4.2619
  Batch 1800/10484, Loss: 3.7144
  Batch 1810/10484, Loss: 4.5928
  Batch 1820/10484, Loss: 4.1147
  Batch 1830/10484, Loss: 4.2516
  Batch 1840/10484, Loss: 4.3423
  Batch 1850/10484, Loss: 4.1124
  Batch 1860/10484, Loss: 5.1151
  Batch 1870/10484, Loss: 4.4008
  Batch 1880/10484, Loss: 4.3783
  Batch 1890/10484, Loss: 3.9870
  Batch 1900/10484, Loss: 4.1770
  Batch 1910/10484, Loss: 4.4203
  Batch 1920/10484, Loss: 4.2382
  Batch 1930/10484, Loss: 4.3521
  Batch 1940/10484, Loss: 3.7368
  Batch 1950/10484, Loss: 4.4315
  Batch 1960/10484, Loss: 4.0044
  Batch 1970/10484, Loss: 4.1514
  Batch 1980/10484, Loss: 4.4030
  Batch 1990/10484, Loss: 4.3730
  Batch 2000/10484, Loss: 4.8112
  Batch 2010/10484, Loss: 4.5704
  Batch 2020/10484, Loss: 4.6323
  Batch 2030/10484, Loss: 4.4454
  Batch 2040/10484, Loss: 4.7508
  Batch 2050/10484, Loss: 4.7535
  Batch 2060/10484, Loss: 4.5027
  Batch 2070/10484, Loss: 3.7665
  Batch 2080/10484, Loss: 4.3078
  Batch 2090/10484, Loss: 3.8734
  Batch 2100/10484, Loss: 5.0456
  Batch 2110/10484, Loss: 4.2402
  Batch 2120/10484, Loss: 4.6690
  Batch 2130/10484, Loss: 3.5517
  Batch 2140/10484, Loss: 4.2320
  Batch 2150/10484, Loss: 4.4569
  Batch 2160/10484, Loss: 3.6907
  Batch 2170/10484, Loss: 3.8990
  Batch 2180/10484, Loss: 4.5465
  Batch 2190/10484, Loss: 4.4422
  Batch 2200/10484, Loss: 3.4374
  Batch 2210/10484, Loss: 4.2303
  Batch 2220/10484, Loss: 3.8881
  Batch 2230/10484, Loss: 3.9187
  Batch 2240/10484, Loss: 3.6682
  Batch 2250/10484, Loss: 4.2121
  Batch 2260/10484, Loss: 4.3862
  Batch 2270/10484, Loss: 4.3905
  Batch 2280/10484, Loss: 4.9035
  Batch 2290/10484, Loss: 3.5861
  Batch 2300/10484, Loss: 3.9790
  Batch 2310/10484, Loss: 4.5372
  Batch 2320/10484, Loss: 4.6310
  Batch 2330/10484, Loss: 4.2895
  Batch 2340/10484, Loss: 4.1988
  Batch 2350/10484, Loss: 4.6688
  Batch 2360/10484, Loss: 4.5173
  Batch 2370/10484, Loss: 4.3734
  Batch 2380/10484, Loss: 4.1488
  Batch 2390/10484, Loss: 4.4704
  Batch 2400/10484, Loss: 4.0086
  Batch 2410/10484, Loss: 5.2419
  Batch 2420/10484, Loss: 4.1115
  Batch 2430/10484, Loss: 4.2682
  Batch 2440/10484, Loss: 4.6708
  Batch 2450/10484, Loss: 4.6212
  Batch 2460/10484, Loss: 4.1931
  Batch 2470/10484, Loss: 4.5237
  Batch 2480/10484, Loss: 4.4425
  Batch 2490/10484, Loss: 4.7566
  Batch 2500/10484, Loss: 4.3414
  Batch 2510/10484, Loss: 4.5843
  Batch 2520/10484, Loss: 4.1977
  Batch 2530/10484, Loss: 4.1404
  Batch 2540/10484, Loss: 3.9836
  Batch 2550/10484, Loss: 4.2806
  Batch 2560/10484, Loss: 4.4907
  Batch 2570/10484, Loss: 4.7211
  Batch 2580/10484, Loss: 4.3770
  Batch 2590/10484, Loss: 4.5536
  Batch 2600/10484, Loss: 4.0788
  Batch 2610/10484, Loss: 4.1892
  Batch 2620/10484, Loss: 4.2387
  Batch 2630/10484, Loss: 4.2710
  Batch 2640/10484, Loss: 4.2099
  Batch 2650/10484, Loss: 4.8706
  Batch 2660/10484, Loss: 4.1018
  Batch 2670/10484, Loss: 4.7188
  Batch 2680/10484, Loss: 4.7663
  Batch 2690/10484, Loss: 4.4336
  Batch 2700/10484, Loss: 4.3490
  Batch 2710/10484, Loss: 4.3815
  Batch 2720/10484, Loss: 4.6901
  Batch 2730/10484, Loss: 4.9124
  Batch 2740/10484, Loss: 4.9087
  Batch 2750/10484, Loss: 4.7141
  Batch 2760/10484, Loss: 4.1400
  Batch 2770/10484, Loss: 4.7270
  Batch 2780/10484, Loss: 4.4669
  Batch 2790/10484, Loss: 4.7396
  Batch 2800/10484, Loss: 3.8884
  Batch 2810/10484, Loss: 3.9308
  Batch 2820/10484, Loss: 4.3125
  Batch 2830/10484, Loss: 5.0925
  Batch 2840/10484, Loss: 4.3849
  Batch 2850/10484, Loss: 4.4805
  Batch 2860/10484, Loss: 4.6955
  Batch 2870/10484, Loss: 4.7119
  Batch 2880/10484, Loss: 4.3459
  Batch 2890/10484, Loss: 3.7365
  Batch 2900/10484, Loss: 3.8576
  Batch 2910/10484, Loss: 4.3623
  Batch 2920/10484, Loss: 4.2590
  Batch 2930/10484, Loss: 3.6973
  Batch 2940/10484, Loss: 4.2323
  Batch 2950/10484, Loss: 4.1044
  Batch 2960/10484, Loss: 4.1183
  Batch 2970/10484, Loss: 3.8350
  Batch 2980/10484, Loss: 3.6713
  Batch 2990/10484, Loss: 4.1648
  Batch 3000/10484, Loss: 4.5751
  Batch 3010/10484, Loss: 4.4432
  Batch 3020/10484, Loss: 4.5437
  Batch 3030/10484, Loss: 4.1623
  Batch 3040/10484, Loss: 4.5153
  Batch 3050/10484, Loss: 4.2514
  Batch 3060/10484, Loss: 4.2728
  Batch 3070/10484, Loss: 4.0869
  Batch 3080/10484, Loss: 4.3718
  Batch 3090/10484, Loss: 4.0403
  Batch 3100/10484, Loss: 4.6478
  Batch 3110/10484, Loss: 4.5723
  Batch 3120/10484, Loss: 4.7168
  Batch 3130/10484, Loss: 4.4379
  Batch 3140/10484, Loss: 4.5435
  Batch 3150/10484, Loss: 4.1725
  Batch 3160/10484, Loss: 5.1454
  Batch 3170/10484, Loss: 4.3725
  Batch 3180/10484, Loss: 4.2150
  Batch 3190/10484, Loss: 4.0583
  Batch 3200/10484, Loss: 4.5762
  Batch 3210/10484, Loss: 4.6944
  Batch 3220/10484, Loss: 4.2809
  Batch 3230/10484, Loss: 4.3823
  Batch 3240/10484, Loss: 3.9820
  Batch 3250/10484, Loss: 4.1570
  Batch 3260/10484, Loss: 4.2623
  Batch 3270/10484, Loss: 4.5524
  Batch 3280/10484, Loss: 4.9110
  Batch 3290/10484, Loss: 4.2110
  Batch 3300/10484, Loss: 4.0711
  Batch 3310/10484, Loss: 5.1035
  Batch 3320/10484, Loss: 4.3355
  Batch 3330/10484, Loss: 4.3009
  Batch 3340/10484, Loss: 4.0326
  Batch 3350/10484, Loss: 3.7996
  Batch 3360/10484, Loss: 4.4950
  Batch 3370/10484, Loss: 4.5637
  Batch 3380/10484, Loss: 4.7536
  Batch 3390/10484, Loss: 3.9003
  Batch 3400/10484, Loss: 4.5209
  Batch 3410/10484, Loss: 4.5327
  Batch 3420/10484, Loss: 3.9078
  Batch 3430/10484, Loss: 4.8902
  Batch 3440/10484, Loss: 4.4851
  Batch 3450/10484, Loss: 4.3410
  Batch 3460/10484, Loss: 4.1190
  Batch 3470/10484, Loss: 4.2248
  Batch 3480/10484, Loss: 4.6896
  Batch 3490/10484, Loss: 3.9116
  Batch 3500/10484, Loss: 4.4706
  Batch 3510/10484, Loss: 4.1101
  Batch 3520/10484, Loss: 4.6338
  Batch 3530/10484, Loss: 4.2656
  Batch 3540/10484, Loss: 4.1118
  Batch 3550/10484, Loss: 3.8238
  Batch 3560/10484, Loss: 4.1938
  Batch 3570/10484, Loss: 4.5494
  Batch 3580/10484, Loss: 3.7526
  Batch 3590/10484, Loss: 3.8774
  Batch 3600/10484, Loss: 4.0400
  Batch 3610/10484, Loss: 4.4768
  Batch 3620/10484, Loss: 4.3844
  Batch 3630/10484, Loss: 4.0377
  Batch 3640/10484, Loss: 4.8802
  Batch 3650/10484, Loss: 4.1519
  Batch 3660/10484, Loss: 4.7252
  Batch 3670/10484, Loss: 4.4196
  Batch 3680/10484, Loss: 3.7621
  Batch 3690/10484, Loss: 4.5985
  Batch 3700/10484, Loss: 4.6715
  Batch 3710/10484, Loss: 4.3933
  Batch 3720/10484, Loss: 4.2274
  Batch 3730/10484, Loss: 4.5278
  Batch 3740/10484, Loss: 4.3512
  Batch 3750/10484, Loss: 4.1859
  Batch 3760/10484, Loss: 4.5450
  Batch 3770/10484, Loss: 4.3559
  Batch 3780/10484, Loss: 4.7584
  Batch 3790/10484, Loss: 4.4981
  Batch 3800/10484, Loss: 4.2439
  Batch 3810/10484, Loss: 4.6098
  Batch 3820/10484, Loss: 4.0570
  Batch 3830/10484, Loss: 3.6669
  Batch 3840/10484, Loss: 4.4260
  Batch 3850/10484, Loss: 4.5268
  Batch 3860/10484, Loss: 4.7326
  Batch 3870/10484, Loss: 5.0064
  Batch 3880/10484, Loss: 4.1610
  Batch 3890/10484, Loss: 3.6299
  Batch 3900/10484, Loss: 4.2548
  Batch 3910/10484, Loss: 4.1624
  Batch 3920/10484, Loss: 4.1187
  Batch 3930/10484, Loss: 4.2991
  Batch 3940/10484, Loss: 4.5423
  Batch 3950/10484, Loss: 3.8406
  Batch 3960/10484, Loss: 4.3254
  Batch 3970/10484, Loss: 4.4554
  Batch 3980/10484, Loss: 4.1867
  Batch 3990/10484, Loss: 4.1194
  Batch 4000/10484, Loss: 3.9178
  Batch 4010/10484, Loss: 4.3052
  Batch 4020/10484, Loss: 3.7021
  Batch 4030/10484, Loss: 4.0248
  Batch 4040/10484, Loss: 4.6447
  Batch 4050/10484, Loss: 4.3504
  Batch 4060/10484, Loss: 4.7661
  Batch 4070/10484, Loss: 4.2659
  Batch 4080/10484, Loss: 4.6652
  Batch 4090/10484, Loss: 4.4645
  Batch 4100/10484, Loss: 4.6356
  Batch 4110/10484, Loss: 4.4136
  Batch 4120/10484, Loss: 4.6391
  Batch 4130/10484, Loss: 3.9926
  Batch 4140/10484, Loss: 4.3079
  Batch 4150/10484, Loss: 3.9657
  Batch 4160/10484, Loss: 4.0837
  Batch 4170/10484, Loss: 4.1595
  Batch 4180/10484, Loss: 4.6575
  Batch 4190/10484, Loss: 4.6479
  Batch 4200/10484, Loss: 4.7199
  Batch 4210/10484, Loss: 3.6135
  Batch 4220/10484, Loss: 4.2475
  Batch 4230/10484, Loss: 4.2234
  Batch 4240/10484, Loss: 4.3580
  Batch 4250/10484, Loss: 3.3601
  Batch 4260/10484, Loss: 4.8638
  Batch 4270/10484, Loss: 4.2831
  Batch 4280/10484, Loss: 4.3857
  Batch 4290/10484, Loss: 4.4939
  Batch 4300/10484, Loss: 4.0929
  Batch 4310/10484, Loss: 4.2828
  Batch 4320/10484, Loss: 4.7519
  Batch 4330/10484, Loss: 4.3713
  Batch 4340/10484, Loss: 4.5423
  Batch 4350/10484, Loss: 3.8924
  Batch 4360/10484, Loss: 4.5731
  Batch 4370/10484, Loss: 4.3648
  Batch 4380/10484, Loss: 4.5310
  Batch 4390/10484, Loss: 4.4176
  Batch 4400/10484, Loss: 4.2096
  Batch 4410/10484, Loss: 4.6609
  Batch 4420/10484, Loss: 5.0928
  Batch 4430/10484, Loss: 4.2707
  Batch 4440/10484, Loss: 4.0692
  Batch 4450/10484, Loss: 4.5980
  Batch 4460/10484, Loss: 5.1686
  Batch 4470/10484, Loss: 4.7517
  Batch 4480/10484, Loss: 3.9128
  Batch 4490/10484, Loss: 4.3746
  Batch 4500/10484, Loss: 4.7557
  Batch 4510/10484, Loss: 4.6089
  Batch 4520/10484, Loss: 4.0788
  Batch 4530/10484, Loss: 3.9718
  Batch 4540/10484, Loss: 4.1973
  Batch 4550/10484, Loss: 4.5842
  Batch 4560/10484, Loss: 4.0133
  Batch 4570/10484, Loss: 4.5927
  Batch 4580/10484, Loss: 4.3663
  Batch 4590/10484, Loss: 4.0270
  Batch 4600/10484, Loss: 4.4966
  Batch 4610/10484, Loss: 3.8042
  Batch 4620/10484, Loss: 4.9196
  Batch 4630/10484, Loss: 4.9518
  Batch 4640/10484, Loss: 4.1455
  Batch 4650/10484, Loss: 4.8798
  Batch 4660/10484, Loss: 4.4419
  Batch 4670/10484, Loss: 4.4114
  Batch 4680/10484, Loss: 4.2455
  Batch 4690/10484, Loss: 4.5691
  Batch 4700/10484, Loss: 4.8573
  Batch 4710/10484, Loss: 4.0295
  Batch 4720/10484, Loss: 3.7824
  Batch 4730/10484, Loss: 4.2206
  Batch 4740/10484, Loss: 4.3970
  Batch 4750/10484, Loss: 4.6255
  Batch 4760/10484, Loss: 4.6099
  Batch 4770/10484, Loss: 4.3328
  Batch 4780/10484, Loss: 4.8469
  Batch 4790/10484, Loss: 4.1496
  Batch 4800/10484, Loss: 4.6635
  Batch 4810/10484, Loss: 4.4596
  Batch 4820/10484, Loss: 4.0905
  Batch 4830/10484, Loss: 3.6317
  Batch 4840/10484, Loss: 4.1451
  Batch 4850/10484, Loss: 4.2917
  Batch 4860/10484, Loss: 3.8504
  Batch 4870/10484, Loss: 4.2024
  Batch 4880/10484, Loss: 4.4871
  Batch 4890/10484, Loss: 4.3469
  Batch 4900/10484, Loss: 4.6239
  Batch 4910/10484, Loss: 4.5890
  Batch 4920/10484, Loss: 4.5043
  Batch 4930/10484, Loss: 3.5766
  Batch 4940/10484, Loss: 4.6035
  Batch 4950/10484, Loss: 4.1871
  Batch 4960/10484, Loss: 4.3304
  Batch 4970/10484, Loss: 4.6886
  Batch 4980/10484, Loss: 4.0616
  Batch 4990/10484, Loss: 4.1061
  Batch 5000/10484, Loss: 4.2316
  Batch 5010/10484, Loss: 4.3132
  Batch 5020/10484, Loss: 4.4151
  Batch 5030/10484, Loss: 4.7602
  Batch 5040/10484, Loss: 4.8411
  Batch 5050/10484, Loss: 4.0960
  Batch 5060/10484, Loss: 3.8871
  Batch 5070/10484, Loss: 3.9118
  Batch 5080/10484, Loss: 4.3602
  Batch 5090/10484, Loss: 4.9852
  Batch 5100/10484, Loss: 4.1137
  Batch 5110/10484, Loss: 4.3787
  Batch 5120/10484, Loss: 4.3242
  Batch 5130/10484, Loss: 3.9451
  Batch 5140/10484, Loss: 4.5643
  Batch 5150/10484, Loss: 3.8702
  Batch 5160/10484, Loss: 4.3934
  Batch 5170/10484, Loss: 4.6648
  Batch 5180/10484, Loss: 5.0277
  Batch 5190/10484, Loss: 4.1115
  Batch 5200/10484, Loss: 4.4104
  Batch 5210/10484, Loss: 4.6429
  Batch 5220/10484, Loss: 4.2683
  Batch 5230/10484, Loss: 4.1420
  Batch 5240/10484, Loss: 4.4013
  Batch 5250/10484, Loss: 3.9607
  Batch 5260/10484, Loss: 4.5080
  Batch 5270/10484, Loss: 5.0412
  Batch 5280/10484, Loss: 4.4847
  Batch 5290/10484, Loss: 4.2379
  Batch 5300/10484, Loss: 4.3123
  Batch 5310/10484, Loss: 3.5128
  Batch 5320/10484, Loss: 4.3613
  Batch 5330/10484, Loss: 4.4755
  Batch 5340/10484, Loss: 4.6311
  Batch 5350/10484, Loss: 4.1349
  Batch 5360/10484, Loss: 3.8857
  Batch 5370/10484, Loss: 4.1953
  Batch 5380/10484, Loss: 4.4581
  Batch 5390/10484, Loss: 4.8255
  Batch 5400/10484, Loss: 4.0779
  Batch 5410/10484, Loss: 4.2167
  Batch 5420/10484, Loss: 4.2925
  Batch 5430/10484, Loss: 4.7091
  Batch 5440/10484, Loss: 3.9309
  Batch 5450/10484, Loss: 4.3651
  Batch 5460/10484, Loss: 4.1939
  Batch 5470/10484, Loss: 3.7691
  Batch 5480/10484, Loss: 4.4917
  Batch 5490/10484, Loss: 4.0421
  Batch 5500/10484, Loss: 4.5577
  Batch 5510/10484, Loss: 4.3741
  Batch 5520/10484, Loss: 4.2515
  Batch 5530/10484, Loss: 4.4793
  Batch 5540/10484, Loss: 4.5590
  Batch 5550/10484, Loss: 4.8251
  Batch 5560/10484, Loss: 4.2349
  Batch 5570/10484, Loss: 4.3963
  Batch 5580/10484, Loss: 4.1248
  Batch 5590/10484, Loss: 4.9003
  Batch 5600/10484, Loss: 3.6979
  Batch 5610/10484, Loss: 4.0775
  Batch 5620/10484, Loss: 4.5801
  Batch 5630/10484, Loss: 4.1915
  Batch 5640/10484, Loss: 3.8453
  Batch 5650/10484, Loss: 4.5592
  Batch 5660/10484, Loss: 4.1310
  Batch 5670/10484, Loss: 4.3358
  Batch 5680/10484, Loss: 4.7567
  Batch 5690/10484, Loss: 4.0701
  Batch 5700/10484, Loss: 4.5037
  Batch 5710/10484, Loss: 4.1632
  Batch 5720/10484, Loss: 4.1053
  Batch 5730/10484, Loss: 4.2533
  Batch 5740/10484, Loss: 4.8573
  Batch 5750/10484, Loss: 4.3335
  Batch 5760/10484, Loss: 4.5853
  Batch 5770/10484, Loss: 4.6938
  Batch 5780/10484, Loss: 4.6610
  Batch 5790/10484, Loss: 4.5752
  Batch 5800/10484, Loss: 4.8341
  Batch 5810/10484, Loss: 4.4186
  Batch 5820/10484, Loss: 4.1667
  Batch 5830/10484, Loss: 4.6757
  Batch 5840/10484, Loss: 4.8699
  Batch 5850/10484, Loss: 4.3849
  Batch 5860/10484, Loss: 3.7699
  Batch 5870/10484, Loss: 4.0785
  Batch 5880/10484, Loss: 4.4283
  Batch 5890/10484, Loss: 4.1592
  Batch 5900/10484, Loss: 5.1117
  Batch 5910/10484, Loss: 4.5155
  Batch 5920/10484, Loss: 4.1491
  Batch 5930/10484, Loss: 4.4818
  Batch 5940/10484, Loss: 4.3563
  Batch 5950/10484, Loss: 4.6314
  Batch 5960/10484, Loss: 4.2814
  Batch 5970/10484, Loss: 4.9644
  Batch 5980/10484, Loss: 4.5701
  Batch 5990/10484, Loss: 4.4433
  Batch 6000/10484, Loss: 4.0403
  Batch 6010/10484, Loss: 4.7011
  Batch 6020/10484, Loss: 4.3319
  Batch 6030/10484, Loss: 4.2707
  Batch 6040/10484, Loss: 3.6384
  Batch 6050/10484, Loss: 3.9992
  Batch 6060/10484, Loss: 4.1742
  Batch 6070/10484, Loss: 3.8561
  Batch 6080/10484, Loss: 4.0285
  Batch 6090/10484, Loss: 4.4890
  Batch 6100/10484, Loss: 4.0203
  Batch 6110/10484, Loss: 4.5526
  Batch 6120/10484, Loss: 4.6629
  Batch 6130/10484, Loss: 4.4924
  Batch 6140/10484, Loss: 4.5422
  Batch 6150/10484, Loss: 4.7448
  Batch 6160/10484, Loss: 4.3816
  Batch 6170/10484, Loss: 4.1880
  Batch 6180/10484, Loss: 4.3154
  Batch 6190/10484, Loss: 3.9824
  Batch 6200/10484, Loss: 4.9876
  Batch 6210/10484, Loss: 4.3762
  Batch 6220/10484, Loss: 4.7878
  Batch 6230/10484, Loss: 3.7144
  Batch 6240/10484, Loss: 4.8238
  Batch 6250/10484, Loss: 4.3727
  Batch 6260/10484, Loss: 4.1719
  Batch 6270/10484, Loss: 3.5442
  Batch 6280/10484, Loss: 4.3948
  Batch 6290/10484, Loss: 4.1001
  Batch 6300/10484, Loss: 4.1137
  Batch 6310/10484, Loss: 4.7553
  Batch 6320/10484, Loss: 4.6141
  Batch 6330/10484, Loss: 4.3309
  Batch 6340/10484, Loss: 3.9880
  Batch 6350/10484, Loss: 4.5395
  Batch 6360/10484, Loss: 4.4291
  Batch 6370/10484, Loss: 4.3351
  Batch 6380/10484, Loss: 4.4437
  Batch 6390/10484, Loss: 4.0677
  Batch 6400/10484, Loss: 4.2979
  Batch 6410/10484, Loss: 4.1901
  Batch 6420/10484, Loss: 4.5139
  Batch 6430/10484, Loss: 4.8067
  Batch 6440/10484, Loss: 4.2704
  Batch 6450/10484, Loss: 4.4618
  Batch 6460/10484, Loss: 4.7096
  Batch 6470/10484, Loss: 3.9987
  Batch 6480/10484, Loss: 4.2947
  Batch 6490/10484, Loss: 4.6831
  Batch 6500/10484, Loss: 4.2427
  Batch 6510/10484, Loss: 4.4039
  Batch 6520/10484, Loss: 4.1586
  Batch 6530/10484, Loss: 4.4781
  Batch 6540/10484, Loss: 4.6724
  Batch 6550/10484, Loss: 4.0620
  Batch 6560/10484, Loss: 3.9304
  Batch 6570/10484, Loss: 4.5092
  Batch 6580/10484, Loss: 4.6570
  Batch 6590/10484, Loss: 3.5398
  Batch 6600/10484, Loss: 4.5217
  Batch 6610/10484, Loss: 4.2497
  Batch 6620/10484, Loss: 4.3173
  Batch 6630/10484, Loss: 4.1588
  Batch 6640/10484, Loss: 4.5226
  Batch 6650/10484, Loss: 4.5024
  Batch 6660/10484, Loss: 4.6799
  Batch 6670/10484, Loss: 4.7223
  Batch 6680/10484, Loss: 4.7357
  Batch 6690/10484, Loss: 4.4496
  Batch 6700/10484, Loss: 4.6702
  Batch 6710/10484, Loss: 3.9865
  Batch 6720/10484, Loss: 4.1509
  Batch 6730/10484, Loss: 3.9781
  Batch 6740/10484, Loss: 4.5449
  Batch 6750/10484, Loss: 4.5913
  Batch 6760/10484, Loss: 4.3407
  Batch 6770/10484, Loss: 4.5291
  Batch 6780/10484, Loss: 3.5120
  Batch 6790/10484, Loss: 4.7613
  Batch 6800/10484, Loss: 4.6448
  Batch 6810/10484, Loss: 4.9001
  Batch 6820/10484, Loss: 3.7262
  Batch 6830/10484, Loss: 4.7185
  Batch 6840/10484, Loss: 4.7955
  Batch 6850/10484, Loss: 4.7651
  Batch 6860/10484, Loss: 4.4213
  Batch 6870/10484, Loss: 4.6262
  Batch 6880/10484, Loss: 4.2475
  Batch 6890/10484, Loss: 4.4393
  Batch 6900/10484, Loss: 4.5896
  Batch 6910/10484, Loss: 4.3409
  Batch 6920/10484, Loss: 4.0778
  Batch 6930/10484, Loss: 3.9661
  Batch 6940/10484, Loss: 4.8864
  Batch 6950/10484, Loss: 4.9723
  Batch 6960/10484, Loss: 3.7878
  Batch 6970/10484, Loss: 4.3067
  Batch 6980/10484, Loss: 4.7914
  Batch 6990/10484, Loss: 3.6278
  Batch 7000/10484, Loss: 4.1279
  Batch 7010/10484, Loss: 3.7177
  Batch 7020/10484, Loss: 3.8321
  Batch 7030/10484, Loss: 4.4341
  Batch 7040/10484, Loss: 4.1197
  Batch 7050/10484, Loss: 4.3132
  Batch 7060/10484, Loss: 4.9779
  Batch 7070/10484, Loss: 4.8528
  Batch 7080/10484, Loss: 3.6943
  Batch 7090/10484, Loss: 4.0029
  Batch 7100/10484, Loss: 4.6248
  Batch 7110/10484, Loss: 3.7781
  Batch 7120/10484, Loss: 4.7002
  Batch 7130/10484, Loss: 4.2614
  Batch 7140/10484, Loss: 4.3674
  Batch 7150/10484, Loss: 4.2187
  Batch 7160/10484, Loss: 4.5881
  Batch 7170/10484, Loss: 4.4063
  Batch 7180/10484, Loss: 4.2896
  Batch 7190/10484, Loss: 4.7157
  Batch 7200/10484, Loss: 4.4070
  Batch 7210/10484, Loss: 4.1595
  Batch 7220/10484, Loss: 4.2207
  Batch 7230/10484, Loss: 4.7105
  Batch 7240/10484, Loss: 4.5797
  Batch 7250/10484, Loss: 4.2499
  Batch 7260/10484, Loss: 4.2926
  Batch 7270/10484, Loss: 4.5775
  Batch 7280/10484, Loss: 4.1061
  Batch 7290/10484, Loss: 3.6231
  Batch 7300/10484, Loss: 4.4323
  Batch 7310/10484, Loss: 4.3352
  Batch 7320/10484, Loss: 3.8825
  Batch 7330/10484, Loss: 4.5693
  Batch 7340/10484, Loss: 4.3861
  Batch 7350/10484, Loss: 4.1421
  Batch 7360/10484, Loss: 4.6361
  Batch 7370/10484, Loss: 4.5416
  Batch 7380/10484, Loss: 4.1087
  Batch 7390/10484, Loss: 4.8681
  Batch 7400/10484, Loss: 4.8234
  Batch 7410/10484, Loss: 4.3957
  Batch 7420/10484, Loss: 4.5582
  Batch 7430/10484, Loss: 4.4431
  Batch 7440/10484, Loss: 4.3066
  Batch 7450/10484, Loss: 4.8613
  Batch 7460/10484, Loss: 4.2916
  Batch 7470/10484, Loss: 3.9156
  Batch 7480/10484, Loss: 4.2706
  Batch 7490/10484, Loss: 3.9719
  Batch 7500/10484, Loss: 4.1407
  Batch 7510/10484, Loss: 4.2087
  Batch 7520/10484, Loss: 4.6724
  Batch 7530/10484, Loss: 4.7438
  Batch 7540/10484, Loss: 4.8327
  Batch 7550/10484, Loss: 4.2787
  Batch 7560/10484, Loss: 4.3712
  Batch 7570/10484, Loss: 4.2382
  Batch 7580/10484, Loss: 4.0955
  Batch 7590/10484, Loss: 4.6051
  Batch 7600/10484, Loss: 4.3610
  Batch 7610/10484, Loss: 4.1972
  Batch 7620/10484, Loss: 5.0851
  Batch 7630/10484, Loss: 4.1984
  Batch 7640/10484, Loss: 4.3554
  Batch 7650/10484, Loss: 4.5016
  Batch 7660/10484, Loss: 4.1203
  Batch 7670/10484, Loss: 4.4679
  Batch 7680/10484, Loss: 4.6372
  Batch 7690/10484, Loss: 4.1474
  Batch 7700/10484, Loss: 4.2693
  Batch 7710/10484, Loss: 4.1789
  Batch 7720/10484, Loss: 4.9890
  Batch 7730/10484, Loss: 4.3837
  Batch 7740/10484, Loss: 4.1862
  Batch 7750/10484, Loss: 4.9351
  Batch 7760/10484, Loss: 4.6350
  Batch 7770/10484, Loss: 3.8315
  Batch 7780/10484, Loss: 4.5244
  Batch 7790/10484, Loss: 4.7497
  Batch 7800/10484, Loss: 3.8940
  Batch 7810/10484, Loss: 4.2188
  Batch 7820/10484, Loss: 3.7949
  Batch 7830/10484, Loss: 4.0574
  Batch 7840/10484, Loss: 3.8730
  Batch 7850/10484, Loss: 4.0411
  Batch 7860/10484, Loss: 4.4672
  Batch 7870/10484, Loss: 4.3219
  Batch 7880/10484, Loss: 3.9467
  Batch 7890/10484, Loss: 4.1602
  Batch 7900/10484, Loss: 4.3306
  Batch 7910/10484, Loss: 4.5896
  Batch 7920/10484, Loss: 4.6302
  Batch 7930/10484, Loss: 4.9557
  Batch 7940/10484, Loss: 4.4905
  Batch 7950/10484, Loss: 4.6848
  Batch 7960/10484, Loss: 4.5504
  Batch 7970/10484, Loss: 3.7932
  Batch 7980/10484, Loss: 4.3301
  Batch 7990/10484, Loss: 4.0249
  Batch 8000/10484, Loss: 4.0218
  Batch 8010/10484, Loss: 4.6384
  Batch 8020/10484, Loss: 3.9255
  Batch 8030/10484, Loss: 4.3275
  Batch 8040/10484, Loss: 4.4687
  Batch 8050/10484, Loss: 4.1268
  Batch 8060/10484, Loss: 4.5996
  Batch 8070/10484, Loss: 4.1378
  Batch 8080/10484, Loss: 4.5804
  Batch 8090/10484, Loss: 4.0472
  Batch 8100/10484, Loss: 4.4679
  Batch 8110/10484, Loss: 4.2439
  Batch 8120/10484, Loss: 3.8963
  Batch 8130/10484, Loss: 4.2050
  Batch 8140/10484, Loss: 4.3966
  Batch 8150/10484, Loss: 4.3963
  Batch 8160/10484, Loss: 4.0073
  Batch 8170/10484, Loss: 4.3121
  Batch 8180/10484, Loss: 4.5902
  Batch 8190/10484, Loss: 3.8603
  Batch 8200/10484, Loss: 3.6311
  Batch 8210/10484, Loss: 4.7619
  Batch 8220/10484, Loss: 4.2770
  Batch 8230/10484, Loss: 4.6786
  Batch 8240/10484, Loss: 4.6615
  Batch 8250/10484, Loss: 4.3519
  Batch 8260/10484, Loss: 4.4640
  Batch 8270/10484, Loss: 4.5568
  Batch 8280/10484, Loss: 4.7614
  Batch 8290/10484, Loss: 4.2666
  Batch 8300/10484, Loss: 4.4339
  Batch 8310/10484, Loss: 3.5789
  Batch 8320/10484, Loss: 4.4787
  Batch 8330/10484, Loss: 3.9745
  Batch 8340/10484, Loss: 3.6927
  Batch 8350/10484, Loss: 4.4440
  Batch 8360/10484, Loss: 4.0719
  Batch 8370/10484, Loss: 4.0515
  Batch 8380/10484, Loss: 4.6225
  Batch 8390/10484, Loss: 4.6384
  Batch 8400/10484, Loss: 4.7530
  Batch 8410/10484, Loss: 4.0825
  Batch 8420/10484, Loss: 4.2905
  Batch 8430/10484, Loss: 4.4878
  Batch 8440/10484, Loss: 4.8823
  Batch 8450/10484, Loss: 4.4858
  Batch 8460/10484, Loss: 4.2642
  Batch 8470/10484, Loss: 4.7613
  Batch 8480/10484, Loss: 4.6288
  Batch 8490/10484, Loss: 4.2871
  Batch 8500/10484, Loss: 4.2204
  Batch 8510/10484, Loss: 4.0897
  Batch 8520/10484, Loss: 4.0379
  Batch 8530/10484, Loss: 4.3033
  Batch 8540/10484, Loss: 4.5493
  Batch 8550/10484, Loss: 3.9683
  Batch 8560/10484, Loss: 4.4661
  Batch 8570/10484, Loss: 4.6280
  Batch 8580/10484, Loss: 4.3291
  Batch 8590/10484, Loss: 4.7495
  Batch 8600/10484, Loss: 4.4768
  Batch 8610/10484, Loss: 4.5152
  Batch 8620/10484, Loss: 4.2346
  Batch 8630/10484, Loss: 4.5823
  Batch 8640/10484, Loss: 4.3557
  Batch 8650/10484, Loss: 4.3016
  Batch 8660/10484, Loss: 4.3690
  Batch 8670/10484, Loss: 4.2310
  Batch 8680/10484, Loss: 4.2664
  Batch 8690/10484, Loss: 4.1832
  Batch 8700/10484, Loss: 3.8147
  Batch 8710/10484, Loss: 4.2120
  Batch 8720/10484, Loss: 4.6666
  Batch 8730/10484, Loss: 4.3454
  Batch 8740/10484, Loss: 3.9759
  Batch 8750/10484, Loss: 4.5485
  Batch 8760/10484, Loss: 4.2954
  Batch 8770/10484, Loss: 3.8878
  Batch 8780/10484, Loss: 4.4031
  Batch 8790/10484, Loss: 4.1692
  Batch 8800/10484, Loss: 3.4430
  Batch 8810/10484, Loss: 4.9244
  Batch 8820/10484, Loss: 4.2745
  Batch 8830/10484, Loss: 3.9925
  Batch 8840/10484, Loss: 4.9496
  Batch 8850/10484, Loss: 4.2633
  Batch 8860/10484, Loss: 4.1593
  Batch 8870/10484, Loss: 4.3520
  Batch 8880/10484, Loss: 3.9932
  Batch 8890/10484, Loss: 4.7298
  Batch 8900/10484, Loss: 4.3678
  Batch 8910/10484, Loss: 3.4154
  Batch 8920/10484, Loss: 4.6825
  Batch 8930/10484, Loss: 4.7233
  Batch 8940/10484, Loss: 4.4807
  Batch 8950/10484, Loss: 4.0617
  Batch 8960/10484, Loss: 4.9724
  Batch 8970/10484, Loss: 4.4027
  Batch 8980/10484, Loss: 4.6206
  Batch 8990/10484, Loss: 4.1914
  Batch 9000/10484, Loss: 4.6300
  Batch 9010/10484, Loss: 4.6071
  Batch 9020/10484, Loss: 3.8726
  Batch 9030/10484, Loss: 4.2841
  Batch 9040/10484, Loss: 4.4500
  Batch 9050/10484, Loss: 4.3819
  Batch 9060/10484, Loss: 4.3248
  Batch 9070/10484, Loss: 4.3410
  Batch 9080/10484, Loss: 4.0933
  Batch 9090/10484, Loss: 4.6672
  Batch 9100/10484, Loss: 4.5758
  Batch 9110/10484, Loss: 4.5981
  Batch 9120/10484, Loss: 3.9143
  Batch 9130/10484, Loss: 4.3304
  Batch 9140/10484, Loss: 4.3678
  Batch 9150/10484, Loss: 4.4284
  Batch 9160/10484, Loss: 4.3471
  Batch 9170/10484, Loss: 3.9543
  Batch 9180/10484, Loss: 3.9568
  Batch 9190/10484, Loss: 3.8422
  Batch 9200/10484, Loss: 4.6276
  Batch 9210/10484, Loss: 3.9588
  Batch 9220/10484, Loss: 4.6253
  Batch 9230/10484, Loss: 4.8698
  Batch 9240/10484, Loss: 4.4044
  Batch 9250/10484, Loss: 4.5583
  Batch 9260/10484, Loss: 4.6326
  Batch 9270/10484, Loss: 4.5139
  Batch 9280/10484, Loss: 4.2239
  Batch 9290/10484, Loss: 4.4902
  Batch 9300/10484, Loss: 3.7515
  Batch 9310/10484, Loss: 4.3770
  Batch 9320/10484, Loss: 4.4485
  Batch 9330/10484, Loss: 4.0268
  Batch 9340/10484, Loss: 4.6257
  Batch 9350/10484, Loss: 4.3526
  Batch 9360/10484, Loss: 4.9726
  Batch 9370/10484, Loss: 4.5479
  Batch 9380/10484, Loss: 4.0981
  Batch 9390/10484, Loss: 4.5391
  Batch 9400/10484, Loss: 4.2183
  Batch 9410/10484, Loss: 4.4014
  Batch 9420/10484, Loss: 5.0840
  Batch 9430/10484, Loss: 4.8087
  Batch 9440/10484, Loss: 4.3476
  Batch 9450/10484, Loss: 3.6539
  Batch 9460/10484, Loss: 4.3921
  Batch 9470/10484, Loss: 4.2621
  Batch 9480/10484, Loss: 3.9988
  Batch 9490/10484, Loss: 4.0947
  Batch 9500/10484, Loss: 4.4222
  Batch 9510/10484, Loss: 4.0863
  Batch 9520/10484, Loss: 4.3939
  Batch 9530/10484, Loss: 4.8648
  Batch 9540/10484, Loss: 4.3353
  Batch 9550/10484, Loss: 4.5909
  Batch 9560/10484, Loss: 4.3735
  Batch 9570/10484, Loss: 4.0661
  Batch 9580/10484, Loss: 4.2520
  Batch 9590/10484, Loss: 4.6537
  Batch 9600/10484, Loss: 5.0376
  Batch 9610/10484, Loss: 3.7692
  Batch 9620/10484, Loss: 4.6712
  Batch 9630/10484, Loss: 4.0263
  Batch 9640/10484, Loss: 4.5100
  Batch 9650/10484, Loss: 3.8863
  Batch 9660/10484, Loss: 4.7621
  Batch 9670/10484, Loss: 4.3680
  Batch 9680/10484, Loss: 4.3255
  Batch 9690/10484, Loss: 4.6506
  Batch 9700/10484, Loss: 4.2651
  Batch 9710/10484, Loss: 4.0531
  Batch 9720/10484, Loss: 4.2140
  Batch 9730/10484, Loss: 4.3747
  Batch 9740/10484, Loss: 4.7362
  Batch 9750/10484, Loss: 4.1040
  Batch 9760/10484, Loss: 3.7133
  Batch 9770/10484, Loss: 4.8205
  Batch 9780/10484, Loss: 4.8589
  Batch 9790/10484, Loss: 4.3835
  Batch 9800/10484, Loss: 3.9234
  Batch 9810/10484, Loss: 4.4738
  Batch 9820/10484, Loss: 4.5251
  Batch 9830/10484, Loss: 4.2230
  Batch 9840/10484, Loss: 4.6949
  Batch 9850/10484, Loss: 4.5767
  Batch 9860/10484, Loss: 4.0019
  Batch 9870/10484, Loss: 4.6255
  Batch 9880/10484, Loss: 4.6398
  Batch 9890/10484, Loss: 4.2070
  Batch 9900/10484, Loss: 4.6485
  Batch 9910/10484, Loss: 4.7558
  Batch 9920/10484, Loss: 4.1408
  Batch 9930/10484, Loss: 4.3370
  Batch 9940/10484, Loss: 3.9772
  Batch 9950/10484, Loss: 4.4432
  Batch 9960/10484, Loss: 4.4385
  Batch 9970/10484, Loss: 5.1283
  Batch 9980/10484, Loss: 3.8885
  Batch 9990/10484, Loss: 4.2755
  Batch 10000/10484, Loss: 3.8963
  Batch 10010/10484, Loss: 4.7597
  Batch 10020/10484, Loss: 4.6500
  Batch 10030/10484, Loss: 4.6192
  Batch 10040/10484, Loss: 4.4554
  Batch 10050/10484, Loss: 4.0048
  Batch 10060/10484, Loss: 4.0814
  Batch 10070/10484, Loss: 4.9995
  Batch 10080/10484, Loss: 4.7321
  Batch 10090/10484, Loss: 4.3546
  Batch 10100/10484, Loss: 3.9238
  Batch 10110/10484, Loss: 4.1701
  Batch 10120/10484, Loss: 4.3618
  Batch 10130/10484, Loss: 4.2637
  Batch 10140/10484, Loss: 4.4056
  Batch 10150/10484, Loss: 4.3807
  Batch 10160/10484, Loss: 4.7451
  Batch 10170/10484, Loss: 4.4905
  Batch 10180/10484, Loss: 4.7495
  Batch 10190/10484, Loss: 4.6215
  Batch 10200/10484, Loss: 4.2253
  Batch 10210/10484, Loss: 4.5719
  Batch 10220/10484, Loss: 4.0282
  Batch 10230/10484, Loss: 4.3352
  Batch 10240/10484, Loss: 3.7153
  Batch 10250/10484, Loss: 4.4541
  Batch 10260/10484, Loss: 4.2939
  Batch 10270/10484, Loss: 5.0257
  Batch 10280/10484, Loss: 4.3580
  Batch 10290/10484, Loss: 4.4308
  Batch 10300/10484, Loss: 3.9531
  Batch 10310/10484, Loss: 4.7040
  Batch 10320/10484, Loss: 4.4221
  Batch 10330/10484, Loss: 4.8418
  Batch 10340/10484, Loss: 4.1869
  Batch 10350/10484, Loss: 4.6013
  Batch 10360/10484, Loss: 4.4595
  Batch 10370/10484, Loss: 4.5839
  Batch 10380/10484, Loss: 4.8847
  Batch 10390/10484, Loss: 4.8082
  Batch 10400/10484, Loss: 4.4022
  Batch 10410/10484, Loss: 4.4608
  Batch 10420/10484, Loss: 3.9640
  Batch 10430/10484, Loss: 4.6999
  Batch 10440/10484, Loss: 4.4861
  Batch 10450/10484, Loss: 4.7373
  Batch 10460/10484, Loss: 4.5746
  Batch 10470/10484, Loss: 4.3067
  Batch 10480/10484, Loss: 3.6934

  Train Loss: 4.3453
  Val Loss: 6.7118
  Time: 35m 51s

Epoch 14/20
----------------------------------------
  Batch 10/10484, Loss: 4.2366
  Batch 20/10484, Loss: 4.4089
  Batch 30/10484, Loss: 3.6676
  Batch 40/10484, Loss: 4.6139
  Batch 50/10484, Loss: 5.0627
  Batch 60/10484, Loss: 4.2001
  Batch 70/10484, Loss: 4.5919
  Batch 80/10484, Loss: 3.8594
  Batch 90/10484, Loss: 4.5031
  Batch 100/10484, Loss: 4.2976
  Batch 110/10484, Loss: 4.4915
  Batch 120/10484, Loss: 3.9955
  Batch 130/10484, Loss: 4.4702
  Batch 140/10484, Loss: 4.6335
  Batch 150/10484, Loss: 4.4697
  Batch 160/10484, Loss: 4.3082
  Batch 170/10484, Loss: 3.9996
  Batch 180/10484, Loss: 4.4110
  Batch 190/10484, Loss: 3.8586
  Batch 200/10484, Loss: 4.9779
  Batch 210/10484, Loss: 3.8809
  Batch 220/10484, Loss: 4.7187
  Batch 230/10484, Loss: 3.9155
  Batch 240/10484, Loss: 3.6197
  Batch 250/10484, Loss: 4.1703
  Batch 260/10484, Loss: 4.2853
  Batch 270/10484, Loss: 4.0610
  Batch 280/10484, Loss: 4.3643
  Batch 290/10484, Loss: 4.3989
  Batch 300/10484, Loss: 4.3628
  Batch 310/10484, Loss: 4.0115
  Batch 320/10484, Loss: 4.1138
  Batch 330/10484, Loss: 4.4228
  Batch 340/10484, Loss: 4.0567
  Batch 350/10484, Loss: 4.6788
  Batch 360/10484, Loss: 4.2301
  Batch 370/10484, Loss: 4.0548
  Batch 380/10484, Loss: 4.3392
  Batch 390/10484, Loss: 4.3022
  Batch 400/10484, Loss: 3.5553
  Batch 410/10484, Loss: 4.5295
  Batch 420/10484, Loss: 3.8211
  Batch 430/10484, Loss: 4.0342
  Batch 440/10484, Loss: 4.2102
  Batch 450/10484, Loss: 4.4287
  Batch 460/10484, Loss: 4.6077
  Batch 470/10484, Loss: 4.1610
  Batch 480/10484, Loss: 4.6510
  Batch 490/10484, Loss: 4.1642
  Batch 500/10484, Loss: 4.4326
  Batch 510/10484, Loss: 4.2585
  Batch 520/10484, Loss: 4.3731
  Batch 530/10484, Loss: 4.5162
  Batch 540/10484, Loss: 3.9276
  Batch 550/10484, Loss: 4.2558
  Batch 560/10484, Loss: 4.0811
  Batch 570/10484, Loss: 4.2720
  Batch 580/10484, Loss: 4.4742
  Batch 590/10484, Loss: 4.4827
  Batch 600/10484, Loss: 4.3668
  Batch 610/10484, Loss: 4.2608
  Batch 620/10484, Loss: 4.1854
  Batch 630/10484, Loss: 4.7869
  Batch 640/10484, Loss: 4.3739
  Batch 650/10484, Loss: 4.6747
  Batch 660/10484, Loss: 4.2020
  Batch 670/10484, Loss: 4.2179
  Batch 680/10484, Loss: 4.4344
  Batch 690/10484, Loss: 4.7053
  Batch 700/10484, Loss: 4.0830
  Batch 710/10484, Loss: 4.8827
  Batch 720/10484, Loss: 4.1417
  Batch 730/10484, Loss: 4.1297
  Batch 740/10484, Loss: 3.9832
  Batch 750/10484, Loss: 4.6288
  Batch 760/10484, Loss: 4.3345
  Batch 770/10484, Loss: 4.2905
  Batch 780/10484, Loss: 4.4497
  Batch 790/10484, Loss: 3.7220
  Batch 800/10484, Loss: 3.9739
  Batch 810/10484, Loss: 4.3058
  Batch 820/10484, Loss: 4.1883
  Batch 830/10484, Loss: 4.1007
  Batch 840/10484, Loss: 4.2538
  Batch 850/10484, Loss: 4.6190
  Batch 860/10484, Loss: 4.2995
  Batch 870/10484, Loss: 3.9910
  Batch 880/10484, Loss: 3.6948
  Batch 890/10484, Loss: 3.5763
  Batch 900/10484, Loss: 4.2693
  Batch 910/10484, Loss: 4.1240
  Batch 920/10484, Loss: 4.2944
  Batch 930/10484, Loss: 4.1148
  Batch 940/10484, Loss: 4.5488
  Batch 950/10484, Loss: 4.2934
  Batch 960/10484, Loss: 4.4307
  Batch 970/10484, Loss: 4.1059
  Batch 980/10484, Loss: 4.3802
  Batch 990/10484, Loss: 4.4595
  Batch 1000/10484, Loss: 4.3618
  Batch 1010/10484, Loss: 3.8275
  Batch 1020/10484, Loss: 4.3074
  Batch 1030/10484, Loss: 4.1551
  Batch 1040/10484, Loss: 4.2447
  Batch 1050/10484, Loss: 4.8996
  Batch 1060/10484, Loss: 4.0971
  Batch 1070/10484, Loss: 4.1493
  Batch 1080/10484, Loss: 3.9962
  Batch 1090/10484, Loss: 3.6854
  Batch 1100/10484, Loss: 4.7825
  Batch 1110/10484, Loss: 4.3480
  Batch 1120/10484, Loss: 3.7079
  Batch 1130/10484, Loss: 4.7566
  Batch 1140/10484, Loss: 4.2705
  Batch 1150/10484, Loss: 4.5846
  Batch 1160/10484, Loss: 5.0588
  Batch 1170/10484, Loss: 4.4369
  Batch 1180/10484, Loss: 3.8466
  Batch 1190/10484, Loss: 4.3659
  Batch 1200/10484, Loss: 4.1317
  Batch 1210/10484, Loss: 4.2851
  Batch 1220/10484, Loss: 4.6327
  Batch 1230/10484, Loss: 4.5822
  Batch 1240/10484, Loss: 4.3325
  Batch 1250/10484, Loss: 4.6023
  Batch 1260/10484, Loss: 4.0495
  Batch 1270/10484, Loss: 4.5125
  Batch 1280/10484, Loss: 4.4504
  Batch 1290/10484, Loss: 4.2602
  Batch 1300/10484, Loss: 4.2304
  Batch 1310/10484, Loss: 4.0359
  Batch 1320/10484, Loss: 4.0758
  Batch 1330/10484, Loss: 4.3055
  Batch 1340/10484, Loss: 3.9776
  Batch 1350/10484, Loss: 4.8104
  Batch 1360/10484, Loss: 4.7895
  Batch 1370/10484, Loss: 4.2308
  Batch 1380/10484, Loss: 4.0069
  Batch 1390/10484, Loss: 4.4978
  Batch 1400/10484, Loss: 4.4480
  Batch 1410/10484, Loss: 4.5344
  Batch 1420/10484, Loss: 4.2198
  Batch 1430/10484, Loss: 4.0730
  Batch 1440/10484, Loss: 3.9747
  Batch 1450/10484, Loss: 4.2696
  Batch 1460/10484, Loss: 3.4411
  Batch 1470/10484, Loss: 4.3655
  Batch 1480/10484, Loss: 4.5413
  Batch 1490/10484, Loss: 4.8178
  Batch 1500/10484, Loss: 4.0542
  Batch 1510/10484, Loss: 4.7015
  Batch 1520/10484, Loss: 3.9210
  Batch 1530/10484, Loss: 3.9988
  Batch 1540/10484, Loss: 4.3089
  Batch 1550/10484, Loss: 4.5707
  Batch 1560/10484, Loss: 3.8144
  Batch 1570/10484, Loss: 4.2284
  Batch 1580/10484, Loss: 4.0581
  Batch 1590/10484, Loss: 4.2810
  Batch 1600/10484, Loss: 3.6980
  Batch 1610/10484, Loss: 4.6043
  Batch 1620/10484, Loss: 4.4104
  Batch 1630/10484, Loss: 4.2064
  Batch 1640/10484, Loss: 4.3474
  Batch 1650/10484, Loss: 3.9168
  Batch 1660/10484, Loss: 4.1139
  Batch 1670/10484, Loss: 3.8055
  Batch 1680/10484, Loss: 4.1449
  Batch 1690/10484, Loss: 4.2048
  Batch 1700/10484, Loss: 4.5458
  Batch 1710/10484, Loss: 4.0736
  Batch 1720/10484, Loss: 4.3570
  Batch 1730/10484, Loss: 4.4712
  Batch 1740/10484, Loss: 4.2433
  Batch 1750/10484, Loss: 3.9859
  Batch 1760/10484, Loss: 4.1673
  Batch 1770/10484, Loss: 4.4045
  Batch 1780/10484, Loss: 4.5315
  Batch 1790/10484, Loss: 4.5498
  Batch 1800/10484, Loss: 4.3000
  Batch 1810/10484, Loss: 4.0963
  Batch 1820/10484, Loss: 4.4421
  Batch 1830/10484, Loss: 4.2160
  Batch 1840/10484, Loss: 4.5953
  Batch 1850/10484, Loss: 4.7001
  Batch 1860/10484, Loss: 4.8181
  Batch 1870/10484, Loss: 3.9579
  Batch 1880/10484, Loss: 4.2408
  Batch 1890/10484, Loss: 4.1021
  Batch 1900/10484, Loss: 4.1319
  Batch 1910/10484, Loss: 4.6583
  Batch 1920/10484, Loss: 4.3975
  Batch 1930/10484, Loss: 4.8479
  Batch 1940/10484, Loss: 4.5858
  Batch 1950/10484, Loss: 4.0284
  Batch 1960/10484, Loss: 4.0951
  Batch 1970/10484, Loss: 3.8258
  Batch 1980/10484, Loss: 3.9616
  Batch 1990/10484, Loss: 4.5196
  Batch 2000/10484, Loss: 4.3260
  Batch 2010/10484, Loss: 4.6703
  Batch 2020/10484, Loss: 4.4580
  Batch 2030/10484, Loss: 4.2691
  Batch 2040/10484, Loss: 4.5770
  Batch 2050/10484, Loss: 3.6061
  Batch 2060/10484, Loss: 4.1190
  Batch 2070/10484, Loss: 4.7762
  Batch 2080/10484, Loss: 4.3107
  Batch 2090/10484, Loss: 4.4515
  Batch 2100/10484, Loss: 4.5449
  Batch 2110/10484, Loss: 4.6805
  Batch 2120/10484, Loss: 4.4508
  Batch 2130/10484, Loss: 4.2886
  Batch 2140/10484, Loss: 4.3098
  Batch 2150/10484, Loss: 4.2968
  Batch 2160/10484, Loss: 4.2088
  Batch 2170/10484, Loss: 4.3352
  Batch 2180/10484, Loss: 4.1759
  Batch 2190/10484, Loss: 4.2080
  Batch 2200/10484, Loss: 4.5300
  Batch 2210/10484, Loss: 4.7317
  Batch 2220/10484, Loss: 4.1267
  Batch 2230/10484, Loss: 4.7732
  Batch 2240/10484, Loss: 4.1790
  Batch 2250/10484, Loss: 3.9679
  Batch 2260/10484, Loss: 4.7104
  Batch 2270/10484, Loss: 4.6826
  Batch 2280/10484, Loss: 4.1692
  Batch 2290/10484, Loss: 4.1153
  Batch 2300/10484, Loss: 4.6420
  Batch 2310/10484, Loss: 3.8292
  Batch 2320/10484, Loss: 4.8531
  Batch 2330/10484, Loss: 3.1201
  Batch 2340/10484, Loss: 4.7317
  Batch 2350/10484, Loss: 3.7872
  Batch 2360/10484, Loss: 4.5936
  Batch 2370/10484, Loss: 4.0836
  Batch 2380/10484, Loss: 3.5723
  Batch 2390/10484, Loss: 4.0384
  Batch 2400/10484, Loss: 4.7941
  Batch 2410/10484, Loss: 3.9461
  Batch 2420/10484, Loss: 4.4894
  Batch 2430/10484, Loss: 4.8140
  Batch 2440/10484, Loss: 3.4883
  Batch 2450/10484, Loss: 4.4457
  Batch 2460/10484, Loss: 4.4308
  Batch 2470/10484, Loss: 4.4444
  Batch 2480/10484, Loss: 4.5065
  Batch 2490/10484, Loss: 4.5832
  Batch 2500/10484, Loss: 4.7100
  Batch 2510/10484, Loss: 4.3188
  Batch 2520/10484, Loss: 3.8651
  Batch 2530/10484, Loss: 4.2398
  Batch 2540/10484, Loss: 4.3106
  Batch 2550/10484, Loss: 4.1583
  Batch 2560/10484, Loss: 3.6726
  Batch 2570/10484, Loss: 4.4804
  Batch 2580/10484, Loss: 4.2785
  Batch 2590/10484, Loss: 4.4634
  Batch 2600/10484, Loss: 3.9925
  Batch 2610/10484, Loss: 4.0880
  Batch 2620/10484, Loss: 4.4638
  Batch 2630/10484, Loss: 4.2698
  Batch 2640/10484, Loss: 4.0319
  Batch 2650/10484, Loss: 4.7134
  Batch 2660/10484, Loss: 4.4857
  Batch 2670/10484, Loss: 5.0036
  Batch 2680/10484, Loss: 4.1331
  Batch 2690/10484, Loss: 4.9818
  Batch 2700/10484, Loss: 4.4382
  Batch 2710/10484, Loss: 4.4009
  Batch 2720/10484, Loss: 4.4063
  Batch 2730/10484, Loss: 4.5290
  Batch 2740/10484, Loss: 4.5516
  Batch 2750/10484, Loss: 4.4887
  Batch 2760/10484, Loss: 3.9961
  Batch 2770/10484, Loss: 4.2663
  Batch 2780/10484, Loss: 4.6403
  Batch 2790/10484, Loss: 3.8480
  Batch 2800/10484, Loss: 4.2263
  Batch 2810/10484, Loss: 3.9081
  Batch 2820/10484, Loss: 4.6915
  Batch 2830/10484, Loss: 4.2475
  Batch 2840/10484, Loss: 3.7964
  Batch 2850/10484, Loss: 4.2344
  Batch 2860/10484, Loss: 4.7595
  Batch 2870/10484, Loss: 4.4879
  Batch 2880/10484, Loss: 4.0235
  Batch 2890/10484, Loss: 4.5754
  Batch 2900/10484, Loss: 4.3197
  Batch 2910/10484, Loss: 3.6879
  Batch 2920/10484, Loss: 4.7386
  Batch 2930/10484, Loss: 4.6926
  Batch 2940/10484, Loss: 4.1904
  Batch 2950/10484, Loss: 4.1099
  Batch 2960/10484, Loss: 4.8965
  Batch 2970/10484, Loss: 3.8483
  Batch 2980/10484, Loss: 4.3256
  Batch 2990/10484, Loss: 4.1051
  Batch 3000/10484, Loss: 4.8275
  Batch 3010/10484, Loss: 4.2242
  Batch 3020/10484, Loss: 4.3987
  Batch 3030/10484, Loss: 4.5763
  Batch 3040/10484, Loss: 4.2709
  Batch 3050/10484, Loss: 4.6432
  Batch 3060/10484, Loss: 4.7877
  Batch 3070/10484, Loss: 4.1754
  Batch 3080/10484, Loss: 4.6400
  Batch 3090/10484, Loss: 4.6423
  Batch 3100/10484, Loss: 4.2726
  Batch 3110/10484, Loss: 4.3068
  Batch 3120/10484, Loss: 4.0458
  Batch 3130/10484, Loss: 3.3189
  Batch 3140/10484, Loss: 5.0746
  Batch 3150/10484, Loss: 4.4904
  Batch 3160/10484, Loss: 4.1844
  Batch 3170/10484, Loss: 4.2643
  Batch 3180/10484, Loss: 4.6014
  Batch 3190/10484, Loss: 3.8980
  Batch 3200/10484, Loss: 4.1046
  Batch 3210/10484, Loss: 4.4200
  Batch 3220/10484, Loss: 4.3667
  Batch 3230/10484, Loss: 4.5487
  Batch 3240/10484, Loss: 4.2060
  Batch 3250/10484, Loss: 4.6430
  Batch 3260/10484, Loss: 5.1901
  Batch 3270/10484, Loss: 4.1186
  Batch 3280/10484, Loss: 4.2988
  Batch 3290/10484, Loss: 4.1123
  Batch 3300/10484, Loss: 4.9989
  Batch 3310/10484, Loss: 4.7508
  Batch 3320/10484, Loss: 4.4421
  Batch 3330/10484, Loss: 4.0394
  Batch 3340/10484, Loss: 4.8606
  Batch 3350/10484, Loss: 4.9410
  Batch 3360/10484, Loss: 4.3747
  Batch 3370/10484, Loss: 4.6250
  Batch 3380/10484, Loss: 4.3414
  Batch 3390/10484, Loss: 3.8295
  Batch 3400/10484, Loss: 4.6935
  Batch 3410/10484, Loss: 4.4654
  Batch 3420/10484, Loss: 3.7300
  Batch 3430/10484, Loss: 4.3857
  Batch 3440/10484, Loss: 4.5009
  Batch 3450/10484, Loss: 4.6493
  Batch 3460/10484, Loss: 4.3506
  Batch 3470/10484, Loss: 3.5684
  Batch 3480/10484, Loss: 4.3426
  Batch 3490/10484, Loss: 4.1310
  Batch 3500/10484, Loss: 4.5218
  Batch 3510/10484, Loss: 4.2987
  Batch 3520/10484, Loss: 4.2671
  Batch 3530/10484, Loss: 3.6984
  Batch 3540/10484, Loss: 3.8466
  Batch 3550/10484, Loss: 3.8930
  Batch 3560/10484, Loss: 4.3978
  Batch 3570/10484, Loss: 4.4025
  Batch 3580/10484, Loss: 4.1620
  Batch 3590/10484, Loss: 4.7657
  Batch 3600/10484, Loss: 4.0632
  Batch 3610/10484, Loss: 4.2724
  Batch 3620/10484, Loss: 4.4945
  Batch 3630/10484, Loss: 4.3406
  Batch 3640/10484, Loss: 4.4029
  Batch 3650/10484, Loss: 3.8900
  Batch 3660/10484, Loss: 4.3525
  Batch 3670/10484, Loss: 4.1727
  Batch 3680/10484, Loss: 4.4412
  Batch 3690/10484, Loss: 4.3250
  Batch 3700/10484, Loss: 4.0835
  Batch 3710/10484, Loss: 3.9008
  Batch 3720/10484, Loss: 4.7205
  Batch 3730/10484, Loss: 4.8919
  Batch 3740/10484, Loss: 4.6282
  Batch 3750/10484, Loss: 4.5596
  Batch 3760/10484, Loss: 3.8153
  Batch 3770/10484, Loss: 3.7264
  Batch 3780/10484, Loss: 4.4286
  Batch 3790/10484, Loss: 4.0166
  Batch 3800/10484, Loss: 4.2836
  Batch 3810/10484, Loss: 4.8422
  Batch 3820/10484, Loss: 4.9634
  Batch 3830/10484, Loss: 3.8391
  Batch 3840/10484, Loss: 4.8088
  Batch 3850/10484, Loss: 3.9154
  Batch 3860/10484, Loss: 4.5383
  Batch 3870/10484, Loss: 4.4017
  Batch 3880/10484, Loss: 4.5371
  Batch 3890/10484, Loss: 4.3372
  Batch 3900/10484, Loss: 4.0580
  Batch 3910/10484, Loss: 4.7433
  Batch 3920/10484, Loss: 3.7433
  Batch 3930/10484, Loss: 3.7009
  Batch 3940/10484, Loss: 4.3955
  Batch 3950/10484, Loss: 4.8605
  Batch 3960/10484, Loss: 3.9339
  Batch 3970/10484, Loss: 4.5481
  Batch 3980/10484, Loss: 4.3691
  Batch 3990/10484, Loss: 4.4274
  Batch 4000/10484, Loss: 4.2687
  Batch 4010/10484, Loss: 4.4015
  Batch 4020/10484, Loss: 4.5909
  Batch 4030/10484, Loss: 4.3940
  Batch 4040/10484, Loss: 4.3020
  Batch 4050/10484, Loss: 4.5749
  Batch 4060/10484, Loss: 3.8192
  Batch 4070/10484, Loss: 4.0478
  Batch 4080/10484, Loss: 3.1676
  Batch 4090/10484, Loss: 4.3296
  Batch 4100/10484, Loss: 4.6134
  Batch 4110/10484, Loss: 4.3299
  Batch 4120/10484, Loss: 4.6596
  Batch 4130/10484, Loss: 4.3368
  Batch 4140/10484, Loss: 4.6040
  Batch 4150/10484, Loss: 4.3500
  Batch 4160/10484, Loss: 4.2715
  Batch 4170/10484, Loss: 4.3655
  Batch 4180/10484, Loss: 3.9347
  Batch 4190/10484, Loss: 4.7592
  Batch 4200/10484, Loss: 4.2284
  Batch 4210/10484, Loss: 4.4687
  Batch 4220/10484, Loss: 4.5700
  Batch 4230/10484, Loss: 4.2405
  Batch 4240/10484, Loss: 4.3043
  Batch 4250/10484, Loss: 4.9158
  Batch 4260/10484, Loss: 4.4332
  Batch 4270/10484, Loss: 4.0451
  Batch 4280/10484, Loss: 4.5273
  Batch 4290/10484, Loss: 4.4080
  Batch 4300/10484, Loss: 4.5004
  Batch 4310/10484, Loss: 4.0523
  Batch 4320/10484, Loss: 4.3534
  Batch 4330/10484, Loss: 4.5032
  Batch 4340/10484, Loss: 4.3669
  Batch 4350/10484, Loss: 4.5110
  Batch 4360/10484, Loss: 3.7520
  Batch 4370/10484, Loss: 4.0957
  Batch 4380/10484, Loss: 4.0154
  Batch 4390/10484, Loss: 4.1918
  Batch 4400/10484, Loss: 4.0461
  Batch 4410/10484, Loss: 4.8708
  Batch 4420/10484, Loss: 4.1268
  Batch 4430/10484, Loss: 4.1255
  Batch 4440/10484, Loss: 4.4766
  Batch 4450/10484, Loss: 4.1291
  Batch 4460/10484, Loss: 4.3982
  Batch 4470/10484, Loss: 4.2548
  Batch 4480/10484, Loss: 3.8328
  Batch 4490/10484, Loss: 4.5559
  Batch 4500/10484, Loss: 4.3175
  Batch 4510/10484, Loss: 4.1006
  Batch 4520/10484, Loss: 4.7401
  Batch 4530/10484, Loss: 4.0501
  Batch 4540/10484, Loss: 4.6195
  Batch 4550/10484, Loss: 4.1903
  Batch 4560/10484, Loss: 4.3391
  Batch 4570/10484, Loss: 4.1563
  Batch 4580/10484, Loss: 3.7691
  Batch 4590/10484, Loss: 4.4149
  Batch 4600/10484, Loss: 4.7049
  Batch 4610/10484, Loss: 4.0577
  Batch 4620/10484, Loss: 4.6715
  Batch 4630/10484, Loss: 4.7547
  Batch 4640/10484, Loss: 4.0890
  Batch 4650/10484, Loss: 4.3232
  Batch 4660/10484, Loss: 3.9490
  Batch 4670/10484, Loss: 4.9407
  Batch 4680/10484, Loss: 4.0750
  Batch 4690/10484, Loss: 3.9196
  Batch 4700/10484, Loss: 4.3877
  Batch 4710/10484, Loss: 5.0898
  Batch 4720/10484, Loss: 4.4413
  Batch 4730/10484, Loss: 4.2387
  Batch 4740/10484, Loss: 3.9713
  Batch 4750/10484, Loss: 4.7123
  Batch 4760/10484, Loss: 4.6627
  Batch 4770/10484, Loss: 3.9313
  Batch 4780/10484, Loss: 4.1254
  Batch 4790/10484, Loss: 4.6882
  Batch 4800/10484, Loss: 4.5789
  Batch 4810/10484, Loss: 4.1720
  Batch 4820/10484, Loss: 3.9828
  Batch 4830/10484, Loss: 4.9313
  Batch 4840/10484, Loss: 3.4696
  Batch 4850/10484, Loss: 4.6795
  Batch 4860/10484, Loss: 4.5093
  Batch 4870/10484, Loss: 4.7642
  Batch 4880/10484, Loss: 4.7645
  Batch 4890/10484, Loss: 4.0365
  Batch 4900/10484, Loss: 4.6736
  Batch 4910/10484, Loss: 4.4281
  Batch 4920/10484, Loss: 4.3864
  Batch 4930/10484, Loss: 3.8626
  Batch 4940/10484, Loss: 4.1978
  Batch 4950/10484, Loss: 4.3766
  Batch 4960/10484, Loss: 4.8090
  Batch 4970/10484, Loss: 4.4370
  Batch 4980/10484, Loss: 4.5214
  Batch 4990/10484, Loss: 4.2227
  Batch 5000/10484, Loss: 4.1850
  Batch 5010/10484, Loss: 4.3290
  Batch 5020/10484, Loss: 4.4700
  Batch 5030/10484, Loss: 4.2189
  Batch 5040/10484, Loss: 4.4799
  Batch 5050/10484, Loss: 4.8072
  Batch 5060/10484, Loss: 4.6139
  Batch 5070/10484, Loss: 3.8492
  Batch 5080/10484, Loss: 4.5077
  Batch 5090/10484, Loss: 4.8056
  Batch 5100/10484, Loss: 4.2686
  Batch 5110/10484, Loss: 3.9853
  Batch 5120/10484, Loss: 4.6981
  Batch 5130/10484, Loss: 4.5015
  Batch 5140/10484, Loss: 4.6618
  Batch 5150/10484, Loss: 4.1907
  Batch 5160/10484, Loss: 3.9262
  Batch 5170/10484, Loss: 3.9437
  Batch 5180/10484, Loss: 3.6516
  Batch 5190/10484, Loss: 4.0091
  Batch 5200/10484, Loss: 4.3719
  Batch 5210/10484, Loss: 4.1570
  Batch 5220/10484, Loss: 4.7043
  Batch 5230/10484, Loss: 4.1289
  Batch 5240/10484, Loss: 4.6431
  Batch 5250/10484, Loss: 4.6226
  Batch 5260/10484, Loss: 4.3746
  Batch 5270/10484, Loss: 3.8174
  Batch 5280/10484, Loss: 3.7975
  Batch 5290/10484, Loss: 4.2773
  Batch 5300/10484, Loss: 4.1612
  Batch 5310/10484, Loss: 4.4073
  Batch 5320/10484, Loss: 3.9081
  Batch 5330/10484, Loss: 4.6776
  Batch 5340/10484, Loss: 4.3929
  Batch 5350/10484, Loss: 4.8576
  Batch 5360/10484, Loss: 4.1533
  Batch 5370/10484, Loss: 4.1257
  Batch 5380/10484, Loss: 3.5378
  Batch 5390/10484, Loss: 4.8326
  Batch 5400/10484, Loss: 4.7373
  Batch 5410/10484, Loss: 4.5883
  Batch 5420/10484, Loss: 4.5936
  Batch 5430/10484, Loss: 4.3349
  Batch 5440/10484, Loss: 4.3456
  Batch 5450/10484, Loss: 4.3064
  Batch 5460/10484, Loss: 4.5018
  Batch 5470/10484, Loss: 4.3365
  Batch 5480/10484, Loss: 4.2109
  Batch 5490/10484, Loss: 4.8884
  Batch 5500/10484, Loss: 4.2502
  Batch 5510/10484, Loss: 4.0131
  Batch 5520/10484, Loss: 4.7100
  Batch 5530/10484, Loss: 4.2184
  Batch 5540/10484, Loss: 4.2211
  Batch 5550/10484, Loss: 3.9512
  Batch 5560/10484, Loss: 4.0764
  Batch 5570/10484, Loss: 4.4473
  Batch 5580/10484, Loss: 4.1929
  Batch 5590/10484, Loss: 4.4671
  Batch 5600/10484, Loss: 4.7660
  Batch 5610/10484, Loss: 3.8604
  Batch 5620/10484, Loss: 4.1722
  Batch 5630/10484, Loss: 4.3987
  Batch 5640/10484, Loss: 4.7884
  Batch 5650/10484, Loss: 4.1977
  Batch 5660/10484, Loss: 4.2854
  Batch 5670/10484, Loss: 4.6202
  Batch 5680/10484, Loss: 4.1862
  Batch 5690/10484, Loss: 4.8219
  Batch 5700/10484, Loss: 3.6899
  Batch 5710/10484, Loss: 4.5125
  Batch 5720/10484, Loss: 4.4733
  Batch 5730/10484, Loss: 4.0701
  Batch 5740/10484, Loss: 4.3284
  Batch 5750/10484, Loss: 4.7654
  Batch 5760/10484, Loss: 4.0240
  Batch 5770/10484, Loss: 4.5129
  Batch 5780/10484, Loss: 4.2190
  Batch 5790/10484, Loss: 4.3134
  Batch 5800/10484, Loss: 4.0797
  Batch 5810/10484, Loss: 4.6476
  Batch 5820/10484, Loss: 4.0355
  Batch 5830/10484, Loss: 4.5338
  Batch 5840/10484, Loss: 4.5679
  Batch 5850/10484, Loss: 4.4333
  Batch 5860/10484, Loss: 4.4316
  Batch 5870/10484, Loss: 4.3490
  Batch 5880/10484, Loss: 4.4746
  Batch 5890/10484, Loss: 3.9884
  Batch 5900/10484, Loss: 3.6586
  Batch 5910/10484, Loss: 4.2134
  Batch 5920/10484, Loss: 4.3921
  Batch 5930/10484, Loss: 4.3343
  Batch 5940/10484, Loss: 4.4947
  Batch 5950/10484, Loss: 4.4048
  Batch 5960/10484, Loss: 4.2027
  Batch 5970/10484, Loss: 4.3895
  Batch 5980/10484, Loss: 3.8493
  Batch 5990/10484, Loss: 3.7535
  Batch 6000/10484, Loss: 4.3130
  Batch 6010/10484, Loss: 4.2023
  Batch 6020/10484, Loss: 4.6121
  Batch 6030/10484, Loss: 4.2132
  Batch 6040/10484, Loss: 4.6637
  Batch 6050/10484, Loss: 4.7893
  Batch 6060/10484, Loss: 4.3019
  Batch 6070/10484, Loss: 4.4123
  Batch 6080/10484, Loss: 4.3083
  Batch 6090/10484, Loss: 4.8159
  Batch 6100/10484, Loss: 4.3408
  Batch 6110/10484, Loss: 4.3775
  Batch 6120/10484, Loss: 4.1797
  Batch 6130/10484, Loss: 4.3369
  Batch 6140/10484, Loss: 3.7522
  Batch 6150/10484, Loss: 4.1233
  Batch 6160/10484, Loss: 3.9804
  Batch 6170/10484, Loss: 4.4858
  Batch 6180/10484, Loss: 4.4296
  Batch 6190/10484, Loss: 3.6431
  Batch 6200/10484, Loss: 4.4870
  Batch 6210/10484, Loss: 4.2017
  Batch 6220/10484, Loss: 4.2295
  Batch 6230/10484, Loss: 3.7896
  Batch 6240/10484, Loss: 4.6219
  Batch 6250/10484, Loss: 4.5787
  Batch 6260/10484, Loss: 4.3465
  Batch 6270/10484, Loss: 4.5561
  Batch 6280/10484, Loss: 4.2141
  Batch 6290/10484, Loss: 4.2094
  Batch 6300/10484, Loss: 4.6329
  Batch 6310/10484, Loss: 3.5589
  Batch 6320/10484, Loss: 4.0592
  Batch 6330/10484, Loss: 4.4128
  Batch 6340/10484, Loss: 4.5532
  Batch 6350/10484, Loss: 4.6846
  Batch 6360/10484, Loss: 4.0259
  Batch 6370/10484, Loss: 3.5731
  Batch 6380/10484, Loss: 4.0565
  Batch 6390/10484, Loss: 4.0318
  Batch 6400/10484, Loss: 4.7344
  Batch 6410/10484, Loss: 4.2238
  Batch 6420/10484, Loss: 4.5501
  Batch 6430/10484, Loss: 4.3007
  Batch 6440/10484, Loss: 4.2747
  Batch 6450/10484, Loss: 4.4051
  Batch 6460/10484, Loss: 4.4733
  Batch 6470/10484, Loss: 4.6945
  Batch 6480/10484, Loss: 4.6828
  Batch 6490/10484, Loss: 4.6222
  Batch 6500/10484, Loss: 4.5838
  Batch 6510/10484, Loss: 3.8556
  Batch 6520/10484, Loss: 4.4636
  Batch 6530/10484, Loss: 3.6829
  Batch 6540/10484, Loss: 4.6425
  Batch 6550/10484, Loss: 3.9483
  Batch 6560/10484, Loss: 4.4550
  Batch 6570/10484, Loss: 4.6288
  Batch 6580/10484, Loss: 4.3721
  Batch 6590/10484, Loss: 3.9094
  Batch 6600/10484, Loss: 4.7213
  Batch 6610/10484, Loss: 4.2179
  Batch 6620/10484, Loss: 4.0055
  Batch 6630/10484, Loss: 4.4321
  Batch 6640/10484, Loss: 4.6040
  Batch 6650/10484, Loss: 4.5167
  Batch 6660/10484, Loss: 4.2831
  Batch 6670/10484, Loss: 3.8021
  Batch 6680/10484, Loss: 4.7375
  Batch 6690/10484, Loss: 4.5816
  Batch 6700/10484, Loss: 4.4293
  Batch 6710/10484, Loss: 4.8805
  Batch 6720/10484, Loss: 3.9456
  Batch 6730/10484, Loss: 4.1683
  Batch 6740/10484, Loss: 4.1798
  Batch 6750/10484, Loss: 4.6667
  Batch 6760/10484, Loss: 4.0709
  Batch 6770/10484, Loss: 4.3499
  Batch 6780/10484, Loss: 5.1357
  Batch 6790/10484, Loss: 4.7022
  Batch 6800/10484, Loss: 4.3448
  Batch 6810/10484, Loss: 4.5952
  Batch 6820/10484, Loss: 4.2661
  Batch 6830/10484, Loss: 4.6173
  Batch 6840/10484, Loss: 4.5470
  Batch 6850/10484, Loss: 4.9873
  Batch 6860/10484, Loss: 4.5452
  Batch 6870/10484, Loss: 4.3885
  Batch 6880/10484, Loss: 3.7756
  Batch 6890/10484, Loss: 4.6149
  Batch 6900/10484, Loss: 4.4480
  Batch 6910/10484, Loss: 4.0009
  Batch 6920/10484, Loss: 3.6092
  Batch 6930/10484, Loss: 4.4306
  Batch 6940/10484, Loss: 4.3004
  Batch 6950/10484, Loss: 4.1828
  Batch 6960/10484, Loss: 4.4808
  Batch 6970/10484, Loss: 4.5227
  Batch 6980/10484, Loss: 3.9373
  Batch 6990/10484, Loss: 4.2150
  Batch 7000/10484, Loss: 3.9480
  Batch 7010/10484, Loss: 4.1711
  Batch 7020/10484, Loss: 4.8319
  Batch 7030/10484, Loss: 4.1680
  Batch 7040/10484, Loss: 4.1453
  Batch 7050/10484, Loss: 4.5203
  Batch 7060/10484, Loss: 4.2074
  Batch 7070/10484, Loss: 4.1968
  Batch 7080/10484, Loss: 4.9201
  Batch 7090/10484, Loss: 4.1533
  Batch 7100/10484, Loss: 5.0465
  Batch 7110/10484, Loss: 4.2479
  Batch 7120/10484, Loss: 3.9434
  Batch 7130/10484, Loss: 4.1078
  Batch 7140/10484, Loss: 4.4060
  Batch 7150/10484, Loss: 4.0796
  Batch 7160/10484, Loss: 4.2173
  Batch 7170/10484, Loss: 4.7364
  Batch 7180/10484, Loss: 4.4037
  Batch 7190/10484, Loss: 4.1179
  Batch 7200/10484, Loss: 4.6750
  Batch 7210/10484, Loss: 4.2940
  Batch 7220/10484, Loss: 3.7941
  Batch 7230/10484, Loss: 4.4003
  Batch 7240/10484, Loss: 4.3816
  Batch 7250/10484, Loss: 4.1844
  Batch 7260/10484, Loss: 4.0990
  Batch 7270/10484, Loss: 4.6776
  Batch 7280/10484, Loss: 4.0959
  Batch 7290/10484, Loss: 4.7094
  Batch 7300/10484, Loss: 4.7379
  Batch 7310/10484, Loss: 4.4038
  Batch 7320/10484, Loss: 4.2398
  Batch 7330/10484, Loss: 4.7461
  Batch 7340/10484, Loss: 4.6415
  Batch 7350/10484, Loss: 4.5256
  Batch 7360/10484, Loss: 3.9399
  Batch 7370/10484, Loss: 4.4114
  Batch 7380/10484, Loss: 4.3669
  Batch 7390/10484, Loss: 4.5056
  Batch 7400/10484, Loss: 4.3868
  Batch 7410/10484, Loss: 3.8852
  Batch 7420/10484, Loss: 4.3164
  Batch 7430/10484, Loss: 3.9899
  Batch 7440/10484, Loss: 4.6068
  Batch 7450/10484, Loss: 4.0984
  Batch 7460/10484, Loss: 4.3594
  Batch 7470/10484, Loss: 4.0535
  Batch 7480/10484, Loss: 4.1481
  Batch 7490/10484, Loss: 4.7301
  Batch 7500/10484, Loss: 4.5477
  Batch 7510/10484, Loss: 4.3522
  Batch 7520/10484, Loss: 4.0833
  Batch 7530/10484, Loss: 4.6740
  Batch 7540/10484, Loss: 4.1972
  Batch 7550/10484, Loss: 4.5205
  Batch 7560/10484, Loss: 4.7341
  Batch 7570/10484, Loss: 4.0554
  Batch 7580/10484, Loss: 4.4774
  Batch 7590/10484, Loss: 4.0049
  Batch 7600/10484, Loss: 4.6937
  Batch 7610/10484, Loss: 4.4595
  Batch 7620/10484, Loss: 3.7339
  Batch 7630/10484, Loss: 4.3818
  Batch 7640/10484, Loss: 3.8959
  Batch 7650/10484, Loss: 4.5842
  Batch 7660/10484, Loss: 4.4257
  Batch 7670/10484, Loss: 4.1424
  Batch 7680/10484, Loss: 4.7994
  Batch 7690/10484, Loss: 4.5494
  Batch 7700/10484, Loss: 4.1055
  Batch 7710/10484, Loss: 4.3608
  Batch 7720/10484, Loss: 4.8530
  Batch 7730/10484, Loss: 4.3226
  Batch 7740/10484, Loss: 4.5360
  Batch 7750/10484, Loss: 4.4300
  Batch 7760/10484, Loss: 4.1385
  Batch 7770/10484, Loss: 4.0040
  Batch 7780/10484, Loss: 4.1353
  Batch 7790/10484, Loss: 4.7340
  Batch 7800/10484, Loss: 3.9724
  Batch 7810/10484, Loss: 4.5248
  Batch 7820/10484, Loss: 4.4351
  Batch 7830/10484, Loss: 4.5665
  Batch 7840/10484, Loss: 3.6701
  Batch 7850/10484, Loss: 4.0820
  Batch 7860/10484, Loss: 4.8810
  Batch 7870/10484, Loss: 4.3008
  Batch 7880/10484, Loss: 4.1882
  Batch 7890/10484, Loss: 3.9152
  Batch 7900/10484, Loss: 4.5250
  Batch 7910/10484, Loss: 4.2972
  Batch 7920/10484, Loss: 4.6150
  Batch 7930/10484, Loss: 3.7582
  Batch 7940/10484, Loss: 3.7211
  Batch 7950/10484, Loss: 4.3390
  Batch 7960/10484, Loss: 4.6928
  Batch 7970/10484, Loss: 4.9464
  Batch 7980/10484, Loss: 3.6089
  Batch 7990/10484, Loss: 4.5343
  Batch 8000/10484, Loss: 4.4804
  Batch 8010/10484, Loss: 4.1174
  Batch 8020/10484, Loss: 4.3405
  Batch 8030/10484, Loss: 4.0483
  Batch 8040/10484, Loss: 3.7150
  Batch 8050/10484, Loss: 4.0738
  Batch 8060/10484, Loss: 4.3257
  Batch 8070/10484, Loss: 4.2305
  Batch 8080/10484, Loss: 4.1116
  Batch 8090/10484, Loss: 3.7156
  Batch 8100/10484, Loss: 3.8692
  Batch 8110/10484, Loss: 4.0813
  Batch 8120/10484, Loss: 4.5099
  Batch 8130/10484, Loss: 4.7242
  Batch 8140/10484, Loss: 4.2970
  Batch 8150/10484, Loss: 4.1166
  Batch 8160/10484, Loss: 4.7669
  Batch 8170/10484, Loss: 4.2435
  Batch 8180/10484, Loss: 4.0684
  Batch 8190/10484, Loss: 4.4328
  Batch 8200/10484, Loss: 4.7691
  Batch 8210/10484, Loss: 4.5635
  Batch 8220/10484, Loss: 4.6471
  Batch 8230/10484, Loss: 4.2300
  Batch 8240/10484, Loss: 4.2458
  Batch 8250/10484, Loss: 4.4195
  Batch 8260/10484, Loss: 4.2386
  Batch 8270/10484, Loss: 4.2314
  Batch 8280/10484, Loss: 4.6875
  Batch 8290/10484, Loss: 4.2106
  Batch 8300/10484, Loss: 3.8817
  Batch 8310/10484, Loss: 4.4744
  Batch 8320/10484, Loss: 3.8961
  Batch 8330/10484, Loss: 4.8237
  Batch 8340/10484, Loss: 4.2770
  Batch 8350/10484, Loss: 3.9818
  Batch 8360/10484, Loss: 4.4804
  Batch 8370/10484, Loss: 4.0428
  Batch 8380/10484, Loss: 4.8039
  Batch 8390/10484, Loss: 4.2876
  Batch 8400/10484, Loss: 3.3652
  Batch 8410/10484, Loss: 4.5176
  Batch 8420/10484, Loss: 4.3267
  Batch 8430/10484, Loss: 4.5631
  Batch 8440/10484, Loss: 4.3826
  Batch 8450/10484, Loss: 3.7348
  Batch 8460/10484, Loss: 5.0793
  Batch 8470/10484, Loss: 4.6960
  Batch 8480/10484, Loss: 3.9704
  Batch 8490/10484, Loss: 4.4419
  Batch 8500/10484, Loss: 4.6863
  Batch 8510/10484, Loss: 3.9738
  Batch 8520/10484, Loss: 4.9308
  Batch 8530/10484, Loss: 4.1959
  Batch 8540/10484, Loss: 4.4482
  Batch 8550/10484, Loss: 4.3505
  Batch 8560/10484, Loss: 4.7450
  Batch 8570/10484, Loss: 4.1769
  Batch 8580/10484, Loss: 4.2592
  Batch 8590/10484, Loss: 4.3607
  Batch 8600/10484, Loss: 4.2431
  Batch 8610/10484, Loss: 4.5716
  Batch 8620/10484, Loss: 4.4627
  Batch 8630/10484, Loss: 4.4132
  Batch 8640/10484, Loss: 3.7458
  Batch 8650/10484, Loss: 4.6542
  Batch 8660/10484, Loss: 4.2373
  Batch 8670/10484, Loss: 4.8300
  Batch 8680/10484, Loss: 4.2774
  Batch 8690/10484, Loss: 4.6139
  Batch 8700/10484, Loss: 4.4732
  Batch 8710/10484, Loss: 4.1060
  Batch 8720/10484, Loss: 4.6624
  Batch 8730/10484, Loss: 4.3925
  Batch 8740/10484, Loss: 4.2253
  Batch 8750/10484, Loss: 4.6904
  Batch 8760/10484, Loss: 4.6710
  Batch 8770/10484, Loss: 4.4291
  Batch 8780/10484, Loss: 4.5698
  Batch 8790/10484, Loss: 4.5253
  Batch 8800/10484, Loss: 4.0910
  Batch 8810/10484, Loss: 4.7726
  Batch 8820/10484, Loss: 4.3087
  Batch 8830/10484, Loss: 4.1810
  Batch 8840/10484, Loss: 4.3468
  Batch 8850/10484, Loss: 4.2591
  Batch 8860/10484, Loss: 4.5079
  Batch 8870/10484, Loss: 4.5085
  Batch 8880/10484, Loss: 4.4824
  Batch 8890/10484, Loss: 3.8782
  Batch 8900/10484, Loss: 3.6854
  Batch 8910/10484, Loss: 4.6462
  Batch 8920/10484, Loss: 3.8203
  Batch 8930/10484, Loss: 4.6408
  Batch 8940/10484, Loss: 4.2794
  Batch 8950/10484, Loss: 4.5917
  Batch 8960/10484, Loss: 4.6478
  Batch 8970/10484, Loss: 4.8496
  Batch 8980/10484, Loss: 4.0880
  Batch 8990/10484, Loss: 4.6705
  Batch 9000/10484, Loss: 4.8685
  Batch 9010/10484, Loss: 4.3831
  Batch 9020/10484, Loss: 4.0893
  Batch 9030/10484, Loss: 4.0862
  Batch 9040/10484, Loss: 4.2264
  Batch 9050/10484, Loss: 3.9272
  Batch 9060/10484, Loss: 4.3695
  Batch 9070/10484, Loss: 4.0587
  Batch 9080/10484, Loss: 3.6589
  Batch 9090/10484, Loss: 4.8878
  Batch 9100/10484, Loss: 4.5364
  Batch 9110/10484, Loss: 4.0031
  Batch 9120/10484, Loss: 3.7841
  Batch 9130/10484, Loss: 4.0423
  Batch 9140/10484, Loss: 4.3702
  Batch 9150/10484, Loss: 4.5379
  Batch 9160/10484, Loss: 4.3645
  Batch 9170/10484, Loss: 4.7474
  Batch 9180/10484, Loss: 3.9757
  Batch 9190/10484, Loss: 3.9827
  Batch 9200/10484, Loss: 3.7696
  Batch 9210/10484, Loss: 3.9055
  Batch 9220/10484, Loss: 4.3978
  Batch 9230/10484, Loss: 4.1815
  Batch 9240/10484, Loss: 4.2335
  Batch 9250/10484, Loss: 3.8587
  Batch 9260/10484, Loss: 4.1207
  Batch 9270/10484, Loss: 4.2991
  Batch 9280/10484, Loss: 4.5520
  Batch 9290/10484, Loss: 4.5703
  Batch 9300/10484, Loss: 4.2305
  Batch 9310/10484, Loss: 4.4203
  Batch 9320/10484, Loss: 4.0693
  Batch 9330/10484, Loss: 4.0010
  Batch 9340/10484, Loss: 4.8436
  Batch 9350/10484, Loss: 4.7604
  Batch 9360/10484, Loss: 4.0638
  Batch 9370/10484, Loss: 4.4596
  Batch 9380/10484, Loss: 4.4284
  Batch 9390/10484, Loss: 3.8294
  Batch 9400/10484, Loss: 4.2231
  Batch 9410/10484, Loss: 4.4587
  Batch 9420/10484, Loss: 4.8242
  Batch 9430/10484, Loss: 4.8962
  Batch 9440/10484, Loss: 4.6576
  Batch 9450/10484, Loss: 4.2190
  Batch 9460/10484, Loss: 4.9366
  Batch 9470/10484, Loss: 5.1877
  Batch 9480/10484, Loss: 4.2375
  Batch 9490/10484, Loss: 4.2281
  Batch 9500/10484, Loss: 4.4666
  Batch 9510/10484, Loss: 4.1461
  Batch 9520/10484, Loss: 4.3931
  Batch 9530/10484, Loss: 3.8839
  Batch 9540/10484, Loss: 4.3147
  Batch 9550/10484, Loss: 4.3243
  Batch 9560/10484, Loss: 4.6157
  Batch 9570/10484, Loss: 3.9271
  Batch 9580/10484, Loss: 4.4876
  Batch 9590/10484, Loss: 4.5157
  Batch 9600/10484, Loss: 4.1802
  Batch 9610/10484, Loss: 3.6754
  Batch 9620/10484, Loss: 4.4036
  Batch 9630/10484, Loss: 4.6651
  Batch 9640/10484, Loss: 4.3060
  Batch 9650/10484, Loss: 5.0310
  Batch 9660/10484, Loss: 4.1165
  Batch 9670/10484, Loss: 4.2936
  Batch 9680/10484, Loss: 4.0949
  Batch 9690/10484, Loss: 4.4296
  Batch 9700/10484, Loss: 4.8526
  Batch 9710/10484, Loss: 4.1769
  Batch 9720/10484, Loss: 4.1677
  Batch 9730/10484, Loss: 4.4375
  Batch 9740/10484, Loss: 4.2849
  Batch 9750/10484, Loss: 4.6116
  Batch 9760/10484, Loss: 4.6890
  Batch 9770/10484, Loss: 4.7507
  Batch 9780/10484, Loss: 4.7647
  Batch 9790/10484, Loss: 5.0102
  Batch 9800/10484, Loss: 3.2397
  Batch 9810/10484, Loss: 4.0722
  Batch 9820/10484, Loss: 4.7755
  Batch 9830/10484, Loss: 4.4043
  Batch 9840/10484, Loss: 4.3582
  Batch 9850/10484, Loss: 4.7365
  Batch 9860/10484, Loss: 3.7862
  Batch 9870/10484, Loss: 4.1524
  Batch 9880/10484, Loss: 4.4258
  Batch 9890/10484, Loss: 4.3987
  Batch 9900/10484, Loss: 4.9035
  Batch 9910/10484, Loss: 3.6629
  Batch 9920/10484, Loss: 4.6096
  Batch 9930/10484, Loss: 3.7209
  Batch 9940/10484, Loss: 4.4604
  Batch 9950/10484, Loss: 4.5023
  Batch 9960/10484, Loss: 5.2070
  Batch 9970/10484, Loss: 3.8165
  Batch 9980/10484, Loss: 4.4170
  Batch 9990/10484, Loss: 4.4689
  Batch 10000/10484, Loss: 4.2359
  Batch 10010/10484, Loss: 4.4032
  Batch 10020/10484, Loss: 4.4220
  Batch 10030/10484, Loss: 4.5031
  Batch 10040/10484, Loss: 4.5514
  Batch 10050/10484, Loss: 4.2271
  Batch 10060/10484, Loss: 4.5538
  Batch 10070/10484, Loss: 4.9730
  Batch 10080/10484, Loss: 4.0601
  Batch 10090/10484, Loss: 4.4171
  Batch 10100/10484, Loss: 4.5126
  Batch 10110/10484, Loss: 3.7893
  Batch 10120/10484, Loss: 4.9170
  Batch 10130/10484, Loss: 4.4005
  Batch 10140/10484, Loss: 3.9214
  Batch 10150/10484, Loss: 4.8982
  Batch 10160/10484, Loss: 4.3903
  Batch 10170/10484, Loss: 3.9116
  Batch 10180/10484, Loss: 4.0008
  Batch 10190/10484, Loss: 4.4526
  Batch 10200/10484, Loss: 4.2592
  Batch 10210/10484, Loss: 4.2499
  Batch 10220/10484, Loss: 4.2494
  Batch 10230/10484, Loss: 4.6953
  Batch 10240/10484, Loss: 4.3652
  Batch 10250/10484, Loss: 4.3268
  Batch 10260/10484, Loss: 3.9745
  Batch 10270/10484, Loss: 3.9916
  Batch 10280/10484, Loss: 5.0816
  Batch 10290/10484, Loss: 4.4422
  Batch 10300/10484, Loss: 3.9128
  Batch 10310/10484, Loss: 4.4482
  Batch 10320/10484, Loss: 4.5377
  Batch 10330/10484, Loss: 4.4797
  Batch 10340/10484, Loss: 4.6821
  Batch 10350/10484, Loss: 4.1630
  Batch 10360/10484, Loss: 4.3942
  Batch 10370/10484, Loss: 3.6116
  Batch 10380/10484, Loss: 4.4667
  Batch 10390/10484, Loss: 4.4553
  Batch 10400/10484, Loss: 5.0562
  Batch 10410/10484, Loss: 4.1634
  Batch 10420/10484, Loss: 4.0074
  Batch 10430/10484, Loss: 4.0086
  Batch 10440/10484, Loss: 3.7456
  Batch 10450/10484, Loss: 4.5262
  Batch 10460/10484, Loss: 4.5195
  Batch 10470/10484, Loss: 4.0269
  Batch 10480/10484, Loss: 4.3722

  Train Loss: 4.3204
  Val Loss: 6.7299
  Time: 34m 16s

Epoch 15/20
----------------------------------------
  Batch 10/10484, Loss: 4.6027
  Batch 20/10484, Loss: 4.5350
  Batch 30/10484, Loss: 3.7511
  Batch 40/10484, Loss: 4.1139
  Batch 50/10484, Loss: 4.5279
  Batch 60/10484, Loss: 4.4358
  Batch 70/10484, Loss: 4.0293
  Batch 80/10484, Loss: 3.6625
  Batch 90/10484, Loss: 4.5418
  Batch 100/10484, Loss: 4.2207
  Batch 110/10484, Loss: 4.8572
  Batch 120/10484, Loss: 4.1609
  Batch 130/10484, Loss: 3.9663
  Batch 140/10484, Loss: 4.1621
  Batch 150/10484, Loss: 4.4581
  Batch 160/10484, Loss: 4.2740
  Batch 170/10484, Loss: 4.5201
  Batch 180/10484, Loss: 3.4008
  Batch 190/10484, Loss: 3.7824
  Batch 200/10484, Loss: 4.5340
  Batch 210/10484, Loss: 4.5341
  Batch 220/10484, Loss: 4.2812
  Batch 230/10484, Loss: 4.2615
  Batch 240/10484, Loss: 4.6384
  Batch 250/10484, Loss: 4.3973
  Batch 260/10484, Loss: 3.3693
  Batch 270/10484, Loss: 4.6858
  Batch 280/10484, Loss: 4.4776
  Batch 290/10484, Loss: 4.1153
  Batch 300/10484, Loss: 3.9448
  Batch 310/10484, Loss: 4.1292
  Batch 320/10484, Loss: 3.6616
  Batch 330/10484, Loss: 3.5540
  Batch 340/10484, Loss: 4.0936
  Batch 350/10484, Loss: 3.6602
  Batch 360/10484, Loss: 4.2587
  Batch 370/10484, Loss: 4.2964
  Batch 380/10484, Loss: 4.6354
  Batch 390/10484, Loss: 4.1896
  Batch 400/10484, Loss: 4.2728
  Batch 410/10484, Loss: 4.5795
  Batch 420/10484, Loss: 4.4139
  Batch 430/10484, Loss: 4.4216
  Batch 440/10484, Loss: 4.1460
  Batch 450/10484, Loss: 4.4234
  Batch 460/10484, Loss: 4.6302
  Batch 470/10484, Loss: 3.8261
  Batch 480/10484, Loss: 4.4150
  Batch 490/10484, Loss: 4.1497
  Batch 500/10484, Loss: 4.4733
  Batch 510/10484, Loss: 4.1644
  Batch 520/10484, Loss: 4.6526
  Batch 530/10484, Loss: 4.3338
  Batch 540/10484, Loss: 4.1930
  Batch 550/10484, Loss: 4.5115
  Batch 560/10484, Loss: 3.8448
  Batch 570/10484, Loss: 4.2155
  Batch 580/10484, Loss: 4.4424
  Batch 590/10484, Loss: 4.3688
  Batch 600/10484, Loss: 4.0125
  Batch 610/10484, Loss: 4.2355
  Batch 620/10484, Loss: 4.6110
  Batch 630/10484, Loss: 3.6386
  Batch 640/10484, Loss: 4.3151
  Batch 650/10484, Loss: 3.7892
  Batch 660/10484, Loss: 3.7857
  Batch 670/10484, Loss: 4.4505
  Batch 680/10484, Loss: 4.3340
  Batch 690/10484, Loss: 4.0430
  Batch 700/10484, Loss: 4.4519
  Batch 710/10484, Loss: 3.9327
  Batch 720/10484, Loss: 4.4843
  Batch 730/10484, Loss: 4.4063
  Batch 740/10484, Loss: 3.9117
  Batch 750/10484, Loss: 3.9103
  Batch 760/10484, Loss: 4.1483
  Batch 770/10484, Loss: 3.8172
  Batch 780/10484, Loss: 3.7992
  Batch 790/10484, Loss: 4.4857
  Batch 800/10484, Loss: 4.3912
  Batch 810/10484, Loss: 4.5081
  Batch 820/10484, Loss: 4.0373
  Batch 830/10484, Loss: 4.2573
  Batch 840/10484, Loss: 4.5905
  Batch 850/10484, Loss: 4.3687
  Batch 860/10484, Loss: 3.8397
  Batch 870/10484, Loss: 4.6137
  Batch 880/10484, Loss: 3.9353
  Batch 890/10484, Loss: 4.1641
  Batch 900/10484, Loss: 4.4698
  Batch 910/10484, Loss: 4.2123
  Batch 920/10484, Loss: 4.4391
  Batch 930/10484, Loss: 4.4920
  Batch 940/10484, Loss: 3.6597
  Batch 950/10484, Loss: 4.8039
  Batch 960/10484, Loss: 4.4643
  Batch 970/10484, Loss: 4.9249
  Batch 980/10484, Loss: 4.3851
  Batch 990/10484, Loss: 4.5562
  Batch 1000/10484, Loss: 4.2828
  Batch 1010/10484, Loss: 4.6018
  Batch 1020/10484, Loss: 4.1950
  Batch 1030/10484, Loss: 4.5847
  Batch 1040/10484, Loss: 4.5589
  Batch 1050/10484, Loss: 3.8503
  Batch 1060/10484, Loss: 3.8895
  Batch 1070/10484, Loss: 4.3357
  Batch 1080/10484, Loss: 4.3436
  Batch 1090/10484, Loss: 4.7990
  Batch 1100/10484, Loss: 3.5275
  Batch 1110/10484, Loss: 4.2327
  Batch 1120/10484, Loss: 4.9538
  Batch 1130/10484, Loss: 4.9228
  Batch 1140/10484, Loss: 4.4311
  Batch 1150/10484, Loss: 4.4465
  Batch 1160/10484, Loss: 4.5124
  Batch 1170/10484, Loss: 3.9412
  Batch 1180/10484, Loss: 4.5590
  Batch 1190/10484, Loss: 3.7209
  Batch 1200/10484, Loss: 4.5253
  Batch 1210/10484, Loss: 4.2402
  Batch 1220/10484, Loss: 4.5625
  Batch 1230/10484, Loss: 4.4982
  Batch 1240/10484, Loss: 3.8974
  Batch 1250/10484, Loss: 4.1352
  Batch 1260/10484, Loss: 4.2798
  Batch 1270/10484, Loss: 5.0277
  Batch 1280/10484, Loss: 3.8038
  Batch 1290/10484, Loss: 4.5568
  Batch 1300/10484, Loss: 4.4067
  Batch 1310/10484, Loss: 4.4881
  Batch 1320/10484, Loss: 4.0203
  Batch 1330/10484, Loss: 3.9080
  Batch 1340/10484, Loss: 4.5135
  Batch 1350/10484, Loss: 4.5939
  Batch 1360/10484, Loss: 4.4955
  Batch 1370/10484, Loss: 3.4921
  Batch 1380/10484, Loss: 4.5451
  Batch 1390/10484, Loss: 4.3861
  Batch 1400/10484, Loss: 3.9791
  Batch 1410/10484, Loss: 4.2133
  Batch 1420/10484, Loss: 3.9475
  Batch 1430/10484, Loss: 3.9700
  Batch 1440/10484, Loss: 3.8649
  Batch 1450/10484, Loss: 4.5243
  Batch 1460/10484, Loss: 4.1077
  Batch 1470/10484, Loss: 4.0174
  Batch 1480/10484, Loss: 4.7928
  Batch 1490/10484, Loss: 3.6564
  Batch 1500/10484, Loss: 4.6904
  Batch 1510/10484, Loss: 4.5989
  Batch 1520/10484, Loss: 4.2971
  Batch 1530/10484, Loss: 4.1477
  Batch 1540/10484, Loss: 4.1938
  Batch 1550/10484, Loss: 4.8101
  Batch 1560/10484, Loss: 4.2138
  Batch 1570/10484, Loss: 4.4879
  Batch 1580/10484, Loss: 4.3847
  Batch 1590/10484, Loss: 4.3924
  Batch 1600/10484, Loss: 4.4357
  Batch 1610/10484, Loss: 3.7789
  Batch 1620/10484, Loss: 4.0780
  Batch 1630/10484, Loss: 4.3704
  Batch 1640/10484, Loss: 4.4061
  Batch 1650/10484, Loss: 4.0532
  Batch 1660/10484, Loss: 4.0369
  Batch 1670/10484, Loss: 4.3961
  Batch 1680/10484, Loss: 4.4998
  Batch 1690/10484, Loss: 3.5712
  Batch 1700/10484, Loss: 4.3917
  Batch 1710/10484, Loss: 3.7878
  Batch 1720/10484, Loss: 4.6078
  Batch 1730/10484, Loss: 3.7081
  Batch 1740/10484, Loss: 4.1115
  Batch 1750/10484, Loss: 4.6276
  Batch 1760/10484, Loss: 4.3138
  Batch 1770/10484, Loss: 3.6930
  Batch 1780/10484, Loss: 4.6835
  Batch 1790/10484, Loss: 3.9214
  Batch 1800/10484, Loss: 4.3380
  Batch 1810/10484, Loss: 3.8790
  Batch 1820/10484, Loss: 4.2770
  Batch 1830/10484, Loss: 3.7941
  Batch 1840/10484, Loss: 4.7818
  Batch 1850/10484, Loss: 3.8585
  Batch 1860/10484, Loss: 4.0840
  Batch 1870/10484, Loss: 4.7543
  Batch 1880/10484, Loss: 4.4538
  Batch 1890/10484, Loss: 4.0985
  Batch 1900/10484, Loss: 3.6920
  Batch 1910/10484, Loss: 4.8746
  Batch 1920/10484, Loss: 4.3711
  Batch 1930/10484, Loss: 4.5069
  Batch 1940/10484, Loss: 4.8073
  Batch 1950/10484, Loss: 4.4085
  Batch 1960/10484, Loss: 3.8782
  Batch 1970/10484, Loss: 4.7103
  Batch 1980/10484, Loss: 4.2798
  Batch 1990/10484, Loss: 4.5046
  Batch 2000/10484, Loss: 4.4265
  Batch 2010/10484, Loss: 4.3975
  Batch 2020/10484, Loss: 4.2123
  Batch 2030/10484, Loss: 4.0964
  Batch 2040/10484, Loss: 4.0867
  Batch 2050/10484, Loss: 4.2796
  Batch 2060/10484, Loss: 4.9217
  Batch 2070/10484, Loss: 4.5056
  Batch 2080/10484, Loss: 4.1171
  Batch 2090/10484, Loss: 4.2957
  Batch 2100/10484, Loss: 4.0328
  Batch 2110/10484, Loss: 4.2802
  Batch 2120/10484, Loss: 4.5375
  Batch 2130/10484, Loss: 4.1327
  Batch 2140/10484, Loss: 4.8365
  Batch 2150/10484, Loss: 3.7929
  Batch 2160/10484, Loss: 3.5419
  Batch 2170/10484, Loss: 3.6972
  Batch 2180/10484, Loss: 4.1305
  Batch 2190/10484, Loss: 3.6694
  Batch 2200/10484, Loss: 4.2445
  Batch 2210/10484, Loss: 4.4364
  Batch 2220/10484, Loss: 4.5627
  Batch 2230/10484, Loss: 4.3625
  Batch 2240/10484, Loss: 3.7454
  Batch 2250/10484, Loss: 4.5189
  Batch 2260/10484, Loss: 3.9123
  Batch 2270/10484, Loss: 4.6166
  Batch 2280/10484, Loss: 4.2775
  Batch 2290/10484, Loss: 3.9409
  Batch 2300/10484, Loss: 4.8305
  Batch 2310/10484, Loss: 4.5355
  Batch 2320/10484, Loss: 3.3043
  Batch 2330/10484, Loss: 4.0733
  Batch 2340/10484, Loss: 4.3284
  Batch 2350/10484, Loss: 4.3319
  Batch 2360/10484, Loss: 4.2049
  Batch 2370/10484, Loss: 4.0907
  Batch 2380/10484, Loss: 4.3942
  Batch 2390/10484, Loss: 3.9445
  Batch 2400/10484, Loss: 4.6033
  Batch 2410/10484, Loss: 3.7760
  Batch 2420/10484, Loss: 4.6126
  Batch 2430/10484, Loss: 4.4181
  Batch 2440/10484, Loss: 4.2735
  Batch 2450/10484, Loss: 3.6514
  Batch 2460/10484, Loss: 4.5023
  Batch 2470/10484, Loss: 3.7567
  Batch 2480/10484, Loss: 4.6779
  Batch 2490/10484, Loss: 4.7621
  Batch 2500/10484, Loss: 3.9817
  Batch 2510/10484, Loss: 4.0662
  Batch 2520/10484, Loss: 4.4627
  Batch 2530/10484, Loss: 4.5780
  Batch 2540/10484, Loss: 4.2052
  Batch 2550/10484, Loss: 4.2285
  Batch 2560/10484, Loss: 3.5015
  Batch 2570/10484, Loss: 4.7588
  Batch 2580/10484, Loss: 4.0144
  Batch 2590/10484, Loss: 4.0732
  Batch 2600/10484, Loss: 4.1810
  Batch 2610/10484, Loss: 3.2842
  Batch 2620/10484, Loss: 4.1293
  Batch 2630/10484, Loss: 4.3768
  Batch 2640/10484, Loss: 4.3756
  Batch 2650/10484, Loss: 4.3305
  Batch 2660/10484, Loss: 4.8651
  Batch 2670/10484, Loss: 4.0044
  Batch 2680/10484, Loss: 4.8874
  Batch 2690/10484, Loss: 4.5506
  Batch 2700/10484, Loss: 4.6360
  Batch 2710/10484, Loss: 4.4685
  Batch 2720/10484, Loss: 4.6841
  Batch 2730/10484, Loss: 4.0583
  Batch 2740/10484, Loss: 4.2711
  Batch 2750/10484, Loss: 4.3474
  Batch 2760/10484, Loss: 3.8052
  Batch 2770/10484, Loss: 4.9004
  Batch 2780/10484, Loss: 4.2521
  Batch 2790/10484, Loss: 4.7195
  Batch 2800/10484, Loss: 4.7617
  Batch 2810/10484, Loss: 3.8117
  Batch 2820/10484, Loss: 4.1674
  Batch 2830/10484, Loss: 3.9652
  Batch 2840/10484, Loss: 4.3149
  Batch 2850/10484, Loss: 4.5834
  Batch 2860/10484, Loss: 4.3777
  Batch 2870/10484, Loss: 5.1077
  Batch 2880/10484, Loss: 5.0265
  Batch 2890/10484, Loss: 3.9345
  Batch 2900/10484, Loss: 4.2421
  Batch 2910/10484, Loss: 3.7264
  Batch 2920/10484, Loss: 3.2404
  Batch 2930/10484, Loss: 4.0434
  Batch 2940/10484, Loss: 4.3164
  Batch 2950/10484, Loss: 4.4582
  Batch 2960/10484, Loss: 4.6178
  Batch 2970/10484, Loss: 4.5956
  Batch 2980/10484, Loss: 4.1059
  Batch 2990/10484, Loss: 4.6506
  Batch 3000/10484, Loss: 3.7403
  Batch 3010/10484, Loss: 4.0917
  Batch 3020/10484, Loss: 4.2127
  Batch 3030/10484, Loss: 4.4625
  Batch 3040/10484, Loss: 3.3722
  Batch 3050/10484, Loss: 4.7449
  Batch 3060/10484, Loss: 4.0786
  Batch 3070/10484, Loss: 4.0460
  Batch 3080/10484, Loss: 4.1840
  Batch 3090/10484, Loss: 3.7006
  Batch 3100/10484, Loss: 4.7455
  Batch 3110/10484, Loss: 4.4239
  Batch 3120/10484, Loss: 4.7623
  Batch 3130/10484, Loss: 3.8511
  Batch 3140/10484, Loss: 4.4047
  Batch 3150/10484, Loss: 4.0241
  Batch 3160/10484, Loss: 3.6481
  Batch 3170/10484, Loss: 4.6492
  Batch 3180/10484, Loss: 4.1197
  Batch 3190/10484, Loss: 4.0975
  Batch 3200/10484, Loss: 4.4357
  Batch 3210/10484, Loss: 4.2606
  Batch 3220/10484, Loss: 4.5337
  Batch 3230/10484, Loss: 4.3612
  Batch 3240/10484, Loss: 4.6322
  Batch 3250/10484, Loss: 4.2050
  Batch 3260/10484, Loss: 3.8222
  Batch 3270/10484, Loss: 3.8356
  Batch 3280/10484, Loss: 4.3673
  Batch 3290/10484, Loss: 4.0086
  Batch 3300/10484, Loss: 4.3938
  Batch 3310/10484, Loss: 3.9421
  Batch 3320/10484, Loss: 4.3452
  Batch 3330/10484, Loss: 4.2862
  Batch 3340/10484, Loss: 4.0857
  Batch 3350/10484, Loss: 4.3804
  Batch 3360/10484, Loss: 3.9355
  Batch 3370/10484, Loss: 4.1245
  Batch 3380/10484, Loss: 4.4805
  Batch 3390/10484, Loss: 3.7262
  Batch 3400/10484, Loss: 4.2825
  Batch 3410/10484, Loss: 3.6638
  Batch 3420/10484, Loss: 4.0712
  Batch 3430/10484, Loss: 4.2751
  Batch 3440/10484, Loss: 4.5541
  Batch 3450/10484, Loss: 3.6985
  Batch 3460/10484, Loss: 3.5022
  Batch 3470/10484, Loss: 4.8666
  Batch 3480/10484, Loss: 4.4739
  Batch 3490/10484, Loss: 4.0738
  Batch 3500/10484, Loss: 4.8397
  Batch 3510/10484, Loss: 4.4951
  Batch 3520/10484, Loss: 3.9983
  Batch 3530/10484, Loss: 4.2006
  Batch 3540/10484, Loss: 4.5101
  Batch 3550/10484, Loss: 4.0504
  Batch 3560/10484, Loss: 4.0607
  Batch 3570/10484, Loss: 4.3706
  Batch 3580/10484, Loss: 4.4289
  Batch 3590/10484, Loss: 4.6780
  Batch 3600/10484, Loss: 4.3776
  Batch 3610/10484, Loss: 4.4581
  Batch 3620/10484, Loss: 4.0706
  Batch 3630/10484, Loss: 4.5099
  Batch 3640/10484, Loss: 4.3046
  Batch 3650/10484, Loss: 4.0208
  Batch 3660/10484, Loss: 4.8382
  Batch 3670/10484, Loss: 3.8147
  Batch 3680/10484, Loss: 4.6464
  Batch 3690/10484, Loss: 4.4766
  Batch 3700/10484, Loss: 3.8674
  Batch 3710/10484, Loss: 4.5651
  Batch 3720/10484, Loss: 4.3642
  Batch 3730/10484, Loss: 4.2900
  Batch 3740/10484, Loss: 3.9160
  Batch 3750/10484, Loss: 4.3550
  Batch 3760/10484, Loss: 4.2187
  Batch 3770/10484, Loss: 4.1982
  Batch 3780/10484, Loss: 4.2698
  Batch 3790/10484, Loss: 4.3606
  Batch 3800/10484, Loss: 4.3356
  Batch 3810/10484, Loss: 4.4574
  Batch 3820/10484, Loss: 4.1581
  Batch 3830/10484, Loss: 4.1318
  Batch 3840/10484, Loss: 4.4802
  Batch 3850/10484, Loss: 4.5186
  Batch 3860/10484, Loss: 4.1467
  Batch 3870/10484, Loss: 3.1179
  Batch 3880/10484, Loss: 4.2817
  Batch 3890/10484, Loss: 4.5846
  Batch 3900/10484, Loss: 3.6769
  Batch 3910/10484, Loss: 3.8585
  Batch 3920/10484, Loss: 4.2095
  Batch 3930/10484, Loss: 4.1993
  Batch 3940/10484, Loss: 5.0524
  Batch 3950/10484, Loss: 4.3371
  Batch 3960/10484, Loss: 4.3070
  Batch 3970/10484, Loss: 4.0883
  Batch 3980/10484, Loss: 4.5108
  Batch 3990/10484, Loss: 4.4758
  Batch 4000/10484, Loss: 4.9306
  Batch 4010/10484, Loss: 4.1464
  Batch 4020/10484, Loss: 3.4990
  Batch 4030/10484, Loss: 3.7603
  Batch 4040/10484, Loss: 5.0327
  Batch 4050/10484, Loss: 4.1353
  Batch 4060/10484, Loss: 3.9630
  Batch 4070/10484, Loss: 4.0551
  Batch 4080/10484, Loss: 4.5529
  Batch 4090/10484, Loss: 4.1433
  Batch 4100/10484, Loss: 4.4869
  Batch 4110/10484, Loss: 4.6562
  Batch 4120/10484, Loss: 4.3006
  Batch 4130/10484, Loss: 3.8300
  Batch 4140/10484, Loss: 4.0023
  Batch 4150/10484, Loss: 4.2374
  Batch 4160/10484, Loss: 4.3322
  Batch 4170/10484, Loss: 4.7119
  Batch 4180/10484, Loss: 4.0612
  Batch 4190/10484, Loss: 3.9697
  Batch 4200/10484, Loss: 4.5490
  Batch 4210/10484, Loss: 4.1608
  Batch 4220/10484, Loss: 4.5189
  Batch 4230/10484, Loss: 5.0565
  Batch 4240/10484, Loss: 4.1727
  Batch 4250/10484, Loss: 4.1087
  Batch 4260/10484, Loss: 4.0770
  Batch 4270/10484, Loss: 4.1715
  Batch 4280/10484, Loss: 4.6849
  Batch 4290/10484, Loss: 4.4817
  Batch 4300/10484, Loss: 3.3390
  Batch 4310/10484, Loss: 4.7731
  Batch 4320/10484, Loss: 4.0814
  Batch 4330/10484, Loss: 4.0736
  Batch 4340/10484, Loss: 4.7555
  Batch 4350/10484, Loss: 4.1258
  Batch 4360/10484, Loss: 4.4390
  Batch 4370/10484, Loss: 4.0152
  Batch 4380/10484, Loss: 4.9236
  Batch 4390/10484, Loss: 4.4836
  Batch 4400/10484, Loss: 4.3191
  Batch 4410/10484, Loss: 4.6281
  Batch 4420/10484, Loss: 4.1660
  Batch 4430/10484, Loss: 4.0986
  Batch 4440/10484, Loss: 4.4411
  Batch 4450/10484, Loss: 4.2677
  Batch 4460/10484, Loss: 4.6815
  Batch 4470/10484, Loss: 4.4441
  Batch 4480/10484, Loss: 4.2722
  Batch 4490/10484, Loss: 4.1423
  Batch 4500/10484, Loss: 4.5985
  Batch 4510/10484, Loss: 3.9130
  Batch 4520/10484, Loss: 4.9595
  Batch 4530/10484, Loss: 4.3300
  Batch 4540/10484, Loss: 4.0689
  Batch 4550/10484, Loss: 4.0911
  Batch 4560/10484, Loss: 4.1248
  Batch 4570/10484, Loss: 3.5947
  Batch 4580/10484, Loss: 4.2674
  Batch 4590/10484, Loss: 4.6582
  Batch 4600/10484, Loss: 4.5450
  Batch 4610/10484, Loss: 4.4888
  Batch 4620/10484, Loss: 4.4368
  Batch 4630/10484, Loss: 3.7326
  Batch 4640/10484, Loss: 4.1418
  Batch 4650/10484, Loss: 4.2510
  Batch 4660/10484, Loss: 4.2099
  Batch 4670/10484, Loss: 4.1442
  Batch 4680/10484, Loss: 4.8994
  Batch 4690/10484, Loss: 4.1381
  Batch 4700/10484, Loss: 4.1460
  Batch 4710/10484, Loss: 4.0633
  Batch 4720/10484, Loss: 4.2606
  Batch 4730/10484, Loss: 4.2296
  Batch 4740/10484, Loss: 4.0973
  Batch 4750/10484, Loss: 4.7113
  Batch 4760/10484, Loss: 4.4180
  Batch 4770/10484, Loss: 3.5599
  Batch 4780/10484, Loss: 3.8546
  Batch 4790/10484, Loss: 4.1079
  Batch 4800/10484, Loss: 3.6490
  Batch 4810/10484, Loss: 4.7240
  Batch 4820/10484, Loss: 4.5182
  Batch 4830/10484, Loss: 4.5419
  Batch 4840/10484, Loss: 4.7950
  Batch 4850/10484, Loss: 3.5094
  Batch 4860/10484, Loss: 4.6765
  Batch 4870/10484, Loss: 4.4783
  Batch 4880/10484, Loss: 4.4709
  Batch 4890/10484, Loss: 4.6922
  Batch 4900/10484, Loss: 4.1965
  Batch 4910/10484, Loss: 4.2013
  Batch 4920/10484, Loss: 4.4194
  Batch 4930/10484, Loss: 4.2724
  Batch 4940/10484, Loss: 4.2838
  Batch 4950/10484, Loss: 4.7806
  Batch 4960/10484, Loss: 4.1782
  Batch 4970/10484, Loss: 4.5792
  Batch 4980/10484, Loss: 4.2247
  Batch 4990/10484, Loss: 3.5746
  Batch 5000/10484, Loss: 3.8625
  Batch 5010/10484, Loss: 4.2862
  Batch 5020/10484, Loss: 4.2509
  Batch 5030/10484, Loss: 3.2979
  Batch 5040/10484, Loss: 4.5375
  Batch 5050/10484, Loss: 4.6704
  Batch 5060/10484, Loss: 4.0557
  Batch 5070/10484, Loss: 4.3729
  Batch 5080/10484, Loss: 4.2115
  Batch 5090/10484, Loss: 4.3501
  Batch 5100/10484, Loss: 4.5018
  Batch 5110/10484, Loss: 4.2924
  Batch 5120/10484, Loss: 4.2107
  Batch 5130/10484, Loss: 3.9322
  Batch 5140/10484, Loss: 3.7290
  Batch 5150/10484, Loss: 4.3750
  Batch 5160/10484, Loss: 4.7726
  Batch 5170/10484, Loss: 4.0016
  Batch 5180/10484, Loss: 4.0946
  Batch 5190/10484, Loss: 4.1856
  Batch 5200/10484, Loss: 4.3174
  Batch 5210/10484, Loss: 3.7340
  Batch 5220/10484, Loss: 4.5947
  Batch 5230/10484, Loss: 4.8038
  Batch 5240/10484, Loss: 4.8504
  Batch 5250/10484, Loss: 4.5735
  Batch 5260/10484, Loss: 4.8516
  Batch 5270/10484, Loss: 4.1133
  Batch 5280/10484, Loss: 4.4754
  Batch 5290/10484, Loss: 4.8108
  Batch 5300/10484, Loss: 4.5449
  Batch 5310/10484, Loss: 4.8535
  Batch 5320/10484, Loss: 4.7816
  Batch 5330/10484, Loss: 4.2791
  Batch 5340/10484, Loss: 4.6380
  Batch 5350/10484, Loss: 3.9479
  Batch 5360/10484, Loss: 4.2703
  Batch 5370/10484, Loss: 4.3960
  Batch 5380/10484, Loss: 4.2592
  Batch 5390/10484, Loss: 4.1930
  Batch 5400/10484, Loss: 4.7339
  Batch 5410/10484, Loss: 4.0707
  Batch 5420/10484, Loss: 4.1792
  Batch 5430/10484, Loss: 4.9828
  Batch 5440/10484, Loss: 4.5028
  Batch 5450/10484, Loss: 4.6905
  Batch 5460/10484, Loss: 3.9709
  Batch 5470/10484, Loss: 4.1550
  Batch 5480/10484, Loss: 4.2028
  Batch 5490/10484, Loss: 3.6198
  Batch 5500/10484, Loss: 4.4092
  Batch 5510/10484, Loss: 4.0272
  Batch 5520/10484, Loss: 4.1282
  Batch 5530/10484, Loss: 4.1442
  Batch 5540/10484, Loss: 4.2507
  Batch 5550/10484, Loss: 3.9142
  Batch 5560/10484, Loss: 4.1360
  Batch 5570/10484, Loss: 4.3118
  Batch 5580/10484, Loss: 4.4360
  Batch 5590/10484, Loss: 3.8611
  Batch 5600/10484, Loss: 4.2448
  Batch 5610/10484, Loss: 3.9872
  Batch 5620/10484, Loss: 3.6690
  Batch 5630/10484, Loss: 3.7924
  Batch 5640/10484, Loss: 4.6463
  Batch 5650/10484, Loss: 4.0239
  Batch 5660/10484, Loss: 4.2064
  Batch 5670/10484, Loss: 3.8441
  Batch 5680/10484, Loss: 3.9413
  Batch 5690/10484, Loss: 4.6702
  Batch 5700/10484, Loss: 4.0125
  Batch 5710/10484, Loss: 4.4591
  Batch 5720/10484, Loss: 4.7666
  Batch 5730/10484, Loss: 4.8350
  Batch 5740/10484, Loss: 3.9264
  Batch 5750/10484, Loss: 4.6522
  Batch 5760/10484, Loss: 3.8724
  Batch 5770/10484, Loss: 3.8150
  Batch 5780/10484, Loss: 4.3271
  Batch 5790/10484, Loss: 4.4629
  Batch 5800/10484, Loss: 4.5627
  Batch 5810/10484, Loss: 3.5559
  Batch 5820/10484, Loss: 4.3931
  Batch 5830/10484, Loss: 4.6401
  Batch 5840/10484, Loss: 4.7090
  Batch 5850/10484, Loss: 4.5551
  Batch 5860/10484, Loss: 4.1169
  Batch 5870/10484, Loss: 5.0253
  Batch 5880/10484, Loss: 3.7606
  Batch 5890/10484, Loss: 4.2255
  Batch 5900/10484, Loss: 4.0348
  Batch 5910/10484, Loss: 4.8403
  Batch 5920/10484, Loss: 4.3498
  Batch 5930/10484, Loss: 3.8855
  Batch 5940/10484, Loss: 4.2487
  Batch 5950/10484, Loss: 3.8615
  Batch 5960/10484, Loss: 4.1682
  Batch 5970/10484, Loss: 4.2154
  Batch 5980/10484, Loss: 4.6634
  Batch 5990/10484, Loss: 5.0266
  Batch 6000/10484, Loss: 5.1731
  Batch 6010/10484, Loss: 4.3795
  Batch 6020/10484, Loss: 4.6513
  Batch 6030/10484, Loss: 4.7943
  Batch 6040/10484, Loss: 4.3989
  Batch 6050/10484, Loss: 4.2040
  Batch 6060/10484, Loss: 4.2204
  Batch 6070/10484, Loss: 4.3796
  Batch 6080/10484, Loss: 3.9732
  Batch 6090/10484, Loss: 5.0755
  Batch 6100/10484, Loss: 4.1989
  Batch 6110/10484, Loss: 3.3562
  Batch 6120/10484, Loss: 4.6622
  Batch 6130/10484, Loss: 3.9144
  Batch 6140/10484, Loss: 4.7495
  Batch 6150/10484, Loss: 4.4893
  Batch 6160/10484, Loss: 4.1888
  Batch 6170/10484, Loss: 4.9259
  Batch 6180/10484, Loss: 4.4082
  Batch 6190/10484, Loss: 4.3606
  Batch 6200/10484, Loss: 3.6958
  Batch 6210/10484, Loss: 4.0098
  Batch 6220/10484, Loss: 4.3155
  Batch 6230/10484, Loss: 3.7722
  Batch 6240/10484, Loss: 3.7843
  Batch 6250/10484, Loss: 4.6741
  Batch 6260/10484, Loss: 3.9468
  Batch 6270/10484, Loss: 4.6583
  Batch 6280/10484, Loss: 4.4321
  Batch 6290/10484, Loss: 4.8256
  Batch 6300/10484, Loss: 5.0639
  Batch 6310/10484, Loss: 5.0342
  Batch 6320/10484, Loss: 4.6238
  Batch 6330/10484, Loss: 4.1815
  Batch 6340/10484, Loss: 4.5544
  Batch 6350/10484, Loss: 4.5567
  Batch 6360/10484, Loss: 4.1618
  Batch 6370/10484, Loss: 5.2752
  Batch 6380/10484, Loss: 4.4175
  Batch 6390/10484, Loss: 4.9906
  Batch 6400/10484, Loss: 4.1508
  Batch 6410/10484, Loss: 3.9133
  Batch 6420/10484, Loss: 3.9885
  Batch 6430/10484, Loss: 4.4450
  Batch 6440/10484, Loss: 5.1532
  Batch 6450/10484, Loss: 4.1208
  Batch 6460/10484, Loss: 4.7088
  Batch 6470/10484, Loss: 4.2894
  Batch 6480/10484, Loss: 4.0018
  Batch 6490/10484, Loss: 4.0322
  Batch 6500/10484, Loss: 4.6406
  Batch 6510/10484, Loss: 4.6486
  Batch 6520/10484, Loss: 4.2893
  Batch 6530/10484, Loss: 3.9410
  Batch 6540/10484, Loss: 4.4901
  Batch 6550/10484, Loss: 4.0545
  Batch 6560/10484, Loss: 4.3578
  Batch 6570/10484, Loss: 3.9709
  Batch 6580/10484, Loss: 4.1349
  Batch 6590/10484, Loss: 4.7875
  Batch 6600/10484, Loss: 4.3306
  Batch 6610/10484, Loss: 4.4652
  Batch 6620/10484, Loss: 4.5538
  Batch 6630/10484, Loss: 3.9107
  Batch 6640/10484, Loss: 4.0774
  Batch 6650/10484, Loss: 4.3585
  Batch 6660/10484, Loss: 4.5017
  Batch 6670/10484, Loss: 4.7741
  Batch 6680/10484, Loss: 4.7194
  Batch 6690/10484, Loss: 4.6774
  Batch 6700/10484, Loss: 4.5691
  Batch 6710/10484, Loss: 4.6338
  Batch 6720/10484, Loss: 4.6745
  Batch 6730/10484, Loss: 5.0836
  Batch 6740/10484, Loss: 4.4238
  Batch 6750/10484, Loss: 4.3494
  Batch 6760/10484, Loss: 3.9469
  Batch 6770/10484, Loss: 4.2954
  Batch 6780/10484, Loss: 3.8814
  Batch 6790/10484, Loss: 4.1447
  Batch 6800/10484, Loss: 4.3078
  Batch 6810/10484, Loss: 4.0037
  Batch 6820/10484, Loss: 4.1264
  Batch 6830/10484, Loss: 4.3499
  Batch 6840/10484, Loss: 4.3923
  Batch 6850/10484, Loss: 4.7916
  Batch 6860/10484, Loss: 4.5830
  Batch 6870/10484, Loss: 4.2137
  Batch 6880/10484, Loss: 4.1737
  Batch 6890/10484, Loss: 4.7884
  Batch 6900/10484, Loss: 4.3528
  Batch 6910/10484, Loss: 4.0573
  Batch 6920/10484, Loss: 4.6542
  Batch 6930/10484, Loss: 3.3505
  Batch 6940/10484, Loss: 4.2455
  Batch 6950/10484, Loss: 4.2551
  Batch 6960/10484, Loss: 4.3580
  Batch 6970/10484, Loss: 3.6787
  Batch 6980/10484, Loss: 4.6194
  Batch 6990/10484, Loss: 3.8708
  Batch 7000/10484, Loss: 4.4545
  Batch 7010/10484, Loss: 4.2634
  Batch 7020/10484, Loss: 3.7655
  Batch 7030/10484, Loss: 4.2286
  Batch 7040/10484, Loss: 4.4484
  Batch 7050/10484, Loss: 4.3537
  Batch 7060/10484, Loss: 4.4668
  Batch 7070/10484, Loss: 3.9373
  Batch 7080/10484, Loss: 4.4835
  Batch 7090/10484, Loss: 4.6805
  Batch 7100/10484, Loss: 4.6062
  Batch 7110/10484, Loss: 4.5395
  Batch 7120/10484, Loss: 4.4657
  Batch 7130/10484, Loss: 4.5860
  Batch 7140/10484, Loss: 4.7598
  Batch 7150/10484, Loss: 4.2047
  Batch 7160/10484, Loss: 4.4264
  Batch 7170/10484, Loss: 4.0130
  Batch 7180/10484, Loss: 4.2272
  Batch 7190/10484, Loss: 4.7076
  Batch 7200/10484, Loss: 3.8347
  Batch 7210/10484, Loss: 4.0091
  Batch 7220/10484, Loss: 4.4039
  Batch 7230/10484, Loss: 4.6019
  Batch 7240/10484, Loss: 4.4974
  Batch 7250/10484, Loss: 4.4206
  Batch 7260/10484, Loss: 3.4702
  Batch 7270/10484, Loss: 4.0492
  Batch 7280/10484, Loss: 3.7866
  Batch 7290/10484, Loss: 4.4297
  Batch 7300/10484, Loss: 4.2595
  Batch 7310/10484, Loss: 4.3485
  Batch 7320/10484, Loss: 4.6782
  Batch 7330/10484, Loss: 4.0606
  Batch 7340/10484, Loss: 4.3322
  Batch 7350/10484, Loss: 4.2417
  Batch 7360/10484, Loss: 4.5294
  Batch 7370/10484, Loss: 4.6381
  Batch 7380/10484, Loss: 3.7203
  Batch 7390/10484, Loss: 4.6156
  Batch 7400/10484, Loss: 4.5702
  Batch 7410/10484, Loss: 4.5743
  Batch 7420/10484, Loss: 3.6333
  Batch 7430/10484, Loss: 4.6269
  Batch 7440/10484, Loss: 4.0402
  Batch 7450/10484, Loss: 4.3319
  Batch 7460/10484, Loss: 4.1268
  Batch 7470/10484, Loss: 4.5149
  Batch 7480/10484, Loss: 4.2120
  Batch 7490/10484, Loss: 3.8881
  Batch 7500/10484, Loss: 4.3497
  Batch 7510/10484, Loss: 4.1573
  Batch 7520/10484, Loss: 4.6887
  Batch 7530/10484, Loss: 4.5363
  Batch 7540/10484, Loss: 4.3986
  Batch 7550/10484, Loss: 4.2883
  Batch 7560/10484, Loss: 4.0740
  Batch 7570/10484, Loss: 3.5263
  Batch 7580/10484, Loss: 4.6007
  Batch 7590/10484, Loss: 3.6288
  Batch 7600/10484, Loss: 3.8856
  Batch 7610/10484, Loss: 4.2485
  Batch 7620/10484, Loss: 4.5539
  Batch 7630/10484, Loss: 4.2762
  Batch 7640/10484, Loss: 4.5044
  Batch 7650/10484, Loss: 4.7741
  Batch 7660/10484, Loss: 4.1572
  Batch 7670/10484, Loss: 4.6985
  Batch 7680/10484, Loss: 4.3993
  Batch 7690/10484, Loss: 4.2888
  Batch 7700/10484, Loss: 3.8181
  Batch 7710/10484, Loss: 4.3693
  Batch 7720/10484, Loss: 4.0222
  Batch 7730/10484, Loss: 3.5417
  Batch 7740/10484, Loss: 4.1574
  Batch 7750/10484, Loss: 4.7672
  Batch 7760/10484, Loss: 3.6568
  Batch 7770/10484, Loss: 3.9928
  Batch 7780/10484, Loss: 4.1190
  Batch 7790/10484, Loss: 4.4532
  Batch 7800/10484, Loss: 3.7211
  Batch 7810/10484, Loss: 4.2239
  Batch 7820/10484, Loss: 4.0949
  Batch 7830/10484, Loss: 4.1690
  Batch 7840/10484, Loss: 4.3603
  Batch 7850/10484, Loss: 3.8379
  Batch 7860/10484, Loss: 4.0056
  Batch 7870/10484, Loss: 5.1463
  Batch 7880/10484, Loss: 4.0505
  Batch 7890/10484, Loss: 4.5655
  Batch 7900/10484, Loss: 4.1516
  Batch 7910/10484, Loss: 4.7131
  Batch 7920/10484, Loss: 4.2016
  Batch 7930/10484, Loss: 4.3032
  Batch 7940/10484, Loss: 4.8963
  Batch 7950/10484, Loss: 4.4372
  Batch 7960/10484, Loss: 4.6477
  Batch 7970/10484, Loss: 4.7236
  Batch 7980/10484, Loss: 4.1762
  Batch 7990/10484, Loss: 4.2717
  Batch 8000/10484, Loss: 4.8319
  Batch 8010/10484, Loss: 4.1400
  Batch 8020/10484, Loss: 4.3557
  Batch 8030/10484, Loss: 4.1227
  Batch 8040/10484, Loss: 4.0235
  Batch 8050/10484, Loss: 4.1470
  Batch 8060/10484, Loss: 4.7005
  Batch 8070/10484, Loss: 4.6211
  Batch 8080/10484, Loss: 4.8492
  Batch 8090/10484, Loss: 4.4016
  Batch 8100/10484, Loss: 4.2763
  Batch 8110/10484, Loss: 4.0161
  Batch 8120/10484, Loss: 3.7960
  Batch 8130/10484, Loss: 4.7593
  Batch 8140/10484, Loss: 4.5186
  Batch 8150/10484, Loss: 4.4419
  Batch 8160/10484, Loss: 4.5939
  Batch 8170/10484, Loss: 4.3764
  Batch 8180/10484, Loss: 4.9016
  Batch 8190/10484, Loss: 4.3443
  Batch 8200/10484, Loss: 4.5230
  Batch 8210/10484, Loss: 4.1549
  Batch 8220/10484, Loss: 4.2684
  Batch 8230/10484, Loss: 5.0441
  Batch 8240/10484, Loss: 4.2264
  Batch 8250/10484, Loss: 4.0922
  Batch 8260/10484, Loss: 4.4358
  Batch 8270/10484, Loss: 4.4624
  Batch 8280/10484, Loss: 4.5609
  Batch 8290/10484, Loss: 4.5516
  Batch 8300/10484, Loss: 3.7577
  Batch 8310/10484, Loss: 4.3684
  Batch 8320/10484, Loss: 4.3679
  Batch 8330/10484, Loss: 4.1033
  Batch 8340/10484, Loss: 4.7212
  Batch 8350/10484, Loss: 5.0062
  Batch 8360/10484, Loss: 4.1010
  Batch 8370/10484, Loss: 4.3793
  Batch 8380/10484, Loss: 4.1848
  Batch 8390/10484, Loss: 4.2484
  Batch 8400/10484, Loss: 4.6362
  Batch 8410/10484, Loss: 4.5788
  Batch 8420/10484, Loss: 4.2623
  Batch 8430/10484, Loss: 4.1628
  Batch 8440/10484, Loss: 4.4032
  Batch 8450/10484, Loss: 4.1082
  Batch 8460/10484, Loss: 3.8713
  Batch 8470/10484, Loss: 4.1785
  Batch 8480/10484, Loss: 3.9872
  Batch 8490/10484, Loss: 4.4777
  Batch 8500/10484, Loss: 4.0662
  Batch 8510/10484, Loss: 4.2192
  Batch 8520/10484, Loss: 4.8663
  Batch 8530/10484, Loss: 4.6092
  Batch 8540/10484, Loss: 4.1715
  Batch 8550/10484, Loss: 4.3251
  Batch 8560/10484, Loss: 5.0507
  Batch 8570/10484, Loss: 4.6612
  Batch 8580/10484, Loss: 4.1890
  Batch 8590/10484, Loss: 3.8978
  Batch 8600/10484, Loss: 4.9036
  Batch 8610/10484, Loss: 4.6773
  Batch 8620/10484, Loss: 4.0950
  Batch 8630/10484, Loss: 4.3879
  Batch 8640/10484, Loss: 3.8390
  Batch 8650/10484, Loss: 4.1864
  Batch 8660/10484, Loss: 3.9192
  Batch 8670/10484, Loss: 3.8224
  Batch 8680/10484, Loss: 4.9014
  Batch 8690/10484, Loss: 4.4860
  Batch 8700/10484, Loss: 4.2281
  Batch 8710/10484, Loss: 4.3029
  Batch 8720/10484, Loss: 4.4016
  Batch 8730/10484, Loss: 4.2507
  Batch 8740/10484, Loss: 4.4735
  Batch 8750/10484, Loss: 4.7003
  Batch 8760/10484, Loss: 4.3688
  Batch 8770/10484, Loss: 4.4375
  Batch 8780/10484, Loss: 4.2566
  Batch 8790/10484, Loss: 4.3523
  Batch 8800/10484, Loss: 4.0189
  Batch 8810/10484, Loss: 3.8634
  Batch 8820/10484, Loss: 4.5364
  Batch 8830/10484, Loss: 4.7010
  Batch 8840/10484, Loss: 3.9125
  Batch 8850/10484, Loss: 4.3303
  Batch 8860/10484, Loss: 4.5235
  Batch 8870/10484, Loss: 4.3013
  Batch 8880/10484, Loss: 4.1409
  Batch 8890/10484, Loss: 4.4597
  Batch 8900/10484, Loss: 4.8956
  Batch 8910/10484, Loss: 4.0118
  Batch 8920/10484, Loss: 4.5447
  Batch 8930/10484, Loss: 4.1551
  Batch 8940/10484, Loss: 4.0633
  Batch 8950/10484, Loss: 4.3431
  Batch 8960/10484, Loss: 4.0466
  Batch 8970/10484, Loss: 4.5685
  Batch 8980/10484, Loss: 3.6490
  Batch 8990/10484, Loss: 4.5024
  Batch 9000/10484, Loss: 4.2292
  Batch 9010/10484, Loss: 4.4544
  Batch 9020/10484, Loss: 4.2870
  Batch 9030/10484, Loss: 4.6293
  Batch 9040/10484, Loss: 4.3608
  Batch 9050/10484, Loss: 4.7639
  Batch 9060/10484, Loss: 4.0759
  Batch 9070/10484, Loss: 5.1779
  Batch 9080/10484, Loss: 4.1672
  Batch 9090/10484, Loss: 3.6223
  Batch 9100/10484, Loss: 3.9294
  Batch 9110/10484, Loss: 4.0328
  Batch 9120/10484, Loss: 4.1590
  Batch 9130/10484, Loss: 4.0809
  Batch 9140/10484, Loss: 4.9329
  Batch 9150/10484, Loss: 4.0218
  Batch 9160/10484, Loss: 4.4765
  Batch 9170/10484, Loss: 4.1242
  Batch 9180/10484, Loss: 4.4158
  Batch 9190/10484, Loss: 4.3983
  Batch 9200/10484, Loss: 4.6057
  Batch 9210/10484, Loss: 4.8138
  Batch 9220/10484, Loss: 3.2863
  Batch 9230/10484, Loss: 4.7616
  Batch 9240/10484, Loss: 4.3131
  Batch 9250/10484, Loss: 3.9791
  Batch 9260/10484, Loss: 4.4563
  Batch 9270/10484, Loss: 4.3003
  Batch 9280/10484, Loss: 4.4539
  Batch 9290/10484, Loss: 4.3356
  Batch 9300/10484, Loss: 4.1046
  Batch 9310/10484, Loss: 4.5506
  Batch 9320/10484, Loss: 4.6653
  Batch 9330/10484, Loss: 4.4771
  Batch 9340/10484, Loss: 4.4072
  Batch 9350/10484, Loss: 4.5778
  Batch 9360/10484, Loss: 4.7037
  Batch 9370/10484, Loss: 4.2071
  Batch 9380/10484, Loss: 4.0444
  Batch 9390/10484, Loss: 4.4378
  Batch 9400/10484, Loss: 4.7994
  Batch 9410/10484, Loss: 4.1570
  Batch 9420/10484, Loss: 4.1894
  Batch 9430/10484, Loss: 4.0927
  Batch 9440/10484, Loss: 4.5156
  Batch 9450/10484, Loss: 3.6738
  Batch 9460/10484, Loss: 4.0644
  Batch 9470/10484, Loss: 4.3763
  Batch 9480/10484, Loss: 4.6122
  Batch 9490/10484, Loss: 4.2985
  Batch 9500/10484, Loss: 4.0615
  Batch 9510/10484, Loss: 4.0328
  Batch 9520/10484, Loss: 4.2858
  Batch 9530/10484, Loss: 4.4810
  Batch 9540/10484, Loss: 3.6922
  Batch 9550/10484, Loss: 4.4506
  Batch 9560/10484, Loss: 3.5963
  Batch 9570/10484, Loss: 4.0603
  Batch 9580/10484, Loss: 4.1280
  Batch 9590/10484, Loss: 4.3275
  Batch 9600/10484, Loss: 4.7158
  Batch 9610/10484, Loss: 4.4546
  Batch 9620/10484, Loss: 4.2853
  Batch 9630/10484, Loss: 3.9327
  Batch 9640/10484, Loss: 4.4263
  Batch 9650/10484, Loss: 4.5263
  Batch 9660/10484, Loss: 3.5343
  Batch 9670/10484, Loss: 4.7937
  Batch 9680/10484, Loss: 4.4842
  Batch 9690/10484, Loss: 4.8308
  Batch 9700/10484, Loss: 3.9165
  Batch 9710/10484, Loss: 4.1247
  Batch 9720/10484, Loss: 4.3172
  Batch 9730/10484, Loss: 3.9379
  Batch 9740/10484, Loss: 4.7371
  Batch 9750/10484, Loss: 4.3621
  Batch 9760/10484, Loss: 4.6356
  Batch 9770/10484, Loss: 4.3922
  Batch 9780/10484, Loss: 4.7652
  Batch 9790/10484, Loss: 4.6318
  Batch 9800/10484, Loss: 4.0441
  Batch 9810/10484, Loss: 4.5133
  Batch 9820/10484, Loss: 4.5682
  Batch 9830/10484, Loss: 4.5579
  Batch 9840/10484, Loss: 4.5060
  Batch 9850/10484, Loss: 4.3232
  Batch 9860/10484, Loss: 4.8928
  Batch 9870/10484, Loss: 4.5727
  Batch 9880/10484, Loss: 4.4595
  Batch 9890/10484, Loss: 4.4150
  Batch 9900/10484, Loss: 4.0623
  Batch 9910/10484, Loss: 4.4456
  Batch 9920/10484, Loss: 3.5394
  Batch 9930/10484, Loss: 4.5404
  Batch 9940/10484, Loss: 4.5701
  Batch 9950/10484, Loss: 4.1816
  Batch 9960/10484, Loss: 4.3865
  Batch 9970/10484, Loss: 3.8754
  Batch 9980/10484, Loss: 3.9239
  Batch 9990/10484, Loss: 4.2537
  Batch 10000/10484, Loss: 4.3673
  Batch 10010/10484, Loss: 4.2919
  Batch 10020/10484, Loss: 4.6356
  Batch 10030/10484, Loss: 4.6345
  Batch 10040/10484, Loss: 4.3401
  Batch 10050/10484, Loss: 4.6696
  Batch 10060/10484, Loss: 4.3385
  Batch 10070/10484, Loss: 5.1986
  Batch 10080/10484, Loss: 4.2681
  Batch 10090/10484, Loss: 4.3267
  Batch 10100/10484, Loss: 4.5041
  Batch 10110/10484, Loss: 4.9059
  Batch 10120/10484, Loss: 4.3049
  Batch 10130/10484, Loss: 4.7255
  Batch 10140/10484, Loss: 4.5004
  Batch 10150/10484, Loss: 4.7823
  Batch 10160/10484, Loss: 3.9030
  Batch 10170/10484, Loss: 4.4714
  Batch 10180/10484, Loss: 4.4500
  Batch 10190/10484, Loss: 4.8107
  Batch 10200/10484, Loss: 4.5723
  Batch 10210/10484, Loss: 4.4014
  Batch 10220/10484, Loss: 4.3967
  Batch 10230/10484, Loss: 4.9957
  Batch 10240/10484, Loss: 4.4263
  Batch 10250/10484, Loss: 3.7549
  Batch 10260/10484, Loss: 4.2232
  Batch 10270/10484, Loss: 4.1544
  Batch 10280/10484, Loss: 4.4320
  Batch 10290/10484, Loss: 4.1676
  Batch 10300/10484, Loss: 4.2316
  Batch 10310/10484, Loss: 4.0278
  Batch 10320/10484, Loss: 4.4775
  Batch 10330/10484, Loss: 4.6045
  Batch 10340/10484, Loss: 4.5295
  Batch 10350/10484, Loss: 3.9580
  Batch 10360/10484, Loss: 4.3036
  Batch 10370/10484, Loss: 4.2025
  Batch 10380/10484, Loss: 4.3054
  Batch 10390/10484, Loss: 4.5626
  Batch 10400/10484, Loss: 4.4283
  Batch 10410/10484, Loss: 3.6742
  Batch 10420/10484, Loss: 4.3312
  Batch 10430/10484, Loss: 4.1268
  Batch 10440/10484, Loss: 4.5910
  Batch 10450/10484, Loss: 3.9401
  Batch 10460/10484, Loss: 4.5406
  Batch 10470/10484, Loss: 3.7859
  Batch 10480/10484, Loss: 4.4506

  Train Loss: 4.2974
  Val Loss: 6.7491
  Time: 34m 20s
  ✓ Saved checkpoint to /scratch/aitordiez/News2Stock/simple_seq2seq/checkpoints/checkpoint_epoch_15.pt

Epoch 16/20
----------------------------------------
  Batch 10/10484, Loss: 4.2560
  Batch 20/10484, Loss: 4.5311
  Batch 30/10484, Loss: 3.7459
  Batch 40/10484, Loss: 4.7281
  Batch 50/10484, Loss: 4.3612
  Batch 60/10484, Loss: 4.3801
  Batch 70/10484, Loss: 4.4875
  Batch 80/10484, Loss: 4.1223
  Batch 90/10484, Loss: 4.4715
  Batch 100/10484, Loss: 4.4081
  Batch 110/10484, Loss: 3.6666
  Batch 120/10484, Loss: 4.6898
  Batch 130/10484, Loss: 4.4986
  Batch 140/10484, Loss: 4.6644
  Batch 150/10484, Loss: 4.1047
  Batch 160/10484, Loss: 4.2066
  Batch 170/10484, Loss: 4.3676
  Batch 180/10484, Loss: 4.0677
  Batch 190/10484, Loss: 3.9943
  Batch 200/10484, Loss: 3.8474
  Batch 210/10484, Loss: 4.7497
  Batch 220/10484, Loss: 4.2856
  Batch 230/10484, Loss: 4.0296
  Batch 240/10484, Loss: 3.7536
  Batch 250/10484, Loss: 4.0673
  Batch 260/10484, Loss: 3.8368
  Batch 270/10484, Loss: 4.1639
  Batch 280/10484, Loss: 4.7429
  Batch 290/10484, Loss: 4.4428
  Batch 300/10484, Loss: 3.7915
  Batch 310/10484, Loss: 4.2645
  Batch 320/10484, Loss: 4.6473
  Batch 330/10484, Loss: 4.3755
  Batch 340/10484, Loss: 4.0217
  Batch 350/10484, Loss: 4.0715
  Batch 360/10484, Loss: 4.2757
  Batch 370/10484, Loss: 4.0236
  Batch 380/10484, Loss: 4.3868
  Batch 390/10484, Loss: 3.7861
  Batch 400/10484, Loss: 4.0573
  Batch 410/10484, Loss: 4.6181
  Batch 420/10484, Loss: 3.8655
  Batch 430/10484, Loss: 4.6356
  Batch 440/10484, Loss: 4.0725
  Batch 450/10484, Loss: 4.7295
  Batch 460/10484, Loss: 4.4733
  Batch 470/10484, Loss: 4.7394
  Batch 480/10484, Loss: 4.0378
  Batch 490/10484, Loss: 4.3530
  Batch 500/10484, Loss: 4.3536
  Batch 510/10484, Loss: 3.8874
  Batch 520/10484, Loss: 4.4519
  Batch 530/10484, Loss: 4.2649
  Batch 540/10484, Loss: 4.4612
  Batch 550/10484, Loss: 4.2773
  Batch 560/10484, Loss: 4.6798
  Batch 570/10484, Loss: 4.3005
  Batch 580/10484, Loss: 4.0245
  Batch 590/10484, Loss: 3.8491
  Batch 600/10484, Loss: 4.5959
  Batch 610/10484, Loss: 4.3618
  Batch 620/10484, Loss: 3.4258
  Batch 630/10484, Loss: 4.5010
  Batch 640/10484, Loss: 3.6106
  Batch 650/10484, Loss: 4.7882
  Batch 660/10484, Loss: 4.0965
  Batch 670/10484, Loss: 4.1625
  Batch 680/10484, Loss: 4.6325
  Batch 690/10484, Loss: 4.1517
  Batch 700/10484, Loss: 4.1589
  Batch 710/10484, Loss: 4.5085
  Batch 720/10484, Loss: 4.0906
  Batch 730/10484, Loss: 3.7876
  Batch 740/10484, Loss: 4.2679
  Batch 750/10484, Loss: 4.9843
  Batch 760/10484, Loss: 3.9519
  Batch 770/10484, Loss: 4.9119
  Batch 780/10484, Loss: 3.7969
  Batch 790/10484, Loss: 4.0511
  Batch 800/10484, Loss: 4.7106
  Batch 810/10484, Loss: 4.0417
  Batch 820/10484, Loss: 4.7783
  Batch 830/10484, Loss: 3.7155
  Batch 840/10484, Loss: 4.4537
  Batch 850/10484, Loss: 4.4887
  Batch 860/10484, Loss: 3.7588
  Batch 870/10484, Loss: 4.8504
  Batch 880/10484, Loss: 4.2173
  Batch 890/10484, Loss: 4.5403
  Batch 900/10484, Loss: 4.3709
  Batch 910/10484, Loss: 4.1292
  Batch 920/10484, Loss: 4.0011
  Batch 930/10484, Loss: 3.7605
  Batch 940/10484, Loss: 4.4435
  Batch 950/10484, Loss: 3.8583
  Batch 960/10484, Loss: 3.9944
  Batch 970/10484, Loss: 3.9747
  Batch 980/10484, Loss: 3.8887
  Batch 990/10484, Loss: 4.3674
  Batch 1000/10484, Loss: 4.4367
  Batch 1010/10484, Loss: 4.0553
  Batch 1020/10484, Loss: 4.4929
  Batch 1030/10484, Loss: 4.0596
  Batch 1040/10484, Loss: 4.4331
  Batch 1050/10484, Loss: 4.0909
  Batch 1060/10484, Loss: 4.1416
  Batch 1070/10484, Loss: 4.5009
  Batch 1080/10484, Loss: 3.9512
  Batch 1090/10484, Loss: 3.9699
  Batch 1100/10484, Loss: 3.8386
  Batch 1110/10484, Loss: 4.5710
  Batch 1120/10484, Loss: 4.8097
  Batch 1130/10484, Loss: 4.5350
  Batch 1140/10484, Loss: 4.9360
  Batch 1150/10484, Loss: 4.5121
  Batch 1160/10484, Loss: 4.3282
  Batch 1170/10484, Loss: 3.9021
  Batch 1180/10484, Loss: 3.5075
  Batch 1190/10484, Loss: 4.1327
  Batch 1200/10484, Loss: 4.5512
  Batch 1210/10484, Loss: 4.2983
  Batch 1220/10484, Loss: 4.5550
  Batch 1230/10484, Loss: 4.2693
  Batch 1240/10484, Loss: 4.4964
  Batch 1250/10484, Loss: 3.8798
  Batch 1260/10484, Loss: 4.2983
  Batch 1270/10484, Loss: 3.8760
  Batch 1280/10484, Loss: 4.0193
  Batch 1290/10484, Loss: 4.5084
  Batch 1300/10484, Loss: 4.1319
  Batch 1310/10484, Loss: 4.4848
  Batch 1320/10484, Loss: 4.0902
  Batch 1330/10484, Loss: 4.4392
  Batch 1340/10484, Loss: 4.2133
  Batch 1350/10484, Loss: 4.3565
  Batch 1360/10484, Loss: 3.8322
  Batch 1370/10484, Loss: 4.3187
  Batch 1380/10484, Loss: 3.7240
  Batch 1390/10484, Loss: 4.0727
  Batch 1400/10484, Loss: 3.2971
  Batch 1410/10484, Loss: 3.9863
  Batch 1420/10484, Loss: 4.3639
  Batch 1430/10484, Loss: 3.5777
  Batch 1440/10484, Loss: 4.2421
  Batch 1450/10484, Loss: 4.2210
  Batch 1460/10484, Loss: 4.2564
  Batch 1470/10484, Loss: 4.3742
  Batch 1480/10484, Loss: 4.3111
  Batch 1490/10484, Loss: 3.7721
  Batch 1500/10484, Loss: 3.5864
  Batch 1510/10484, Loss: 4.1559
  Batch 1520/10484, Loss: 4.2361
  Batch 1530/10484, Loss: 4.7666
  Batch 1540/10484, Loss: 4.3081
  Batch 1550/10484, Loss: 4.5303
  Batch 1560/10484, Loss: 4.1616
  Batch 1570/10484, Loss: 4.1454
  Batch 1580/10484, Loss: 4.2813
  Batch 1590/10484, Loss: 4.4074
  Batch 1600/10484, Loss: 3.5890
  Batch 1610/10484, Loss: 4.2464
  Batch 1620/10484, Loss: 4.1998
  Batch 1630/10484, Loss: 4.9750
  Batch 1640/10484, Loss: 4.3087
  Batch 1650/10484, Loss: 4.0352
  Batch 1660/10484, Loss: 4.4483
  Batch 1670/10484, Loss: 4.4090
  Batch 1680/10484, Loss: 4.3361
  Batch 1690/10484, Loss: 4.0869
  Batch 1700/10484, Loss: 4.5160
  Batch 1710/10484, Loss: 3.9171
  Batch 1720/10484, Loss: 3.5980
  Batch 1730/10484, Loss: 4.5744
  Batch 1740/10484, Loss: 4.0265
  Batch 1750/10484, Loss: 3.7548
  Batch 1760/10484, Loss: 4.3416
  Batch 1770/10484, Loss: 4.0798
  Batch 1780/10484, Loss: 4.5378
  Batch 1790/10484, Loss: 4.3519
  Batch 1800/10484, Loss: 5.0045
  Batch 1810/10484, Loss: 4.2893
  Batch 1820/10484, Loss: 3.7638
  Batch 1830/10484, Loss: 4.3682
  Batch 1840/10484, Loss: 4.0373
  Batch 1850/10484, Loss: 3.7571
  Batch 1860/10484, Loss: 4.8636
  Batch 1870/10484, Loss: 4.8592
  Batch 1880/10484, Loss: 4.1201
  Batch 1890/10484, Loss: 4.4904
  Batch 1900/10484, Loss: 4.8150
  Batch 1910/10484, Loss: 4.0269
  Batch 1920/10484, Loss: 3.9778
  Batch 1930/10484, Loss: 4.6439
  Batch 1940/10484, Loss: 3.8863
  Batch 1950/10484, Loss: 4.2608
  Batch 1960/10484, Loss: 4.4790
  Batch 1970/10484, Loss: 4.1750
  Batch 1980/10484, Loss: 3.8030
  Batch 1990/10484, Loss: 4.1457
  Batch 2000/10484, Loss: 4.2676
  Batch 2010/10484, Loss: 4.1760
  Batch 2020/10484, Loss: 4.0754
  Batch 2030/10484, Loss: 4.6247
  Batch 2040/10484, Loss: 4.3685
  Batch 2050/10484, Loss: 3.5661
  Batch 2060/10484, Loss: 4.1095
  Batch 2070/10484, Loss: 4.0787
  Batch 2080/10484, Loss: 3.7821
  Batch 2090/10484, Loss: 3.9888
  Batch 2100/10484, Loss: 3.5358
  Batch 2110/10484, Loss: 4.4445
  Batch 2120/10484, Loss: 4.7969
  Batch 2130/10484, Loss: 4.4525
  Batch 2140/10484, Loss: 3.7373
  Batch 2150/10484, Loss: 3.9987
  Batch 2160/10484, Loss: 4.7396
  Batch 2170/10484, Loss: 4.6176
  Batch 2180/10484, Loss: 4.4672
  Batch 2190/10484, Loss: 4.2240
  Batch 2200/10484, Loss: 4.6946
  Batch 2210/10484, Loss: 4.5920
  Batch 2220/10484, Loss: 4.0970
  Batch 2230/10484, Loss: 4.5699
  Batch 2240/10484, Loss: 4.3887
  Batch 2250/10484, Loss: 4.3028
  Batch 2260/10484, Loss: 4.4252
  Batch 2270/10484, Loss: 3.8614
  Batch 2280/10484, Loss: 4.4738
  Batch 2290/10484, Loss: 4.5757
  Batch 2300/10484, Loss: 4.5581
  Batch 2310/10484, Loss: 4.7958
  Batch 2320/10484, Loss: 3.6731
  Batch 2330/10484, Loss: 4.3104
  Batch 2340/10484, Loss: 4.3014
  Batch 2350/10484, Loss: 3.6417
  Batch 2360/10484, Loss: 4.3156
  Batch 2370/10484, Loss: 3.9696
  Batch 2380/10484, Loss: 3.7099
  Batch 2390/10484, Loss: 4.4830
  Batch 2400/10484, Loss: 4.7308
  Batch 2410/10484, Loss: 4.6736
  Batch 2420/10484, Loss: 4.1012
  Batch 2430/10484, Loss: 3.9559
  Batch 2440/10484, Loss: 4.4815
  Batch 2450/10484, Loss: 4.1548
  Batch 2460/10484, Loss: 4.1749
  Batch 2470/10484, Loss: 4.0930
  Batch 2480/10484, Loss: 4.0992
  Batch 2490/10484, Loss: 4.1401
  Batch 2500/10484, Loss: 4.3404
  Batch 2510/10484, Loss: 4.3817
  Batch 2520/10484, Loss: 4.3999
  Batch 2530/10484, Loss: 3.9642
  Batch 2540/10484, Loss: 3.9456
  Batch 2550/10484, Loss: 3.9069
  Batch 2560/10484, Loss: 4.1864
  Batch 2570/10484, Loss: 3.4272
  Batch 2580/10484, Loss: 4.7684
  Batch 2590/10484, Loss: 4.6647
  Batch 2600/10484, Loss: 3.8798
  Batch 2610/10484, Loss: 4.3880
  Batch 2620/10484, Loss: 4.8402
  Batch 2630/10484, Loss: 4.2807
  Batch 2640/10484, Loss: 4.0742
  Batch 2650/10484, Loss: 4.3307
  Batch 2660/10484, Loss: 4.3639
  Batch 2670/10484, Loss: 4.1164
  Batch 2680/10484, Loss: 3.9094
  Batch 2690/10484, Loss: 4.2286
  Batch 2700/10484, Loss: 4.3151
  Batch 2710/10484, Loss: 3.8740
  Batch 2720/10484, Loss: 4.0729
  Batch 2730/10484, Loss: 4.6354
  Batch 2740/10484, Loss: 4.2302
  Batch 2750/10484, Loss: 4.1405
  Batch 2760/10484, Loss: 4.4944
  Batch 2770/10484, Loss: 4.9904
  Batch 2780/10484, Loss: 4.1373
  Batch 2790/10484, Loss: 4.2883
  Batch 2800/10484, Loss: 4.2630
  Batch 2810/10484, Loss: 4.8899
  Batch 2820/10484, Loss: 4.0926
  Batch 2830/10484, Loss: 4.9675
  Batch 2840/10484, Loss: 4.4570
  Batch 2850/10484, Loss: 4.6518
  Batch 2860/10484, Loss: 4.0660
  Batch 2870/10484, Loss: 4.3416
  Batch 2880/10484, Loss: 3.9931
  Batch 2890/10484, Loss: 3.9044
  Batch 2900/10484, Loss: 4.6129
  Batch 2910/10484, Loss: 3.9826
  Batch 2920/10484, Loss: 4.6426
  Batch 2930/10484, Loss: 4.5918
  Batch 2940/10484, Loss: 4.6794
  Batch 2950/10484, Loss: 4.3796
  Batch 2960/10484, Loss: 4.4279
  Batch 2970/10484, Loss: 4.1707
  Batch 2980/10484, Loss: 4.4870
  Batch 2990/10484, Loss: 4.0953
  Batch 3000/10484, Loss: 3.9478
  Batch 3010/10484, Loss: 4.1451
  Batch 3020/10484, Loss: 4.1627
  Batch 3030/10484, Loss: 4.4674
  Batch 3040/10484, Loss: 4.2331
  Batch 3050/10484, Loss: 4.6916
  Batch 3060/10484, Loss: 4.4766
  Batch 3070/10484, Loss: 4.4512
  Batch 3080/10484, Loss: 4.1299
  Batch 3090/10484, Loss: 3.9918
  Batch 3100/10484, Loss: 4.5881
  Batch 3110/10484, Loss: 4.0016
  Batch 3120/10484, Loss: 4.1465
  Batch 3130/10484, Loss: 3.4852
  Batch 3140/10484, Loss: 4.3064
  Batch 3150/10484, Loss: 4.2195
  Batch 3160/10484, Loss: 3.8399
  Batch 3170/10484, Loss: 4.2121
  Batch 3180/10484, Loss: 5.0455
  Batch 3190/10484, Loss: 4.4444
  Batch 3200/10484, Loss: 4.7023
  Batch 3210/10484, Loss: 4.3423
  Batch 3220/10484, Loss: 3.6153
  Batch 3230/10484, Loss: 3.8384
  Batch 3240/10484, Loss: 4.1598
  Batch 3250/10484, Loss: 4.8885
  Batch 3260/10484, Loss: 4.2143
  Batch 3270/10484, Loss: 4.5611
  Batch 3280/10484, Loss: 4.0438
  Batch 3290/10484, Loss: 3.4978
  Batch 3300/10484, Loss: 4.1181
  Batch 3310/10484, Loss: 4.1989
  Batch 3320/10484, Loss: 4.4841
  Batch 3330/10484, Loss: 4.5183
  Batch 3340/10484, Loss: 3.6776
  Batch 3350/10484, Loss: 4.1846
  Batch 3360/10484, Loss: 4.0271
  Batch 3370/10484, Loss: 4.1581
  Batch 3380/10484, Loss: 4.5167
  Batch 3390/10484, Loss: 3.9766
  Batch 3400/10484, Loss: 4.2498
  Batch 3410/10484, Loss: 4.1146
  Batch 3420/10484, Loss: 4.2718
  Batch 3430/10484, Loss: 4.3552
  Batch 3440/10484, Loss: 3.7754
  Batch 3450/10484, Loss: 4.8111
  Batch 3460/10484, Loss: 4.4657
  Batch 3470/10484, Loss: 4.5725
  Batch 3480/10484, Loss: 4.6204
  Batch 3490/10484, Loss: 4.3133
  Batch 3500/10484, Loss: 4.1100
  Batch 3510/10484, Loss: 4.2538
  Batch 3520/10484, Loss: 4.0289
  Batch 3530/10484, Loss: 4.8238
  Batch 3540/10484, Loss: 3.6626
  Batch 3550/10484, Loss: 3.9858
  Batch 3560/10484, Loss: 4.1852
  Batch 3570/10484, Loss: 3.9588
  Batch 3580/10484, Loss: 3.8157
  Batch 3590/10484, Loss: 4.8994
  Batch 3600/10484, Loss: 4.5040
  Batch 3610/10484, Loss: 4.1785
  Batch 3620/10484, Loss: 3.6211
  Batch 3630/10484, Loss: 4.8672
  Batch 3640/10484, Loss: 4.5483
  Batch 3650/10484, Loss: 3.9681
  Batch 3660/10484, Loss: 4.6453
  Batch 3670/10484, Loss: 4.1743
  Batch 3680/10484, Loss: 3.9348
  Batch 3690/10484, Loss: 4.0365
  Batch 3700/10484, Loss: 4.8206
  Batch 3710/10484, Loss: 4.2494
  Batch 3720/10484, Loss: 4.1358
  Batch 3730/10484, Loss: 4.2077
  Batch 3740/10484, Loss: 4.8687
  Batch 3750/10484, Loss: 4.3412
  Batch 3760/10484, Loss: 4.0615
  Batch 3770/10484, Loss: 4.1047
  Batch 3780/10484, Loss: 4.2690
  Batch 3790/10484, Loss: 4.5015
  Batch 3800/10484, Loss: 3.9526
  Batch 3810/10484, Loss: 4.1488
  Batch 3820/10484, Loss: 4.1460
  Batch 3830/10484, Loss: 4.2421
  Batch 3840/10484, Loss: 3.7571
  Batch 3850/10484, Loss: 4.1664
  Batch 3860/10484, Loss: 4.4620
  Batch 3870/10484, Loss: 4.2095
  Batch 3880/10484, Loss: 4.3762
  Batch 3890/10484, Loss: 4.0863
  Batch 3900/10484, Loss: 4.2247
  Batch 3910/10484, Loss: 4.8977
  Batch 3920/10484, Loss: 4.1086
  Batch 3930/10484, Loss: 4.7029
  Batch 3940/10484, Loss: 3.9457
  Batch 3950/10484, Loss: 4.6359
  Batch 3960/10484, Loss: 4.3714
  Batch 3970/10484, Loss: 4.3316
  Batch 3980/10484, Loss: 3.5576
  Batch 3990/10484, Loss: 3.7823
  Batch 4000/10484, Loss: 4.7906
  Batch 4010/10484, Loss: 4.5056
  Batch 4020/10484, Loss: 4.4025
  Batch 4030/10484, Loss: 4.3685
  Batch 4040/10484, Loss: 3.9034
  Batch 4050/10484, Loss: 3.8103
  Batch 4060/10484, Loss: 3.8075
  Batch 4070/10484, Loss: 4.8730
  Batch 4080/10484, Loss: 4.4488
  Batch 4090/10484, Loss: 4.4837
  Batch 4100/10484, Loss: 3.8591
  Batch 4110/10484, Loss: 4.3815
  Batch 4120/10484, Loss: 4.2298
  Batch 4130/10484, Loss: 4.2758
  Batch 4140/10484, Loss: 4.0013
  Batch 4150/10484, Loss: 3.9847
  Batch 4160/10484, Loss: 4.3162
  Batch 4170/10484, Loss: 4.4907
  Batch 4180/10484, Loss: 4.6359
  Batch 4190/10484, Loss: 4.4269
  Batch 4200/10484, Loss: 3.9098
  Batch 4210/10484, Loss: 4.8434
  Batch 4220/10484, Loss: 4.8736
  Batch 4230/10484, Loss: 4.1254
  Batch 4240/10484, Loss: 4.1225
  Batch 4250/10484, Loss: 3.9254
  Batch 4260/10484, Loss: 3.8946
  Batch 4270/10484, Loss: 4.1719
  Batch 4280/10484, Loss: 4.2795
  Batch 4290/10484, Loss: 4.2839
  Batch 4300/10484, Loss: 4.5690
  Batch 4310/10484, Loss: 3.6680
  Batch 4320/10484, Loss: 4.4354
  Batch 4330/10484, Loss: 4.1316
  Batch 4340/10484, Loss: 4.4527
  Batch 4350/10484, Loss: 3.6909
  Batch 4360/10484, Loss: 3.9832
  Batch 4370/10484, Loss: 4.5084
  Batch 4380/10484, Loss: 4.2808
  Batch 4390/10484, Loss: 3.9695
  Batch 4400/10484, Loss: 3.9483
  Batch 4410/10484, Loss: 4.0568
  Batch 4420/10484, Loss: 4.0699
  Batch 4430/10484, Loss: 4.6794
  Batch 4440/10484, Loss: 4.8377
  Batch 4450/10484, Loss: 4.4706
  Batch 4460/10484, Loss: 5.1815
  Batch 4470/10484, Loss: 3.9610
  Batch 4480/10484, Loss: 3.9725
  Batch 4490/10484, Loss: 4.4018
  Batch 4500/10484, Loss: 4.4134
  Batch 4510/10484, Loss: 4.2053
  Batch 4520/10484, Loss: 4.4641
  Batch 4530/10484, Loss: 4.7394
  Batch 4540/10484, Loss: 4.1666
  Batch 4550/10484, Loss: 4.3916
  Batch 4560/10484, Loss: 4.1779
  Batch 4570/10484, Loss: 4.0142
  Batch 4580/10484, Loss: 4.3306
  Batch 4590/10484, Loss: 4.3275
  Batch 4600/10484, Loss: 4.6100
  Batch 4610/10484, Loss: 4.4629
  Batch 4620/10484, Loss: 4.3591
  Batch 4630/10484, Loss: 4.5378
  Batch 4640/10484, Loss: 3.8364
  Batch 4650/10484, Loss: 4.4097
  Batch 4660/10484, Loss: 4.1088
  Batch 4670/10484, Loss: 4.4254
  Batch 4680/10484, Loss: 4.7594
  Batch 4690/10484, Loss: 4.3785
  Batch 4700/10484, Loss: 4.9031
  Batch 4710/10484, Loss: 4.4980
  Batch 4720/10484, Loss: 4.0769
  Batch 4730/10484, Loss: 4.5535
  Batch 4740/10484, Loss: 3.6417
  Batch 4750/10484, Loss: 4.4760
  Batch 4760/10484, Loss: 3.9079
  Batch 4770/10484, Loss: 4.7588
  Batch 4780/10484, Loss: 4.4544
  Batch 4790/10484, Loss: 3.6654
  Batch 4800/10484, Loss: 4.7367
  Batch 4810/10484, Loss: 4.2552
  Batch 4820/10484, Loss: 4.0367
  Batch 4830/10484, Loss: 3.9995
  Batch 4840/10484, Loss: 3.7409
  Batch 4850/10484, Loss: 4.6582
  Batch 4860/10484, Loss: 4.3703
  Batch 4870/10484, Loss: 4.2567
  Batch 4880/10484, Loss: 4.1723
  Batch 4890/10484, Loss: 4.7058
  Batch 4900/10484, Loss: 4.2258
  Batch 4910/10484, Loss: 4.4979
  Batch 4920/10484, Loss: 4.5698
  Batch 4930/10484, Loss: 4.1373
  Batch 4940/10484, Loss: 4.5797
  Batch 4950/10484, Loss: 4.1437
  Batch 4960/10484, Loss: 3.9620
  Batch 4970/10484, Loss: 4.2188
  Batch 4980/10484, Loss: 4.2243
  Batch 4990/10484, Loss: 4.3587
  Batch 5000/10484, Loss: 4.5607
  Batch 5010/10484, Loss: 4.4883
  Batch 5020/10484, Loss: 3.9442
  Batch 5030/10484, Loss: 4.2285
  Batch 5040/10484, Loss: 5.0074
  Batch 5050/10484, Loss: 4.8743
  Batch 5060/10484, Loss: 4.6276
  Batch 5070/10484, Loss: 4.1737
  Batch 5080/10484, Loss: 4.4470
  Batch 5090/10484, Loss: 4.3530
  Batch 5100/10484, Loss: 4.4797
  Batch 5110/10484, Loss: 2.9446
  Batch 5120/10484, Loss: 4.0779
  Batch 5130/10484, Loss: 4.5576
  Batch 5140/10484, Loss: 4.4298
  Batch 5150/10484, Loss: 4.2408
  Batch 5160/10484, Loss: 4.0304
  Batch 5170/10484, Loss: 4.4937
  Batch 5180/10484, Loss: 4.7152
  Batch 5190/10484, Loss: 4.4679
  Batch 5200/10484, Loss: 4.4325
  Batch 5210/10484, Loss: 4.7501
  Batch 5220/10484, Loss: 4.3131
  Batch 5230/10484, Loss: 4.5984
  Batch 5240/10484, Loss: 4.7607
  Batch 5250/10484, Loss: 4.0129
  Batch 5260/10484, Loss: 3.8013
  Batch 5270/10484, Loss: 4.5678
  Batch 5280/10484, Loss: 4.3339
  Batch 5290/10484, Loss: 4.5739
  Batch 5300/10484, Loss: 4.2252
  Batch 5310/10484, Loss: 3.6588
  Batch 5320/10484, Loss: 4.3562
  Batch 5330/10484, Loss: 4.7740
  Batch 5340/10484, Loss: 4.2211
  Batch 5350/10484, Loss: 4.2030
  Batch 5360/10484, Loss: 4.4080
  Batch 5370/10484, Loss: 4.0632
  Batch 5380/10484, Loss: 4.5929
  Batch 5390/10484, Loss: 4.9557
  Batch 5400/10484, Loss: 4.7558
  Batch 5410/10484, Loss: 4.0525
  Batch 5420/10484, Loss: 4.1437
  Batch 5430/10484, Loss: 4.4398
  Batch 5440/10484, Loss: 4.4151
  Batch 5450/10484, Loss: 4.5318
  Batch 5460/10484, Loss: 4.3930
  Batch 5470/10484, Loss: 4.3408
  Batch 5480/10484, Loss: 4.1340
  Batch 5490/10484, Loss: 4.5955
  Batch 5500/10484, Loss: 4.5689
  Batch 5510/10484, Loss: 4.2163
  Batch 5520/10484, Loss: 3.9403
  Batch 5530/10484, Loss: 4.2673
  Batch 5540/10484, Loss: 4.1917
  Batch 5550/10484, Loss: 4.3127
  Batch 5560/10484, Loss: 4.0031
  Batch 5570/10484, Loss: 4.2369
  Batch 5580/10484, Loss: 3.9384
  Batch 5590/10484, Loss: 4.2580
  Batch 5600/10484, Loss: 4.6466
  Batch 5610/10484, Loss: 3.5776
  Batch 5620/10484, Loss: 4.3478
  Batch 5630/10484, Loss: 4.3337
  Batch 5640/10484, Loss: 3.6500
  Batch 5650/10484, Loss: 4.6052
  Batch 5660/10484, Loss: 4.0988
  Batch 5670/10484, Loss: 4.4035
  Batch 5680/10484, Loss: 4.2467
  Batch 5690/10484, Loss: 4.4390
  Batch 5700/10484, Loss: 4.5537
  Batch 5710/10484, Loss: 4.3207
  Batch 5720/10484, Loss: 4.1204
  Batch 5730/10484, Loss: 4.4449
  Batch 5740/10484, Loss: 4.3584
  Batch 5750/10484, Loss: 4.3964
  Batch 5760/10484, Loss: 4.0295
  Batch 5770/10484, Loss: 3.7186
  Batch 5780/10484, Loss: 4.5175
  Batch 5790/10484, Loss: 4.0215
  Batch 5800/10484, Loss: 4.1092
  Batch 5810/10484, Loss: 4.5664
  Batch 5820/10484, Loss: 4.0897
  Batch 5830/10484, Loss: 4.9852
  Batch 5840/10484, Loss: 3.9464
  Batch 5850/10484, Loss: 4.2532
  Batch 5860/10484, Loss: 4.8600
  Batch 5870/10484, Loss: 4.3388
  Batch 5880/10484, Loss: 4.5198
  Batch 5890/10484, Loss: 4.3566
  Batch 5900/10484, Loss: 3.8919
  Batch 5910/10484, Loss: 4.4245
  Batch 5920/10484, Loss: 4.4766
  Batch 5930/10484, Loss: 4.1440
  Batch 5940/10484, Loss: 4.4439
  Batch 5950/10484, Loss: 4.6971
  Batch 5960/10484, Loss: 4.5618
  Batch 5970/10484, Loss: 4.3314
  Batch 5980/10484, Loss: 4.3553
  Batch 5990/10484, Loss: 4.3520
  Batch 6000/10484, Loss: 4.4749
  Batch 6010/10484, Loss: 4.2365
  Batch 6020/10484, Loss: 4.4675
  Batch 6030/10484, Loss: 4.7187
  Batch 6040/10484, Loss: 4.6561
  Batch 6050/10484, Loss: 4.3598
  Batch 6060/10484, Loss: 4.3666
  Batch 6070/10484, Loss: 4.5442
  Batch 6080/10484, Loss: 4.4006
  Batch 6090/10484, Loss: 4.2209
  Batch 6100/10484, Loss: 4.2344
  Batch 6110/10484, Loss: 4.1822
  Batch 6120/10484, Loss: 3.6853
  Batch 6130/10484, Loss: 4.5858
  Batch 6140/10484, Loss: 4.1509
  Batch 6150/10484, Loss: 5.0059
  Batch 6160/10484, Loss: 4.2916
  Batch 6170/10484, Loss: 3.9846
  Batch 6180/10484, Loss: 4.3565
  Batch 6190/10484, Loss: 4.4540
  Batch 6200/10484, Loss: 4.3933
  Batch 6210/10484, Loss: 4.4554
  Batch 6220/10484, Loss: 3.9052
  Batch 6230/10484, Loss: 3.8966
  Batch 6240/10484, Loss: 4.5321
  Batch 6250/10484, Loss: 4.4045
  Batch 6260/10484, Loss: 4.0662
  Batch 6270/10484, Loss: 4.0595
  Batch 6280/10484, Loss: 4.6588
  Batch 6290/10484, Loss: 4.5673
  Batch 6300/10484, Loss: 4.2089
  Batch 6310/10484, Loss: 4.3493
  Batch 6320/10484, Loss: 4.3482
  Batch 6330/10484, Loss: 4.5430
  Batch 6340/10484, Loss: 3.7534
  Batch 6350/10484, Loss: 4.2084
  Batch 6360/10484, Loss: 4.1113
  Batch 6370/10484, Loss: 4.3658
  Batch 6380/10484, Loss: 4.4082
  Batch 6390/10484, Loss: 4.2733
  Batch 6400/10484, Loss: 4.1450
  Batch 6410/10484, Loss: 4.5526
  Batch 6420/10484, Loss: 3.6470
  Batch 6430/10484, Loss: 4.3672
  Batch 6440/10484, Loss: 4.5589
  Batch 6450/10484, Loss: 4.8106
  Batch 6460/10484, Loss: 4.1167
  Batch 6470/10484, Loss: 4.9116
  Batch 6480/10484, Loss: 3.6923
  Batch 6490/10484, Loss: 4.4769
  Batch 6500/10484, Loss: 3.6593
  Batch 6510/10484, Loss: 4.1959
  Batch 6520/10484, Loss: 3.8402
  Batch 6530/10484, Loss: 4.6815
  Batch 6540/10484, Loss: 4.4127
  Batch 6550/10484, Loss: 4.5826
  Batch 6560/10484, Loss: 3.8234
  Batch 6570/10484, Loss: 4.1157
  Batch 6580/10484, Loss: 4.5820
  Batch 6590/10484, Loss: 4.5023
  Batch 6600/10484, Loss: 4.7461
  Batch 6610/10484, Loss: 4.2206
  Batch 6620/10484, Loss: 3.9582
  Batch 6630/10484, Loss: 4.4659
  Batch 6640/10484, Loss: 3.7325
  Batch 6650/10484, Loss: 4.6117
  Batch 6660/10484, Loss: 4.8696
  Batch 6670/10484, Loss: 4.1314
  Batch 6680/10484, Loss: 4.1657
  Batch 6690/10484, Loss: 4.3598
  Batch 6700/10484, Loss: 3.7841
  Batch 6710/10484, Loss: 3.7961
  Batch 6720/10484, Loss: 4.0295
  Batch 6730/10484, Loss: 4.5010
  Batch 6740/10484, Loss: 4.5980
  Batch 6750/10484, Loss: 3.6506
  Batch 6760/10484, Loss: 3.9074
  Batch 6770/10484, Loss: 4.3870
  Batch 6780/10484, Loss: 4.0354
  Batch 6790/10484, Loss: 4.7255
  Batch 6800/10484, Loss: 4.4877
  Batch 6810/10484, Loss: 4.6543
  Batch 6820/10484, Loss: 4.4617
  Batch 6830/10484, Loss: 4.2544
  Batch 6840/10484, Loss: 4.0185
  Batch 6850/10484, Loss: 4.5640
  Batch 6860/10484, Loss: 5.2170
  Batch 6870/10484, Loss: 3.9669
  Batch 6880/10484, Loss: 4.5179
  Batch 6890/10484, Loss: 4.6480
  Batch 6900/10484, Loss: 4.3892
  Batch 6910/10484, Loss: 4.4989
  Batch 6920/10484, Loss: 4.2278
  Batch 6930/10484, Loss: 4.6380
  Batch 6940/10484, Loss: 4.8157
  Batch 6950/10484, Loss: 4.7557
  Batch 6960/10484, Loss: 3.8831
  Batch 6970/10484, Loss: 5.0416
  Batch 6980/10484, Loss: 4.1447
  Batch 6990/10484, Loss: 3.8061
  Batch 7000/10484, Loss: 4.2156
  Batch 7010/10484, Loss: 4.4845
  Batch 7020/10484, Loss: 4.6595
  Batch 7030/10484, Loss: 4.8348
  Batch 7040/10484, Loss: 4.7709
  Batch 7050/10484, Loss: 3.9700
  Batch 7060/10484, Loss: 4.3451
  Batch 7070/10484, Loss: 3.3959
  Batch 7080/10484, Loss: 3.8005
  Batch 7090/10484, Loss: 4.6527
  Batch 7100/10484, Loss: 4.1927
  Batch 7110/10484, Loss: 4.3790
  Batch 7120/10484, Loss: 3.9959
  Batch 7130/10484, Loss: 3.8372
  Batch 7140/10484, Loss: 4.0187
  Batch 7150/10484, Loss: 4.1649
  Batch 7160/10484, Loss: 4.6451
  Batch 7170/10484, Loss: 4.4907
  Batch 7180/10484, Loss: 4.6159
  Batch 7190/10484, Loss: 3.6376
  Batch 7200/10484, Loss: 4.6441
  Batch 7210/10484, Loss: 4.6577
  Batch 7220/10484, Loss: 3.9515
  Batch 7230/10484, Loss: 4.2099
  Batch 7240/10484, Loss: 4.0990
  Batch 7250/10484, Loss: 4.2529
  Batch 7260/10484, Loss: 3.9698
  Batch 7270/10484, Loss: 4.1322
  Batch 7280/10484, Loss: 4.6913
  Batch 7290/10484, Loss: 4.1774
  Batch 7300/10484, Loss: 3.8879
  Batch 7310/10484, Loss: 4.4895
  Batch 7320/10484, Loss: 3.9157
  Batch 7330/10484, Loss: 4.0530
  Batch 7340/10484, Loss: 3.6942
  Batch 7350/10484, Loss: 3.8521
  Batch 7360/10484, Loss: 3.9971
  Batch 7370/10484, Loss: 4.4585
  Batch 7380/10484, Loss: 4.2569
  Batch 7390/10484, Loss: 4.2991
  Batch 7400/10484, Loss: 4.4073
  Batch 7410/10484, Loss: 4.0923
  Batch 7420/10484, Loss: 3.7517
  Batch 7430/10484, Loss: 4.2464
  Batch 7440/10484, Loss: 4.0531
  Batch 7450/10484, Loss: 4.6084
  Batch 7460/10484, Loss: 4.3976
  Batch 7470/10484, Loss: 4.7006
  Batch 7480/10484, Loss: 3.8424
  Batch 7490/10484, Loss: 4.0581
  Batch 7500/10484, Loss: 4.5436
  Batch 7510/10484, Loss: 4.5838
  Batch 7520/10484, Loss: 3.7601
  Batch 7530/10484, Loss: 3.8258
  Batch 7540/10484, Loss: 4.4541
  Batch 7550/10484, Loss: 4.2047
  Batch 7560/10484, Loss: 4.7103
  Batch 7570/10484, Loss: 3.8998
  Batch 7580/10484, Loss: 4.5246
  Batch 7590/10484, Loss: 4.2181
  Batch 7600/10484, Loss: 4.6301
  Batch 7610/10484, Loss: 4.6760
  Batch 7620/10484, Loss: 5.0032
  Batch 7630/10484, Loss: 4.0981
  Batch 7640/10484, Loss: 4.1701
  Batch 7650/10484, Loss: 4.0833
  Batch 7660/10484, Loss: 5.1350
  Batch 7670/10484, Loss: 4.3535
  Batch 7680/10484, Loss: 4.1011
  Batch 7690/10484, Loss: 4.4423
  Batch 7700/10484, Loss: 4.4269
  Batch 7710/10484, Loss: 4.3034
  Batch 7720/10484, Loss: 4.0834
  Batch 7730/10484, Loss: 4.4407
  Batch 7740/10484, Loss: 3.8205
  Batch 7750/10484, Loss: 4.8071
  Batch 7760/10484, Loss: 4.7713
  Batch 7770/10484, Loss: 3.6815
  Batch 7780/10484, Loss: 4.4649
  Batch 7790/10484, Loss: 4.0721
  Batch 7800/10484, Loss: 4.5219
  Batch 7810/10484, Loss: 4.6376
  Batch 7820/10484, Loss: 4.0202
  Batch 7830/10484, Loss: 4.0390
  Batch 7840/10484, Loss: 3.9950
  Batch 7850/10484, Loss: 4.0587
  Batch 7860/10484, Loss: 4.5518
  Batch 7870/10484, Loss: 5.1041
  Batch 7880/10484, Loss: 4.3168
  Batch 7890/10484, Loss: 3.8919
  Batch 7900/10484, Loss: 4.4697
  Batch 7910/10484, Loss: 4.2882
  Batch 7920/10484, Loss: 4.1613
  Batch 7930/10484, Loss: 4.0443
  Batch 7940/10484, Loss: 4.7617
  Batch 7950/10484, Loss: 4.4874
  Batch 7960/10484, Loss: 4.7409
  Batch 7970/10484, Loss: 4.1041
  Batch 7980/10484, Loss: 3.8306
  Batch 7990/10484, Loss: 4.5379
  Batch 8000/10484, Loss: 4.1004
  Batch 8010/10484, Loss: 4.4160
  Batch 8020/10484, Loss: 4.5511
  Batch 8030/10484, Loss: 4.6383
  Batch 8040/10484, Loss: 4.6866
  Batch 8050/10484, Loss: 4.2710
  Batch 8060/10484, Loss: 3.4284
  Batch 8070/10484, Loss: 4.6567
  Batch 8080/10484, Loss: 4.8559
  Batch 8090/10484, Loss: 4.5949
  Batch 8100/10484, Loss: 4.4947
  Batch 8110/10484, Loss: 4.1887
  Batch 8120/10484, Loss: 3.5342
  Batch 8130/10484, Loss: 3.9421
  Batch 8140/10484, Loss: 3.9907
  Batch 8150/10484, Loss: 4.1076
  Batch 8160/10484, Loss: 4.3027
  Batch 8170/10484, Loss: 4.3062
  Batch 8180/10484, Loss: 4.1366
  Batch 8190/10484, Loss: 3.7318
  Batch 8200/10484, Loss: 4.3145
  Batch 8210/10484, Loss: 4.0049
  Batch 8220/10484, Loss: 4.1101
  Batch 8230/10484, Loss: 3.8385
  Batch 8240/10484, Loss: 4.6308
  Batch 8250/10484, Loss: 4.4162
  Batch 8260/10484, Loss: 4.8972
  Batch 8270/10484, Loss: 4.5489
  Batch 8280/10484, Loss: 4.7714
  Batch 8290/10484, Loss: 3.9183
  Batch 8300/10484, Loss: 3.5578
  Batch 8310/10484, Loss: 4.2327
  Batch 8320/10484, Loss: 4.3907
  Batch 8330/10484, Loss: 4.4990
  Batch 8340/10484, Loss: 4.3033
  Batch 8350/10484, Loss: 3.7644
  Batch 8360/10484, Loss: 4.6135
  Batch 8370/10484, Loss: 4.2330
  Batch 8380/10484, Loss: 4.7120
  Batch 8390/10484, Loss: 4.0963
  Batch 8400/10484, Loss: 4.8299
  Batch 8410/10484, Loss: 4.1365
  Batch 8420/10484, Loss: 3.5370
  Batch 8430/10484, Loss: 4.2673
  Batch 8440/10484, Loss: 4.3316
  Batch 8450/10484, Loss: 4.5190
  Batch 8460/10484, Loss: 4.6115
  Batch 8470/10484, Loss: 4.7368
  Batch 8480/10484, Loss: 4.5701
  Batch 8490/10484, Loss: 4.8988
  Batch 8500/10484, Loss: 3.9374
  Batch 8510/10484, Loss: 4.8127
  Batch 8520/10484, Loss: 4.0470
  Batch 8530/10484, Loss: 4.2016
  Batch 8540/10484, Loss: 3.9755
  Batch 8550/10484, Loss: 4.3643
  Batch 8560/10484, Loss: 3.9854
  Batch 8570/10484, Loss: 4.0100
  Batch 8580/10484, Loss: 5.1332
  Batch 8590/10484, Loss: 4.2302
  Batch 8600/10484, Loss: 4.2598
  Batch 8610/10484, Loss: 5.2305
  Batch 8620/10484, Loss: 3.7343
  Batch 8630/10484, Loss: 4.2423
  Batch 8640/10484, Loss: 4.2309
  Batch 8650/10484, Loss: 3.8964
  Batch 8660/10484, Loss: 4.1349
  Batch 8670/10484, Loss: 4.5532
  Batch 8680/10484, Loss: 4.1945
  Batch 8690/10484, Loss: 4.1414
  Batch 8700/10484, Loss: 3.8594
  Batch 8710/10484, Loss: 3.6086
  Batch 8720/10484, Loss: 4.7932
  Batch 8730/10484, Loss: 4.1507
  Batch 8740/10484, Loss: 3.9243
  Batch 8750/10484, Loss: 4.2914
  Batch 8760/10484, Loss: 3.9160
  Batch 8770/10484, Loss: 3.9434
  Batch 8780/10484, Loss: 4.5202
  Batch 8790/10484, Loss: 3.8410
  Batch 8800/10484, Loss: 4.3173
  Batch 8810/10484, Loss: 4.2294
  Batch 8820/10484, Loss: 4.0531
  Batch 8830/10484, Loss: 4.5839
  Batch 8840/10484, Loss: 4.4577
  Batch 8850/10484, Loss: 4.1971
  Batch 8860/10484, Loss: 4.6777
  Batch 8870/10484, Loss: 4.2262
  Batch 8880/10484, Loss: 3.5120
  Batch 8890/10484, Loss: 3.7710
  Batch 8900/10484, Loss: 3.8996
  Batch 8910/10484, Loss: 4.7833
  Batch 8920/10484, Loss: 4.7846
  Batch 8930/10484, Loss: 3.9245
  Batch 8940/10484, Loss: 4.2246
  Batch 8950/10484, Loss: 3.9519
  Batch 8960/10484, Loss: 4.5414
  Batch 8970/10484, Loss: 4.0126
  Batch 8980/10484, Loss: 4.4456
  Batch 8990/10484, Loss: 4.9056
  Batch 9000/10484, Loss: 4.7659
  Batch 9010/10484, Loss: 4.2534
  Batch 9020/10484, Loss: 4.3570
  Batch 9030/10484, Loss: 3.7075
  Batch 9040/10484, Loss: 4.1641
  Batch 9050/10484, Loss: 4.9620
  Batch 9060/10484, Loss: 4.1438
  Batch 9070/10484, Loss: 4.6931
  Batch 9080/10484, Loss: 4.2303
  Batch 9090/10484, Loss: 4.6322
  Batch 9100/10484, Loss: 4.3441
  Batch 9110/10484, Loss: 4.1114
  Batch 9120/10484, Loss: 3.7201
  Batch 9130/10484, Loss: 4.8460
  Batch 9140/10484, Loss: 3.8816
  Batch 9150/10484, Loss: 4.3224
  Batch 9160/10484, Loss: 5.0500
  Batch 9170/10484, Loss: 4.2018
  Batch 9180/10484, Loss: 4.6957
  Batch 9190/10484, Loss: 4.0653
  Batch 9200/10484, Loss: 4.2085
  Batch 9210/10484, Loss: 4.0719
  Batch 9220/10484, Loss: 4.2755
  Batch 9230/10484, Loss: 3.3943
  Batch 9240/10484, Loss: 4.4725
  Batch 9250/10484, Loss: 4.1628
  Batch 9260/10484, Loss: 4.1047
  Batch 9270/10484, Loss: 4.4836
  Batch 9280/10484, Loss: 5.0145
  Batch 9290/10484, Loss: 4.1264
  Batch 9300/10484, Loss: 4.5010
  Batch 9310/10484, Loss: 4.0779
  Batch 9320/10484, Loss: 4.3569
  Batch 9330/10484, Loss: 4.2945
  Batch 9340/10484, Loss: 4.4937
  Batch 9350/10484, Loss: 3.7412
  Batch 9360/10484, Loss: 4.4619
  Batch 9370/10484, Loss: 3.9435
  Batch 9380/10484, Loss: 4.1181
  Batch 9390/10484, Loss: 5.0280
  Batch 9400/10484, Loss: 4.2598
  Batch 9410/10484, Loss: 4.2668
  Batch 9420/10484, Loss: 4.1753
  Batch 9430/10484, Loss: 3.7878
  Batch 9440/10484, Loss: 4.4821
  Batch 9450/10484, Loss: 4.1293
  Batch 9460/10484, Loss: 3.8685
  Batch 9470/10484, Loss: 4.4839
  Batch 9480/10484, Loss: 4.6130
  Batch 9490/10484, Loss: 4.4393
  Batch 9500/10484, Loss: 4.2712
  Batch 9510/10484, Loss: 4.0134
  Batch 9520/10484, Loss: 4.8484
  Batch 9530/10484, Loss: 4.6872
  Batch 9540/10484, Loss: 3.7865
  Batch 9550/10484, Loss: 4.1474
  Batch 9560/10484, Loss: 4.4449
  Batch 9570/10484, Loss: 4.5441
  Batch 9580/10484, Loss: 4.4663
  Batch 9590/10484, Loss: 4.7774
  Batch 9600/10484, Loss: 4.0102
  Batch 9610/10484, Loss: 4.3292
  Batch 9620/10484, Loss: 3.9005
  Batch 9630/10484, Loss: 4.8096
  Batch 9640/10484, Loss: 4.4364
  Batch 9650/10484, Loss: 3.9301
  Batch 9660/10484, Loss: 3.9230
  Batch 9670/10484, Loss: 4.7027
  Batch 9680/10484, Loss: 4.5389
  Batch 9690/10484, Loss: 3.9910
  Batch 9700/10484, Loss: 4.0209
  Batch 9710/10484, Loss: 4.3335
  Batch 9720/10484, Loss: 4.3030
  Batch 9730/10484, Loss: 4.2788
  Batch 9740/10484, Loss: 4.0490
  Batch 9750/10484, Loss: 4.8033
  Batch 9760/10484, Loss: 4.0419
  Batch 9770/10484, Loss: 4.1887
  Batch 9780/10484, Loss: 3.7327
  Batch 9790/10484, Loss: 4.7502
  Batch 9800/10484, Loss: 3.9929
  Batch 9810/10484, Loss: 4.5010
  Batch 9820/10484, Loss: 4.1569
  Batch 9830/10484, Loss: 4.8005
  Batch 9840/10484, Loss: 4.1487
  Batch 9850/10484, Loss: 4.6944
  Batch 9860/10484, Loss: 4.3254
  Batch 9870/10484, Loss: 3.8429
  Batch 9880/10484, Loss: 5.0531
  Batch 9890/10484, Loss: 4.1143
  Batch 9900/10484, Loss: 4.1604
  Batch 9910/10484, Loss: 4.0200
  Batch 9920/10484, Loss: 3.8916
  Batch 9930/10484, Loss: 4.7071
  Batch 9940/10484, Loss: 4.8648
  Batch 9950/10484, Loss: 4.3174
  Batch 9960/10484, Loss: 3.8585
  Batch 9970/10484, Loss: 4.3091
  Batch 9980/10484, Loss: 4.7072
  Batch 9990/10484, Loss: 3.5774
  Batch 10000/10484, Loss: 4.1421
  Batch 10010/10484, Loss: 4.5956
  Batch 10020/10484, Loss: 4.3376
  Batch 10030/10484, Loss: 3.8642
  Batch 10040/10484, Loss: 4.7733
  Batch 10050/10484, Loss: 4.1925
  Batch 10060/10484, Loss: 4.3583
  Batch 10070/10484, Loss: 4.0991
  Batch 10080/10484, Loss: 3.7943
  Batch 10090/10484, Loss: 4.4027
  Batch 10100/10484, Loss: 4.4912
  Batch 10110/10484, Loss: 4.0755
  Batch 10120/10484, Loss: 4.2252
  Batch 10130/10484, Loss: 4.6922
  Batch 10140/10484, Loss: 3.5225
  Batch 10150/10484, Loss: 4.3382
  Batch 10160/10484, Loss: 4.2401
  Batch 10170/10484, Loss: 4.4917
  Batch 10180/10484, Loss: 3.9069
  Batch 10190/10484, Loss: 4.0749
  Batch 10200/10484, Loss: 4.0593
  Batch 10210/10484, Loss: 4.2739
  Batch 10220/10484, Loss: 4.5437
  Batch 10230/10484, Loss: 4.2324
  Batch 10240/10484, Loss: 3.7078
  Batch 10250/10484, Loss: 4.3117
  Batch 10260/10484, Loss: 4.5953
  Batch 10270/10484, Loss: 4.5655
  Batch 10280/10484, Loss: 4.6341
  Batch 10290/10484, Loss: 4.5586
  Batch 10300/10484, Loss: 4.4350
  Batch 10310/10484, Loss: 4.5051
  Batch 10320/10484, Loss: 4.3995
  Batch 10330/10484, Loss: 4.7459
  Batch 10340/10484, Loss: 4.1361
  Batch 10350/10484, Loss: 4.8813
  Batch 10360/10484, Loss: 4.2711
  Batch 10370/10484, Loss: 4.7261
  Batch 10380/10484, Loss: 4.2277
  Batch 10390/10484, Loss: 4.2339
  Batch 10400/10484, Loss: 3.8123
  Batch 10410/10484, Loss: 4.2966
  Batch 10420/10484, Loss: 4.2495
  Batch 10430/10484, Loss: 3.9956
  Batch 10440/10484, Loss: 4.5491
  Batch 10450/10484, Loss: 4.9362
  Batch 10460/10484, Loss: 4.5749
  Batch 10470/10484, Loss: 4.4268
  Batch 10480/10484, Loss: 3.8229

  Train Loss: 4.2761
  Val Loss: 6.7483
  Time: 32m 37s

Epoch 17/20
----------------------------------------
  Batch 10/10484, Loss: 3.7135
  Batch 20/10484, Loss: 4.0331
  Batch 30/10484, Loss: 4.1452
  Batch 40/10484, Loss: 4.7193
  Batch 50/10484, Loss: 4.0487
  Batch 60/10484, Loss: 3.8610
  Batch 70/10484, Loss: 4.1988
  Batch 80/10484, Loss: 4.8041
  Batch 90/10484, Loss: 4.2306
  Batch 100/10484, Loss: 3.7944
  Batch 110/10484, Loss: 4.4563
  Batch 120/10484, Loss: 4.2067
  Batch 130/10484, Loss: 4.4457
  Batch 140/10484, Loss: 3.5858
  Batch 150/10484, Loss: 3.8766
  Batch 160/10484, Loss: 4.3445
  Batch 170/10484, Loss: 4.2576
  Batch 180/10484, Loss: 4.5671
  Batch 190/10484, Loss: 4.3190
  Batch 200/10484, Loss: 4.6389
  Batch 210/10484, Loss: 4.3035
  Batch 220/10484, Loss: 4.5526
  Batch 230/10484, Loss: 4.4859
  Batch 240/10484, Loss: 4.0227
  Batch 250/10484, Loss: 3.8060
  Batch 260/10484, Loss: 4.1933
  Batch 270/10484, Loss: 4.2842
  Batch 280/10484, Loss: 4.1177
  Batch 290/10484, Loss: 3.7201
  Batch 300/10484, Loss: 4.4170
  Batch 310/10484, Loss: 4.2765
  Batch 320/10484, Loss: 5.1498
  Batch 330/10484, Loss: 4.5667
  Batch 340/10484, Loss: 4.1036
  Batch 350/10484, Loss: 3.9780
  Batch 360/10484, Loss: 4.3923
  Batch 370/10484, Loss: 4.8000
  Batch 380/10484, Loss: 4.0235
  Batch 390/10484, Loss: 4.0315
  Batch 400/10484, Loss: 4.0261
  Batch 410/10484, Loss: 4.5056
  Batch 420/10484, Loss: 4.5167
  Batch 430/10484, Loss: 4.4029
  Batch 440/10484, Loss: 4.5634
  Batch 450/10484, Loss: 4.4512
  Batch 460/10484, Loss: 4.0459
  Batch 470/10484, Loss: 3.6874
  Batch 480/10484, Loss: 4.6531
  Batch 490/10484, Loss: 4.0962
  Batch 500/10484, Loss: 4.5314
  Batch 510/10484, Loss: 4.5029
  Batch 520/10484, Loss: 4.2403
  Batch 530/10484, Loss: 4.5508
  Batch 540/10484, Loss: 3.7789
  Batch 550/10484, Loss: 4.7623
  Batch 560/10484, Loss: 4.6405
  Batch 570/10484, Loss: 3.6802
  Batch 580/10484, Loss: 4.5067
  Batch 590/10484, Loss: 3.9402
  Batch 600/10484, Loss: 4.2978
  Batch 610/10484, Loss: 3.5157
  Batch 620/10484, Loss: 4.4019
  Batch 630/10484, Loss: 4.2745
  Batch 640/10484, Loss: 4.3829
  Batch 650/10484, Loss: 3.6866
  Batch 660/10484, Loss: 4.6451
  Batch 670/10484, Loss: 4.0444
  Batch 680/10484, Loss: 4.4429
  Batch 690/10484, Loss: 4.3744
  Batch 700/10484, Loss: 3.9867
  Batch 710/10484, Loss: 4.5400
  Batch 720/10484, Loss: 3.4722
  Batch 730/10484, Loss: 4.4820
  Batch 740/10484, Loss: 3.8387
  Batch 750/10484, Loss: 4.1344
  Batch 760/10484, Loss: 4.2593
  Batch 770/10484, Loss: 4.6353
  Batch 780/10484, Loss: 4.3140
  Batch 790/10484, Loss: 4.4581
  Batch 800/10484, Loss: 4.6043
  Batch 810/10484, Loss: 4.3274
  Batch 820/10484, Loss: 4.0236
  Batch 830/10484, Loss: 3.9384
  Batch 840/10484, Loss: 3.9712
  Batch 850/10484, Loss: 3.8862
  Batch 860/10484, Loss: 3.7738
  Batch 870/10484, Loss: 4.5657
  Batch 880/10484, Loss: 4.2697
  Batch 890/10484, Loss: 4.3694
  Batch 900/10484, Loss: 3.9942
  Batch 910/10484, Loss: 3.9553
  Batch 920/10484, Loss: 4.0931
  Batch 930/10484, Loss: 4.3160
  Batch 940/10484, Loss: 3.9960
  Batch 950/10484, Loss: 4.3552
  Batch 960/10484, Loss: 3.7584
  Batch 970/10484, Loss: 3.8854
  Batch 980/10484, Loss: 4.0226
  Batch 990/10484, Loss: 3.6209
  Batch 1000/10484, Loss: 4.5184
  Batch 1010/10484, Loss: 4.2155
  Batch 1020/10484, Loss: 4.2171
  Batch 1030/10484, Loss: 4.1395
  Batch 1040/10484, Loss: 4.2311
  Batch 1050/10484, Loss: 3.9549
  Batch 1060/10484, Loss: 4.4377
  Batch 1070/10484, Loss: 3.6887
  Batch 1080/10484, Loss: 3.9152
  Batch 1090/10484, Loss: 4.1367
  Batch 1100/10484, Loss: 4.6482
  Batch 1110/10484, Loss: 4.6255
  Batch 1120/10484, Loss: 4.0799
  Batch 1130/10484, Loss: 4.0966
  Batch 1140/10484, Loss: 4.3617
  Batch 1150/10484, Loss: 4.3860
  Batch 1160/10484, Loss: 4.4709
  Batch 1170/10484, Loss: 3.9333
  Batch 1180/10484, Loss: 3.8621
  Batch 1190/10484, Loss: 4.5812
  Batch 1200/10484, Loss: 4.2573
  Batch 1210/10484, Loss: 4.5887
  Batch 1220/10484, Loss: 4.1303
  Batch 1230/10484, Loss: 3.7889
  Batch 1240/10484, Loss: 4.0950
  Batch 1250/10484, Loss: 4.4280
  Batch 1260/10484, Loss: 3.8546
  Batch 1270/10484, Loss: 3.8919
  Batch 1280/10484, Loss: 3.8126
  Batch 1290/10484, Loss: 4.3971
  Batch 1300/10484, Loss: 4.5051
  Batch 1310/10484, Loss: 4.3111
  Batch 1320/10484, Loss: 4.1005
  Batch 1330/10484, Loss: 3.6846
  Batch 1340/10484, Loss: 3.9760
  Batch 1350/10484, Loss: 4.1900
  Batch 1360/10484, Loss: 5.1590
  Batch 1370/10484, Loss: 4.1015
  Batch 1380/10484, Loss: 4.4380
  Batch 1390/10484, Loss: 4.1526
  Batch 1400/10484, Loss: 4.1051
  Batch 1410/10484, Loss: 4.6091
  Batch 1420/10484, Loss: 4.1754
  Batch 1430/10484, Loss: 4.7344
  Batch 1440/10484, Loss: 3.9517
  Batch 1450/10484, Loss: 4.6143
  Batch 1460/10484, Loss: 4.2876
  Batch 1470/10484, Loss: 4.7242
  Batch 1480/10484, Loss: 3.6560
  Batch 1490/10484, Loss: 3.7192
  Batch 1500/10484, Loss: 4.1850
  Batch 1510/10484, Loss: 4.8043
  Batch 1520/10484, Loss: 4.5269
  Batch 1530/10484, Loss: 4.6020
  Batch 1540/10484, Loss: 4.6167
  Batch 1550/10484, Loss: 4.0808
  Batch 1560/10484, Loss: 3.8498
  Batch 1570/10484, Loss: 3.5041
  Batch 1580/10484, Loss: 4.2871
  Batch 1590/10484, Loss: 4.1677
  Batch 1600/10484, Loss: 5.0452
  Batch 1610/10484, Loss: 4.4046
  Batch 1620/10484, Loss: 4.7483
  Batch 1630/10484, Loss: 3.9482
  Batch 1640/10484, Loss: 4.8624
  Batch 1650/10484, Loss: 4.0705
  Batch 1660/10484, Loss: 4.3250
  Batch 1670/10484, Loss: 4.4485
  Batch 1680/10484, Loss: 4.6256
  Batch 1690/10484, Loss: 4.1098
  Batch 1700/10484, Loss: 4.5435
  Batch 1710/10484, Loss: 4.3991
  Batch 1720/10484, Loss: 4.5310
  Batch 1730/10484, Loss: 4.1959
  Batch 1740/10484, Loss: 4.1665
  Batch 1750/10484, Loss: 4.1190
  Batch 1760/10484, Loss: 4.6079
  Batch 1770/10484, Loss: 4.4286
  Batch 1780/10484, Loss: 4.4173
  Batch 1790/10484, Loss: 4.4429
  Batch 1800/10484, Loss: 4.0915
  Batch 1810/10484, Loss: 4.2176
  Batch 1820/10484, Loss: 3.8006
  Batch 1830/10484, Loss: 4.1318
  Batch 1840/10484, Loss: 4.1775
  Batch 1850/10484, Loss: 4.0930
  Batch 1860/10484, Loss: 4.3720
  Batch 1870/10484, Loss: 3.7352
  Batch 1880/10484, Loss: 4.1405
  Batch 1890/10484, Loss: 3.8324
  Batch 1900/10484, Loss: 3.8783
  Batch 1910/10484, Loss: 3.6451
  Batch 1920/10484, Loss: 3.8157
  Batch 1930/10484, Loss: 4.0937
  Batch 1940/10484, Loss: 4.5300
  Batch 1950/10484, Loss: 3.9817
  Batch 1960/10484, Loss: 4.4278
  Batch 1970/10484, Loss: 3.7414
  Batch 1980/10484, Loss: 3.9556
  Batch 1990/10484, Loss: 4.0755
  Batch 2000/10484, Loss: 4.3105
  Batch 2010/10484, Loss: 4.0126
  Batch 2020/10484, Loss: 4.3129
  Batch 2030/10484, Loss: 4.8356
  Batch 2040/10484, Loss: 4.4251
  Batch 2050/10484, Loss: 3.6335
  Batch 2060/10484, Loss: 4.1360
  Batch 2070/10484, Loss: 4.2606
  Batch 2080/10484, Loss: 4.5510
  Batch 2090/10484, Loss: 3.4718
  Batch 2100/10484, Loss: 4.0245
  Batch 2110/10484, Loss: 3.9807
  Batch 2120/10484, Loss: 3.8943
  Batch 2130/10484, Loss: 4.0363
  Batch 2140/10484, Loss: 4.5720
  Batch 2150/10484, Loss: 4.0196
  Batch 2160/10484, Loss: 4.1855
  Batch 2170/10484, Loss: 3.7088
  Batch 2180/10484, Loss: 4.1452
  Batch 2190/10484, Loss: 4.2873
  Batch 2200/10484, Loss: 4.2078
  Batch 2210/10484, Loss: 4.1840
  Batch 2220/10484, Loss: 4.4660
  Batch 2230/10484, Loss: 4.0215
  Batch 2240/10484, Loss: 4.1873
  Batch 2250/10484, Loss: 3.9396
  Batch 2260/10484, Loss: 4.8020
  Batch 2270/10484, Loss: 3.9558
  Batch 2280/10484, Loss: 3.5559
  Batch 2290/10484, Loss: 3.9607
  Batch 2300/10484, Loss: 4.3942
  Batch 2310/10484, Loss: 4.1741
  Batch 2320/10484, Loss: 3.8377
  Batch 2330/10484, Loss: 4.4790
  Batch 2340/10484, Loss: 4.0960
  Batch 2350/10484, Loss: 4.0892
  Batch 2360/10484, Loss: 4.3815
  Batch 2370/10484, Loss: 4.9458
  Batch 2380/10484, Loss: 3.6257
  Batch 2390/10484, Loss: 4.4896
  Batch 2400/10484, Loss: 4.4928
  Batch 2410/10484, Loss: 4.1710
  Batch 2420/10484, Loss: 4.3951
  Batch 2430/10484, Loss: 4.4172
  Batch 2440/10484, Loss: 3.9795
  Batch 2450/10484, Loss: 4.6944
  Batch 2460/10484, Loss: 4.8974
  Batch 2470/10484, Loss: 3.8356
  Batch 2480/10484, Loss: 5.0037
  Batch 2490/10484, Loss: 3.9593
  Batch 2500/10484, Loss: 4.0669
  Batch 2510/10484, Loss: 4.5066
  Batch 2520/10484, Loss: 4.7445
  Batch 2530/10484, Loss: 4.3415
  Batch 2540/10484, Loss: 4.6898
  Batch 2550/10484, Loss: 4.1619
  Batch 2560/10484, Loss: 4.5291
  Batch 2570/10484, Loss: 4.4725
  Batch 2580/10484, Loss: 4.1534
  Batch 2590/10484, Loss: 4.1897
  Batch 2600/10484, Loss: 4.2553
  Batch 2610/10484, Loss: 3.9380
  Batch 2620/10484, Loss: 3.8734
  Batch 2630/10484, Loss: 4.0771
  Batch 2640/10484, Loss: 4.6549
  Batch 2650/10484, Loss: 3.9293
  Batch 2660/10484, Loss: 4.2776
  Batch 2670/10484, Loss: 4.3026
  Batch 2680/10484, Loss: 4.4205
  Batch 2690/10484, Loss: 4.0555
  Batch 2700/10484, Loss: 4.3571
  Batch 2710/10484, Loss: 4.7597
  Batch 2720/10484, Loss: 4.3654
  Batch 2730/10484, Loss: 3.9589
  Batch 2740/10484, Loss: 3.9229
  Batch 2750/10484, Loss: 4.4978
  Batch 2760/10484, Loss: 4.3175
  Batch 2770/10484, Loss: 4.1188
  Batch 2780/10484, Loss: 4.3570
  Batch 2790/10484, Loss: 4.4009
  Batch 2800/10484, Loss: 3.9989
  Batch 2810/10484, Loss: 4.5322
  Batch 2820/10484, Loss: 4.1029
  Batch 2830/10484, Loss: 4.1645
  Batch 2840/10484, Loss: 3.7530
  Batch 2850/10484, Loss: 3.8206
  Batch 2860/10484, Loss: 4.3492
  Batch 2870/10484, Loss: 3.8850
  Batch 2880/10484, Loss: 4.1775
  Batch 2890/10484, Loss: 4.5380
  Batch 2900/10484, Loss: 4.5061
  Batch 2910/10484, Loss: 3.4457
  Batch 2920/10484, Loss: 4.7802
  Batch 2930/10484, Loss: 4.1166
  Batch 2940/10484, Loss: 4.7579
  Batch 2950/10484, Loss: 3.5469
  Batch 2960/10484, Loss: 4.0196
  Batch 2970/10484, Loss: 4.1877
  Batch 2980/10484, Loss: 4.1920
  Batch 2990/10484, Loss: 4.4970
  Batch 3000/10484, Loss: 4.1273
  Batch 3010/10484, Loss: 3.7422
  Batch 3020/10484, Loss: 4.3389
  Batch 3030/10484, Loss: 4.2651
  Batch 3040/10484, Loss: 4.2183
  Batch 3050/10484, Loss: 4.1621
  Batch 3060/10484, Loss: 4.6657
  Batch 3070/10484, Loss: 3.9375
  Batch 3080/10484, Loss: 4.3821
  Batch 3090/10484, Loss: 4.1093
  Batch 3100/10484, Loss: 4.7153
  Batch 3110/10484, Loss: 4.3783
  Batch 3120/10484, Loss: 3.8964
  Batch 3130/10484, Loss: 4.3017
  Batch 3140/10484, Loss: 4.1764
  Batch 3150/10484, Loss: 4.6741
  Batch 3160/10484, Loss: 3.7727
  Batch 3170/10484, Loss: 4.8909
  Batch 3180/10484, Loss: 4.2212
  Batch 3190/10484, Loss: 3.7447
  Batch 3200/10484, Loss: 4.5173
  Batch 3210/10484, Loss: 4.2938
  Batch 3220/10484, Loss: 4.9916
  Batch 3230/10484, Loss: 4.3233
  Batch 3240/10484, Loss: 4.8662
  Batch 3250/10484, Loss: 4.1217
  Batch 3260/10484, Loss: 4.3758
  Batch 3270/10484, Loss: 4.5918
  Batch 3280/10484, Loss: 4.1784
  Batch 3290/10484, Loss: 4.0529
  Batch 3300/10484, Loss: 4.3180
  Batch 3310/10484, Loss: 4.4867
  Batch 3320/10484, Loss: 4.3520
  Batch 3330/10484, Loss: 3.9598
  Batch 3340/10484, Loss: 4.5218
  Batch 3350/10484, Loss: 4.2120
  Batch 3360/10484, Loss: 4.1817
  Batch 3370/10484, Loss: 4.6945
  Batch 3380/10484, Loss: 4.6464
  Batch 3390/10484, Loss: 4.5738
  Batch 3400/10484, Loss: 4.2850
  Batch 3410/10484, Loss: 4.5551
  Batch 3420/10484, Loss: 4.2744
  Batch 3430/10484, Loss: 4.5252
  Batch 3440/10484, Loss: 3.7847
  Batch 3450/10484, Loss: 4.3587
  Batch 3460/10484, Loss: 4.5169
  Batch 3470/10484, Loss: 4.1871
  Batch 3480/10484, Loss: 4.5395
  Batch 3490/10484, Loss: 4.0030
  Batch 3500/10484, Loss: 4.5231
  Batch 3510/10484, Loss: 4.1583
  Batch 3520/10484, Loss: 4.3379
  Batch 3530/10484, Loss: 4.3440
  Batch 3540/10484, Loss: 4.4751
  Batch 3550/10484, Loss: 4.5167
  Batch 3560/10484, Loss: 4.2178
  Batch 3570/10484, Loss: 4.4619
  Batch 3580/10484, Loss: 4.4072
  Batch 3590/10484, Loss: 4.4772
  Batch 3600/10484, Loss: 4.4052
  Batch 3610/10484, Loss: 3.4267
  Batch 3620/10484, Loss: 4.4042
  Batch 3630/10484, Loss: 4.1850
  Batch 3640/10484, Loss: 4.3162
  Batch 3650/10484, Loss: 3.9609
  Batch 3660/10484, Loss: 4.2677
  Batch 3670/10484, Loss: 4.4246
  Batch 3680/10484, Loss: 4.4083
  Batch 3690/10484, Loss: 4.1593
  Batch 3700/10484, Loss: 4.5751
  Batch 3710/10484, Loss: 4.0492
  Batch 3720/10484, Loss: 3.8149
  Batch 3730/10484, Loss: 3.6156
  Batch 3740/10484, Loss: 4.3897
  Batch 3750/10484, Loss: 3.7381
  Batch 3760/10484, Loss: 4.4952
  Batch 3770/10484, Loss: 4.3023
  Batch 3780/10484, Loss: 4.1233
  Batch 3790/10484, Loss: 4.2531
  Batch 3800/10484, Loss: 4.4649
  Batch 3810/10484, Loss: 3.9690
  Batch 3820/10484, Loss: 4.3336
  Batch 3830/10484, Loss: 4.2063
  Batch 3840/10484, Loss: 4.5129
  Batch 3850/10484, Loss: 4.2621
  Batch 3860/10484, Loss: 3.8068
  Batch 3870/10484, Loss: 4.8150
  Batch 3880/10484, Loss: 4.5278
  Batch 3890/10484, Loss: 4.0576
  Batch 3900/10484, Loss: 3.7841
  Batch 3910/10484, Loss: 4.0259
  Batch 3920/10484, Loss: 4.1562
  Batch 3930/10484, Loss: 4.3957
  Batch 3940/10484, Loss: 4.7174
  Batch 3950/10484, Loss: 4.0445
  Batch 3960/10484, Loss: 4.2257
  Batch 3970/10484, Loss: 4.4790
  Batch 3980/10484, Loss: 4.1037
  Batch 3990/10484, Loss: 4.2290
  Batch 4000/10484, Loss: 4.0118
  Batch 4010/10484, Loss: 3.4652
  Batch 4020/10484, Loss: 4.2975
  Batch 4030/10484, Loss: 4.0228
  Batch 4040/10484, Loss: 4.4078
  Batch 4050/10484, Loss: 4.5043
  Batch 4060/10484, Loss: 4.2350
  Batch 4070/10484, Loss: 4.5539
  Batch 4080/10484, Loss: 4.1285
  Batch 4090/10484, Loss: 4.7075
  Batch 4100/10484, Loss: 3.8385
  Batch 4110/10484, Loss: 4.0844
  Batch 4120/10484, Loss: 4.2149
  Batch 4130/10484, Loss: 4.3237
  Batch 4140/10484, Loss: 4.6655
  Batch 4150/10484, Loss: 4.3975
  Batch 4160/10484, Loss: 4.7248
  Batch 4170/10484, Loss: 4.2128
  Batch 4180/10484, Loss: 4.0308
  Batch 4190/10484, Loss: 4.1178
  Batch 4200/10484, Loss: 3.9785
  Batch 4210/10484, Loss: 4.4718
  Batch 4220/10484, Loss: 4.8478
  Batch 4230/10484, Loss: 3.9875
  Batch 4240/10484, Loss: 3.9022
  Batch 4250/10484, Loss: 4.0581
  Batch 4260/10484, Loss: 4.3098
  Batch 4270/10484, Loss: 4.5158
  Batch 4280/10484, Loss: 3.9409
  Batch 4290/10484, Loss: 3.8775
  Batch 4300/10484, Loss: 4.2116
  Batch 4310/10484, Loss: 4.0318
  Batch 4320/10484, Loss: 4.5340
  Batch 4330/10484, Loss: 3.1746
  Batch 4340/10484, Loss: 3.5343
  Batch 4350/10484, Loss: 4.1078
  Batch 4360/10484, Loss: 4.4639
  Batch 4370/10484, Loss: 4.4948
  Batch 4380/10484, Loss: 4.1374
  Batch 4390/10484, Loss: 2.9773
  Batch 4400/10484, Loss: 4.1300
  Batch 4410/10484, Loss: 4.6226
  Batch 4420/10484, Loss: 4.3001
  Batch 4430/10484, Loss: 3.6085
  Batch 4440/10484, Loss: 4.1725
  Batch 4450/10484, Loss: 3.7373
  Batch 4460/10484, Loss: 4.5747
  Batch 4470/10484, Loss: 4.4034
  Batch 4480/10484, Loss: 4.0482
  Batch 4490/10484, Loss: 3.5337
  Batch 4500/10484, Loss: 4.1960
  Batch 4510/10484, Loss: 4.6060
  Batch 4520/10484, Loss: 4.1338
  Batch 4530/10484, Loss: 4.0954
  Batch 4540/10484, Loss: 3.5874
  Batch 4550/10484, Loss: 4.2790
  Batch 4560/10484, Loss: 4.4882
  Batch 4570/10484, Loss: 4.1216
  Batch 4580/10484, Loss: 3.5651
  Batch 4590/10484, Loss: 3.6929
  Batch 4600/10484, Loss: 4.2624
  Batch 4610/10484, Loss: 4.4635
  Batch 4620/10484, Loss: 4.6694
  Batch 4630/10484, Loss: 4.2259
  Batch 4640/10484, Loss: 3.3405
  Batch 4650/10484, Loss: 4.1661
  Batch 4660/10484, Loss: 5.0933
  Batch 4670/10484, Loss: 4.3673
  Batch 4680/10484, Loss: 4.2528
  Batch 4690/10484, Loss: 4.0918
  Batch 4700/10484, Loss: 4.5631
  Batch 4710/10484, Loss: 4.3559
  Batch 4720/10484, Loss: 3.5613
  Batch 4730/10484, Loss: 4.0847
  Batch 4740/10484, Loss: 4.2914
  Batch 4750/10484, Loss: 4.8520
  Batch 4760/10484, Loss: 3.9924
  Batch 4770/10484, Loss: 3.7634
  Batch 4780/10484, Loss: 4.3294
  Batch 4790/10484, Loss: 4.4066
  Batch 4800/10484, Loss: 3.6207
  Batch 4810/10484, Loss: 4.1444
  Batch 4820/10484, Loss: 4.4471
  Batch 4830/10484, Loss: 4.2277
  Batch 4840/10484, Loss: 4.3954
  Batch 4850/10484, Loss: 3.8597
  Batch 4860/10484, Loss: 4.2011
  Batch 4870/10484, Loss: 4.9178
  Batch 4880/10484, Loss: 4.5417
  Batch 4890/10484, Loss: 3.7826
  Batch 4900/10484, Loss: 4.5400
  Batch 4910/10484, Loss: 4.7473
  Batch 4920/10484, Loss: 3.8125
  Batch 4930/10484, Loss: 4.4141
  Batch 4940/10484, Loss: 3.9549
  Batch 4950/10484, Loss: 4.3609
  Batch 4960/10484, Loss: 4.1274
  Batch 4970/10484, Loss: 3.8083
  Batch 4980/10484, Loss: 4.2095
  Batch 4990/10484, Loss: 3.9736
  Batch 5000/10484, Loss: 3.3211
  Batch 5010/10484, Loss: 4.1193
  Batch 5020/10484, Loss: 4.5341
  Batch 5030/10484, Loss: 3.8666
  Batch 5040/10484, Loss: 4.1849
  Batch 5050/10484, Loss: 4.6886
  Batch 5060/10484, Loss: 4.6886
  Batch 5070/10484, Loss: 4.1906
  Batch 5080/10484, Loss: 4.4043
  Batch 5090/10484, Loss: 4.5390
  Batch 5100/10484, Loss: 4.3723
  Batch 5110/10484, Loss: 4.4730
  Batch 5120/10484, Loss: 3.5865
  Batch 5130/10484, Loss: 4.5060
  Batch 5140/10484, Loss: 4.6013
  Batch 5150/10484, Loss: 4.1249
  Batch 5160/10484, Loss: 3.8941
  Batch 5170/10484, Loss: 3.6719
  Batch 5180/10484, Loss: 4.5356
  Batch 5190/10484, Loss: 4.5961
  Batch 5200/10484, Loss: 3.7647
  Batch 5210/10484, Loss: 4.9973
  Batch 5220/10484, Loss: 4.4919
  Batch 5230/10484, Loss: 4.4229
  Batch 5240/10484, Loss: 3.8372
  Batch 5250/10484, Loss: 3.9026
  Batch 5260/10484, Loss: 4.4590
  Batch 5270/10484, Loss: 4.4919
  Batch 5280/10484, Loss: 3.5690
  Batch 5290/10484, Loss: 4.3618
  Batch 5300/10484, Loss: 5.0779
  Batch 5310/10484, Loss: 4.8917
  Batch 5320/10484, Loss: 4.2919
  Batch 5330/10484, Loss: 4.5915
  Batch 5340/10484, Loss: 3.9650
  Batch 5350/10484, Loss: 4.1646
  Batch 5360/10484, Loss: 4.1041
  Batch 5370/10484, Loss: 4.2881
  Batch 5380/10484, Loss: 4.1443
  Batch 5390/10484, Loss: 3.9789
  Batch 5400/10484, Loss: 3.5907
  Batch 5410/10484, Loss: 3.4661
  Batch 5420/10484, Loss: 3.8594
  Batch 5430/10484, Loss: 4.3365
  Batch 5440/10484, Loss: 4.7651
  Batch 5450/10484, Loss: 4.4601
  Batch 5460/10484, Loss: 4.1879
  Batch 5470/10484, Loss: 3.6184
  Batch 5480/10484, Loss: 4.7290
  Batch 5490/10484, Loss: 4.7336
  Batch 5500/10484, Loss: 4.2645
  Batch 5510/10484, Loss: 5.2491
  Batch 5520/10484, Loss: 4.2268
  Batch 5530/10484, Loss: 4.3098
  Batch 5540/10484, Loss: 3.5876
  Batch 5550/10484, Loss: 4.3282
  Batch 5560/10484, Loss: 3.8553
  Batch 5570/10484, Loss: 3.5704
  Batch 5580/10484, Loss: 4.0032
  Batch 5590/10484, Loss: 4.2494
  Batch 5600/10484, Loss: 4.4846
  Batch 5610/10484, Loss: 3.7755
  Batch 5620/10484, Loss: 4.3192
  Batch 5630/10484, Loss: 4.4271
  Batch 5640/10484, Loss: 4.5256
  Batch 5650/10484, Loss: 4.4435
  Batch 5660/10484, Loss: 4.2781
  Batch 5670/10484, Loss: 4.0948
  Batch 5680/10484, Loss: 4.4306
  Batch 5690/10484, Loss: 4.4327
  Batch 5700/10484, Loss: 3.5568
  Batch 5710/10484, Loss: 4.7053
  Batch 5720/10484, Loss: 4.4113
  Batch 5730/10484, Loss: 3.8323
  Batch 5740/10484, Loss: 4.3840
  Batch 5750/10484, Loss: 4.8909
  Batch 5760/10484, Loss: 4.0356
  Batch 5770/10484, Loss: 4.0216
  Batch 5780/10484, Loss: 4.1149
  Batch 5790/10484, Loss: 4.4381
  Batch 5800/10484, Loss: 4.4532
  Batch 5810/10484, Loss: 3.7019
  Batch 5820/10484, Loss: 3.9087
  Batch 5830/10484, Loss: 4.8585
  Batch 5840/10484, Loss: 4.3821
  Batch 5850/10484, Loss: 3.6272
  Batch 5860/10484, Loss: 3.8223
  Batch 5870/10484, Loss: 3.8468
  Batch 5880/10484, Loss: 4.2334
  Batch 5890/10484, Loss: 4.2346
  Batch 5900/10484, Loss: 4.2286
  Batch 5910/10484, Loss: 4.3621
  Batch 5920/10484, Loss: 4.4470
  Batch 5930/10484, Loss: 4.2124
  Batch 5940/10484, Loss: 4.8248
  Batch 5950/10484, Loss: 3.8248
  Batch 5960/10484, Loss: 4.4099
  Batch 5970/10484, Loss: 4.4657
  Batch 5980/10484, Loss: 4.5200
  Batch 5990/10484, Loss: 3.6172
  Batch 6000/10484, Loss: 4.1613
  Batch 6010/10484, Loss: 3.9576
  Batch 6020/10484, Loss: 4.0758
  Batch 6030/10484, Loss: 4.3454
  Batch 6040/10484, Loss: 4.0469
  Batch 6050/10484, Loss: 4.2659
  Batch 6060/10484, Loss: 4.4586
  Batch 6070/10484, Loss: 4.4444
  Batch 6080/10484, Loss: 4.3430
  Batch 6090/10484, Loss: 5.1066
  Batch 6100/10484, Loss: 4.1541
  Batch 6110/10484, Loss: 4.3151
  Batch 6120/10484, Loss: 4.7347
  Batch 6130/10484, Loss: 4.5888
  Batch 6140/10484, Loss: 3.8622
  Batch 6150/10484, Loss: 4.0464
  Batch 6160/10484, Loss: 4.0522
  Batch 6170/10484, Loss: 4.2603
  Batch 6180/10484, Loss: 4.5618
  Batch 6190/10484, Loss: 4.5281
  Batch 6200/10484, Loss: 3.9928
  Batch 6210/10484, Loss: 4.9241
  Batch 6220/10484, Loss: 4.5346
  Batch 6230/10484, Loss: 4.7206
  Batch 6240/10484, Loss: 4.0101
  Batch 6250/10484, Loss: 4.4779
  Batch 6260/10484, Loss: 4.8414
  Batch 6270/10484, Loss: 4.2229
  Batch 6280/10484, Loss: 4.4177
  Batch 6290/10484, Loss: 4.5949
  Batch 6300/10484, Loss: 4.7804
  Batch 6310/10484, Loss: 4.2500
  Batch 6320/10484, Loss: 4.1875
  Batch 6330/10484, Loss: 4.6095
  Batch 6340/10484, Loss: 4.0613
  Batch 6350/10484, Loss: 4.5544
  Batch 6360/10484, Loss: 4.2997
  Batch 6370/10484, Loss: 3.9229
  Batch 6380/10484, Loss: 4.0165
  Batch 6390/10484, Loss: 4.6874
  Batch 6400/10484, Loss: 4.6565
  Batch 6410/10484, Loss: 3.6632
  Batch 6420/10484, Loss: 4.4806
  Batch 6430/10484, Loss: 4.1924
  Batch 6440/10484, Loss: 4.7972
  Batch 6450/10484, Loss: 4.3859
  Batch 6460/10484, Loss: 4.4196
  Batch 6470/10484, Loss: 4.7566
  Batch 6480/10484, Loss: 3.9584
  Batch 6490/10484, Loss: 3.6557
  Batch 6500/10484, Loss: 4.0245
  Batch 6510/10484, Loss: 3.8522
  Batch 6520/10484, Loss: 4.6058
  Batch 6530/10484, Loss: 4.4325
  Batch 6540/10484, Loss: 4.1958
  Batch 6550/10484, Loss: 4.1466
  Batch 6560/10484, Loss: 3.9950
  Batch 6570/10484, Loss: 3.9186
  Batch 6580/10484, Loss: 4.4077
  Batch 6590/10484, Loss: 4.8053
  Batch 6600/10484, Loss: 4.6162
  Batch 6610/10484, Loss: 3.8281
  Batch 6620/10484, Loss: 4.8266
  Batch 6630/10484, Loss: 3.8884
  Batch 6640/10484, Loss: 4.2634
  Batch 6650/10484, Loss: 4.4017
  Batch 6660/10484, Loss: 4.7113
  Batch 6670/10484, Loss: 4.1513
  Batch 6680/10484, Loss: 4.2481
  Batch 6690/10484, Loss: 4.0587
  Batch 6700/10484, Loss: 3.6474
  Batch 6710/10484, Loss: 4.1077
  Batch 6720/10484, Loss: 3.4632
  Batch 6730/10484, Loss: 5.0084
  Batch 6740/10484, Loss: 4.8856
  Batch 6750/10484, Loss: 4.2140
  Batch 6760/10484, Loss: 4.3379
  Batch 6770/10484, Loss: 3.9167
  Batch 6780/10484, Loss: 4.2697
  Batch 6790/10484, Loss: 4.5256
  Batch 6800/10484, Loss: 5.0142
  Batch 6810/10484, Loss: 4.4763
  Batch 6820/10484, Loss: 3.5979
  Batch 6830/10484, Loss: 5.0769
  Batch 6840/10484, Loss: 4.2531
  Batch 6850/10484, Loss: 4.1556
  Batch 6860/10484, Loss: 3.9296
  Batch 6870/10484, Loss: 4.0612
  Batch 6880/10484, Loss: 4.0952
  Batch 6890/10484, Loss: 5.0746
  Batch 6900/10484, Loss: 4.4935
  Batch 6910/10484, Loss: 4.2923
  Batch 6920/10484, Loss: 4.0078
  Batch 6930/10484, Loss: 4.3598
  Batch 6940/10484, Loss: 4.1940
  Batch 6950/10484, Loss: 4.6406
  Batch 6960/10484, Loss: 4.3362
  Batch 6970/10484, Loss: 4.6320
  Batch 6980/10484, Loss: 4.4528
  Batch 6990/10484, Loss: 4.2229
  Batch 7000/10484, Loss: 4.4702
  Batch 7010/10484, Loss: 4.3604
  Batch 7020/10484, Loss: 3.5023
  Batch 7030/10484, Loss: 4.2334
  Batch 7040/10484, Loss: 4.1360
  Batch 7050/10484, Loss: 4.3122
  Batch 7060/10484, Loss: 3.9050
  Batch 7070/10484, Loss: 5.0018
  Batch 7080/10484, Loss: 4.7910
  Batch 7090/10484, Loss: 4.5629
  Batch 7100/10484, Loss: 3.9414
  Batch 7110/10484, Loss: 4.5561
  Batch 7120/10484, Loss: 4.5007
  Batch 7130/10484, Loss: 4.1772
  Batch 7140/10484, Loss: 4.0950
  Batch 7150/10484, Loss: 4.3560
  Batch 7160/10484, Loss: 3.8331
  Batch 7170/10484, Loss: 4.3344
  Batch 7180/10484, Loss: 4.1580
  Batch 7190/10484, Loss: 4.1326
  Batch 7200/10484, Loss: 3.9570
  Batch 7210/10484, Loss: 4.0064
  Batch 7220/10484, Loss: 3.7077
  Batch 7230/10484, Loss: 4.3111
  Batch 7240/10484, Loss: 4.1832
  Batch 7250/10484, Loss: 4.4411
  Batch 7260/10484, Loss: 4.4046
  Batch 7270/10484, Loss: 4.7068
  Batch 7280/10484, Loss: 3.8839
  Batch 7290/10484, Loss: 4.3966
  Batch 7300/10484, Loss: 4.3582
  Batch 7310/10484, Loss: 3.9593
  Batch 7320/10484, Loss: 4.5486
  Batch 7330/10484, Loss: 4.4118
  Batch 7340/10484, Loss: 3.9491
  Batch 7350/10484, Loss: 4.3085
  Batch 7360/10484, Loss: 4.8759
  Batch 7370/10484, Loss: 4.1812
  Batch 7380/10484, Loss: 4.4092
  Batch 7390/10484, Loss: 4.5141
  Batch 7400/10484, Loss: 4.2296
  Batch 7410/10484, Loss: 4.2185
  Batch 7420/10484, Loss: 4.3848
  Batch 7430/10484, Loss: 4.1026
  Batch 7440/10484, Loss: 3.9786
  Batch 7450/10484, Loss: 4.4665
  Batch 7460/10484, Loss: 4.7379
  Batch 7470/10484, Loss: 4.3910
  Batch 7480/10484, Loss: 4.5353
  Batch 7490/10484, Loss: 4.7476
  Batch 7500/10484, Loss: 4.6063
  Batch 7510/10484, Loss: 3.6667
  Batch 7520/10484, Loss: 4.2280
  Batch 7530/10484, Loss: 3.8902
  Batch 7540/10484, Loss: 3.5052
  Batch 7550/10484, Loss: 4.2030
  Batch 7560/10484, Loss: 4.1393
  Batch 7570/10484, Loss: 4.0519
  Batch 7580/10484, Loss: 4.6384
  Batch 7590/10484, Loss: 4.2698
  Batch 7600/10484, Loss: 4.4315
  Batch 7610/10484, Loss: 4.2434
  Batch 7620/10484, Loss: 4.3288
  Batch 7630/10484, Loss: 4.8072
  Batch 7640/10484, Loss: 4.3499
  Batch 7650/10484, Loss: 4.4001
  Batch 7660/10484, Loss: 4.5095
  Batch 7670/10484, Loss: 3.7680
  Batch 7680/10484, Loss: 4.5934
  Batch 7690/10484, Loss: 3.8523
  Batch 7700/10484, Loss: 4.0521
  Batch 7710/10484, Loss: 4.4273
  Batch 7720/10484, Loss: 4.0778
  Batch 7730/10484, Loss: 4.2299
  Batch 7740/10484, Loss: 4.8654
  Batch 7750/10484, Loss: 4.4966
  Batch 7760/10484, Loss: 4.6812
  Batch 7770/10484, Loss: 4.2954
  Batch 7780/10484, Loss: 3.7561
  Batch 7790/10484, Loss: 4.6055
  Batch 7800/10484, Loss: 4.3219
  Batch 7810/10484, Loss: 4.4601
  Batch 7820/10484, Loss: 4.5368
  Batch 7830/10484, Loss: 4.6293
  Batch 7840/10484, Loss: 4.7437
  Batch 7850/10484, Loss: 3.4926
  Batch 7860/10484, Loss: 3.9900
  Batch 7870/10484, Loss: 4.1564
  Batch 7880/10484, Loss: 4.6747
  Batch 7890/10484, Loss: 4.2216
  Batch 7900/10484, Loss: 4.7167
  Batch 7910/10484, Loss: 4.3675
  Batch 7920/10484, Loss: 3.7508
  Batch 7930/10484, Loss: 4.3057
  Batch 7940/10484, Loss: 4.7652
  Batch 7950/10484, Loss: 4.5306
  Batch 7960/10484, Loss: 5.0417
  Batch 7970/10484, Loss: 4.2891
  Batch 7980/10484, Loss: 4.1700
  Batch 7990/10484, Loss: 4.8655
  Batch 8000/10484, Loss: 3.6192
  Batch 8010/10484, Loss: 3.9682
  Batch 8020/10484, Loss: 4.2122
  Batch 8030/10484, Loss: 4.3631
  Batch 8040/10484, Loss: 4.7810
  Batch 8050/10484, Loss: 3.8871
  Batch 8060/10484, Loss: 4.7606
  Batch 8070/10484, Loss: 4.2262
  Batch 8080/10484, Loss: 4.1215
  Batch 8090/10484, Loss: 4.6325
  Batch 8100/10484, Loss: 4.0693
  Batch 8110/10484, Loss: 3.7760
  Batch 8120/10484, Loss: 3.8752
  Batch 8130/10484, Loss: 4.3841
  Batch 8140/10484, Loss: 4.4073
  Batch 8150/10484, Loss: 4.1665
  Batch 8160/10484, Loss: 4.6777
  Batch 8170/10484, Loss: 4.1981
  Batch 8180/10484, Loss: 4.8974
  Batch 8190/10484, Loss: 4.4412
  Batch 8200/10484, Loss: 4.0369
  Batch 8210/10484, Loss: 4.5520
  Batch 8220/10484, Loss: 4.1152
  Batch 8230/10484, Loss: 4.4143
  Batch 8240/10484, Loss: 4.7597
  Batch 8250/10484, Loss: 4.3965
  Batch 8260/10484, Loss: 4.1317
  Batch 8270/10484, Loss: 3.6090
  Batch 8280/10484, Loss: 4.1362
  Batch 8290/10484, Loss: 3.9719
  Batch 8300/10484, Loss: 4.5403
  Batch 8310/10484, Loss: 3.8079
  Batch 8320/10484, Loss: 4.1760
  Batch 8330/10484, Loss: 4.1675
  Batch 8340/10484, Loss: 4.5145
  Batch 8350/10484, Loss: 4.3931
  Batch 8360/10484, Loss: 4.5093
  Batch 8370/10484, Loss: 4.9364
  Batch 8380/10484, Loss: 3.3625
  Batch 8390/10484, Loss: 4.7451
  Batch 8400/10484, Loss: 3.9243
  Batch 8410/10484, Loss: 4.2527
  Batch 8420/10484, Loss: 4.2975
  Batch 8430/10484, Loss: 4.1803
  Batch 8440/10484, Loss: 4.5688
  Batch 8450/10484, Loss: 4.3099
  Batch 8460/10484, Loss: 4.6802
  Batch 8470/10484, Loss: 4.0640
  Batch 8480/10484, Loss: 4.0523
  Batch 8490/10484, Loss: 4.0896
  Batch 8500/10484, Loss: 4.6207
  Batch 8510/10484, Loss: 4.5430
  Batch 8520/10484, Loss: 4.1199
  Batch 8530/10484, Loss: 4.2846
  Batch 8540/10484, Loss: 3.5538
  Batch 8550/10484, Loss: 4.2871
  Batch 8560/10484, Loss: 4.6809
  Batch 8570/10484, Loss: 4.2851
  Batch 8580/10484, Loss: 4.6985
  Batch 8590/10484, Loss: 4.6636
  Batch 8600/10484, Loss: 4.1516
  Batch 8610/10484, Loss: 4.0469
  Batch 8620/10484, Loss: 4.3741
  Batch 8630/10484, Loss: 4.4836
  Batch 8640/10484, Loss: 3.9829
  Batch 8650/10484, Loss: 4.3726
  Batch 8660/10484, Loss: 4.1013
  Batch 8670/10484, Loss: 4.0984
  Batch 8680/10484, Loss: 4.7194
  Batch 8690/10484, Loss: 3.9941
  Batch 8700/10484, Loss: 4.1927
  Batch 8710/10484, Loss: 4.1236
  Batch 8720/10484, Loss: 4.7139
  Batch 8730/10484, Loss: 4.2395
  Batch 8740/10484, Loss: 4.0920
  Batch 8750/10484, Loss: 4.1094
  Batch 8760/10484, Loss: 4.3893
  Batch 8770/10484, Loss: 4.6767
  Batch 8780/10484, Loss: 4.5816
  Batch 8790/10484, Loss: 4.6414
  Batch 8800/10484, Loss: 4.0290
  Batch 8810/10484, Loss: 4.1461
  Batch 8820/10484, Loss: 3.8761
  Batch 8830/10484, Loss: 4.2856
  Batch 8840/10484, Loss: 4.2481
  Batch 8850/10484, Loss: 4.7138
  Batch 8860/10484, Loss: 4.5245
  Batch 8870/10484, Loss: 4.6031
  Batch 8880/10484, Loss: 4.2842
  Batch 8890/10484, Loss: 3.7860
  Batch 8900/10484, Loss: 4.3313
  Batch 8910/10484, Loss: 5.1746
  Batch 8920/10484, Loss: 4.0667
  Batch 8930/10484, Loss: 4.2971
  Batch 8940/10484, Loss: 4.2791
  Batch 8950/10484, Loss: 3.5822
  Batch 8960/10484, Loss: 4.3795
  Batch 8970/10484, Loss: 3.8602
  Batch 8980/10484, Loss: 4.2914
  Batch 8990/10484, Loss: 3.8027
  Batch 9000/10484, Loss: 4.5190
  Batch 9010/10484, Loss: 4.4040
  Batch 9020/10484, Loss: 4.6142
  Batch 9030/10484, Loss: 4.1964
  Batch 9040/10484, Loss: 4.0545
  Batch 9050/10484, Loss: 4.6698
  Batch 9060/10484, Loss: 4.6405
  Batch 9070/10484, Loss: 4.1313
  Batch 9080/10484, Loss: 4.8312
  Batch 9090/10484, Loss: 4.3636
  Batch 9100/10484, Loss: 4.4726
  Batch 9110/10484, Loss: 4.1089
  Batch 9120/10484, Loss: 4.6888
  Batch 9130/10484, Loss: 4.3705
  Batch 9140/10484, Loss: 4.3822
  Batch 9150/10484, Loss: 4.7938
  Batch 9160/10484, Loss: 4.3024
  Batch 9170/10484, Loss: 4.5926
  Batch 9180/10484, Loss: 3.8362
  Batch 9190/10484, Loss: 3.9872
  Batch 9200/10484, Loss: 5.0902
  Batch 9210/10484, Loss: 4.4152
  Batch 9220/10484, Loss: 3.7017
  Batch 9230/10484, Loss: 4.0582
  Batch 9240/10484, Loss: 4.7275
  Batch 9250/10484, Loss: 4.5319
  Batch 9260/10484, Loss: 4.3744
  Batch 9270/10484, Loss: 4.5400
  Batch 9280/10484, Loss: 4.4408
  Batch 9290/10484, Loss: 4.2648
  Batch 9300/10484, Loss: 3.6183
  Batch 9310/10484, Loss: 4.4636
  Batch 9320/10484, Loss: 3.6856
  Batch 9330/10484, Loss: 3.8939
  Batch 9340/10484, Loss: 4.6177
  Batch 9350/10484, Loss: 4.0363
  Batch 9360/10484, Loss: 3.8751
  Batch 9370/10484, Loss: 4.2719
  Batch 9380/10484, Loss: 4.1692
  Batch 9390/10484, Loss: 4.6479
  Batch 9400/10484, Loss: 4.1105
  Batch 9410/10484, Loss: 4.3471
  Batch 9420/10484, Loss: 4.1964
  Batch 9430/10484, Loss: 3.8901
  Batch 9440/10484, Loss: 4.3585
  Batch 9450/10484, Loss: 4.5185
  Batch 9460/10484, Loss: 3.9556
  Batch 9470/10484, Loss: 4.4169
  Batch 9480/10484, Loss: 4.2624
  Batch 9490/10484, Loss: 4.4752
  Batch 9500/10484, Loss: 3.8449
  Batch 9510/10484, Loss: 4.6979
  Batch 9520/10484, Loss: 4.5933
  Batch 9530/10484, Loss: 3.7061
  Batch 9540/10484, Loss: 4.1937
  Batch 9550/10484, Loss: 4.3692
  Batch 9560/10484, Loss: 4.4669
  Batch 9570/10484, Loss: 4.7325
  Batch 9580/10484, Loss: 4.1911
  Batch 9590/10484, Loss: 4.4890
  Batch 9600/10484, Loss: 4.5237
  Batch 9610/10484, Loss: 3.9840
  Batch 9620/10484, Loss: 4.1462
  Batch 9630/10484, Loss: 4.2394
  Batch 9640/10484, Loss: 4.4555
  Batch 9650/10484, Loss: 4.7371
  Batch 9660/10484, Loss: 4.3630
  Batch 9670/10484, Loss: 4.3576
  Batch 9680/10484, Loss: 4.6110
  Batch 9690/10484, Loss: 4.4773
  Batch 9700/10484, Loss: 4.3620
  Batch 9710/10484, Loss: 4.5232
  Batch 9720/10484, Loss: 4.1091
  Batch 9730/10484, Loss: 3.9500
  Batch 9740/10484, Loss: 4.2412
  Batch 9750/10484, Loss: 4.2909
  Batch 9760/10484, Loss: 3.9845
  Batch 9770/10484, Loss: 4.0039
  Batch 9780/10484, Loss: 4.6601
  Batch 9790/10484, Loss: 4.2995
  Batch 9800/10484, Loss: 3.8475
  Batch 9810/10484, Loss: 4.0732
  Batch 9820/10484, Loss: 3.5723
  Batch 9830/10484, Loss: 4.2057
  Batch 9840/10484, Loss: 4.3763
  Batch 9850/10484, Loss: 4.0527
  Batch 9860/10484, Loss: 4.0641
  Batch 9870/10484, Loss: 4.7965
  Batch 9880/10484, Loss: 3.8879
  Batch 9890/10484, Loss: 4.2996
  Batch 9900/10484, Loss: 4.8088
  Batch 9910/10484, Loss: 4.3404
  Batch 9920/10484, Loss: 4.1809
  Batch 9930/10484, Loss: 4.3519
  Batch 9940/10484, Loss: 4.3194
  Batch 9950/10484, Loss: 4.4364
  Batch 9960/10484, Loss: 4.3078
  Batch 9970/10484, Loss: 4.9076
  Batch 9980/10484, Loss: 4.8430
  Batch 9990/10484, Loss: 4.9366
  Batch 10000/10484, Loss: 4.8150
  Batch 10010/10484, Loss: 3.7104
  Batch 10020/10484, Loss: 3.7468
  Batch 10030/10484, Loss: 4.9652
  Batch 10040/10484, Loss: 4.2766
  Batch 10050/10484, Loss: 3.7564
  Batch 10060/10484, Loss: 4.3374
  Batch 10070/10484, Loss: 4.3674
  Batch 10080/10484, Loss: 4.6050
  Batch 10090/10484, Loss: 4.4298
  Batch 10100/10484, Loss: 5.2314
  Batch 10110/10484, Loss: 4.3152
  Batch 10120/10484, Loss: 3.4309
  Batch 10130/10484, Loss: 4.3666
  Batch 10140/10484, Loss: 4.5685
  Batch 10150/10484, Loss: 4.2999
  Batch 10160/10484, Loss: 3.9150
  Batch 10170/10484, Loss: 4.3664
  Batch 10180/10484, Loss: 4.9158
  Batch 10190/10484, Loss: 4.1933
  Batch 10200/10484, Loss: 4.8847
  Batch 10210/10484, Loss: 4.3513
  Batch 10220/10484, Loss: 4.2157
  Batch 10230/10484, Loss: 4.8152
  Batch 10240/10484, Loss: 4.0301
  Batch 10250/10484, Loss: 4.4429
  Batch 10260/10484, Loss: 4.7977
  Batch 10270/10484, Loss: 4.2730
  Batch 10280/10484, Loss: 4.3787
  Batch 10290/10484, Loss: 5.2145
  Batch 10300/10484, Loss: 3.3480
  Batch 10310/10484, Loss: 3.9700
  Batch 10320/10484, Loss: 3.9738
  Batch 10330/10484, Loss: 4.5603
  Batch 10340/10484, Loss: 4.2149
  Batch 10350/10484, Loss: 3.9195
  Batch 10360/10484, Loss: 4.3404
  Batch 10370/10484, Loss: 4.4242
  Batch 10380/10484, Loss: 3.8294
  Batch 10390/10484, Loss: 3.9133
  Batch 10400/10484, Loss: 4.9489
  Batch 10410/10484, Loss: 4.3517
  Batch 10420/10484, Loss: 4.5780
  Batch 10430/10484, Loss: 4.4504
  Batch 10440/10484, Loss: 4.7470
  Batch 10450/10484, Loss: 3.7060
  Batch 10460/10484, Loss: 4.9428
  Batch 10470/10484, Loss: 4.2612
  Batch 10480/10484, Loss: 4.2938

  Train Loss: 4.2568
  Val Loss: 6.7536
  Time: 31m 19s

Epoch 18/20
----------------------------------------
  Batch 10/10484, Loss: 4.2445
  Batch 20/10484, Loss: 4.0140
  Batch 30/10484, Loss: 3.8757
  Batch 40/10484, Loss: 4.3574
  Batch 50/10484, Loss: 3.9520
  Batch 60/10484, Loss: 4.5337
  Batch 70/10484, Loss: 3.8844
  Batch 80/10484, Loss: 4.1115
  Batch 90/10484, Loss: 4.7636
  Batch 100/10484, Loss: 4.1036
  Batch 110/10484, Loss: 4.4291
  Batch 120/10484, Loss: 4.2155
  Batch 130/10484, Loss: 4.5862
  Batch 140/10484, Loss: 3.8426
  Batch 150/10484, Loss: 4.4030
  Batch 160/10484, Loss: 4.4593
  Batch 170/10484, Loss: 3.8910
  Batch 180/10484, Loss: 4.4362
  Batch 190/10484, Loss: 3.2572
  Batch 200/10484, Loss: 4.6568
  Batch 210/10484, Loss: 4.2916
  Batch 220/10484, Loss: 3.7176
  Batch 230/10484, Loss: 4.2050
  Batch 240/10484, Loss: 3.7687
  Batch 250/10484, Loss: 4.1904
  Batch 260/10484, Loss: 4.3927
  Batch 270/10484, Loss: 4.2448
  Batch 280/10484, Loss: 4.5929
  Batch 290/10484, Loss: 4.0326
  Batch 300/10484, Loss: 3.9009
  Batch 310/10484, Loss: 4.5310
  Batch 320/10484, Loss: 4.2189
  Batch 330/10484, Loss: 3.9673
  Batch 340/10484, Loss: 3.8486
  Batch 350/10484, Loss: 4.6051
  Batch 360/10484, Loss: 3.6703
  Batch 370/10484, Loss: 4.4926
  Batch 380/10484, Loss: 4.7066
  Batch 390/10484, Loss: 3.9518
  Batch 400/10484, Loss: 4.1552
  Batch 410/10484, Loss: 4.0736
  Batch 420/10484, Loss: 4.3222
  Batch 430/10484, Loss: 4.3393
  Batch 440/10484, Loss: 3.9724
  Batch 450/10484, Loss: 4.0794
  Batch 460/10484, Loss: 4.3396
  Batch 470/10484, Loss: 3.8742
  Batch 480/10484, Loss: 3.9680
  Batch 490/10484, Loss: 4.8988
  Batch 500/10484, Loss: 4.4889
  Batch 510/10484, Loss: 4.1477
  Batch 520/10484, Loss: 4.4306
  Batch 530/10484, Loss: 3.9210
  Batch 540/10484, Loss: 3.9946
  Batch 550/10484, Loss: 4.0910
  Batch 560/10484, Loss: 3.9569
  Batch 570/10484, Loss: 3.6866
  Batch 580/10484, Loss: 5.1453
  Batch 590/10484, Loss: 4.3513
  Batch 600/10484, Loss: 4.6440
  Batch 610/10484, Loss: 3.9655
  Batch 620/10484, Loss: 3.9968
  Batch 630/10484, Loss: 4.3045
  Batch 640/10484, Loss: 4.3887
  Batch 650/10484, Loss: 4.3223
  Batch 660/10484, Loss: 4.5470
  Batch 670/10484, Loss: 4.2335
  Batch 680/10484, Loss: 4.9889
  Batch 690/10484, Loss: 4.1701
  Batch 700/10484, Loss: 4.3274
  Batch 710/10484, Loss: 4.6291
  Batch 720/10484, Loss: 4.5215
  Batch 730/10484, Loss: 3.9831
  Batch 740/10484, Loss: 3.5269
  Batch 750/10484, Loss: 4.0173
  Batch 760/10484, Loss: 4.1323
  Batch 770/10484, Loss: 4.0026
  Batch 780/10484, Loss: 4.3180
  Batch 790/10484, Loss: 4.0944
  Batch 800/10484, Loss: 4.1871
  Batch 810/10484, Loss: 4.1781
  Batch 820/10484, Loss: 4.6776
  Batch 830/10484, Loss: 4.1769
  Batch 840/10484, Loss: 4.5420
  Batch 850/10484, Loss: 3.9387
  Batch 860/10484, Loss: 4.1603
  Batch 870/10484, Loss: 4.3265
  Batch 880/10484, Loss: 3.4955
  Batch 890/10484, Loss: 4.2085
  Batch 900/10484, Loss: 4.2019
  Batch 910/10484, Loss: 3.7530
  Batch 920/10484, Loss: 4.8012
  Batch 930/10484, Loss: 4.1850
  Batch 940/10484, Loss: 4.4676
  Batch 950/10484, Loss: 4.5108
  Batch 960/10484, Loss: 4.1706
  Batch 970/10484, Loss: 4.2770
  Batch 980/10484, Loss: 4.0123
  Batch 990/10484, Loss: 4.1324
  Batch 1000/10484, Loss: 4.0256
  Batch 1010/10484, Loss: 4.0370
  Batch 1020/10484, Loss: 3.3345
  Batch 1030/10484, Loss: 3.9532
  Batch 1040/10484, Loss: 3.8141
  Batch 1050/10484, Loss: 3.8435
  Batch 1060/10484, Loss: 3.8850
  Batch 1070/10484, Loss: 4.5868
  Batch 1080/10484, Loss: 4.3505
  Batch 1090/10484, Loss: 3.4197
  Batch 1100/10484, Loss: 3.8510
  Batch 1110/10484, Loss: 3.9501
  Batch 1120/10484, Loss: 4.2141
  Batch 1130/10484, Loss: 4.3930
  Batch 1140/10484, Loss: 3.6969
  Batch 1150/10484, Loss: 4.8992
  Batch 1160/10484, Loss: 4.4562
  Batch 1170/10484, Loss: 4.5889
  Batch 1180/10484, Loss: 4.2861
  Batch 1190/10484, Loss: 4.6208
  Batch 1200/10484, Loss: 3.2479
  Batch 1210/10484, Loss: 3.7539
  Batch 1220/10484, Loss: 3.9147
  Batch 1230/10484, Loss: 3.9592
  Batch 1240/10484, Loss: 4.3172
  Batch 1250/10484, Loss: 4.0835
  Batch 1260/10484, Loss: 3.9032
  Batch 1270/10484, Loss: 4.1988
  Batch 1280/10484, Loss: 4.5575
  Batch 1290/10484, Loss: 3.8281
  Batch 1300/10484, Loss: 4.4418
  Batch 1310/10484, Loss: 4.7545
  Batch 1320/10484, Loss: 3.8575
  Batch 1330/10484, Loss: 4.2188
  Batch 1340/10484, Loss: 3.7003
  Batch 1350/10484, Loss: 4.2349
  Batch 1360/10484, Loss: 4.1463
  Batch 1370/10484, Loss: 4.4929
  Batch 1380/10484, Loss: 3.9412
  Batch 1390/10484, Loss: 4.1364
  Batch 1400/10484, Loss: 4.0227
  Batch 1410/10484, Loss: 4.0403
  Batch 1420/10484, Loss: 4.1010
  Batch 1430/10484, Loss: 4.3185
  Batch 1440/10484, Loss: 4.3136
  Batch 1450/10484, Loss: 3.9082
  Batch 1460/10484, Loss: 4.4359
  Batch 1470/10484, Loss: 3.8594
  Batch 1480/10484, Loss: 4.4166
  Batch 1490/10484, Loss: 4.3387
  Batch 1500/10484, Loss: 4.2603
  Batch 1510/10484, Loss: 4.3873
  Batch 1520/10484, Loss: 3.7544
  Batch 1530/10484, Loss: 4.0397
  Batch 1540/10484, Loss: 3.8136
  Batch 1550/10484, Loss: 3.9592
  Batch 1560/10484, Loss: 3.5693
  Batch 1570/10484, Loss: 4.0617
  Batch 1580/10484, Loss: 4.3447
  Batch 1590/10484, Loss: 4.5778
  Batch 1600/10484, Loss: 3.7536
  Batch 1610/10484, Loss: 3.8366
  Batch 1620/10484, Loss: 4.7366
  Batch 1630/10484, Loss: 4.3612
  Batch 1640/10484, Loss: 4.5224
  Batch 1650/10484, Loss: 4.3384
  Batch 1660/10484, Loss: 3.8387
  Batch 1670/10484, Loss: 4.6736
  Batch 1680/10484, Loss: 3.5458
  Batch 1690/10484, Loss: 4.3359
  Batch 1700/10484, Loss: 3.8182
  Batch 1710/10484, Loss: 4.2683
  Batch 1720/10484, Loss: 4.8670
  Batch 1730/10484, Loss: 4.6277
  Batch 1740/10484, Loss: 4.4368
  Batch 1750/10484, Loss: 4.1225
  Batch 1760/10484, Loss: 4.4383
  Batch 1770/10484, Loss: 4.1420
  Batch 1780/10484, Loss: 3.9500
  Batch 1790/10484, Loss: 4.5877
  Batch 1800/10484, Loss: 4.3565
  Batch 1810/10484, Loss: 3.7434
  Batch 1820/10484, Loss: 4.1209
  Batch 1830/10484, Loss: 4.3765
  Batch 1840/10484, Loss: 4.6915
  Batch 1850/10484, Loss: 3.9660
  Batch 1860/10484, Loss: 4.2771
  Batch 1870/10484, Loss: 4.4003
  Batch 1880/10484, Loss: 4.1428
  Batch 1890/10484, Loss: 4.0998
  Batch 1900/10484, Loss: 3.6211
  Batch 1910/10484, Loss: 4.4345
  Batch 1920/10484, Loss: 4.6366
  Batch 1930/10484, Loss: 3.8126
  Batch 1940/10484, Loss: 4.0083
  Batch 1950/10484, Loss: 3.7688
  Batch 1960/10484, Loss: 4.5230
  Batch 1970/10484, Loss: 4.1546
  Batch 1980/10484, Loss: 4.7245
  Batch 1990/10484, Loss: 4.8707
  Batch 2000/10484, Loss: 4.2306
  Batch 2010/10484, Loss: 4.3299
  Batch 2020/10484, Loss: 4.7131
  Batch 2030/10484, Loss: 4.2345
  Batch 2040/10484, Loss: 4.2889
  Batch 2050/10484, Loss: 3.7913
  Batch 2060/10484, Loss: 3.8560
  Batch 2070/10484, Loss: 4.1260
  Batch 2080/10484, Loss: 3.4813
  Batch 2090/10484, Loss: 3.6110
  Batch 2100/10484, Loss: 3.8679
  Batch 2110/10484, Loss: 4.5649
  Batch 2120/10484, Loss: 4.8060
  Batch 2130/10484, Loss: 4.5429
  Batch 2140/10484, Loss: 4.4560
  Batch 2150/10484, Loss: 3.9214
  Batch 2160/10484, Loss: 4.3664
  Batch 2170/10484, Loss: 4.6860
  Batch 2180/10484, Loss: 4.2830
  Batch 2190/10484, Loss: 4.2268
  Batch 2200/10484, Loss: 3.9536
  Batch 2210/10484, Loss: 4.0016
  Batch 2220/10484, Loss: 3.9352
  Batch 2230/10484, Loss: 4.4463
  Batch 2240/10484, Loss: 4.0431
  Batch 2250/10484, Loss: 4.4206
  Batch 2260/10484, Loss: 3.8093
  Batch 2270/10484, Loss: 3.7477
  Batch 2280/10484, Loss: 4.5736
  Batch 2290/10484, Loss: 4.7593
  Batch 2300/10484, Loss: 3.9842
  Batch 2310/10484, Loss: 4.4933
  Batch 2320/10484, Loss: 4.3708
  Batch 2330/10484, Loss: 3.5965
  Batch 2340/10484, Loss: 4.0323
  Batch 2350/10484, Loss: 4.2839
  Batch 2360/10484, Loss: 4.4591
  Batch 2370/10484, Loss: 4.8468
  Batch 2380/10484, Loss: 4.4275
  Batch 2390/10484, Loss: 4.5954
  Batch 2400/10484, Loss: 4.6107
  Batch 2410/10484, Loss: 4.3579
  Batch 2420/10484, Loss: 4.0323
  Batch 2430/10484, Loss: 4.1694
  Batch 2440/10484, Loss: 4.6192
  Batch 2450/10484, Loss: 3.7560
  Batch 2460/10484, Loss: 4.0257
  Batch 2470/10484, Loss: 4.3193
  Batch 2480/10484, Loss: 4.5458
  Batch 2490/10484, Loss: 3.9193
  Batch 2500/10484, Loss: 4.6285
  Batch 2510/10484, Loss: 4.4823
  Batch 2520/10484, Loss: 4.0411
  Batch 2530/10484, Loss: 4.3881
  Batch 2540/10484, Loss: 4.7946
  Batch 2550/10484, Loss: 3.4253
  Batch 2560/10484, Loss: 4.5654
  Batch 2570/10484, Loss: 4.8000
  Batch 2580/10484, Loss: 4.4024
  Batch 2590/10484, Loss: 3.9679
  Batch 2600/10484, Loss: 4.1578
  Batch 2610/10484, Loss: 4.5082
  Batch 2620/10484, Loss: 4.1563
  Batch 2630/10484, Loss: 4.1637
  Batch 2640/10484, Loss: 4.4432
  Batch 2650/10484, Loss: 4.4928
  Batch 2660/10484, Loss: 4.1550
  Batch 2670/10484, Loss: 4.6854
  Batch 2680/10484, Loss: 4.1953
  Batch 2690/10484, Loss: 4.6779
  Batch 2700/10484, Loss: 4.7270
  Batch 2710/10484, Loss: 4.0300
  Batch 2720/10484, Loss: 4.2508
  Batch 2730/10484, Loss: 3.5915
  Batch 2740/10484, Loss: 3.2411
  Batch 2750/10484, Loss: 4.8186
  Batch 2760/10484, Loss: 4.4795
  Batch 2770/10484, Loss: 3.6152
  Batch 2780/10484, Loss: 4.4307
  Batch 2790/10484, Loss: 3.7012
  Batch 2800/10484, Loss: 4.6271
  Batch 2810/10484, Loss: 3.7765
  Batch 2820/10484, Loss: 4.6478
  Batch 2830/10484, Loss: 3.8952
  Batch 2840/10484, Loss: 3.7087
  Batch 2850/10484, Loss: 4.4126
  Batch 2860/10484, Loss: 4.2631
  Batch 2870/10484, Loss: 4.3116
  Batch 2880/10484, Loss: 4.3813
  Batch 2890/10484, Loss: 4.5372
  Batch 2900/10484, Loss: 3.9716
  Batch 2910/10484, Loss: 3.9202
  Batch 2920/10484, Loss: 3.9196
  Batch 2930/10484, Loss: 4.3534
  Batch 2940/10484, Loss: 4.6137
  Batch 2950/10484, Loss: 4.0197
  Batch 2960/10484, Loss: 4.1422
  Batch 2970/10484, Loss: 4.7971
  Batch 2980/10484, Loss: 4.5680
  Batch 2990/10484, Loss: 3.9129
  Batch 3000/10484, Loss: 4.1736
  Batch 3010/10484, Loss: 4.3403
  Batch 3020/10484, Loss: 3.6341
  Batch 3030/10484, Loss: 4.1219
  Batch 3040/10484, Loss: 4.1669
  Batch 3050/10484, Loss: 4.3895
  Batch 3060/10484, Loss: 4.8116
  Batch 3070/10484, Loss: 4.3094
  Batch 3080/10484, Loss: 4.1715
  Batch 3090/10484, Loss: 4.4185
  Batch 3100/10484, Loss: 4.2193
  Batch 3110/10484, Loss: 4.7337
  Batch 3120/10484, Loss: 4.4076
  Batch 3130/10484, Loss: 3.5966
  Batch 3140/10484, Loss: 4.5032
  Batch 3150/10484, Loss: 4.2539
  Batch 3160/10484, Loss: 4.0592
  Batch 3170/10484, Loss: 4.1786
  Batch 3180/10484, Loss: 4.5129
  Batch 3190/10484, Loss: 4.2439
  Batch 3200/10484, Loss: 3.2450
  Batch 3210/10484, Loss: 4.2647
  Batch 3220/10484, Loss: 4.4244
  Batch 3230/10484, Loss: 4.1732
  Batch 3240/10484, Loss: 3.8901
  Batch 3250/10484, Loss: 3.9111
  Batch 3260/10484, Loss: 4.0336
  Batch 3270/10484, Loss: 3.9546
  Batch 3280/10484, Loss: 3.5755
  Batch 3290/10484, Loss: 4.3458
  Batch 3300/10484, Loss: 4.3014
  Batch 3310/10484, Loss: 3.8178
  Batch 3320/10484, Loss: 3.6680
  Batch 3330/10484, Loss: 3.2853
  Batch 3340/10484, Loss: 4.3680
  Batch 3350/10484, Loss: 3.8780
  Batch 3360/10484, Loss: 4.0756
  Batch 3370/10484, Loss: 4.2880
  Batch 3380/10484, Loss: 4.2326
  Batch 3390/10484, Loss: 3.6248
  Batch 3400/10484, Loss: 4.1462
  Batch 3410/10484, Loss: 3.8708
  Batch 3420/10484, Loss: 3.8817
  Batch 3430/10484, Loss: 3.9909
  Batch 3440/10484, Loss: 4.6820
  Batch 3450/10484, Loss: 4.2519
  Batch 3460/10484, Loss: 4.3368
  Batch 3470/10484, Loss: 3.6506
  Batch 3480/10484, Loss: 3.9929
  Batch 3490/10484, Loss: 3.7259
  Batch 3500/10484, Loss: 3.9879
  Batch 3510/10484, Loss: 4.3831
  Batch 3520/10484, Loss: 5.0228
  Batch 3530/10484, Loss: 4.3708
  Batch 3540/10484, Loss: 3.8400
  Batch 3550/10484, Loss: 4.6620
  Batch 3560/10484, Loss: 4.6514
  Batch 3570/10484, Loss: 4.0964
  Batch 3580/10484, Loss: 4.5226
  Batch 3590/10484, Loss: 4.4936
  Batch 3600/10484, Loss: 4.0284
  Batch 3610/10484, Loss: 4.4864
  Batch 3620/10484, Loss: 3.5314
  Batch 3630/10484, Loss: 3.8476
  Batch 3640/10484, Loss: 4.3604
  Batch 3650/10484, Loss: 4.0710
  Batch 3660/10484, Loss: 4.1164
  Batch 3670/10484, Loss: 4.2754
  Batch 3680/10484, Loss: 4.1871
  Batch 3690/10484, Loss: 3.9839
  Batch 3700/10484, Loss: 4.3826
  Batch 3710/10484, Loss: 3.9568
  Batch 3720/10484, Loss: 4.7046
  Batch 3730/10484, Loss: 4.1474
  Batch 3740/10484, Loss: 4.0353
  Batch 3750/10484, Loss: 3.5154
  Batch 3760/10484, Loss: 4.8333
  Batch 3770/10484, Loss: 4.1585
  Batch 3780/10484, Loss: 3.2044
  Batch 3790/10484, Loss: 4.3568
  Batch 3800/10484, Loss: 4.4276
  Batch 3810/10484, Loss: 4.4371
  Batch 3820/10484, Loss: 4.9882
  Batch 3830/10484, Loss: 4.0883
  Batch 3840/10484, Loss: 4.4493
  Batch 3850/10484, Loss: 4.8686
  Batch 3860/10484, Loss: 4.3636
  Batch 3870/10484, Loss: 4.7363
  Batch 3880/10484, Loss: 3.8330
  Batch 3890/10484, Loss: 3.9997
  Batch 3900/10484, Loss: 3.8752
  Batch 3910/10484, Loss: 4.3509
  Batch 3920/10484, Loss: 3.7928
  Batch 3930/10484, Loss: 4.2498
  Batch 3940/10484, Loss: 3.9269
  Batch 3950/10484, Loss: 4.4022
  Batch 3960/10484, Loss: 4.5511
  Batch 3970/10484, Loss: 4.2734
  Batch 3980/10484, Loss: 4.2459
  Batch 3990/10484, Loss: 4.2098
  Batch 4000/10484, Loss: 3.9673
  Batch 4010/10484, Loss: 3.9578
  Batch 4020/10484, Loss: 4.1617
  Batch 4030/10484, Loss: 4.1997
  Batch 4040/10484, Loss: 4.1916
  Batch 4050/10484, Loss: 4.1626
  Batch 4060/10484, Loss: 3.9863
  Batch 4070/10484, Loss: 3.7490
  Batch 4080/10484, Loss: 4.1668
  Batch 4090/10484, Loss: 4.8452
  Batch 4100/10484, Loss: 3.8897
  Batch 4110/10484, Loss: 4.0927
  Batch 4120/10484, Loss: 4.6407
  Batch 4130/10484, Loss: 4.4070
  Batch 4140/10484, Loss: 4.6479
  Batch 4150/10484, Loss: 4.5935
  Batch 4160/10484, Loss: 4.7009
  Batch 4170/10484, Loss: 4.4962
  Batch 4180/10484, Loss: 4.4880
  Batch 4190/10484, Loss: 4.2455
  Batch 4200/10484, Loss: 4.1254
  Batch 4210/10484, Loss: 4.4450
  Batch 4220/10484, Loss: 4.5566
  Batch 4230/10484, Loss: 4.1213
  Batch 4240/10484, Loss: 3.5940
  Batch 4250/10484, Loss: 3.9608
  Batch 4260/10484, Loss: 4.6027
  Batch 4270/10484, Loss: 4.0605
  Batch 4280/10484, Loss: 4.2547
  Batch 4290/10484, Loss: 4.1127
  Batch 4300/10484, Loss: 3.8955
  Batch 4310/10484, Loss: 4.7089
  Batch 4320/10484, Loss: 4.3744
  Batch 4330/10484, Loss: 4.2036
  Batch 4340/10484, Loss: 4.7330
  Batch 4350/10484, Loss: 4.2169
  Batch 4360/10484, Loss: 4.4764
  Batch 4370/10484, Loss: 4.1718
  Batch 4380/10484, Loss: 4.7535
  Batch 4390/10484, Loss: 4.3363
  Batch 4400/10484, Loss: 4.9755
  Batch 4410/10484, Loss: 4.2131
  Batch 4420/10484, Loss: 4.5139
  Batch 4430/10484, Loss: 4.4069
  Batch 4440/10484, Loss: 4.3038
  Batch 4450/10484, Loss: 4.0981
  Batch 4460/10484, Loss: 4.4299
  Batch 4470/10484, Loss: 4.1174
  Batch 4480/10484, Loss: 4.5164
  Batch 4490/10484, Loss: 4.2969
  Batch 4500/10484, Loss: 4.0604
  Batch 4510/10484, Loss: 4.4772
  Batch 4520/10484, Loss: 4.5319
  Batch 4530/10484, Loss: 4.5121
  Batch 4540/10484, Loss: 4.4195
  Batch 4550/10484, Loss: 3.8055
  Batch 4560/10484, Loss: 4.1134
  Batch 4570/10484, Loss: 4.8369
  Batch 4580/10484, Loss: 4.1778
  Batch 4590/10484, Loss: 4.2172
  Batch 4600/10484, Loss: 4.4570
  Batch 4610/10484, Loss: 4.4871
  Batch 4620/10484, Loss: 4.6681
  Batch 4630/10484, Loss: 4.6545
  Batch 4640/10484, Loss: 4.4547
  Batch 4650/10484, Loss: 4.1427
  Batch 4660/10484, Loss: 4.5776
  Batch 4670/10484, Loss: 4.4881
  Batch 4680/10484, Loss: 4.4376
  Batch 4690/10484, Loss: 3.8931
  Batch 4700/10484, Loss: 4.6883
  Batch 4710/10484, Loss: 4.3125
  Batch 4720/10484, Loss: 4.2422
  Batch 4730/10484, Loss: 4.1932
  Batch 4740/10484, Loss: 4.8259
  Batch 4750/10484, Loss: 4.4010
  Batch 4760/10484, Loss: 4.0385
  Batch 4770/10484, Loss: 4.4861
  Batch 4780/10484, Loss: 4.1128
  Batch 4790/10484, Loss: 4.0290
  Batch 4800/10484, Loss: 4.2948
  Batch 4810/10484, Loss: 4.5438
  Batch 4820/10484, Loss: 4.4136
  Batch 4830/10484, Loss: 4.3393
  Batch 4840/10484, Loss: 4.0539
  Batch 4850/10484, Loss: 4.2672
  Batch 4860/10484, Loss: 3.9564
  Batch 4870/10484, Loss: 4.6943
  Batch 4880/10484, Loss: 4.4204
  Batch 4890/10484, Loss: 4.5134
  Batch 4900/10484, Loss: 3.5503
  Batch 4910/10484, Loss: 4.3408
  Batch 4920/10484, Loss: 4.3034
  Batch 4930/10484, Loss: 4.4146
  Batch 4940/10484, Loss: 4.5664
  Batch 4950/10484, Loss: 4.9854
  Batch 4960/10484, Loss: 4.5532
  Batch 4970/10484, Loss: 3.9523
  Batch 4980/10484, Loss: 4.1844
  Batch 4990/10484, Loss: 4.2086
  Batch 5000/10484, Loss: 4.4772
  Batch 5010/10484, Loss: 4.2947
  Batch 5020/10484, Loss: 4.3271
  Batch 5030/10484, Loss: 4.1739
  Batch 5040/10484, Loss: 4.1131
  Batch 5050/10484, Loss: 3.6871
  Batch 5060/10484, Loss: 4.3641
  Batch 5070/10484, Loss: 4.8601
  Batch 5080/10484, Loss: 3.8897
  Batch 5090/10484, Loss: 3.9550
  Batch 5100/10484, Loss: 4.5886
  Batch 5110/10484, Loss: 4.4553
  Batch 5120/10484, Loss: 3.7009
  Batch 5130/10484, Loss: 4.2284
  Batch 5140/10484, Loss: 4.5281
  Batch 5150/10484, Loss: 3.9411
  Batch 5160/10484, Loss: 4.0455
  Batch 5170/10484, Loss: 4.5328
  Batch 5180/10484, Loss: 4.2917
  Batch 5190/10484, Loss: 4.2542
  Batch 5200/10484, Loss: 4.2850
  Batch 5210/10484, Loss: 4.1841
  Batch 5220/10484, Loss: 4.2771
  Batch 5230/10484, Loss: 4.6756
  Batch 5240/10484, Loss: 4.1235
  Batch 5250/10484, Loss: 4.2873
  Batch 5260/10484, Loss: 4.7788
  Batch 5270/10484, Loss: 3.8494
  Batch 5280/10484, Loss: 4.7363
  Batch 5290/10484, Loss: 3.6841
  Batch 5300/10484, Loss: 3.7877
  Batch 5310/10484, Loss: 3.7831
  Batch 5320/10484, Loss: 4.3519
  Batch 5330/10484, Loss: 3.4641
  Batch 5340/10484, Loss: 4.0147
  Batch 5350/10484, Loss: 4.2249
  Batch 5360/10484, Loss: 4.0669
  Batch 5370/10484, Loss: 4.3499
  Batch 5380/10484, Loss: 4.8108
  Batch 5390/10484, Loss: 4.1915
  Batch 5400/10484, Loss: 4.2484
  Batch 5410/10484, Loss: 3.9386
  Batch 5420/10484, Loss: 4.1620
  Batch 5430/10484, Loss: 3.7910
  Batch 5440/10484, Loss: 4.1027
  Batch 5450/10484, Loss: 4.2724
  Batch 5460/10484, Loss: 5.1201
  Batch 5470/10484, Loss: 3.8575
  Batch 5480/10484, Loss: 4.1885
  Batch 5490/10484, Loss: 4.7045
  Batch 5500/10484, Loss: 3.7724
  Batch 5510/10484, Loss: 4.1383
  Batch 5520/10484, Loss: 4.2239
  Batch 5530/10484, Loss: 3.9760
  Batch 5540/10484, Loss: 3.9320
  Batch 5550/10484, Loss: 4.0738
  Batch 5560/10484, Loss: 4.0472
  Batch 5570/10484, Loss: 4.3114
  Batch 5580/10484, Loss: 3.6727
  Batch 5590/10484, Loss: 4.7932
  Batch 5600/10484, Loss: 4.5796
  Batch 5610/10484, Loss: 4.2407
  Batch 5620/10484, Loss: 3.9248
  Batch 5630/10484, Loss: 4.4365
  Batch 5640/10484, Loss: 4.2449
  Batch 5650/10484, Loss: 4.6164
  Batch 5660/10484, Loss: 4.4418
  Batch 5670/10484, Loss: 4.0741
  Batch 5680/10484, Loss: 4.4264
  Batch 5690/10484, Loss: 3.9940
  Batch 5700/10484, Loss: 4.3284
  Batch 5710/10484, Loss: 5.0593
  Batch 5720/10484, Loss: 4.3212
  Batch 5730/10484, Loss: 4.5046
  Batch 5740/10484, Loss: 4.0173
  Batch 5750/10484, Loss: 4.1102
  Batch 5760/10484, Loss: 4.0153
  Batch 5770/10484, Loss: 4.3416
  Batch 5780/10484, Loss: 4.0474
  Batch 5790/10484, Loss: 4.6677
  Batch 5800/10484, Loss: 3.7073
  Batch 5810/10484, Loss: 4.1378
  Batch 5820/10484, Loss: 4.4126
  Batch 5830/10484, Loss: 4.5731
  Batch 5840/10484, Loss: 4.2964
  Batch 5850/10484, Loss: 3.4208
  Batch 5860/10484, Loss: 4.2347
  Batch 5870/10484, Loss: 4.9513
  Batch 5880/10484, Loss: 4.3406
  Batch 5890/10484, Loss: 4.7202
  Batch 5900/10484, Loss: 4.0715
  Batch 5910/10484, Loss: 3.6381
  Batch 5920/10484, Loss: 3.4546
  Batch 5930/10484, Loss: 4.2885
  Batch 5940/10484, Loss: 4.2987
  Batch 5950/10484, Loss: 4.0491
  Batch 5960/10484, Loss: 4.8606
  Batch 5970/10484, Loss: 4.0712
  Batch 5980/10484, Loss: 4.4903
  Batch 5990/10484, Loss: 4.4858
  Batch 6000/10484, Loss: 4.0522
  Batch 6010/10484, Loss: 4.5243
  Batch 6020/10484, Loss: 3.9655
  Batch 6030/10484, Loss: 3.9695
  Batch 6040/10484, Loss: 4.1873
  Batch 6050/10484, Loss: 4.0185
  Batch 6060/10484, Loss: 4.3599
  Batch 6070/10484, Loss: 4.8049
  Batch 6080/10484, Loss: 3.7991
  Batch 6090/10484, Loss: 3.9785
  Batch 6100/10484, Loss: 3.8532
  Batch 6110/10484, Loss: 3.6337
  Batch 6120/10484, Loss: 4.1240
  Batch 6130/10484, Loss: 4.0788
  Batch 6140/10484, Loss: 2.7285
  Batch 6150/10484, Loss: 3.9036
  Batch 6160/10484, Loss: 4.1874
  Batch 6170/10484, Loss: 3.9912
  Batch 6180/10484, Loss: 4.9167
  Batch 6190/10484, Loss: 4.2201
  Batch 6200/10484, Loss: 4.8189
  Batch 6210/10484, Loss: 4.1932
  Batch 6220/10484, Loss: 4.0335
  Batch 6230/10484, Loss: 4.2867
  Batch 6240/10484, Loss: 4.4706
  Batch 6250/10484, Loss: 4.6936
  Batch 6260/10484, Loss: 4.2731
  Batch 6270/10484, Loss: 3.5820
  Batch 6280/10484, Loss: 3.9311
  Batch 6290/10484, Loss: 4.2759
  Batch 6300/10484, Loss: 4.3173
  Batch 6310/10484, Loss: 3.3751
  Batch 6320/10484, Loss: 4.1633
  Batch 6330/10484, Loss: 3.5030
  Batch 6340/10484, Loss: 4.1427
  Batch 6350/10484, Loss: 4.6073
  Batch 6360/10484, Loss: 4.1822
  Batch 6370/10484, Loss: 4.5195
  Batch 6380/10484, Loss: 3.8857
  Batch 6390/10484, Loss: 3.6399
  Batch 6400/10484, Loss: 3.9337
  Batch 6410/10484, Loss: 3.8260
  Batch 6420/10484, Loss: 4.4094
  Batch 6430/10484, Loss: 3.7629
  Batch 6440/10484, Loss: 4.5184
  Batch 6450/10484, Loss: 3.5745
  Batch 6460/10484, Loss: 4.6660
  Batch 6470/10484, Loss: 4.6505
  Batch 6480/10484, Loss: 4.4076
  Batch 6490/10484, Loss: 4.4342
  Batch 6500/10484, Loss: 4.2967
  Batch 6510/10484, Loss: 3.8305
  Batch 6520/10484, Loss: 4.2954
  Batch 6530/10484, Loss: 4.3568
  Batch 6540/10484, Loss: 4.0681
  Batch 6550/10484, Loss: 4.4960
  Batch 6560/10484, Loss: 4.0228
  Batch 6570/10484, Loss: 4.0865
  Batch 6580/10484, Loss: 4.2537
  Batch 6590/10484, Loss: 4.2792
  Batch 6600/10484, Loss: 4.0838
  Batch 6610/10484, Loss: 4.5357
  Batch 6620/10484, Loss: 3.3851
  Batch 6630/10484, Loss: 4.5178
  Batch 6640/10484, Loss: 4.4774
  Batch 6650/10484, Loss: 3.8177
  Batch 6660/10484, Loss: 4.3516
  Batch 6670/10484, Loss: 4.9203
  Batch 6680/10484, Loss: 4.2862
  Batch 6690/10484, Loss: 3.8938
  Batch 6700/10484, Loss: 4.2161
  Batch 6710/10484, Loss: 4.5225
  Batch 6720/10484, Loss: 4.0562
  Batch 6730/10484, Loss: 4.5798
  Batch 6740/10484, Loss: 4.1763
  Batch 6750/10484, Loss: 3.8495
  Batch 6760/10484, Loss: 3.8136
  Batch 6770/10484, Loss: 3.9361
  Batch 6780/10484, Loss: 4.2374
  Batch 6790/10484, Loss: 4.1980
  Batch 6800/10484, Loss: 4.5661
  Batch 6810/10484, Loss: 4.9437
  Batch 6820/10484, Loss: 4.4400
  Batch 6830/10484, Loss: 4.1636
  Batch 6840/10484, Loss: 3.5465
  Batch 6850/10484, Loss: 4.2391
  Batch 6860/10484, Loss: 3.8062
  Batch 6870/10484, Loss: 4.2872
  Batch 6880/10484, Loss: 3.8560
  Batch 6890/10484, Loss: 4.1226
  Batch 6900/10484, Loss: 4.2328
  Batch 6910/10484, Loss: 4.0534
  Batch 6920/10484, Loss: 4.3454
  Batch 6930/10484, Loss: 4.9498
  Batch 6940/10484, Loss: 4.1858
  Batch 6950/10484, Loss: 3.8786
  Batch 6960/10484, Loss: 4.3190
  Batch 6970/10484, Loss: 3.4720
  Batch 6980/10484, Loss: 4.5686
  Batch 6990/10484, Loss: 4.4462
  Batch 7000/10484, Loss: 4.1614
  Batch 7010/10484, Loss: 3.9023
  Batch 7020/10484, Loss: 4.4196
  Batch 7030/10484, Loss: 3.9710
  Batch 7040/10484, Loss: 4.1005
  Batch 7050/10484, Loss: 3.5448
  Batch 7060/10484, Loss: 4.3501
  Batch 7070/10484, Loss: 3.8025
  Batch 7080/10484, Loss: 4.1651
  Batch 7090/10484, Loss: 3.8667
  Batch 7100/10484, Loss: 4.3163
  Batch 7110/10484, Loss: 4.8066
  Batch 7120/10484, Loss: 3.8102
  Batch 7130/10484, Loss: 4.5044
  Batch 7140/10484, Loss: 3.9978
  Batch 7150/10484, Loss: 3.6044
  Batch 7160/10484, Loss: 4.0680
  Batch 7170/10484, Loss: 4.0445
  Batch 7180/10484, Loss: 4.5714
  Batch 7190/10484, Loss: 4.1131
  Batch 7200/10484, Loss: 4.1893
  Batch 7210/10484, Loss: 4.0076
  Batch 7220/10484, Loss: 4.5065
  Batch 7230/10484, Loss: 4.2585
  Batch 7240/10484, Loss: 4.0014
  Batch 7250/10484, Loss: 4.7421
  Batch 7260/10484, Loss: 4.9029
  Batch 7270/10484, Loss: 4.1673
  Batch 7280/10484, Loss: 4.8733
  Batch 7290/10484, Loss: 4.2973
  Batch 7300/10484, Loss: 4.5179
  Batch 7310/10484, Loss: 4.2034
  Batch 7320/10484, Loss: 4.3867
  Batch 7330/10484, Loss: 4.3328
  Batch 7340/10484, Loss: 3.7256
  Batch 7350/10484, Loss: 4.4902
  Batch 7360/10484, Loss: 3.7812
  Batch 7370/10484, Loss: 4.2162
  Batch 7380/10484, Loss: 3.8845
  Batch 7390/10484, Loss: 4.3683
  Batch 7400/10484, Loss: 4.6431
  Batch 7410/10484, Loss: 3.6255
  Batch 7420/10484, Loss: 4.1248
  Batch 7430/10484, Loss: 4.2685
  Batch 7440/10484, Loss: 4.4448
  Batch 7450/10484, Loss: 4.5558
  Batch 7460/10484, Loss: 3.4845
  Batch 7470/10484, Loss: 4.4368
  Batch 7480/10484, Loss: 4.7476
  Batch 7490/10484, Loss: 4.9236
  Batch 7500/10484, Loss: 4.2421
  Batch 7510/10484, Loss: 4.5791
  Batch 7520/10484, Loss: 4.4146
  Batch 7530/10484, Loss: 4.8509
  Batch 7540/10484, Loss: 4.1848
  Batch 7550/10484, Loss: 4.0453
  Batch 7560/10484, Loss: 4.0708
  Batch 7570/10484, Loss: 3.4529
  Batch 7580/10484, Loss: 4.5523
  Batch 7590/10484, Loss: 4.4577
  Batch 7600/10484, Loss: 3.9805
  Batch 7610/10484, Loss: 4.2835
  Batch 7620/10484, Loss: 4.8858
  Batch 7630/10484, Loss: 4.5834
  Batch 7640/10484, Loss: 3.9691
  Batch 7650/10484, Loss: 3.6212
  Batch 7660/10484, Loss: 4.0065
  Batch 7670/10484, Loss: 4.0921
  Batch 7680/10484, Loss: 4.6257
  Batch 7690/10484, Loss: 4.6298
  Batch 7700/10484, Loss: 4.3740
  Batch 7710/10484, Loss: 4.4746
  Batch 7720/10484, Loss: 4.2656
  Batch 7730/10484, Loss: 4.4747
  Batch 7740/10484, Loss: 4.7339
  Batch 7750/10484, Loss: 3.7811
  Batch 7760/10484, Loss: 4.3036
  Batch 7770/10484, Loss: 3.9052
  Batch 7780/10484, Loss: 4.1756
  Batch 7790/10484, Loss: 4.1793
  Batch 7800/10484, Loss: 4.3782
  Batch 7810/10484, Loss: 4.1198
  Batch 7820/10484, Loss: 4.0670
  Batch 7830/10484, Loss: 4.1065
  Batch 7840/10484, Loss: 4.5114
  Batch 7850/10484, Loss: 4.3722
  Batch 7860/10484, Loss: 4.0810
  Batch 7870/10484, Loss: 3.6428
  Batch 7880/10484, Loss: 3.7733
  Batch 7890/10484, Loss: 4.4205
  Batch 7900/10484, Loss: 4.2202
  Batch 7910/10484, Loss: 3.9266
  Batch 7920/10484, Loss: 3.8549
  Batch 7930/10484, Loss: 4.9733
  Batch 7940/10484, Loss: 4.6671
  Batch 7950/10484, Loss: 4.4803
  Batch 7960/10484, Loss: 4.0396
  Batch 7970/10484, Loss: 4.3083
  Batch 7980/10484, Loss: 4.6116
  Batch 7990/10484, Loss: 3.6525
  Batch 8000/10484, Loss: 4.3282
  Batch 8010/10484, Loss: 4.6895
  Batch 8020/10484, Loss: 4.2480
  Batch 8030/10484, Loss: 4.1909
  Batch 8040/10484, Loss: 3.7685
  Batch 8050/10484, Loss: 3.9913
  Batch 8060/10484, Loss: 4.0414
  Batch 8070/10484, Loss: 4.6923
  Batch 8080/10484, Loss: 4.3080
  Batch 8090/10484, Loss: 4.1193
  Batch 8100/10484, Loss: 4.7173
  Batch 8110/10484, Loss: 4.6449
  Batch 8120/10484, Loss: 3.9995
  Batch 8130/10484, Loss: 3.9401
  Batch 8140/10484, Loss: 4.5940
  Batch 8150/10484, Loss: 3.8467
  Batch 8160/10484, Loss: 4.5091
  Batch 8170/10484, Loss: 4.9200
  Batch 8180/10484, Loss: 3.5416
  Batch 8190/10484, Loss: 4.3066
  Batch 8200/10484, Loss: 4.5049
  Batch 8210/10484, Loss: 4.5789
  Batch 8220/10484, Loss: 4.6016
  Batch 8230/10484, Loss: 3.9130
  Batch 8240/10484, Loss: 4.2203
  Batch 8250/10484, Loss: 4.5324
  Batch 8260/10484, Loss: 3.7400
  Batch 8270/10484, Loss: 4.3429
  Batch 8280/10484, Loss: 3.8854
  Batch 8290/10484, Loss: 4.4578
  Batch 8300/10484, Loss: 3.9766
  Batch 8310/10484, Loss: 4.2618
  Batch 8320/10484, Loss: 4.3928
  Batch 8330/10484, Loss: 4.1702
  Batch 8340/10484, Loss: 4.2198
  Batch 8350/10484, Loss: 4.3572
  Batch 8360/10484, Loss: 4.3375
  Batch 8370/10484, Loss: 4.9946
  Batch 8380/10484, Loss: 4.0855
  Batch 8390/10484, Loss: 4.1335
  Batch 8400/10484, Loss: 4.0891
  Batch 8410/10484, Loss: 4.4649
  Batch 8420/10484, Loss: 4.4981
  Batch 8430/10484, Loss: 4.0110
  Batch 8440/10484, Loss: 4.0790
  Batch 8450/10484, Loss: 4.6321
  Batch 8460/10484, Loss: 4.4050
  Batch 8470/10484, Loss: 4.0460
  Batch 8480/10484, Loss: 4.9835
  Batch 8490/10484, Loss: 3.5689
  Batch 8500/10484, Loss: 3.9602
  Batch 8510/10484, Loss: 4.3053
  Batch 8520/10484, Loss: 4.2286
  Batch 8530/10484, Loss: 3.7485
  Batch 8540/10484, Loss: 4.1820
  Batch 8550/10484, Loss: 4.3949
  Batch 8560/10484, Loss: 4.3623
  Batch 8570/10484, Loss: 4.0346
  Batch 8580/10484, Loss: 4.1832
  Batch 8590/10484, Loss: 3.3292
  Batch 8600/10484, Loss: 4.8274
  Batch 8610/10484, Loss: 4.0235
  Batch 8620/10484, Loss: 4.1955
  Batch 8630/10484, Loss: 5.2286
  Batch 8640/10484, Loss: 3.8436
  Batch 8650/10484, Loss: 3.8803
  Batch 8660/10484, Loss: 4.2951
  Batch 8670/10484, Loss: 4.2081
  Batch 8680/10484, Loss: 4.5454
  Batch 8690/10484, Loss: 4.8598
  Batch 8700/10484, Loss: 4.8141
  Batch 8710/10484, Loss: 4.4104
  Batch 8720/10484, Loss: 4.4177
  Batch 8730/10484, Loss: 4.4201
  Batch 8740/10484, Loss: 4.1874
  Batch 8750/10484, Loss: 4.5248
  Batch 8760/10484, Loss: 4.4997
  Batch 8770/10484, Loss: 4.4892
  Batch 8780/10484, Loss: 3.9905
  Batch 8790/10484, Loss: 4.0494
  Batch 8800/10484, Loss: 4.2551
  Batch 8810/10484, Loss: 3.9417
  Batch 8820/10484, Loss: 4.3041
  Batch 8830/10484, Loss: 3.6538
  Batch 8840/10484, Loss: 4.7454
  Batch 8850/10484, Loss: 4.3437
  Batch 8860/10484, Loss: 4.2371
  Batch 8870/10484, Loss: 4.1165
  Batch 8880/10484, Loss: 4.4317
  Batch 8890/10484, Loss: 4.2787
  Batch 8900/10484, Loss: 3.9321
  Batch 8910/10484, Loss: 4.4271
  Batch 8920/10484, Loss: 4.2286
  Batch 8930/10484, Loss: 4.7045
  Batch 8940/10484, Loss: 4.7203
  Batch 8950/10484, Loss: 3.9156
  Batch 8960/10484, Loss: 4.0877
  Batch 8970/10484, Loss: 4.6291
  Batch 8980/10484, Loss: 3.9435
  Batch 8990/10484, Loss: 3.9903
  Batch 9000/10484, Loss: 3.8587
  Batch 9010/10484, Loss: 4.3157
  Batch 9020/10484, Loss: 4.1573
  Batch 9030/10484, Loss: 4.6397
  Batch 9040/10484, Loss: 3.8229
  Batch 9050/10484, Loss: 3.9064
  Batch 9060/10484, Loss: 4.2630
  Batch 9070/10484, Loss: 4.2172
  Batch 9080/10484, Loss: 4.4218
  Batch 9090/10484, Loss: 4.4808
  Batch 9100/10484, Loss: 3.7781
  Batch 9110/10484, Loss: 4.6591
  Batch 9120/10484, Loss: 4.6096
  Batch 9130/10484, Loss: 4.4368
  Batch 9140/10484, Loss: 4.6191
  Batch 9150/10484, Loss: 4.7452
  Batch 9160/10484, Loss: 4.3434
  Batch 9170/10484, Loss: 4.7829
  Batch 9180/10484, Loss: 4.3915
  Batch 9190/10484, Loss: 4.4201
  Batch 9200/10484, Loss: 4.1153
  Batch 9210/10484, Loss: 4.7042
  Batch 9220/10484, Loss: 4.3007
  Batch 9230/10484, Loss: 4.9401
  Batch 9240/10484, Loss: 4.8175
  Batch 9250/10484, Loss: 4.1920
  Batch 9260/10484, Loss: 4.4666
  Batch 9270/10484, Loss: 4.3993
  Batch 9280/10484, Loss: 4.8446
  Batch 9290/10484, Loss: 3.7767
  Batch 9300/10484, Loss: 4.1612
  Batch 9310/10484, Loss: 4.3160
  Batch 9320/10484, Loss: 3.1906
  Batch 9330/10484, Loss: 4.6278
  Batch 9340/10484, Loss: 4.7148
  Batch 9350/10484, Loss: 4.4883
  Batch 9360/10484, Loss: 4.3023
  Batch 9370/10484, Loss: 3.8308
  Batch 9380/10484, Loss: 4.4323
  Batch 9390/10484, Loss: 3.9198
  Batch 9400/10484, Loss: 4.2939
  Batch 9410/10484, Loss: 4.0730
  Batch 9420/10484, Loss: 3.7454
  Batch 9430/10484, Loss: 4.4971
  Batch 9440/10484, Loss: 4.1547
  Batch 9450/10484, Loss: 4.5705
  Batch 9460/10484, Loss: 4.4279
  Batch 9470/10484, Loss: 4.4726
  Batch 9480/10484, Loss: 4.5385
  Batch 9490/10484, Loss: 3.6671
  Batch 9500/10484, Loss: 4.0151
  Batch 9510/10484, Loss: 4.5823
  Batch 9520/10484, Loss: 4.0482
  Batch 9530/10484, Loss: 4.2088
  Batch 9540/10484, Loss: 4.1424
  Batch 9550/10484, Loss: 3.7297
  Batch 9560/10484, Loss: 4.0571
  Batch 9570/10484, Loss: 4.1320
  Batch 9580/10484, Loss: 4.4847
  Batch 9590/10484, Loss: 4.3202
  Batch 9600/10484, Loss: 3.8011
  Batch 9610/10484, Loss: 3.7269
  Batch 9620/10484, Loss: 4.3021
  Batch 9630/10484, Loss: 4.3579
  Batch 9640/10484, Loss: 3.8312
  Batch 9650/10484, Loss: 4.7634
  Batch 9660/10484, Loss: 4.2441
  Batch 9670/10484, Loss: 4.1004
  Batch 9680/10484, Loss: 4.1724
  Batch 9690/10484, Loss: 4.7000
  Batch 9700/10484, Loss: 4.0210
  Batch 9710/10484, Loss: 4.4346
  Batch 9720/10484, Loss: 4.7802
  Batch 9730/10484, Loss: 3.7841
  Batch 9740/10484, Loss: 4.4766
  Batch 9750/10484, Loss: 4.7486
  Batch 9760/10484, Loss: 4.4689
  Batch 9770/10484, Loss: 4.1333
  Batch 9780/10484, Loss: 4.5503
  Batch 9790/10484, Loss: 4.7635
  Batch 9800/10484, Loss: 4.4245
  Batch 9810/10484, Loss: 3.8239
  Batch 9820/10484, Loss: 4.1866
  Batch 9830/10484, Loss: 4.5565
  Batch 9840/10484, Loss: 4.4734
  Batch 9850/10484, Loss: 3.6867
  Batch 9860/10484, Loss: 4.7872
  Batch 9870/10484, Loss: 4.2247
  Batch 9880/10484, Loss: 4.0640
  Batch 9890/10484, Loss: 4.5113
  Batch 9900/10484, Loss: 4.0128
  Batch 9910/10484, Loss: 3.7295
  Batch 9920/10484, Loss: 3.7960
  Batch 9930/10484, Loss: 4.6028
  Batch 9940/10484, Loss: 4.0107
  Batch 9950/10484, Loss: 3.6232
  Batch 9960/10484, Loss: 3.7565
  Batch 9970/10484, Loss: 4.3114
  Batch 9980/10484, Loss: 4.0973
  Batch 9990/10484, Loss: 4.2609
  Batch 10000/10484, Loss: 4.5531
  Batch 10010/10484, Loss: 4.4011
  Batch 10020/10484, Loss: 4.4632
  Batch 10030/10484, Loss: 4.2221
  Batch 10040/10484, Loss: 3.8288
  Batch 10050/10484, Loss: 4.4693
  Batch 10060/10484, Loss: 4.4537
  Batch 10070/10484, Loss: 4.1702
  Batch 10080/10484, Loss: 5.1854
  Batch 10090/10484, Loss: 3.9759
  Batch 10100/10484, Loss: 4.4452
  Batch 10110/10484, Loss: 4.2665
  Batch 10120/10484, Loss: 4.7085
  Batch 10130/10484, Loss: 4.4385
  Batch 10140/10484, Loss: 4.1963
  Batch 10150/10484, Loss: 4.4919
  Batch 10160/10484, Loss: 4.6897
  Batch 10170/10484, Loss: 3.4009
  Batch 10180/10484, Loss: 4.5430
  Batch 10190/10484, Loss: 4.1962
  Batch 10200/10484, Loss: 4.4912
  Batch 10210/10484, Loss: 3.5110
  Batch 10220/10484, Loss: 3.8355
  Batch 10230/10484, Loss: 4.5144
  Batch 10240/10484, Loss: 4.5085
  Batch 10250/10484, Loss: 3.7789
  Batch 10260/10484, Loss: 4.4999
  Batch 10270/10484, Loss: 4.4963
  Batch 10280/10484, Loss: 4.7828
  Batch 10290/10484, Loss: 3.4221
  Batch 10300/10484, Loss: 3.8996
  Batch 10310/10484, Loss: 4.1345
  Batch 10320/10484, Loss: 4.0671
  Batch 10330/10484, Loss: 4.1417
  Batch 10340/10484, Loss: 4.3927
  Batch 10350/10484, Loss: 4.5215
  Batch 10360/10484, Loss: 4.4996
  Batch 10370/10484, Loss: 4.0673
  Batch 10380/10484, Loss: 4.3700
  Batch 10390/10484, Loss: 4.2556
  Batch 10400/10484, Loss: 4.8523
  Batch 10410/10484, Loss: 4.0227
  Batch 10420/10484, Loss: 4.1190
  Batch 10430/10484, Loss: 4.5232
  Batch 10440/10484, Loss: 5.0197
  Batch 10450/10484, Loss: 4.6814
  Batch 10460/10484, Loss: 3.6849
  Batch 10470/10484, Loss: 4.3799
  Batch 10480/10484, Loss: 4.4697

  Train Loss: 4.2394
  Val Loss: 6.7703
  Time: 31m 19s

Epoch 19/20
----------------------------------------
  Batch 10/10484, Loss: 3.7924
  Batch 20/10484, Loss: 4.1459
  Batch 30/10484, Loss: 4.0412
  Batch 40/10484, Loss: 4.7066
  Batch 50/10484, Loss: 4.1549
  Batch 60/10484, Loss: 4.2087
  Batch 70/10484, Loss: 4.0483
  Batch 80/10484, Loss: 4.3193
  Batch 90/10484, Loss: 3.8551
  Batch 100/10484, Loss: 4.6481
  Batch 110/10484, Loss: 4.1878
  Batch 120/10484, Loss: 3.6488
  Batch 130/10484, Loss: 4.2658
  Batch 140/10484, Loss: 4.0149
  Batch 150/10484, Loss: 3.7628
  Batch 160/10484, Loss: 4.0208
  Batch 170/10484, Loss: 4.6785
  Batch 180/10484, Loss: 3.2652
  Batch 190/10484, Loss: 4.3064
  Batch 200/10484, Loss: 4.3488
  Batch 210/10484, Loss: 3.6503
  Batch 220/10484, Loss: 3.2108
  Batch 230/10484, Loss: 3.6663
  Batch 240/10484, Loss: 3.7387
  Batch 250/10484, Loss: 4.8900
  Batch 260/10484, Loss: 3.8107
  Batch 270/10484, Loss: 3.7388
  Batch 280/10484, Loss: 3.7505
  Batch 290/10484, Loss: 3.7114
  Batch 300/10484, Loss: 3.8308
  Batch 310/10484, Loss: 4.2206
  Batch 320/10484, Loss: 4.6030
  Batch 330/10484, Loss: 4.1385
  Batch 340/10484, Loss: 4.2364
  Batch 350/10484, Loss: 4.6403
  Batch 360/10484, Loss: 4.0423
  Batch 370/10484, Loss: 3.9585
  Batch 380/10484, Loss: 4.4674
  Batch 390/10484, Loss: 4.4059
  Batch 400/10484, Loss: 4.6170
  Batch 410/10484, Loss: 3.8578
  Batch 420/10484, Loss: 4.2067
  Batch 430/10484, Loss: 4.1729
  Batch 440/10484, Loss: 4.0721
  Batch 450/10484, Loss: 4.2726
  Batch 460/10484, Loss: 3.9392
  Batch 470/10484, Loss: 4.0448
  Batch 480/10484, Loss: 4.6417
  Batch 490/10484, Loss: 3.9618
  Batch 500/10484, Loss: 4.6344
  Batch 510/10484, Loss: 4.0943
  Batch 520/10484, Loss: 3.8442
  Batch 530/10484, Loss: 3.7839
  Batch 540/10484, Loss: 3.5880
  Batch 550/10484, Loss: 4.5464
  Batch 560/10484, Loss: 4.8553
  Batch 570/10484, Loss: 4.4743
  Batch 580/10484, Loss: 3.8336
  Batch 590/10484, Loss: 4.2165
  Batch 600/10484, Loss: 4.1136
  Batch 610/10484, Loss: 4.0853
  Batch 620/10484, Loss: 3.8201
  Batch 630/10484, Loss: 3.4833
  Batch 640/10484, Loss: 3.0180
  Batch 650/10484, Loss: 4.3540
  Batch 660/10484, Loss: 4.1548
  Batch 670/10484, Loss: 3.9167
  Batch 680/10484, Loss: 4.4046
  Batch 690/10484, Loss: 4.2014
  Batch 700/10484, Loss: 3.8518
  Batch 710/10484, Loss: 3.5467
  Batch 720/10484, Loss: 4.1082
  Batch 730/10484, Loss: 4.3277
  Batch 740/10484, Loss: 4.6655
  Batch 750/10484, Loss: 4.2483
  Batch 760/10484, Loss: 3.9955
  Batch 770/10484, Loss: 4.4510
  Batch 780/10484, Loss: 4.1260
  Batch 790/10484, Loss: 4.9502
  Batch 800/10484, Loss: 4.4932
  Batch 810/10484, Loss: 4.0240
  Batch 820/10484, Loss: 4.3368
  Batch 830/10484, Loss: 4.3368
  Batch 840/10484, Loss: 4.4981
  Batch 850/10484, Loss: 3.7572
  Batch 860/10484, Loss: 4.6089
  Batch 870/10484, Loss: 4.2514
  Batch 880/10484, Loss: 4.3664
  Batch 890/10484, Loss: 4.3012
  Batch 900/10484, Loss: 4.1374
  Batch 910/10484, Loss: 2.9344
  Batch 920/10484, Loss: 3.8809
  Batch 930/10484, Loss: 3.8523
  Batch 940/10484, Loss: 3.7749
  Batch 950/10484, Loss: 3.9731
  Batch 960/10484, Loss: 4.3066
  Batch 970/10484, Loss: 3.4930
  Batch 980/10484, Loss: 4.4489
  Batch 990/10484, Loss: 3.4271
  Batch 1000/10484, Loss: 4.2999
  Batch 1010/10484, Loss: 4.2408
  Batch 1020/10484, Loss: 3.9260
  Batch 1030/10484, Loss: 4.4590
  Batch 1040/10484, Loss: 4.6405
  Batch 1050/10484, Loss: 4.2225
  Batch 1060/10484, Loss: 3.7792
  Batch 1070/10484, Loss: 3.7269
  Batch 1080/10484, Loss: 4.0930
  Batch 1090/10484, Loss: 3.6319
  Batch 1100/10484, Loss: 4.1147
  Batch 1110/10484, Loss: 4.2223
  Batch 1120/10484, Loss: 4.3550
  Batch 1130/10484, Loss: 4.3486
  Batch 1140/10484, Loss: 3.6440
  Batch 1150/10484, Loss: 4.3359
  Batch 1160/10484, Loss: 5.1827
  Batch 1170/10484, Loss: 4.3849
  Batch 1180/10484, Loss: 4.7884
  Batch 1190/10484, Loss: 3.8219
  Batch 1200/10484, Loss: 4.3972
  Batch 1210/10484, Loss: 3.8084
  Batch 1220/10484, Loss: 3.9339
  Batch 1230/10484, Loss: 4.1581
  Batch 1240/10484, Loss: 4.1202
  Batch 1250/10484, Loss: 4.1714
  Batch 1260/10484, Loss: 4.0721
  Batch 1270/10484, Loss: 4.0078
  Batch 1280/10484, Loss: 4.9181
  Batch 1290/10484, Loss: 3.7038
  Batch 1300/10484, Loss: 4.2552
  Batch 1310/10484, Loss: 4.0148
  Batch 1320/10484, Loss: 3.9084
  Batch 1330/10484, Loss: 3.9641
  Batch 1340/10484, Loss: 4.2201
  Batch 1350/10484, Loss: 3.6872
  Batch 1360/10484, Loss: 4.1339
  Batch 1370/10484, Loss: 4.0261
  Batch 1380/10484, Loss: 3.6754
  Batch 1390/10484, Loss: 4.0779
  Batch 1400/10484, Loss: 4.5549
  Batch 1410/10484, Loss: 3.9946
  Batch 1420/10484, Loss: 4.6886
  Batch 1430/10484, Loss: 4.3623
  Batch 1440/10484, Loss: 3.8135
  Batch 1450/10484, Loss: 3.8918
  Batch 1460/10484, Loss: 4.6969
  Batch 1470/10484, Loss: 4.1658
  Batch 1480/10484, Loss: 3.8315
  Batch 1490/10484, Loss: 4.7423
  Batch 1500/10484, Loss: 4.5355
  Batch 1510/10484, Loss: 4.8707
  Batch 1520/10484, Loss: 4.7964
  Batch 1530/10484, Loss: 4.5908
  Batch 1540/10484, Loss: 4.7701
  Batch 1550/10484, Loss: 4.5660
  Batch 1560/10484, Loss: 3.4329
  Batch 1570/10484, Loss: 4.3405
  Batch 1580/10484, Loss: 3.3993
  Batch 1590/10484, Loss: 4.5479
  Batch 1600/10484, Loss: 3.4185
  Batch 1610/10484, Loss: 4.3060
  Batch 1620/10484, Loss: 4.4484
  Batch 1630/10484, Loss: 4.9945
  Batch 1640/10484, Loss: 3.7119
  Batch 1650/10484, Loss: 4.3348
  Batch 1660/10484, Loss: 3.5861
  Batch 1670/10484, Loss: 4.5125
  Batch 1680/10484, Loss: 4.4517
  Batch 1690/10484, Loss: 4.0808
  Batch 1700/10484, Loss: 4.7894
  Batch 1710/10484, Loss: 3.8326
  Batch 1720/10484, Loss: 4.1016
  Batch 1730/10484, Loss: 4.0277
  Batch 1740/10484, Loss: 4.4017
  Batch 1750/10484, Loss: 3.8615
  Batch 1760/10484, Loss: 4.2125
  Batch 1770/10484, Loss: 3.8937
  Batch 1780/10484, Loss: 4.6986
  Batch 1790/10484, Loss: 3.8937
  Batch 1800/10484, Loss: 4.1487
  Batch 1810/10484, Loss: 4.9958
  Batch 1820/10484, Loss: 4.4792
  Batch 1830/10484, Loss: 4.6389
  Batch 1840/10484, Loss: 3.8907
  Batch 1850/10484, Loss: 3.9414
  Batch 1860/10484, Loss: 4.4970
  Batch 1870/10484, Loss: 3.9001
  Batch 1880/10484, Loss: 4.6179
  Batch 1890/10484, Loss: 4.0534
  Batch 1900/10484, Loss: 4.5494
  Batch 1910/10484, Loss: 3.9189
  Batch 1920/10484, Loss: 4.0225
  Batch 1930/10484, Loss: 3.7351
  Batch 1940/10484, Loss: 4.4181
  Batch 1950/10484, Loss: 4.3771
  Batch 1960/10484, Loss: 4.4090
  Batch 1970/10484, Loss: 4.5388
  Batch 1980/10484, Loss: 4.5663
  Batch 1990/10484, Loss: 4.0567
  Batch 2000/10484, Loss: 4.5430
  Batch 2010/10484, Loss: 4.1121
  Batch 2020/10484, Loss: 4.6823
  Batch 2030/10484, Loss: 4.6561
  Batch 2040/10484, Loss: 4.8883
  Batch 2050/10484, Loss: 3.9537
  Batch 2060/10484, Loss: 4.3792
  Batch 2070/10484, Loss: 3.5772
  Batch 2080/10484, Loss: 4.1408
  Batch 2090/10484, Loss: 3.9946
  Batch 2100/10484, Loss: 4.3951
  Batch 2110/10484, Loss: 4.8643
  Batch 2120/10484, Loss: 4.2271
  Batch 2130/10484, Loss: 3.8907
  Batch 2140/10484, Loss: 3.9634
  Batch 2150/10484, Loss: 4.0285
  Batch 2160/10484, Loss: 4.2831
  Batch 2170/10484, Loss: 4.0836
  Batch 2180/10484, Loss: 4.1782
  Batch 2190/10484, Loss: 3.9811
  Batch 2200/10484, Loss: 3.9808
  Batch 2210/10484, Loss: 3.7153
  Batch 2220/10484, Loss: 3.9909
  Batch 2230/10484, Loss: 3.8001
  Batch 2240/10484, Loss: 4.1192
  Batch 2250/10484, Loss: 4.0618
  Batch 2260/10484, Loss: 4.3580
  Batch 2270/10484, Loss: 3.9627
  Batch 2280/10484, Loss: 3.8640
  Batch 2290/10484, Loss: 3.3257
  Batch 2300/10484, Loss: 4.3676
  Batch 2310/10484, Loss: 4.2531
  Batch 2320/10484, Loss: 4.0169
  Batch 2330/10484, Loss: 4.2571
  Batch 2340/10484, Loss: 4.2051
  Batch 2350/10484, Loss: 4.4829
  Batch 2360/10484, Loss: 5.0288
  Batch 2370/10484, Loss: 4.4573
  Batch 2380/10484, Loss: 3.7336
  Batch 2390/10484, Loss: 3.5722
  Batch 2400/10484, Loss: 3.8023
  Batch 2410/10484, Loss: 4.0265
  Batch 2420/10484, Loss: 4.3026
  Batch 2430/10484, Loss: 3.3737
  Batch 2440/10484, Loss: 4.0489
  Batch 2450/10484, Loss: 4.6660
  Batch 2460/10484, Loss: 4.2210
  Batch 2470/10484, Loss: 3.7409
  Batch 2480/10484, Loss: 4.1257
  Batch 2490/10484, Loss: 4.0370
  Batch 2500/10484, Loss: 4.0908
  Batch 2510/10484, Loss: 4.3792
  Batch 2520/10484, Loss: 4.1337
  Batch 2530/10484, Loss: 4.5889
  Batch 2540/10484, Loss: 4.8058
  Batch 2550/10484, Loss: 4.8310
  Batch 2560/10484, Loss: 4.2897
  Batch 2570/10484, Loss: 4.5808
  Batch 2580/10484, Loss: 4.1047
  Batch 2590/10484, Loss: 4.2178
  Batch 2600/10484, Loss: 4.1544
  Batch 2610/10484, Loss: 4.2381
  Batch 2620/10484, Loss: 4.1950
  Batch 2630/10484, Loss: 3.8811
  Batch 2640/10484, Loss: 3.5363
  Batch 2650/10484, Loss: 4.2213
  Batch 2660/10484, Loss: 4.0310
  Batch 2670/10484, Loss: 4.0226
  Batch 2680/10484, Loss: 4.1518
  Batch 2690/10484, Loss: 3.6249
  Batch 2700/10484, Loss: 4.3046
  Batch 2710/10484, Loss: 3.8319
  Batch 2720/10484, Loss: 3.7388
  Batch 2730/10484, Loss: 4.4111
  Batch 2740/10484, Loss: 3.8102
  Batch 2750/10484, Loss: 4.1819
  Batch 2760/10484, Loss: 3.9787
  Batch 2770/10484, Loss: 4.3539
  Batch 2780/10484, Loss: 4.1941
  Batch 2790/10484, Loss: 4.8150
  Batch 2800/10484, Loss: 4.6023
  Batch 2810/10484, Loss: 4.2594
  Batch 2820/10484, Loss: 4.0068
  Batch 2830/10484, Loss: 4.4322
  Batch 2840/10484, Loss: 3.9789
  Batch 2850/10484, Loss: 4.0605
  Batch 2860/10484, Loss: 4.4900
  Batch 2870/10484, Loss: 4.1218
  Batch 2880/10484, Loss: 4.4717
  Batch 2890/10484, Loss: 4.5376
  Batch 2900/10484, Loss: 4.2800
  Batch 2910/10484, Loss: 4.9771
  Batch 2920/10484, Loss: 4.2736
  Batch 2930/10484, Loss: 4.1192
  Batch 2940/10484, Loss: 4.2208
  Batch 2950/10484, Loss: 4.2871
  Batch 2960/10484, Loss: 4.5484
  Batch 2970/10484, Loss: 4.2321
  Batch 2980/10484, Loss: 4.2733
  Batch 2990/10484, Loss: 3.9726
  Batch 3000/10484, Loss: 4.1058
  Batch 3010/10484, Loss: 4.3456
  Batch 3020/10484, Loss: 4.1339
  Batch 3030/10484, Loss: 4.1728
  Batch 3040/10484, Loss: 4.6076
  Batch 3050/10484, Loss: 4.5725
  Batch 3060/10484, Loss: 4.4989
  Batch 3070/10484, Loss: 4.2626
  Batch 3080/10484, Loss: 4.5569
  Batch 3090/10484, Loss: 3.9880
  Batch 3100/10484, Loss: 4.2978
  Batch 3110/10484, Loss: 4.5231
  Batch 3120/10484, Loss: 4.6888
  Batch 3130/10484, Loss: 4.1394
  Batch 3140/10484, Loss: 3.8165
  Batch 3150/10484, Loss: 4.6489
  Batch 3160/10484, Loss: 4.1461
  Batch 3170/10484, Loss: 4.0424
  Batch 3180/10484, Loss: 4.3513
  Batch 3190/10484, Loss: 4.1353
  Batch 3200/10484, Loss: 4.6223
  Batch 3210/10484, Loss: 4.2255
  Batch 3220/10484, Loss: 3.9733
  Batch 3230/10484, Loss: 4.3183
  Batch 3240/10484, Loss: 4.5177
  Batch 3250/10484, Loss: 4.6647
  Batch 3260/10484, Loss: 4.0600
  Batch 3270/10484, Loss: 4.3243
  Batch 3280/10484, Loss: 4.2377
  Batch 3290/10484, Loss: 4.1056
  Batch 3300/10484, Loss: 4.5963
  Batch 3310/10484, Loss: 4.4421
  Batch 3320/10484, Loss: 4.2564
  Batch 3330/10484, Loss: 3.9410
  Batch 3340/10484, Loss: 4.0277
  Batch 3350/10484, Loss: 4.5516
  Batch 3360/10484, Loss: 3.2933
  Batch 3370/10484, Loss: 4.5708
  Batch 3380/10484, Loss: 4.7427
  Batch 3390/10484, Loss: 4.5783
  Batch 3400/10484, Loss: 3.7903
  Batch 3410/10484, Loss: 4.0548
  Batch 3420/10484, Loss: 4.2301
  Batch 3430/10484, Loss: 4.3176
  Batch 3440/10484, Loss: 5.0299
  Batch 3450/10484, Loss: 3.8337
  Batch 3460/10484, Loss: 3.9210
  Batch 3470/10484, Loss: 5.2004
  Batch 3480/10484, Loss: 4.1954
  Batch 3490/10484, Loss: 4.1885
  Batch 3500/10484, Loss: 4.4743
  Batch 3510/10484, Loss: 3.8442
  Batch 3520/10484, Loss: 4.4025
  Batch 3530/10484, Loss: 4.1498
  Batch 3540/10484, Loss: 4.1798
  Batch 3550/10484, Loss: 4.5607
  Batch 3560/10484, Loss: 4.5370
  Batch 3570/10484, Loss: 4.8969
  Batch 3580/10484, Loss: 4.3831
  Batch 3590/10484, Loss: 4.4347
  Batch 3600/10484, Loss: 4.1185
  Batch 3610/10484, Loss: 4.5663
  Batch 3620/10484, Loss: 4.4641
  Batch 3630/10484, Loss: 4.1692
  Batch 3640/10484, Loss: 3.6848
  Batch 3650/10484, Loss: 4.6630
  Batch 3660/10484, Loss: 4.5780
  Batch 3670/10484, Loss: 4.1518
  Batch 3680/10484, Loss: 3.7625
  Batch 3690/10484, Loss: 4.7286
  Batch 3700/10484, Loss: 4.1921
  Batch 3710/10484, Loss: 4.5342
  Batch 3720/10484, Loss: 3.4576
  Batch 3730/10484, Loss: 4.1598
  Batch 3740/10484, Loss: 3.8768
  Batch 3750/10484, Loss: 4.4456
  Batch 3760/10484, Loss: 4.6173
  Batch 3770/10484, Loss: 4.1977
  Batch 3780/10484, Loss: 4.0104
  Batch 3790/10484, Loss: 4.3664
  Batch 3800/10484, Loss: 4.2134
  Batch 3810/10484, Loss: 3.9999
  Batch 3820/10484, Loss: 4.0145
  Batch 3830/10484, Loss: 4.2168
  Batch 3840/10484, Loss: 4.4357
  Batch 3850/10484, Loss: 4.2789
  Batch 3860/10484, Loss: 4.2691
  Batch 3870/10484, Loss: 3.9876
  Batch 3880/10484, Loss: 4.0587
  Batch 3890/10484, Loss: 3.9478
  Batch 3900/10484, Loss: 4.5781
  Batch 3910/10484, Loss: 4.5355
  Batch 3920/10484, Loss: 4.7583
  Batch 3930/10484, Loss: 4.2185
  Batch 3940/10484, Loss: 4.4861
  Batch 3950/10484, Loss: 4.2435
  Batch 3960/10484, Loss: 4.2944
  Batch 3970/10484, Loss: 4.6804
  Batch 3980/10484, Loss: 4.1677
  Batch 3990/10484, Loss: 3.9269
  Batch 4000/10484, Loss: 4.0602
  Batch 4010/10484, Loss: 4.4309
  Batch 4020/10484, Loss: 3.5272
  Batch 4030/10484, Loss: 4.4396
  Batch 4040/10484, Loss: 4.0200
  Batch 4050/10484, Loss: 4.2003
  Batch 4060/10484, Loss: 3.9780
  Batch 4070/10484, Loss: 4.5830
  Batch 4080/10484, Loss: 4.5749
  Batch 4090/10484, Loss: 4.2386
  Batch 4100/10484, Loss: 4.5047
  Batch 4110/10484, Loss: 4.1946
  Batch 4120/10484, Loss: 4.4286
  Batch 4130/10484, Loss: 4.2857
  Batch 4140/10484, Loss: 4.2131
  Batch 4150/10484, Loss: 4.4507
  Batch 4160/10484, Loss: 4.3101
  Batch 4170/10484, Loss: 4.7201
  Batch 4180/10484, Loss: 4.6373
  Batch 4190/10484, Loss: 4.8482
  Batch 4200/10484, Loss: 4.0294
  Batch 4210/10484, Loss: 4.0059
  Batch 4220/10484, Loss: 4.5261
  Batch 4230/10484, Loss: 4.0763
  Batch 4240/10484, Loss: 3.5206
  Batch 4250/10484, Loss: 4.3037
  Batch 4260/10484, Loss: 3.8370
  Batch 4270/10484, Loss: 4.0725
  Batch 4280/10484, Loss: 4.2694
  Batch 4290/10484, Loss: 4.7482
  Batch 4300/10484, Loss: 4.2997
  Batch 4310/10484, Loss: 4.2285
  Batch 4320/10484, Loss: 4.1361
  Batch 4330/10484, Loss: 4.2241
  Batch 4340/10484, Loss: 3.5361
  Batch 4350/10484, Loss: 4.4776
  Batch 4360/10484, Loss: 4.4775
  Batch 4370/10484, Loss: 4.0542
  Batch 4380/10484, Loss: 3.8890
  Batch 4390/10484, Loss: 4.3773
  Batch 4400/10484, Loss: 4.2452
  Batch 4410/10484, Loss: 4.2825
  Batch 4420/10484, Loss: 4.6766
  Batch 4430/10484, Loss: 3.8064
  Batch 4440/10484, Loss: 3.9663
  Batch 4450/10484, Loss: 3.8375
  Batch 4460/10484, Loss: 4.1944
  Batch 4470/10484, Loss: 3.4966
  Batch 4480/10484, Loss: 4.4502
  Batch 4490/10484, Loss: 4.5686
  Batch 4500/10484, Loss: 4.8385
  Batch 4510/10484, Loss: 4.1445
  Batch 4520/10484, Loss: 4.6149
  Batch 4530/10484, Loss: 4.4464
  Batch 4540/10484, Loss: 4.5395
  Batch 4550/10484, Loss: 4.5779
  Batch 4560/10484, Loss: 3.7700
  Batch 4570/10484, Loss: 4.3568
  Batch 4580/10484, Loss: 4.1088
  Batch 4590/10484, Loss: 4.7608
  Batch 4600/10484, Loss: 4.5064
  Batch 4610/10484, Loss: 4.5329
  Batch 4620/10484, Loss: 4.0348
  Batch 4630/10484, Loss: 4.1374
  Batch 4640/10484, Loss: 4.3645
  Batch 4650/10484, Loss: 3.7716
  Batch 4660/10484, Loss: 4.2815
  Batch 4670/10484, Loss: 4.3743
  Batch 4680/10484, Loss: 3.7797
  Batch 4690/10484, Loss: 4.2234
  Batch 4700/10484, Loss: 4.5393
  Batch 4710/10484, Loss: 4.3259
  Batch 4720/10484, Loss: 3.6517
  Batch 4730/10484, Loss: 3.9699
  Batch 4740/10484, Loss: 4.4473
  Batch 4750/10484, Loss: 4.3136
  Batch 4760/10484, Loss: 4.8843
  Batch 4770/10484, Loss: 4.3993
  Batch 4780/10484, Loss: 4.4280
  Batch 4790/10484, Loss: 4.2958
  Batch 4800/10484, Loss: 4.1393
  Batch 4810/10484, Loss: 4.5551
  Batch 4820/10484, Loss: 4.1250
  Batch 4830/10484, Loss: 4.4681
  Batch 4840/10484, Loss: 4.5072
  Batch 4850/10484, Loss: 4.2015
  Batch 4860/10484, Loss: 4.2431
  Batch 4870/10484, Loss: 4.3675
  Batch 4880/10484, Loss: 4.0498
  Batch 4890/10484, Loss: 3.5784
  Batch 4900/10484, Loss: 3.5910
  Batch 4910/10484, Loss: 3.5000
  Batch 4920/10484, Loss: 4.4692
  Batch 4930/10484, Loss: 4.4286
  Batch 4940/10484, Loss: 3.7655
  Batch 4950/10484, Loss: 4.2835
  Batch 4960/10484, Loss: 4.1681
  Batch 4970/10484, Loss: 4.8880
  Batch 4980/10484, Loss: 4.1877
  Batch 4990/10484, Loss: 4.8338
  Batch 5000/10484, Loss: 3.6023
  Batch 5010/10484, Loss: 4.8612
  Batch 5020/10484, Loss: 4.0245
  Batch 5030/10484, Loss: 4.4294
  Batch 5040/10484, Loss: 3.8073
  Batch 5050/10484, Loss: 3.9567
  Batch 5060/10484, Loss: 4.2853
  Batch 5070/10484, Loss: 4.0987
  Batch 5080/10484, Loss: 4.3672
  Batch 5090/10484, Loss: 4.2856
  Batch 5100/10484, Loss: 4.2360
  Batch 5110/10484, Loss: 4.1711
  Batch 5120/10484, Loss: 4.7002
  Batch 5130/10484, Loss: 4.3437
  Batch 5140/10484, Loss: 4.2329
  Batch 5150/10484, Loss: 4.3256
  Batch 5160/10484, Loss: 4.3286
  Batch 5170/10484, Loss: 4.8305
  Batch 5180/10484, Loss: 4.2906
  Batch 5190/10484, Loss: 4.2808
  Batch 5200/10484, Loss: 4.4368
  Batch 5210/10484, Loss: 4.1260
  Batch 5220/10484, Loss: 4.2904
  Batch 5230/10484, Loss: 3.9491
  Batch 5240/10484, Loss: 4.1015
  Batch 5250/10484, Loss: 3.8934
  Batch 5260/10484, Loss: 4.2701
  Batch 5270/10484, Loss: 3.9446
  Batch 5280/10484, Loss: 4.6210
  Batch 5290/10484, Loss: 4.7331
  Batch 5300/10484, Loss: 4.5694
  Batch 5310/10484, Loss: 4.3033
  Batch 5320/10484, Loss: 4.3805
  Batch 5330/10484, Loss: 4.6559
  Batch 5340/10484, Loss: 4.6136
  Batch 5350/10484, Loss: 4.1754
  Batch 5360/10484, Loss: 3.7359
  Batch 5370/10484, Loss: 4.0121
  Batch 5380/10484, Loss: 4.7722
  Batch 5390/10484, Loss: 3.6311
  Batch 5400/10484, Loss: 4.6976
  Batch 5410/10484, Loss: 4.2920
  Batch 5420/10484, Loss: 4.5895
  Batch 5430/10484, Loss: 4.0002
  Batch 5440/10484, Loss: 4.3708
  Batch 5450/10484, Loss: 3.5948
  Batch 5460/10484, Loss: 3.9310
  Batch 5470/10484, Loss: 4.5217
  Batch 5480/10484, Loss: 4.0173
  Batch 5490/10484, Loss: 4.5002
  Batch 5500/10484, Loss: 4.7634
  Batch 5510/10484, Loss: 4.3338
  Batch 5520/10484, Loss: 3.9056
  Batch 5530/10484, Loss: 4.1463
  Batch 5540/10484, Loss: 4.4931
  Batch 5550/10484, Loss: 4.3929
  Batch 5560/10484, Loss: 4.2137
  Batch 5570/10484, Loss: 4.0728
  Batch 5580/10484, Loss: 4.1232
  Batch 5590/10484, Loss: 3.7598
  Batch 5600/10484, Loss: 4.3209
  Batch 5610/10484, Loss: 4.6115
  Batch 5620/10484, Loss: 3.6845
  Batch 5630/10484, Loss: 4.1429
  Batch 5640/10484, Loss: 4.2802
  Batch 5650/10484, Loss: 4.3155
  Batch 5660/10484, Loss: 4.1956
  Batch 5670/10484, Loss: 3.8892
  Batch 5680/10484, Loss: 4.5911
  Batch 5690/10484, Loss: 4.1391
  Batch 5700/10484, Loss: 4.5413
  Batch 5710/10484, Loss: 4.0431
  Batch 5720/10484, Loss: 3.7434
  Batch 5730/10484, Loss: 4.0908
  Batch 5740/10484, Loss: 4.0212
  Batch 5750/10484, Loss: 3.9291
  Batch 5760/10484, Loss: 4.2432
  Batch 5770/10484, Loss: 4.0034
  Batch 5780/10484, Loss: 4.2689
  Batch 5790/10484, Loss: 4.4134
  Batch 5800/10484, Loss: 3.5789
  Batch 5810/10484, Loss: 4.0939
  Batch 5820/10484, Loss: 3.9875
  Batch 5830/10484, Loss: 4.6521
  Batch 5840/10484, Loss: 3.8484
  Batch 5850/10484, Loss: 3.8555
  Batch 5860/10484, Loss: 4.5634
  Batch 5870/10484, Loss: 4.2699
  Batch 5880/10484, Loss: 4.2053
  Batch 5890/10484, Loss: 3.7577
  Batch 5900/10484, Loss: 4.5151
  Batch 5910/10484, Loss: 3.5851
  Batch 5920/10484, Loss: 4.9219
  Batch 5930/10484, Loss: 4.0188
  Batch 5940/10484, Loss: 4.2214
  Batch 5950/10484, Loss: 3.5213
  Batch 5960/10484, Loss: 4.1862
  Batch 5970/10484, Loss: 4.2994
  Batch 5980/10484, Loss: 4.1601
  Batch 5990/10484, Loss: 4.2305
  Batch 6000/10484, Loss: 3.9953
  Batch 6010/10484, Loss: 3.8342
  Batch 6020/10484, Loss: 3.8550
  Batch 6030/10484, Loss: 4.3493
  Batch 6040/10484, Loss: 3.8412
  Batch 6050/10484, Loss: 4.5151
  Batch 6060/10484, Loss: 4.7785
  Batch 6070/10484, Loss: 3.6900
  Batch 6080/10484, Loss: 4.1583
  Batch 6090/10484, Loss: 4.5110
  Batch 6100/10484, Loss: 4.8345
  Batch 6110/10484, Loss: 3.8377
  Batch 6120/10484, Loss: 4.4383
  Batch 6130/10484, Loss: 3.0487
  Batch 6140/10484, Loss: 4.3010
  Batch 6150/10484, Loss: 4.3739
  Batch 6160/10484, Loss: 4.2849
  Batch 6170/10484, Loss: 3.7613
  Batch 6180/10484, Loss: 3.8337
  Batch 6190/10484, Loss: 3.6081
  Batch 6200/10484, Loss: 4.0480
  Batch 6210/10484, Loss: 4.2820
  Batch 6220/10484, Loss: 4.8945
  Batch 6230/10484, Loss: 3.5199
  Batch 6240/10484, Loss: 4.6582
  Batch 6250/10484, Loss: 4.1548
  Batch 6260/10484, Loss: 4.1875
  Batch 6270/10484, Loss: 4.2217
  Batch 6280/10484, Loss: 4.3172
  Batch 6290/10484, Loss: 3.9159
  Batch 6300/10484, Loss: 4.4018
  Batch 6310/10484, Loss: 4.4447
  Batch 6320/10484, Loss: 4.1090
  Batch 6330/10484, Loss: 4.5236
  Batch 6340/10484, Loss: 4.4530
  Batch 6350/10484, Loss: 4.1142
  Batch 6360/10484, Loss: 4.3324
  Batch 6370/10484, Loss: 4.4899
  Batch 6380/10484, Loss: 4.3670
  Batch 6390/10484, Loss: 4.4009
  Batch 6400/10484, Loss: 4.0789
  Batch 6410/10484, Loss: 3.5348
  Batch 6420/10484, Loss: 4.1217
  Batch 6430/10484, Loss: 4.2342
  Batch 6440/10484, Loss: 4.6436
  Batch 6450/10484, Loss: 3.7887
  Batch 6460/10484, Loss: 4.1396
  Batch 6470/10484, Loss: 4.2378
  Batch 6480/10484, Loss: 3.7761
  Batch 6490/10484, Loss: 4.1932
  Batch 6500/10484, Loss: 4.3188
  Batch 6510/10484, Loss: 4.2297
  Batch 6520/10484, Loss: 4.4139
  Batch 6530/10484, Loss: 3.4283
  Batch 6540/10484, Loss: 4.0319
  Batch 6550/10484, Loss: 3.7634
  Batch 6560/10484, Loss: 4.2975
  Batch 6570/10484, Loss: 4.5230
  Batch 6580/10484, Loss: 4.1740
  Batch 6590/10484, Loss: 4.5480
  Batch 6600/10484, Loss: 4.2092
  Batch 6610/10484, Loss: 4.5807
  Batch 6620/10484, Loss: 3.7387
  Batch 6630/10484, Loss: 4.3391
  Batch 6640/10484, Loss: 4.0416
  Batch 6650/10484, Loss: 4.4144
  Batch 6660/10484, Loss: 3.7186
  Batch 6670/10484, Loss: 4.1125
  Batch 6680/10484, Loss: 3.9391
  Batch 6690/10484, Loss: 4.4282
  Batch 6700/10484, Loss: 3.9228
  Batch 6710/10484, Loss: 4.0568
  Batch 6720/10484, Loss: 3.8386
  Batch 6730/10484, Loss: 4.2631
  Batch 6740/10484, Loss: 3.4461
  Batch 6750/10484, Loss: 3.8404
  Batch 6760/10484, Loss: 3.9529
  Batch 6770/10484, Loss: 3.5969
  Batch 6780/10484, Loss: 4.5358
  Batch 6790/10484, Loss: 3.9932
  Batch 6800/10484, Loss: 4.4620
  Batch 6810/10484, Loss: 4.0061
  Batch 6820/10484, Loss: 4.6539
  Batch 6830/10484, Loss: 4.5212
  Batch 6840/10484, Loss: 3.7175
  Batch 6850/10484, Loss: 3.5961
  Batch 6860/10484, Loss: 4.2261
  Batch 6870/10484, Loss: 4.2176
  Batch 6880/10484, Loss: 4.6087
  Batch 6890/10484, Loss: 4.3473
  Batch 6900/10484, Loss: 4.5476
  Batch 6910/10484, Loss: 3.8883
  Batch 6920/10484, Loss: 3.7097
  Batch 6930/10484, Loss: 4.4516
  Batch 6940/10484, Loss: 4.3738
  Batch 6950/10484, Loss: 4.4951
  Batch 6960/10484, Loss: 3.9154
  Batch 6970/10484, Loss: 4.1564
  Batch 6980/10484, Loss: 4.0387
  Batch 6990/10484, Loss: 4.8500
  Batch 7000/10484, Loss: 4.1199
  Batch 7010/10484, Loss: 4.1837
  Batch 7020/10484, Loss: 3.3511
  Batch 7030/10484, Loss: 3.8287
  Batch 7040/10484, Loss: 3.3321
  Batch 7050/10484, Loss: 4.6341
  Batch 7060/10484, Loss: 4.3827
  Batch 7070/10484, Loss: 4.1659
  Batch 7080/10484, Loss: 4.0775
  Batch 7090/10484, Loss: 4.3526
  Batch 7100/10484, Loss: 4.8522
  Batch 7110/10484, Loss: 4.2213
  Batch 7120/10484, Loss: 3.7631
  Batch 7130/10484, Loss: 3.9672
  Batch 7140/10484, Loss: 4.3371
  Batch 7150/10484, Loss: 4.0888
  Batch 7160/10484, Loss: 4.0441
  Batch 7170/10484, Loss: 4.7328
  Batch 7180/10484, Loss: 4.3360
  Batch 7190/10484, Loss: 4.2503
  Batch 7200/10484, Loss: 4.5490
  Batch 7210/10484, Loss: 4.4811
  Batch 7220/10484, Loss: 4.5359
  Batch 7230/10484, Loss: 4.2564
  Batch 7240/10484, Loss: 4.6687
  Batch 7250/10484, Loss: 4.0058
  Batch 7260/10484, Loss: 4.2369
  Batch 7270/10484, Loss: 4.5314
  Batch 7280/10484, Loss: 3.8827
  Batch 7290/10484, Loss: 4.4722
  Batch 7300/10484, Loss: 4.4858
  Batch 7310/10484, Loss: 4.5106
  Batch 7320/10484, Loss: 4.4919
  Batch 7330/10484, Loss: 3.6657
  Batch 7340/10484, Loss: 4.4756
  Batch 7350/10484, Loss: 4.1242
  Batch 7360/10484, Loss: 4.0244
  Batch 7370/10484, Loss: 4.2376
  Batch 7380/10484, Loss: 4.5624
  Batch 7390/10484, Loss: 3.4978
  Batch 7400/10484, Loss: 4.3171
  Batch 7410/10484, Loss: 3.8413
  Batch 7420/10484, Loss: 4.2295
  Batch 7430/10484, Loss: 3.5234
  Batch 7440/10484, Loss: 4.5738
  Batch 7450/10484, Loss: 4.4783
  Batch 7460/10484, Loss: 4.0120
  Batch 7470/10484, Loss: 4.3228
  Batch 7480/10484, Loss: 4.1239
  Batch 7490/10484, Loss: 4.0216
  Batch 7500/10484, Loss: 4.5576
  Batch 7510/10484, Loss: 4.5495
  Batch 7520/10484, Loss: 4.2958
  Batch 7530/10484, Loss: 3.8028
  Batch 7540/10484, Loss: 4.7331
  Batch 7550/10484, Loss: 4.5027
  Batch 7560/10484, Loss: 3.9826
  Batch 7570/10484, Loss: 4.1210
  Batch 7580/10484, Loss: 4.2449
  Batch 7590/10484, Loss: 4.7747
  Batch 7600/10484, Loss: 4.3284
  Batch 7610/10484, Loss: 4.5257
  Batch 7620/10484, Loss: 3.8450
  Batch 7630/10484, Loss: 3.6556
  Batch 7640/10484, Loss: 3.8054
  Batch 7650/10484, Loss: 4.4932
  Batch 7660/10484, Loss: 3.4819
  Batch 7670/10484, Loss: 4.2462
  Batch 7680/10484, Loss: 4.3631
  Batch 7690/10484, Loss: 5.1398
  Batch 7700/10484, Loss: 4.1422
  Batch 7710/10484, Loss: 4.6350
  Batch 7720/10484, Loss: 4.3273
  Batch 7730/10484, Loss: 4.1461
  Batch 7740/10484, Loss: 4.0852
  Batch 7750/10484, Loss: 4.1802
  Batch 7760/10484, Loss: 4.4905
  Batch 7770/10484, Loss: 4.3889
  Batch 7780/10484, Loss: 4.3736
  Batch 7790/10484, Loss: 4.2975
  Batch 7800/10484, Loss: 4.4711
  Batch 7810/10484, Loss: 3.9365
  Batch 7820/10484, Loss: 4.1125
  Batch 7830/10484, Loss: 4.4083
  Batch 7840/10484, Loss: 4.7739
  Batch 7850/10484, Loss: 4.1895
  Batch 7860/10484, Loss: 4.4472
  Batch 7870/10484, Loss: 3.9678
  Batch 7880/10484, Loss: 3.7354
  Batch 7890/10484, Loss: 4.4577
  Batch 7900/10484, Loss: 3.8241
  Batch 7910/10484, Loss: 4.4494
  Batch 7920/10484, Loss: 3.2050
  Batch 7930/10484, Loss: 4.3575
  Batch 7940/10484, Loss: 4.3930
  Batch 7950/10484, Loss: 4.1940
  Batch 7960/10484, Loss: 4.4781
  Batch 7970/10484, Loss: 4.8391
  Batch 7980/10484, Loss: 3.7523
  Batch 7990/10484, Loss: 3.9197
  Batch 8000/10484, Loss: 4.5441
  Batch 8010/10484, Loss: 4.9105
  Batch 8020/10484, Loss: 3.6408
  Batch 8030/10484, Loss: 3.7816
  Batch 8040/10484, Loss: 4.5111
  Batch 8050/10484, Loss: 4.0101
  Batch 8060/10484, Loss: 4.3197
  Batch 8070/10484, Loss: 4.5862
  Batch 8080/10484, Loss: 3.7361
  Batch 8090/10484, Loss: 4.2354
  Batch 8100/10484, Loss: 3.8771
  Batch 8110/10484, Loss: 4.9150
  Batch 8120/10484, Loss: 4.5476
  Batch 8130/10484, Loss: 3.6604
  Batch 8140/10484, Loss: 4.5800
  Batch 8150/10484, Loss: 4.0618
  Batch 8160/10484, Loss: 4.7358
  Batch 8170/10484, Loss: 3.7243
  Batch 8180/10484, Loss: 4.0991
  Batch 8190/10484, Loss: 4.2145
  Batch 8200/10484, Loss: 3.7053
  Batch 8210/10484, Loss: 4.0073
  Batch 8220/10484, Loss: 4.0786
  Batch 8230/10484, Loss: 4.7850
  Batch 8240/10484, Loss: 3.8758
  Batch 8250/10484, Loss: 4.2287
  Batch 8260/10484, Loss: 3.8328
  Batch 8270/10484, Loss: 3.9280
  Batch 8280/10484, Loss: 3.9239
  Batch 8290/10484, Loss: 4.0051
  Batch 8300/10484, Loss: 4.3922
  Batch 8310/10484, Loss: 4.3650
  Batch 8320/10484, Loss: 4.8228
  Batch 8330/10484, Loss: 4.2719
  Batch 8340/10484, Loss: 4.1792
  Batch 8350/10484, Loss: 3.7166
  Batch 8360/10484, Loss: 4.1202
  Batch 8370/10484, Loss: 3.6118
  Batch 8380/10484, Loss: 4.1428
  Batch 8390/10484, Loss: 4.7350
  Batch 8400/10484, Loss: 3.6553
  Batch 8410/10484, Loss: 3.8681
  Batch 8420/10484, Loss: 3.5604
  Batch 8430/10484, Loss: 4.1529
  Batch 8440/10484, Loss: 4.7257
  Batch 8450/10484, Loss: 3.7042
  Batch 8460/10484, Loss: 5.0037
  Batch 8470/10484, Loss: 4.2464
  Batch 8480/10484, Loss: 4.4439
  Batch 8490/10484, Loss: 4.0104
  Batch 8500/10484, Loss: 3.6130
  Batch 8510/10484, Loss: 4.2348
  Batch 8520/10484, Loss: 4.2570
  Batch 8530/10484, Loss: 4.0843
  Batch 8540/10484, Loss: 4.4560
  Batch 8550/10484, Loss: 3.9720
  Batch 8560/10484, Loss: 4.0628
  Batch 8570/10484, Loss: 4.1245
  Batch 8580/10484, Loss: 4.2673
  Batch 8590/10484, Loss: 4.3869
  Batch 8600/10484, Loss: 4.9773
  Batch 8610/10484, Loss: 4.7576
  Batch 8620/10484, Loss: 4.4873
  Batch 8630/10484, Loss: 4.4839
  Batch 8640/10484, Loss: 3.9539
  Batch 8650/10484, Loss: 4.1625
  Batch 8660/10484, Loss: 4.2627
  Batch 8670/10484, Loss: 4.5689
  Batch 8680/10484, Loss: 3.9106
  Batch 8690/10484, Loss: 4.5432
  Batch 8700/10484, Loss: 4.4478
  Batch 8710/10484, Loss: 4.7387
  Batch 8720/10484, Loss: 4.5420
  Batch 8730/10484, Loss: 4.1379
  Batch 8740/10484, Loss: 4.3167
  Batch 8750/10484, Loss: 3.8398
  Batch 8760/10484, Loss: 3.9898
  Batch 8770/10484, Loss: 4.1234
  Batch 8780/10484, Loss: 4.6136
  Batch 8790/10484, Loss: 3.9534
  Batch 8800/10484, Loss: 4.0160
  Batch 8810/10484, Loss: 4.1310
  Batch 8820/10484, Loss: 3.6393
  Batch 8830/10484, Loss: 3.9889
  Batch 8840/10484, Loss: 4.3602
  Batch 8850/10484, Loss: 4.5517
  Batch 8860/10484, Loss: 3.8491
  Batch 8870/10484, Loss: 4.1513
  Batch 8880/10484, Loss: 3.7835
  Batch 8890/10484, Loss: 4.3159
  Batch 8900/10484, Loss: 4.0375
  Batch 8910/10484, Loss: 4.4060
  Batch 8920/10484, Loss: 4.1273
  Batch 8930/10484, Loss: 4.2450
  Batch 8940/10484, Loss: 3.8922
  Batch 8950/10484, Loss: 4.1299
  Batch 8960/10484, Loss: 3.6606
  Batch 8970/10484, Loss: 4.1098
  Batch 8980/10484, Loss: 4.3645
  Batch 8990/10484, Loss: 4.1193
  Batch 9000/10484, Loss: 4.5186
  Batch 9010/10484, Loss: 2.9537
  Batch 9020/10484, Loss: 4.1644
  Batch 9030/10484, Loss: 4.2241
  Batch 9040/10484, Loss: 4.3629
  Batch 9050/10484, Loss: 4.2107
  Batch 9060/10484, Loss: 4.3240
  Batch 9070/10484, Loss: 3.9742
  Batch 9080/10484, Loss: 4.3823
  Batch 9090/10484, Loss: 4.2415
  Batch 9100/10484, Loss: 4.5500
  Batch 9110/10484, Loss: 4.1064
  Batch 9120/10484, Loss: 4.0473
  Batch 9130/10484, Loss: 4.1726
  Batch 9140/10484, Loss: 4.2869
  Batch 9150/10484, Loss: 4.1360
  Batch 9160/10484, Loss: 4.7324
  Batch 9170/10484, Loss: 4.0101
  Batch 9180/10484, Loss: 4.8534
  Batch 9190/10484, Loss: 4.0020
  Batch 9200/10484, Loss: 4.1439
  Batch 9210/10484, Loss: 3.7161
  Batch 9220/10484, Loss: 4.7936
  Batch 9230/10484, Loss: 3.8918
  Batch 9240/10484, Loss: 4.6083
  Batch 9250/10484, Loss: 4.4679
  Batch 9260/10484, Loss: 5.0719
  Batch 9270/10484, Loss: 4.2872
  Batch 9280/10484, Loss: 4.3410
  Batch 9290/10484, Loss: 4.4584
  Batch 9300/10484, Loss: 4.5179
  Batch 9310/10484, Loss: 3.6685
  Batch 9320/10484, Loss: 4.0576
  Batch 9330/10484, Loss: 4.4829
  Batch 9340/10484, Loss: 4.3372
  Batch 9350/10484, Loss: 3.6681
  Batch 9360/10484, Loss: 3.7707
  Batch 9370/10484, Loss: 3.9334
  Batch 9380/10484, Loss: 4.0450
  Batch 9390/10484, Loss: 4.2809
  Batch 9400/10484, Loss: 4.6978
  Batch 9410/10484, Loss: 4.2960
  Batch 9420/10484, Loss: 4.3396
  Batch 9430/10484, Loss: 4.4496
  Batch 9440/10484, Loss: 4.2080
  Batch 9450/10484, Loss: 4.3756
  Batch 9460/10484, Loss: 4.0013
  Batch 9470/10484, Loss: 4.4606
  Batch 9480/10484, Loss: 3.8206
  Batch 9490/10484, Loss: 4.2131
  Batch 9500/10484, Loss: 4.9671
  Batch 9510/10484, Loss: 4.2802
  Batch 9520/10484, Loss: 3.7748
  Batch 9530/10484, Loss: 4.0627
  Batch 9540/10484, Loss: 4.0858
  Batch 9550/10484, Loss: 3.9897
  Batch 9560/10484, Loss: 3.6856
  Batch 9570/10484, Loss: 4.2926
  Batch 9580/10484, Loss: 4.0887
  Batch 9590/10484, Loss: 4.5623
  Batch 9600/10484, Loss: 3.7850
  Batch 9610/10484, Loss: 4.2425
  Batch 9620/10484, Loss: 4.5672
  Batch 9630/10484, Loss: 4.3659
  Batch 9640/10484, Loss: 4.1420
  Batch 9650/10484, Loss: 4.6640
  Batch 9660/10484, Loss: 3.9817
  Batch 9670/10484, Loss: 4.1178
  Batch 9680/10484, Loss: 4.2321
  Batch 9690/10484, Loss: 4.2814
  Batch 9700/10484, Loss: 3.9073
  Batch 9710/10484, Loss: 3.4946
  Batch 9720/10484, Loss: 4.3271
  Batch 9730/10484, Loss: 3.9863
  Batch 9740/10484, Loss: 4.0756
  Batch 9750/10484, Loss: 4.1241
  Batch 9760/10484, Loss: 4.7018
  Batch 9770/10484, Loss: 4.2037
  Batch 9780/10484, Loss: 4.3669
  Batch 9790/10484, Loss: 4.3510
  Batch 9800/10484, Loss: 4.5386
  Batch 9810/10484, Loss: 4.0736
  Batch 9820/10484, Loss: 4.2001
  Batch 9830/10484, Loss: 4.3118
  Batch 9840/10484, Loss: 3.8965
  Batch 9850/10484, Loss: 4.8158
  Batch 9860/10484, Loss: 4.9847
  Batch 9870/10484, Loss: 4.3924
  Batch 9880/10484, Loss: 4.5501
  Batch 9890/10484, Loss: 4.3624
  Batch 9900/10484, Loss: 4.2960
  Batch 9910/10484, Loss: 4.5331
  Batch 9920/10484, Loss: 4.0130
  Batch 9930/10484, Loss: 4.6763
  Batch 9940/10484, Loss: 4.4703
  Batch 9950/10484, Loss: 4.2275
  Batch 9960/10484, Loss: 5.0331
  Batch 9970/10484, Loss: 4.3728
  Batch 9980/10484, Loss: 4.4472
  Batch 9990/10484, Loss: 3.7379
  Batch 10000/10484, Loss: 4.2094
  Batch 10010/10484, Loss: 4.5465
  Batch 10020/10484, Loss: 3.8709
  Batch 10030/10484, Loss: 3.7427
  Batch 10040/10484, Loss: 3.9298
  Batch 10050/10484, Loss: 4.0094
  Batch 10060/10484, Loss: 4.1045
  Batch 10070/10484, Loss: 4.5052
  Batch 10080/10484, Loss: 4.3022
  Batch 10090/10484, Loss: 4.8252
  Batch 10100/10484, Loss: 4.4966
  Batch 10110/10484, Loss: 4.5955
  Batch 10120/10484, Loss: 4.2490
  Batch 10130/10484, Loss: 4.2133
  Batch 10140/10484, Loss: 4.3727
  Batch 10150/10484, Loss: 3.8548
  Batch 10160/10484, Loss: 3.7950
  Batch 10170/10484, Loss: 4.2565
  Batch 10180/10484, Loss: 4.3207
  Batch 10190/10484, Loss: 4.2635
  Batch 10200/10484, Loss: 4.4490
  Batch 10210/10484, Loss: 3.8994
  Batch 10220/10484, Loss: 4.2417
  Batch 10230/10484, Loss: 3.9849
  Batch 10240/10484, Loss: 4.0739
  Batch 10250/10484, Loss: 3.9078
  Batch 10260/10484, Loss: 4.1555
  Batch 10270/10484, Loss: 4.3916
  Batch 10280/10484, Loss: 4.9570
  Batch 10290/10484, Loss: 4.3384
  Batch 10300/10484, Loss: 4.9552
  Batch 10310/10484, Loss: 4.8476
  Batch 10320/10484, Loss: 4.5042
  Batch 10330/10484, Loss: 4.7940
  Batch 10340/10484, Loss: 4.7475
  Batch 10350/10484, Loss: 4.7132
  Batch 10360/10484, Loss: 3.9792
  Batch 10370/10484, Loss: 4.0453
  Batch 10380/10484, Loss: 4.3941
  Batch 10390/10484, Loss: 4.1686
  Batch 10400/10484, Loss: 4.3056
  Batch 10410/10484, Loss: 3.8643
  Batch 10420/10484, Loss: 4.3313
  Batch 10430/10484, Loss: 4.0875
  Batch 10440/10484, Loss: 4.5310
  Batch 10450/10484, Loss: 3.3924
  Batch 10460/10484, Loss: 3.7256
  Batch 10470/10484, Loss: 4.2616
  Batch 10480/10484, Loss: 4.3341

  Train Loss: 4.2231
  Val Loss: 6.7752
  Time: 30m 58s

Epoch 20/20
----------------------------------------
  Batch 10/10484, Loss: 4.4114
  Batch 20/10484, Loss: 4.2005
  Batch 30/10484, Loss: 4.0301
  Batch 40/10484, Loss: 3.9493
  Batch 50/10484, Loss: 4.3011
  Batch 60/10484, Loss: 4.5659
  Batch 70/10484, Loss: 4.3085
  Batch 80/10484, Loss: 3.9524
  Batch 90/10484, Loss: 4.3998
  Batch 100/10484, Loss: 4.3400
  Batch 110/10484, Loss: 4.2017
  Batch 120/10484, Loss: 4.0596
  Batch 130/10484, Loss: 4.4898
  Batch 140/10484, Loss: 4.0706
  Batch 150/10484, Loss: 4.1237
  Batch 160/10484, Loss: 4.4148
  Batch 170/10484, Loss: 3.9924
  Batch 180/10484, Loss: 3.9072
  Batch 190/10484, Loss: 4.2013
  Batch 200/10484, Loss: 4.5248
  Batch 210/10484, Loss: 4.5691
  Batch 220/10484, Loss: 4.7479
  Batch 230/10484, Loss: 3.9966
  Batch 240/10484, Loss: 4.1087
  Batch 250/10484, Loss: 3.6599
  Batch 260/10484, Loss: 3.9406
  Batch 270/10484, Loss: 3.9295
  Batch 280/10484, Loss: 4.1509
  Batch 290/10484, Loss: 4.3665
  Batch 300/10484, Loss: 4.2889
  Batch 310/10484, Loss: 4.0905
  Batch 320/10484, Loss: 4.2339
  Batch 330/10484, Loss: 4.6652
  Batch 340/10484, Loss: 4.4304
  Batch 350/10484, Loss: 4.5634
  Batch 360/10484, Loss: 4.3892
  Batch 370/10484, Loss: 4.2750
  Batch 380/10484, Loss: 4.4443
  Batch 390/10484, Loss: 4.3118
  Batch 400/10484, Loss: 4.3090
  Batch 410/10484, Loss: 4.0578
  Batch 420/10484, Loss: 3.6189
  Batch 430/10484, Loss: 4.5902
  Batch 440/10484, Loss: 3.3887
  Batch 450/10484, Loss: 3.8813
  Batch 460/10484, Loss: 3.7340
  Batch 470/10484, Loss: 4.3933
  Batch 480/10484, Loss: 4.4734
  Batch 490/10484, Loss: 4.3174
  Batch 500/10484, Loss: 4.6869
  Batch 510/10484, Loss: 3.8774
  Batch 520/10484, Loss: 4.1368
  Batch 530/10484, Loss: 4.0237
  Batch 540/10484, Loss: 3.8246
  Batch 550/10484, Loss: 4.6766
  Batch 560/10484, Loss: 3.9609
  Batch 570/10484, Loss: 4.1249
  Batch 580/10484, Loss: 4.7243
  Batch 590/10484, Loss: 4.3920
  Batch 600/10484, Loss: 4.3199
  Batch 610/10484, Loss: 4.4049
  Batch 620/10484, Loss: 4.5111
  Batch 630/10484, Loss: 4.6881
  Batch 640/10484, Loss: 4.3716
  Batch 650/10484, Loss: 3.9989
  Batch 660/10484, Loss: 4.5751
  Batch 670/10484, Loss: 4.3416
  Batch 680/10484, Loss: 3.7042
  Batch 690/10484, Loss: 4.2629
  Batch 700/10484, Loss: 3.8471
  Batch 710/10484, Loss: 4.2465
  Batch 720/10484, Loss: 4.2832
  Batch 730/10484, Loss: 3.7889
  Batch 740/10484, Loss: 4.0228
  Batch 750/10484, Loss: 4.0299
  Batch 760/10484, Loss: 3.8453
  Batch 770/10484, Loss: 4.0080
  Batch 780/10484, Loss: 4.2770
  Batch 790/10484, Loss: 4.5837
  Batch 800/10484, Loss: 4.2991
  Batch 810/10484, Loss: 4.3086
  Batch 820/10484, Loss: 4.4785
  Batch 830/10484, Loss: 3.7600
  Batch 840/10484, Loss: 4.6683
  Batch 850/10484, Loss: 4.0194
  Batch 860/10484, Loss: 4.7659
  Batch 870/10484, Loss: 4.2565
  Batch 880/10484, Loss: 4.0240
  Batch 890/10484, Loss: 4.3128
  Batch 900/10484, Loss: 5.0120
  Batch 910/10484, Loss: 3.6823
  Batch 920/10484, Loss: 4.3911
  Batch 930/10484, Loss: 3.9459
  Batch 940/10484, Loss: 4.2052
  Batch 950/10484, Loss: 4.9473
  Batch 960/10484, Loss: 3.8336
  Batch 970/10484, Loss: 4.0512
  Batch 980/10484, Loss: 3.9056
  Batch 990/10484, Loss: 4.3029
  Batch 1000/10484, Loss: 4.4552
  Batch 1010/10484, Loss: 3.7110
  Batch 1020/10484, Loss: 3.8774
  Batch 1030/10484, Loss: 3.6193
  Batch 1040/10484, Loss: 3.6433
  Batch 1050/10484, Loss: 4.1585
  Batch 1060/10484, Loss: 3.8131
  Batch 1070/10484, Loss: 3.8223
  Batch 1080/10484, Loss: 3.6230
  Batch 1090/10484, Loss: 4.3596
  Batch 1100/10484, Loss: 3.9121
  Batch 1110/10484, Loss: 3.5838
  Batch 1120/10484, Loss: 3.7507
  Batch 1130/10484, Loss: 4.3637
  Batch 1140/10484, Loss: 4.2873
  Batch 1150/10484, Loss: 4.3290
  Batch 1160/10484, Loss: 4.4577
  Batch 1170/10484, Loss: 3.9680
  Batch 1180/10484, Loss: 3.4601
  Batch 1190/10484, Loss: 3.9914
  Batch 1200/10484, Loss: 4.3689
  Batch 1210/10484, Loss: 4.5612
  Batch 1220/10484, Loss: 4.3709
  Batch 1230/10484, Loss: 4.2239
  Batch 1240/10484, Loss: 4.2552
  Batch 1250/10484, Loss: 4.0867
  Batch 1260/10484, Loss: 4.0255
  Batch 1270/10484, Loss: 4.2297
  Batch 1280/10484, Loss: 4.4013
  Batch 1290/10484, Loss: 4.8807
  Batch 1300/10484, Loss: 4.4826
  Batch 1310/10484, Loss: 4.3521
  Batch 1320/10484, Loss: 4.0986
  Batch 1330/10484, Loss: 3.8543
  Batch 1340/10484, Loss: 4.6720
  Batch 1350/10484, Loss: 4.0469
  Batch 1360/10484, Loss: 4.1121
  Batch 1370/10484, Loss: 4.0998
  Batch 1380/10484, Loss: 3.6619
  Batch 1390/10484, Loss: 3.7219
  Batch 1400/10484, Loss: 4.1056
  Batch 1410/10484, Loss: 4.7223
  Batch 1420/10484, Loss: 4.4164
  Batch 1430/10484, Loss: 3.7679
  Batch 1440/10484, Loss: 4.0556
  Batch 1450/10484, Loss: 3.9685
  Batch 1460/10484, Loss: 4.0391
  Batch 1470/10484, Loss: 4.5421
  Batch 1480/10484, Loss: 4.4576
  Batch 1490/10484, Loss: 4.6471
  Batch 1500/10484, Loss: 4.5069
  Batch 1510/10484, Loss: 3.6020
  Batch 1520/10484, Loss: 3.8493
  Batch 1530/10484, Loss: 3.7695
  Batch 1540/10484, Loss: 4.6181
  Batch 1550/10484, Loss: 3.6596
  Batch 1560/10484, Loss: 3.4154
  Batch 1570/10484, Loss: 4.8052
  Batch 1580/10484, Loss: 3.8472
  Batch 1590/10484, Loss: 4.2905
  Batch 1600/10484, Loss: 4.1999
  Batch 1610/10484, Loss: 4.6280
  Batch 1620/10484, Loss: 4.1003
  Batch 1630/10484, Loss: 3.9663
  Batch 1640/10484, Loss: 4.3789
  Batch 1650/10484, Loss: 3.2991
  Batch 1660/10484, Loss: 4.5779
  Batch 1670/10484, Loss: 3.7222
  Batch 1680/10484, Loss: 4.2887
  Batch 1690/10484, Loss: 4.0572
  Batch 1700/10484, Loss: 4.4193
  Batch 1710/10484, Loss: 3.8225
  Batch 1720/10484, Loss: 4.1363
  Batch 1730/10484, Loss: 4.2286
  Batch 1740/10484, Loss: 3.5475
  Batch 1750/10484, Loss: 3.9169
  Batch 1760/10484, Loss: 4.2434
  Batch 1770/10484, Loss: 4.5897
  Batch 1780/10484, Loss: 3.6401
  Batch 1790/10484, Loss: 3.6804
  Batch 1800/10484, Loss: 4.1884
  Batch 1810/10484, Loss: 4.5587
  Batch 1820/10484, Loss: 3.8079
  Batch 1830/10484, Loss: 3.8693
  Batch 1840/10484, Loss: 4.0262
  Batch 1850/10484, Loss: 4.6404
  Batch 1860/10484, Loss: 3.9841
  Batch 1870/10484, Loss: 4.5582
  Batch 1880/10484, Loss: 4.6542
  Batch 1890/10484, Loss: 4.1750
  Batch 1900/10484, Loss: 3.8035
  Batch 1910/10484, Loss: 4.0398
  Batch 1920/10484, Loss: 4.1688
  Batch 1930/10484, Loss: 4.1925
  Batch 1940/10484, Loss: 3.5024
  Batch 1950/10484, Loss: 4.2416
  Batch 1960/10484, Loss: 3.2404
  Batch 1970/10484, Loss: 4.3959
  Batch 1980/10484, Loss: 3.7111
  Batch 1990/10484, Loss: 4.2781
  Batch 2000/10484, Loss: 4.7879
  Batch 2010/10484, Loss: 4.8096
  Batch 2020/10484, Loss: 4.1066
  Batch 2030/10484, Loss: 4.1481
  Batch 2040/10484, Loss: 3.9272
  Batch 2050/10484, Loss: 4.6894
  Batch 2060/10484, Loss: 4.6055
  Batch 2070/10484, Loss: 4.6191
  Batch 2080/10484, Loss: 3.7268
  Batch 2090/10484, Loss: 4.6024
  Batch 2100/10484, Loss: 4.4034
  Batch 2110/10484, Loss: 4.6079
  Batch 2120/10484, Loss: 3.4852
  Batch 2130/10484, Loss: 4.5042
  Batch 2140/10484, Loss: 3.9559
  Batch 2150/10484, Loss: 4.3640
  Batch 2160/10484, Loss: 4.2310
  Batch 2170/10484, Loss: 3.9341
  Batch 2180/10484, Loss: 4.1388
  Batch 2190/10484, Loss: 4.0493
  Batch 2200/10484, Loss: 4.6717
  Batch 2210/10484, Loss: 4.7757
  Batch 2220/10484, Loss: 4.3364
  Batch 2230/10484, Loss: 4.2808
  Batch 2240/10484, Loss: 4.3732
  Batch 2250/10484, Loss: 4.0503
  Batch 2260/10484, Loss: 4.1882
  Batch 2270/10484, Loss: 4.4202
  Batch 2280/10484, Loss: 3.5898
  Batch 2290/10484, Loss: 4.1128
  Batch 2300/10484, Loss: 4.4908
  Batch 2310/10484, Loss: 4.3618
  Batch 2320/10484, Loss: 4.2495
  Batch 2330/10484, Loss: 3.6877
  Batch 2340/10484, Loss: 3.9816
  Batch 2350/10484, Loss: 3.8683
  Batch 2360/10484, Loss: 4.1761
  Batch 2370/10484, Loss: 4.6611
  Batch 2380/10484, Loss: 4.0570
  Batch 2390/10484, Loss: 4.1300
  Batch 2400/10484, Loss: 4.2842
  Batch 2410/10484, Loss: 3.2141
  Batch 2420/10484, Loss: 3.5160
  Batch 2430/10484, Loss: 4.2444
  Batch 2440/10484, Loss: 4.4114
  Batch 2450/10484, Loss: 4.1373
  Batch 2460/10484, Loss: 4.3056
  Batch 2470/10484, Loss: 4.1481
  Batch 2480/10484, Loss: 3.9392
  Batch 2490/10484, Loss: 4.3457
  Batch 2500/10484, Loss: 3.7892
  Batch 2510/10484, Loss: 4.1004
  Batch 2520/10484, Loss: 3.9615
  Batch 2530/10484, Loss: 4.0815
  Batch 2540/10484, Loss: 4.5858
  Batch 2550/10484, Loss: 3.8714
  Batch 2560/10484, Loss: 4.3925
  Batch 2570/10484, Loss: 4.2076
  Batch 2580/10484, Loss: 4.0707
  Batch 2590/10484, Loss: 3.9943
  Batch 2600/10484, Loss: 4.1345
  Batch 2610/10484, Loss: 3.7920
  Batch 2620/10484, Loss: 4.0546
  Batch 2630/10484, Loss: 3.6851
  Batch 2640/10484, Loss: 4.8336
  Batch 2650/10484, Loss: 4.2795
  Batch 2660/10484, Loss: 4.9853
  Batch 2670/10484, Loss: 4.0270
  Batch 2680/10484, Loss: 4.2981
  Batch 2690/10484, Loss: 3.6382
  Batch 2700/10484, Loss: 4.2985
  Batch 2710/10484, Loss: 4.4921
  Batch 2720/10484, Loss: 4.0211
  Batch 2730/10484, Loss: 4.5601
  Batch 2740/10484, Loss: 4.3661
  Batch 2750/10484, Loss: 3.6024
  Batch 2760/10484, Loss: 4.3277
  Batch 2770/10484, Loss: 4.5703
  Batch 2780/10484, Loss: 4.0579
  Batch 2790/10484, Loss: 4.8252
  Batch 2800/10484, Loss: 4.8252
  Batch 2810/10484, Loss: 4.2807
  Batch 2820/10484, Loss: 4.1976
  Batch 2830/10484, Loss: 4.3396
  Batch 2840/10484, Loss: 3.8167
  Batch 2850/10484, Loss: 4.3352
  Batch 2860/10484, Loss: 3.7485
  Batch 2870/10484, Loss: 4.4334
  Batch 2880/10484, Loss: 3.8173
  Batch 2890/10484, Loss: 4.6424
  Batch 2900/10484, Loss: 4.3415
  Batch 2910/10484, Loss: 4.5528
  Batch 2920/10484, Loss: 4.6918
  Batch 2930/10484, Loss: 4.2582
  Batch 2940/10484, Loss: 3.8846
  Batch 2950/10484, Loss: 4.1447
  Batch 2960/10484, Loss: 3.5640
  Batch 2970/10484, Loss: 4.4205
  Batch 2980/10484, Loss: 3.5026
  Batch 2990/10484, Loss: 4.4489
  Batch 3000/10484, Loss: 4.1796
  Batch 3010/10484, Loss: 4.7297
  Batch 3020/10484, Loss: 4.1792
  Batch 3030/10484, Loss: 4.1188
  Batch 3040/10484, Loss: 3.5485
  Batch 3050/10484, Loss: 4.7292
  Batch 3060/10484, Loss: 4.0611
  Batch 3070/10484, Loss: 4.7402
  Batch 3080/10484, Loss: 4.2601
  Batch 3090/10484, Loss: 4.4843
  Batch 3100/10484, Loss: 3.9322
  Batch 3110/10484, Loss: 4.4250
  Batch 3120/10484, Loss: 5.1136
  Batch 3130/10484, Loss: 4.7165
  Batch 3140/10484, Loss: 4.1517
  Batch 3150/10484, Loss: 3.7833
  Batch 3160/10484, Loss: 5.1604
  Batch 3170/10484, Loss: 4.4483
  Batch 3180/10484, Loss: 4.5359
  Batch 3190/10484, Loss: 4.1128
  Batch 3200/10484, Loss: 5.0344
  Batch 3210/10484, Loss: 4.7406
  Batch 3220/10484, Loss: 3.9832
  Batch 3230/10484, Loss: 4.3291
  Batch 3240/10484, Loss: 4.6067
  Batch 3250/10484, Loss: 3.6468
  Batch 3260/10484, Loss: 4.7925
  Batch 3270/10484, Loss: 4.6502
  Batch 3280/10484, Loss: 3.6402
  Batch 3290/10484, Loss: 3.6055
  Batch 3300/10484, Loss: 4.3779
  Batch 3310/10484, Loss: 4.1467
  Batch 3320/10484, Loss: 4.2603
  Batch 3330/10484, Loss: 4.6909
  Batch 3340/10484, Loss: 4.3475
  Batch 3350/10484, Loss: 3.8977
  Batch 3360/10484, Loss: 3.5952
  Batch 3370/10484, Loss: 3.8322
  Batch 3380/10484, Loss: 4.7738
  Batch 3390/10484, Loss: 4.2853
  Batch 3400/10484, Loss: 3.8922
  Batch 3410/10484, Loss: 4.4601
  Batch 3420/10484, Loss: 4.3491
  Batch 3430/10484, Loss: 3.6675
  Batch 3440/10484, Loss: 4.3656
  Batch 3450/10484, Loss: 4.2238
  Batch 3460/10484, Loss: 4.1284
  Batch 3470/10484, Loss: 4.6399
  Batch 3480/10484, Loss: 3.7894
  Batch 3490/10484, Loss: 4.2954
  Batch 3500/10484, Loss: 4.1424
  Batch 3510/10484, Loss: 3.9813
  Batch 3520/10484, Loss: 4.3135
  Batch 3530/10484, Loss: 4.3022
  Batch 3540/10484, Loss: 3.9598
  Batch 3550/10484, Loss: 4.3579
  Batch 3560/10484, Loss: 4.7014
  Batch 3570/10484, Loss: 3.5475
  Batch 3580/10484, Loss: 4.3488
  Batch 3590/10484, Loss: 4.8402
  Batch 3600/10484, Loss: 4.3734
  Batch 3610/10484, Loss: 3.9996
  Batch 3620/10484, Loss: 4.0924
  Batch 3630/10484, Loss: 4.2990
  Batch 3640/10484, Loss: 4.5168
  Batch 3650/10484, Loss: 4.0991
  Batch 3660/10484, Loss: 4.7515
  Batch 3670/10484, Loss: 3.6768
  Batch 3680/10484, Loss: 3.5249
  Batch 3690/10484, Loss: 4.1565
  Batch 3700/10484, Loss: 3.7011
  Batch 3710/10484, Loss: 4.0991
  Batch 3720/10484, Loss: 4.1958
  Batch 3730/10484, Loss: 3.6606
  Batch 3740/10484, Loss: 4.3441
  Batch 3750/10484, Loss: 4.0538
  Batch 3760/10484, Loss: 4.6244
  Batch 3770/10484, Loss: 3.8269
  Batch 3780/10484, Loss: 4.0253
  Batch 3790/10484, Loss: 4.2219
  Batch 3800/10484, Loss: 3.6969
  Batch 3810/10484, Loss: 4.2382
  Batch 3820/10484, Loss: 4.3796
  Batch 3830/10484, Loss: 4.5472
  Batch 3840/10484, Loss: 3.9836
  Batch 3850/10484, Loss: 4.4466
  Batch 3860/10484, Loss: 4.3659
  Batch 3870/10484, Loss: 4.0048
  Batch 3880/10484, Loss: 3.3099
  Batch 3890/10484, Loss: 4.1227
  Batch 3900/10484, Loss: 4.0759
  Batch 3910/10484, Loss: 4.7043
  Batch 3920/10484, Loss: 4.0141
  Batch 3930/10484, Loss: 4.1612
  Batch 3940/10484, Loss: 4.3391
  Batch 3950/10484, Loss: 3.8628
  Batch 3960/10484, Loss: 4.6060
  Batch 3970/10484, Loss: 4.5989
  Batch 3980/10484, Loss: 4.1557
  Batch 3990/10484, Loss: 4.1038
  Batch 4000/10484, Loss: 3.3642
  Batch 4010/10484, Loss: 3.5105
  Batch 4020/10484, Loss: 3.7442
  Batch 4030/10484, Loss: 3.7335
  Batch 4040/10484, Loss: 3.8215
  Batch 4050/10484, Loss: 4.3155
  Batch 4060/10484, Loss: 4.0041
  Batch 4070/10484, Loss: 3.9764
  Batch 4080/10484, Loss: 3.8546
  Batch 4090/10484, Loss: 4.4558
  Batch 4100/10484, Loss: 3.9398
  Batch 4110/10484, Loss: 3.7337
  Batch 4120/10484, Loss: 4.2381
  Batch 4130/10484, Loss: 3.3822
  Batch 4140/10484, Loss: 4.8753
  Batch 4150/10484, Loss: 4.3072
  Batch 4160/10484, Loss: 4.0031
  Batch 4170/10484, Loss: 4.1679
  Batch 4180/10484, Loss: 3.9701
  Batch 4190/10484, Loss: 3.9431
  Batch 4200/10484, Loss: 4.2951
  Batch 4210/10484, Loss: 3.7201
  Batch 4220/10484, Loss: 3.7819
  Batch 4230/10484, Loss: 4.5277
  Batch 4240/10484, Loss: 4.4073
  Batch 4250/10484, Loss: 4.8159
  Batch 4260/10484, Loss: 4.5387
  Batch 4270/10484, Loss: 4.2976
  Batch 4280/10484, Loss: 3.9685
  Batch 4290/10484, Loss: 4.5177
  Batch 4300/10484, Loss: 3.8380
  Batch 4310/10484, Loss: 3.5587
  Batch 4320/10484, Loss: 3.8675
  Batch 4330/10484, Loss: 3.9254
  Batch 4340/10484, Loss: 4.0187
  Batch 4350/10484, Loss: 4.4431
  Batch 4360/10484, Loss: 4.2729
  Batch 4370/10484, Loss: 4.2896
  Batch 4380/10484, Loss: 3.9375
  Batch 4390/10484, Loss: 4.1696
  Batch 4400/10484, Loss: 4.2497
  Batch 4410/10484, Loss: 3.9943
  Batch 4420/10484, Loss: 4.2828
  Batch 4430/10484, Loss: 4.1679
  Batch 4440/10484, Loss: 3.8725
  Batch 4450/10484, Loss: 3.6835
  Batch 4460/10484, Loss: 4.5467
  Batch 4470/10484, Loss: 4.1822
  Batch 4480/10484, Loss: 4.2598
  Batch 4490/10484, Loss: 4.8880
  Batch 4500/10484, Loss: 4.1722
  Batch 4510/10484, Loss: 4.1828
  Batch 4520/10484, Loss: 4.3668
  Batch 4530/10484, Loss: 4.3188
  Batch 4540/10484, Loss: 4.0687
  Batch 4550/10484, Loss: 4.1297
  Batch 4560/10484, Loss: 3.9585
  Batch 4570/10484, Loss: 3.9996
  Batch 4580/10484, Loss: 4.5863
  Batch 4590/10484, Loss: 4.0598
  Batch 4600/10484, Loss: 4.3348
  Batch 4610/10484, Loss: 4.2807
  Batch 4620/10484, Loss: 4.0071
  Batch 4630/10484, Loss: 4.4265
  Batch 4640/10484, Loss: 4.2806
  Batch 4650/10484, Loss: 4.3492
  Batch 4660/10484, Loss: 4.4777
  Batch 4670/10484, Loss: 4.2541
  Batch 4680/10484, Loss: 4.0574
  Batch 4690/10484, Loss: 4.1498
  Batch 4700/10484, Loss: 4.4134
  Batch 4710/10484, Loss: 4.0237
  Batch 4720/10484, Loss: 4.4001
  Batch 4730/10484, Loss: 4.5951
  Batch 4740/10484, Loss: 4.3237
  Batch 4750/10484, Loss: 4.4448
  Batch 4760/10484, Loss: 3.7128
  Batch 4770/10484, Loss: 4.5194
  Batch 4780/10484, Loss: 4.0680
  Batch 4790/10484, Loss: 4.1619
  Batch 4800/10484, Loss: 4.1359
  Batch 4810/10484, Loss: 3.1192
  Batch 4820/10484, Loss: 4.1539
  Batch 4830/10484, Loss: 4.0194
  Batch 4840/10484, Loss: 4.3188
  Batch 4850/10484, Loss: 4.0543
  Batch 4860/10484, Loss: 3.8802
  Batch 4870/10484, Loss: 4.5330
  Batch 4880/10484, Loss: 4.7056
  Batch 4890/10484, Loss: 3.8551
  Batch 4900/10484, Loss: 4.0256
  Batch 4910/10484, Loss: 4.1062
  Batch 4920/10484, Loss: 4.2570
  Batch 4930/10484, Loss: 4.8122
  Batch 4940/10484, Loss: 4.1216
  Batch 4950/10484, Loss: 4.1828
  Batch 4960/10484, Loss: 4.5352
  Batch 4970/10484, Loss: 3.8127
  Batch 4980/10484, Loss: 4.2832
  Batch 4990/10484, Loss: 3.5801
  Batch 5000/10484, Loss: 3.7685
  Batch 5010/10484, Loss: 4.4769
  Batch 5020/10484, Loss: 4.3844
  Batch 5030/10484, Loss: 4.8461
  Batch 5040/10484, Loss: 4.2387
  Batch 5050/10484, Loss: 4.3593
  Batch 5060/10484, Loss: 4.5715
  Batch 5070/10484, Loss: 3.7568
  Batch 5080/10484, Loss: 5.0633
  Batch 5090/10484, Loss: 3.7496
  Batch 5100/10484, Loss: 4.0245
  Batch 5110/10484, Loss: 4.2545
  Batch 5120/10484, Loss: 3.9210
  Batch 5130/10484, Loss: 4.1966
  Batch 5140/10484, Loss: 4.9785
  Batch 5150/10484, Loss: 4.6971
  Batch 5160/10484, Loss: 3.8874
  Batch 5170/10484, Loss: 3.3901
  Batch 5180/10484, Loss: 4.1243
  Batch 5190/10484, Loss: 4.6986
  Batch 5200/10484, Loss: 3.7735
  Batch 5210/10484, Loss: 4.9139
  Batch 5220/10484, Loss: 4.0035
  Batch 5230/10484, Loss: 4.8025
  Batch 5240/10484, Loss: 4.2697
  Batch 5250/10484, Loss: 4.8334
  Batch 5260/10484, Loss: 4.0588
  Batch 5270/10484, Loss: 4.0388
  Batch 5280/10484, Loss: 4.9206
  Batch 5290/10484, Loss: 4.5731
  Batch 5300/10484, Loss: 4.2112
  Batch 5310/10484, Loss: 4.2872
  Batch 5320/10484, Loss: 4.0033
  Batch 5330/10484, Loss: 4.2995
  Batch 5340/10484, Loss: 4.7595
  Batch 5350/10484, Loss: 3.8786
  Batch 5360/10484, Loss: 4.5958
  Batch 5370/10484, Loss: 3.6427
  Batch 5380/10484, Loss: 4.4476
  Batch 5390/10484, Loss: 4.1937
  Batch 5400/10484, Loss: 4.4520
  Batch 5410/10484, Loss: 3.8165
  Batch 5420/10484, Loss: 4.1223
  Batch 5430/10484, Loss: 4.7477
  Batch 5440/10484, Loss: 4.1587
  Batch 5450/10484, Loss: 4.5360
  Batch 5460/10484, Loss: 4.7872
  Batch 5470/10484, Loss: 4.1579
  Batch 5480/10484, Loss: 4.8840
  Batch 5490/10484, Loss: 3.6421
  Batch 5500/10484, Loss: 4.6626
  Batch 5510/10484, Loss: 4.2512
  Batch 5520/10484, Loss: 3.9104
  Batch 5530/10484, Loss: 4.3437
  Batch 5540/10484, Loss: 4.6716
  Batch 5550/10484, Loss: 4.5228
  Batch 5560/10484, Loss: 4.3556
  Batch 5570/10484, Loss: 4.6961
  Batch 5580/10484, Loss: 4.3125
  Batch 5590/10484, Loss: 3.5601
  Batch 5600/10484, Loss: 4.2003
  Batch 5610/10484, Loss: 3.9930
  Batch 5620/10484, Loss: 4.4535
  Batch 5630/10484, Loss: 4.3061
  Batch 5640/10484, Loss: 4.0987
  Batch 5650/10484, Loss: 4.1786
  Batch 5660/10484, Loss: 3.6545
  Batch 5670/10484, Loss: 4.7295
  Batch 5680/10484, Loss: 3.9049
  Batch 5690/10484, Loss: 4.3011
  Batch 5700/10484, Loss: 4.3583
  Batch 5710/10484, Loss: 3.4995
  Batch 5720/10484, Loss: 4.2183
  Batch 5730/10484, Loss: 4.2148
  Batch 5740/10484, Loss: 3.7192
  Batch 5750/10484, Loss: 4.0328
  Batch 5760/10484, Loss: 4.0500
  Batch 5770/10484, Loss: 4.1117
  Batch 5780/10484, Loss: 3.7293
  Batch 5790/10484, Loss: 4.3101
  Batch 5800/10484, Loss: 4.0654
  Batch 5810/10484, Loss: 4.5430
  Batch 5820/10484, Loss: 4.1163
  Batch 5830/10484, Loss: 3.4555
  Batch 5840/10484, Loss: 4.3140
  Batch 5850/10484, Loss: 4.4603
  Batch 5860/10484, Loss: 4.1868
  Batch 5870/10484, Loss: 3.9987
  Batch 5880/10484, Loss: 3.8286
  Batch 5890/10484, Loss: 3.9821
  Batch 5900/10484, Loss: 3.7353
  Batch 5910/10484, Loss: 3.8877
  Batch 5920/10484, Loss: 4.2337
  Batch 5930/10484, Loss: 4.0499
  Batch 5940/10484, Loss: 4.2544
  Batch 5950/10484, Loss: 4.0463
  Batch 5960/10484, Loss: 5.1221
  Batch 5970/10484, Loss: 5.2182
  Batch 5980/10484, Loss: 4.0850
  Batch 5990/10484, Loss: 4.5095
  Batch 6000/10484, Loss: 3.9045
  Batch 6010/10484, Loss: 4.5533
  Batch 6020/10484, Loss: 4.3173
  Batch 6030/10484, Loss: 3.7963
  Batch 6040/10484, Loss: 4.7650
  Batch 6050/10484, Loss: 4.2133
  Batch 6060/10484, Loss: 4.4564
  Batch 6070/10484, Loss: 4.4951
  Batch 6080/10484, Loss: 3.8503
  Batch 6090/10484, Loss: 4.2414
  Batch 6100/10484, Loss: 4.0811
  Batch 6110/10484, Loss: 3.9745
  Batch 6120/10484, Loss: 4.8315
  Batch 6130/10484, Loss: 4.1609
  Batch 6140/10484, Loss: 3.7405
  Batch 6150/10484, Loss: 4.5082
  Batch 6160/10484, Loss: 4.1687
  Batch 6170/10484, Loss: 4.0100
  Batch 6180/10484, Loss: 4.5030
  Batch 6190/10484, Loss: 4.3331
  Batch 6200/10484, Loss: 4.3792
  Batch 6210/10484, Loss: 4.2817
  Batch 6220/10484, Loss: 3.9109
  Batch 6230/10484, Loss: 4.5137
  Batch 6240/10484, Loss: 3.8773
  Batch 6250/10484, Loss: 4.3884
  Batch 6260/10484, Loss: 3.5481
  Batch 6270/10484, Loss: 4.3308
  Batch 6280/10484, Loss: 4.2422
  Batch 6290/10484, Loss: 4.5202
  Batch 6300/10484, Loss: 3.8665
  Batch 6310/10484, Loss: 4.1564
  Batch 6320/10484, Loss: 4.6856
  Batch 6330/10484, Loss: 4.2047
  Batch 6340/10484, Loss: 4.4863
  Batch 6350/10484, Loss: 4.1384
  Batch 6360/10484, Loss: 3.6429
  Batch 6370/10484, Loss: 4.4680
  Batch 6380/10484, Loss: 3.4184
  Batch 6390/10484, Loss: 3.9526
  Batch 6400/10484, Loss: 4.6500
  Batch 6410/10484, Loss: 4.4874
  Batch 6420/10484, Loss: 4.3016
  Batch 6430/10484, Loss: 4.8920
  Batch 6440/10484, Loss: 4.0912
  Batch 6450/10484, Loss: 4.6583
  Batch 6460/10484, Loss: 3.6795
  Batch 6470/10484, Loss: 4.4677
  Batch 6480/10484, Loss: 3.7087
  Batch 6490/10484, Loss: 4.3821
  Batch 6500/10484, Loss: 4.1085
  Batch 6510/10484, Loss: 4.7478
  Batch 6520/10484, Loss: 4.0028
  Batch 6530/10484, Loss: 4.7004
  Batch 6540/10484, Loss: 4.6050
  Batch 6550/10484, Loss: 3.6024
  Batch 6560/10484, Loss: 3.8616
  Batch 6570/10484, Loss: 4.3354
  Batch 6580/10484, Loss: 4.0288
  Batch 6590/10484, Loss: 4.4112
  Batch 6600/10484, Loss: 4.4030
  Batch 6610/10484, Loss: 4.4492
  Batch 6620/10484, Loss: 3.6287
  Batch 6630/10484, Loss: 4.0685
  Batch 6640/10484, Loss: 4.3557
  Batch 6650/10484, Loss: 4.5987
  Batch 6660/10484, Loss: 3.8065
  Batch 6670/10484, Loss: 3.5099
  Batch 6680/10484, Loss: 4.3073
  Batch 6690/10484, Loss: 4.5360
  Batch 6700/10484, Loss: 3.7703
  Batch 6710/10484, Loss: 3.8592
  Batch 6720/10484, Loss: 3.7101
  Batch 6730/10484, Loss: 4.3169
  Batch 6740/10484, Loss: 4.9547
  Batch 6750/10484, Loss: 4.1798
  Batch 6760/10484, Loss: 4.2814
  Batch 6770/10484, Loss: 4.8892
  Batch 6780/10484, Loss: 3.9438
  Batch 6790/10484, Loss: 4.5430
  Batch 6800/10484, Loss: 4.4946
  Batch 6810/10484, Loss: 3.6844
  Batch 6820/10484, Loss: 3.9565
  Batch 6830/10484, Loss: 4.5187
  Batch 6840/10484, Loss: 4.5304
  Batch 6850/10484, Loss: 4.3364
  Batch 6860/10484, Loss: 4.1457
  Batch 6870/10484, Loss: 4.0847
  Batch 6880/10484, Loss: 4.0156
  Batch 6890/10484, Loss: 4.1090
  Batch 6900/10484, Loss: 4.1444
  Batch 6910/10484, Loss: 4.5827
  Batch 6920/10484, Loss: 5.0950
  Batch 6930/10484, Loss: 3.6207
  Batch 6940/10484, Loss: 4.2205
  Batch 6950/10484, Loss: 4.9355
  Batch 6960/10484, Loss: 4.2789
  Batch 6970/10484, Loss: 4.2943
  Batch 6980/10484, Loss: 4.4814
  Batch 6990/10484, Loss: 4.5339
  Batch 7000/10484, Loss: 4.7336
  Batch 7010/10484, Loss: 4.0519
  Batch 7020/10484, Loss: 3.8901
  Batch 7030/10484, Loss: 4.1645
  Batch 7040/10484, Loss: 4.1451
  Batch 7050/10484, Loss: 3.6743
  Batch 7060/10484, Loss: 4.1261
  Batch 7070/10484, Loss: 4.3264
  Batch 7080/10484, Loss: 4.5246
  Batch 7090/10484, Loss: 4.6155
  Batch 7100/10484, Loss: 3.8869
  Batch 7110/10484, Loss: 4.3467
  Batch 7120/10484, Loss: 4.1467
  Batch 7130/10484, Loss: 4.0797
  Batch 7140/10484, Loss: 4.7692
  Batch 7150/10484, Loss: 3.7037
  Batch 7160/10484, Loss: 3.9272
  Batch 7170/10484, Loss: 4.4416
  Batch 7180/10484, Loss: 4.6215
  Batch 7190/10484, Loss: 4.6187
  Batch 7200/10484, Loss: 3.8637
  Batch 7210/10484, Loss: 4.0058
  Batch 7220/10484, Loss: 4.6126
  Batch 7230/10484, Loss: 4.3659
  Batch 7240/10484, Loss: 4.7855
  Batch 7250/10484, Loss: 4.3104
  Batch 7260/10484, Loss: 4.4706
  Batch 7270/10484, Loss: 4.3117
  Batch 7280/10484, Loss: 4.1350
  Batch 7290/10484, Loss: 4.1193
  Batch 7300/10484, Loss: 4.2963
  Batch 7310/10484, Loss: 4.1511
  Batch 7320/10484, Loss: 4.3543
  Batch 7330/10484, Loss: 4.4337
  Batch 7340/10484, Loss: 3.5350
  Batch 7350/10484, Loss: 4.0990
  Batch 7360/10484, Loss: 4.4821
  Batch 7370/10484, Loss: 4.1299
  Batch 7380/10484, Loss: 4.4420
  Batch 7390/10484, Loss: 4.3634
  Batch 7400/10484, Loss: 3.9530
  Batch 7410/10484, Loss: 4.3763
  Batch 7420/10484, Loss: 4.1674
  Batch 7430/10484, Loss: 4.8553
  Batch 7440/10484, Loss: 4.2837
  Batch 7450/10484, Loss: 4.6015
  Batch 7460/10484, Loss: 4.1988
  Batch 7470/10484, Loss: 4.3504
  Batch 7480/10484, Loss: 3.7880
  Batch 7490/10484, Loss: 4.3588
  Batch 7500/10484, Loss: 4.6955
  Batch 7510/10484, Loss: 4.1993
  Batch 7520/10484, Loss: 3.8924
  Batch 7530/10484, Loss: 3.3540
  Batch 7540/10484, Loss: 3.7929
  Batch 7550/10484, Loss: 4.0212
  Batch 7560/10484, Loss: 4.2121
  Batch 7570/10484, Loss: 4.2093
  Batch 7580/10484, Loss: 4.4849
  Batch 7590/10484, Loss: 4.1907
  Batch 7600/10484, Loss: 4.3581
  Batch 7610/10484, Loss: 4.7104
  Batch 7620/10484, Loss: 4.4307
  Batch 7630/10484, Loss: 4.8223
  Batch 7640/10484, Loss: 4.1635
  Batch 7650/10484, Loss: 4.9230
  Batch 7660/10484, Loss: 4.3623
  Batch 7670/10484, Loss: 3.9842
  Batch 7680/10484, Loss: 4.7008
  Batch 7690/10484, Loss: 4.4276
  Batch 7700/10484, Loss: 4.2658
  Batch 7710/10484, Loss: 3.8732
  Batch 7720/10484, Loss: 4.6347
  Batch 7730/10484, Loss: 3.9907
  Batch 7740/10484, Loss: 3.9865
  Batch 7750/10484, Loss: 4.3270
  Batch 7760/10484, Loss: 4.6702
  Batch 7770/10484, Loss: 4.2532
  Batch 7780/10484, Loss: 4.4983
  Batch 7790/10484, Loss: 3.6177
  Batch 7800/10484, Loss: 4.5526
  Batch 7810/10484, Loss: 3.6074
  Batch 7820/10484, Loss: 4.4896
  Batch 7830/10484, Loss: 4.0962
  Batch 7840/10484, Loss: 4.4837
  Batch 7850/10484, Loss: 3.9899
  Batch 7860/10484, Loss: 3.6766
  Batch 7870/10484, Loss: 4.5833
  Batch 7880/10484, Loss: 4.2797
  Batch 7890/10484, Loss: 4.5714
  Batch 7900/10484, Loss: 4.2187
  Batch 7910/10484, Loss: 4.4187
  Batch 7920/10484, Loss: 4.5298
  Batch 7930/10484, Loss: 4.1422
  Batch 7940/10484, Loss: 4.4472
  Batch 7950/10484, Loss: 4.2079
  Batch 7960/10484, Loss: 4.5979
  Batch 7970/10484, Loss: 4.2468
  Batch 7980/10484, Loss: 3.9147
  Batch 7990/10484, Loss: 4.6100
  Batch 8000/10484, Loss: 4.2275
  Batch 8010/10484, Loss: 4.4816
  Batch 8020/10484, Loss: 4.2963
  Batch 8030/10484, Loss: 4.1501
  Batch 8040/10484, Loss: 4.5821
  Batch 8050/10484, Loss: 4.5955
  Batch 8060/10484, Loss: 4.1378
  Batch 8070/10484, Loss: 4.4699
  Batch 8080/10484, Loss: 3.9928
  Batch 8090/10484, Loss: 4.1951
  Batch 8100/10484, Loss: 4.5253
  Batch 8110/10484, Loss: 3.8449
  Batch 8120/10484, Loss: 3.8781
  Batch 8130/10484, Loss: 4.1820
  Batch 8140/10484, Loss: 4.6503
  Batch 8150/10484, Loss: 4.6136
  Batch 8160/10484, Loss: 3.9465
  Batch 8170/10484, Loss: 4.3928
  Batch 8180/10484, Loss: 4.2790
  Batch 8190/10484, Loss: 3.5218
  Batch 8200/10484, Loss: 4.1599
  Batch 8210/10484, Loss: 3.7983
  Batch 8220/10484, Loss: 4.6204
  Batch 8230/10484, Loss: 4.2282
  Batch 8240/10484, Loss: 4.7568
  Batch 8250/10484, Loss: 4.2552
  Batch 8260/10484, Loss: 3.8429
  Batch 8270/10484, Loss: 4.3921
  Batch 8280/10484, Loss: 4.3736
  Batch 8290/10484, Loss: 4.2090
  Batch 8300/10484, Loss: 5.0767
  Batch 8310/10484, Loss: 4.3976
  Batch 8320/10484, Loss: 4.1325
  Batch 8330/10484, Loss: 3.9740
  Batch 8340/10484, Loss: 4.3231
  Batch 8350/10484, Loss: 4.2662
  Batch 8360/10484, Loss: 4.6189
  Batch 8370/10484, Loss: 3.9233
  Batch 8380/10484, Loss: 3.4276
  Batch 8390/10484, Loss: 4.0310
  Batch 8400/10484, Loss: 4.3089
  Batch 8410/10484, Loss: 4.1357
  Batch 8420/10484, Loss: 4.1039
  Batch 8430/10484, Loss: 4.1691
  Batch 8440/10484, Loss: 3.8514
  Batch 8450/10484, Loss: 4.8520
  Batch 8460/10484, Loss: 3.9895
  Batch 8470/10484, Loss: 4.1853
  Batch 8480/10484, Loss: 4.4810
  Batch 8490/10484, Loss: 4.5152
  Batch 8500/10484, Loss: 4.1809
  Batch 8510/10484, Loss: 4.4089
  Batch 8520/10484, Loss: 4.6693
  Batch 8530/10484, Loss: 4.2964
  Batch 8540/10484, Loss: 4.4010
  Batch 8550/10484, Loss: 4.6854
  Batch 8560/10484, Loss: 3.9119
  Batch 8570/10484, Loss: 4.5930
  Batch 8580/10484, Loss: 4.0919
  Batch 8590/10484, Loss: 4.4980
  Batch 8600/10484, Loss: 4.4127
  Batch 8610/10484, Loss: 4.3798
  Batch 8620/10484, Loss: 4.1717
  Batch 8630/10484, Loss: 4.1145
  Batch 8640/10484, Loss: 4.4059
  Batch 8650/10484, Loss: 4.3265
  Batch 8660/10484, Loss: 4.0917
  Batch 8670/10484, Loss: 3.9325
  Batch 8680/10484, Loss: 4.2390
  Batch 8690/10484, Loss: 4.6023
  Batch 8700/10484, Loss: 4.3425
  Batch 8710/10484, Loss: 4.1918
  Batch 8720/10484, Loss: 4.0009
  Batch 8730/10484, Loss: 4.1394
  Batch 8740/10484, Loss: 3.5635
  Batch 8750/10484, Loss: 4.1784
  Batch 8760/10484, Loss: 4.6730
  Batch 8770/10484, Loss: 4.5933
  Batch 8780/10484, Loss: 4.1571
  Batch 8790/10484, Loss: 4.1925
  Batch 8800/10484, Loss: 4.6579
  Batch 8810/10484, Loss: 4.2179
  Batch 8820/10484, Loss: 4.2387
  Batch 8830/10484, Loss: 4.6502
  Batch 8840/10484, Loss: 4.1376
  Batch 8850/10484, Loss: 4.5404
  Batch 8860/10484, Loss: 4.6681
  Batch 8870/10484, Loss: 4.0811
  Batch 8880/10484, Loss: 4.3451
  Batch 8890/10484, Loss: 4.2635
  Batch 8900/10484, Loss: 4.2829
  Batch 8910/10484, Loss: 4.2861
  Batch 8920/10484, Loss: 4.4327
  Batch 8930/10484, Loss: 3.7659
  Batch 8940/10484, Loss: 4.4403
  Batch 8950/10484, Loss: 4.5378
  Batch 8960/10484, Loss: 4.2298
  Batch 8970/10484, Loss: 4.5148
  Batch 8980/10484, Loss: 4.0954
  Batch 8990/10484, Loss: 4.3035
  Batch 9000/10484, Loss: 4.1433
  Batch 9010/10484, Loss: 4.5174
  Batch 9020/10484, Loss: 3.6449
  Batch 9030/10484, Loss: 4.8791
  Batch 9040/10484, Loss: 4.3398
  Batch 9050/10484, Loss: 3.5204
  Batch 9060/10484, Loss: 3.4523
  Batch 9070/10484, Loss: 4.7388
  Batch 9080/10484, Loss: 4.6672
  Batch 9090/10484, Loss: 4.3493
  Batch 9100/10484, Loss: 4.1442
  Batch 9110/10484, Loss: 4.3251
  Batch 9120/10484, Loss: 4.0381
  Batch 9130/10484, Loss: 4.2952
  Batch 9140/10484, Loss: 3.8110
  Batch 9150/10484, Loss: 4.2490
  Batch 9160/10484, Loss: 4.1635
  Batch 9170/10484, Loss: 3.6733
  Batch 9180/10484, Loss: 4.7317
  Batch 9190/10484, Loss: 4.0118
  Batch 9200/10484, Loss: 4.2057
  Batch 9210/10484, Loss: 4.5063
  Batch 9220/10484, Loss: 4.2733
  Batch 9230/10484, Loss: 4.4297
  Batch 9240/10484, Loss: 4.8365
  Batch 9250/10484, Loss: 3.7465
  Batch 9260/10484, Loss: 4.2416
  Batch 9270/10484, Loss: 4.0761
  Batch 9280/10484, Loss: 4.3381
  Batch 9290/10484, Loss: 4.4676
  Batch 9300/10484, Loss: 3.8756
  Batch 9310/10484, Loss: 4.3943
  Batch 9320/10484, Loss: 4.2242
  Batch 9330/10484, Loss: 4.2168
  Batch 9340/10484, Loss: 3.7374
  Batch 9350/10484, Loss: 4.1986
  Batch 9360/10484, Loss: 4.5515
  Batch 9370/10484, Loss: 4.2219
  Batch 9380/10484, Loss: 4.3226
  Batch 9390/10484, Loss: 4.0993
  Batch 9400/10484, Loss: 4.2095
  Batch 9410/10484, Loss: 4.4716
  Batch 9420/10484, Loss: 4.3271
  Batch 9430/10484, Loss: 4.3760
  Batch 9440/10484, Loss: 4.5959
  Batch 9450/10484, Loss: 4.1469
  Batch 9460/10484, Loss: 4.7935
  Batch 9470/10484, Loss: 4.3046
  Batch 9480/10484, Loss: 3.7348
  Batch 9490/10484, Loss: 4.3899
  Batch 9500/10484, Loss: 4.7384
  Batch 9510/10484, Loss: 4.6528
  Batch 9520/10484, Loss: 4.2334
  Batch 9530/10484, Loss: 3.6148
  Batch 9540/10484, Loss: 3.6949
  Batch 9550/10484, Loss: 4.6251
  Batch 9560/10484, Loss: 4.2768
  Batch 9570/10484, Loss: 3.9150
  Batch 9580/10484, Loss: 4.3171
  Batch 9590/10484, Loss: 4.0759
  Batch 9600/10484, Loss: 3.8289
  Batch 9610/10484, Loss: 4.8395
  Batch 9620/10484, Loss: 3.8334
  Batch 9630/10484, Loss: 4.3841
  Batch 9640/10484, Loss: 4.5170
  Batch 9650/10484, Loss: 4.4758
  Batch 9660/10484, Loss: 4.6084
  Batch 9670/10484, Loss: 4.3424
  Batch 9680/10484, Loss: 4.1007
  Batch 9690/10484, Loss: 4.2634
  Batch 9700/10484, Loss: 4.9810
  Batch 9710/10484, Loss: 4.5870
  Batch 9720/10484, Loss: 4.1560
  Batch 9730/10484, Loss: 4.6601
  Batch 9740/10484, Loss: 4.3825
  Batch 9750/10484, Loss: 4.0247
  Batch 9760/10484, Loss: 4.3475
  Batch 9770/10484, Loss: 4.0647
  Batch 9780/10484, Loss: 4.5010
  Batch 9790/10484, Loss: 3.9619
  Batch 9800/10484, Loss: 3.7352
  Batch 9810/10484, Loss: 3.9554
  Batch 9820/10484, Loss: 3.8935
  Batch 9830/10484, Loss: 4.1224
  Batch 9840/10484, Loss: 4.6614
  Batch 9850/10484, Loss: 4.5795
  Batch 9860/10484, Loss: 4.4714
  Batch 9870/10484, Loss: 4.1426
  Batch 9880/10484, Loss: 3.9629
  Batch 9890/10484, Loss: 4.2628
  Batch 9900/10484, Loss: 4.0013
  Batch 9910/10484, Loss: 3.9093
  Batch 9920/10484, Loss: 4.1091
  Batch 9930/10484, Loss: 4.4865
  Batch 9940/10484, Loss: 3.8432
  Batch 9950/10484, Loss: 4.7705
  Batch 9960/10484, Loss: 4.1523
  Batch 9970/10484, Loss: 4.1356
  Batch 9980/10484, Loss: 4.2728
  Batch 9990/10484, Loss: 4.1009
  Batch 10000/10484, Loss: 4.3510
  Batch 10010/10484, Loss: 3.9415
  Batch 10020/10484, Loss: 4.5122
  Batch 10030/10484, Loss: 4.1818
  Batch 10040/10484, Loss: 4.0629
  Batch 10050/10484, Loss: 3.8560
  Batch 10060/10484, Loss: 4.1880
  Batch 10070/10484, Loss: 4.4053
  Batch 10080/10484, Loss: 4.4256
  Batch 10090/10484, Loss: 4.0403
  Batch 10100/10484, Loss: 3.9569
  Batch 10110/10484, Loss: 4.4898
  Batch 10120/10484, Loss: 4.1785
  Batch 10130/10484, Loss: 4.1711
  Batch 10140/10484, Loss: 4.0684
  Batch 10150/10484, Loss: 3.9619
  Batch 10160/10484, Loss: 4.6337
  Batch 10170/10484, Loss: 4.4767
  Batch 10180/10484, Loss: 3.7105
  Batch 10190/10484, Loss: 4.2468
  Batch 10200/10484, Loss: 4.4238
  Batch 10210/10484, Loss: 3.6124
  Batch 10220/10484, Loss: 3.9623
  Batch 10230/10484, Loss: 4.1694
  Batch 10240/10484, Loss: 4.0286
  Batch 10250/10484, Loss: 3.9334
  Batch 10260/10484, Loss: 4.4090
  Batch 10270/10484, Loss: 4.3864
  Batch 10280/10484, Loss: 4.2480
  Batch 10290/10484, Loss: 4.1746
  Batch 10300/10484, Loss: 3.9263
  Batch 10310/10484, Loss: 3.9188
  Batch 10320/10484, Loss: 4.1263
  Batch 10330/10484, Loss: 4.4987
  Batch 10340/10484, Loss: 4.2862
  Batch 10350/10484, Loss: 5.0033
  Batch 10360/10484, Loss: 4.0786
  Batch 10370/10484, Loss: 4.6094
  Batch 10380/10484, Loss: 4.4047
  Batch 10390/10484, Loss: 3.4006
  Batch 10400/10484, Loss: 4.8383
  Batch 10410/10484, Loss: 4.0711
  Batch 10420/10484, Loss: 4.4015
  Batch 10430/10484, Loss: 4.4218
  Batch 10440/10484, Loss: 3.8357
  Batch 10450/10484, Loss: 3.9444
  Batch 10460/10484, Loss: 3.9642
  Batch 10470/10484, Loss: 4.5273
  Batch 10480/10484, Loss: 4.1682

  Train Loss: 4.2066
  Val Loss: 6.7736
  Time: 31m 0s
  ✓ Saved checkpoint to /scratch/aitordiez/News2Stock/simple_seq2seq/checkpoints/checkpoint_epoch_20.pt

================================================================================
FINAL EVALUATION ON TEST SET
================================================================================
Loading best model from: /scratch/aitordiez/News2Stock/simple_seq2seq/checkpoints/best_model.pt

Test Loss: 6.6236

================================================================================
TRAINING COMPLETE!
================================================================================
Best validation loss: 6.6137
Test loss: 6.6236
Best model saved to: /scratch/aitordiez/News2Stock/simple_seq2seq/checkpoints/best_model.pt
Training log saved to: /scratch/aitordiez/News2Stock/simple_seq2seq/logs/training_20251118_220917.log
Training completed successfully!
Ending time: Wed Nov 19 09:18:39 CET 2025
Running inference on test examples...
================================================================================
SEQ2SEQ INFERENCE
================================================================================

✓ Using device: cuda

Loading vocabulary...
✓ Vocabulary size: 20000

Loading model from: /scratch/aitordiez/News2Stock/simple_seq2seq/checkpoints/best_model.pt
✓ Loaded model from /scratch/aitordiez/News2Stock/simple_seq2seq/checkpoints/best_model.pt
  Epoch: 4
  Val Loss: 6.6137

================================================================================
GENERATING SUMMARIES
================================================================================

Showing 3 examples from test set:

Example 1:
--------------------------------------------------------------------------------
Source: a whale with a lot of money to spend has taken a noticeably bearish stance on tesla looking at options history for tesla nasdaq tsla we detected 142 strange trades if we consider the specifics of each...

Target: whales have been targeting a price range from 700 0 to 2000 0 below we can observe the evolution of the volume and open interest of calls and puts respectively for all of tesla truist securities downgraded its action to buy with a price target of 1000 bofa securities has decided to maintain its neutral rating on tesla which currently sits at a price target option trades are riskier asset compared to just trading the stock

Generated: whales have targeted a price range from 200 0 to 380 0 below we can observe the evolution of the volume and open interest of calls and puts respectively for the last 30 days rsi indicators hint that the underlying stock has decided to maintain their buy rating on the stock sits at a price target of 350 goldman sachs decided to maintain their buy rating on the stock which currently sits at a price target of 350
================================================================================

Example 2:
--------------------------------------------------------------------------------
Source: ray dalio founded hedge fund bridgewater associates may have disposed of its entire holdings in most chinese tech stocks but it still swears by the country s electric vehicle startups what happened br...

Target: fund added to stakes in nio xpeng in 13f filing it also doubled down on ford ev holdings at the end of the second quarter controversially the fund is not a shareholder of tesla which is a big tesla fan in real life to keep an eye out for the coming quarters even though it s not in the ev business

Generated: nio s fund trimmed stakes in electric vehicle maker nio xpeng li auto stocks nio xpeng li auto fund in the fund s fund s fund s fund trimmed stakes in the ev maker nio xpeng li auto fund nio xpeng li auto fund in the fund s fund in the fund s fund in the fund
================================================================================

Example 3:
--------------------------------------------------------------------------------
Source: a hard seltzer featuring a bored ape yacht club nft hit stores thursday here s a look at the bored ape used and the company behind the product what happened happy dad launched a new banana flavored ha...

Target: happy dad is owned by nelk which also owns the full send podcast the beverage is available in 12 packs in stores across the u s including in new york los angeles bored ape yacht club is the latest alcoholic brand to hit the market hard to reach millennial market is driving demand for new alcoholic products to some s are also getting harder to come by

Generated: <UNK> <UNK> bored ape yacht club <UNK> bored ape yacht club <UNK> bored ape <UNK> bored ape <UNK> <UNK> <UNK> <UNK> <UNK> <UNK> <UNK> <UNK> <UNK> <UNK> <UNK> <UNK> <UNK> bored ape <UNK> bored ape <UNK> bored ape <UNK> bored ape <UNK> bored ape <UNK> bored ape <UNK> bored ape <UNK> bored ape <UNK> bored ape <UNK> bored ape <UNK> bored ape yacht club <UNK> bored ape <UNK> bored ape yacht club <UNK> bored ape
================================================================================

Job finished at: Wed Nov 19 09:19:05 CET 2025
