Job ID: 3824997
Running on node: hyperion-096.sw.ehu.es
Starting time: Thu Nov 27 17:29:41 CET 2025
GPU assigned: 0
Working directory: /scratch/aitordiez/News2Stock/summaries/simple_seq2seq
Starting training...
================================================================================
SIMPLE SEQ2SEQ TRAINING
================================================================================

✓ Using device: cuda

Loading preprocessed data...
✓ Train: 66587 examples
✓ Val: 16647 examples
✓ Vocabulary size: 20000

✓ Created dataloaders (batch_size=8)

================================================================================
INITIALIZING MODEL
================================================================================
✓ Model initialized
✓ Trainable parameters: 25,229,856
✓ Optimizer: Adam (lr=0.001)
✓ Loss: CrossEntropyLoss

================================================================================
TRAINING
================================================================================
✓ Logging to: /scratch/aitordiez/News2Stock/summaries/simple_seq2seq/logs/training_20251127_173002.log

Epoch 1/20
----------------------------------------
  Batch 10/8324, Loss: 7.5505
  Batch 20/8324, Loss: 7.1312
  Batch 30/8324, Loss: 7.5782
  Batch 40/8324, Loss: 7.1371
  Batch 50/8324, Loss: 7.0543
  Batch 60/8324, Loss: 6.6648
  Batch 70/8324, Loss: 7.2416
  Batch 80/8324, Loss: 6.7030
  Batch 90/8324, Loss: 7.1600
  Batch 100/8324, Loss: 7.0542
  Batch 110/8324, Loss: 6.7410
  Batch 120/8324, Loss: 6.7069
  Batch 130/8324, Loss: 6.8717
  Batch 140/8324, Loss: 7.1983
  Batch 150/8324, Loss: 6.8277
  Batch 160/8324, Loss: 6.5530
  Batch 170/8324, Loss: 7.0070
  Batch 180/8324, Loss: 6.6542
  Batch 190/8324, Loss: 6.2820
  Batch 200/8324, Loss: 6.6353
  Batch 210/8324, Loss: 6.6495
  Batch 220/8324, Loss: 6.8697
  Batch 230/8324, Loss: 6.4467
  Batch 240/8324, Loss: 6.6992
  Batch 250/8324, Loss: 6.5477
  Batch 260/8324, Loss: 6.5723
  Batch 270/8324, Loss: 6.4986
  Batch 280/8324, Loss: 6.5801
  Batch 290/8324, Loss: 6.5040
  Batch 300/8324, Loss: 6.4645
  Batch 310/8324, Loss: 6.6139
  Batch 320/8324, Loss: 6.6232
  Batch 330/8324, Loss: 6.5962
  Batch 340/8324, Loss: 6.3135
  Batch 350/8324, Loss: 6.7751
  Batch 360/8324, Loss: 6.6297
  Batch 370/8324, Loss: 6.7350
  Batch 380/8324, Loss: 6.8147
  Batch 390/8324, Loss: 6.7394
  Batch 400/8324, Loss: 6.3793
  Batch 410/8324, Loss: 6.6721
  Batch 420/8324, Loss: 6.6614
  Batch 430/8324, Loss: 6.5974
  Batch 440/8324, Loss: 6.3585
  Batch 450/8324, Loss: 6.4913
  Batch 460/8324, Loss: 6.5151
  Batch 470/8324, Loss: 6.3430
  Batch 480/8324, Loss: 6.3332
  Batch 490/8324, Loss: 6.5309
  Batch 500/8324, Loss: 6.8959
  Batch 510/8324, Loss: 6.3226
  Batch 520/8324, Loss: 6.5322
  Batch 530/8324, Loss: 6.8494
  Batch 540/8324, Loss: 6.6271
  Batch 550/8324, Loss: 6.0451
  Batch 560/8324, Loss: 6.5332
  Batch 570/8324, Loss: 6.0705
  Batch 580/8324, Loss: 6.5952
  Batch 590/8324, Loss: 6.8106
  Batch 600/8324, Loss: 5.9650
  Batch 610/8324, Loss: 6.7037
  Batch 620/8324, Loss: 6.3159
  Batch 630/8324, Loss: 6.6535
  Batch 640/8324, Loss: 6.1528
  Batch 650/8324, Loss: 6.1079
  Batch 660/8324, Loss: 6.4669
  Batch 670/8324, Loss: 6.1734
  Batch 680/8324, Loss: 6.3201
  Batch 690/8324, Loss: 5.8812
  Batch 700/8324, Loss: 6.1515
  Batch 710/8324, Loss: 6.3922
  Batch 720/8324, Loss: 6.5344
  Batch 730/8324, Loss: 5.7580
  Batch 740/8324, Loss: 6.2886
  Batch 750/8324, Loss: 5.7737
  Batch 760/8324, Loss: 5.9073
  Batch 770/8324, Loss: 6.3367
  Batch 780/8324, Loss: 6.3967
  Batch 790/8324, Loss: 6.0452
  Batch 800/8324, Loss: 6.2676
  Batch 810/8324, Loss: 6.3920
  Batch 820/8324, Loss: 6.0526
  Batch 830/8324, Loss: 6.5703
  Batch 840/8324, Loss: 6.4041
  Batch 850/8324, Loss: 6.0951
  Batch 860/8324, Loss: 6.2221
  Batch 870/8324, Loss: 6.4588
  Batch 880/8324, Loss: 6.1983
  Batch 890/8324, Loss: 6.0626
  Batch 900/8324, Loss: 6.4679
  Batch 910/8324, Loss: 6.2305
  Batch 920/8324, Loss: 5.8911
  Batch 930/8324, Loss: 6.4512
  Batch 940/8324, Loss: 6.1813
  Batch 950/8324, Loss: 6.3572
  Batch 960/8324, Loss: 5.7092
  Batch 970/8324, Loss: 6.1162
  Batch 980/8324, Loss: 6.7891
  Batch 990/8324, Loss: 6.1808
  Batch 1000/8324, Loss: 6.2192
  Batch 1010/8324, Loss: 5.9363
  Batch 1020/8324, Loss: 5.9049
  Batch 1030/8324, Loss: 5.6476
  Batch 1040/8324, Loss: 5.9595
  Batch 1050/8324, Loss: 6.5914
  Batch 1060/8324, Loss: 6.3749
  Batch 1070/8324, Loss: 5.7732
  Batch 1080/8324, Loss: 6.3935
  Batch 1090/8324, Loss: 6.1411
  Batch 1100/8324, Loss: 6.1202
  Batch 1110/8324, Loss: 6.0575
  Batch 1120/8324, Loss: 6.1548
  Batch 1130/8324, Loss: 6.1624
  Batch 1140/8324, Loss: 6.4216
  Batch 1150/8324, Loss: 6.2940
  Batch 1160/8324, Loss: 6.3109
  Batch 1170/8324, Loss: 5.8926
  Batch 1180/8324, Loss: 6.4040
  Batch 1190/8324, Loss: 6.0950
  Batch 1200/8324, Loss: 5.9860
  Batch 1210/8324, Loss: 6.3151
  Batch 1220/8324, Loss: 6.3285
  Batch 1230/8324, Loss: 5.6360
  Batch 1240/8324, Loss: 6.3024
  Batch 1250/8324, Loss: 6.1754
  Batch 1260/8324, Loss: 5.6860
  Batch 1270/8324, Loss: 6.1474
  Batch 1280/8324, Loss: 6.4856
  Batch 1290/8324, Loss: 6.1999
  Batch 1300/8324, Loss: 6.0451
  Batch 1310/8324, Loss: 5.9267
  Batch 1320/8324, Loss: 5.8238
  Batch 1330/8324, Loss: 6.1967
  Batch 1340/8324, Loss: 5.9601
  Batch 1350/8324, Loss: 5.7541
  Batch 1360/8324, Loss: 5.7576
  Batch 1370/8324, Loss: 5.8609
  Batch 1380/8324, Loss: 6.3071
  Batch 1390/8324, Loss: 5.8455
  Batch 1400/8324, Loss: 5.9877
  Batch 1410/8324, Loss: 5.6157
  Batch 1420/8324, Loss: 6.3729
  Batch 1430/8324, Loss: 6.1565
  Batch 1440/8324, Loss: 5.9472
  Batch 1450/8324, Loss: 6.2327
  Batch 1460/8324, Loss: 6.3366
  Batch 1470/8324, Loss: 6.0545
  Batch 1480/8324, Loss: 6.3140
  Batch 1490/8324, Loss: 5.3397
  Batch 1500/8324, Loss: 6.1134
  Batch 1510/8324, Loss: 5.7381
  Batch 1520/8324, Loss: 6.4007
  Batch 1530/8324, Loss: 6.0627
  Batch 1540/8324, Loss: 6.1317
  Batch 1550/8324, Loss: 6.1486
  Batch 1560/8324, Loss: 5.7839
  Batch 1570/8324, Loss: 6.1789
  Batch 1580/8324, Loss: 5.4489
  Batch 1590/8324, Loss: 6.0332
  Batch 1600/8324, Loss: 5.8791
  Batch 1610/8324, Loss: 6.1830
  Batch 1620/8324, Loss: 5.6526
  Batch 1630/8324, Loss: 5.9189
  Batch 1640/8324, Loss: 5.9653
  Batch 1650/8324, Loss: 5.7716
  Batch 1660/8324, Loss: 5.8945
  Batch 1670/8324, Loss: 5.9984
  Batch 1680/8324, Loss: 5.9218
  Batch 1690/8324, Loss: 5.7216
  Batch 1700/8324, Loss: 5.8059
  Batch 1710/8324, Loss: 6.2038
  Batch 1720/8324, Loss: 5.9872
  Batch 1730/8324, Loss: 5.9710
  Batch 1740/8324, Loss: 5.5749
  Batch 1750/8324, Loss: 5.5242
  Batch 1760/8324, Loss: 5.9981
  Batch 1770/8324, Loss: 5.8412
  Batch 1780/8324, Loss: 6.0412
  Batch 1790/8324, Loss: 6.1104
  Batch 1800/8324, Loss: 5.9546
  Batch 1810/8324, Loss: 6.3200
  Batch 1820/8324, Loss: 5.8916
  Batch 1830/8324, Loss: 5.8265
  Batch 1840/8324, Loss: 5.8823
  Batch 1850/8324, Loss: 5.6311
  Batch 1860/8324, Loss: 6.0052
  Batch 1870/8324, Loss: 6.3430
  Batch 1880/8324, Loss: 5.5071
  Batch 1890/8324, Loss: 6.2063
  Batch 1900/8324, Loss: 6.0668
  Batch 1910/8324, Loss: 6.4079
  Batch 1920/8324, Loss: 6.1953
  Batch 1930/8324, Loss: 5.8637
  Batch 1940/8324, Loss: 5.7063
  Batch 1950/8324, Loss: 5.4027
  Batch 1960/8324, Loss: 5.8065
  Batch 1970/8324, Loss: 6.0005
  Batch 1980/8324, Loss: 6.2322
  Batch 1990/8324, Loss: 5.6854
  Batch 2000/8324, Loss: 6.1288
  Batch 2010/8324, Loss: 5.6894
  Batch 2020/8324, Loss: 5.5791
  Batch 2030/8324, Loss: 6.1493
  Batch 2040/8324, Loss: 6.0214
  Batch 2050/8324, Loss: 5.9663
  Batch 2060/8324, Loss: 5.2555
  Batch 2070/8324, Loss: 6.0550
  Batch 2080/8324, Loss: 6.4230
  Batch 2090/8324, Loss: 5.9213
  Batch 2100/8324, Loss: 5.8042
  Batch 2110/8324, Loss: 6.0213
  Batch 2120/8324, Loss: 5.8660
  Batch 2130/8324, Loss: 5.7273
  Batch 2140/8324, Loss: 5.9525
  Batch 2150/8324, Loss: 6.0825
  Batch 2160/8324, Loss: 6.0749
  Batch 2170/8324, Loss: 6.2655
  Batch 2180/8324, Loss: 6.1333
  Batch 2190/8324, Loss: 5.9906
  Batch 2200/8324, Loss: 5.9777
  Batch 2210/8324, Loss: 5.9244
  Batch 2220/8324, Loss: 6.1111
  Batch 2230/8324, Loss: 5.8214
  Batch 2240/8324, Loss: 5.4452
  Batch 2250/8324, Loss: 5.8551
  Batch 2260/8324, Loss: 5.9994
  Batch 2270/8324, Loss: 5.9499
  Batch 2280/8324, Loss: 6.1482
  Batch 2290/8324, Loss: 5.7196
  Batch 2300/8324, Loss: 6.1507
  Batch 2310/8324, Loss: 5.9090
  Batch 2320/8324, Loss: 5.9059
  Batch 2330/8324, Loss: 5.5206
  Batch 2340/8324, Loss: 6.0195
  Batch 2350/8324, Loss: 5.7234
  Batch 2360/8324, Loss: 5.7856
  Batch 2370/8324, Loss: 5.3424
  Batch 2380/8324, Loss: 6.2354
  Batch 2390/8324, Loss: 5.7548
  Batch 2400/8324, Loss: 5.8558
  Batch 2410/8324, Loss: 5.3203
  Batch 2420/8324, Loss: 6.0190
  Batch 2430/8324, Loss: 5.8284
  Batch 2440/8324, Loss: 5.8861
  Batch 2450/8324, Loss: 5.1338
  Batch 2460/8324, Loss: 6.4357
  Batch 2470/8324, Loss: 5.7845
  Batch 2480/8324, Loss: 6.0875
  Batch 2490/8324, Loss: 6.0426
  Batch 2500/8324, Loss: 6.1171
  Batch 2510/8324, Loss: 5.5222
  Batch 2520/8324, Loss: 5.9424
  Batch 2530/8324, Loss: 5.9967
  Batch 2540/8324, Loss: 6.2776
  Batch 2550/8324, Loss: 5.6725
  Batch 2560/8324, Loss: 5.7115
  Batch 2570/8324, Loss: 5.8834
  Batch 2580/8324, Loss: 6.3069
  Batch 2590/8324, Loss: 5.7598
  Batch 2600/8324, Loss: 5.6806
  Batch 2610/8324, Loss: 5.9323
  Batch 2620/8324, Loss: 5.5347
  Batch 2630/8324, Loss: 6.1250
  Batch 2640/8324, Loss: 5.9662
  Batch 2650/8324, Loss: 5.8177
  Batch 2660/8324, Loss: 6.3325
  Batch 2670/8324, Loss: 5.6941
  Batch 2680/8324, Loss: 5.6125
  Batch 2690/8324, Loss: 5.4852
  Batch 2700/8324, Loss: 6.0816
  Batch 2710/8324, Loss: 5.6692
  Batch 2720/8324, Loss: 5.7347
  Batch 2730/8324, Loss: 5.9557
  Batch 2740/8324, Loss: 5.5775
  Batch 2750/8324, Loss: 5.8226
  Batch 2760/8324, Loss: 5.8820
  Batch 2770/8324, Loss: 6.1466
  Batch 2780/8324, Loss: 5.6263
  Batch 2790/8324, Loss: 5.5556
  Batch 2800/8324, Loss: 5.9696
  Batch 2810/8324, Loss: 5.6626
  Batch 2820/8324, Loss: 5.4593
  Batch 2830/8324, Loss: 5.7857
  Batch 2840/8324, Loss: 5.8519
  Batch 2850/8324, Loss: 5.8849
  Batch 2860/8324, Loss: 5.7305
  Batch 2870/8324, Loss: 5.7423
  Batch 2880/8324, Loss: 6.1355
  Batch 2890/8324, Loss: 5.4453
  Batch 2900/8324, Loss: 5.9362
  Batch 2910/8324, Loss: 5.3529
  Batch 2920/8324, Loss: 5.5174
  Batch 2930/8324, Loss: 5.8654
  Batch 2940/8324, Loss: 5.8944
  Batch 2950/8324, Loss: 5.8472
  Batch 2960/8324, Loss: 6.0843
  Batch 2970/8324, Loss: 5.5283
  Batch 2980/8324, Loss: 5.7757
  Batch 2990/8324, Loss: 5.2939
  Batch 3000/8324, Loss: 5.9289
  Batch 3010/8324, Loss: 5.9789
  Batch 3020/8324, Loss: 5.8799
  Batch 3030/8324, Loss: 5.8719
  Batch 3040/8324, Loss: 5.6574
  Batch 3050/8324, Loss: 6.0008
  Batch 3060/8324, Loss: 5.4435
  Batch 3070/8324, Loss: 5.5090
  Batch 3080/8324, Loss: 5.2732
  Batch 3090/8324, Loss: 5.7797
  Batch 3100/8324, Loss: 5.1247
  Batch 3110/8324, Loss: 6.1078
  Batch 3120/8324, Loss: 5.3133
  Batch 3130/8324, Loss: 5.7678
  Batch 3140/8324, Loss: 5.8249
  Batch 3150/8324, Loss: 5.8276
  Batch 3160/8324, Loss: 5.9261
  Batch 3170/8324, Loss: 5.9935
  Batch 3180/8324, Loss: 5.7748
  Batch 3190/8324, Loss: 6.0706
  Batch 3200/8324, Loss: 5.6022
  Batch 3210/8324, Loss: 6.1545
  Batch 3220/8324, Loss: 6.0435
  Batch 3230/8324, Loss: 6.0438
  Batch 3240/8324, Loss: 5.5907
  Batch 3250/8324, Loss: 5.6128
  Batch 3260/8324, Loss: 6.3084
  Batch 3270/8324, Loss: 5.6536
  Batch 3280/8324, Loss: 5.6737
  Batch 3290/8324, Loss: 5.8664
  Batch 3300/8324, Loss: 5.8976
  Batch 3310/8324, Loss: 6.0230
  Batch 3320/8324, Loss: 5.5954
  Batch 3330/8324, Loss: 5.6266
  Batch 3340/8324, Loss: 5.5138
  Batch 3350/8324, Loss: 5.7038
  Batch 3360/8324, Loss: 6.0563
  Batch 3370/8324, Loss: 5.9921
  Batch 3380/8324, Loss: 5.6788
  Batch 3390/8324, Loss: 5.6113
  Batch 3400/8324, Loss: 5.6182
  Batch 3410/8324, Loss: 5.7326
  Batch 3420/8324, Loss: 5.9362
  Batch 3430/8324, Loss: 5.3576
  Batch 3440/8324, Loss: 6.0025
  Batch 3450/8324, Loss: 6.0545
  Batch 3460/8324, Loss: 5.8807
  Batch 3470/8324, Loss: 5.6023
  Batch 3480/8324, Loss: 5.8435
  Batch 3490/8324, Loss: 5.1865
  Batch 3500/8324, Loss: 5.9063
  Batch 3510/8324, Loss: 6.2021
  Batch 3520/8324, Loss: 5.8149
  Batch 3530/8324, Loss: 6.1563
  Batch 3540/8324, Loss: 6.0447
  Batch 3550/8324, Loss: 5.8081
  Batch 3560/8324, Loss: 5.4431
  Batch 3570/8324, Loss: 6.1038
  Batch 3580/8324, Loss: 5.2700
  Batch 3590/8324, Loss: 5.7940
  Batch 3600/8324, Loss: 5.3129
  Batch 3610/8324, Loss: 5.4182
  Batch 3620/8324, Loss: 5.9968
  Batch 3630/8324, Loss: 5.3447
  Batch 3640/8324, Loss: 5.5682
  Batch 3650/8324, Loss: 5.3868
  Batch 3660/8324, Loss: 5.7814
  Batch 3670/8324, Loss: 5.7771
  Batch 3680/8324, Loss: 6.1613
  Batch 3690/8324, Loss: 5.3281
  Batch 3700/8324, Loss: 5.6823
  Batch 3710/8324, Loss: 5.6454
  Batch 3720/8324, Loss: 5.5742
  Batch 3730/8324, Loss: 5.8410
  Batch 3740/8324, Loss: 5.3424
  Batch 3750/8324, Loss: 5.7227
  Batch 3760/8324, Loss: 5.4872
  Batch 3770/8324, Loss: 6.0159
  Batch 3780/8324, Loss: 5.6614
  Batch 3790/8324, Loss: 5.9931
  Batch 3800/8324, Loss: 5.7974
  Batch 3810/8324, Loss: 5.4760
  Batch 3820/8324, Loss: 5.8136
  Batch 3830/8324, Loss: 5.8143
  Batch 3840/8324, Loss: 5.9050
  Batch 3850/8324, Loss: 5.6311
  Batch 3860/8324, Loss: 5.0634
  Batch 3870/8324, Loss: 5.3163
  Batch 3880/8324, Loss: 5.5931
  Batch 3890/8324, Loss: 5.9235
  Batch 3900/8324, Loss: 5.7920
  Batch 3910/8324, Loss: 6.0018
  Batch 3920/8324, Loss: 5.8207
  Batch 3930/8324, Loss: 5.6504
  Batch 3940/8324, Loss: 6.2376
  Batch 3950/8324, Loss: 5.6572
  Batch 3960/8324, Loss: 5.6318
  Batch 3970/8324, Loss: 5.4645
  Batch 3980/8324, Loss: 5.5251
  Batch 3990/8324, Loss: 5.8054
  Batch 4000/8324, Loss: 5.3118
  Batch 4010/8324, Loss: 5.8145
  Batch 4020/8324, Loss: 5.3889
  Batch 4030/8324, Loss: 5.5694
  Batch 4040/8324, Loss: 5.9888
  Batch 4050/8324, Loss: 5.6600
  Batch 4060/8324, Loss: 6.0218
  Batch 4070/8324, Loss: 5.8125
  Batch 4080/8324, Loss: 5.3762
  Batch 4090/8324, Loss: 5.4921
  Batch 4100/8324, Loss: 5.9145
  Batch 4110/8324, Loss: 5.8625
  Batch 4120/8324, Loss: 5.5753
  Batch 4130/8324, Loss: 5.1673
  Batch 4140/8324, Loss: 5.5063
  Batch 4150/8324, Loss: 5.5135
  Batch 4160/8324, Loss: 6.2172
  Batch 4170/8324, Loss: 5.9200
  Batch 4180/8324, Loss: 5.7372
  Batch 4190/8324, Loss: 5.6503
  Batch 4200/8324, Loss: 5.6839
  Batch 4210/8324, Loss: 6.1023
  Batch 4220/8324, Loss: 5.5004
  Batch 4230/8324, Loss: 5.3062
  Batch 4240/8324, Loss: 5.9497
  Batch 4250/8324, Loss: 5.5677
  Batch 4260/8324, Loss: 5.5733
  Batch 4270/8324, Loss: 5.2925
  Batch 4280/8324, Loss: 5.5505
  Batch 4290/8324, Loss: 4.9995
  Batch 4300/8324, Loss: 5.4131
  Batch 4310/8324, Loss: 5.9471
  Batch 4320/8324, Loss: 5.5926
  Batch 4330/8324, Loss: 5.5605
  Batch 4340/8324, Loss: 5.2328
  Batch 4350/8324, Loss: 5.6537
  Batch 4360/8324, Loss: 5.3653
  Batch 4370/8324, Loss: 5.2673
  Batch 4380/8324, Loss: 5.6662
  Batch 4390/8324, Loss: 5.5414
  Batch 4400/8324, Loss: 5.4456
  Batch 4410/8324, Loss: 5.4983
  Batch 4420/8324, Loss: 5.1790
  Batch 4430/8324, Loss: 5.7690
  Batch 4440/8324, Loss: 5.5665
  Batch 4450/8324, Loss: 5.1702
  Batch 4460/8324, Loss: 6.1104
  Batch 4470/8324, Loss: 5.6793
  Batch 4480/8324, Loss: 5.9943
  Batch 4490/8324, Loss: 5.8302
  Batch 4500/8324, Loss: 5.4800
  Batch 4510/8324, Loss: 5.5087
  Batch 4520/8324, Loss: 5.7887
  Batch 4530/8324, Loss: 5.4360
  Batch 4540/8324, Loss: 5.6033
  Batch 4550/8324, Loss: 5.9241
  Batch 4560/8324, Loss: 5.5552
  Batch 4570/8324, Loss: 5.9345
  Batch 4580/8324, Loss: 5.6101
  Batch 4590/8324, Loss: 5.7127
  Batch 4600/8324, Loss: 5.7698
  Batch 4610/8324, Loss: 5.8195
  Batch 4620/8324, Loss: 5.5471
  Batch 4630/8324, Loss: 5.5858
  Batch 4640/8324, Loss: 5.3109
  Batch 4650/8324, Loss: 5.7245
  Batch 4660/8324, Loss: 5.2098
  Batch 4670/8324, Loss: 5.8503
  Batch 4680/8324, Loss: 5.3047
  Batch 4690/8324, Loss: 5.5534
  Batch 4700/8324, Loss: 5.2593
  Batch 4710/8324, Loss: 5.7909
  Batch 4720/8324, Loss: 5.2371
  Batch 4730/8324, Loss: 6.0371
  Batch 4740/8324, Loss: 5.3188
  Batch 4750/8324, Loss: 5.7205
  Batch 4760/8324, Loss: 5.1724
  Batch 4770/8324, Loss: 5.5865
  Batch 4780/8324, Loss: 5.4642
  Batch 4790/8324, Loss: 6.0786
  Batch 4800/8324, Loss: 5.7022
  Batch 4810/8324, Loss: 5.6407
  Batch 4820/8324, Loss: 5.1594
  Batch 4830/8324, Loss: 5.5293
  Batch 4840/8324, Loss: 5.1483
  Batch 4850/8324, Loss: 5.2375
  Batch 4860/8324, Loss: 6.0486
  Batch 4870/8324, Loss: 5.4371
  Batch 4880/8324, Loss: 5.4297
  Batch 4890/8324, Loss: 5.5740
  Batch 4900/8324, Loss: 5.8904
  Batch 4910/8324, Loss: 5.4099
  Batch 4920/8324, Loss: 5.3479
  Batch 4930/8324, Loss: 6.3544
  Batch 4940/8324, Loss: 5.8760
  Batch 4950/8324, Loss: 5.8752
  Batch 4960/8324, Loss: 5.9347
  Batch 4970/8324, Loss: 5.0027
  Batch 4980/8324, Loss: 6.0873
  Batch 4990/8324, Loss: 5.7463
  Batch 5000/8324, Loss: 5.4977
  Batch 5010/8324, Loss: 5.9109
  Batch 5020/8324, Loss: 5.6695
  Batch 5030/8324, Loss: 5.6917
  Batch 5040/8324, Loss: 5.6138
  Batch 5050/8324, Loss: 5.4066
  Batch 5060/8324, Loss: 5.6061
  Batch 5070/8324, Loss: 5.8587
  Batch 5080/8324, Loss: 5.5038
  Batch 5090/8324, Loss: 5.4197
  Batch 5100/8324, Loss: 5.0621
  Batch 5110/8324, Loss: 5.6203
  Batch 5120/8324, Loss: 4.9051
  Batch 5130/8324, Loss: 5.4691
  Batch 5140/8324, Loss: 5.5841
  Batch 5150/8324, Loss: 5.3823
  Batch 5160/8324, Loss: 5.6053
  Batch 5170/8324, Loss: 5.6655
  Batch 5180/8324, Loss: 5.6213
  Batch 5190/8324, Loss: 5.6077
  Batch 5200/8324, Loss: 5.1537
  Batch 5210/8324, Loss: 5.8037
  Batch 5220/8324, Loss: 6.0633
  Batch 5230/8324, Loss: 5.7823
  Batch 5240/8324, Loss: 5.3359
  Batch 5250/8324, Loss: 5.8012
  Batch 5260/8324, Loss: 5.7264
  Batch 5270/8324, Loss: 6.0581
  Batch 5280/8324, Loss: 5.7362
  Batch 5290/8324, Loss: 5.6046
  Batch 5300/8324, Loss: 5.6023
  Batch 5310/8324, Loss: 5.8317
  Batch 5320/8324, Loss: 5.7956
  Batch 5330/8324, Loss: 5.6418
  Batch 5340/8324, Loss: 5.8686
  Batch 5350/8324, Loss: 5.6019
  Batch 5360/8324, Loss: 5.4785
  Batch 5370/8324, Loss: 5.3034
  Batch 5380/8324, Loss: 5.1504
  Batch 5390/8324, Loss: 5.8493
  Batch 5400/8324, Loss: 5.8202
  Batch 5410/8324, Loss: 6.4450
  Batch 5420/8324, Loss: 5.3683
  Batch 5430/8324, Loss: 5.6936
  Batch 5440/8324, Loss: 5.5788
  Batch 5450/8324, Loss: 5.9729
  Batch 5460/8324, Loss: 5.0675
  Batch 5470/8324, Loss: 5.8025
  Batch 5480/8324, Loss: 5.6639
  Batch 5490/8324, Loss: 6.2113
  Batch 5500/8324, Loss: 5.2538
  Batch 5510/8324, Loss: 5.1944
  Batch 5520/8324, Loss: 5.6201
  Batch 5530/8324, Loss: 5.5302
  Batch 5540/8324, Loss: 5.3829
  Batch 5550/8324, Loss: 5.7736
  Batch 5560/8324, Loss: 5.0355
  Batch 5570/8324, Loss: 5.5039
  Batch 5580/8324, Loss: 4.5006
  Batch 5590/8324, Loss: 5.3292
  Batch 5600/8324, Loss: 5.2784
  Batch 5610/8324, Loss: 5.7122
  Batch 5620/8324, Loss: 5.3036
  Batch 5630/8324, Loss: 5.7297
  Batch 5640/8324, Loss: 5.8438
  Batch 5650/8324, Loss: 5.7480
  Batch 5660/8324, Loss: 5.4474
  Batch 5670/8324, Loss: 5.2492
  Batch 5680/8324, Loss: 5.9120
  Batch 5690/8324, Loss: 4.8986
  Batch 5700/8324, Loss: 5.3831
  Batch 5710/8324, Loss: 5.2803
  Batch 5720/8324, Loss: 5.7582
  Batch 5730/8324, Loss: 5.3644
  Batch 5740/8324, Loss: 5.4514
  Batch 5750/8324, Loss: 5.3458
  Batch 5760/8324, Loss: 5.0032
  Batch 5770/8324, Loss: 5.7006
  Batch 5780/8324, Loss: 5.2543
  Batch 5790/8324, Loss: 5.5991
  Batch 5800/8324, Loss: 5.5041
  Batch 5810/8324, Loss: 5.1571
  Batch 5820/8324, Loss: 5.4887
  Batch 5830/8324, Loss: 5.6497
  Batch 5840/8324, Loss: 5.9804
  Batch 5850/8324, Loss: 5.8062
  Batch 5860/8324, Loss: 5.5131
  Batch 5870/8324, Loss: 5.5516
  Batch 5880/8324, Loss: 5.4573
  Batch 5890/8324, Loss: 4.9942
  Batch 5900/8324, Loss: 6.0623
  Batch 5910/8324, Loss: 6.0334
  Batch 5920/8324, Loss: 5.5567
  Batch 5930/8324, Loss: 5.2676
  Batch 5940/8324, Loss: 5.4521
  Batch 5950/8324, Loss: 5.1686
  Batch 5960/8324, Loss: 5.6312
  Batch 5970/8324, Loss: 4.6604
  Batch 5980/8324, Loss: 5.4545
  Batch 5990/8324, Loss: 5.6278
  Batch 6000/8324, Loss: 4.8903
  Batch 6010/8324, Loss: 5.4389
  Batch 6020/8324, Loss: 5.9110
  Batch 6030/8324, Loss: 5.3716
  Batch 6040/8324, Loss: 6.1186
  Batch 6050/8324, Loss: 5.7543
  Batch 6060/8324, Loss: 5.3276
  Batch 6070/8324, Loss: 5.3691
  Batch 6080/8324, Loss: 5.9421
  Batch 6090/8324, Loss: 5.0688
  Batch 6100/8324, Loss: 5.4868
  Batch 6110/8324, Loss: 5.1617
  Batch 6120/8324, Loss: 5.5185
  Batch 6130/8324, Loss: 5.2079
  Batch 6140/8324, Loss: 5.0314
  Batch 6150/8324, Loss: 6.0609
  Batch 6160/8324, Loss: 4.9618
  Batch 6170/8324, Loss: 5.9736
  Batch 6180/8324, Loss: 5.0739
  Batch 6190/8324, Loss: 5.6431
  Batch 6200/8324, Loss: 5.7682
  Batch 6210/8324, Loss: 5.3829
  Batch 6220/8324, Loss: 5.5085
  Batch 6230/8324, Loss: 5.2976
  Batch 6240/8324, Loss: 5.9326
  Batch 6250/8324, Loss: 5.8477
  Batch 6260/8324, Loss: 5.4677
  Batch 6270/8324, Loss: 5.4545
  Batch 6280/8324, Loss: 5.7747
  Batch 6290/8324, Loss: 5.4822
  Batch 6300/8324, Loss: 5.2262
  Batch 6310/8324, Loss: 5.7170
  Batch 6320/8324, Loss: 5.4041
  Batch 6330/8324, Loss: 5.4355
  Batch 6340/8324, Loss: 5.3092
  Batch 6350/8324, Loss: 5.9121
  Batch 6360/8324, Loss: 5.2925
  Batch 6370/8324, Loss: 5.2916
  Batch 6380/8324, Loss: 6.1662
  Batch 6390/8324, Loss: 5.7042
  Batch 6400/8324, Loss: 5.5158
  Batch 6410/8324, Loss: 5.2029
  Batch 6420/8324, Loss: 5.9682
  Batch 6430/8324, Loss: 5.5286
  Batch 6440/8324, Loss: 5.5218
  Batch 6450/8324, Loss: 5.3682
  Batch 6460/8324, Loss: 5.3376
  Batch 6470/8324, Loss: 4.9679
  Batch 6480/8324, Loss: 4.9914
  Batch 6490/8324, Loss: 5.1838
  Batch 6500/8324, Loss: 4.8277
  Batch 6510/8324, Loss: 6.0322
  Batch 6520/8324, Loss: 5.3535
  Batch 6530/8324, Loss: 5.4658
  Batch 6540/8324, Loss: 5.3327
  Batch 6550/8324, Loss: 5.5208
  Batch 6560/8324, Loss: 5.1970
  Batch 6570/8324, Loss: 5.8923
  Batch 6580/8324, Loss: 5.1127
  Batch 6590/8324, Loss: 5.3894
  Batch 6600/8324, Loss: 5.5373
  Batch 6610/8324, Loss: 5.4969
  Batch 6620/8324, Loss: 5.5942
  Batch 6630/8324, Loss: 5.7854
  Batch 6640/8324, Loss: 5.4482
  Batch 6650/8324, Loss: 5.7336
  Batch 6660/8324, Loss: 5.1666
  Batch 6670/8324, Loss: 5.4046
  Batch 6680/8324, Loss: 5.0454
  Batch 6690/8324, Loss: 5.5582
  Batch 6700/8324, Loss: 5.3456
  Batch 6710/8324, Loss: 5.6544
  Batch 6720/8324, Loss: 5.1646
  Batch 6730/8324, Loss: 5.0946
  Batch 6740/8324, Loss: 5.5018
  Batch 6750/8324, Loss: 5.8399
  Batch 6760/8324, Loss: 5.4814
  Batch 6770/8324, Loss: 5.8429
  Batch 6780/8324, Loss: 5.3680
  Batch 6790/8324, Loss: 5.5251
  Batch 6800/8324, Loss: 5.1415
  Batch 6810/8324, Loss: 5.0290
  Batch 6820/8324, Loss: 5.7514
  Batch 6830/8324, Loss: 5.1526
  Batch 6840/8324, Loss: 5.8018
  Batch 6850/8324, Loss: 5.8167
  Batch 6860/8324, Loss: 5.5651
  Batch 6870/8324, Loss: 5.4100
  Batch 6880/8324, Loss: 6.0978
  Batch 6890/8324, Loss: 5.4656
  Batch 6900/8324, Loss: 5.4561
  Batch 6910/8324, Loss: 5.5001
  Batch 6920/8324, Loss: 5.7802
  Batch 6930/8324, Loss: 5.6785
  Batch 6940/8324, Loss: 5.0096
  Batch 6950/8324, Loss: 5.2725
  Batch 6960/8324, Loss: 5.5585
  Batch 6970/8324, Loss: 5.3947
  Batch 6980/8324, Loss: 5.6832
  Batch 6990/8324, Loss: 4.8206
  Batch 7000/8324, Loss: 5.0184
  Batch 7010/8324, Loss: 6.2176
  Batch 7020/8324, Loss: 5.4804
  Batch 7030/8324, Loss: 5.3224
  Batch 7040/8324, Loss: 5.9394
  Batch 7050/8324, Loss: 5.5311
  Batch 7060/8324, Loss: 5.7663
  Batch 7070/8324, Loss: 5.0843
  Batch 7080/8324, Loss: 5.9079
  Batch 7090/8324, Loss: 5.4875
  Batch 7100/8324, Loss: 5.5454
  Batch 7110/8324, Loss: 5.3259
  Batch 7120/8324, Loss: 5.9266
  Batch 7130/8324, Loss: 5.2267
  Batch 7140/8324, Loss: 5.3612
  Batch 7150/8324, Loss: 5.6038
  Batch 7160/8324, Loss: 5.2851
  Batch 7170/8324, Loss: 5.2056
  Batch 7180/8324, Loss: 5.5361
  Batch 7190/8324, Loss: 5.3972
  Batch 7200/8324, Loss: 5.7873
  Batch 7210/8324, Loss: 5.0187
  Batch 7220/8324, Loss: 5.7007
  Batch 7230/8324, Loss: 5.2139
  Batch 7240/8324, Loss: 5.5286
  Batch 7250/8324, Loss: 5.5324
  Batch 7260/8324, Loss: 4.9610
  Batch 7270/8324, Loss: 5.7066
  Batch 7280/8324, Loss: 5.6898
  Batch 7290/8324, Loss: 5.0639
  Batch 7300/8324, Loss: 5.1826
  Batch 7310/8324, Loss: 5.7669
  Batch 7320/8324, Loss: 5.5129
  Batch 7330/8324, Loss: 5.8154
  Batch 7340/8324, Loss: 5.7114
  Batch 7350/8324, Loss: 5.1253
  Batch 7360/8324, Loss: 4.7093
  Batch 7370/8324, Loss: 5.5514
  Batch 7380/8324, Loss: 5.4762
  Batch 7390/8324, Loss: 5.7760
  Batch 7400/8324, Loss: 5.2297
  Batch 7410/8324, Loss: 5.2203
  Batch 7420/8324, Loss: 5.7482
  Batch 7430/8324, Loss: 5.1821
  Batch 7440/8324, Loss: 5.6950
  Batch 7450/8324, Loss: 5.4639
  Batch 7460/8324, Loss: 5.1398
  Batch 7470/8324, Loss: 5.2779
  Batch 7480/8324, Loss: 5.8311
  Batch 7490/8324, Loss: 5.6289
  Batch 7500/8324, Loss: 5.2180
  Batch 7510/8324, Loss: 5.0905
  Batch 7520/8324, Loss: 5.3929
  Batch 7530/8324, Loss: 5.3350
  Batch 7540/8324, Loss: 5.6255
  Batch 7550/8324, Loss: 5.6478
  Batch 7560/8324, Loss: 5.1480
  Batch 7570/8324, Loss: 5.9801
  Batch 7580/8324, Loss: 5.7743
  Batch 7590/8324, Loss: 5.8157
  Batch 7600/8324, Loss: 5.2152
  Batch 7610/8324, Loss: 5.2863
  Batch 7620/8324, Loss: 4.8675
  Batch 7630/8324, Loss: 5.7056
  Batch 7640/8324, Loss: 5.5156
  Batch 7650/8324, Loss: 5.3557
  Batch 7660/8324, Loss: 5.2706
  Batch 7670/8324, Loss: 5.3318
  Batch 7680/8324, Loss: 5.5155
  Batch 7690/8324, Loss: 5.5802
  Batch 7700/8324, Loss: 5.1762
  Batch 7710/8324, Loss: 5.9631
  Batch 7720/8324, Loss: 5.1846
  Batch 7730/8324, Loss: 5.1807
  Batch 7740/8324, Loss: 5.3775
  Batch 7750/8324, Loss: 5.4670
  Batch 7760/8324, Loss: 5.4992
  Batch 7770/8324, Loss: 5.5001
  Batch 7780/8324, Loss: 5.5744
  Batch 7790/8324, Loss: 5.3002
  Batch 7800/8324, Loss: 5.1169
  Batch 7810/8324, Loss: 5.4546
  Batch 7820/8324, Loss: 4.7912
  Batch 7830/8324, Loss: 5.3282
  Batch 7840/8324, Loss: 5.4689
  Batch 7850/8324, Loss: 4.6355
  Batch 7860/8324, Loss: 5.8658
  Batch 7870/8324, Loss: 5.1866
  Batch 7880/8324, Loss: 4.9979
  Batch 7890/8324, Loss: 5.1786
  Batch 7900/8324, Loss: 5.6867
  Batch 7910/8324, Loss: 5.7568
  Batch 7920/8324, Loss: 5.1560
  Batch 7930/8324, Loss: 5.1190
  Batch 7940/8324, Loss: 5.3992
  Batch 7950/8324, Loss: 5.2255
  Batch 7960/8324, Loss: 5.2460
  Batch 7970/8324, Loss: 5.3972
  Batch 7980/8324, Loss: 4.6892
  Batch 7990/8324, Loss: 5.5824
  Batch 8000/8324, Loss: 5.1366
  Batch 8010/8324, Loss: 5.0348
  Batch 8020/8324, Loss: 5.5174
  Batch 8030/8324, Loss: 5.5913
  Batch 8040/8324, Loss: 5.4719
  Batch 8050/8324, Loss: 5.3586
  Batch 8060/8324, Loss: 5.0273
  Batch 8070/8324, Loss: 5.3818
  Batch 8080/8324, Loss: 4.9637
  Batch 8090/8324, Loss: 5.5717
  Batch 8100/8324, Loss: 4.6401
  Batch 8110/8324, Loss: 5.1189
  Batch 8120/8324, Loss: 5.5277
  Batch 8130/8324, Loss: 5.7579
  Batch 8140/8324, Loss: 5.2358
  Batch 8150/8324, Loss: 5.6378
  Batch 8160/8324, Loss: 5.3090
  Batch 8170/8324, Loss: 5.9410
  Batch 8180/8324, Loss: 4.7939
  Batch 8190/8324, Loss: 5.6784
  Batch 8200/8324, Loss: 5.4385
  Batch 8210/8324, Loss: 5.2091
  Batch 8220/8324, Loss: 5.7048
  Batch 8230/8324, Loss: 5.5715
  Batch 8240/8324, Loss: 5.6482
  Batch 8250/8324, Loss: 5.4794
  Batch 8260/8324, Loss: 5.5488
  Batch 8270/8324, Loss: 5.4443
  Batch 8280/8324, Loss: 5.8850
  Batch 8290/8324, Loss: 5.6821
  Batch 8300/8324, Loss: 5.6344
  Batch 8310/8324, Loss: 5.2694
  Batch 8320/8324, Loss: 5.1572

  Train Loss: 5.7572
  Val Loss: 6.6908
  Time: 28m 16s
  ✓ Saved checkpoint to /scratch/aitordiez/News2Stock/summaries/simple_seq2seq/checkpoints/checkpoint_epoch_1.pt
  ✓ New best model saved! (val_loss: 6.6908)

Epoch 2/20
----------------------------------------
  Batch 10/8324, Loss: 4.9935
  Batch 20/8324, Loss: 5.2372
  Batch 30/8324, Loss: 5.3792
  Batch 40/8324, Loss: 5.0561
  Batch 50/8324, Loss: 5.1321
  Batch 60/8324, Loss: 5.4850
  Batch 70/8324, Loss: 5.2140
  Batch 80/8324, Loss: 5.3378
  Batch 90/8324, Loss: 5.1926
  Batch 100/8324, Loss: 5.0810
  Batch 110/8324, Loss: 4.9257
  Batch 120/8324, Loss: 5.1983
  Batch 130/8324, Loss: 5.0134
  Batch 140/8324, Loss: 5.6581
  Batch 150/8324, Loss: 5.4465
  Batch 160/8324, Loss: 5.5500
  Batch 170/8324, Loss: 5.0229
  Batch 180/8324, Loss: 5.1706
  Batch 190/8324, Loss: 5.5796
  Batch 200/8324, Loss: 5.2772
  Batch 210/8324, Loss: 5.0208
  Batch 220/8324, Loss: 5.0478
  Batch 230/8324, Loss: 5.3317
  Batch 240/8324, Loss: 5.4179
  Batch 250/8324, Loss: 5.5197
  Batch 260/8324, Loss: 5.1845
  Batch 270/8324, Loss: 5.2575
  Batch 280/8324, Loss: 4.9506
  Batch 290/8324, Loss: 5.1074
  Batch 300/8324, Loss: 5.8708
  Batch 310/8324, Loss: 5.7341
  Batch 320/8324, Loss: 5.5619
  Batch 330/8324, Loss: 5.1486
  Batch 340/8324, Loss: 5.1904
  Batch 350/8324, Loss: 4.7257
  Batch 360/8324, Loss: 5.6224
  Batch 370/8324, Loss: 5.8391
  Batch 380/8324, Loss: 5.0479
  Batch 390/8324, Loss: 5.2895
  Batch 400/8324, Loss: 5.5553
  Batch 410/8324, Loss: 5.4932
  Batch 420/8324, Loss: 5.1134
  Batch 430/8324, Loss: 5.8235
  Batch 440/8324, Loss: 5.2298
  Batch 450/8324, Loss: 4.8096
  Batch 460/8324, Loss: 5.5047
  Batch 470/8324, Loss: 4.8829
  Batch 480/8324, Loss: 5.0800
  Batch 490/8324, Loss: 4.9481
  Batch 500/8324, Loss: 5.8781
  Batch 510/8324, Loss: 5.2156
  Batch 520/8324, Loss: 5.2219
  Batch 530/8324, Loss: 5.0761
  Batch 540/8324, Loss: 5.3999
  Batch 550/8324, Loss: 5.2603
  Batch 560/8324, Loss: 5.3711
  Batch 570/8324, Loss: 5.1544
  Batch 580/8324, Loss: 5.2967
  Batch 590/8324, Loss: 5.5476
  Batch 600/8324, Loss: 5.8281
  Batch 610/8324, Loss: 5.0693
  Batch 620/8324, Loss: 5.3849
  Batch 630/8324, Loss: 5.3088
  Batch 640/8324, Loss: 5.2119
  Batch 650/8324, Loss: 5.5801
  Batch 660/8324, Loss: 5.1624
  Batch 670/8324, Loss: 5.3460
  Batch 680/8324, Loss: 4.9475
  Batch 690/8324, Loss: 5.1181
  Batch 700/8324, Loss: 5.1961
  Batch 710/8324, Loss: 5.2053
  Batch 720/8324, Loss: 5.1827
  Batch 730/8324, Loss: 5.6255
  Batch 740/8324, Loss: 4.6603
  Batch 750/8324, Loss: 5.2007
  Batch 760/8324, Loss: 5.1739
  Batch 770/8324, Loss: 5.0823
  Batch 780/8324, Loss: 5.3934
  Batch 790/8324, Loss: 5.7626
  Batch 800/8324, Loss: 4.8031
  Batch 810/8324, Loss: 4.8999
  Batch 820/8324, Loss: 5.0784
  Batch 830/8324, Loss: 5.6350
  Batch 840/8324, Loss: 5.5218
  Batch 850/8324, Loss: 5.0951
  Batch 860/8324, Loss: 5.5251
  Batch 870/8324, Loss: 5.1631
  Batch 880/8324, Loss: 5.4701
  Batch 890/8324, Loss: 5.2245
  Batch 900/8324, Loss: 5.5133
  Batch 910/8324, Loss: 5.6571
  Batch 920/8324, Loss: 5.3762
  Batch 930/8324, Loss: 5.3875
  Batch 940/8324, Loss: 5.5258
  Batch 950/8324, Loss: 4.8262
  Batch 960/8324, Loss: 5.4059
  Batch 970/8324, Loss: 5.4261
  Batch 980/8324, Loss: 5.6439
  Batch 990/8324, Loss: 5.6877
  Batch 1000/8324, Loss: 5.7154
  Batch 1010/8324, Loss: 5.7367
  Batch 1020/8324, Loss: 5.3325
  Batch 1030/8324, Loss: 5.2093
  Batch 1040/8324, Loss: 5.1793
  Batch 1050/8324, Loss: 4.8746
  Batch 1060/8324, Loss: 5.1981
  Batch 1070/8324, Loss: 5.5296
  Batch 1080/8324, Loss: 5.6022
  Batch 1090/8324, Loss: 5.3009
  Batch 1100/8324, Loss: 4.9854
  Batch 1110/8324, Loss: 4.9349
  Batch 1120/8324, Loss: 5.8607
  Batch 1130/8324, Loss: 5.8628
  Batch 1140/8324, Loss: 4.9711
  Batch 1150/8324, Loss: 5.3600
  Batch 1160/8324, Loss: 5.1741
  Batch 1170/8324, Loss: 5.4065
  Batch 1180/8324, Loss: 5.1801
  Batch 1190/8324, Loss: 5.4739
  Batch 1200/8324, Loss: 5.7276
  Batch 1210/8324, Loss: 5.0998
  Batch 1220/8324, Loss: 5.2320
  Batch 1230/8324, Loss: 5.3391
  Batch 1240/8324, Loss: 5.1796
  Batch 1250/8324, Loss: 5.4856
  Batch 1260/8324, Loss: 5.5131
  Batch 1270/8324, Loss: 5.0622
  Batch 1280/8324, Loss: 5.6656
  Batch 1290/8324, Loss: 4.5897
  Batch 1300/8324, Loss: 5.3243
  Batch 1310/8324, Loss: 5.1985
  Batch 1320/8324, Loss: 5.9665
  Batch 1330/8324, Loss: 5.1464
  Batch 1340/8324, Loss: 5.0234
  Batch 1350/8324, Loss: 5.6393
  Batch 1360/8324, Loss: 4.7605
  Batch 1370/8324, Loss: 5.0284
  Batch 1380/8324, Loss: 5.1327
  Batch 1390/8324, Loss: 4.9155
  Batch 1400/8324, Loss: 5.8058
  Batch 1410/8324, Loss: 5.2700
  Batch 1420/8324, Loss: 5.4685
  Batch 1430/8324, Loss: 4.6910
  Batch 1440/8324, Loss: 5.4721
  Batch 1450/8324, Loss: 5.1800
  Batch 1460/8324, Loss: 4.8625
  Batch 1470/8324, Loss: 5.2760
  Batch 1480/8324, Loss: 4.9370
  Batch 1490/8324, Loss: 5.3063
  Batch 1500/8324, Loss: 4.9674
  Batch 1510/8324, Loss: 5.7872
  Batch 1520/8324, Loss: 4.9678
  Batch 1530/8324, Loss: 5.0600
  Batch 1540/8324, Loss: 5.2708
  Batch 1550/8324, Loss: 4.5734
  Batch 1560/8324, Loss: 5.3609
  Batch 1570/8324, Loss: 5.3503
  Batch 1580/8324, Loss: 5.2462
  Batch 1590/8324, Loss: 5.6788
  Batch 1600/8324, Loss: 4.9941
  Batch 1610/8324, Loss: 5.3463
  Batch 1620/8324, Loss: 5.5417
  Batch 1630/8324, Loss: 4.9512
  Batch 1640/8324, Loss: 5.1025
  Batch 1650/8324, Loss: 4.7669
  Batch 1660/8324, Loss: 5.5061
  Batch 1670/8324, Loss: 5.3866
  Batch 1680/8324, Loss: 5.4214
  Batch 1690/8324, Loss: 4.7858
  Batch 1700/8324, Loss: 5.1391
  Batch 1710/8324, Loss: 5.4628
  Batch 1720/8324, Loss: 5.6686
  Batch 1730/8324, Loss: 5.4624
  Batch 1740/8324, Loss: 4.9870
  Batch 1750/8324, Loss: 4.6832
  Batch 1760/8324, Loss: 5.4950
  Batch 1770/8324, Loss: 5.2610
  Batch 1780/8324, Loss: 5.5615
  Batch 1790/8324, Loss: 5.5815
  Batch 1800/8324, Loss: 5.1520
  Batch 1810/8324, Loss: 4.3870
  Batch 1820/8324, Loss: 5.3024
  Batch 1830/8324, Loss: 5.4128
  Batch 1840/8324, Loss: 5.0907
  Batch 1850/8324, Loss: 5.1300
  Batch 1860/8324, Loss: 5.7867
  Batch 1870/8324, Loss: 5.2300
  Batch 1880/8324, Loss: 4.8088
  Batch 1890/8324, Loss: 5.0122
  Batch 1900/8324, Loss: 5.1641
  Batch 1910/8324, Loss: 4.9605
  Batch 1920/8324, Loss: 5.1017
  Batch 1930/8324, Loss: 5.2037
  Batch 1940/8324, Loss: 5.4245
  Batch 1950/8324, Loss: 4.9818
  Batch 1960/8324, Loss: 4.9629
  Batch 1970/8324, Loss: 4.7479
  Batch 1980/8324, Loss: 5.6423
  Batch 1990/8324, Loss: 5.5728
  Batch 2000/8324, Loss: 5.3874
  Batch 2010/8324, Loss: 5.5150
  Batch 2020/8324, Loss: 5.3411
  Batch 2030/8324, Loss: 5.2342
  Batch 2040/8324, Loss: 5.1737
  Batch 2050/8324, Loss: 5.0822
  Batch 2060/8324, Loss: 5.5100
  Batch 2070/8324, Loss: 5.0926
  Batch 2080/8324, Loss: 5.6669
  Batch 2090/8324, Loss: 5.1044
  Batch 2100/8324, Loss: 5.4014
  Batch 2110/8324, Loss: 5.5317
  Batch 2120/8324, Loss: 5.6154
  Batch 2130/8324, Loss: 5.3021
  Batch 2140/8324, Loss: 4.6012
  Batch 2150/8324, Loss: 5.1392
  Batch 2160/8324, Loss: 5.0818
  Batch 2170/8324, Loss: 4.8158
  Batch 2180/8324, Loss: 5.3479
  Batch 2190/8324, Loss: 5.3522
  Batch 2200/8324, Loss: 5.0820
  Batch 2210/8324, Loss: 5.9791
  Batch 2220/8324, Loss: 5.5023
  Batch 2230/8324, Loss: 5.2699
  Batch 2240/8324, Loss: 5.0959
  Batch 2250/8324, Loss: 5.1260
  Batch 2260/8324, Loss: 5.1816
  Batch 2270/8324, Loss: 5.4029
  Batch 2280/8324, Loss: 5.2678
  Batch 2290/8324, Loss: 5.2675
  Batch 2300/8324, Loss: 4.4759
  Batch 2310/8324, Loss: 5.0496
  Batch 2320/8324, Loss: 5.3370
  Batch 2330/8324, Loss: 5.6543
  Batch 2340/8324, Loss: 5.4197
  Batch 2350/8324, Loss: 5.3693
  Batch 2360/8324, Loss: 5.3099
  Batch 2370/8324, Loss: 5.1761
  Batch 2380/8324, Loss: 5.0515
  Batch 2390/8324, Loss: 5.5692
  Batch 2400/8324, Loss: 5.2552
  Batch 2410/8324, Loss: 5.4103
  Batch 2420/8324, Loss: 5.0400
  Batch 2430/8324, Loss: 5.4264
  Batch 2440/8324, Loss: 4.6545
  Batch 2450/8324, Loss: 5.2549
  Batch 2460/8324, Loss: 5.6077
  Batch 2470/8324, Loss: 5.3069
  Batch 2480/8324, Loss: 5.0707
  Batch 2490/8324, Loss: 5.5808
  Batch 2500/8324, Loss: 5.0548
  Batch 2510/8324, Loss: 5.2305
  Batch 2520/8324, Loss: 4.4363
  Batch 2530/8324, Loss: 5.7510
  Batch 2540/8324, Loss: 5.3858
  Batch 2550/8324, Loss: 5.1432
  Batch 2560/8324, Loss: 5.4188
  Batch 2570/8324, Loss: 5.4085
  Batch 2580/8324, Loss: 5.1877
  Batch 2590/8324, Loss: 5.3538
  Batch 2600/8324, Loss: 5.4064
  Batch 2610/8324, Loss: 5.2473
  Batch 2620/8324, Loss: 5.2571
  Batch 2630/8324, Loss: 4.9782
  Batch 2640/8324, Loss: 5.2474
  Batch 2650/8324, Loss: 4.9842
  Batch 2660/8324, Loss: 4.5648
  Batch 2670/8324, Loss: 5.3658
  Batch 2680/8324, Loss: 4.5957
  Batch 2690/8324, Loss: 5.4070
  Batch 2700/8324, Loss: 4.9540
  Batch 2710/8324, Loss: 5.6900
  Batch 2720/8324, Loss: 4.6725
  Batch 2730/8324, Loss: 5.3859
  Batch 2740/8324, Loss: 5.1111
  Batch 2750/8324, Loss: 5.3679
  Batch 2760/8324, Loss: 5.4135
  Batch 2770/8324, Loss: 5.6180
  Batch 2780/8324, Loss: 5.5552
  Batch 2790/8324, Loss: 5.4939
  Batch 2800/8324, Loss: 5.5970
  Batch 2810/8324, Loss: 5.2522
  Batch 2820/8324, Loss: 5.7997
  Batch 2830/8324, Loss: 5.1630
  Batch 2840/8324, Loss: 5.1456
  Batch 2850/8324, Loss: 5.5581
  Batch 2860/8324, Loss: 5.3290
  Batch 2870/8324, Loss: 5.0946
  Batch 2880/8324, Loss: 4.9987
  Batch 2890/8324, Loss: 4.9180
  Batch 2900/8324, Loss: 5.5519
  Batch 2910/8324, Loss: 4.9769
  Batch 2920/8324, Loss: 5.5260
  Batch 2930/8324, Loss: 4.7992
  Batch 2940/8324, Loss: 5.5263
  Batch 2950/8324, Loss: 4.8339
  Batch 2960/8324, Loss: 5.2020
  Batch 2970/8324, Loss: 5.2895
  Batch 2980/8324, Loss: 5.3201
  Batch 2990/8324, Loss: 5.5116
  Batch 3000/8324, Loss: 5.0202
  Batch 3010/8324, Loss: 5.2880
  Batch 3020/8324, Loss: 4.3893
  Batch 3030/8324, Loss: 5.1440
  Batch 3040/8324, Loss: 5.1154
  Batch 3050/8324, Loss: 5.1039
  Batch 3060/8324, Loss: 5.1062
  Batch 3070/8324, Loss: 5.4234
  Batch 3080/8324, Loss: 4.7582
  Batch 3090/8324, Loss: 4.9662
  Batch 3100/8324, Loss: 5.2937
  Batch 3110/8324, Loss: 5.4367
  Batch 3120/8324, Loss: 4.8359
  Batch 3130/8324, Loss: 4.9027
  Batch 3140/8324, Loss: 5.7096
  Batch 3150/8324, Loss: 4.8968
  Batch 3160/8324, Loss: 5.4533
  Batch 3170/8324, Loss: 4.7265
  Batch 3180/8324, Loss: 5.1606
  Batch 3190/8324, Loss: 5.2947
  Batch 3200/8324, Loss: 5.0630
  Batch 3210/8324, Loss: 4.8770
  Batch 3220/8324, Loss: 5.4770
  Batch 3230/8324, Loss: 5.1766
  Batch 3240/8324, Loss: 5.1425
  Batch 3250/8324, Loss: 5.4986
  Batch 3260/8324, Loss: 5.0362
  Batch 3270/8324, Loss: 5.5471
  Batch 3280/8324, Loss: 5.0228
  Batch 3290/8324, Loss: 5.6657
  Batch 3300/8324, Loss: 4.8824
  Batch 3310/8324, Loss: 4.8641
  Batch 3320/8324, Loss: 5.1261
  Batch 3330/8324, Loss: 5.1914
  Batch 3340/8324, Loss: 5.3831
  Batch 3350/8324, Loss: 5.4826
  Batch 3360/8324, Loss: 5.5151
  Batch 3370/8324, Loss: 5.1458
  Batch 3380/8324, Loss: 4.9309
  Batch 3390/8324, Loss: 5.1191
  Batch 3400/8324, Loss: 5.8597
  Batch 3410/8324, Loss: 5.9364
  Batch 3420/8324, Loss: 5.7023
  Batch 3430/8324, Loss: 5.2532
  Batch 3440/8324, Loss: 5.4618
  Batch 3450/8324, Loss: 5.2178
  Batch 3460/8324, Loss: 4.9879
  Batch 3470/8324, Loss: 5.1132
  Batch 3480/8324, Loss: 5.2469
  Batch 3490/8324, Loss: 5.2773
  Batch 3500/8324, Loss: 5.1238
  Batch 3510/8324, Loss: 5.1293
  Batch 3520/8324, Loss: 5.2995
  Batch 3530/8324, Loss: 5.3459
  Batch 3540/8324, Loss: 5.3495
  Batch 3550/8324, Loss: 5.2905
  Batch 3560/8324, Loss: 5.1065
  Batch 3570/8324, Loss: 5.1976
  Batch 3580/8324, Loss: 5.3925
  Batch 3590/8324, Loss: 5.3096
  Batch 3600/8324, Loss: 5.4416
  Batch 3610/8324, Loss: 5.2151
  Batch 3620/8324, Loss: 5.4176
  Batch 3630/8324, Loss: 5.2315
  Batch 3640/8324, Loss: 5.4749
  Batch 3650/8324, Loss: 5.1948
  Batch 3660/8324, Loss: 5.2121
  Batch 3670/8324, Loss: 4.9069
  Batch 3680/8324, Loss: 5.2255
  Batch 3690/8324, Loss: 4.7096
  Batch 3700/8324, Loss: 5.4475
  Batch 3710/8324, Loss: 5.0741
  Batch 3720/8324, Loss: 5.1786
  Batch 3730/8324, Loss: 5.4876
  Batch 3740/8324, Loss: 4.8448
  Batch 3750/8324, Loss: 4.6214
  Batch 3760/8324, Loss: 5.5504
  Batch 3770/8324, Loss: 5.2147
  Batch 3780/8324, Loss: 5.8971
  Batch 3790/8324, Loss: 5.0896
  Batch 3800/8324, Loss: 5.2444
  Batch 3810/8324, Loss: 5.5550
  Batch 3820/8324, Loss: 5.5487
  Batch 3830/8324, Loss: 5.3502
  Batch 3840/8324, Loss: 5.5739
  Batch 3850/8324, Loss: 5.5968
  Batch 3860/8324, Loss: 5.6503
  Batch 3870/8324, Loss: 4.2305
  Batch 3880/8324, Loss: 5.3191
  Batch 3890/8324, Loss: 5.0376
  Batch 3900/8324, Loss: 5.2245
  Batch 3910/8324, Loss: 5.1010
  Batch 3920/8324, Loss: 5.2798
  Batch 3930/8324, Loss: 5.6115
  Batch 3940/8324, Loss: 5.5075
  Batch 3950/8324, Loss: 5.3772
  Batch 3960/8324, Loss: 5.3710
  Batch 3970/8324, Loss: 5.4554
  Batch 3980/8324, Loss: 5.4445
  Batch 3990/8324, Loss: 5.4229
  Batch 4000/8324, Loss: 4.7888
  Batch 4010/8324, Loss: 5.2098
  Batch 4020/8324, Loss: 5.0864
  Batch 4030/8324, Loss: 5.1646
  Batch 4040/8324, Loss: 6.0416
  Batch 4050/8324, Loss: 4.7290
  Batch 4060/8324, Loss: 5.0407
  Batch 4070/8324, Loss: 5.1735
  Batch 4080/8324, Loss: 5.4465
  Batch 4090/8324, Loss: 5.3103
  Batch 4100/8324, Loss: 4.4232
  Batch 4110/8324, Loss: 5.2587
  Batch 4120/8324, Loss: 5.0326
  Batch 4130/8324, Loss: 5.3069
  Batch 4140/8324, Loss: 5.1450
  Batch 4150/8324, Loss: 5.1434
  Batch 4160/8324, Loss: 5.6423
  Batch 4170/8324, Loss: 4.9056
  Batch 4180/8324, Loss: 4.7046
  Batch 4190/8324, Loss: 5.3870
  Batch 4200/8324, Loss: 5.1706
  Batch 4210/8324, Loss: 5.0805
  Batch 4220/8324, Loss: 5.4597
  Batch 4230/8324, Loss: 5.4037
  Batch 4240/8324, Loss: 4.7522
  Batch 4250/8324, Loss: 5.4086
  Batch 4260/8324, Loss: 5.1978
  Batch 4270/8324, Loss: 4.9249
  Batch 4280/8324, Loss: 5.0926
  Batch 4290/8324, Loss: 5.7614
  Batch 4300/8324, Loss: 5.1012
  Batch 4310/8324, Loss: 5.3027
  Batch 4320/8324, Loss: 5.2632
  Batch 4330/8324, Loss: 5.5452
  Batch 4340/8324, Loss: 5.4258
  Batch 4350/8324, Loss: 4.8275
  Batch 4360/8324, Loss: 4.8337
  Batch 4370/8324, Loss: 5.1890
  Batch 4380/8324, Loss: 4.8411
  Batch 4390/8324, Loss: 4.5504
  Batch 4400/8324, Loss: 5.2896
  Batch 4410/8324, Loss: 4.5051
  Batch 4420/8324, Loss: 5.2193
  Batch 4430/8324, Loss: 5.1462
  Batch 4440/8324, Loss: 5.1559
  Batch 4450/8324, Loss: 5.8091
  Batch 4460/8324, Loss: 5.1731
  Batch 4470/8324, Loss: 5.7046
  Batch 4480/8324, Loss: 5.1797
  Batch 4490/8324, Loss: 5.3102
  Batch 4500/8324, Loss: 4.9482
  Batch 4510/8324, Loss: 5.0545
  Batch 4520/8324, Loss: 5.1247
  Batch 4530/8324, Loss: 5.2876
  Batch 4540/8324, Loss: 5.1252
  Batch 4550/8324, Loss: 5.4156
  Batch 4560/8324, Loss: 5.5671
  Batch 4570/8324, Loss: 4.5499
  Batch 4580/8324, Loss: 4.6103
  Batch 4590/8324, Loss: 4.9949
  Batch 4600/8324, Loss: 5.1321
  Batch 4610/8324, Loss: 4.9007
  Batch 4620/8324, Loss: 5.0291
  Batch 4630/8324, Loss: 5.5659
  Batch 4640/8324, Loss: 5.3334
  Batch 4650/8324, Loss: 5.6914
  Batch 4660/8324, Loss: 5.3268
  Batch 4670/8324, Loss: 4.8285
  Batch 4680/8324, Loss: 5.2205
  Batch 4690/8324, Loss: 5.3489
  Batch 4700/8324, Loss: 4.9860
  Batch 4710/8324, Loss: 4.9023
  Batch 4720/8324, Loss: 4.8571
  Batch 4730/8324, Loss: 5.2553
  Batch 4740/8324, Loss: 5.1104
  Batch 4750/8324, Loss: 5.7808
  Batch 4760/8324, Loss: 5.3964
  Batch 4770/8324, Loss: 4.7428
  Batch 4780/8324, Loss: 4.8572
  Batch 4790/8324, Loss: 5.6410
  Batch 4800/8324, Loss: 5.7618
  Batch 4810/8324, Loss: 5.4801
  Batch 4820/8324, Loss: 4.5390
  Batch 4830/8324, Loss: 5.3593
  Batch 4840/8324, Loss: 5.1990
  Batch 4850/8324, Loss: 5.4261
  Batch 4860/8324, Loss: 5.2471
  Batch 4870/8324, Loss: 5.1750
  Batch 4880/8324, Loss: 4.8945
  Batch 4890/8324, Loss: 5.2862
  Batch 4900/8324, Loss: 4.9796
  Batch 4910/8324, Loss: 5.0042
  Batch 4920/8324, Loss: 5.5171
  Batch 4930/8324, Loss: 5.1765
  Batch 4940/8324, Loss: 4.9353
  Batch 4950/8324, Loss: 5.7952
  Batch 4960/8324, Loss: 5.0329
  Batch 4970/8324, Loss: 5.2366
  Batch 4980/8324, Loss: 4.8778
  Batch 4990/8324, Loss: 5.1093
  Batch 5000/8324, Loss: 4.8174
  Batch 5010/8324, Loss: 5.0474
  Batch 5020/8324, Loss: 5.2878
  Batch 5030/8324, Loss: 5.1806
  Batch 5040/8324, Loss: 4.8851
  Batch 5050/8324, Loss: 5.4079
  Batch 5060/8324, Loss: 5.3041
  Batch 5070/8324, Loss: 5.2309
  Batch 5080/8324, Loss: 5.4002
  Batch 5090/8324, Loss: 5.7584
  Batch 5100/8324, Loss: 4.8567
  Batch 5110/8324, Loss: 5.3520
  Batch 5120/8324, Loss: 4.9856
  Batch 5130/8324, Loss: 5.2139
  Batch 5140/8324, Loss: 5.0787
  Batch 5150/8324, Loss: 5.0180
  Batch 5160/8324, Loss: 5.1007
  Batch 5170/8324, Loss: 5.5063
  Batch 5180/8324, Loss: 5.5768
  Batch 5190/8324, Loss: 4.9765
  Batch 5200/8324, Loss: 4.9231
  Batch 5210/8324, Loss: 4.9341
  Batch 5220/8324, Loss: 5.0276
  Batch 5230/8324, Loss: 5.4992
  Batch 5240/8324, Loss: 4.9856
  Batch 5250/8324, Loss: 4.8720
  Batch 5260/8324, Loss: 5.5894
  Batch 5270/8324, Loss: 5.3914
  Batch 5280/8324, Loss: 5.3915
  Batch 5290/8324, Loss: 5.3095
  Batch 5300/8324, Loss: 5.2403
  Batch 5310/8324, Loss: 5.5034
  Batch 5320/8324, Loss: 5.0544
  Batch 5330/8324, Loss: 5.3735
  Batch 5340/8324, Loss: 5.3155
  Batch 5350/8324, Loss: 5.5826
  Batch 5360/8324, Loss: 5.4567
  Batch 5370/8324, Loss: 5.5664
  Batch 5380/8324, Loss: 5.3108
  Batch 5390/8324, Loss: 5.3570
  Batch 5400/8324, Loss: 5.2345
  Batch 5410/8324, Loss: 5.4584
  Batch 5420/8324, Loss: 5.2789
  Batch 5430/8324, Loss: 5.7127
  Batch 5440/8324, Loss: 5.1106
  Batch 5450/8324, Loss: 5.1471
  Batch 5460/8324, Loss: 5.2253
  Batch 5470/8324, Loss: 5.5505
  Batch 5480/8324, Loss: 5.2511
  Batch 5490/8324, Loss: 5.3412
  Batch 5500/8324, Loss: 4.8869
  Batch 5510/8324, Loss: 5.8929
  Batch 5520/8324, Loss: 4.9047
  Batch 5530/8324, Loss: 5.2392
  Batch 5540/8324, Loss: 5.2669
  Batch 5550/8324, Loss: 5.3490
  Batch 5560/8324, Loss: 5.6176
  Batch 5570/8324, Loss: 5.3516
  Batch 5580/8324, Loss: 5.2157
  Batch 5590/8324, Loss: 5.1820
  Batch 5600/8324, Loss: 5.6344
  Batch 5610/8324, Loss: 5.0081
  Batch 5620/8324, Loss: 5.5912
  Batch 5630/8324, Loss: 5.5090
  Batch 5640/8324, Loss: 5.0680
  Batch 5650/8324, Loss: 5.0143
  Batch 5660/8324, Loss: 5.1985
  Batch 5670/8324, Loss: 5.5796
  Batch 5680/8324, Loss: 4.6731
  Batch 5690/8324, Loss: 5.2446
  Batch 5700/8324, Loss: 5.1278
  Batch 5710/8324, Loss: 4.6537
  Batch 5720/8324, Loss: 5.3394
  Batch 5730/8324, Loss: 5.5637
  Batch 5740/8324, Loss: 5.1781
  Batch 5750/8324, Loss: 5.3070
  Batch 5760/8324, Loss: 5.4354
  Batch 5770/8324, Loss: 4.5857
  Batch 5780/8324, Loss: 5.0705
  Batch 5790/8324, Loss: 5.2746
  Batch 5800/8324, Loss: 4.6170
  Batch 5810/8324, Loss: 5.2910
  Batch 5820/8324, Loss: 5.1733
  Batch 5830/8324, Loss: 5.3733
  Batch 5840/8324, Loss: 4.8472
  Batch 5850/8324, Loss: 5.5523
  Batch 5860/8324, Loss: 4.9914
  Batch 5870/8324, Loss: 4.9466
  Batch 5880/8324, Loss: 5.3225
  Batch 5890/8324, Loss: 5.6324
  Batch 5900/8324, Loss: 5.5262
  Batch 5910/8324, Loss: 5.5391
  Batch 5920/8324, Loss: 5.2796
  Batch 5930/8324, Loss: 5.2409
  Batch 5940/8324, Loss: 5.0918
  Batch 5950/8324, Loss: 5.3667
  Batch 5960/8324, Loss: 5.1301
  Batch 5970/8324, Loss: 5.2874
  Batch 5980/8324, Loss: 4.7405
  Batch 5990/8324, Loss: 5.2351
  Batch 6000/8324, Loss: 5.4184
  Batch 6010/8324, Loss: 5.5980
  Batch 6020/8324, Loss: 4.9836
  Batch 6030/8324, Loss: 4.6572
  Batch 6040/8324, Loss: 5.4915
  Batch 6050/8324, Loss: 5.0283
  Batch 6060/8324, Loss: 5.4944
  Batch 6070/8324, Loss: 5.0792
  Batch 6080/8324, Loss: 5.0546
  Batch 6090/8324, Loss: 5.2776
  Batch 6100/8324, Loss: 5.3946
  Batch 6110/8324, Loss: 5.2200
  Batch 6120/8324, Loss: 5.3036
  Batch 6130/8324, Loss: 5.0970
  Batch 6140/8324, Loss: 5.1562
  Batch 6150/8324, Loss: 4.9231
  Batch 6160/8324, Loss: 4.7493
  Batch 6170/8324, Loss: 4.7666
  Batch 6180/8324, Loss: 5.3082
  Batch 6190/8324, Loss: 5.2731
  Batch 6200/8324, Loss: 4.9167
  Batch 6210/8324, Loss: 5.1606
  Batch 6220/8324, Loss: 4.3427
  Batch 6230/8324, Loss: 4.3096
  Batch 6240/8324, Loss: 4.7366
  Batch 6250/8324, Loss: 5.6409
  Batch 6260/8324, Loss: 5.3132
  Batch 6270/8324, Loss: 4.8462
  Batch 6280/8324, Loss: 5.1295
  Batch 6290/8324, Loss: 4.8831
  Batch 6300/8324, Loss: 4.3504
  Batch 6310/8324, Loss: 5.1952
  Batch 6320/8324, Loss: 5.4932
  Batch 6330/8324, Loss: 5.2344
  Batch 6340/8324, Loss: 4.8935
  Batch 6350/8324, Loss: 5.5778
  Batch 6360/8324, Loss: 4.7610
  Batch 6370/8324, Loss: 5.0445
  Batch 6380/8324, Loss: 5.3438
  Batch 6390/8324, Loss: 5.8601
  Batch 6400/8324, Loss: 5.7436
  Batch 6410/8324, Loss: 5.0861
  Batch 6420/8324, Loss: 5.0404
  Batch 6430/8324, Loss: 5.5597
  Batch 6440/8324, Loss: 5.3778
  Batch 6450/8324, Loss: 5.1017
  Batch 6460/8324, Loss: 5.7200
  Batch 6470/8324, Loss: 5.6350
  Batch 6480/8324, Loss: 4.9843
  Batch 6490/8324, Loss: 5.0997
  Batch 6500/8324, Loss: 5.2991
  Batch 6510/8324, Loss: 5.0194
  Batch 6520/8324, Loss: 4.9482
  Batch 6530/8324, Loss: 5.0341
  Batch 6540/8324, Loss: 4.7966
  Batch 6550/8324, Loss: 4.9170
  Batch 6560/8324, Loss: 5.0241
  Batch 6570/8324, Loss: 4.9974
  Batch 6580/8324, Loss: 5.3248
  Batch 6590/8324, Loss: 5.1497
  Batch 6600/8324, Loss: 5.3076
  Batch 6610/8324, Loss: 5.3500
  Batch 6620/8324, Loss: 4.8217
  Batch 6630/8324, Loss: 5.3285
  Batch 6640/8324, Loss: 5.8145
  Batch 6650/8324, Loss: 4.7879
  Batch 6660/8324, Loss: 4.4328
  Batch 6670/8324, Loss: 4.9848
  Batch 6680/8324, Loss: 4.6646
  Batch 6690/8324, Loss: 5.3060
  Batch 6700/8324, Loss: 5.8272
  Batch 6710/8324, Loss: 5.3116
  Batch 6720/8324, Loss: 5.3245
  Batch 6730/8324, Loss: 4.9657
  Batch 6740/8324, Loss: 4.8372
  Batch 6750/8324, Loss: 5.5242
  Batch 6760/8324, Loss: 5.0689
  Batch 6770/8324, Loss: 4.9364
  Batch 6780/8324, Loss: 5.1327
  Batch 6790/8324, Loss: 4.9303
  Batch 6800/8324, Loss: 5.1566
  Batch 6810/8324, Loss: 4.9887
  Batch 6820/8324, Loss: 4.9671
  Batch 6830/8324, Loss: 4.8449
  Batch 6840/8324, Loss: 5.6153
  Batch 6850/8324, Loss: 5.0944
  Batch 6860/8324, Loss: 5.2454
  Batch 6870/8324, Loss: 5.3538
  Batch 6880/8324, Loss: 4.8003
  Batch 6890/8324, Loss: 5.0702
  Batch 6900/8324, Loss: 5.0028
  Batch 6910/8324, Loss: 4.9498
  Batch 6920/8324, Loss: 4.9472
  Batch 6930/8324, Loss: 4.7941
  Batch 6940/8324, Loss: 5.6510
  Batch 6950/8324, Loss: 5.2081
  Batch 6960/8324, Loss: 5.7965
  Batch 6970/8324, Loss: 5.2366
  Batch 6980/8324, Loss: 5.3869
  Batch 6990/8324, Loss: 5.5541
  Batch 7000/8324, Loss: 4.7444
  Batch 7010/8324, Loss: 4.8946
  Batch 7020/8324, Loss: 4.9221
  Batch 7030/8324, Loss: 4.7955
  Batch 7040/8324, Loss: 5.4090
  Batch 7050/8324, Loss: 5.3186
  Batch 7060/8324, Loss: 5.1972
  Batch 7070/8324, Loss: 4.6580
  Batch 7080/8324, Loss: 5.0706
  Batch 7090/8324, Loss: 5.4379
  Batch 7100/8324, Loss: 5.0817
  Batch 7110/8324, Loss: 5.4785
  Batch 7120/8324, Loss: 5.2524
  Batch 7130/8324, Loss: 5.0217
  Batch 7140/8324, Loss: 4.4469
  Batch 7150/8324, Loss: 5.3030
  Batch 7160/8324, Loss: 5.6052
  Batch 7170/8324, Loss: 5.2753
  Batch 7180/8324, Loss: 5.2163
  Batch 7190/8324, Loss: 5.1411
  Batch 7200/8324, Loss: 5.2870
  Batch 7210/8324, Loss: 5.1381
  Batch 7220/8324, Loss: 5.0541
  Batch 7230/8324, Loss: 5.4206
  Batch 7240/8324, Loss: 4.4394
  Batch 7250/8324, Loss: 4.8336
  Batch 7260/8324, Loss: 4.8010
  Batch 7270/8324, Loss: 4.5452
  Batch 7280/8324, Loss: 5.3339
  Batch 7290/8324, Loss: 5.5246
  Batch 7300/8324, Loss: 4.9071
  Batch 7310/8324, Loss: 5.1751
  Batch 7320/8324, Loss: 5.5602
  Batch 7330/8324, Loss: 4.7770
  Batch 7340/8324, Loss: 5.1943
  Batch 7350/8324, Loss: 5.4778
  Batch 7360/8324, Loss: 5.6424
  Batch 7370/8324, Loss: 4.9199
  Batch 7380/8324, Loss: 5.1146
  Batch 7390/8324, Loss: 4.6880
  Batch 7400/8324, Loss: 4.6721
  Batch 7410/8324, Loss: 5.4127
  Batch 7420/8324, Loss: 4.6304
  Batch 7430/8324, Loss: 5.5695
  Batch 7440/8324, Loss: 5.7128
  Batch 7450/8324, Loss: 5.1061
  Batch 7460/8324, Loss: 5.6207
  Batch 7470/8324, Loss: 5.9248
  Batch 7480/8324, Loss: 5.0570
  Batch 7490/8324, Loss: 5.3421
  Batch 7500/8324, Loss: 5.7073
  Batch 7510/8324, Loss: 5.5475
  Batch 7520/8324, Loss: 4.9758
  Batch 7530/8324, Loss: 5.0990
  Batch 7540/8324, Loss: 5.3802
  Batch 7550/8324, Loss: 5.1917
  Batch 7560/8324, Loss: 5.3284
  Batch 7570/8324, Loss: 5.2393
  Batch 7580/8324, Loss: 4.9245
  Batch 7590/8324, Loss: 4.8771
  Batch 7600/8324, Loss: 4.8928
  Batch 7610/8324, Loss: 4.8080
  Batch 7620/8324, Loss: 4.8789
  Batch 7630/8324, Loss: 4.9242
  Batch 7640/8324, Loss: 4.8953
  Batch 7650/8324, Loss: 5.3911
  Batch 7660/8324, Loss: 5.2383
  Batch 7670/8324, Loss: 5.2567
  Batch 7680/8324, Loss: 4.9700
  Batch 7690/8324, Loss: 5.2543
  Batch 7700/8324, Loss: 4.7013
  Batch 7710/8324, Loss: 4.8990
  Batch 7720/8324, Loss: 5.1717
  Batch 7730/8324, Loss: 5.1258
  Batch 7740/8324, Loss: 5.0796
  Batch 7750/8324, Loss: 4.9641
  Batch 7760/8324, Loss: 4.7476
  Batch 7770/8324, Loss: 5.0198
  Batch 7780/8324, Loss: 5.3586
  Batch 7790/8324, Loss: 4.4678
  Batch 7800/8324, Loss: 4.7913
  Batch 7810/8324, Loss: 5.6355
  Batch 7820/8324, Loss: 5.0153
  Batch 7830/8324, Loss: 5.0577
  Batch 7840/8324, Loss: 5.3805
  Batch 7850/8324, Loss: 5.6023
  Batch 7860/8324, Loss: 4.8769
  Batch 7870/8324, Loss: 4.7210
  Batch 7880/8324, Loss: 5.2770
  Batch 7890/8324, Loss: 5.6012
  Batch 7900/8324, Loss: 5.1342
  Batch 7910/8324, Loss: 4.0034
  Batch 7920/8324, Loss: 5.2217
  Batch 7930/8324, Loss: 5.5817
  Batch 7940/8324, Loss: 5.1782
  Batch 7950/8324, Loss: 5.6825
  Batch 7960/8324, Loss: 5.2080
  Batch 7970/8324, Loss: 4.5538
  Batch 7980/8324, Loss: 4.9373
  Batch 7990/8324, Loss: 5.2073
  Batch 8000/8324, Loss: 4.9513
  Batch 8010/8324, Loss: 5.6480
  Batch 8020/8324, Loss: 5.3975
  Batch 8030/8324, Loss: 4.7097
  Batch 8040/8324, Loss: 5.1604
  Batch 8050/8324, Loss: 4.9323
  Batch 8060/8324, Loss: 5.7546
  Batch 8070/8324, Loss: 5.5505
  Batch 8080/8324, Loss: 5.4893
  Batch 8090/8324, Loss: 4.7799
  Batch 8100/8324, Loss: 5.6131
  Batch 8110/8324, Loss: 5.0550
  Batch 8120/8324, Loss: 5.2923
  Batch 8130/8324, Loss: 5.6581
  Batch 8140/8324, Loss: 4.5802
  Batch 8150/8324, Loss: 5.7685
  Batch 8160/8324, Loss: 5.2815
  Batch 8170/8324, Loss: 4.4870
  Batch 8180/8324, Loss: 4.9775
  Batch 8190/8324, Loss: 4.1211
  Batch 8200/8324, Loss: 4.8200
  Batch 8210/8324, Loss: 5.2228
  Batch 8220/8324, Loss: 4.8752
  Batch 8230/8324, Loss: 5.1200
  Batch 8240/8324, Loss: 5.8845
  Batch 8250/8324, Loss: 5.6294
  Batch 8260/8324, Loss: 5.5249
  Batch 8270/8324, Loss: 5.3021
  Batch 8280/8324, Loss: 5.5864
  Batch 8290/8324, Loss: 5.2664
  Batch 8300/8324, Loss: 4.1695
  Batch 8310/8324, Loss: 4.7686
  Batch 8320/8324, Loss: 4.9877

  Train Loss: 5.2094
  Val Loss: 6.6547
  Time: 28m 48s
  ✓ Saved checkpoint to /scratch/aitordiez/News2Stock/summaries/simple_seq2seq/checkpoints/checkpoint_epoch_2.pt
  ✓ New best model saved! (val_loss: 6.6547)

Epoch 3/20
----------------------------------------
  Batch 10/8324, Loss: 5.1553
  Batch 20/8324, Loss: 4.8567
  Batch 30/8324, Loss: 5.2475
  Batch 40/8324, Loss: 5.0486
  Batch 50/8324, Loss: 4.5858
  Batch 60/8324, Loss: 4.5600
  Batch 70/8324, Loss: 4.7794
  Batch 80/8324, Loss: 5.0381
  Batch 90/8324, Loss: 4.9549
  Batch 100/8324, Loss: 5.1542
  Batch 110/8324, Loss: 4.9290
  Batch 120/8324, Loss: 4.4519
  Batch 130/8324, Loss: 4.9057
  Batch 140/8324, Loss: 4.8105
  Batch 150/8324, Loss: 4.5880
  Batch 160/8324, Loss: 4.7066
  Batch 170/8324, Loss: 5.0609
  Batch 180/8324, Loss: 4.7421
  Batch 190/8324, Loss: 5.2597
  Batch 200/8324, Loss: 4.7916
  Batch 210/8324, Loss: 4.5761
  Batch 220/8324, Loss: 4.9090
  Batch 230/8324, Loss: 5.6451
  Batch 240/8324, Loss: 4.3124
  Batch 250/8324, Loss: 5.1217
  Batch 260/8324, Loss: 5.3734
  Batch 270/8324, Loss: 5.1487
  Batch 280/8324, Loss: 5.3837
  Batch 290/8324, Loss: 4.2472
  Batch 300/8324, Loss: 4.9115
  Batch 310/8324, Loss: 5.0746
  Batch 320/8324, Loss: 4.8962
  Batch 330/8324, Loss: 4.3815
  Batch 340/8324, Loss: 4.8825
  Batch 350/8324, Loss: 4.8826
  Batch 360/8324, Loss: 5.0518
  Batch 370/8324, Loss: 4.8135
  Batch 380/8324, Loss: 4.9837
  Batch 390/8324, Loss: 5.1904
  Batch 400/8324, Loss: 5.0648
  Batch 410/8324, Loss: 4.4357
  Batch 420/8324, Loss: 4.8400
  Batch 430/8324, Loss: 4.7873
  Batch 440/8324, Loss: 5.2528
  Batch 450/8324, Loss: 5.3188
  Batch 460/8324, Loss: 4.7310
  Batch 470/8324, Loss: 5.4541
  Batch 480/8324, Loss: 4.7027
  Batch 490/8324, Loss: 5.1824
  Batch 500/8324, Loss: 5.4091
  Batch 510/8324, Loss: 5.5783
  Batch 520/8324, Loss: 4.7802
  Batch 530/8324, Loss: 4.9025
  Batch 540/8324, Loss: 4.6529
  Batch 550/8324, Loss: 4.7452
  Batch 560/8324, Loss: 4.2897
  Batch 570/8324, Loss: 5.1435
  Batch 580/8324, Loss: 4.8174
  Batch 590/8324, Loss: 4.5480
  Batch 600/8324, Loss: 4.7659
  Batch 610/8324, Loss: 5.0838
  Batch 620/8324, Loss: 4.7707
  Batch 630/8324, Loss: 4.7705
  Batch 640/8324, Loss: 5.1210
  Batch 650/8324, Loss: 5.0921
  Batch 660/8324, Loss: 5.2114
  Batch 670/8324, Loss: 4.7337
  Batch 680/8324, Loss: 5.2988
  Batch 690/8324, Loss: 5.2482
  Batch 700/8324, Loss: 5.2123
  Batch 710/8324, Loss: 5.4474
  Batch 720/8324, Loss: 4.8726
  Batch 730/8324, Loss: 5.5839
  Batch 740/8324, Loss: 5.5065
  Batch 750/8324, Loss: 5.0587
  Batch 760/8324, Loss: 4.9639
  Batch 770/8324, Loss: 5.4830
  Batch 780/8324, Loss: 4.6361
  Batch 790/8324, Loss: 4.8005
  Batch 800/8324, Loss: 4.7902
  Batch 810/8324, Loss: 5.4359
  Batch 820/8324, Loss: 4.8508
  Batch 830/8324, Loss: 4.6236
  Batch 840/8324, Loss: 5.1134
  Batch 850/8324, Loss: 4.8174
  Batch 860/8324, Loss: 5.1133
  Batch 870/8324, Loss: 5.4208
  Batch 880/8324, Loss: 4.7203
  Batch 890/8324, Loss: 4.4680
  Batch 900/8324, Loss: 4.6117
  Batch 910/8324, Loss: 4.5667
  Batch 920/8324, Loss: 5.6629
  Batch 930/8324, Loss: 5.0806
  Batch 940/8324, Loss: 5.0793
  Batch 950/8324, Loss: 4.9273
  Batch 960/8324, Loss: 4.8380
  Batch 970/8324, Loss: 4.2055
  Batch 980/8324, Loss: 5.5270
  Batch 990/8324, Loss: 5.0519
  Batch 1000/8324, Loss: 5.4429
  Batch 1010/8324, Loss: 4.6431
  Batch 1020/8324, Loss: 4.8993
  Batch 1030/8324, Loss: 4.8241
  Batch 1040/8324, Loss: 4.3818
  Batch 1050/8324, Loss: 5.7079
  Batch 1060/8324, Loss: 5.1382
  Batch 1070/8324, Loss: 5.3248
  Batch 1080/8324, Loss: 4.9840
  Batch 1090/8324, Loss: 4.9464
  Batch 1100/8324, Loss: 4.5100
  Batch 1110/8324, Loss: 5.1516
  Batch 1120/8324, Loss: 4.9889
  Batch 1130/8324, Loss: 4.8720
  Batch 1140/8324, Loss: 4.3541
  Batch 1150/8324, Loss: 5.2021
  Batch 1160/8324, Loss: 5.2542
  Batch 1170/8324, Loss: 5.2024
  Batch 1180/8324, Loss: 4.7847
  Batch 1190/8324, Loss: 4.9150
  Batch 1200/8324, Loss: 4.6784
  Batch 1210/8324, Loss: 4.5630
  Batch 1220/8324, Loss: 5.1820
  Batch 1230/8324, Loss: 4.8885
  Batch 1240/8324, Loss: 5.3398
  Batch 1250/8324, Loss: 4.9960
  Batch 1260/8324, Loss: 4.3362
  Batch 1270/8324, Loss: 5.3641
  Batch 1280/8324, Loss: 5.2024
  Batch 1290/8324, Loss: 4.8850
  Batch 1300/8324, Loss: 5.1728
  Batch 1310/8324, Loss: 4.6611
  Batch 1320/8324, Loss: 5.5587
  Batch 1330/8324, Loss: 5.1880
  Batch 1340/8324, Loss: 5.4677
  Batch 1350/8324, Loss: 4.9979
  Batch 1360/8324, Loss: 4.6171
  Batch 1370/8324, Loss: 5.2314
  Batch 1380/8324, Loss: 5.6118
  Batch 1390/8324, Loss: 4.8579
  Batch 1400/8324, Loss: 4.6208
  Batch 1410/8324, Loss: 5.0988
  Batch 1420/8324, Loss: 5.6126
  Batch 1430/8324, Loss: 5.1319
  Batch 1440/8324, Loss: 4.4699
  Batch 1450/8324, Loss: 5.2738
  Batch 1460/8324, Loss: 4.7750
  Batch 1470/8324, Loss: 4.9769
  Batch 1480/8324, Loss: 4.7424
  Batch 1490/8324, Loss: 5.5750
  Batch 1500/8324, Loss: 5.1890
  Batch 1510/8324, Loss: 5.1822
  Batch 1520/8324, Loss: 5.3809
  Batch 1530/8324, Loss: 5.3872
  Batch 1540/8324, Loss: 5.1300
  Batch 1550/8324, Loss: 4.9113
  Batch 1560/8324, Loss: 5.2069
  Batch 1570/8324, Loss: 5.4099
  Batch 1580/8324, Loss: 4.8275
  Batch 1590/8324, Loss: 5.2131
  Batch 1600/8324, Loss: 4.5146
  Batch 1610/8324, Loss: 5.4093
  Batch 1620/8324, Loss: 5.0675
  Batch 1630/8324, Loss: 5.0594
  Batch 1640/8324, Loss: 5.3104
  Batch 1650/8324, Loss: 5.0670
  Batch 1660/8324, Loss: 5.1355
  Batch 1670/8324, Loss: 5.2611
  Batch 1680/8324, Loss: 4.7866
  Batch 1690/8324, Loss: 5.3247
  Batch 1700/8324, Loss: 5.2685
  Batch 1710/8324, Loss: 5.4101
  Batch 1720/8324, Loss: 4.7664
  Batch 1730/8324, Loss: 5.0903
  Batch 1740/8324, Loss: 4.3679
  Batch 1750/8324, Loss: 5.4537
  Batch 1760/8324, Loss: 5.1155
  Batch 1770/8324, Loss: 5.4475
  Batch 1780/8324, Loss: 5.1457
  Batch 1790/8324, Loss: 4.6198
  Batch 1800/8324, Loss: 5.4202
  Batch 1810/8324, Loss: 4.9661
  Batch 1820/8324, Loss: 5.0915
  Batch 1830/8324, Loss: 4.7995
  Batch 1840/8324, Loss: 5.0582
  Batch 1850/8324, Loss: 4.9619
  Batch 1860/8324, Loss: 5.2354
  Batch 1870/8324, Loss: 5.1001
  Batch 1880/8324, Loss: 5.0771
  Batch 1890/8324, Loss: 5.2254
  Batch 1900/8324, Loss: 5.2315
  Batch 1910/8324, Loss: 5.3650
  Batch 1920/8324, Loss: 5.4595
  Batch 1930/8324, Loss: 5.0852
  Batch 1940/8324, Loss: 4.9507
  Batch 1950/8324, Loss: 5.1078
  Batch 1960/8324, Loss: 5.2438
  Batch 1970/8324, Loss: 5.0344
  Batch 1980/8324, Loss: 5.0197
  Batch 1990/8324, Loss: 5.4909
  Batch 2000/8324, Loss: 4.8122
  Batch 2010/8324, Loss: 4.8447
  Batch 2020/8324, Loss: 5.5018
  Batch 2030/8324, Loss: 5.4002
  Batch 2040/8324, Loss: 5.1780
  Batch 2050/8324, Loss: 4.6401
  Batch 2060/8324, Loss: 4.8348
  Batch 2070/8324, Loss: 5.0647
  Batch 2080/8324, Loss: 4.7619
  Batch 2090/8324, Loss: 4.5714
  Batch 2100/8324, Loss: 4.9166
  Batch 2110/8324, Loss: 4.7983
  Batch 2120/8324, Loss: 4.6563
  Batch 2130/8324, Loss: 5.0047
  Batch 2140/8324, Loss: 5.1390
  Batch 2150/8324, Loss: 4.7111
  Batch 2160/8324, Loss: 4.7558
  Batch 2170/8324, Loss: 4.7496
  Batch 2180/8324, Loss: 5.4223
  Batch 2190/8324, Loss: 5.4596
  Batch 2200/8324, Loss: 5.2425
  Batch 2210/8324, Loss: 5.6525
  Batch 2220/8324, Loss: 5.6014
  Batch 2230/8324, Loss: 4.7589
  Batch 2240/8324, Loss: 5.3865
  Batch 2250/8324, Loss: 4.5991
  Batch 2260/8324, Loss: 5.4019
  Batch 2270/8324, Loss: 4.7892
  Batch 2280/8324, Loss: 5.2703
  Batch 2290/8324, Loss: 4.9876
  Batch 2300/8324, Loss: 4.6561
  Batch 2310/8324, Loss: 5.1000
  Batch 2320/8324, Loss: 4.6295
  Batch 2330/8324, Loss: 5.1191
  Batch 2340/8324, Loss: 5.1256
  Batch 2350/8324, Loss: 5.2496
  Batch 2360/8324, Loss: 5.1626
  Batch 2370/8324, Loss: 5.5186
  Batch 2380/8324, Loss: 4.9771
  Batch 2390/8324, Loss: 5.1414
  Batch 2400/8324, Loss: 5.3389
  Batch 2410/8324, Loss: 5.1350
  Batch 2420/8324, Loss: 5.2140
  Batch 2430/8324, Loss: 5.4039
  Batch 2440/8324, Loss: 4.7612
  Batch 2450/8324, Loss: 5.0583
  Batch 2460/8324, Loss: 5.1611
  Batch 2470/8324, Loss: 4.8237
  Batch 2480/8324, Loss: 4.7471
  Batch 2490/8324, Loss: 4.5386
  Batch 2500/8324, Loss: 4.4525
  Batch 2510/8324, Loss: 4.8601
  Batch 2520/8324, Loss: 5.2431
  Batch 2530/8324, Loss: 4.5331
  Batch 2540/8324, Loss: 4.9008
  Batch 2550/8324, Loss: 5.6936
  Batch 2560/8324, Loss: 5.0664
  Batch 2570/8324, Loss: 4.8668
  Batch 2580/8324, Loss: 4.6516
  Batch 2590/8324, Loss: 4.4420
  Batch 2600/8324, Loss: 5.2877
  Batch 2610/8324, Loss: 4.7257
  Batch 2620/8324, Loss: 5.1988
  Batch 2630/8324, Loss: 5.1403
  Batch 2640/8324, Loss: 5.2337
  Batch 2650/8324, Loss: 5.4969
  Batch 2660/8324, Loss: 5.3268
  Batch 2670/8324, Loss: 4.9722
  Batch 2680/8324, Loss: 4.9537
  Batch 2690/8324, Loss: 5.2933
  Batch 2700/8324, Loss: 5.2989
  Batch 2710/8324, Loss: 5.4791
  Batch 2720/8324, Loss: 5.2747
  Batch 2730/8324, Loss: 4.0708
  Batch 2740/8324, Loss: 4.9182
  Batch 2750/8324, Loss: 4.7185
  Batch 2760/8324, Loss: 5.0601
  Batch 2770/8324, Loss: 5.1117
  Batch 2780/8324, Loss: 4.7850
  Batch 2790/8324, Loss: 4.6162
  Batch 2800/8324, Loss: 5.0932
  Batch 2810/8324, Loss: 4.8878
  Batch 2820/8324, Loss: 4.9295
  Batch 2830/8324, Loss: 5.3728
  Batch 2840/8324, Loss: 4.8001
  Batch 2850/8324, Loss: 4.7372
  Batch 2860/8324, Loss: 5.2776
  Batch 2870/8324, Loss: 4.3905
  Batch 2880/8324, Loss: 5.4253
  Batch 2890/8324, Loss: 5.2646
  Batch 2900/8324, Loss: 5.0055
  Batch 2910/8324, Loss: 4.9684
  Batch 2920/8324, Loss: 5.1166
  Batch 2930/8324, Loss: 4.6483
  Batch 2940/8324, Loss: 5.3679
  Batch 2950/8324, Loss: 4.3121
  Batch 2960/8324, Loss: 5.0084
  Batch 2970/8324, Loss: 5.1926
  Batch 2980/8324, Loss: 5.3543
  Batch 2990/8324, Loss: 5.0209
  Batch 3000/8324, Loss: 5.2033
  Batch 3010/8324, Loss: 5.0099
  Batch 3020/8324, Loss: 5.3087
  Batch 3030/8324, Loss: 4.9955
  Batch 3040/8324, Loss: 5.0507
  Batch 3050/8324, Loss: 4.7232
  Batch 3060/8324, Loss: 4.9531
  Batch 3070/8324, Loss: 5.2734
  Batch 3080/8324, Loss: 5.1492
  Batch 3090/8324, Loss: 4.7039
  Batch 3100/8324, Loss: 5.2964
  Batch 3110/8324, Loss: 4.8224
  Batch 3120/8324, Loss: 5.3238
  Batch 3130/8324, Loss: 4.8484
  Batch 3140/8324, Loss: 5.4205
  Batch 3150/8324, Loss: 5.1627
  Batch 3160/8324, Loss: 4.9104
  Batch 3170/8324, Loss: 5.1844
  Batch 3180/8324, Loss: 5.0745
  Batch 3190/8324, Loss: 5.2351
  Batch 3200/8324, Loss: 5.0036
  Batch 3210/8324, Loss: 4.8823
  Batch 3220/8324, Loss: 5.2005
  Batch 3230/8324, Loss: 5.0625
  Batch 3240/8324, Loss: 4.5613
  Batch 3250/8324, Loss: 5.5443
  Batch 3260/8324, Loss: 4.5442
  Batch 3270/8324, Loss: 4.9698
  Batch 3280/8324, Loss: 4.6753
  Batch 3290/8324, Loss: 5.4101
  Batch 3300/8324, Loss: 4.4898
  Batch 3310/8324, Loss: 4.9161
  Batch 3320/8324, Loss: 5.0628
  Batch 3330/8324, Loss: 4.6749
  Batch 3340/8324, Loss: 4.7309
  Batch 3350/8324, Loss: 5.0911
  Batch 3360/8324, Loss: 4.9270
  Batch 3370/8324, Loss: 4.5236
  Batch 3380/8324, Loss: 4.8080
  Batch 3390/8324, Loss: 5.0788
  Batch 3400/8324, Loss: 5.1711
  Batch 3410/8324, Loss: 4.6190
  Batch 3420/8324, Loss: 5.0163
  Batch 3430/8324, Loss: 4.4996
  Batch 3440/8324, Loss: 4.8572
  Batch 3450/8324, Loss: 5.4406
  Batch 3460/8324, Loss: 4.9953
  Batch 3470/8324, Loss: 5.3465
  Batch 3480/8324, Loss: 5.0564
  Batch 3490/8324, Loss: 5.6074
  Batch 3500/8324, Loss: 4.8200
  Batch 3510/8324, Loss: 4.6912
  Batch 3520/8324, Loss: 5.2951
  Batch 3530/8324, Loss: 5.2765
  Batch 3540/8324, Loss: 4.4206
  Batch 3550/8324, Loss: 4.6304
  Batch 3560/8324, Loss: 5.2619
  Batch 3570/8324, Loss: 4.6766
  Batch 3580/8324, Loss: 5.2587
  Batch 3590/8324, Loss: 5.3450
  Batch 3600/8324, Loss: 4.7309
  Batch 3610/8324, Loss: 4.5544
  Batch 3620/8324, Loss: 5.2886
  Batch 3630/8324, Loss: 5.0654
  Batch 3640/8324, Loss: 4.9715
  Batch 3650/8324, Loss: 4.5553
  Batch 3660/8324, Loss: 4.7990
  Batch 3670/8324, Loss: 4.6742
  Batch 3680/8324, Loss: 5.0891
  Batch 3690/8324, Loss: 5.2015
  Batch 3700/8324, Loss: 4.5350
  Batch 3710/8324, Loss: 4.8184
  Batch 3720/8324, Loss: 4.9622
  Batch 3730/8324, Loss: 4.8058
  Batch 3740/8324, Loss: 4.9501
  Batch 3750/8324, Loss: 5.3296
  Batch 3760/8324, Loss: 4.7011
  Batch 3770/8324, Loss: 4.7736
  Batch 3780/8324, Loss: 4.9396
  Batch 3790/8324, Loss: 5.1057
  Batch 3800/8324, Loss: 4.9260
  Batch 3810/8324, Loss: 5.3032
  Batch 3820/8324, Loss: 4.5472
  Batch 3830/8324, Loss: 4.7845
  Batch 3840/8324, Loss: 4.8311
  Batch 3850/8324, Loss: 4.5185
  Batch 3860/8324, Loss: 4.6113
  Batch 3870/8324, Loss: 5.1722
  Batch 3880/8324, Loss: 4.6639
  Batch 3890/8324, Loss: 4.9678
  Batch 3900/8324, Loss: 4.7572
  Batch 3910/8324, Loss: 5.0748
  Batch 3920/8324, Loss: 5.1312
  Batch 3930/8324, Loss: 5.2906
  Batch 3940/8324, Loss: 4.6978
  Batch 3950/8324, Loss: 4.8647
  Batch 3960/8324, Loss: 4.7184
  Batch 3970/8324, Loss: 5.3721
  Batch 3980/8324, Loss: 5.2314
  Batch 3990/8324, Loss: 4.8461
  Batch 4000/8324, Loss: 4.6692
  Batch 4010/8324, Loss: 4.8173
  Batch 4020/8324, Loss: 4.9329
  Batch 4030/8324, Loss: 4.9843
  Batch 4040/8324, Loss: 4.8797
  Batch 4050/8324, Loss: 4.7533
  Batch 4060/8324, Loss: 4.8454
  Batch 4070/8324, Loss: 4.8405
  Batch 4080/8324, Loss: 5.3672
  Batch 4090/8324, Loss: 5.2816
  Batch 4100/8324, Loss: 5.3559
  Batch 4110/8324, Loss: 4.5414
  Batch 4120/8324, Loss: 5.0873
  Batch 4130/8324, Loss: 4.9442
  Batch 4140/8324, Loss: 5.3690
  Batch 4150/8324, Loss: 5.0512
  Batch 4160/8324, Loss: 5.3082
  Batch 4170/8324, Loss: 5.0791
  Batch 4180/8324, Loss: 4.2080
  Batch 4190/8324, Loss: 4.6558
  Batch 4200/8324, Loss: 5.0827
  Batch 4210/8324, Loss: 5.2216
  Batch 4220/8324, Loss: 4.9734
  Batch 4230/8324, Loss: 5.4577
  Batch 4240/8324, Loss: 5.4465
  Batch 4250/8324, Loss: 4.8675
  Batch 4260/8324, Loss: 4.8965
  Batch 4270/8324, Loss: 5.1219
  Batch 4280/8324, Loss: 5.2417
  Batch 4290/8324, Loss: 4.6865
  Batch 4300/8324, Loss: 4.7069
  Batch 4310/8324, Loss: 5.2683
  Batch 4320/8324, Loss: 4.8702
  Batch 4330/8324, Loss: 5.5818
  Batch 4340/8324, Loss: 4.5908
  Batch 4350/8324, Loss: 4.9315
  Batch 4360/8324, Loss: 5.2966
  Batch 4370/8324, Loss: 4.9306
  Batch 4380/8324, Loss: 4.1059
  Batch 4390/8324, Loss: 5.0295
  Batch 4400/8324, Loss: 5.0435
  Batch 4410/8324, Loss: 5.0134
  Batch 4420/8324, Loss: 5.5033
  Batch 4430/8324, Loss: 4.1239
  Batch 4440/8324, Loss: 5.0930
  Batch 4450/8324, Loss: 5.2311
  Batch 4460/8324, Loss: 5.2908
  Batch 4470/8324, Loss: 4.7773
  Batch 4480/8324, Loss: 4.5825
  Batch 4490/8324, Loss: 5.0853
  Batch 4500/8324, Loss: 4.7812
  Batch 4510/8324, Loss: 4.9559
  Batch 4520/8324, Loss: 5.0389
  Batch 4530/8324, Loss: 5.6993
  Batch 4540/8324, Loss: 5.6155
  Batch 4550/8324, Loss: 5.4413
  Batch 4560/8324, Loss: 4.5086
  Batch 4570/8324, Loss: 5.1072
  Batch 4580/8324, Loss: 4.5286
  Batch 4590/8324, Loss: 5.1401
  Batch 4600/8324, Loss: 4.4067
  Batch 4610/8324, Loss: 4.7040
  Batch 4620/8324, Loss: 4.9904
  Batch 4630/8324, Loss: 4.5291
  Batch 4640/8324, Loss: 5.1097
  Batch 4650/8324, Loss: 4.9234
  Batch 4660/8324, Loss: 5.1816
  Batch 4670/8324, Loss: 5.3102
  Batch 4680/8324, Loss: 4.7474
  Batch 4690/8324, Loss: 5.3318
  Batch 4700/8324, Loss: 5.0017
  Batch 4710/8324, Loss: 3.9406
  Batch 4720/8324, Loss: 5.2933
  Batch 4730/8324, Loss: 4.9700
  Batch 4740/8324, Loss: 4.8713
  Batch 4750/8324, Loss: 4.9630
  Batch 4760/8324, Loss: 5.2631
  Batch 4770/8324, Loss: 5.0108
  Batch 4780/8324, Loss: 4.6502
  Batch 4790/8324, Loss: 4.4641
  Batch 4800/8324, Loss: 4.6113
  Batch 4810/8324, Loss: 4.7317
  Batch 4820/8324, Loss: 5.2652
  Batch 4830/8324, Loss: 4.7891
  Batch 4840/8324, Loss: 5.3939
  Batch 4850/8324, Loss: 4.5086
  Batch 4860/8324, Loss: 4.3902
  Batch 4870/8324, Loss: 4.7172
  Batch 4880/8324, Loss: 4.7878
  Batch 4890/8324, Loss: 5.2615
  Batch 4900/8324, Loss: 4.8787
  Batch 4910/8324, Loss: 5.4322
  Batch 4920/8324, Loss: 5.1771
  Batch 4930/8324, Loss: 5.0239
  Batch 4940/8324, Loss: 4.9686
  Batch 4950/8324, Loss: 5.0308
  Batch 4960/8324, Loss: 5.5042
  Batch 4970/8324, Loss: 5.3788
  Batch 4980/8324, Loss: 4.9089
  Batch 4990/8324, Loss: 5.4037
  Batch 5000/8324, Loss: 5.0196
  Batch 5010/8324, Loss: 4.7551
  Batch 5020/8324, Loss: 5.7550
  Batch 5030/8324, Loss: 4.7382
  Batch 5040/8324, Loss: 4.7973
  Batch 5050/8324, Loss: 4.8298
  Batch 5060/8324, Loss: 5.2892
  Batch 5070/8324, Loss: 5.3314
  Batch 5080/8324, Loss: 4.8147
  Batch 5090/8324, Loss: 5.1129
  Batch 5100/8324, Loss: 4.7503
  Batch 5110/8324, Loss: 5.3556
  Batch 5120/8324, Loss: 5.1191
  Batch 5130/8324, Loss: 4.7457
  Batch 5140/8324, Loss: 5.0419
  Batch 5150/8324, Loss: 4.4602
  Batch 5160/8324, Loss: 5.2666
  Batch 5170/8324, Loss: 4.9313
  Batch 5180/8324, Loss: 5.2772
  Batch 5190/8324, Loss: 5.1438
  Batch 5200/8324, Loss: 5.0545
  Batch 5210/8324, Loss: 5.4034
  Batch 5220/8324, Loss: 4.9041
  Batch 5230/8324, Loss: 4.2519
  Batch 5240/8324, Loss: 4.8224
  Batch 5250/8324, Loss: 5.2472
  Batch 5260/8324, Loss: 4.5990
  Batch 5270/8324, Loss: 5.8304
  Batch 5280/8324, Loss: 4.4861
  Batch 5290/8324, Loss: 4.6304
  Batch 5300/8324, Loss: 4.4989
  Batch 5310/8324, Loss: 5.3785
  Batch 5320/8324, Loss: 5.0730
  Batch 5330/8324, Loss: 5.5256
  Batch 5340/8324, Loss: 5.3204
  Batch 5350/8324, Loss: 5.3422
  Batch 5360/8324, Loss: 5.0631
  Batch 5370/8324, Loss: 4.8220
  Batch 5380/8324, Loss: 4.7075
  Batch 5390/8324, Loss: 5.1748
  Batch 5400/8324, Loss: 4.8081
  Batch 5410/8324, Loss: 4.9383
  Batch 5420/8324, Loss: 4.9298
  Batch 5430/8324, Loss: 5.0024
  Batch 5440/8324, Loss: 5.1292
  Batch 5450/8324, Loss: 5.0603
  Batch 5460/8324, Loss: 5.5388
  Batch 5470/8324, Loss: 4.4575
  Batch 5480/8324, Loss: 4.7539
  Batch 5490/8324, Loss: 5.1819
  Batch 5500/8324, Loss: 5.2558
  Batch 5510/8324, Loss: 4.8714
  Batch 5520/8324, Loss: 5.7585
  Batch 5530/8324, Loss: 4.5739
  Batch 5540/8324, Loss: 4.7414
  Batch 5550/8324, Loss: 4.9334
  Batch 5560/8324, Loss: 4.6850
  Batch 5570/8324, Loss: 4.7509
  Batch 5580/8324, Loss: 5.0619
  Batch 5590/8324, Loss: 5.3493
  Batch 5600/8324, Loss: 4.7834
  Batch 5610/8324, Loss: 4.8749
  Batch 5620/8324, Loss: 5.1726
  Batch 5630/8324, Loss: 4.9272
  Batch 5640/8324, Loss: 5.1345
  Batch 5650/8324, Loss: 5.1196
  Batch 5660/8324, Loss: 4.4352
  Batch 5670/8324, Loss: 4.9876
  Batch 5680/8324, Loss: 5.2588
  Batch 5690/8324, Loss: 4.5106
  Batch 5700/8324, Loss: 4.7871
  Batch 5710/8324, Loss: 5.0154
  Batch 5720/8324, Loss: 5.3079
  Batch 5730/8324, Loss: 4.4575
  Batch 5740/8324, Loss: 4.7084
  Batch 5750/8324, Loss: 4.9582
  Batch 5760/8324, Loss: 4.8455
  Batch 5770/8324, Loss: 4.4788
  Batch 5780/8324, Loss: 5.2082
  Batch 5790/8324, Loss: 5.2513
  Batch 5800/8324, Loss: 4.7970
  Batch 5810/8324, Loss: 4.7977
  Batch 5820/8324, Loss: 4.7025
  Batch 5830/8324, Loss: 4.8325
  Batch 5840/8324, Loss: 5.3452
  Batch 5850/8324, Loss: 5.1009
  Batch 5860/8324, Loss: 5.3255
  Batch 5870/8324, Loss: 4.7337
  Batch 5880/8324, Loss: 5.0741
  Batch 5890/8324, Loss: 4.9060
  Batch 5900/8324, Loss: 5.0544
  Batch 5910/8324, Loss: 5.7687
  Batch 5920/8324, Loss: 5.1917
  Batch 5930/8324, Loss: 4.5956
  Batch 5940/8324, Loss: 5.0825
  Batch 5950/8324, Loss: 4.9929
  Batch 5960/8324, Loss: 4.7512
  Batch 5970/8324, Loss: 4.9738
  Batch 5980/8324, Loss: 5.0824
  Batch 5990/8324, Loss: 5.6995
  Batch 6000/8324, Loss: 4.8338
  Batch 6010/8324, Loss: 4.6610
  Batch 6020/8324, Loss: 5.1374
  Batch 6030/8324, Loss: 5.1094
  Batch 6040/8324, Loss: 4.6356
  Batch 6050/8324, Loss: 5.6653
  Batch 6060/8324, Loss: 5.1557
  Batch 6070/8324, Loss: 5.0564
  Batch 6080/8324, Loss: 5.0652
  Batch 6090/8324, Loss: 4.8360
  Batch 6100/8324, Loss: 5.2928
  Batch 6110/8324, Loss: 4.9459
  Batch 6120/8324, Loss: 4.9742
  Batch 6130/8324, Loss: 4.6086
  Batch 6140/8324, Loss: 5.2438
  Batch 6150/8324, Loss: 4.5654
  Batch 6160/8324, Loss: 5.1623
  Batch 6170/8324, Loss: 4.5527
  Batch 6180/8324, Loss: 4.6877
  Batch 6190/8324, Loss: 4.7792
  Batch 6200/8324, Loss: 5.0833
  Batch 6210/8324, Loss: 5.3152
  Batch 6220/8324, Loss: 4.6819
  Batch 6230/8324, Loss: 5.1602
  Batch 6240/8324, Loss: 4.5023
  Batch 6250/8324, Loss: 5.1861
  Batch 6260/8324, Loss: 5.0202
  Batch 6270/8324, Loss: 5.0042
  Batch 6280/8324, Loss: 5.0624
  Batch 6290/8324, Loss: 4.4696
  Batch 6300/8324, Loss: 5.0851
  Batch 6310/8324, Loss: 4.7214
  Batch 6320/8324, Loss: 5.2110
  Batch 6330/8324, Loss: 4.9999
  Batch 6340/8324, Loss: 4.4354
  Batch 6350/8324, Loss: 5.4596
  Batch 6360/8324, Loss: 5.0543
  Batch 6370/8324, Loss: 5.2061
  Batch 6380/8324, Loss: 4.7155
  Batch 6390/8324, Loss: 5.0713
  Batch 6400/8324, Loss: 4.5474
  Batch 6410/8324, Loss: 4.9683
  Batch 6420/8324, Loss: 4.4203
  Batch 6430/8324, Loss: 4.9482
  Batch 6440/8324, Loss: 5.0140
  Batch 6450/8324, Loss: 5.0381
  Batch 6460/8324, Loss: 4.9301
  Batch 6470/8324, Loss: 5.3261
  Batch 6480/8324, Loss: 5.5095
  Batch 6490/8324, Loss: 4.6637
  Batch 6500/8324, Loss: 5.2261
  Batch 6510/8324, Loss: 5.1879
  Batch 6520/8324, Loss: 4.9987
  Batch 6530/8324, Loss: 4.6661
  Batch 6540/8324, Loss: 5.2995
  Batch 6550/8324, Loss: 4.4850
  Batch 6560/8324, Loss: 4.8244
  Batch 6570/8324, Loss: 4.8975
  Batch 6580/8324, Loss: 5.0554
  Batch 6590/8324, Loss: 5.0559
  Batch 6600/8324, Loss: 4.9551
  Batch 6610/8324, Loss: 4.7675
  Batch 6620/8324, Loss: 5.2365
  Batch 6630/8324, Loss: 4.8568
  Batch 6640/8324, Loss: 5.0263
  Batch 6650/8324, Loss: 5.2724
  Batch 6660/8324, Loss: 5.1643
  Batch 6670/8324, Loss: 5.1261
  Batch 6680/8324, Loss: 4.9648
  Batch 6690/8324, Loss: 4.4312
  Batch 6700/8324, Loss: 4.7839
  Batch 6710/8324, Loss: 4.4229
  Batch 6720/8324, Loss: 5.1078
  Batch 6730/8324, Loss: 4.7415
  Batch 6740/8324, Loss: 4.6615
  Batch 6750/8324, Loss: 5.2229
  Batch 6760/8324, Loss: 5.4452
  Batch 6770/8324, Loss: 4.4130
  Batch 6780/8324, Loss: 4.9795
  Batch 6790/8324, Loss: 4.8574
  Batch 6800/8324, Loss: 4.7983
  Batch 6810/8324, Loss: 4.3289
  Batch 6820/8324, Loss: 4.7555
  Batch 6830/8324, Loss: 5.0872
  Batch 6840/8324, Loss: 5.1206
  Batch 6850/8324, Loss: 4.7707
  Batch 6860/8324, Loss: 4.9199
  Batch 6870/8324, Loss: 4.4338
  Batch 6880/8324, Loss: 4.9569
  Batch 6890/8324, Loss: 4.1933
  Batch 6900/8324, Loss: 5.0527
  Batch 6910/8324, Loss: 5.1088
  Batch 6920/8324, Loss: 5.4030
  Batch 6930/8324, Loss: 5.1233
  Batch 6940/8324, Loss: 5.0107
  Batch 6950/8324, Loss: 4.9266
  Batch 6960/8324, Loss: 5.0458
  Batch 6970/8324, Loss: 4.7501
  Batch 6980/8324, Loss: 4.6360
  Batch 6990/8324, Loss: 5.2221
  Batch 7000/8324, Loss: 4.4360
  Batch 7010/8324, Loss: 5.3419
  Batch 7020/8324, Loss: 4.0138
  Batch 7030/8324, Loss: 5.0059
  Batch 7040/8324, Loss: 5.0875
  Batch 7050/8324, Loss: 4.6922
  Batch 7060/8324, Loss: 5.0807
  Batch 7070/8324, Loss: 4.7953
  Batch 7080/8324, Loss: 5.1338
  Batch 7090/8324, Loss: 4.6348
  Batch 7100/8324, Loss: 5.4355
  Batch 7110/8324, Loss: 5.1952
  Batch 7120/8324, Loss: 5.3797
  Batch 7130/8324, Loss: 4.2002
  Batch 7140/8324, Loss: 4.4962
  Batch 7150/8324, Loss: 4.3442
  Batch 7160/8324, Loss: 5.5205
  Batch 7170/8324, Loss: 3.9915
  Batch 7180/8324, Loss: 5.0006
  Batch 7190/8324, Loss: 4.5346
  Batch 7200/8324, Loss: 4.9375
  Batch 7210/8324, Loss: 5.0105
  Batch 7220/8324, Loss: 4.5853
  Batch 7230/8324, Loss: 5.2165
  Batch 7240/8324, Loss: 5.3901
  Batch 7250/8324, Loss: 4.8644
  Batch 7260/8324, Loss: 5.2794
  Batch 7270/8324, Loss: 5.6141
  Batch 7280/8324, Loss: 5.2734
  Batch 7290/8324, Loss: 4.5640
  Batch 7300/8324, Loss: 5.2632
  Batch 7310/8324, Loss: 4.9933
  Batch 7320/8324, Loss: 5.4310
  Batch 7330/8324, Loss: 4.5604
  Batch 7340/8324, Loss: 5.0899
  Batch 7350/8324, Loss: 4.8016
  Batch 7360/8324, Loss: 4.2004
  Batch 7370/8324, Loss: 4.6677
  Batch 7380/8324, Loss: 5.2655
  Batch 7390/8324, Loss: 5.5247
  Batch 7400/8324, Loss: 5.2686
  Batch 7410/8324, Loss: 4.8881
  Batch 7420/8324, Loss: 4.7404
  Batch 7430/8324, Loss: 5.1024
  Batch 7440/8324, Loss: 4.7455
  Batch 7450/8324, Loss: 5.1663
  Batch 7460/8324, Loss: 5.3234
  Batch 7470/8324, Loss: 5.1029
  Batch 7480/8324, Loss: 5.0784
  Batch 7490/8324, Loss: 4.6959
  Batch 7500/8324, Loss: 4.8994
  Batch 7510/8324, Loss: 4.3464
  Batch 7520/8324, Loss: 4.8548
  Batch 7530/8324, Loss: 4.4885
  Batch 7540/8324, Loss: 4.7316
  Batch 7550/8324, Loss: 5.1143
  Batch 7560/8324, Loss: 5.7385
  Batch 7570/8324, Loss: 5.1243
  Batch 7580/8324, Loss: 4.2383
  Batch 7590/8324, Loss: 5.1253
  Batch 7600/8324, Loss: 4.5544
  Batch 7610/8324, Loss: 4.6497
  Batch 7620/8324, Loss: 4.9294
  Batch 7630/8324, Loss: 5.2991
  Batch 7640/8324, Loss: 5.4305
  Batch 7650/8324, Loss: 5.1308
  Batch 7660/8324, Loss: 5.1869
  Batch 7670/8324, Loss: 4.8471
  Batch 7680/8324, Loss: 4.8717
  Batch 7690/8324, Loss: 4.7999
  Batch 7700/8324, Loss: 4.5380
  Batch 7710/8324, Loss: 5.2425
  Batch 7720/8324, Loss: 4.7925
  Batch 7730/8324, Loss: 5.0173
  Batch 7740/8324, Loss: 4.6413
  Batch 7750/8324, Loss: 4.5102
  Batch 7760/8324, Loss: 4.6716
  Batch 7770/8324, Loss: 4.9241
  Batch 7780/8324, Loss: 4.5084
  Batch 7790/8324, Loss: 5.3742
  Batch 7800/8324, Loss: 5.0723
  Batch 7810/8324, Loss: 4.2705
  Batch 7820/8324, Loss: 4.5461
  Batch 7830/8324, Loss: 5.0044
  Batch 7840/8324, Loss: 4.5737
  Batch 7850/8324, Loss: 5.3299
  Batch 7860/8324, Loss: 4.5163
  Batch 7870/8324, Loss: 5.6660
  Batch 7880/8324, Loss: 4.9507
  Batch 7890/8324, Loss: 4.8298
  Batch 7900/8324, Loss: 4.9085
  Batch 7910/8324, Loss: 4.7370
  Batch 7920/8324, Loss: 4.8075
  Batch 7930/8324, Loss: 5.0228
  Batch 7940/8324, Loss: 4.9502
  Batch 7950/8324, Loss: 5.1640
  Batch 7960/8324, Loss: 4.3294
  Batch 7970/8324, Loss: 5.0445
  Batch 7980/8324, Loss: 5.6247
  Batch 7990/8324, Loss: 5.3689
  Batch 8000/8324, Loss: 4.5657
  Batch 8010/8324, Loss: 4.9378
  Batch 8020/8324, Loss: 4.9875
  Batch 8030/8324, Loss: 5.2446
  Batch 8040/8324, Loss: 5.0365
  Batch 8050/8324, Loss: 4.9108
  Batch 8060/8324, Loss: 5.4284
  Batch 8070/8324, Loss: 4.6313
  Batch 8080/8324, Loss: 5.0032
  Batch 8090/8324, Loss: 5.2408
  Batch 8100/8324, Loss: 4.9013
  Batch 8110/8324, Loss: 5.0057
  Batch 8120/8324, Loss: 5.0067
  Batch 8130/8324, Loss: 4.9387
  Batch 8140/8324, Loss: 4.5783
  Batch 8150/8324, Loss: 4.8036
  Batch 8160/8324, Loss: 5.7769
  Batch 8170/8324, Loss: 4.9805
  Batch 8180/8324, Loss: 5.5808
  Batch 8190/8324, Loss: 5.3194
  Batch 8200/8324, Loss: 5.4789
  Batch 8210/8324, Loss: 4.9333
  Batch 8220/8324, Loss: 4.9647
  Batch 8230/8324, Loss: 4.4331
  Batch 8240/8324, Loss: 5.7677
  Batch 8250/8324, Loss: 5.0384
  Batch 8260/8324, Loss: 5.2762
  Batch 8270/8324, Loss: 5.3442
  Batch 8280/8324, Loss: 4.9121
  Batch 8290/8324, Loss: 4.7092
  Batch 8300/8324, Loss: 4.6177
  Batch 8310/8324, Loss: 5.1751
  Batch 8320/8324, Loss: 4.3429

  Train Loss: 4.9925
  Val Loss: 6.6753
  Time: 28m 32s

Epoch 4/20
----------------------------------------
  Batch 10/8324, Loss: 4.6883
  Batch 20/8324, Loss: 4.6021
  Batch 30/8324, Loss: 4.9203
  Batch 40/8324, Loss: 5.0949
  Batch 50/8324, Loss: 5.0656
  Batch 60/8324, Loss: 4.7059
  Batch 70/8324, Loss: 4.9798
  Batch 80/8324, Loss: 4.7878
  Batch 90/8324, Loss: 5.0117
  Batch 100/8324, Loss: 5.2332
  Batch 110/8324, Loss: 4.4029
  Batch 120/8324, Loss: 5.2096
  Batch 130/8324, Loss: 4.8657
  Batch 140/8324, Loss: 4.5682
  Batch 150/8324, Loss: 4.9217
  Batch 160/8324, Loss: 5.0680
  Batch 170/8324, Loss: 4.3405
  Batch 180/8324, Loss: 5.0776
  Batch 190/8324, Loss: 5.2365
  Batch 200/8324, Loss: 4.8622
  Batch 210/8324, Loss: 4.5897
  Batch 220/8324, Loss: 5.3622
  Batch 230/8324, Loss: 4.5395
  Batch 240/8324, Loss: 5.0222
  Batch 250/8324, Loss: 4.6601
  Batch 260/8324, Loss: 4.7501
  Batch 270/8324, Loss: 5.1189
  Batch 280/8324, Loss: 4.6346
  Batch 290/8324, Loss: 4.7390
  Batch 300/8324, Loss: 4.8749
  Batch 310/8324, Loss: 4.0586
  Batch 320/8324, Loss: 5.1853
  Batch 330/8324, Loss: 5.0007
  Batch 340/8324, Loss: 5.1580
  Batch 350/8324, Loss: 4.8784
  Batch 360/8324, Loss: 5.4045
  Batch 370/8324, Loss: 4.8767
  Batch 380/8324, Loss: 4.9216
  Batch 390/8324, Loss: 4.4848
  Batch 400/8324, Loss: 4.4751
  Batch 410/8324, Loss: 4.3930
  Batch 420/8324, Loss: 4.4759
  Batch 430/8324, Loss: 4.7843
  Batch 440/8324, Loss: 4.6297
  Batch 450/8324, Loss: 4.9676
  Batch 460/8324, Loss: 4.9600
  Batch 470/8324, Loss: 4.5604
  Batch 480/8324, Loss: 4.8892
  Batch 490/8324, Loss: 4.8934
  Batch 500/8324, Loss: 4.4759
  Batch 510/8324, Loss: 5.0095
  Batch 520/8324, Loss: 5.1906
  Batch 530/8324, Loss: 5.2237
  Batch 540/8324, Loss: 4.3579
  Batch 550/8324, Loss: 4.9729
  Batch 560/8324, Loss: 4.6024
  Batch 570/8324, Loss: 5.0351
  Batch 580/8324, Loss: 5.0682
  Batch 590/8324, Loss: 4.6064
  Batch 600/8324, Loss: 4.5956
  Batch 610/8324, Loss: 5.0782
  Batch 620/8324, Loss: 5.2933
  Batch 630/8324, Loss: 4.7635
  Batch 640/8324, Loss: 4.7671
  Batch 650/8324, Loss: 4.3758
  Batch 660/8324, Loss: 5.1824
  Batch 670/8324, Loss: 5.2797
  Batch 680/8324, Loss: 4.4782
  Batch 690/8324, Loss: 4.6730
  Batch 700/8324, Loss: 4.2564
  Batch 710/8324, Loss: 5.0307
  Batch 720/8324, Loss: 4.6570
  Batch 730/8324, Loss: 4.8465
  Batch 740/8324, Loss: 4.8513
  Batch 750/8324, Loss: 4.8517
  Batch 760/8324, Loss: 5.0893
  Batch 770/8324, Loss: 5.3149
  Batch 780/8324, Loss: 4.5897
  Batch 790/8324, Loss: 4.6751
  Batch 800/8324, Loss: 4.9022
  Batch 810/8324, Loss: 5.0203
  Batch 820/8324, Loss: 4.6347
  Batch 830/8324, Loss: 4.9995
  Batch 840/8324, Loss: 5.2248
  Batch 850/8324, Loss: 5.0880
  Batch 860/8324, Loss: 5.3672
  Batch 870/8324, Loss: 4.6513
  Batch 880/8324, Loss: 4.9643
  Batch 890/8324, Loss: 4.8809
  Batch 900/8324, Loss: 4.6498
  Batch 910/8324, Loss: 4.6777
  Batch 920/8324, Loss: 4.5976
  Batch 930/8324, Loss: 4.5207
  Batch 940/8324, Loss: 4.6866
  Batch 950/8324, Loss: 4.9033
  Batch 960/8324, Loss: 4.6781
  Batch 970/8324, Loss: 5.2120
  Batch 980/8324, Loss: 4.7593
  Batch 990/8324, Loss: 4.8448
  Batch 1000/8324, Loss: 4.4540
  Batch 1010/8324, Loss: 4.9302
  Batch 1020/8324, Loss: 4.9605
  Batch 1030/8324, Loss: 5.1130
  Batch 1040/8324, Loss: 4.9898
  Batch 1050/8324, Loss: 4.3893
  Batch 1060/8324, Loss: 4.5852
  Batch 1070/8324, Loss: 4.6235
  Batch 1080/8324, Loss: 4.6544
  Batch 1090/8324, Loss: 4.5633
  Batch 1100/8324, Loss: 4.7781
  Batch 1110/8324, Loss: 4.2959
  Batch 1120/8324, Loss: 4.6658
  Batch 1130/8324, Loss: 5.1676
  Batch 1140/8324, Loss: 4.5349
  Batch 1150/8324, Loss: 4.5611
  Batch 1160/8324, Loss: 4.9630
  Batch 1170/8324, Loss: 4.8938
  Batch 1180/8324, Loss: 4.9195
  Batch 1190/8324, Loss: 4.7050
  Batch 1200/8324, Loss: 5.1586
  Batch 1210/8324, Loss: 5.0038
  Batch 1220/8324, Loss: 5.2139
  Batch 1230/8324, Loss: 4.8843
  Batch 1240/8324, Loss: 5.2687
  Batch 1250/8324, Loss: 4.9582
  Batch 1260/8324, Loss: 5.2951
  Batch 1270/8324, Loss: 5.2638
  Batch 1280/8324, Loss: 5.2879
  Batch 1290/8324, Loss: 4.9184
  Batch 1300/8324, Loss: 5.1181
  Batch 1310/8324, Loss: 4.8271
  Batch 1320/8324, Loss: 4.5599
  Batch 1330/8324, Loss: 5.1243
  Batch 1340/8324, Loss: 4.6566
  Batch 1350/8324, Loss: 5.2529
  Batch 1360/8324, Loss: 5.0850
  Batch 1370/8324, Loss: 5.1683
  Batch 1380/8324, Loss: 5.0473
  Batch 1390/8324, Loss: 4.8282
  Batch 1400/8324, Loss: 5.3712
  Batch 1410/8324, Loss: 4.7624
  Batch 1420/8324, Loss: 4.2714
  Batch 1430/8324, Loss: 4.8490
  Batch 1440/8324, Loss: 4.8944
  Batch 1450/8324, Loss: 4.8789
  Batch 1460/8324, Loss: 5.1373
  Batch 1470/8324, Loss: 5.2933
  Batch 1480/8324, Loss: 4.4532
  Batch 1490/8324, Loss: 5.4659
  Batch 1500/8324, Loss: 4.9881
  Batch 1510/8324, Loss: 4.2024
  Batch 1520/8324, Loss: 4.5868
  Batch 1530/8324, Loss: 5.2936
  Batch 1540/8324, Loss: 5.2184
  Batch 1550/8324, Loss: 5.2910
  Batch 1560/8324, Loss: 4.7848
  Batch 1570/8324, Loss: 4.7620
  Batch 1580/8324, Loss: 5.2020
  Batch 1590/8324, Loss: 5.2306
  Batch 1600/8324, Loss: 5.5739
  Batch 1610/8324, Loss: 5.0100
  Batch 1620/8324, Loss: 4.6404
  Batch 1630/8324, Loss: 4.9592
  Batch 1640/8324, Loss: 5.2241
  Batch 1650/8324, Loss: 5.4124
  Batch 1660/8324, Loss: 5.2212
  Batch 1670/8324, Loss: 4.5112
  Batch 1680/8324, Loss: 4.8815
  Batch 1690/8324, Loss: 4.6903
  Batch 1700/8324, Loss: 5.0024
  Batch 1710/8324, Loss: 4.7129
  Batch 1720/8324, Loss: 4.7537
  Batch 1730/8324, Loss: 5.1488
  Batch 1740/8324, Loss: 4.5328
  Batch 1750/8324, Loss: 5.0965
  Batch 1760/8324, Loss: 5.0632
  Batch 1770/8324, Loss: 4.8461
  Batch 1780/8324, Loss: 4.9764
  Batch 1790/8324, Loss: 4.3636
  Batch 1800/8324, Loss: 5.1499
  Batch 1810/8324, Loss: 4.6350
  Batch 1820/8324, Loss: 4.5702
  Batch 1830/8324, Loss: 4.5548
  Batch 1840/8324, Loss: 4.6529
  Batch 1850/8324, Loss: 4.6253
  Batch 1860/8324, Loss: 5.1937
  Batch 1870/8324, Loss: 4.8173
  Batch 1880/8324, Loss: 4.7728
  Batch 1890/8324, Loss: 4.9097
  Batch 1900/8324, Loss: 5.1900
  Batch 1910/8324, Loss: 5.5014
  Batch 1920/8324, Loss: 4.3959
  Batch 1930/8324, Loss: 5.1843
  Batch 1940/8324, Loss: 4.5921
  Batch 1950/8324, Loss: 4.7883
  Batch 1960/8324, Loss: 4.8372
  Batch 1970/8324, Loss: 5.3052
  Batch 1980/8324, Loss: 4.8462
  Batch 1990/8324, Loss: 4.0606
  Batch 2000/8324, Loss: 5.0309
  Batch 2010/8324, Loss: 4.9813
  Batch 2020/8324, Loss: 4.3195
  Batch 2030/8324, Loss: 4.9840
  Batch 2040/8324, Loss: 4.8468
  Batch 2050/8324, Loss: 4.5138
  Batch 2060/8324, Loss: 4.5836
  Batch 2070/8324, Loss: 4.7085
  Batch 2080/8324, Loss: 4.6397
  Batch 2090/8324, Loss: 5.0103
  Batch 2100/8324, Loss: 5.0945
  Batch 2110/8324, Loss: 5.0240
  Batch 2120/8324, Loss: 4.3843
  Batch 2130/8324, Loss: 4.8811
  Batch 2140/8324, Loss: 5.0544
  Batch 2150/8324, Loss: 5.3798
  Batch 2160/8324, Loss: 4.7130
  Batch 2170/8324, Loss: 4.7824
  Batch 2180/8324, Loss: 5.2215
  Batch 2190/8324, Loss: 4.6250
  Batch 2200/8324, Loss: 4.9980
  Batch 2210/8324, Loss: 4.8867
  Batch 2220/8324, Loss: 5.0417
  Batch 2230/8324, Loss: 4.9157
  Batch 2240/8324, Loss: 4.6609
  Batch 2250/8324, Loss: 4.6016
  Batch 2260/8324, Loss: 3.9740
  Batch 2270/8324, Loss: 5.1512
  Batch 2280/8324, Loss: 5.3172
  Batch 2290/8324, Loss: 4.9544
  Batch 2300/8324, Loss: 5.1295
  Batch 2310/8324, Loss: 5.0417
  Batch 2320/8324, Loss: 5.0717
  Batch 2330/8324, Loss: 4.7001
  Batch 2340/8324, Loss: 4.3626
  Batch 2350/8324, Loss: 4.8523
  Batch 2360/8324, Loss: 4.7714
  Batch 2370/8324, Loss: 4.7262
  Batch 2380/8324, Loss: 4.6372
  Batch 2390/8324, Loss: 5.1394
  Batch 2400/8324, Loss: 4.3898
  Batch 2410/8324, Loss: 5.0069
  Batch 2420/8324, Loss: 4.9205
  Batch 2430/8324, Loss: 5.2888
  Batch 2440/8324, Loss: 4.8102
  Batch 2450/8324, Loss: 4.8247
  Batch 2460/8324, Loss: 5.0009
  Batch 2470/8324, Loss: 4.6346
  Batch 2480/8324, Loss: 4.5954
  Batch 2490/8324, Loss: 4.5305
  Batch 2500/8324, Loss: 4.6508
  Batch 2510/8324, Loss: 4.4006
  Batch 2520/8324, Loss: 4.4631
  Batch 2530/8324, Loss: 5.1185
  Batch 2540/8324, Loss: 4.5732
  Batch 2550/8324, Loss: 4.9789
  Batch 2560/8324, Loss: 5.1094
  Batch 2570/8324, Loss: 5.2605
  Batch 2580/8324, Loss: 4.7908
  Batch 2590/8324, Loss: 5.1265
  Batch 2600/8324, Loss: 4.8005
  Batch 2610/8324, Loss: 5.3186
  Batch 2620/8324, Loss: 5.0858
  Batch 2630/8324, Loss: 4.8829
  Batch 2640/8324, Loss: 4.6936
  Batch 2650/8324, Loss: 4.6874
  Batch 2660/8324, Loss: 5.0212
  Batch 2670/8324, Loss: 5.3067
  Batch 2680/8324, Loss: 4.7439
  Batch 2690/8324, Loss: 4.6256
  Batch 2700/8324, Loss: 5.2495
  Batch 2710/8324, Loss: 4.6024
  Batch 2720/8324, Loss: 4.9790
  Batch 2730/8324, Loss: 4.9544
  Batch 2740/8324, Loss: 4.5522
  Batch 2750/8324, Loss: 4.8961
  Batch 2760/8324, Loss: 4.7948
  Batch 2770/8324, Loss: 4.4439
  Batch 2780/8324, Loss: 5.2370
  Batch 2790/8324, Loss: 4.7061
  Batch 2800/8324, Loss: 4.7423
  Batch 2810/8324, Loss: 4.9476
  Batch 2820/8324, Loss: 4.9735
  Batch 2830/8324, Loss: 4.5040
  Batch 2840/8324, Loss: 5.1958
  Batch 2850/8324, Loss: 4.7541
  Batch 2860/8324, Loss: 4.4458
  Batch 2870/8324, Loss: 5.3327
  Batch 2880/8324, Loss: 5.1128
  Batch 2890/8324, Loss: 5.2114
  Batch 2900/8324, Loss: 4.7451
  Batch 2910/8324, Loss: 4.9101
  Batch 2920/8324, Loss: 4.5468
  Batch 2930/8324, Loss: 4.9239
  Batch 2940/8324, Loss: 4.6135
  Batch 2950/8324, Loss: 4.6852
  Batch 2960/8324, Loss: 5.4441
  Batch 2970/8324, Loss: 4.8371
  Batch 2980/8324, Loss: 4.9626
  Batch 2990/8324, Loss: 5.0694
  Batch 3000/8324, Loss: 5.2886
  Batch 3010/8324, Loss: 5.1116
  Batch 3020/8324, Loss: 4.9930
  Batch 3030/8324, Loss: 4.4191
  Batch 3040/8324, Loss: 4.3968
  Batch 3050/8324, Loss: 5.1416
  Batch 3060/8324, Loss: 5.0196
  Batch 3070/8324, Loss: 5.0303
  Batch 3080/8324, Loss: 4.7044
  Batch 3090/8324, Loss: 4.6356
  Batch 3100/8324, Loss: 4.6550
  Batch 3110/8324, Loss: 5.3962
  Batch 3120/8324, Loss: 4.8986
  Batch 3130/8324, Loss: 5.2354
  Batch 3140/8324, Loss: 4.5034
  Batch 3150/8324, Loss: 4.4969
  Batch 3160/8324, Loss: 5.1894
  Batch 3170/8324, Loss: 4.4516
  Batch 3180/8324, Loss: 5.1443
  Batch 3190/8324, Loss: 4.6506
  Batch 3200/8324, Loss: 4.6778
  Batch 3210/8324, Loss: 4.7248
  Batch 3220/8324, Loss: 4.9396
  Batch 3230/8324, Loss: 5.0950
  Batch 3240/8324, Loss: 4.5262
  Batch 3250/8324, Loss: 4.5849
  Batch 3260/8324, Loss: 5.3976
  Batch 3270/8324, Loss: 4.7514
  Batch 3280/8324, Loss: 4.5116
  Batch 3290/8324, Loss: 5.3354
  Batch 3300/8324, Loss: 4.9660
  Batch 3310/8324, Loss: 5.2353
  Batch 3320/8324, Loss: 4.8063
  Batch 3330/8324, Loss: 5.0366
  Batch 3340/8324, Loss: 4.7664
  Batch 3350/8324, Loss: 5.2784
  Batch 3360/8324, Loss: 4.3789
  Batch 3370/8324, Loss: 4.7447
  Batch 3380/8324, Loss: 5.2216
  Batch 3390/8324, Loss: 4.6952
  Batch 3400/8324, Loss: 4.2940
  Batch 3410/8324, Loss: 4.5903
  Batch 3420/8324, Loss: 5.3205
  Batch 3430/8324, Loss: 4.4168
  Batch 3440/8324, Loss: 5.2021
  Batch 3450/8324, Loss: 5.0686
  Batch 3460/8324, Loss: 5.1259
  Batch 3470/8324, Loss: 5.1434
  Batch 3480/8324, Loss: 4.9604
  Batch 3490/8324, Loss: 4.6509
  Batch 3500/8324, Loss: 5.0965
  Batch 3510/8324, Loss: 5.4562
  Batch 3520/8324, Loss: 5.4649
  Batch 3530/8324, Loss: 4.9049
  Batch 3540/8324, Loss: 5.1216
  Batch 3550/8324, Loss: 4.1974
  Batch 3560/8324, Loss: 5.0509
  Batch 3570/8324, Loss: 5.0340
  Batch 3580/8324, Loss: 4.6764
  Batch 3590/8324, Loss: 4.5866
  Batch 3600/8324, Loss: 4.9162
  Batch 3610/8324, Loss: 4.5997
  Batch 3620/8324, Loss: 4.9138
  Batch 3630/8324, Loss: 4.8928
  Batch 3640/8324, Loss: 4.8122
  Batch 3650/8324, Loss: 4.3329
  Batch 3660/8324, Loss: 5.4087
  Batch 3670/8324, Loss: 4.5014
  Batch 3680/8324, Loss: 5.0802
  Batch 3690/8324, Loss: 4.9827
  Batch 3700/8324, Loss: 5.0531
  Batch 3710/8324, Loss: 4.4004
  Batch 3720/8324, Loss: 4.7981
  Batch 3730/8324, Loss: 4.6504
  Batch 3740/8324, Loss: 4.8195
  Batch 3750/8324, Loss: 5.3167
  Batch 3760/8324, Loss: 5.1177
  Batch 3770/8324, Loss: 5.0425
  Batch 3780/8324, Loss: 4.8613
  Batch 3790/8324, Loss: 5.1620
  Batch 3800/8324, Loss: 5.1615
  Batch 3810/8324, Loss: 5.0161
  Batch 3820/8324, Loss: 4.5417
  Batch 3830/8324, Loss: 4.2398
  Batch 3840/8324, Loss: 4.9510
  Batch 3850/8324, Loss: 4.6634
  Batch 3860/8324, Loss: 4.6429
  Batch 3870/8324, Loss: 4.9536
  Batch 3880/8324, Loss: 5.0715
  Batch 3890/8324, Loss: 5.3409
  Batch 3900/8324, Loss: 4.9792
  Batch 3910/8324, Loss: 5.0166
  Batch 3920/8324, Loss: 4.7449
  Batch 3930/8324, Loss: 4.8108
  Batch 3940/8324, Loss: 5.2264
  Batch 3950/8324, Loss: 4.3507
  Batch 3960/8324, Loss: 5.0535
  Batch 3970/8324, Loss: 5.1062
  Batch 3980/8324, Loss: 4.6914
  Batch 3990/8324, Loss: 5.0391
  Batch 4000/8324, Loss: 5.1853
  Batch 4010/8324, Loss: 4.9547
  Batch 4020/8324, Loss: 4.8773
  Batch 4030/8324, Loss: 4.7985
  Batch 4040/8324, Loss: 5.0789
  Batch 4050/8324, Loss: 5.1203
  Batch 4060/8324, Loss: 4.8160
  Batch 4070/8324, Loss: 4.9770
  Batch 4080/8324, Loss: 4.9384
  Batch 4090/8324, Loss: 4.8765
  Batch 4100/8324, Loss: 4.5000
  Batch 4110/8324, Loss: 4.4476
  Batch 4120/8324, Loss: 5.0804
  Batch 4130/8324, Loss: 4.4156
  Batch 4140/8324, Loss: 5.0367
  Batch 4150/8324, Loss: 5.0167
  Batch 4160/8324, Loss: 4.9491
  Batch 4170/8324, Loss: 4.6444
  Batch 4180/8324, Loss: 4.9760
  Batch 4190/8324, Loss: 4.8256
  Batch 4200/8324, Loss: 4.8595
  Batch 4210/8324, Loss: 5.1168
  Batch 4220/8324, Loss: 5.0662
  Batch 4230/8324, Loss: 5.2689
  Batch 4240/8324, Loss: 5.5368
  Batch 4250/8324, Loss: 5.1365
  Batch 4260/8324, Loss: 5.0263
  Batch 4270/8324, Loss: 5.2120
  Batch 4280/8324, Loss: 5.1276
  Batch 4290/8324, Loss: 5.1241
  Batch 4300/8324, Loss: 4.4873
  Batch 4310/8324, Loss: 4.8146
  Batch 4320/8324, Loss: 4.7058
  Batch 4330/8324, Loss: 4.8052
  Batch 4340/8324, Loss: 4.6247
  Batch 4350/8324, Loss: 4.9408
  Batch 4360/8324, Loss: 5.2147
  Batch 4370/8324, Loss: 5.0882
  Batch 4380/8324, Loss: 5.0135
  Batch 4390/8324, Loss: 4.9371
  Batch 4400/8324, Loss: 4.6381
  Batch 4410/8324, Loss: 4.7544
  Batch 4420/8324, Loss: 5.5643
  Batch 4430/8324, Loss: 4.4707
  Batch 4440/8324, Loss: 5.4253
  Batch 4450/8324, Loss: 5.0902
  Batch 4460/8324, Loss: 4.6938
  Batch 4470/8324, Loss: 4.4750
  Batch 4480/8324, Loss: 4.6375
  Batch 4490/8324, Loss: 5.1132
  Batch 4500/8324, Loss: 4.8759
  Batch 4510/8324, Loss: 4.8830
  Batch 4520/8324, Loss: 4.9830
  Batch 4530/8324, Loss: 4.9341
  Batch 4540/8324, Loss: 4.8473
  Batch 4550/8324, Loss: 5.0440
  Batch 4560/8324, Loss: 4.7045
  Batch 4570/8324, Loss: 5.2018
  Batch 4580/8324, Loss: 4.1179
  Batch 4590/8324, Loss: 4.5298
  Batch 4600/8324, Loss: 4.8806
  Batch 4610/8324, Loss: 4.6362
  Batch 4620/8324, Loss: 5.1165
  Batch 4630/8324, Loss: 4.7779
  Batch 4640/8324, Loss: 5.0328
  Batch 4650/8324, Loss: 5.2049
  Batch 4660/8324, Loss: 4.4942
  Batch 4670/8324, Loss: 4.6565
  Batch 4680/8324, Loss: 5.1376
  Batch 4690/8324, Loss: 4.2857
  Batch 4700/8324, Loss: 4.5910
  Batch 4710/8324, Loss: 5.0950
  Batch 4720/8324, Loss: 4.6225
  Batch 4730/8324, Loss: 4.1172
  Batch 4740/8324, Loss: 4.6279
  Batch 4750/8324, Loss: 4.9452
  Batch 4760/8324, Loss: 4.7966
  Batch 4770/8324, Loss: 4.7384
  Batch 4780/8324, Loss: 4.1163
  Batch 4790/8324, Loss: 5.2060
  Batch 4800/8324, Loss: 4.7987
  Batch 4810/8324, Loss: 5.2937
  Batch 4820/8324, Loss: 4.3419
  Batch 4830/8324, Loss: 4.4400
  Batch 4840/8324, Loss: 4.3692
  Batch 4850/8324, Loss: 4.9509
  Batch 4860/8324, Loss: 5.0724
  Batch 4870/8324, Loss: 4.9855
  Batch 4880/8324, Loss: 5.0315
  Batch 4890/8324, Loss: 4.3976
  Batch 4900/8324, Loss: 5.3664
  Batch 4910/8324, Loss: 4.6772
  Batch 4920/8324, Loss: 4.8386
  Batch 4930/8324, Loss: 5.2334
  Batch 4940/8324, Loss: 4.9093
  Batch 4950/8324, Loss: 4.3184
  Batch 4960/8324, Loss: 5.1703
  Batch 4970/8324, Loss: 4.9336
  Batch 4980/8324, Loss: 5.0382
  Batch 4990/8324, Loss: 4.6991
  Batch 5000/8324, Loss: 4.3233
  Batch 5010/8324, Loss: 4.9976
  Batch 5020/8324, Loss: 4.7723
  Batch 5030/8324, Loss: 4.7440
  Batch 5040/8324, Loss: 5.3056
  Batch 5050/8324, Loss: 4.4180
  Batch 5060/8324, Loss: 5.2477
  Batch 5070/8324, Loss: 4.7567
  Batch 5080/8324, Loss: 5.3293
  Batch 5090/8324, Loss: 4.6198
  Batch 5100/8324, Loss: 4.9794
  Batch 5110/8324, Loss: 5.0017
  Batch 5120/8324, Loss: 3.8815
  Batch 5130/8324, Loss: 4.9317
  Batch 5140/8324, Loss: 5.4454
  Batch 5150/8324, Loss: 5.2294
  Batch 5160/8324, Loss: 4.9491
  Batch 5170/8324, Loss: 5.0819
  Batch 5180/8324, Loss: 5.1892
  Batch 5190/8324, Loss: 4.5836
  Batch 5200/8324, Loss: 5.1677
  Batch 5210/8324, Loss: 4.7279
  Batch 5220/8324, Loss: 4.7333
  Batch 5230/8324, Loss: 4.2500
  Batch 5240/8324, Loss: 4.8843
  Batch 5250/8324, Loss: 4.6896
  Batch 5260/8324, Loss: 4.9783
  Batch 5270/8324, Loss: 5.1963
  Batch 5280/8324, Loss: 4.7630
  Batch 5290/8324, Loss: 4.5491
  Batch 5300/8324, Loss: 4.9564
  Batch 5310/8324, Loss: 4.6481
  Batch 5320/8324, Loss: 4.9781
  Batch 5330/8324, Loss: 5.3102
  Batch 5340/8324, Loss: 5.1827
  Batch 5350/8324, Loss: 4.8166
  Batch 5360/8324, Loss: 4.8189
  Batch 5370/8324, Loss: 3.6976
  Batch 5380/8324, Loss: 4.5727
  Batch 5390/8324, Loss: 5.1111
  Batch 5400/8324, Loss: 5.0498
  Batch 5410/8324, Loss: 4.7203
  Batch 5420/8324, Loss: 4.5774
  Batch 5430/8324, Loss: 5.5269
  Batch 5440/8324, Loss: 5.0693
  Batch 5450/8324, Loss: 5.1994
  Batch 5460/8324, Loss: 4.9296
  Batch 5470/8324, Loss: 4.8038
  Batch 5480/8324, Loss: 4.2374
  Batch 5490/8324, Loss: 4.9938
  Batch 5500/8324, Loss: 5.0486
  Batch 5510/8324, Loss: 5.2075
  Batch 5520/8324, Loss: 4.7028
  Batch 5530/8324, Loss: 4.8015
  Batch 5540/8324, Loss: 5.0416
  Batch 5550/8324, Loss: 5.3903
  Batch 5560/8324, Loss: 4.5808
  Batch 5570/8324, Loss: 5.2956
  Batch 5580/8324, Loss: 5.2552
  Batch 5590/8324, Loss: 5.0256
  Batch 5600/8324, Loss: 4.8346
  Batch 5610/8324, Loss: 4.4409
  Batch 5620/8324, Loss: 4.3373
  Batch 5630/8324, Loss: 5.0448
  Batch 5640/8324, Loss: 4.5350
  Batch 5650/8324, Loss: 4.9381
  Batch 5660/8324, Loss: 5.1728
  Batch 5670/8324, Loss: 4.2885
  Batch 5680/8324, Loss: 5.0197
  Batch 5690/8324, Loss: 5.0660
  Batch 5700/8324, Loss: 5.4471
  Batch 5710/8324, Loss: 4.8754
  Batch 5720/8324, Loss: 4.7314
  Batch 5730/8324, Loss: 5.0683
  Batch 5740/8324, Loss: 4.8757
  Batch 5750/8324, Loss: 4.5379
  Batch 5760/8324, Loss: 4.9496
  Batch 5770/8324, Loss: 5.0555
  Batch 5780/8324, Loss: 4.6083
  Batch 5790/8324, Loss: 4.5973
  Batch 5800/8324, Loss: 5.0747
  Batch 5810/8324, Loss: 5.0501
  Batch 5820/8324, Loss: 4.8319
  Batch 5830/8324, Loss: 4.8883
  Batch 5840/8324, Loss: 4.7268
  Batch 5850/8324, Loss: 4.9492
  Batch 5860/8324, Loss: 4.4876
  Batch 5870/8324, Loss: 5.1630
  Batch 5880/8324, Loss: 5.0639
  Batch 5890/8324, Loss: 5.2544
  Batch 5900/8324, Loss: 5.0998
  Batch 5910/8324, Loss: 5.1718
  Batch 5920/8324, Loss: 5.1004
  Batch 5930/8324, Loss: 4.6904
  Batch 5940/8324, Loss: 4.5825
  Batch 5950/8324, Loss: 5.0826
  Batch 5960/8324, Loss: 4.1036
  Batch 5970/8324, Loss: 4.6497
  Batch 5980/8324, Loss: 5.0710
  Batch 5990/8324, Loss: 4.8782
  Batch 6000/8324, Loss: 4.6969
  Batch 6010/8324, Loss: 5.3556
  Batch 6020/8324, Loss: 5.2435
  Batch 6030/8324, Loss: 4.5207
  Batch 6040/8324, Loss: 4.7547
  Batch 6050/8324, Loss: 5.0599
  Batch 6060/8324, Loss: 5.6795
  Batch 6070/8324, Loss: 4.3739
  Batch 6080/8324, Loss: 4.8441
  Batch 6090/8324, Loss: 5.0353
  Batch 6100/8324, Loss: 5.4516
  Batch 6110/8324, Loss: 5.5336
  Batch 6120/8324, Loss: 5.2158
  Batch 6130/8324, Loss: 5.3826
  Batch 6140/8324, Loss: 4.3214
  Batch 6150/8324, Loss: 5.1392
  Batch 6160/8324, Loss: 3.9453
  Batch 6170/8324, Loss: 4.6751
  Batch 6180/8324, Loss: 4.8127
  Batch 6190/8324, Loss: 4.1837
  Batch 6200/8324, Loss: 5.3016
  Batch 6210/8324, Loss: 4.8269
  Batch 6220/8324, Loss: 4.9428
  Batch 6230/8324, Loss: 4.4063
  Batch 6240/8324, Loss: 4.5733
  Batch 6250/8324, Loss: 4.4500
  Batch 6260/8324, Loss: 5.0971
  Batch 6270/8324, Loss: 4.2197
  Batch 6280/8324, Loss: 4.9281
  Batch 6290/8324, Loss: 3.9507
  Batch 6300/8324, Loss: 5.0941
  Batch 6310/8324, Loss: 5.4557
  Batch 6320/8324, Loss: 4.2468
  Batch 6330/8324, Loss: 5.5130
  Batch 6340/8324, Loss: 5.1819
  Batch 6350/8324, Loss: 4.3853
  Batch 6360/8324, Loss: 4.6556
  Batch 6370/8324, Loss: 4.5372
  Batch 6380/8324, Loss: 4.8678
  Batch 6390/8324, Loss: 4.7890
  Batch 6400/8324, Loss: 4.7238
  Batch 6410/8324, Loss: 4.9485
  Batch 6420/8324, Loss: 5.1611
  Batch 6430/8324, Loss: 5.3869
  Batch 6440/8324, Loss: 4.5860
  Batch 6450/8324, Loss: 3.9953
  Batch 6460/8324, Loss: 4.7443
  Batch 6470/8324, Loss: 4.5989
  Batch 6480/8324, Loss: 5.2843
  Batch 6490/8324, Loss: 5.0415
  Batch 6500/8324, Loss: 5.1007
  Batch 6510/8324, Loss: 4.9829
  Batch 6520/8324, Loss: 5.5237
  Batch 6530/8324, Loss: 5.2356
  Batch 6540/8324, Loss: 4.9792
  Batch 6550/8324, Loss: 4.8784
  Batch 6560/8324, Loss: 4.9932
  Batch 6570/8324, Loss: 4.0985
  Batch 6580/8324, Loss: 4.6386
  Batch 6590/8324, Loss: 5.2523
  Batch 6600/8324, Loss: 4.8943
  Batch 6610/8324, Loss: 5.0716
  Batch 6620/8324, Loss: 4.9595
  Batch 6630/8324, Loss: 4.5647
  Batch 6640/8324, Loss: 4.9283
  Batch 6650/8324, Loss: 4.9847
  Batch 6660/8324, Loss: 5.2491
  Batch 6670/8324, Loss: 4.7128
  Batch 6680/8324, Loss: 5.4216
  Batch 6690/8324, Loss: 4.6195
  Batch 6700/8324, Loss: 4.7421
  Batch 6710/8324, Loss: 4.7767
  Batch 6720/8324, Loss: 5.2219
  Batch 6730/8324, Loss: 4.5819
  Batch 6740/8324, Loss: 4.8095
  Batch 6750/8324, Loss: 4.7377
  Batch 6760/8324, Loss: 4.6244
  Batch 6770/8324, Loss: 4.7442
  Batch 6780/8324, Loss: 5.2314
  Batch 6790/8324, Loss: 4.6896
  Batch 6800/8324, Loss: 4.4149
  Batch 6810/8324, Loss: 4.9295
  Batch 6820/8324, Loss: 5.0050
  Batch 6830/8324, Loss: 5.1379
  Batch 6840/8324, Loss: 3.9895
  Batch 6850/8324, Loss: 4.7882
  Batch 6860/8324, Loss: 4.6275
  Batch 6870/8324, Loss: 4.7618
  Batch 6880/8324, Loss: 4.8149
  Batch 6890/8324, Loss: 4.9307
  Batch 6900/8324, Loss: 4.0972
  Batch 6910/8324, Loss: 5.3800
  Batch 6920/8324, Loss: 4.7292
  Batch 6930/8324, Loss: 4.6437
  Batch 6940/8324, Loss: 5.4164
  Batch 6950/8324, Loss: 4.5056
  Batch 6960/8324, Loss: 4.6819
  Batch 6970/8324, Loss: 4.7515
  Batch 6980/8324, Loss: 4.7566
  Batch 6990/8324, Loss: 4.8000
  Batch 7000/8324, Loss: 5.1911
  Batch 7010/8324, Loss: 5.1945
  Batch 7020/8324, Loss: 4.5357
  Batch 7030/8324, Loss: 4.7390
  Batch 7040/8324, Loss: 4.8383
  Batch 7050/8324, Loss: 4.6650
  Batch 7060/8324, Loss: 4.6428
  Batch 7070/8324, Loss: 5.1913
  Batch 7080/8324, Loss: 4.7775
  Batch 7090/8324, Loss: 4.5595
  Batch 7100/8324, Loss: 4.5527
  Batch 7110/8324, Loss: 5.1545
  Batch 7120/8324, Loss: 4.8139
  Batch 7130/8324, Loss: 5.4312
  Batch 7140/8324, Loss: 4.9651
  Batch 7150/8324, Loss: 4.9419
  Batch 7160/8324, Loss: 5.1065
  Batch 7170/8324, Loss: 5.3337
  Batch 7180/8324, Loss: 4.6409
  Batch 7190/8324, Loss: 5.1863
  Batch 7200/8324, Loss: 4.2229
  Batch 7210/8324, Loss: 4.9733
  Batch 7220/8324, Loss: 4.9610
  Batch 7230/8324, Loss: 4.7859
  Batch 7240/8324, Loss: 5.2985
  Batch 7250/8324, Loss: 4.3545
  Batch 7260/8324, Loss: 5.0701
  Batch 7270/8324, Loss: 5.1176
  Batch 7280/8324, Loss: 4.3154
  Batch 7290/8324, Loss: 4.4813
  Batch 7300/8324, Loss: 4.8049
  Batch 7310/8324, Loss: 5.2972
  Batch 7320/8324, Loss: 4.5563
  Batch 7330/8324, Loss: 5.2465
  Batch 7340/8324, Loss: 4.6536
  Batch 7350/8324, Loss: 4.8749
  Batch 7360/8324, Loss: 4.4715
  Batch 7370/8324, Loss: 4.7141
  Batch 7380/8324, Loss: 4.8886
  Batch 7390/8324, Loss: 4.3043
  Batch 7400/8324, Loss: 4.7509
  Batch 7410/8324, Loss: 4.8233
  Batch 7420/8324, Loss: 4.5819
  Batch 7430/8324, Loss: 3.8461
  Batch 7440/8324, Loss: 5.0730
  Batch 7450/8324, Loss: 4.9016
  Batch 7460/8324, Loss: 4.7167
  Batch 7470/8324, Loss: 4.7533
  Batch 7480/8324, Loss: 5.2531
  Batch 7490/8324, Loss: 4.3304
  Batch 7500/8324, Loss: 4.4090
  Batch 7510/8324, Loss: 4.8157
  Batch 7520/8324, Loss: 4.5655
  Batch 7530/8324, Loss: 4.4123
  Batch 7540/8324, Loss: 4.4892
  Batch 7550/8324, Loss: 5.3722
  Batch 7560/8324, Loss: 5.1753
  Batch 7570/8324, Loss: 4.5047
  Batch 7580/8324, Loss: 4.9347
  Batch 7590/8324, Loss: 4.3922
  Batch 7600/8324, Loss: 4.1969
  Batch 7610/8324, Loss: 4.7713
  Batch 7620/8324, Loss: 4.5804
  Batch 7630/8324, Loss: 5.2866
  Batch 7640/8324, Loss: 4.4234
  Batch 7650/8324, Loss: 5.1024
  Batch 7660/8324, Loss: 4.8493
  Batch 7670/8324, Loss: 4.4649
  Batch 7680/8324, Loss: 5.1199
  Batch 7690/8324, Loss: 4.7657
  Batch 7700/8324, Loss: 4.7807
  Batch 7710/8324, Loss: 4.6570
  Batch 7720/8324, Loss: 5.3020
  Batch 7730/8324, Loss: 4.8599
  Batch 7740/8324, Loss: 5.2190
  Batch 7750/8324, Loss: 5.1908
  Batch 7760/8324, Loss: 5.0701
  Batch 7770/8324, Loss: 5.3250
  Batch 7780/8324, Loss: 5.0315
  Batch 7790/8324, Loss: 4.9887
  Batch 7800/8324, Loss: 4.8659
  Batch 7810/8324, Loss: 4.6219
  Batch 7820/8324, Loss: 4.7175
  Batch 7830/8324, Loss: 4.4490
  Batch 7840/8324, Loss: 5.1018
  Batch 7850/8324, Loss: 4.6801
  Batch 7860/8324, Loss: 4.9657
  Batch 7870/8324, Loss: 4.9272
  Batch 7880/8324, Loss: 4.8611
  Batch 7890/8324, Loss: 4.1581
  Batch 7900/8324, Loss: 5.0231
  Batch 7910/8324, Loss: 4.7419
  Batch 7920/8324, Loss: 5.0108
  Batch 7930/8324, Loss: 5.0051
  Batch 7940/8324, Loss: 4.9230
  Batch 7950/8324, Loss: 4.9400
  Batch 7960/8324, Loss: 4.8276
  Batch 7970/8324, Loss: 4.9147
  Batch 7980/8324, Loss: 4.2559
  Batch 7990/8324, Loss: 4.8265
  Batch 8000/8324, Loss: 4.9207
  Batch 8010/8324, Loss: 4.4417
  Batch 8020/8324, Loss: 5.5123
  Batch 8030/8324, Loss: 4.8295
  Batch 8040/8324, Loss: 5.1361
  Batch 8050/8324, Loss: 4.8293
  Batch 8060/8324, Loss: 5.1890
  Batch 8070/8324, Loss: 5.3257
  Batch 8080/8324, Loss: 4.7640
  Batch 8090/8324, Loss: 5.3973
  Batch 8100/8324, Loss: 4.5645
  Batch 8110/8324, Loss: 4.9237
  Batch 8120/8324, Loss: 5.1873
  Batch 8130/8324, Loss: 4.3032
  Batch 8140/8324, Loss: 4.6861
  Batch 8150/8324, Loss: 5.0869
  Batch 8160/8324, Loss: 5.3369
  Batch 8170/8324, Loss: 5.1455
  Batch 8180/8324, Loss: 4.6954
  Batch 8190/8324, Loss: 4.2809
  Batch 8200/8324, Loss: 5.1229
  Batch 8210/8324, Loss: 5.0754
  Batch 8220/8324, Loss: 4.4724
  Batch 8230/8324, Loss: 5.1283
  Batch 8240/8324, Loss: 5.0814
  Batch 8250/8324, Loss: 5.3224
  Batch 8260/8324, Loss: 5.0828
  Batch 8270/8324, Loss: 4.7860
  Batch 8280/8324, Loss: 5.1811
  Batch 8290/8324, Loss: 4.7617
  Batch 8300/8324, Loss: 4.9127
  Batch 8310/8324, Loss: 4.4268
  Batch 8320/8324, Loss: 5.0152

  Train Loss: 4.8515
  Val Loss: 6.6722
  Time: 26m 37s

Epoch 5/20
----------------------------------------
  Batch 10/8324, Loss: 4.8562
  Batch 20/8324, Loss: 5.2800
  Batch 30/8324, Loss: 4.1602
  Batch 40/8324, Loss: 4.5528
  Batch 50/8324, Loss: 4.4039
  Batch 60/8324, Loss: 4.7690
  Batch 70/8324, Loss: 4.8691
  Batch 80/8324, Loss: 5.0129
  Batch 90/8324, Loss: 4.4962
  Batch 100/8324, Loss: 4.3937
  Batch 110/8324, Loss: 5.0548
  Batch 120/8324, Loss: 4.4938
  Batch 130/8324, Loss: 5.5782
  Batch 140/8324, Loss: 4.0378
  Batch 150/8324, Loss: 4.8849
  Batch 160/8324, Loss: 4.6090
  Batch 170/8324, Loss: 4.8212
  Batch 180/8324, Loss: 5.1557
  Batch 190/8324, Loss: 4.7758
  Batch 200/8324, Loss: 4.6215
  Batch 210/8324, Loss: 4.7974
  Batch 220/8324, Loss: 4.5176
  Batch 230/8324, Loss: 4.9129
  Batch 240/8324, Loss: 4.4785
  Batch 250/8324, Loss: 4.8695
  Batch 260/8324, Loss: 5.1596
  Batch 270/8324, Loss: 5.1276
  Batch 280/8324, Loss: 4.6344
  Batch 290/8324, Loss: 4.6363
  Batch 300/8324, Loss: 4.9169
  Batch 310/8324, Loss: 4.3195
  Batch 320/8324, Loss: 5.3060
  Batch 330/8324, Loss: 4.9663
  Batch 340/8324, Loss: 4.9175
  Batch 350/8324, Loss: 5.0299
  Batch 360/8324, Loss: 4.6049
  Batch 370/8324, Loss: 4.7730
  Batch 380/8324, Loss: 4.6767
  Batch 390/8324, Loss: 5.1082
  Batch 400/8324, Loss: 4.9704
  Batch 410/8324, Loss: 5.2448
  Batch 420/8324, Loss: 4.5261
  Batch 430/8324, Loss: 4.5439
  Batch 440/8324, Loss: 4.6015
  Batch 450/8324, Loss: 4.7547
  Batch 460/8324, Loss: 4.1432
  Batch 470/8324, Loss: 4.9251
  Batch 480/8324, Loss: 4.3683
  Batch 490/8324, Loss: 5.3959
  Batch 500/8324, Loss: 4.9561
  Batch 510/8324, Loss: 4.6884
  Batch 520/8324, Loss: 4.5043
  Batch 530/8324, Loss: 5.1340
  Batch 540/8324, Loss: 4.6028
  Batch 550/8324, Loss: 3.8869
  Batch 560/8324, Loss: 4.0277
  Batch 570/8324, Loss: 4.8792
  Batch 580/8324, Loss: 4.9454
  Batch 590/8324, Loss: 4.5069
  Batch 600/8324, Loss: 4.6034
  Batch 610/8324, Loss: 5.0569
  Batch 620/8324, Loss: 4.8045
  Batch 630/8324, Loss: 4.9254
  Batch 640/8324, Loss: 4.5845
  Batch 650/8324, Loss: 4.6795
  Batch 660/8324, Loss: 4.7443
  Batch 670/8324, Loss: 4.6705
  Batch 680/8324, Loss: 4.5283
  Batch 690/8324, Loss: 4.5181
  Batch 700/8324, Loss: 4.4836
  Batch 710/8324, Loss: 4.9434
  Batch 720/8324, Loss: 4.9478
  Batch 730/8324, Loss: 5.2564
  Batch 740/8324, Loss: 4.5217
  Batch 750/8324, Loss: 4.3106
  Batch 760/8324, Loss: 4.9892
  Batch 770/8324, Loss: 4.0591
  Batch 780/8324, Loss: 4.8610
  Batch 790/8324, Loss: 4.4894
  Batch 800/8324, Loss: 4.1653
  Batch 810/8324, Loss: 4.4819
  Batch 820/8324, Loss: 4.4042
  Batch 830/8324, Loss: 5.3088
  Batch 840/8324, Loss: 4.8033
  Batch 850/8324, Loss: 4.3892
  Batch 860/8324, Loss: 4.6646
  Batch 870/8324, Loss: 4.8835
  Batch 880/8324, Loss: 4.8311
  Batch 890/8324, Loss: 5.2692
  Batch 900/8324, Loss: 4.9346
  Batch 910/8324, Loss: 4.6122
  Batch 920/8324, Loss: 4.6877
  Batch 930/8324, Loss: 5.0405
  Batch 940/8324, Loss: 5.0486
  Batch 950/8324, Loss: 5.0226
  Batch 960/8324, Loss: 4.3585
  Batch 970/8324, Loss: 4.6165
  Batch 980/8324, Loss: 4.0981
  Batch 990/8324, Loss: 4.8165
  Batch 1000/8324, Loss: 4.4542
  Batch 1010/8324, Loss: 4.6261
  Batch 1020/8324, Loss: 4.4412
  Batch 1030/8324, Loss: 4.6486
  Batch 1040/8324, Loss: 5.0862
  Batch 1050/8324, Loss: 5.1951
  Batch 1060/8324, Loss: 5.2173
  Batch 1070/8324, Loss: 4.8988
  Batch 1080/8324, Loss: 4.1902
  Batch 1090/8324, Loss: 4.8518
  Batch 1100/8324, Loss: 4.2293
  Batch 1110/8324, Loss: 5.1314
  Batch 1120/8324, Loss: 4.1957
  Batch 1130/8324, Loss: 4.7626
  Batch 1140/8324, Loss: 4.6245
  Batch 1150/8324, Loss: 4.5543
  Batch 1160/8324, Loss: 4.9453
  Batch 1170/8324, Loss: 4.7984
  Batch 1180/8324, Loss: 4.4632
  Batch 1190/8324, Loss: 4.8179
  Batch 1200/8324, Loss: 4.8890
  Batch 1210/8324, Loss: 4.5809
  Batch 1220/8324, Loss: 4.7240
  Batch 1230/8324, Loss: 4.6849
  Batch 1240/8324, Loss: 4.8783
  Batch 1250/8324, Loss: 4.7830
  Batch 1260/8324, Loss: 4.5846
  Batch 1270/8324, Loss: 4.9438
  Batch 1280/8324, Loss: 4.2265
  Batch 1290/8324, Loss: 4.5937
  Batch 1300/8324, Loss: 4.9350
  Batch 1310/8324, Loss: 4.7762
  Batch 1320/8324, Loss: 4.7007
  Batch 1330/8324, Loss: 5.0671
  Batch 1340/8324, Loss: 4.8138
  Batch 1350/8324, Loss: 4.7373
  Batch 1360/8324, Loss: 4.5439
  Batch 1370/8324, Loss: 5.2928
  Batch 1380/8324, Loss: 4.5356
  Batch 1390/8324, Loss: 5.1188
  Batch 1400/8324, Loss: 4.9998
  Batch 1410/8324, Loss: 5.2579
  Batch 1420/8324, Loss: 4.7591
  Batch 1430/8324, Loss: 4.4025
  Batch 1440/8324, Loss: 4.6595
  Batch 1450/8324, Loss: 4.9519
  Batch 1460/8324, Loss: 4.4947
  Batch 1470/8324, Loss: 4.8820
  Batch 1480/8324, Loss: 5.1959
  Batch 1490/8324, Loss: 4.1948
  Batch 1500/8324, Loss: 4.4703
  Batch 1510/8324, Loss: 4.6974
  Batch 1520/8324, Loss: 4.6512
  Batch 1530/8324, Loss: 4.8680
  Batch 1540/8324, Loss: 4.5074
  Batch 1550/8324, Loss: 4.6192
  Batch 1560/8324, Loss: 4.9204
  Batch 1570/8324, Loss: 4.0230
  Batch 1580/8324, Loss: 4.8330
  Batch 1590/8324, Loss: 4.5919
  Batch 1600/8324, Loss: 4.2675
  Batch 1610/8324, Loss: 4.7707
  Batch 1620/8324, Loss: 4.6597
  Batch 1630/8324, Loss: 4.4707
  Batch 1640/8324, Loss: 5.0705
  Batch 1650/8324, Loss: 4.8541
  Batch 1660/8324, Loss: 4.7814
  Batch 1670/8324, Loss: 5.1463
  Batch 1680/8324, Loss: 4.4295
  Batch 1690/8324, Loss: 4.8250
  Batch 1700/8324, Loss: 4.2437
  Batch 1710/8324, Loss: 4.8689
  Batch 1720/8324, Loss: 4.6116
  Batch 1730/8324, Loss: 4.4482
  Batch 1740/8324, Loss: 5.0339
  Batch 1750/8324, Loss: 4.2994
  Batch 1760/8324, Loss: 4.7831
  Batch 1770/8324, Loss: 4.5814
  Batch 1780/8324, Loss: 5.1963
  Batch 1790/8324, Loss: 4.5412
  Batch 1800/8324, Loss: 5.0357
  Batch 1810/8324, Loss: 4.3859
  Batch 1820/8324, Loss: 4.6536
  Batch 1830/8324, Loss: 4.5936
  Batch 1840/8324, Loss: 4.5537
  Batch 1850/8324, Loss: 5.0350
  Batch 1860/8324, Loss: 4.9663
  Batch 1870/8324, Loss: 4.7523
  Batch 1880/8324, Loss: 3.8353
  Batch 1890/8324, Loss: 4.6996
  Batch 1900/8324, Loss: 5.0214
  Batch 1910/8324, Loss: 4.4184
  Batch 1920/8324, Loss: 4.7757
  Batch 1930/8324, Loss: 4.7303
  Batch 1940/8324, Loss: 4.4124
  Batch 1950/8324, Loss: 4.2739
  Batch 1960/8324, Loss: 4.7491
  Batch 1970/8324, Loss: 3.9892
  Batch 1980/8324, Loss: 4.7539
  Batch 1990/8324, Loss: 4.7630
  Batch 2000/8324, Loss: 4.8378
  Batch 2010/8324, Loss: 5.2124
  Batch 2020/8324, Loss: 4.5618
  Batch 2030/8324, Loss: 4.8692
  Batch 2040/8324, Loss: 5.2635
  Batch 2050/8324, Loss: 4.9533
  Batch 2060/8324, Loss: 4.6409
  Batch 2070/8324, Loss: 4.4342
  Batch 2080/8324, Loss: 4.9821
  Batch 2090/8324, Loss: 5.3748
  Batch 2100/8324, Loss: 4.7912
  Batch 2110/8324, Loss: 4.6629
  Batch 2120/8324, Loss: 4.8631
  Batch 2130/8324, Loss: 4.9356
  Batch 2140/8324, Loss: 5.0722
  Batch 2150/8324, Loss: 4.8273
  Batch 2160/8324, Loss: 4.6959
  Batch 2170/8324, Loss: 4.6679
  Batch 2180/8324, Loss: 4.4632
  Batch 2190/8324, Loss: 4.5904
  Batch 2200/8324, Loss: 4.9686
  Batch 2210/8324, Loss: 5.1995
  Batch 2220/8324, Loss: 5.3543
  Batch 2230/8324, Loss: 4.8798
  Batch 2240/8324, Loss: 5.0512
  Batch 2250/8324, Loss: 4.4915
  Batch 2260/8324, Loss: 5.0453
  Batch 2270/8324, Loss: 4.4898
  Batch 2280/8324, Loss: 4.8359
  Batch 2290/8324, Loss: 4.6722
  Batch 2300/8324, Loss: 4.5458
  Batch 2310/8324, Loss: 4.8321
  Batch 2320/8324, Loss: 5.1065
  Batch 2330/8324, Loss: 5.2711
  Batch 2340/8324, Loss: 4.3422
  Batch 2350/8324, Loss: 4.3230
  Batch 2360/8324, Loss: 4.5424
  Batch 2370/8324, Loss: 5.0224
  Batch 2380/8324, Loss: 4.6606
  Batch 2390/8324, Loss: 5.0492
  Batch 2400/8324, Loss: 4.8019
  Batch 2410/8324, Loss: 4.6179
  Batch 2420/8324, Loss: 4.6826
  Batch 2430/8324, Loss: 4.3761
  Batch 2440/8324, Loss: 5.1469
  Batch 2450/8324, Loss: 5.2973
  Batch 2460/8324, Loss: 4.8386
  Batch 2470/8324, Loss: 4.6205
  Batch 2480/8324, Loss: 4.7881
  Batch 2490/8324, Loss: 5.1435
  Batch 2500/8324, Loss: 5.0125
  Batch 2510/8324, Loss: 4.7048
  Batch 2520/8324, Loss: 4.6565
  Batch 2530/8324, Loss: 5.2040
  Batch 2540/8324, Loss: 5.0922
  Batch 2550/8324, Loss: 4.5545
  Batch 2560/8324, Loss: 4.7275
  Batch 2570/8324, Loss: 4.4803
  Batch 2580/8324, Loss: 4.6907
  Batch 2590/8324, Loss: 4.4783
  Batch 2600/8324, Loss: 5.1925
  Batch 2610/8324, Loss: 4.7364
  Batch 2620/8324, Loss: 4.1405
  Batch 2630/8324, Loss: 4.2055
  Batch 2640/8324, Loss: 4.7082
  Batch 2650/8324, Loss: 4.5890
  Batch 2660/8324, Loss: 4.5529
  Batch 2670/8324, Loss: 4.9837
  Batch 2680/8324, Loss: 4.6752
  Batch 2690/8324, Loss: 4.6005
  Batch 2700/8324, Loss: 4.8490
  Batch 2710/8324, Loss: 4.7096
  Batch 2720/8324, Loss: 4.6609
  Batch 2730/8324, Loss: 4.8684
  Batch 2740/8324, Loss: 4.8897
  Batch 2750/8324, Loss: 5.0011
  Batch 2760/8324, Loss: 4.3602
  Batch 2770/8324, Loss: 5.0574
  Batch 2780/8324, Loss: 4.9246
  Batch 2790/8324, Loss: 4.6139
  Batch 2800/8324, Loss: 4.8357
  Batch 2810/8324, Loss: 4.6028
  Batch 2820/8324, Loss: 4.0984
  Batch 2830/8324, Loss: 4.7469
  Batch 2840/8324, Loss: 4.1520
  Batch 2850/8324, Loss: 4.6619
  Batch 2860/8324, Loss: 4.3591
  Batch 2870/8324, Loss: 4.9035
  Batch 2880/8324, Loss: 5.0045
  Batch 2890/8324, Loss: 4.4613
  Batch 2900/8324, Loss: 4.3168
  Batch 2910/8324, Loss: 4.8688
  Batch 2920/8324, Loss: 4.9840
  Batch 2930/8324, Loss: 4.8252
  Batch 2940/8324, Loss: 5.0454
  Batch 2950/8324, Loss: 4.1856
  Batch 2960/8324, Loss: 4.6203
  Batch 2970/8324, Loss: 4.8367
  Batch 2980/8324, Loss: 4.7999
  Batch 2990/8324, Loss: 5.2580
  Batch 3000/8324, Loss: 4.7792
  Batch 3010/8324, Loss: 5.0108
  Batch 3020/8324, Loss: 4.6452
  Batch 3030/8324, Loss: 4.2195
  Batch 3040/8324, Loss: 5.2008
  Batch 3050/8324, Loss: 5.0971
  Batch 3060/8324, Loss: 4.8938
  Batch 3070/8324, Loss: 4.8676
  Batch 3080/8324, Loss: 4.5173
  Batch 3090/8324, Loss: 4.9245
  Batch 3100/8324, Loss: 4.6664
  Batch 3110/8324, Loss: 4.7201
  Batch 3120/8324, Loss: 4.6212
  Batch 3130/8324, Loss: 4.4831
  Batch 3140/8324, Loss: 4.5848
  Batch 3150/8324, Loss: 4.2533
  Batch 3160/8324, Loss: 4.7126
  Batch 3170/8324, Loss: 5.1839
  Batch 3180/8324, Loss: 4.0256
  Batch 3190/8324, Loss: 4.4155
  Batch 3200/8324, Loss: 4.8997
  Batch 3210/8324, Loss: 4.6387
  Batch 3220/8324, Loss: 5.2237
  Batch 3230/8324, Loss: 4.4051
  Batch 3240/8324, Loss: 5.1936
  Batch 3250/8324, Loss: 4.6511
  Batch 3260/8324, Loss: 4.9589
  Batch 3270/8324, Loss: 5.3436
  Batch 3280/8324, Loss: 4.4904
  Batch 3290/8324, Loss: 3.5412
  Batch 3300/8324, Loss: 4.6255
  Batch 3310/8324, Loss: 4.9105
  Batch 3320/8324, Loss: 4.4945
  Batch 3330/8324, Loss: 4.6897
  Batch 3340/8324, Loss: 4.8389
  Batch 3350/8324, Loss: 4.7305
  Batch 3360/8324, Loss: 4.2804
  Batch 3370/8324, Loss: 4.2814
  Batch 3380/8324, Loss: 4.9887
  Batch 3390/8324, Loss: 4.7136
  Batch 3400/8324, Loss: 4.6123
  Batch 3410/8324, Loss: 4.6363
  Batch 3420/8324, Loss: 4.7452
  Batch 3430/8324, Loss: 5.1692
  Batch 3440/8324, Loss: 4.6764
  Batch 3450/8324, Loss: 4.5725
  Batch 3460/8324, Loss: 4.7287
  Batch 3470/8324, Loss: 5.1411
  Batch 3480/8324, Loss: 4.4663
  Batch 3490/8324, Loss: 4.4526
  Batch 3500/8324, Loss: 4.5628
  Batch 3510/8324, Loss: 4.4729
  Batch 3520/8324, Loss: 4.6206
  Batch 3530/8324, Loss: 4.5112
  Batch 3540/8324, Loss: 4.8930
  Batch 3550/8324, Loss: 4.0967
  Batch 3560/8324, Loss: 5.1871
  Batch 3570/8324, Loss: 4.8907
  Batch 3580/8324, Loss: 4.9450
  Batch 3590/8324, Loss: 4.5165
  Batch 3600/8324, Loss: 4.9392
  Batch 3610/8324, Loss: 5.0763
  Batch 3620/8324, Loss: 4.8511
  Batch 3630/8324, Loss: 4.6078
  Batch 3640/8324, Loss: 4.5728
  Batch 3650/8324, Loss: 4.7227
  Batch 3660/8324, Loss: 4.6506
  Batch 3670/8324, Loss: 4.8486
  Batch 3680/8324, Loss: 4.0357
  Batch 3690/8324, Loss: 5.3795
  Batch 3700/8324, Loss: 5.0823
  Batch 3710/8324, Loss: 4.2602
  Batch 3720/8324, Loss: 3.8081
  Batch 3730/8324, Loss: 4.8259
  Batch 3740/8324, Loss: 4.6501
  Batch 3750/8324, Loss: 4.4767
  Batch 3760/8324, Loss: 4.5279
  Batch 3770/8324, Loss: 4.4332
  Batch 3780/8324, Loss: 4.7382
  Batch 3790/8324, Loss: 5.3097
  Batch 3800/8324, Loss: 4.7291
  Batch 3810/8324, Loss: 4.5338
  Batch 3820/8324, Loss: 5.1827
  Batch 3830/8324, Loss: 4.6981
  Batch 3840/8324, Loss: 4.8904
  Batch 3850/8324, Loss: 4.9568
  Batch 3860/8324, Loss: 5.0626
  Batch 3870/8324, Loss: 5.1154
  Batch 3880/8324, Loss: 4.7029
  Batch 3890/8324, Loss: 4.4266
  Batch 3900/8324, Loss: 4.4424
  Batch 3910/8324, Loss: 4.9800
  Batch 3920/8324, Loss: 4.6426
  Batch 3930/8324, Loss: 4.4404
  Batch 3940/8324, Loss: 4.7661
  Batch 3950/8324, Loss: 4.5357
  Batch 3960/8324, Loss: 4.6720
  Batch 3970/8324, Loss: 4.7632
  Batch 3980/8324, Loss: 4.4635
  Batch 3990/8324, Loss: 4.8334
  Batch 4000/8324, Loss: 5.0650
  Batch 4010/8324, Loss: 4.7269
  Batch 4020/8324, Loss: 4.4829
  Batch 4030/8324, Loss: 4.8610
  Batch 4040/8324, Loss: 4.5593
  Batch 4050/8324, Loss: 4.9188
  Batch 4060/8324, Loss: 4.7381
  Batch 4070/8324, Loss: 4.5638
  Batch 4080/8324, Loss: 4.2144
  Batch 4090/8324, Loss: 4.8162
  Batch 4100/8324, Loss: 5.1564
  Batch 4110/8324, Loss: 4.8727
  Batch 4120/8324, Loss: 4.9173
  Batch 4130/8324, Loss: 4.3434
  Batch 4140/8324, Loss: 4.4653
  Batch 4150/8324, Loss: 4.4170
  Batch 4160/8324, Loss: 4.5535
  Batch 4170/8324, Loss: 4.7142
  Batch 4180/8324, Loss: 4.8200
  Batch 4190/8324, Loss: 4.8986
  Batch 4200/8324, Loss: 5.0763
  Batch 4210/8324, Loss: 4.8462
  Batch 4220/8324, Loss: 4.3368
  Batch 4230/8324, Loss: 4.9603
  Batch 4240/8324, Loss: 4.9941
  Batch 4250/8324, Loss: 4.1374
  Batch 4260/8324, Loss: 4.2270
  Batch 4270/8324, Loss: 4.2719
  Batch 4280/8324, Loss: 4.5559
  Batch 4290/8324, Loss: 4.2449
  Batch 4300/8324, Loss: 4.5382
  Batch 4310/8324, Loss: 4.7066
  Batch 4320/8324, Loss: 4.6004
  Batch 4330/8324, Loss: 4.9246
  Batch 4340/8324, Loss: 4.7043
  Batch 4350/8324, Loss: 4.6899
  Batch 4360/8324, Loss: 4.8051
  Batch 4370/8324, Loss: 4.1204
  Batch 4380/8324, Loss: 4.7666
  Batch 4390/8324, Loss: 4.3636
  Batch 4400/8324, Loss: 4.5456
  Batch 4410/8324, Loss: 4.1944
  Batch 4420/8324, Loss: 5.1614
  Batch 4430/8324, Loss: 4.5507
  Batch 4440/8324, Loss: 4.5839
  Batch 4450/8324, Loss: 4.2511
  Batch 4460/8324, Loss: 5.0929
  Batch 4470/8324, Loss: 4.9198
  Batch 4480/8324, Loss: 4.4508
  Batch 4490/8324, Loss: 5.0916
  Batch 4500/8324, Loss: 5.3645
  Batch 4510/8324, Loss: 4.3962
  Batch 4520/8324, Loss: 4.7171
  Batch 4530/8324, Loss: 4.9718
  Batch 4540/8324, Loss: 4.7030
  Batch 4550/8324, Loss: 4.7937
  Batch 4560/8324, Loss: 4.9834
  Batch 4570/8324, Loss: 4.4479
  Batch 4580/8324, Loss: 4.6301
  Batch 4590/8324, Loss: 4.4845
  Batch 4600/8324, Loss: 4.6880
  Batch 4610/8324, Loss: 4.4037
  Batch 4620/8324, Loss: 4.9906
  Batch 4630/8324, Loss: 4.8502
  Batch 4640/8324, Loss: 4.7756
  Batch 4650/8324, Loss: 5.3430
  Batch 4660/8324, Loss: 4.9751
  Batch 4670/8324, Loss: 4.9500
  Batch 4680/8324, Loss: 5.4363
  Batch 4690/8324, Loss: 4.7632
  Batch 4700/8324, Loss: 4.5381
  Batch 4710/8324, Loss: 4.5527
  Batch 4720/8324, Loss: 4.8611
  Batch 4730/8324, Loss: 4.6296
  Batch 4740/8324, Loss: 4.9340
  Batch 4750/8324, Loss: 4.7865
  Batch 4760/8324, Loss: 5.1277
  Batch 4770/8324, Loss: 4.7412
  Batch 4780/8324, Loss: 3.5599
  Batch 4790/8324, Loss: 4.5306
  Batch 4800/8324, Loss: 5.2575
  Batch 4810/8324, Loss: 4.3987
  Batch 4820/8324, Loss: 4.8441
  Batch 4830/8324, Loss: 4.8148
  Batch 4840/8324, Loss: 4.9355
  Batch 4850/8324, Loss: 5.2009
  Batch 4860/8324, Loss: 4.8410
  Batch 4870/8324, Loss: 4.8005
  Batch 4880/8324, Loss: 4.7293
  Batch 4890/8324, Loss: 4.3942
  Batch 4900/8324, Loss: 4.3081
  Batch 4910/8324, Loss: 4.8671
  Batch 4920/8324, Loss: 5.2133
  Batch 4930/8324, Loss: 4.4982
  Batch 4940/8324, Loss: 5.5973
  Batch 4950/8324, Loss: 4.9527
  Batch 4960/8324, Loss: 4.9727
  Batch 4970/8324, Loss: 5.3505
  Batch 4980/8324, Loss: 4.5226
  Batch 4990/8324, Loss: 4.6713
  Batch 5000/8324, Loss: 5.6175
  Batch 5010/8324, Loss: 4.8702
  Batch 5020/8324, Loss: 4.9202
  Batch 5030/8324, Loss: 4.8232
  Batch 5040/8324, Loss: 4.1142
  Batch 5050/8324, Loss: 4.8386
  Batch 5060/8324, Loss: 4.3306
  Batch 5070/8324, Loss: 4.9754
  Batch 5080/8324, Loss: 4.8880
  Batch 5090/8324, Loss: 4.3696
  Batch 5100/8324, Loss: 4.7120
  Batch 5110/8324, Loss: 4.4748
  Batch 5120/8324, Loss: 4.3451
  Batch 5130/8324, Loss: 4.8753
  Batch 5140/8324, Loss: 5.0667
  Batch 5150/8324, Loss: 3.9702
  Batch 5160/8324, Loss: 4.1185
  Batch 5170/8324, Loss: 5.1370
  Batch 5180/8324, Loss: 4.9544
  Batch 5190/8324, Loss: 4.6559
  Batch 5200/8324, Loss: 4.5046
  Batch 5210/8324, Loss: 4.0663
  Batch 5220/8324, Loss: 4.9219
  Batch 5230/8324, Loss: 4.5055
  Batch 5240/8324, Loss: 4.8537
  Batch 5250/8324, Loss: 4.4789
  Batch 5260/8324, Loss: 4.6235
  Batch 5270/8324, Loss: 3.9778
  Batch 5280/8324, Loss: 5.0981
  Batch 5290/8324, Loss: 4.4508
  Batch 5300/8324, Loss: 4.7028
  Batch 5310/8324, Loss: 4.4288
  Batch 5320/8324, Loss: 4.5045
  Batch 5330/8324, Loss: 4.8274
  Batch 5340/8324, Loss: 4.4685
  Batch 5350/8324, Loss: 4.9609
  Batch 5360/8324, Loss: 5.1612
  Batch 5370/8324, Loss: 4.7981
  Batch 5380/8324, Loss: 4.8809
  Batch 5390/8324, Loss: 4.8850
  Batch 5400/8324, Loss: 5.1213
  Batch 5410/8324, Loss: 4.7416
  Batch 5420/8324, Loss: 4.5181
  Batch 5430/8324, Loss: 4.9880
  Batch 5440/8324, Loss: 4.9354
  Batch 5450/8324, Loss: 4.7441
  Batch 5460/8324, Loss: 4.6640
  Batch 5470/8324, Loss: 4.8298
  Batch 5480/8324, Loss: 5.0056
  Batch 5490/8324, Loss: 4.5883
  Batch 5500/8324, Loss: 4.6056
  Batch 5510/8324, Loss: 4.7324
  Batch 5520/8324, Loss: 4.3651
  Batch 5530/8324, Loss: 4.9153
  Batch 5540/8324, Loss: 4.6243
  Batch 5550/8324, Loss: 4.9213
  Batch 5560/8324, Loss: 4.9337
  Batch 5570/8324, Loss: 4.7229
  Batch 5580/8324, Loss: 5.1906
  Batch 5590/8324, Loss: 4.8601
  Batch 5600/8324, Loss: 5.2530
  Batch 5610/8324, Loss: 5.0445
  Batch 5620/8324, Loss: 4.8368
  Batch 5630/8324, Loss: 4.4351
  Batch 5640/8324, Loss: 4.6843
  Batch 5650/8324, Loss: 4.8498
  Batch 5660/8324, Loss: 4.2353
  Batch 5670/8324, Loss: 4.9883
  Batch 5680/8324, Loss: 5.2803
  Batch 5690/8324, Loss: 5.0415
  Batch 5700/8324, Loss: 4.6314
  Batch 5710/8324, Loss: 4.6453
  Batch 5720/8324, Loss: 4.4482
  Batch 5730/8324, Loss: 5.2645
  Batch 5740/8324, Loss: 4.4052
  Batch 5750/8324, Loss: 4.5674
  Batch 5760/8324, Loss: 4.7047
  Batch 5770/8324, Loss: 4.1889
  Batch 5780/8324, Loss: 4.7249
  Batch 5790/8324, Loss: 4.7328
  Batch 5800/8324, Loss: 5.3449
  Batch 5810/8324, Loss: 5.0780
  Batch 5820/8324, Loss: 4.9498
  Batch 5830/8324, Loss: 4.7173
  Batch 5840/8324, Loss: 4.1398
  Batch 5850/8324, Loss: 5.0967
  Batch 5860/8324, Loss: 4.9780
  Batch 5870/8324, Loss: 4.9140
  Batch 5880/8324, Loss: 4.8536
  Batch 5890/8324, Loss: 4.7250
  Batch 5900/8324, Loss: 4.6410
  Batch 5910/8324, Loss: 4.7841
  Batch 5920/8324, Loss: 4.6382
  Batch 5930/8324, Loss: 5.1733
  Batch 5940/8324, Loss: 4.8796
  Batch 5950/8324, Loss: 4.8993
  Batch 5960/8324, Loss: 4.8015
  Batch 5970/8324, Loss: 5.0001
  Batch 5980/8324, Loss: 4.8886
  Batch 5990/8324, Loss: 4.6065
  Batch 6000/8324, Loss: 4.5970
  Batch 6010/8324, Loss: 4.7319
  Batch 6020/8324, Loss: 5.0201
  Batch 6030/8324, Loss: 4.9872
  Batch 6040/8324, Loss: 4.7081
  Batch 6050/8324, Loss: 5.0446
  Batch 6060/8324, Loss: 4.9894
  Batch 6070/8324, Loss: 4.7930
  Batch 6080/8324, Loss: 4.5429
  Batch 6090/8324, Loss: 4.8789
  Batch 6100/8324, Loss: 4.6649
  Batch 6110/8324, Loss: 4.8157
  Batch 6120/8324, Loss: 5.6685
  Batch 6130/8324, Loss: 4.4026
  Batch 6140/8324, Loss: 4.9397
  Batch 6150/8324, Loss: 4.8515
  Batch 6160/8324, Loss: 4.4964
  Batch 6170/8324, Loss: 4.5325
  Batch 6180/8324, Loss: 4.6892
  Batch 6190/8324, Loss: 4.4402
  Batch 6200/8324, Loss: 4.8750
  Batch 6210/8324, Loss: 4.5050
  Batch 6220/8324, Loss: 5.0308
  Batch 6230/8324, Loss: 4.7652
  Batch 6240/8324, Loss: 4.3447
  Batch 6250/8324, Loss: 5.3785
  Batch 6260/8324, Loss: 4.4707
  Batch 6270/8324, Loss: 4.7864
  Batch 6280/8324, Loss: 4.6159
  Batch 6290/8324, Loss: 5.1716
  Batch 6300/8324, Loss: 4.6679
  Batch 6310/8324, Loss: 4.6466
  Batch 6320/8324, Loss: 5.0240
  Batch 6330/8324, Loss: 4.4977
  Batch 6340/8324, Loss: 4.8466
  Batch 6350/8324, Loss: 4.7357
  Batch 6360/8324, Loss: 4.7184
  Batch 6370/8324, Loss: 4.5043
  Batch 6380/8324, Loss: 4.7949
  Batch 6390/8324, Loss: 4.9403
  Batch 6400/8324, Loss: 4.7332
  Batch 6410/8324, Loss: 4.3531
  Batch 6420/8324, Loss: 5.0689
  Batch 6430/8324, Loss: 5.0724
  Batch 6440/8324, Loss: 4.9410
  Batch 6450/8324, Loss: 5.1947
  Batch 6460/8324, Loss: 5.0274
  Batch 6470/8324, Loss: 4.4894
  Batch 6480/8324, Loss: 4.6571
  Batch 6490/8324, Loss: 4.5220
  Batch 6500/8324, Loss: 4.1424
  Batch 6510/8324, Loss: 5.0696
  Batch 6520/8324, Loss: 4.7771
  Batch 6530/8324, Loss: 4.8393
  Batch 6540/8324, Loss: 5.1687
  Batch 6550/8324, Loss: 4.8877
  Batch 6560/8324, Loss: 4.7649
  Batch 6570/8324, Loss: 4.7000
  Batch 6580/8324, Loss: 4.4551
  Batch 6590/8324, Loss: 5.1011
  Batch 6600/8324, Loss: 5.1254
  Batch 6610/8324, Loss: 4.3579
  Batch 6620/8324, Loss: 4.9849
  Batch 6630/8324, Loss: 5.0602
  Batch 6640/8324, Loss: 5.5735
  Batch 6650/8324, Loss: 4.1486
  Batch 6660/8324, Loss: 4.9962
  Batch 6670/8324, Loss: 4.8360
  Batch 6680/8324, Loss: 4.7628
  Batch 6690/8324, Loss: 4.6705
  Batch 6700/8324, Loss: 5.3899
  Batch 6710/8324, Loss: 4.5472
  Batch 6720/8324, Loss: 5.2556
  Batch 6730/8324, Loss: 5.0488
  Batch 6740/8324, Loss: 4.5609
  Batch 6750/8324, Loss: 4.4904
  Batch 6760/8324, Loss: 4.3462
  Batch 6770/8324, Loss: 5.1742
  Batch 6780/8324, Loss: 4.7746
  Batch 6790/8324, Loss: 4.8966
  Batch 6800/8324, Loss: 4.7049
  Batch 6810/8324, Loss: 4.5704
  Batch 6820/8324, Loss: 4.6794
  Batch 6830/8324, Loss: 4.6020
  Batch 6840/8324, Loss: 5.0067
  Batch 6850/8324, Loss: 5.2946
  Batch 6860/8324, Loss: 4.7526
  Batch 6870/8324, Loss: 5.0342
  Batch 6880/8324, Loss: 4.7479
  Batch 6890/8324, Loss: 4.7539
  Batch 6900/8324, Loss: 4.7612
  Batch 6910/8324, Loss: 4.6901
  Batch 6920/8324, Loss: 4.5944
  Batch 6930/8324, Loss: 4.5499
  Batch 6940/8324, Loss: 4.8560
  Batch 6950/8324, Loss: 4.9142
  Batch 6960/8324, Loss: 4.3956
  Batch 6970/8324, Loss: 5.2158
  Batch 6980/8324, Loss: 4.4345
  Batch 6990/8324, Loss: 5.3583
  Batch 7000/8324, Loss: 4.7108
  Batch 7010/8324, Loss: 5.0511
  Batch 7020/8324, Loss: 4.8580
  Batch 7030/8324, Loss: 4.5386
  Batch 7040/8324, Loss: 4.6690
  Batch 7050/8324, Loss: 5.0725
  Batch 7060/8324, Loss: 5.0939
  Batch 7070/8324, Loss: 5.2394
  Batch 7080/8324, Loss: 5.0123
  Batch 7090/8324, Loss: 4.6389
  Batch 7100/8324, Loss: 4.1246
  Batch 7110/8324, Loss: 4.5909
  Batch 7120/8324, Loss: 4.9703
  Batch 7130/8324, Loss: 5.4353
  Batch 7140/8324, Loss: 5.0665
  Batch 7150/8324, Loss: 4.6563
  Batch 7160/8324, Loss: 4.6071
  Batch 7170/8324, Loss: 4.8649
  Batch 7180/8324, Loss: 4.8264
  Batch 7190/8324, Loss: 5.3175
  Batch 7200/8324, Loss: 4.4030
  Batch 7210/8324, Loss: 4.5437
  Batch 7220/8324, Loss: 5.1879
  Batch 7230/8324, Loss: 4.5747
  Batch 7240/8324, Loss: 4.6707
  Batch 7250/8324, Loss: 4.4782
  Batch 7260/8324, Loss: 3.9615
  Batch 7270/8324, Loss: 4.5613
  Batch 7280/8324, Loss: 5.3662
  Batch 7290/8324, Loss: 4.5991
  Batch 7300/8324, Loss: 4.6274
  Batch 7310/8324, Loss: 3.8505
  Batch 7320/8324, Loss: 5.2568
  Batch 7330/8324, Loss: 4.4705
  Batch 7340/8324, Loss: 5.2581
  Batch 7350/8324, Loss: 4.2565
  Batch 7360/8324, Loss: 4.7977
  Batch 7370/8324, Loss: 5.1365
  Batch 7380/8324, Loss: 4.9402
  Batch 7390/8324, Loss: 4.7635
  Batch 7400/8324, Loss: 5.0602
  Batch 7410/8324, Loss: 4.7800
  Batch 7420/8324, Loss: 4.3323
  Batch 7430/8324, Loss: 5.2644
  Batch 7440/8324, Loss: 5.0715
  Batch 7450/8324, Loss: 4.8926
  Batch 7460/8324, Loss: 4.5553
  Batch 7470/8324, Loss: 4.8024
  Batch 7480/8324, Loss: 4.4203
  Batch 7490/8324, Loss: 4.3102
  Batch 7500/8324, Loss: 4.8342
  Batch 7510/8324, Loss: 4.9564
  Batch 7520/8324, Loss: 4.3446
  Batch 7530/8324, Loss: 4.5605
  Batch 7540/8324, Loss: 4.6596
  Batch 7550/8324, Loss: 5.0700
  Batch 7560/8324, Loss: 4.8540
  Batch 7570/8324, Loss: 4.6334
  Batch 7580/8324, Loss: 4.8253
  Batch 7590/8324, Loss: 5.0397
  Batch 7600/8324, Loss: 4.1878
  Batch 7610/8324, Loss: 4.8824
  Batch 7620/8324, Loss: 5.2217
  Batch 7630/8324, Loss: 4.7065
  Batch 7640/8324, Loss: 4.5421
  Batch 7650/8324, Loss: 4.7538
  Batch 7660/8324, Loss: 5.3204
  Batch 7670/8324, Loss: 4.5161
  Batch 7680/8324, Loss: 4.5898
  Batch 7690/8324, Loss: 5.0380
  Batch 7700/8324, Loss: 4.8155
  Batch 7710/8324, Loss: 4.8819
  Batch 7720/8324, Loss: 4.8465
  Batch 7730/8324, Loss: 5.0885
  Batch 7740/8324, Loss: 4.6668
  Batch 7750/8324, Loss: 4.7799
  Batch 7760/8324, Loss: 5.0494
  Batch 7770/8324, Loss: 4.8822
  Batch 7780/8324, Loss: 4.3213
  Batch 7790/8324, Loss: 4.8463
  Batch 7800/8324, Loss: 4.9128
  Batch 7810/8324, Loss: 5.0223
  Batch 7820/8324, Loss: 4.8974
  Batch 7830/8324, Loss: 5.0891
  Batch 7840/8324, Loss: 4.8528
  Batch 7850/8324, Loss: 4.9728
  Batch 7860/8324, Loss: 5.1075
  Batch 7870/8324, Loss: 5.3384
  Batch 7880/8324, Loss: 4.6062
  Batch 7890/8324, Loss: 4.8766
  Batch 7900/8324, Loss: 5.1568
  Batch 7910/8324, Loss: 4.6575
  Batch 7920/8324, Loss: 5.0513
  Batch 7930/8324, Loss: 5.1448
  Batch 7940/8324, Loss: 4.7930
  Batch 7950/8324, Loss: 4.4344
  Batch 7960/8324, Loss: 4.8185
  Batch 7970/8324, Loss: 4.6825
  Batch 7980/8324, Loss: 5.1753
  Batch 7990/8324, Loss: 5.3305
  Batch 8000/8324, Loss: 4.8710
  Batch 8010/8324, Loss: 4.9695
  Batch 8020/8324, Loss: 4.8400
  Batch 8030/8324, Loss: 4.9448
  Batch 8040/8324, Loss: 5.0626
  Batch 8050/8324, Loss: 4.2668
  Batch 8060/8324, Loss: 4.2952
  Batch 8070/8324, Loss: 4.7563
  Batch 8080/8324, Loss: 4.3980
  Batch 8090/8324, Loss: 5.2140
  Batch 8100/8324, Loss: 4.8013
  Batch 8110/8324, Loss: 4.3596
  Batch 8120/8324, Loss: 4.2194
  Batch 8130/8324, Loss: 4.8701
  Batch 8140/8324, Loss: 4.8707
  Batch 8150/8324, Loss: 4.6769
  Batch 8160/8324, Loss: 4.7200
  Batch 8170/8324, Loss: 4.7872
  Batch 8180/8324, Loss: 4.5951
  Batch 8190/8324, Loss: 4.7471
  Batch 8200/8324, Loss: 4.7723
  Batch 8210/8324, Loss: 4.7245
  Batch 8220/8324, Loss: 4.5965
  Batch 8230/8324, Loss: 4.6048
  Batch 8240/8324, Loss: 5.2090
  Batch 8250/8324, Loss: 4.8008
  Batch 8260/8324, Loss: 4.8377
  Batch 8270/8324, Loss: 4.4477
  Batch 8280/8324, Loss: 5.2138
  Batch 8290/8324, Loss: 5.1151
  Batch 8300/8324, Loss: 4.7305
  Batch 8310/8324, Loss: 4.8667
  Batch 8320/8324, Loss: 5.1002

  Train Loss: 4.7483
  Val Loss: 6.6798
  Time: 26m 37s
  ✓ Saved checkpoint to /scratch/aitordiez/News2Stock/summaries/simple_seq2seq/checkpoints/checkpoint_epoch_5.pt

Epoch 6/20
----------------------------------------
  Batch 10/8324, Loss: 4.5338
  Batch 20/8324, Loss: 4.2845
  Batch 30/8324, Loss: 4.4011
  Batch 40/8324, Loss: 4.2235
  Batch 50/8324, Loss: 4.1574
  Batch 60/8324, Loss: 4.5172
  Batch 70/8324, Loss: 4.5465
  Batch 80/8324, Loss: 4.3965
  Batch 90/8324, Loss: 4.6797
  Batch 100/8324, Loss: 4.5915
  Batch 110/8324, Loss: 4.0222
  Batch 120/8324, Loss: 4.7962
  Batch 130/8324, Loss: 4.9225
  Batch 140/8324, Loss: 4.3014
  Batch 150/8324, Loss: 4.6068
  Batch 160/8324, Loss: 4.6443
  Batch 170/8324, Loss: 4.3935
  Batch 180/8324, Loss: 4.9348
  Batch 190/8324, Loss: 4.5791
  Batch 200/8324, Loss: 4.1652
  Batch 210/8324, Loss: 5.2367
  Batch 220/8324, Loss: 4.6807
  Batch 230/8324, Loss: 4.6680
  Batch 240/8324, Loss: 4.3878
  Batch 250/8324, Loss: 4.4492
  Batch 260/8324, Loss: 4.5973
  Batch 270/8324, Loss: 4.8680
  Batch 280/8324, Loss: 4.4461
  Batch 290/8324, Loss: 4.5028
  Batch 300/8324, Loss: 5.0531
  Batch 310/8324, Loss: 4.3848
  Batch 320/8324, Loss: 5.4426
  Batch 330/8324, Loss: 4.7141
  Batch 340/8324, Loss: 4.6973
  Batch 350/8324, Loss: 4.3836
  Batch 360/8324, Loss: 4.3146
  Batch 370/8324, Loss: 4.7109
  Batch 380/8324, Loss: 5.0530
  Batch 390/8324, Loss: 4.4338
  Batch 400/8324, Loss: 4.7120
  Batch 410/8324, Loss: 4.7012
  Batch 420/8324, Loss: 4.1816
  Batch 430/8324, Loss: 4.6690
  Batch 440/8324, Loss: 4.6970
  Batch 450/8324, Loss: 5.0227
  Batch 460/8324, Loss: 4.7531
  Batch 470/8324, Loss: 4.5729
  Batch 480/8324, Loss: 5.3034
  Batch 490/8324, Loss: 4.7731
  Batch 500/8324, Loss: 4.4926
  Batch 510/8324, Loss: 4.6094
  Batch 520/8324, Loss: 4.9988
  Batch 530/8324, Loss: 4.6348
  Batch 540/8324, Loss: 5.1997
  Batch 550/8324, Loss: 4.6070
  Batch 560/8324, Loss: 4.7557
  Batch 570/8324, Loss: 3.9883
  Batch 580/8324, Loss: 4.8678
  Batch 590/8324, Loss: 4.2057
  Batch 600/8324, Loss: 4.3520
  Batch 610/8324, Loss: 4.8327
  Batch 620/8324, Loss: 4.6264
  Batch 630/8324, Loss: 4.3360
  Batch 640/8324, Loss: 5.2071
  Batch 650/8324, Loss: 4.5876
  Batch 660/8324, Loss: 4.7073
  Batch 670/8324, Loss: 4.1669
  Batch 680/8324, Loss: 4.9300
  Batch 690/8324, Loss: 4.1587
  Batch 700/8324, Loss: 4.5532
  Batch 710/8324, Loss: 4.4899
  Batch 720/8324, Loss: 4.8380
  Batch 730/8324, Loss: 4.4990
  Batch 740/8324, Loss: 4.4838
  Batch 750/8324, Loss: 4.4427
  Batch 760/8324, Loss: 4.5689
  Batch 770/8324, Loss: 4.2574
  Batch 780/8324, Loss: 5.0055
  Batch 790/8324, Loss: 5.1194
  Batch 800/8324, Loss: 4.2492
  Batch 810/8324, Loss: 4.9971
  Batch 820/8324, Loss: 4.7791
  Batch 830/8324, Loss: 4.4553
  Batch 840/8324, Loss: 4.5629
  Batch 850/8324, Loss: 4.3751
  Batch 860/8324, Loss: 4.2275
  Batch 870/8324, Loss: 5.0135
  Batch 880/8324, Loss: 4.3631
  Batch 890/8324, Loss: 4.1481
  Batch 900/8324, Loss: 4.6499
  Batch 910/8324, Loss: 4.7119
  Batch 920/8324, Loss: 4.6399
  Batch 930/8324, Loss: 4.9469
  Batch 940/8324, Loss: 4.7928
  Batch 950/8324, Loss: 4.6938
  Batch 960/8324, Loss: 4.7225
  Batch 970/8324, Loss: 4.5136
  Batch 980/8324, Loss: 5.1886
  Batch 990/8324, Loss: 4.5714
  Batch 1000/8324, Loss: 4.6527
  Batch 1010/8324, Loss: 4.7963
  Batch 1020/8324, Loss: 4.6398
  Batch 1030/8324, Loss: 4.3944
  Batch 1040/8324, Loss: 4.9593
  Batch 1050/8324, Loss: 5.4121
  Batch 1060/8324, Loss: 4.2203
  Batch 1070/8324, Loss: 4.2939
  Batch 1080/8324, Loss: 4.3450
  Batch 1090/8324, Loss: 4.6351
  Batch 1100/8324, Loss: 4.9907
  Batch 1110/8324, Loss: 4.6407
  Batch 1120/8324, Loss: 4.4905
  Batch 1130/8324, Loss: 4.5725
  Batch 1140/8324, Loss: 4.0771
  Batch 1150/8324, Loss: 4.8809
  Batch 1160/8324, Loss: 4.1585
  Batch 1170/8324, Loss: 4.3352
  Batch 1180/8324, Loss: 5.0285
  Batch 1190/8324, Loss: 4.6948
  Batch 1200/8324, Loss: 5.0613
  Batch 1210/8324, Loss: 4.9195
  Batch 1220/8324, Loss: 4.6120
  Batch 1230/8324, Loss: 4.5393
  Batch 1240/8324, Loss: 4.5102
  Batch 1250/8324, Loss: 4.9230
  Batch 1260/8324, Loss: 5.5731
  Batch 1270/8324, Loss: 5.1286
  Batch 1280/8324, Loss: 4.1436
  Batch 1290/8324, Loss: 4.6024
  Batch 1300/8324, Loss: 4.4797
  Batch 1310/8324, Loss: 4.5807
  Batch 1320/8324, Loss: 4.8160
  Batch 1330/8324, Loss: 4.9454
  Batch 1340/8324, Loss: 4.9842
  Batch 1350/8324, Loss: 4.6515
  Batch 1360/8324, Loss: 4.9471
  Batch 1370/8324, Loss: 4.4134
  Batch 1380/8324, Loss: 4.4215
  Batch 1390/8324, Loss: 4.9481
  Batch 1400/8324, Loss: 4.4072
  Batch 1410/8324, Loss: 5.1837
  Batch 1420/8324, Loss: 5.0283
  Batch 1430/8324, Loss: 4.5137
  Batch 1440/8324, Loss: 4.7583
  Batch 1450/8324, Loss: 4.4772
  Batch 1460/8324, Loss: 3.9054
  Batch 1470/8324, Loss: 5.0030
  Batch 1480/8324, Loss: 4.9818
  Batch 1490/8324, Loss: 4.3311
  Batch 1500/8324, Loss: 4.2885
  Batch 1510/8324, Loss: 4.3910
  Batch 1520/8324, Loss: 4.8631
  Batch 1530/8324, Loss: 4.6625
  Batch 1540/8324, Loss: 4.7509
  Batch 1550/8324, Loss: 4.7192
  Batch 1560/8324, Loss: 4.7339
  Batch 1570/8324, Loss: 4.4366
  Batch 1580/8324, Loss: 4.0365
  Batch 1590/8324, Loss: 4.5849
  Batch 1600/8324, Loss: 4.9769
  Batch 1610/8324, Loss: 4.8237
  Batch 1620/8324, Loss: 5.2995
  Batch 1630/8324, Loss: 4.7432
  Batch 1640/8324, Loss: 4.8292
  Batch 1650/8324, Loss: 5.0488
  Batch 1660/8324, Loss: 4.4190
  Batch 1670/8324, Loss: 4.6421
  Batch 1680/8324, Loss: 4.2135
  Batch 1690/8324, Loss: 5.0222
  Batch 1700/8324, Loss: 4.7011
  Batch 1710/8324, Loss: 4.5598
  Batch 1720/8324, Loss: 4.5035
  Batch 1730/8324, Loss: 4.8017
  Batch 1740/8324, Loss: 4.8155
  Batch 1750/8324, Loss: 4.7202
  Batch 1760/8324, Loss: 5.1221
  Batch 1770/8324, Loss: 4.4526
  Batch 1780/8324, Loss: 4.6844
  Batch 1790/8324, Loss: 4.7592
  Batch 1800/8324, Loss: 4.2824
  Batch 1810/8324, Loss: 4.2094
  Batch 1820/8324, Loss: 4.7566
  Batch 1830/8324, Loss: 3.5581
  Batch 1840/8324, Loss: 4.9632
  Batch 1850/8324, Loss: 4.6350
  Batch 1860/8324, Loss: 4.8295
  Batch 1870/8324, Loss: 4.7077
  Batch 1880/8324, Loss: 4.7057
  Batch 1890/8324, Loss: 4.5075
  Batch 1900/8324, Loss: 4.7153
  Batch 1910/8324, Loss: 5.0955
  Batch 1920/8324, Loss: 4.5877
  Batch 1930/8324, Loss: 5.1020
  Batch 1940/8324, Loss: 4.5246
  Batch 1950/8324, Loss: 4.0052
  Batch 1960/8324, Loss: 4.3117
  Batch 1970/8324, Loss: 3.9907
  Batch 1980/8324, Loss: 5.1588
  Batch 1990/8324, Loss: 4.6713
  Batch 2000/8324, Loss: 4.7513
  Batch 2010/8324, Loss: 4.6675
  Batch 2020/8324, Loss: 4.6526
  Batch 2030/8324, Loss: 4.6105
  Batch 2040/8324, Loss: 4.5918
  Batch 2050/8324, Loss: 4.8062
  Batch 2060/8324, Loss: 4.6689
  Batch 2070/8324, Loss: 4.9003
  Batch 2080/8324, Loss: 3.9688
  Batch 2090/8324, Loss: 4.5672
  Batch 2100/8324, Loss: 4.5139
  Batch 2110/8324, Loss: 4.8685
  Batch 2120/8324, Loss: 4.6624
  Batch 2130/8324, Loss: 4.6714
  Batch 2140/8324, Loss: 4.0360
  Batch 2150/8324, Loss: 4.8823
  Batch 2160/8324, Loss: 4.7448
  Batch 2170/8324, Loss: 4.1125
  Batch 2180/8324, Loss: 4.9522
  Batch 2190/8324, Loss: 4.5088
  Batch 2200/8324, Loss: 5.0068
  Batch 2210/8324, Loss: 4.8756
  Batch 2220/8324, Loss: 4.5925
  Batch 2230/8324, Loss: 5.0764
  Batch 2240/8324, Loss: 4.9300
  Batch 2250/8324, Loss: 4.1484
  Batch 2260/8324, Loss: 4.5231
  Batch 2270/8324, Loss: 4.3935
  Batch 2280/8324, Loss: 4.9196
  Batch 2290/8324, Loss: 4.6641
  Batch 2300/8324, Loss: 4.5033
  Batch 2310/8324, Loss: 4.8890
  Batch 2320/8324, Loss: 4.7108
  Batch 2330/8324, Loss: 5.3192
  Batch 2340/8324, Loss: 4.6876
  Batch 2350/8324, Loss: 4.9599
  Batch 2360/8324, Loss: 4.5868
  Batch 2370/8324, Loss: 4.8448
  Batch 2380/8324, Loss: 4.2212
  Batch 2390/8324, Loss: 4.8849
  Batch 2400/8324, Loss: 4.2261
  Batch 2410/8324, Loss: 4.6265
  Batch 2420/8324, Loss: 5.1123
  Batch 2430/8324, Loss: 4.2445
  Batch 2440/8324, Loss: 4.8285
  Batch 2450/8324, Loss: 4.9883
  Batch 2460/8324, Loss: 4.7896
  Batch 2470/8324, Loss: 4.7055
  Batch 2480/8324, Loss: 4.3273
  Batch 2490/8324, Loss: 4.0423
  Batch 2500/8324, Loss: 5.2552
  Batch 2510/8324, Loss: 4.8555
  Batch 2520/8324, Loss: 4.8333
  Batch 2530/8324, Loss: 4.3653
  Batch 2540/8324, Loss: 4.8187
  Batch 2550/8324, Loss: 4.8973
  Batch 2560/8324, Loss: 4.4600
  Batch 2570/8324, Loss: 4.8039
  Batch 2580/8324, Loss: 4.7751
  Batch 2590/8324, Loss: 5.1165
  Batch 2600/8324, Loss: 4.7045
  Batch 2610/8324, Loss: 4.8029
  Batch 2620/8324, Loss: 4.9692
  Batch 2630/8324, Loss: 4.3726
  Batch 2640/8324, Loss: 4.2757
  Batch 2650/8324, Loss: 3.9986
  Batch 2660/8324, Loss: 4.7774
  Batch 2670/8324, Loss: 4.6786
  Batch 2680/8324, Loss: 4.6650
  Batch 2690/8324, Loss: 4.6255
  Batch 2700/8324, Loss: 4.6568
  Batch 2710/8324, Loss: 4.2757
  Batch 2720/8324, Loss: 4.7331
  Batch 2730/8324, Loss: 5.1526
  Batch 2740/8324, Loss: 5.4224
  Batch 2750/8324, Loss: 4.5108
  Batch 2760/8324, Loss: 4.5287
  Batch 2770/8324, Loss: 4.4556
  Batch 2780/8324, Loss: 5.0045
  Batch 2790/8324, Loss: 4.0058
  Batch 2800/8324, Loss: 4.8003
  Batch 2810/8324, Loss: 4.6050
  Batch 2820/8324, Loss: 5.1502
  Batch 2830/8324, Loss: 4.6172
  Batch 2840/8324, Loss: 4.2923
  Batch 2850/8324, Loss: 4.2988
  Batch 2860/8324, Loss: 4.3154
  Batch 2870/8324, Loss: 4.6439
  Batch 2880/8324, Loss: 4.9364
  Batch 2890/8324, Loss: 4.9164
  Batch 2900/8324, Loss: 4.8274
  Batch 2910/8324, Loss: 4.7314
  Batch 2920/8324, Loss: 4.5334
  Batch 2930/8324, Loss: 5.3048
  Batch 2940/8324, Loss: 4.4832
  Batch 2950/8324, Loss: 4.7713
  Batch 2960/8324, Loss: 4.6187
  Batch 2970/8324, Loss: 4.2139
  Batch 2980/8324, Loss: 4.9234
  Batch 2990/8324, Loss: 4.5625
  Batch 3000/8324, Loss: 4.7144
  Batch 3010/8324, Loss: 3.8410
  Batch 3020/8324, Loss: 5.0457
  Batch 3030/8324, Loss: 5.4031
  Batch 3040/8324, Loss: 4.5994
  Batch 3050/8324, Loss: 4.2820
  Batch 3060/8324, Loss: 4.2033
  Batch 3070/8324, Loss: 4.7286
  Batch 3080/8324, Loss: 4.3725
  Batch 3090/8324, Loss: 4.5175
  Batch 3100/8324, Loss: 4.8489
  Batch 3110/8324, Loss: 4.1946
  Batch 3120/8324, Loss: 5.2670
  Batch 3130/8324, Loss: 4.9198
  Batch 3140/8324, Loss: 4.7571
  Batch 3150/8324, Loss: 4.3399
  Batch 3160/8324, Loss: 5.0725
  Batch 3170/8324, Loss: 4.3781
  Batch 3180/8324, Loss: 4.7837
  Batch 3190/8324, Loss: 5.2065
  Batch 3200/8324, Loss: 4.4409
  Batch 3210/8324, Loss: 4.4903
  Batch 3220/8324, Loss: 4.9517
  Batch 3230/8324, Loss: 4.3193
  Batch 3240/8324, Loss: 4.6625
  Batch 3250/8324, Loss: 5.1562
  Batch 3260/8324, Loss: 4.1096
  Batch 3270/8324, Loss: 4.6727
  Batch 3280/8324, Loss: 4.2857
  Batch 3290/8324, Loss: 4.6627
  Batch 3300/8324, Loss: 4.7119
  Batch 3310/8324, Loss: 4.9309
  Batch 3320/8324, Loss: 4.4377
  Batch 3330/8324, Loss: 4.8812
  Batch 3340/8324, Loss: 4.0043
  Batch 3350/8324, Loss: 4.6023
  Batch 3360/8324, Loss: 4.3020
  Batch 3370/8324, Loss: 4.5267
  Batch 3380/8324, Loss: 5.0678
  Batch 3390/8324, Loss: 5.1648
  Batch 3400/8324, Loss: 4.9228
  Batch 3410/8324, Loss: 5.1519
  Batch 3420/8324, Loss: 4.6281
  Batch 3430/8324, Loss: 4.5025
  Batch 3440/8324, Loss: 4.5092
  Batch 3450/8324, Loss: 4.7687
  Batch 3460/8324, Loss: 4.3435
  Batch 3470/8324, Loss: 5.1545
  Batch 3480/8324, Loss: 4.4766
  Batch 3490/8324, Loss: 4.8057
  Batch 3500/8324, Loss: 4.7643
  Batch 3510/8324, Loss: 4.9001
  Batch 3520/8324, Loss: 4.9778
  Batch 3530/8324, Loss: 4.8985
  Batch 3540/8324, Loss: 4.5758
  Batch 3550/8324, Loss: 4.3354
  Batch 3560/8324, Loss: 4.4832
  Batch 3570/8324, Loss: 4.4976
  Batch 3580/8324, Loss: 4.6361
  Batch 3590/8324, Loss: 4.3199
  Batch 3600/8324, Loss: 4.2937
  Batch 3610/8324, Loss: 4.6340
  Batch 3620/8324, Loss: 4.7262
  Batch 3630/8324, Loss: 4.5046
  Batch 3640/8324, Loss: 5.1425
  Batch 3650/8324, Loss: 3.7570
  Batch 3660/8324, Loss: 4.3865
  Batch 3670/8324, Loss: 3.9065
  Batch 3680/8324, Loss: 4.8987
  Batch 3690/8324, Loss: 4.7685
  Batch 3700/8324, Loss: 4.7002
  Batch 3710/8324, Loss: 4.1854
  Batch 3720/8324, Loss: 5.1728
  Batch 3730/8324, Loss: 4.8848
  Batch 3740/8324, Loss: 4.2389
  Batch 3750/8324, Loss: 4.1907
  Batch 3760/8324, Loss: 4.8556
  Batch 3770/8324, Loss: 4.6733
  Batch 3780/8324, Loss: 4.9332
  Batch 3790/8324, Loss: 4.4902
  Batch 3800/8324, Loss: 4.3871
  Batch 3810/8324, Loss: 4.5094
  Batch 3820/8324, Loss: 4.8211
  Batch 3830/8324, Loss: 4.9673
  Batch 3840/8324, Loss: 4.2276
  Batch 3850/8324, Loss: 5.3181
  Batch 3860/8324, Loss: 4.5817
  Batch 3870/8324, Loss: 4.6894
  Batch 3880/8324, Loss: 4.8663
  Batch 3890/8324, Loss: 4.5603
  Batch 3900/8324, Loss: 4.7799
  Batch 3910/8324, Loss: 4.3104
  Batch 3920/8324, Loss: 4.7944
  Batch 3930/8324, Loss: 4.9875
  Batch 3940/8324, Loss: 5.3103
  Batch 3950/8324, Loss: 5.1359
  Batch 3960/8324, Loss: 4.5268
  Batch 3970/8324, Loss: 4.7208
  Batch 3980/8324, Loss: 4.6689
  Batch 3990/8324, Loss: 5.0388
  Batch 4000/8324, Loss: 4.5796
  Batch 4010/8324, Loss: 4.6185
  Batch 4020/8324, Loss: 4.2831
  Batch 4030/8324, Loss: 4.3880
  Batch 4040/8324, Loss: 4.9734
  Batch 4050/8324, Loss: 4.9053
  Batch 4060/8324, Loss: 4.6804
  Batch 4070/8324, Loss: 4.0546
  Batch 4080/8324, Loss: 5.1449
  Batch 4090/8324, Loss: 4.4054
  Batch 4100/8324, Loss: 4.5281
  Batch 4110/8324, Loss: 4.6973
  Batch 4120/8324, Loss: 4.3949
  Batch 4130/8324, Loss: 4.5955
  Batch 4140/8324, Loss: 4.3054
  Batch 4150/8324, Loss: 4.7718
  Batch 4160/8324, Loss: 4.5876
  Batch 4170/8324, Loss: 5.3739
  Batch 4180/8324, Loss: 4.3195
  Batch 4190/8324, Loss: 5.0603
  Batch 4200/8324, Loss: 5.0927
  Batch 4210/8324, Loss: 5.1699
  Batch 4220/8324, Loss: 4.7001
  Batch 4230/8324, Loss: 4.4784
  Batch 4240/8324, Loss: 4.5107
  Batch 4250/8324, Loss: 4.0308
  Batch 4260/8324, Loss: 4.3166
  Batch 4270/8324, Loss: 5.2045
  Batch 4280/8324, Loss: 4.5565
  Batch 4290/8324, Loss: 5.0176
  Batch 4300/8324, Loss: 4.1546
  Batch 4310/8324, Loss: 4.5059
  Batch 4320/8324, Loss: 4.8131
  Batch 4330/8324, Loss: 4.5682
  Batch 4340/8324, Loss: 4.6644
  Batch 4350/8324, Loss: 4.6992
  Batch 4360/8324, Loss: 4.3620
  Batch 4370/8324, Loss: 4.3963
  Batch 4380/8324, Loss: 4.4635
  Batch 4390/8324, Loss: 4.5673
  Batch 4400/8324, Loss: 4.8564
  Batch 4410/8324, Loss: 4.9399
  Batch 4420/8324, Loss: 4.4713
  Batch 4430/8324, Loss: 4.7164
  Batch 4440/8324, Loss: 4.5052
  Batch 4450/8324, Loss: 5.0113
  Batch 4460/8324, Loss: 4.9030
  Batch 4470/8324, Loss: 4.5224
  Batch 4480/8324, Loss: 4.9530
  Batch 4490/8324, Loss: 4.3080
  Batch 4500/8324, Loss: 4.5868
  Batch 4510/8324, Loss: 4.9733
  Batch 4520/8324, Loss: 4.8541
  Batch 4530/8324, Loss: 4.9525
  Batch 4540/8324, Loss: 5.2583
  Batch 4550/8324, Loss: 3.4154
  Batch 4560/8324, Loss: 4.8196
  Batch 4570/8324, Loss: 4.3732
  Batch 4580/8324, Loss: 5.2687
  Batch 4590/8324, Loss: 4.0130
  Batch 4600/8324, Loss: 5.1661
  Batch 4610/8324, Loss: 4.7269
  Batch 4620/8324, Loss: 5.2137
  Batch 4630/8324, Loss: 4.9227
  Batch 4640/8324, Loss: 4.4694
  Batch 4650/8324, Loss: 5.0413
  Batch 4660/8324, Loss: 4.4045
  Batch 4670/8324, Loss: 4.9650
  Batch 4680/8324, Loss: 4.5212
  Batch 4690/8324, Loss: 4.6777
  Batch 4700/8324, Loss: 4.4987
  Batch 4710/8324, Loss: 4.9054
  Batch 4720/8324, Loss: 4.4575
  Batch 4730/8324, Loss: 4.5106
  Batch 4740/8324, Loss: 5.2735
  Batch 4750/8324, Loss: 4.7488
  Batch 4760/8324, Loss: 5.0976
  Batch 4770/8324, Loss: 5.0218
  Batch 4780/8324, Loss: 4.8330
  Batch 4790/8324, Loss: 4.5467
  Batch 4800/8324, Loss: 4.5888
  Batch 4810/8324, Loss: 4.8756
  Batch 4820/8324, Loss: 4.7523
  Batch 4830/8324, Loss: 4.8224
  Batch 4840/8324, Loss: 4.7690
  Batch 4850/8324, Loss: 4.5639
  Batch 4860/8324, Loss: 5.1340
  Batch 4870/8324, Loss: 5.2387
  Batch 4880/8324, Loss: 5.4267
  Batch 4890/8324, Loss: 4.9081
  Batch 4900/8324, Loss: 4.8023
  Batch 4910/8324, Loss: 5.2024
  Batch 4920/8324, Loss: 5.4310
  Batch 4930/8324, Loss: 4.4256
  Batch 4940/8324, Loss: 4.5910
  Batch 4950/8324, Loss: 4.5568
  Batch 4960/8324, Loss: 5.2596
  Batch 4970/8324, Loss: 4.7345
  Batch 4980/8324, Loss: 4.0182
  Batch 4990/8324, Loss: 4.2000
  Batch 5000/8324, Loss: 4.1741
  Batch 5010/8324, Loss: 4.3957
  Batch 5020/8324, Loss: 4.4786
  Batch 5030/8324, Loss: 4.5386
  Batch 5040/8324, Loss: 5.0565
  Batch 5050/8324, Loss: 4.4089
  Batch 5060/8324, Loss: 4.5618
  Batch 5070/8324, Loss: 4.9709
  Batch 5080/8324, Loss: 4.8431
  Batch 5090/8324, Loss: 4.5648
  Batch 5100/8324, Loss: 4.2588
  Batch 5110/8324, Loss: 4.8693
  Batch 5120/8324, Loss: 4.8377
  Batch 5130/8324, Loss: 4.8138
  Batch 5140/8324, Loss: 3.7810
  Batch 5150/8324, Loss: 4.6244
  Batch 5160/8324, Loss: 4.9050
  Batch 5170/8324, Loss: 4.7381
  Batch 5180/8324, Loss: 5.1302
  Batch 5190/8324, Loss: 5.2694
  Batch 5200/8324, Loss: 4.1433
  Batch 5210/8324, Loss: 4.5540
  Batch 5220/8324, Loss: 4.2193
  Batch 5230/8324, Loss: 4.4478
  Batch 5240/8324, Loss: 4.9811
  Batch 5250/8324, Loss: 4.4229
  Batch 5260/8324, Loss: 4.5263
  Batch 5270/8324, Loss: 4.9611
  Batch 5280/8324, Loss: 4.0868
  Batch 5290/8324, Loss: 4.8221
  Batch 5300/8324, Loss: 4.4387
  Batch 5310/8324, Loss: 4.8868
  Batch 5320/8324, Loss: 5.0383
  Batch 5330/8324, Loss: 4.5672
  Batch 5340/8324, Loss: 4.8832
  Batch 5350/8324, Loss: 4.6348
  Batch 5360/8324, Loss: 5.4614
  Batch 5370/8324, Loss: 4.4773
  Batch 5380/8324, Loss: 4.8503
  Batch 5390/8324, Loss: 4.6632
  Batch 5400/8324, Loss: 4.6781
  Batch 5410/8324, Loss: 4.5920
  Batch 5420/8324, Loss: 4.4272
  Batch 5430/8324, Loss: 4.1971
  Batch 5440/8324, Loss: 4.3926
  Batch 5450/8324, Loss: 4.8686
  Batch 5460/8324, Loss: 5.0367
  Batch 5470/8324, Loss: 4.6299
  Batch 5480/8324, Loss: 4.5437
  Batch 5490/8324, Loss: 4.5806
  Batch 5500/8324, Loss: 4.4985
  Batch 5510/8324, Loss: 4.8922
  Batch 5520/8324, Loss: 4.7760
  Batch 5530/8324, Loss: 5.2422
  Batch 5540/8324, Loss: 4.8219
  Batch 5550/8324, Loss: 4.6703
  Batch 5560/8324, Loss: 4.8664
  Batch 5570/8324, Loss: 4.5643
  Batch 5580/8324, Loss: 4.9187
  Batch 5590/8324, Loss: 4.7055
  Batch 5600/8324, Loss: 4.5689
  Batch 5610/8324, Loss: 4.7622
  Batch 5620/8324, Loss: 4.5140
  Batch 5630/8324, Loss: 4.4794
  Batch 5640/8324, Loss: 4.7245
  Batch 5650/8324, Loss: 4.9805
  Batch 5660/8324, Loss: 4.8217
  Batch 5670/8324, Loss: 4.3298
  Batch 5680/8324, Loss: 5.0440
  Batch 5690/8324, Loss: 4.6466
  Batch 5700/8324, Loss: 4.1653
  Batch 5710/8324, Loss: 4.7198
  Batch 5720/8324, Loss: 4.4491
  Batch 5730/8324, Loss: 4.6874
  Batch 5740/8324, Loss: 4.9082
  Batch 5750/8324, Loss: 4.9972
  Batch 5760/8324, Loss: 4.3788
  Batch 5770/8324, Loss: 4.5221
  Batch 5780/8324, Loss: 5.2496
  Batch 5790/8324, Loss: 4.6730
  Batch 5800/8324, Loss: 4.9057
  Batch 5810/8324, Loss: 4.8301
  Batch 5820/8324, Loss: 4.5621
  Batch 5830/8324, Loss: 4.6682
  Batch 5840/8324, Loss: 5.1769
  Batch 5850/8324, Loss: 4.6092
  Batch 5860/8324, Loss: 4.6161
  Batch 5870/8324, Loss: 5.0205
  Batch 5880/8324, Loss: 4.9947
  Batch 5890/8324, Loss: 4.1071
  Batch 5900/8324, Loss: 4.8783
  Batch 5910/8324, Loss: 4.4539
  Batch 5920/8324, Loss: 4.7744
  Batch 5930/8324, Loss: 4.7590
  Batch 5940/8324, Loss: 4.7231
  Batch 5950/8324, Loss: 4.8750
  Batch 5960/8324, Loss: 4.3615
  Batch 5970/8324, Loss: 4.6795
  Batch 5980/8324, Loss: 4.6763
  Batch 5990/8324, Loss: 4.1741
  Batch 6000/8324, Loss: 4.4058
  Batch 6010/8324, Loss: 5.1380
  Batch 6020/8324, Loss: 4.9707
  Batch 6030/8324, Loss: 4.7762
  Batch 6040/8324, Loss: 5.3283
  Batch 6050/8324, Loss: 4.6157
  Batch 6060/8324, Loss: 4.9464
  Batch 6070/8324, Loss: 4.6052
  Batch 6080/8324, Loss: 4.2713
  Batch 6090/8324, Loss: 4.0620
  Batch 6100/8324, Loss: 4.6496
  Batch 6110/8324, Loss: 4.6901
  Batch 6120/8324, Loss: 4.4478
  Batch 6130/8324, Loss: 4.7478
  Batch 6140/8324, Loss: 4.6349
  Batch 6150/8324, Loss: 4.0682
  Batch 6160/8324, Loss: 4.8587
  Batch 6170/8324, Loss: 4.6177
  Batch 6180/8324, Loss: 4.7908
  Batch 6190/8324, Loss: 5.3241
  Batch 6200/8324, Loss: 4.5993
  Batch 6210/8324, Loss: 4.7926
  Batch 6220/8324, Loss: 4.8296
  Batch 6230/8324, Loss: 4.3971
  Batch 6240/8324, Loss: 5.3899
  Batch 6250/8324, Loss: 4.5695
  Batch 6260/8324, Loss: 4.8177
  Batch 6270/8324, Loss: 4.8050
  Batch 6280/8324, Loss: 4.4383
  Batch 6290/8324, Loss: 5.0199
  Batch 6300/8324, Loss: 4.3365
  Batch 6310/8324, Loss: 4.5203
  Batch 6320/8324, Loss: 4.3685
  Batch 6330/8324, Loss: 4.3806
  Batch 6340/8324, Loss: 4.5327
  Batch 6350/8324, Loss: 4.7866
  Batch 6360/8324, Loss: 4.4577
  Batch 6370/8324, Loss: 4.7663
  Batch 6380/8324, Loss: 4.7102
  Batch 6390/8324, Loss: 4.9867
  Batch 6400/8324, Loss: 4.4050
  Batch 6410/8324, Loss: 4.7321
  Batch 6420/8324, Loss: 4.7998
  Batch 6430/8324, Loss: 4.6041
  Batch 6440/8324, Loss: 4.7456
  Batch 6450/8324, Loss: 4.3386
  Batch 6460/8324, Loss: 4.9013
  Batch 6470/8324, Loss: 4.9063
  Batch 6480/8324, Loss: 4.2009
  Batch 6490/8324, Loss: 5.2406
  Batch 6500/8324, Loss: 4.6515
  Batch 6510/8324, Loss: 4.6193
  Batch 6520/8324, Loss: 4.9071
  Batch 6530/8324, Loss: 4.3794
  Batch 6540/8324, Loss: 5.6411
  Batch 6550/8324, Loss: 4.5301
  Batch 6560/8324, Loss: 4.2882
  Batch 6570/8324, Loss: 3.9593
  Batch 6580/8324, Loss: 4.8897
  Batch 6590/8324, Loss: 4.5251
  Batch 6600/8324, Loss: 4.7110
  Batch 6610/8324, Loss: 4.5822
  Batch 6620/8324, Loss: 4.5020
  Batch 6630/8324, Loss: 5.2515
  Batch 6640/8324, Loss: 4.2207
  Batch 6650/8324, Loss: 4.2992
  Batch 6660/8324, Loss: 4.5198
  Batch 6670/8324, Loss: 4.5016
  Batch 6680/8324, Loss: 4.6998
  Batch 6690/8324, Loss: 4.4262
  Batch 6700/8324, Loss: 5.0087
  Batch 6710/8324, Loss: 4.5269
  Batch 6720/8324, Loss: 4.7342
  Batch 6730/8324, Loss: 4.5675
  Batch 6740/8324, Loss: 4.6271
  Batch 6750/8324, Loss: 5.2136
  Batch 6760/8324, Loss: 4.3450
  Batch 6770/8324, Loss: 4.3313
  Batch 6780/8324, Loss: 4.7216
  Batch 6790/8324, Loss: 4.7897
  Batch 6800/8324, Loss: 4.3820
  Batch 6810/8324, Loss: 4.9888
  Batch 6820/8324, Loss: 4.8723
  Batch 6830/8324, Loss: 4.1743
  Batch 6840/8324, Loss: 4.8616
  Batch 6850/8324, Loss: 4.6542
  Batch 6860/8324, Loss: 4.6381
  Batch 6870/8324, Loss: 4.5853
  Batch 6880/8324, Loss: 4.5384
  Batch 6890/8324, Loss: 4.6421
  Batch 6900/8324, Loss: 4.9363
  Batch 6910/8324, Loss: 5.4115
  Batch 6920/8324, Loss: 5.2949
  Batch 6930/8324, Loss: 4.8195
  Batch 6940/8324, Loss: 4.8325
  Batch 6950/8324, Loss: 4.6133
  Batch 6960/8324, Loss: 4.3686
  Batch 6970/8324, Loss: 5.4241
  Batch 6980/8324, Loss: 5.3089
  Batch 6990/8324, Loss: 4.4607
  Batch 7000/8324, Loss: 4.9064
  Batch 7010/8324, Loss: 4.4542
  Batch 7020/8324, Loss: 4.2506
  Batch 7030/8324, Loss: 5.1182
  Batch 7040/8324, Loss: 4.0075
  Batch 7050/8324, Loss: 4.4512
  Batch 7060/8324, Loss: 4.5634
  Batch 7070/8324, Loss: 4.2021
  Batch 7080/8324, Loss: 4.7201
  Batch 7090/8324, Loss: 4.3724
  Batch 7100/8324, Loss: 4.8246
  Batch 7110/8324, Loss: 4.8648
  Batch 7120/8324, Loss: 5.6129
  Batch 7130/8324, Loss: 4.7816
  Batch 7140/8324, Loss: 4.4566
  Batch 7150/8324, Loss: 4.1126
  Batch 7160/8324, Loss: 4.4037
  Batch 7170/8324, Loss: 4.7950
  Batch 7180/8324, Loss: 4.4844
  Batch 7190/8324, Loss: 4.5866
  Batch 7200/8324, Loss: 5.2962
  Batch 7210/8324, Loss: 5.0257
  Batch 7220/8324, Loss: 5.0154
  Batch 7230/8324, Loss: 4.8231
  Batch 7240/8324, Loss: 4.9431
  Batch 7250/8324, Loss: 3.9288
  Batch 7260/8324, Loss: 4.8761
  Batch 7270/8324, Loss: 4.6588
  Batch 7280/8324, Loss: 5.0399
  Batch 7290/8324, Loss: 4.5097
  Batch 7300/8324, Loss: 4.7109
  Batch 7310/8324, Loss: 4.6654
  Batch 7320/8324, Loss: 4.2814
  Batch 7330/8324, Loss: 4.9219
  Batch 7340/8324, Loss: 4.8940
  Batch 7350/8324, Loss: 4.6336
  Batch 7360/8324, Loss: 4.4195
  Batch 7370/8324, Loss: 4.8459
  Batch 7380/8324, Loss: 3.2325
  Batch 7390/8324, Loss: 4.7616
  Batch 7400/8324, Loss: 4.4505
  Batch 7410/8324, Loss: 5.2571
  Batch 7420/8324, Loss: 5.1490
  Batch 7430/8324, Loss: 4.6921
  Batch 7440/8324, Loss: 5.1064
  Batch 7450/8324, Loss: 4.8230
  Batch 7460/8324, Loss: 4.6392
  Batch 7470/8324, Loss: 4.9962
  Batch 7480/8324, Loss: 4.6226
  Batch 7490/8324, Loss: 4.3946
  Batch 7500/8324, Loss: 4.4510
  Batch 7510/8324, Loss: 5.6295
  Batch 7520/8324, Loss: 4.4754
  Batch 7530/8324, Loss: 4.7248
  Batch 7540/8324, Loss: 3.8741
  Batch 7550/8324, Loss: 4.3935
  Batch 7560/8324, Loss: 4.7647
  Batch 7570/8324, Loss: 5.1500
  Batch 7580/8324, Loss: 4.4430
  Batch 7590/8324, Loss: 4.3482
  Batch 7600/8324, Loss: 4.9083
  Batch 7610/8324, Loss: 4.5065
  Batch 7620/8324, Loss: 4.8375
  Batch 7630/8324, Loss: 4.7038
  Batch 7640/8324, Loss: 4.4187
  Batch 7650/8324, Loss: 5.0133
  Batch 7660/8324, Loss: 4.8386
  Batch 7670/8324, Loss: 5.0343
  Batch 7680/8324, Loss: 4.5902
  Batch 7690/8324, Loss: 4.5091
  Batch 7700/8324, Loss: 4.7732
  Batch 7710/8324, Loss: 4.8932
  Batch 7720/8324, Loss: 4.3107
  Batch 7730/8324, Loss: 5.1001
  Batch 7740/8324, Loss: 4.9618
  Batch 7750/8324, Loss: 4.5258
  Batch 7760/8324, Loss: 5.0317
  Batch 7770/8324, Loss: 4.8654
  Batch 7780/8324, Loss: 4.3399
  Batch 7790/8324, Loss: 4.5242
  Batch 7800/8324, Loss: 4.5611
  Batch 7810/8324, Loss: 4.5776
  Batch 7820/8324, Loss: 4.6195
  Batch 7830/8324, Loss: 4.5813
  Batch 7840/8324, Loss: 4.4857
  Batch 7850/8324, Loss: 5.0925
  Batch 7860/8324, Loss: 4.0058
  Batch 7870/8324, Loss: 4.9880
  Batch 7880/8324, Loss: 4.9861
  Batch 7890/8324, Loss: 4.4998
  Batch 7900/8324, Loss: 4.2845
  Batch 7910/8324, Loss: 4.9345
  Batch 7920/8324, Loss: 4.6354
  Batch 7930/8324, Loss: 4.7206
  Batch 7940/8324, Loss: 4.6928
  Batch 7950/8324, Loss: 4.6952
  Batch 7960/8324, Loss: 4.3033
  Batch 7970/8324, Loss: 4.1081
  Batch 7980/8324, Loss: 4.1790
  Batch 7990/8324, Loss: 5.1283
  Batch 8000/8324, Loss: 4.9150
  Batch 8010/8324, Loss: 4.3816
  Batch 8020/8324, Loss: 4.1049
  Batch 8030/8324, Loss: 4.1144
  Batch 8040/8324, Loss: 4.5606
  Batch 8050/8324, Loss: 4.3173
  Batch 8060/8324, Loss: 4.7911
  Batch 8070/8324, Loss: 3.9975
  Batch 8080/8324, Loss: 4.5739
  Batch 8090/8324, Loss: 4.5868
  Batch 8100/8324, Loss: 5.1109
  Batch 8110/8324, Loss: 4.8050
  Batch 8120/8324, Loss: 4.8706
  Batch 8130/8324, Loss: 4.7592
  Batch 8140/8324, Loss: 4.2148
  Batch 8150/8324, Loss: 4.2102
  Batch 8160/8324, Loss: 4.3961
  Batch 8170/8324, Loss: 4.9353
  Batch 8180/8324, Loss: 4.0219
  Batch 8190/8324, Loss: 4.6481
  Batch 8200/8324, Loss: 4.3788
  Batch 8210/8324, Loss: 5.0297
  Batch 8220/8324, Loss: 4.5901
  Batch 8230/8324, Loss: 5.0356
  Batch 8240/8324, Loss: 4.9327
  Batch 8250/8324, Loss: 4.6143
  Batch 8260/8324, Loss: 4.8510
  Batch 8270/8324, Loss: 4.6912
  Batch 8280/8324, Loss: 4.8308
  Batch 8290/8324, Loss: 5.3305
  Batch 8300/8324, Loss: 4.9410
  Batch 8310/8324, Loss: 4.7711
  Batch 8320/8324, Loss: 4.9560

  Train Loss: 4.6656
  Val Loss: 6.6596
  Time: 28m 1s

Epoch 7/20
----------------------------------------
  Batch 10/8324, Loss: 4.6147
  Batch 20/8324, Loss: 4.8277
  Batch 30/8324, Loss: 4.7543
  Batch 40/8324, Loss: 4.6280
  Batch 50/8324, Loss: 4.6141
  Batch 60/8324, Loss: 4.6222
  Batch 70/8324, Loss: 4.5671
  Batch 80/8324, Loss: 4.7984
  Batch 90/8324, Loss: 4.9702
  Batch 100/8324, Loss: 4.4719
  Batch 110/8324, Loss: 4.7662
  Batch 120/8324, Loss: 5.0345
  Batch 130/8324, Loss: 4.5116
  Batch 140/8324, Loss: 4.0154
  Batch 150/8324, Loss: 4.1189
  Batch 160/8324, Loss: 4.2645
  Batch 170/8324, Loss: 4.2407
  Batch 180/8324, Loss: 4.7760
  Batch 190/8324, Loss: 4.5152
  Batch 200/8324, Loss: 4.0490
  Batch 210/8324, Loss: 3.9955
  Batch 220/8324, Loss: 4.8448
  Batch 230/8324, Loss: 4.7422
  Batch 240/8324, Loss: 4.2248
  Batch 250/8324, Loss: 4.8268
  Batch 260/8324, Loss: 4.2148
  Batch 270/8324, Loss: 4.3412
  Batch 280/8324, Loss: 4.2367
  Batch 290/8324, Loss: 4.8319
  Batch 300/8324, Loss: 4.9696
  Batch 310/8324, Loss: 4.7341
  Batch 320/8324, Loss: 4.8118
  Batch 330/8324, Loss: 4.3889
  Batch 340/8324, Loss: 4.5759
  Batch 350/8324, Loss: 4.9797
  Batch 360/8324, Loss: 4.2539
  Batch 370/8324, Loss: 4.0548
  Batch 380/8324, Loss: 4.5928
  Batch 390/8324, Loss: 4.6204
  Batch 400/8324, Loss: 4.4504
  Batch 410/8324, Loss: 4.7839
  Batch 420/8324, Loss: 4.8314
  Batch 430/8324, Loss: 4.2524
  Batch 440/8324, Loss: 4.4065
  Batch 450/8324, Loss: 4.5199
  Batch 460/8324, Loss: 4.0643
  Batch 470/8324, Loss: 4.6692
  Batch 480/8324, Loss: 4.3249
  Batch 490/8324, Loss: 4.5964
  Batch 500/8324, Loss: 4.1292
  Batch 510/8324, Loss: 4.6088
  Batch 520/8324, Loss: 4.5262
  Batch 530/8324, Loss: 4.7967
  Batch 540/8324, Loss: 4.0771
  Batch 550/8324, Loss: 4.2070
  Batch 560/8324, Loss: 5.2924
  Batch 570/8324, Loss: 5.0063
  Batch 580/8324, Loss: 5.0257
  Batch 590/8324, Loss: 4.4281
  Batch 600/8324, Loss: 4.3681
  Batch 610/8324, Loss: 3.7955
  Batch 620/8324, Loss: 4.9768
  Batch 630/8324, Loss: 4.5889
  Batch 640/8324, Loss: 3.9816
  Batch 650/8324, Loss: 4.6644
  Batch 660/8324, Loss: 4.4650
  Batch 670/8324, Loss: 4.6597
  Batch 680/8324, Loss: 4.7024
  Batch 690/8324, Loss: 4.1898
  Batch 700/8324, Loss: 4.9546
  Batch 710/8324, Loss: 5.1056
  Batch 720/8324, Loss: 4.4586
  Batch 730/8324, Loss: 4.7859
  Batch 740/8324, Loss: 4.4279
  Batch 750/8324, Loss: 4.7135
  Batch 760/8324, Loss: 4.3435
  Batch 770/8324, Loss: 4.3869
  Batch 780/8324, Loss: 4.5633
  Batch 790/8324, Loss: 4.0776
  Batch 800/8324, Loss: 4.3408
  Batch 810/8324, Loss: 4.7100
  Batch 820/8324, Loss: 4.5670
  Batch 830/8324, Loss: 4.5514
  Batch 840/8324, Loss: 4.2397
  Batch 850/8324, Loss: 4.4647
  Batch 860/8324, Loss: 4.4643
  Batch 870/8324, Loss: 4.4805
  Batch 880/8324, Loss: 4.5494
  Batch 890/8324, Loss: 4.8628
  Batch 900/8324, Loss: 4.1560
  Batch 910/8324, Loss: 4.3417
  Batch 920/8324, Loss: 3.8547
  Batch 930/8324, Loss: 4.8328
  Batch 940/8324, Loss: 4.6900
  Batch 950/8324, Loss: 4.5086
  Batch 960/8324, Loss: 4.8103
  Batch 970/8324, Loss: 4.6041
  Batch 980/8324, Loss: 4.4145
  Batch 990/8324, Loss: 4.6629
  Batch 1000/8324, Loss: 4.2579
  Batch 1010/8324, Loss: 4.7686
  Batch 1020/8324, Loss: 4.8518
  Batch 1030/8324, Loss: 4.6929
  Batch 1040/8324, Loss: 4.3663
  Batch 1050/8324, Loss: 4.5994
  Batch 1060/8324, Loss: 4.5515
  Batch 1070/8324, Loss: 4.8066
  Batch 1080/8324, Loss: 4.4896
  Batch 1090/8324, Loss: 4.2714
  Batch 1100/8324, Loss: 4.1682
  Batch 1110/8324, Loss: 4.9813
  Batch 1120/8324, Loss: 4.9262
  Batch 1130/8324, Loss: 4.1995
  Batch 1140/8324, Loss: 4.2477
  Batch 1150/8324, Loss: 4.3381
  Batch 1160/8324, Loss: 5.1325
  Batch 1170/8324, Loss: 4.7742
  Batch 1180/8324, Loss: 4.7719
  Batch 1190/8324, Loss: 4.5367
  Batch 1200/8324, Loss: 3.9548
  Batch 1210/8324, Loss: 4.7261
  Batch 1220/8324, Loss: 3.9568
  Batch 1230/8324, Loss: 4.8144
  Batch 1240/8324, Loss: 4.5821
  Batch 1250/8324, Loss: 4.4135
  Batch 1260/8324, Loss: 4.1390
  Batch 1270/8324, Loss: 4.4696
  Batch 1280/8324, Loss: 4.3558
  Batch 1290/8324, Loss: 4.9298
  Batch 1300/8324, Loss: 4.5857
  Batch 1310/8324, Loss: 4.6843
  Batch 1320/8324, Loss: 4.4129
  Batch 1330/8324, Loss: 4.2112
  Batch 1340/8324, Loss: 4.5999
  Batch 1350/8324, Loss: 5.1408
  Batch 1360/8324, Loss: 4.4591
  Batch 1370/8324, Loss: 4.1618
  Batch 1380/8324, Loss: 4.1491
  Batch 1390/8324, Loss: 4.7435
  Batch 1400/8324, Loss: 5.0562
  Batch 1410/8324, Loss: 3.4930
  Batch 1420/8324, Loss: 3.7657
  Batch 1430/8324, Loss: 4.5718
  Batch 1440/8324, Loss: 4.4966
  Batch 1450/8324, Loss: 4.4894
  Batch 1460/8324, Loss: 4.4741
  Batch 1470/8324, Loss: 5.2196
  Batch 1480/8324, Loss: 5.2903
  Batch 1490/8324, Loss: 4.2845
  Batch 1500/8324, Loss: 4.2011
  Batch 1510/8324, Loss: 4.5297
  Batch 1520/8324, Loss: 4.6008
  Batch 1530/8324, Loss: 5.0226
  Batch 1540/8324, Loss: 4.0199
  Batch 1550/8324, Loss: 3.9711
  Batch 1560/8324, Loss: 4.4424
  Batch 1570/8324, Loss: 5.2464
  Batch 1580/8324, Loss: 4.2766
  Batch 1590/8324, Loss: 4.8573
  Batch 1600/8324, Loss: 4.4967
  Batch 1610/8324, Loss: 4.5131
  Batch 1620/8324, Loss: 4.7472
  Batch 1630/8324, Loss: 4.8464
  Batch 1640/8324, Loss: 5.3899
  Batch 1650/8324, Loss: 4.3276
  Batch 1660/8324, Loss: 4.6286
  Batch 1670/8324, Loss: 5.2652
  Batch 1680/8324, Loss: 4.7770
  Batch 1690/8324, Loss: 4.5437
  Batch 1700/8324, Loss: 4.6577
  Batch 1710/8324, Loss: 4.2851
  Batch 1720/8324, Loss: 4.3437
  Batch 1730/8324, Loss: 4.8353
  Batch 1740/8324, Loss: 4.1629
  Batch 1750/8324, Loss: 4.9931
  Batch 1760/8324, Loss: 4.5250
  Batch 1770/8324, Loss: 4.2185
  Batch 1780/8324, Loss: 4.8352
  Batch 1790/8324, Loss: 4.4309
  Batch 1800/8324, Loss: 4.7509
  Batch 1810/8324, Loss: 4.4170
  Batch 1820/8324, Loss: 4.9691
  Batch 1830/8324, Loss: 4.4435
  Batch 1840/8324, Loss: 4.7846
  Batch 1850/8324, Loss: 4.9913
  Batch 1860/8324, Loss: 4.6927
  Batch 1870/8324, Loss: 4.4829
  Batch 1880/8324, Loss: 4.5328
  Batch 1890/8324, Loss: 4.8117
  Batch 1900/8324, Loss: 4.0058
  Batch 1910/8324, Loss: 4.3812
  Batch 1920/8324, Loss: 4.4333
  Batch 1930/8324, Loss: 4.8859
  Batch 1940/8324, Loss: 5.0132
  Batch 1950/8324, Loss: 4.6216
  Batch 1960/8324, Loss: 4.2710
  Batch 1970/8324, Loss: 3.9057
  Batch 1980/8324, Loss: 4.5088
  Batch 1990/8324, Loss: 4.7594
  Batch 2000/8324, Loss: 4.9741
  Batch 2010/8324, Loss: 4.7650
  Batch 2020/8324, Loss: 4.3996
  Batch 2030/8324, Loss: 3.9106
  Batch 2040/8324, Loss: 4.2461
  Batch 2050/8324, Loss: 4.4705
  Batch 2060/8324, Loss: 5.0250
  Batch 2070/8324, Loss: 3.7748
  Batch 2080/8324, Loss: 4.6840
  Batch 2090/8324, Loss: 4.7421
  Batch 2100/8324, Loss: 4.7893
  Batch 2110/8324, Loss: 4.3159
  Batch 2120/8324, Loss: 5.1316
  Batch 2130/8324, Loss: 4.5877
  Batch 2140/8324, Loss: 5.1611
  Batch 2150/8324, Loss: 4.4210
  Batch 2160/8324, Loss: 4.6051
  Batch 2170/8324, Loss: 4.8123
  Batch 2180/8324, Loss: 4.6053
  Batch 2190/8324, Loss: 4.5062
  Batch 2200/8324, Loss: 4.4413
  Batch 2210/8324, Loss: 4.1931
  Batch 2220/8324, Loss: 4.6143
  Batch 2230/8324, Loss: 4.6156
  Batch 2240/8324, Loss: 4.2650
  Batch 2250/8324, Loss: 4.7437
  Batch 2260/8324, Loss: 4.4054
  Batch 2270/8324, Loss: 4.7159
  Batch 2280/8324, Loss: 4.4432
  Batch 2290/8324, Loss: 4.4940
  Batch 2300/8324, Loss: 4.6962
  Batch 2310/8324, Loss: 5.1145
  Batch 2320/8324, Loss: 4.7012
  Batch 2330/8324, Loss: 4.6213
  Batch 2340/8324, Loss: 4.3782
  Batch 2350/8324, Loss: 5.0211
  Batch 2360/8324, Loss: 4.9041
  Batch 2370/8324, Loss: 3.8673
  Batch 2380/8324, Loss: 4.4209
  Batch 2390/8324, Loss: 4.8010
  Batch 2400/8324, Loss: 4.7861
  Batch 2410/8324, Loss: 4.5420
  Batch 2420/8324, Loss: 4.4503
  Batch 2430/8324, Loss: 4.2625
  Batch 2440/8324, Loss: 4.3331
  Batch 2450/8324, Loss: 5.1504
  Batch 2460/8324, Loss: 4.8872
  Batch 2470/8324, Loss: 4.8808
  Batch 2480/8324, Loss: 4.4322
  Batch 2490/8324, Loss: 4.8655
  Batch 2500/8324, Loss: 4.8769
  Batch 2510/8324, Loss: 4.7538
  Batch 2520/8324, Loss: 4.5244
  Batch 2530/8324, Loss: 4.8530
  Batch 2540/8324, Loss: 4.4878
  Batch 2550/8324, Loss: 4.5615
  Batch 2560/8324, Loss: 4.0765
  Batch 2570/8324, Loss: 4.2253
  Batch 2580/8324, Loss: 4.3764
  Batch 2590/8324, Loss: 4.6538
  Batch 2600/8324, Loss: 4.2974
  Batch 2610/8324, Loss: 4.9345
  Batch 2620/8324, Loss: 4.9232
  Batch 2630/8324, Loss: 4.8044
  Batch 2640/8324, Loss: 4.5700
  Batch 2650/8324, Loss: 4.5155
  Batch 2660/8324, Loss: 4.6784
  Batch 2670/8324, Loss: 4.5201
  Batch 2680/8324, Loss: 4.7808
  Batch 2690/8324, Loss: 4.5857
  Batch 2700/8324, Loss: 4.5648
  Batch 2710/8324, Loss: 4.8709
  Batch 2720/8324, Loss: 5.2072
  Batch 2730/8324, Loss: 4.1892
  Batch 2740/8324, Loss: 4.8508
  Batch 2750/8324, Loss: 4.7899
  Batch 2760/8324, Loss: 4.3492
  Batch 2770/8324, Loss: 4.4193
  Batch 2780/8324, Loss: 4.2596
  Batch 2790/8324, Loss: 4.5301
  Batch 2800/8324, Loss: 4.8628
  Batch 2810/8324, Loss: 4.5768
  Batch 2820/8324, Loss: 4.8418
  Batch 2830/8324, Loss: 4.7786
  Batch 2840/8324, Loss: 4.4237
  Batch 2850/8324, Loss: 4.3210
  Batch 2860/8324, Loss: 4.5699
  Batch 2870/8324, Loss: 4.7440
  Batch 2880/8324, Loss: 4.4964
  Batch 2890/8324, Loss: 4.7102
  Batch 2900/8324, Loss: 4.2304
  Batch 2910/8324, Loss: 4.4382
  Batch 2920/8324, Loss: 4.8062
  Batch 2930/8324, Loss: 4.5144
  Batch 2940/8324, Loss: 5.1983
  Batch 2950/8324, Loss: 4.5671
  Batch 2960/8324, Loss: 4.7532
  Batch 2970/8324, Loss: 4.9324
  Batch 2980/8324, Loss: 4.5967
  Batch 2990/8324, Loss: 4.2485
  Batch 3000/8324, Loss: 4.2504
  Batch 3010/8324, Loss: 3.8375
  Batch 3020/8324, Loss: 4.6685
  Batch 3030/8324, Loss: 4.9512
  Batch 3040/8324, Loss: 4.1605
  Batch 3050/8324, Loss: 5.1119
  Batch 3060/8324, Loss: 4.5116
  Batch 3070/8324, Loss: 4.3966
  Batch 3080/8324, Loss: 3.8170
  Batch 3090/8324, Loss: 4.2760
  Batch 3100/8324, Loss: 4.9360
  Batch 3110/8324, Loss: 4.4043
  Batch 3120/8324, Loss: 4.1482
  Batch 3130/8324, Loss: 4.5621
  Batch 3140/8324, Loss: 4.4068
  Batch 3150/8324, Loss: 3.7708
  Batch 3160/8324, Loss: 4.7105
  Batch 3170/8324, Loss: 4.2762
  Batch 3180/8324, Loss: 4.9366
  Batch 3190/8324, Loss: 4.6144
  Batch 3200/8324, Loss: 4.2971
  Batch 3210/8324, Loss: 5.0683
  Batch 3220/8324, Loss: 4.6099
  Batch 3230/8324, Loss: 5.3200
  Batch 3240/8324, Loss: 4.8516
  Batch 3250/8324, Loss: 4.4741
  Batch 3260/8324, Loss: 4.8278
  Batch 3270/8324, Loss: 4.8108
  Batch 3280/8324, Loss: 4.5755
  Batch 3290/8324, Loss: 5.0293
  Batch 3300/8324, Loss: 4.2626
  Batch 3310/8324, Loss: 4.4079
  Batch 3320/8324, Loss: 4.7780
  Batch 3330/8324, Loss: 4.5578
  Batch 3340/8324, Loss: 4.2287
  Batch 3350/8324, Loss: 4.2866
  Batch 3360/8324, Loss: 4.7066
  Batch 3370/8324, Loss: 4.3155
  Batch 3380/8324, Loss: 4.2092
  Batch 3390/8324, Loss: 4.3462
  Batch 3400/8324, Loss: 4.2809
  Batch 3410/8324, Loss: 3.8970
  Batch 3420/8324, Loss: 4.8502
  Batch 3430/8324, Loss: 4.3894
  Batch 3440/8324, Loss: 4.3071
  Batch 3450/8324, Loss: 4.7053
  Batch 3460/8324, Loss: 4.7237
  Batch 3470/8324, Loss: 4.3503
  Batch 3480/8324, Loss: 4.9561
  Batch 3490/8324, Loss: 3.8741
  Batch 3500/8324, Loss: 4.8655
  Batch 3510/8324, Loss: 4.4094
  Batch 3520/8324, Loss: 5.0079
  Batch 3530/8324, Loss: 4.4721
  Batch 3540/8324, Loss: 4.7122
  Batch 3550/8324, Loss: 3.8454
  Batch 3560/8324, Loss: 4.9065
  Batch 3570/8324, Loss: 4.7872
  Batch 3580/8324, Loss: 4.3533
  Batch 3590/8324, Loss: 4.7634
  Batch 3600/8324, Loss: 4.3396
  Batch 3610/8324, Loss: 4.9923
  Batch 3620/8324, Loss: 5.0127
  Batch 3630/8324, Loss: 4.8874
  Batch 3640/8324, Loss: 4.8480
  Batch 3650/8324, Loss: 4.6127
  Batch 3660/8324, Loss: 4.5327
  Batch 3670/8324, Loss: 4.9278
  Batch 3680/8324, Loss: 4.7419
  Batch 3690/8324, Loss: 4.2615
  Batch 3700/8324, Loss: 4.0002
  Batch 3710/8324, Loss: 4.6611
  Batch 3720/8324, Loss: 4.4294
  Batch 3730/8324, Loss: 4.8337
  Batch 3740/8324, Loss: 5.5073
  Batch 3750/8324, Loss: 4.5364
  Batch 3760/8324, Loss: 4.7435
  Batch 3770/8324, Loss: 4.2128
  Batch 3780/8324, Loss: 4.4270
  Batch 3790/8324, Loss: 4.8743
  Batch 3800/8324, Loss: 4.3196
  Batch 3810/8324, Loss: 4.3203
  Batch 3820/8324, Loss: 4.4239
  Batch 3830/8324, Loss: 4.9470
  Batch 3840/8324, Loss: 4.0934
  Batch 3850/8324, Loss: 4.8619
  Batch 3860/8324, Loss: 4.1207
  Batch 3870/8324, Loss: 4.8351
  Batch 3880/8324, Loss: 5.2709
  Batch 3890/8324, Loss: 5.2920
  Batch 3900/8324, Loss: 4.6496
  Batch 3910/8324, Loss: 5.0783
  Batch 3920/8324, Loss: 4.5130
  Batch 3930/8324, Loss: 4.3768
  Batch 3940/8324, Loss: 4.7021
  Batch 3950/8324, Loss: 3.7348
  Batch 3960/8324, Loss: 4.2933
  Batch 3970/8324, Loss: 4.6966
  Batch 3980/8324, Loss: 4.7308
  Batch 3990/8324, Loss: 4.7963
  Batch 4000/8324, Loss: 4.3072
  Batch 4010/8324, Loss: 4.3841
  Batch 4020/8324, Loss: 4.5599
  Batch 4030/8324, Loss: 4.6704
  Batch 4040/8324, Loss: 4.6301
  Batch 4050/8324, Loss: 4.0061
  Batch 4060/8324, Loss: 4.7030
  Batch 4070/8324, Loss: 4.5319
  Batch 4080/8324, Loss: 4.2551
  Batch 4090/8324, Loss: 4.1417
  Batch 4100/8324, Loss: 4.1903
  Batch 4110/8324, Loss: 4.8866
  Batch 4120/8324, Loss: 4.4504
  Batch 4130/8324, Loss: 4.5223
  Batch 4140/8324, Loss: 4.8734
  Batch 4150/8324, Loss: 4.4916
  Batch 4160/8324, Loss: 4.4995
  Batch 4170/8324, Loss: 4.5053
  Batch 4180/8324, Loss: 3.8087
  Batch 4190/8324, Loss: 4.4925
  Batch 4200/8324, Loss: 4.7742
  Batch 4210/8324, Loss: 4.4853
  Batch 4220/8324, Loss: 4.6178
  Batch 4230/8324, Loss: 4.4767
  Batch 4240/8324, Loss: 4.5372
  Batch 4250/8324, Loss: 4.1836
  Batch 4260/8324, Loss: 4.6871
  Batch 4270/8324, Loss: 4.6864
  Batch 4280/8324, Loss: 4.4527
  Batch 4290/8324, Loss: 4.8343
  Batch 4300/8324, Loss: 4.7891
  Batch 4310/8324, Loss: 4.0600
  Batch 4320/8324, Loss: 4.6477
  Batch 4330/8324, Loss: 4.7755
  Batch 4340/8324, Loss: 5.0940
  Batch 4350/8324, Loss: 4.4912
  Batch 4360/8324, Loss: 4.8198
  Batch 4370/8324, Loss: 4.3634
  Batch 4380/8324, Loss: 4.8679
  Batch 4390/8324, Loss: 4.5671
  Batch 4400/8324, Loss: 5.2123
  Batch 4410/8324, Loss: 4.9604
  Batch 4420/8324, Loss: 4.4095
  Batch 4430/8324, Loss: 4.9268
  Batch 4440/8324, Loss: 4.6197
  Batch 4450/8324, Loss: 4.5123
  Batch 4460/8324, Loss: 5.0673
  Batch 4470/8324, Loss: 4.7599
  Batch 4480/8324, Loss: 4.6557
  Batch 4490/8324, Loss: 4.7569
  Batch 4500/8324, Loss: 4.5493
  Batch 4510/8324, Loss: 4.8250
  Batch 4520/8324, Loss: 4.6704
  Batch 4530/8324, Loss: 4.7177
  Batch 4540/8324, Loss: 4.4994
  Batch 4550/8324, Loss: 4.5448
  Batch 4560/8324, Loss: 4.7182
  Batch 4570/8324, Loss: 3.9249
  Batch 4580/8324, Loss: 4.3120
  Batch 4590/8324, Loss: 4.4695
  Batch 4600/8324, Loss: 4.3123
  Batch 4610/8324, Loss: 4.7821
  Batch 4620/8324, Loss: 4.9802
  Batch 4630/8324, Loss: 4.9075
  Batch 4640/8324, Loss: 4.5929
  Batch 4650/8324, Loss: 5.1506
  Batch 4660/8324, Loss: 4.7625
  Batch 4670/8324, Loss: 4.7266
  Batch 4680/8324, Loss: 4.5222
  Batch 4690/8324, Loss: 4.7197
  Batch 4700/8324, Loss: 4.1666
  Batch 4710/8324, Loss: 4.5781
  Batch 4720/8324, Loss: 4.8937
  Batch 4730/8324, Loss: 4.2262
  Batch 4740/8324, Loss: 4.6783
  Batch 4750/8324, Loss: 4.4228
  Batch 4760/8324, Loss: 4.6231
  Batch 4770/8324, Loss: 4.4574
  Batch 4780/8324, Loss: 5.3582
  Batch 4790/8324, Loss: 4.5766
  Batch 4800/8324, Loss: 4.8910
  Batch 4810/8324, Loss: 4.5420
  Batch 4820/8324, Loss: 5.2796
  Batch 4830/8324, Loss: 4.6161
  Batch 4840/8324, Loss: 4.9289
  Batch 4850/8324, Loss: 4.5990
  Batch 4860/8324, Loss: 4.4032
  Batch 4870/8324, Loss: 4.4590
  Batch 4880/8324, Loss: 4.9319
  Batch 4890/8324, Loss: 4.9082
  Batch 4900/8324, Loss: 5.0579
  Batch 4910/8324, Loss: 4.4999
  Batch 4920/8324, Loss: 4.9922
  Batch 4930/8324, Loss: 4.8013
  Batch 4940/8324, Loss: 5.2695
  Batch 4950/8324, Loss: 4.5606
  Batch 4960/8324, Loss: 4.5219
  Batch 4970/8324, Loss: 4.4240
  Batch 4980/8324, Loss: 4.4639
  Batch 4990/8324, Loss: 5.0967
  Batch 5000/8324, Loss: 4.4118
  Batch 5010/8324, Loss: 4.2899
  Batch 5020/8324, Loss: 4.7868
  Batch 5030/8324, Loss: 4.4754
  Batch 5040/8324, Loss: 4.6078
  Batch 5050/8324, Loss: 4.3594
  Batch 5060/8324, Loss: 4.3505
  Batch 5070/8324, Loss: 4.7976
  Batch 5080/8324, Loss: 4.8690
  Batch 5090/8324, Loss: 5.1325
  Batch 5100/8324, Loss: 4.9415
  Batch 5110/8324, Loss: 4.6352
  Batch 5120/8324, Loss: 5.0135
  Batch 5130/8324, Loss: 5.1662
  Batch 5140/8324, Loss: 4.6417
  Batch 5150/8324, Loss: 4.5775
  Batch 5160/8324, Loss: 4.6688
  Batch 5170/8324, Loss: 4.0878
  Batch 5180/8324, Loss: 4.4167
  Batch 5190/8324, Loss: 4.5562
  Batch 5200/8324, Loss: 4.6715
  Batch 5210/8324, Loss: 4.5553
  Batch 5220/8324, Loss: 4.7461
  Batch 5230/8324, Loss: 4.6248
  Batch 5240/8324, Loss: 5.0025
  Batch 5250/8324, Loss: 4.9475
  Batch 5260/8324, Loss: 4.6673
  Batch 5270/8324, Loss: 4.2690
  Batch 5280/8324, Loss: 4.6104
  Batch 5290/8324, Loss: 4.2971
  Batch 5300/8324, Loss: 5.0428
  Batch 5310/8324, Loss: 4.7681
  Batch 5320/8324, Loss: 4.5290
  Batch 5330/8324, Loss: 4.1312
  Batch 5340/8324, Loss: 4.5717
  Batch 5350/8324, Loss: 5.0482
  Batch 5360/8324, Loss: 4.4487
  Batch 5370/8324, Loss: 4.7517
  Batch 5380/8324, Loss: 4.5164
  Batch 5390/8324, Loss: 4.6225
  Batch 5400/8324, Loss: 4.7724
  Batch 5410/8324, Loss: 5.1139
  Batch 5420/8324, Loss: 4.5642
  Batch 5430/8324, Loss: 5.1288
  Batch 5440/8324, Loss: 4.6636
  Batch 5450/8324, Loss: 4.8288
  Batch 5460/8324, Loss: 4.3236
  Batch 5470/8324, Loss: 4.7493
  Batch 5480/8324, Loss: 4.7765
  Batch 5490/8324, Loss: 4.5704
  Batch 5500/8324, Loss: 4.4744
  Batch 5510/8324, Loss: 4.7720
  Batch 5520/8324, Loss: 4.9761
  Batch 5530/8324, Loss: 4.6906
  Batch 5540/8324, Loss: 4.7402
  Batch 5550/8324, Loss: 4.4052
  Batch 5560/8324, Loss: 5.0496
  Batch 5570/8324, Loss: 4.8001
  Batch 5580/8324, Loss: 4.8379
  Batch 5590/8324, Loss: 4.5454
  Batch 5600/8324, Loss: 4.5886
  Batch 5610/8324, Loss: 3.8279
  Batch 5620/8324, Loss: 5.1320
  Batch 5630/8324, Loss: 4.8233
  Batch 5640/8324, Loss: 4.4393
  Batch 5650/8324, Loss: 4.5960
  Batch 5660/8324, Loss: 4.5769
  Batch 5670/8324, Loss: 4.4258
  Batch 5680/8324, Loss: 4.8726
  Batch 5690/8324, Loss: 4.7428
  Batch 5700/8324, Loss: 4.6579
  Batch 5710/8324, Loss: 4.7643
  Batch 5720/8324, Loss: 4.5942
  Batch 5730/8324, Loss: 4.9945
  Batch 5740/8324, Loss: 4.3080
  Batch 5750/8324, Loss: 4.6627
  Batch 5760/8324, Loss: 4.7213
  Batch 5770/8324, Loss: 4.6370
  Batch 5780/8324, Loss: 4.3259
  Batch 5790/8324, Loss: 4.5730
  Batch 5800/8324, Loss: 4.3823
  Batch 5810/8324, Loss: 4.8132
  Batch 5820/8324, Loss: 4.4734
  Batch 5830/8324, Loss: 4.5241
  Batch 5840/8324, Loss: 5.2003
  Batch 5850/8324, Loss: 4.8161
  Batch 5860/8324, Loss: 4.7431
  Batch 5870/8324, Loss: 4.2655
  Batch 5880/8324, Loss: 4.9222
  Batch 5890/8324, Loss: 4.9115
  Batch 5900/8324, Loss: 4.3358
  Batch 5910/8324, Loss: 4.3660
  Batch 5920/8324, Loss: 4.0036
  Batch 5930/8324, Loss: 4.9913
  Batch 5940/8324, Loss: 5.0672
  Batch 5950/8324, Loss: 4.3074
  Batch 5960/8324, Loss: 4.8411
  Batch 5970/8324, Loss: 4.9906
  Batch 5980/8324, Loss: 4.1359
  Batch 5990/8324, Loss: 4.4383
  Batch 6000/8324, Loss: 4.1719
  Batch 6010/8324, Loss: 4.8451
  Batch 6020/8324, Loss: 4.7670
  Batch 6030/8324, Loss: 4.6459
  Batch 6040/8324, Loss: 4.5184
  Batch 6050/8324, Loss: 4.3226
  Batch 6060/8324, Loss: 4.5429
  Batch 6070/8324, Loss: 4.4083
  Batch 6080/8324, Loss: 4.3849
  Batch 6090/8324, Loss: 4.5992
  Batch 6100/8324, Loss: 4.0059
  Batch 6110/8324, Loss: 4.6872
  Batch 6120/8324, Loss: 5.0635
  Batch 6130/8324, Loss: 4.5150
  Batch 6140/8324, Loss: 4.6432
  Batch 6150/8324, Loss: 5.0260
  Batch 6160/8324, Loss: 4.6861
  Batch 6170/8324, Loss: 4.7251
  Batch 6180/8324, Loss: 4.1627
  Batch 6190/8324, Loss: 5.0350
  Batch 6200/8324, Loss: 4.8810
  Batch 6210/8324, Loss: 3.8459
  Batch 6220/8324, Loss: 3.9262
  Batch 6230/8324, Loss: 4.1644
  Batch 6240/8324, Loss: 4.9418
  Batch 6250/8324, Loss: 5.5158
  Batch 6260/8324, Loss: 5.0386
  Batch 6270/8324, Loss: 4.5786
  Batch 6280/8324, Loss: 4.3488
  Batch 6290/8324, Loss: 4.5172
  Batch 6300/8324, Loss: 5.5445
  Batch 6310/8324, Loss: 4.3503
  Batch 6320/8324, Loss: 3.7754
  Batch 6330/8324, Loss: 4.2752
  Batch 6340/8324, Loss: 4.4726
  Batch 6350/8324, Loss: 4.5133
  Batch 6360/8324, Loss: 4.6687
  Batch 6370/8324, Loss: 4.4726
  Batch 6380/8324, Loss: 4.5213
  Batch 6390/8324, Loss: 4.4686
  Batch 6400/8324, Loss: 3.9276
  Batch 6410/8324, Loss: 4.9018
  Batch 6420/8324, Loss: 4.9789
  Batch 6430/8324, Loss: 4.7347
  Batch 6440/8324, Loss: 4.6675
  Batch 6450/8324, Loss: 4.8423
  Batch 6460/8324, Loss: 4.7770
  Batch 6470/8324, Loss: 4.0596
  Batch 6480/8324, Loss: 4.2974
  Batch 6490/8324, Loss: 4.8616
  Batch 6500/8324, Loss: 5.0431
  Batch 6510/8324, Loss: 4.2581
  Batch 6520/8324, Loss: 4.6935
  Batch 6530/8324, Loss: 4.7283
  Batch 6540/8324, Loss: 4.1776
  Batch 6550/8324, Loss: 4.0954
  Batch 6560/8324, Loss: 4.1794
  Batch 6570/8324, Loss: 4.5205
  Batch 6580/8324, Loss: 4.6873
  Batch 6590/8324, Loss: 4.8647
  Batch 6600/8324, Loss: 4.8628
  Batch 6610/8324, Loss: 4.1677
  Batch 6620/8324, Loss: 4.6779
  Batch 6630/8324, Loss: 4.5728
  Batch 6640/8324, Loss: 4.9272
  Batch 6650/8324, Loss: 3.2949
  Batch 6660/8324, Loss: 4.9703
  Batch 6670/8324, Loss: 4.2145
  Batch 6680/8324, Loss: 4.7650
  Batch 6690/8324, Loss: 5.2094
  Batch 6700/8324, Loss: 4.4314
  Batch 6710/8324, Loss: 4.6743
  Batch 6720/8324, Loss: 4.1823
  Batch 6730/8324, Loss: 4.7974
  Batch 6740/8324, Loss: 4.9937
  Batch 6750/8324, Loss: 4.5476
  Batch 6760/8324, Loss: 4.4672
  Batch 6770/8324, Loss: 5.0180
  Batch 6780/8324, Loss: 4.7815
  Batch 6790/8324, Loss: 4.7466
  Batch 6800/8324, Loss: 5.0976
  Batch 6810/8324, Loss: 4.4404
  Batch 6820/8324, Loss: 4.7546
  Batch 6830/8324, Loss: 4.4662
  Batch 6840/8324, Loss: 4.9095
  Batch 6850/8324, Loss: 4.7955
  Batch 6860/8324, Loss: 5.1443
  Batch 6870/8324, Loss: 3.9624
  Batch 6880/8324, Loss: 4.9179
  Batch 6890/8324, Loss: 4.3890
  Batch 6900/8324, Loss: 4.4251
  Batch 6910/8324, Loss: 4.9344
  Batch 6920/8324, Loss: 5.0230
  Batch 6930/8324, Loss: 4.9877
  Batch 6940/8324, Loss: 4.8509
  Batch 6950/8324, Loss: 4.5312
  Batch 6960/8324, Loss: 4.4296
  Batch 6970/8324, Loss: 4.7990
  Batch 6980/8324, Loss: 4.9061
  Batch 6990/8324, Loss: 5.0479
  Batch 7000/8324, Loss: 4.0650
  Batch 7010/8324, Loss: 4.2519
  Batch 7020/8324, Loss: 4.6461
  Batch 7030/8324, Loss: 4.3576
  Batch 7040/8324, Loss: 4.5001
  Batch 7050/8324, Loss: 4.7724
  Batch 7060/8324, Loss: 5.3738
  Batch 7070/8324, Loss: 4.8789
  Batch 7080/8324, Loss: 4.2622
  Batch 7090/8324, Loss: 4.5153
  Batch 7100/8324, Loss: 4.5419
  Batch 7110/8324, Loss: 4.6674
  Batch 7120/8324, Loss: 4.5845
  Batch 7130/8324, Loss: 4.3596
  Batch 7140/8324, Loss: 3.9384
  Batch 7150/8324, Loss: 4.1243
  Batch 7160/8324, Loss: 4.4887
  Batch 7170/8324, Loss: 4.7567
  Batch 7180/8324, Loss: 4.3686
  Batch 7190/8324, Loss: 4.2095
  Batch 7200/8324, Loss: 4.6037
  Batch 7210/8324, Loss: 4.5995
  Batch 7220/8324, Loss: 4.6524
  Batch 7230/8324, Loss: 4.9478
  Batch 7240/8324, Loss: 4.2473
  Batch 7250/8324, Loss: 4.8694
  Batch 7260/8324, Loss: 4.5862
  Batch 7270/8324, Loss: 4.6047
  Batch 7280/8324, Loss: 4.6040
  Batch 7290/8324, Loss: 4.5806
  Batch 7300/8324, Loss: 4.5643
  Batch 7310/8324, Loss: 4.3348
  Batch 7320/8324, Loss: 5.1482
  Batch 7330/8324, Loss: 5.3664
  Batch 7340/8324, Loss: 4.4190
  Batch 7350/8324, Loss: 5.0420
  Batch 7360/8324, Loss: 4.3802
  Batch 7370/8324, Loss: 4.8562
  Batch 7380/8324, Loss: 4.6850
  Batch 7390/8324, Loss: 4.7523
  Batch 7400/8324, Loss: 4.6408
  Batch 7410/8324, Loss: 3.8547
  Batch 7420/8324, Loss: 4.2034
  Batch 7430/8324, Loss: 4.5483
  Batch 7440/8324, Loss: 4.6571
  Batch 7450/8324, Loss: 4.3580
  Batch 7460/8324, Loss: 4.7048
  Batch 7470/8324, Loss: 4.5679
  Batch 7480/8324, Loss: 4.6763
  Batch 7490/8324, Loss: 4.9781
  Batch 7500/8324, Loss: 4.2645
  Batch 7510/8324, Loss: 4.4069
  Batch 7520/8324, Loss: 4.5987
  Batch 7530/8324, Loss: 4.8387
  Batch 7540/8324, Loss: 4.8172
  Batch 7550/8324, Loss: 4.8276
  Batch 7560/8324, Loss: 4.4317
  Batch 7570/8324, Loss: 4.6536
  Batch 7580/8324, Loss: 4.4918
  Batch 7590/8324, Loss: 5.3244
  Batch 7600/8324, Loss: 5.0061
  Batch 7610/8324, Loss: 5.2782
  Batch 7620/8324, Loss: 4.9899
  Batch 7630/8324, Loss: 4.3852
  Batch 7640/8324, Loss: 4.3475
  Batch 7650/8324, Loss: 4.6298
  Batch 7660/8324, Loss: 4.6375
  Batch 7670/8324, Loss: 4.3695
  Batch 7680/8324, Loss: 4.2297
  Batch 7690/8324, Loss: 4.5138
  Batch 7700/8324, Loss: 4.5517
  Batch 7710/8324, Loss: 4.6959
  Batch 7720/8324, Loss: 4.6440
  Batch 7730/8324, Loss: 4.4321
  Batch 7740/8324, Loss: 4.7690
  Batch 7750/8324, Loss: 4.8396
  Batch 7760/8324, Loss: 4.5348
  Batch 7770/8324, Loss: 4.2191
  Batch 7780/8324, Loss: 4.5259
  Batch 7790/8324, Loss: 3.5884
  Batch 7800/8324, Loss: 4.1353
  Batch 7810/8324, Loss: 4.5598
  Batch 7820/8324, Loss: 4.5374
  Batch 7830/8324, Loss: 4.4331
  Batch 7840/8324, Loss: 4.6323
  Batch 7850/8324, Loss: 4.0742
  Batch 7860/8324, Loss: 4.8317
  Batch 7870/8324, Loss: 4.4261
  Batch 7880/8324, Loss: 4.6629
  Batch 7890/8324, Loss: 4.4262
  Batch 7900/8324, Loss: 4.7149
  Batch 7910/8324, Loss: 4.9269
  Batch 7920/8324, Loss: 4.3555
  Batch 7930/8324, Loss: 4.7561
  Batch 7940/8324, Loss: 4.7586
  Batch 7950/8324, Loss: 3.8161
  Batch 7960/8324, Loss: 4.6579
  Batch 7970/8324, Loss: 4.9613
  Batch 7980/8324, Loss: 4.6048
  Batch 7990/8324, Loss: 4.9811
  Batch 8000/8324, Loss: 4.9340
  Batch 8010/8324, Loss: 4.2840
  Batch 8020/8324, Loss: 4.0944
  Batch 8030/8324, Loss: 5.0184
  Batch 8040/8324, Loss: 4.3508
  Batch 8050/8324, Loss: 4.8756
  Batch 8060/8324, Loss: 4.8660
  Batch 8070/8324, Loss: 4.9870
  Batch 8080/8324, Loss: 4.3404
  Batch 8090/8324, Loss: 4.5370
  Batch 8100/8324, Loss: 4.7523
  Batch 8110/8324, Loss: 4.6659
  Batch 8120/8324, Loss: 5.4008
  Batch 8130/8324, Loss: 4.7804
  Batch 8140/8324, Loss: 4.1284
  Batch 8150/8324, Loss: 4.7781
  Batch 8160/8324, Loss: 4.6650
  Batch 8170/8324, Loss: 4.5570
  Batch 8180/8324, Loss: 4.4950
  Batch 8190/8324, Loss: 4.4953
  Batch 8200/8324, Loss: 4.8204
  Batch 8210/8324, Loss: 4.4300
  Batch 8220/8324, Loss: 4.5334
  Batch 8230/8324, Loss: 4.7520
  Batch 8240/8324, Loss: 4.5765
  Batch 8250/8324, Loss: 4.7148
  Batch 8260/8324, Loss: 4.1489
  Batch 8270/8324, Loss: 4.8126
  Batch 8280/8324, Loss: 4.2831
  Batch 8290/8324, Loss: 4.4926
  Batch 8300/8324, Loss: 4.6676
  Batch 8310/8324, Loss: 4.7489
  Batch 8320/8324, Loss: 4.4145

  Train Loss: 4.5986
  Val Loss: 6.6817
  Time: 30m 17s

Epoch 8/20
----------------------------------------
  Batch 10/8324, Loss: 4.9887
  Batch 20/8324, Loss: 3.9301
  Batch 30/8324, Loss: 4.5921
  Batch 40/8324, Loss: 4.9533
  Batch 50/8324, Loss: 5.0110
  Batch 60/8324, Loss: 4.7712
  Batch 70/8324, Loss: 4.3936
  Batch 80/8324, Loss: 4.6496
  Batch 90/8324, Loss: 3.8174
  Batch 100/8324, Loss: 4.8523
  Batch 110/8324, Loss: 4.7319
  Batch 120/8324, Loss: 4.8662
  Batch 130/8324, Loss: 3.9736
  Batch 140/8324, Loss: 3.8233
  Batch 150/8324, Loss: 4.3897
  Batch 160/8324, Loss: 4.4879
  Batch 170/8324, Loss: 4.6755
  Batch 180/8324, Loss: 4.7178
  Batch 190/8324, Loss: 4.1077
  Batch 200/8324, Loss: 4.8767
  Batch 210/8324, Loss: 5.0167
  Batch 220/8324, Loss: 4.3931
  Batch 230/8324, Loss: 4.5748
  Batch 240/8324, Loss: 4.7990
  Batch 250/8324, Loss: 4.8312
  Batch 260/8324, Loss: 4.2225
  Batch 270/8324, Loss: 4.7839
  Batch 280/8324, Loss: 4.4889
  Batch 290/8324, Loss: 4.6372
  Batch 300/8324, Loss: 4.3987
  Batch 310/8324, Loss: 4.8173
  Batch 320/8324, Loss: 4.7122
  Batch 330/8324, Loss: 4.5637
  Batch 340/8324, Loss: 4.7683
  Batch 350/8324, Loss: 4.6238
  Batch 360/8324, Loss: 4.5131
  Batch 370/8324, Loss: 5.1102
  Batch 380/8324, Loss: 4.5416
  Batch 390/8324, Loss: 4.4223
  Batch 400/8324, Loss: 4.9335
  Batch 410/8324, Loss: 4.0102
  Batch 420/8324, Loss: 4.2126
  Batch 430/8324, Loss: 4.8388
  Batch 440/8324, Loss: 4.0365
  Batch 450/8324, Loss: 4.3159
  Batch 460/8324, Loss: 4.3782
  Batch 470/8324, Loss: 4.4256
  Batch 480/8324, Loss: 4.6310
  Batch 490/8324, Loss: 4.2874
  Batch 500/8324, Loss: 4.5811
  Batch 510/8324, Loss: 4.8670
  Batch 520/8324, Loss: 4.5051
  Batch 530/8324, Loss: 4.4891
  Batch 540/8324, Loss: 4.5474
  Batch 550/8324, Loss: 4.6014
  Batch 560/8324, Loss: 5.0632
  Batch 570/8324, Loss: 4.9749
  Batch 580/8324, Loss: 4.4764
  Batch 590/8324, Loss: 4.6224
  Batch 600/8324, Loss: 4.1563
  Batch 610/8324, Loss: 4.1596
  Batch 620/8324, Loss: 4.8819
  Batch 630/8324, Loss: 4.8997
  Batch 640/8324, Loss: 4.5966
  Batch 650/8324, Loss: 4.5256
  Batch 660/8324, Loss: 4.2274
  Batch 670/8324, Loss: 4.2473
  Batch 680/8324, Loss: 3.7863
  Batch 690/8324, Loss: 3.9545
  Batch 700/8324, Loss: 3.4135
  Batch 710/8324, Loss: 4.5758
  Batch 720/8324, Loss: 4.7444
  Batch 730/8324, Loss: 4.0256
  Batch 740/8324, Loss: 4.7305
  Batch 750/8324, Loss: 4.1346
  Batch 760/8324, Loss: 4.2869
  Batch 770/8324, Loss: 4.5392
  Batch 780/8324, Loss: 4.8513
  Batch 790/8324, Loss: 4.6168
  Batch 800/8324, Loss: 4.5945
  Batch 810/8324, Loss: 4.5861
  Batch 820/8324, Loss: 4.2538
  Batch 830/8324, Loss: 4.7590
  Batch 840/8324, Loss: 4.7738
  Batch 850/8324, Loss: 4.4920
  Batch 860/8324, Loss: 4.3797
  Batch 870/8324, Loss: 4.2781
  Batch 880/8324, Loss: 4.5557
  Batch 890/8324, Loss: 4.5094
  Batch 900/8324, Loss: 4.4509
  Batch 910/8324, Loss: 4.7035
  Batch 920/8324, Loss: 4.8643
  Batch 930/8324, Loss: 4.6599
  Batch 940/8324, Loss: 4.4768
  Batch 950/8324, Loss: 3.6140
  Batch 960/8324, Loss: 4.6873
  Batch 970/8324, Loss: 4.6305
  Batch 980/8324, Loss: 4.2712
  Batch 990/8324, Loss: 4.3410
  Batch 1000/8324, Loss: 3.9376
  Batch 1010/8324, Loss: 4.0861
  Batch 1020/8324, Loss: 4.3648
  Batch 1030/8324, Loss: 4.8032
  Batch 1040/8324, Loss: 3.5371
  Batch 1050/8324, Loss: 4.3833
  Batch 1060/8324, Loss: 5.1105
  Batch 1070/8324, Loss: 4.5158
  Batch 1080/8324, Loss: 4.4905
  Batch 1090/8324, Loss: 4.8955
  Batch 1100/8324, Loss: 4.6805
  Batch 1110/8324, Loss: 4.1931
  Batch 1120/8324, Loss: 4.8285
  Batch 1130/8324, Loss: 4.1133
  Batch 1140/8324, Loss: 4.4364
  Batch 1150/8324, Loss: 4.6718
  Batch 1160/8324, Loss: 4.9078
  Batch 1170/8324, Loss: 5.2087
  Batch 1180/8324, Loss: 4.6944
  Batch 1190/8324, Loss: 4.2654
  Batch 1200/8324, Loss: 4.4071
  Batch 1210/8324, Loss: 4.4738
  Batch 1220/8324, Loss: 4.5402
  Batch 1230/8324, Loss: 4.3078
  Batch 1240/8324, Loss: 4.7555
  Batch 1250/8324, Loss: 4.9234
  Batch 1260/8324, Loss: 4.4616
  Batch 1270/8324, Loss: 4.7115
  Batch 1280/8324, Loss: 5.0324
  Batch 1290/8324, Loss: 4.0655
  Batch 1300/8324, Loss: 4.7751
  Batch 1310/8324, Loss: 4.5395
  Batch 1320/8324, Loss: 4.5043
  Batch 1330/8324, Loss: 4.2881
  Batch 1340/8324, Loss: 4.8014
  Batch 1350/8324, Loss: 4.3614
  Batch 1360/8324, Loss: 4.0896
  Batch 1370/8324, Loss: 4.3052
  Batch 1380/8324, Loss: 4.8948
  Batch 1390/8324, Loss: 3.7469
  Batch 1400/8324, Loss: 4.2954
  Batch 1410/8324, Loss: 4.2539
  Batch 1420/8324, Loss: 4.5664
  Batch 1430/8324, Loss: 4.6275
  Batch 1440/8324, Loss: 4.4034
  Batch 1450/8324, Loss: 4.9723
  Batch 1460/8324, Loss: 4.2161
  Batch 1470/8324, Loss: 4.5004
  Batch 1480/8324, Loss: 4.2191
  Batch 1490/8324, Loss: 4.4227
  Batch 1500/8324, Loss: 4.5339
  Batch 1510/8324, Loss: 4.4202
  Batch 1520/8324, Loss: 4.8713
  Batch 1530/8324, Loss: 4.5613
  Batch 1540/8324, Loss: 4.1026
  Batch 1550/8324, Loss: 4.0580
  Batch 1560/8324, Loss: 4.3925
  Batch 1570/8324, Loss: 5.1494
  Batch 1580/8324, Loss: 4.8444
  Batch 1590/8324, Loss: 4.5335
  Batch 1600/8324, Loss: 4.7297
  Batch 1610/8324, Loss: 4.5359
  Batch 1620/8324, Loss: 4.0245
  Batch 1630/8324, Loss: 4.4575
  Batch 1640/8324, Loss: 4.5912
  Batch 1650/8324, Loss: 4.4365
  Batch 1660/8324, Loss: 3.9696
  Batch 1670/8324, Loss: 4.3591
  Batch 1680/8324, Loss: 4.8321
  Batch 1690/8324, Loss: 4.4266
  Batch 1700/8324, Loss: 4.3638
  Batch 1710/8324, Loss: 4.6264
  Batch 1720/8324, Loss: 4.3697
  Batch 1730/8324, Loss: 4.3606
  Batch 1740/8324, Loss: 4.8285
  Batch 1750/8324, Loss: 4.5381
  Batch 1760/8324, Loss: 4.1990
  Batch 1770/8324, Loss: 4.5138
  Batch 1780/8324, Loss: 4.5653
  Batch 1790/8324, Loss: 4.5947
  Batch 1800/8324, Loss: 4.2401
  Batch 1810/8324, Loss: 4.4411
  Batch 1820/8324, Loss: 4.5583
  Batch 1830/8324, Loss: 4.3517
  Batch 1840/8324, Loss: 4.4164
  Batch 1850/8324, Loss: 4.4735
  Batch 1860/8324, Loss: 5.0079
  Batch 1870/8324, Loss: 5.0999
  Batch 1880/8324, Loss: 4.6181
  Batch 1890/8324, Loss: 4.9745
  Batch 1900/8324, Loss: 4.8814
  Batch 1910/8324, Loss: 4.9195
  Batch 1920/8324, Loss: 4.0315
  Batch 1930/8324, Loss: 4.6244
  Batch 1940/8324, Loss: 4.7587
  Batch 1950/8324, Loss: 4.8051
  Batch 1960/8324, Loss: 4.5473
  Batch 1970/8324, Loss: 4.9474
  Batch 1980/8324, Loss: 5.1301
  Batch 1990/8324, Loss: 4.5170
  Batch 2000/8324, Loss: 4.7783
  Batch 2010/8324, Loss: 5.4029
  Batch 2020/8324, Loss: 5.2414
  Batch 2030/8324, Loss: 4.3800
  Batch 2040/8324, Loss: 4.5602
  Batch 2050/8324, Loss: 4.2488
  Batch 2060/8324, Loss: 4.2700
  Batch 2070/8324, Loss: 4.0411
  Batch 2080/8324, Loss: 4.5678
  Batch 2090/8324, Loss: 4.2953
  Batch 2100/8324, Loss: 4.9645
  Batch 2110/8324, Loss: 4.9928
  Batch 2120/8324, Loss: 4.1980
  Batch 2130/8324, Loss: 4.8761
  Batch 2140/8324, Loss: 3.9788
  Batch 2150/8324, Loss: 4.3918
  Batch 2160/8324, Loss: 4.1877
  Batch 2170/8324, Loss: 4.1149
  Batch 2180/8324, Loss: 4.7771
  Batch 2190/8324, Loss: 4.7745
  Batch 2200/8324, Loss: 4.5565
  Batch 2210/8324, Loss: 4.4095
  Batch 2220/8324, Loss: 4.1957
  Batch 2230/8324, Loss: 4.3463
  Batch 2240/8324, Loss: 4.8121
  Batch 2250/8324, Loss: 4.4466
  Batch 2260/8324, Loss: 4.5700
  Batch 2270/8324, Loss: 4.4802
  Batch 2280/8324, Loss: 4.3054
  Batch 2290/8324, Loss: 4.5900
  Batch 2300/8324, Loss: 4.4966
  Batch 2310/8324, Loss: 4.8177
  Batch 2320/8324, Loss: 4.6528
  Batch 2330/8324, Loss: 4.9440
  Batch 2340/8324, Loss: 4.3553
  Batch 2350/8324, Loss: 5.0806
  Batch 2360/8324, Loss: 4.1200
  Batch 2370/8324, Loss: 5.1535
  Batch 2380/8324, Loss: 4.7451
  Batch 2390/8324, Loss: 4.6090
  Batch 2400/8324, Loss: 4.7135
  Batch 2410/8324, Loss: 4.5570
  Batch 2420/8324, Loss: 4.9877
  Batch 2430/8324, Loss: 4.0481
  Batch 2440/8324, Loss: 4.9611
  Batch 2450/8324, Loss: 4.0302
  Batch 2460/8324, Loss: 4.5357
  Batch 2470/8324, Loss: 4.0251
  Batch 2480/8324, Loss: 4.6863
  Batch 2490/8324, Loss: 4.1609
  Batch 2500/8324, Loss: 4.7242
  Batch 2510/8324, Loss: 4.7305
  Batch 2520/8324, Loss: 4.2254
  Batch 2530/8324, Loss: 4.7649
  Batch 2540/8324, Loss: 4.2960
  Batch 2550/8324, Loss: 4.1811
  Batch 2560/8324, Loss: 4.9935
  Batch 2570/8324, Loss: 4.3949
  Batch 2580/8324, Loss: 4.9657
  Batch 2590/8324, Loss: 4.8120
  Batch 2600/8324, Loss: 5.0487
  Batch 2610/8324, Loss: 4.8655
  Batch 2620/8324, Loss: 4.3345
  Batch 2630/8324, Loss: 4.5872
  Batch 2640/8324, Loss: 4.4961
  Batch 2650/8324, Loss: 4.6587
  Batch 2660/8324, Loss: 3.7892
  Batch 2670/8324, Loss: 5.1129
  Batch 2680/8324, Loss: 4.5398
  Batch 2690/8324, Loss: 4.3134
  Batch 2700/8324, Loss: 4.6718
  Batch 2710/8324, Loss: 4.9851
  Batch 2720/8324, Loss: 4.4838
  Batch 2730/8324, Loss: 4.0835
  Batch 2740/8324, Loss: 4.0590
  Batch 2750/8324, Loss: 3.8125
  Batch 2760/8324, Loss: 4.7948
  Batch 2770/8324, Loss: 4.6701
  Batch 2780/8324, Loss: 4.0511
  Batch 2790/8324, Loss: 4.3704
  Batch 2800/8324, Loss: 4.1862
  Batch 2810/8324, Loss: 4.2907
  Batch 2820/8324, Loss: 4.0383
  Batch 2830/8324, Loss: 4.1342
  Batch 2840/8324, Loss: 5.0006
  Batch 2850/8324, Loss: 4.3501
  Batch 2860/8324, Loss: 4.2426
  Batch 2870/8324, Loss: 4.5776
  Batch 2880/8324, Loss: 4.8455
  Batch 2890/8324, Loss: 4.8339
  Batch 2900/8324, Loss: 4.6355
  Batch 2910/8324, Loss: 3.9568
  Batch 2920/8324, Loss: 4.4067
  Batch 2930/8324, Loss: 4.7064
  Batch 2940/8324, Loss: 5.1363
  Batch 2950/8324, Loss: 4.8842
  Batch 2960/8324, Loss: 4.7710
  Batch 2970/8324, Loss: 4.8269
  Batch 2980/8324, Loss: 4.6808
  Batch 2990/8324, Loss: 4.3571
  Batch 3000/8324, Loss: 4.6069
  Batch 3010/8324, Loss: 4.8201
  Batch 3020/8324, Loss: 4.2139
  Batch 3030/8324, Loss: 4.8331
  Batch 3040/8324, Loss: 4.2426
  Batch 3050/8324, Loss: 4.5967
  Batch 3060/8324, Loss: 5.3597
  Batch 3070/8324, Loss: 4.3844
  Batch 3080/8324, Loss: 5.1184
  Batch 3090/8324, Loss: 4.6787
  Batch 3100/8324, Loss: 4.5249
  Batch 3110/8324, Loss: 4.0906
  Batch 3120/8324, Loss: 5.0238
  Batch 3130/8324, Loss: 4.2239
  Batch 3140/8324, Loss: 4.8515
  Batch 3150/8324, Loss: 4.7109
  Batch 3160/8324, Loss: 4.7535
  Batch 3170/8324, Loss: 5.1415
  Batch 3180/8324, Loss: 4.0032
  Batch 3190/8324, Loss: 4.7378
  Batch 3200/8324, Loss: 4.5177
  Batch 3210/8324, Loss: 4.5479
  Batch 3220/8324, Loss: 5.1038
  Batch 3230/8324, Loss: 4.4315
  Batch 3240/8324, Loss: 4.1286
  Batch 3250/8324, Loss: 3.7983
  Batch 3260/8324, Loss: 4.7580
  Batch 3270/8324, Loss: 4.0084
  Batch 3280/8324, Loss: 5.1248
  Batch 3290/8324, Loss: 4.9291
  Batch 3300/8324, Loss: 3.9895
  Batch 3310/8324, Loss: 4.7033
  Batch 3320/8324, Loss: 4.6181
  Batch 3330/8324, Loss: 4.1479
  Batch 3340/8324, Loss: 4.3750
  Batch 3350/8324, Loss: 4.9970
  Batch 3360/8324, Loss: 4.4647
  Batch 3370/8324, Loss: 5.0731
  Batch 3380/8324, Loss: 4.8472
  Batch 3390/8324, Loss: 4.9332
  Batch 3400/8324, Loss: 4.2812
  Batch 3410/8324, Loss: 4.7761
  Batch 3420/8324, Loss: 4.4660
  Batch 3430/8324, Loss: 4.5861
  Batch 3440/8324, Loss: 4.0071
  Batch 3450/8324, Loss: 4.8628
  Batch 3460/8324, Loss: 4.1483
  Batch 3470/8324, Loss: 4.4858
  Batch 3480/8324, Loss: 4.9723
  Batch 3490/8324, Loss: 4.8771
  Batch 3500/8324, Loss: 4.0883
  Batch 3510/8324, Loss: 4.2721
  Batch 3520/8324, Loss: 4.4400
  Batch 3530/8324, Loss: 5.1823
  Batch 3540/8324, Loss: 4.7767
  Batch 3550/8324, Loss: 3.9635
  Batch 3560/8324, Loss: 4.6790
  Batch 3570/8324, Loss: 4.6899
  Batch 3580/8324, Loss: 4.7950
  Batch 3590/8324, Loss: 4.7535
  Batch 3600/8324, Loss: 4.2562
  Batch 3610/8324, Loss: 4.9806
  Batch 3620/8324, Loss: 4.6218
  Batch 3630/8324, Loss: 5.0441
  Batch 3640/8324, Loss: 4.3897
  Batch 3650/8324, Loss: 4.5660
  Batch 3660/8324, Loss: 4.6398
  Batch 3670/8324, Loss: 4.1208
  Batch 3680/8324, Loss: 5.1318
  Batch 3690/8324, Loss: 4.5923
  Batch 3700/8324, Loss: 4.9624
  Batch 3710/8324, Loss: 4.7078
  Batch 3720/8324, Loss: 4.8437
  Batch 3730/8324, Loss: 4.9402
  Batch 3740/8324, Loss: 4.9739
  Batch 3750/8324, Loss: 4.6619
  Batch 3760/8324, Loss: 4.6140
  Batch 3770/8324, Loss: 4.4804
  Batch 3780/8324, Loss: 4.1848
  Batch 3790/8324, Loss: 3.9574
  Batch 3800/8324, Loss: 4.7209
  Batch 3810/8324, Loss: 4.1642
  Batch 3820/8324, Loss: 4.5326
  Batch 3830/8324, Loss: 4.1658
  Batch 3840/8324, Loss: 4.6718
  Batch 3850/8324, Loss: 4.6877
  Batch 3860/8324, Loss: 4.8300
  Batch 3870/8324, Loss: 4.7338
  Batch 3880/8324, Loss: 4.7297
  Batch 3890/8324, Loss: 4.4191
  Batch 3900/8324, Loss: 5.0873
  Batch 3910/8324, Loss: 4.8530
  Batch 3920/8324, Loss: 4.6932
  Batch 3930/8324, Loss: 4.4176
  Batch 3940/8324, Loss: 4.7688
  Batch 3950/8324, Loss: 4.8817
  Batch 3960/8324, Loss: 3.6404
  Batch 3970/8324, Loss: 4.5165
  Batch 3980/8324, Loss: 4.8147
  Batch 3990/8324, Loss: 4.5577
  Batch 4000/8324, Loss: 4.2468
  Batch 4010/8324, Loss: 4.8477
  Batch 4020/8324, Loss: 4.7004
  Batch 4030/8324, Loss: 4.2077
  Batch 4040/8324, Loss: 4.3702
  Batch 4050/8324, Loss: 3.7300
  Batch 4060/8324, Loss: 4.6534
  Batch 4070/8324, Loss: 4.7258
  Batch 4080/8324, Loss: 5.1328
  Batch 4090/8324, Loss: 4.6379
  Batch 4100/8324, Loss: 4.7268
  Batch 4110/8324, Loss: 4.4114
  Batch 4120/8324, Loss: 4.8846
  Batch 4130/8324, Loss: 4.1527
  Batch 4140/8324, Loss: 4.5572
  Batch 4150/8324, Loss: 4.6895
  Batch 4160/8324, Loss: 4.4159
  Batch 4170/8324, Loss: 5.4489
  Batch 4180/8324, Loss: 4.7093
  Batch 4190/8324, Loss: 4.6352
  Batch 4200/8324, Loss: 3.6946
  Batch 4210/8324, Loss: 4.9853
  Batch 4220/8324, Loss: 4.2073
  Batch 4230/8324, Loss: 4.8811
  Batch 4240/8324, Loss: 4.5908
  Batch 4250/8324, Loss: 4.2762
  Batch 4260/8324, Loss: 4.5066
  Batch 4270/8324, Loss: 4.4692
  Batch 4280/8324, Loss: 4.1198
  Batch 4290/8324, Loss: 4.5825
  Batch 4300/8324, Loss: 4.7027
  Batch 4310/8324, Loss: 4.4992
  Batch 4320/8324, Loss: 4.5214
  Batch 4330/8324, Loss: 4.5263
  Batch 4340/8324, Loss: 4.9979
  Batch 4350/8324, Loss: 4.0922
  Batch 4360/8324, Loss: 3.7701
  Batch 4370/8324, Loss: 4.7243
  Batch 4380/8324, Loss: 4.9001
  Batch 4390/8324, Loss: 4.7256
  Batch 4400/8324, Loss: 4.6528
  Batch 4410/8324, Loss: 4.9651
  Batch 4420/8324, Loss: 4.6646
  Batch 4430/8324, Loss: 4.8933
  Batch 4440/8324, Loss: 4.9585
  Batch 4450/8324, Loss: 4.5735
  Batch 4460/8324, Loss: 4.2131
  Batch 4470/8324, Loss: 4.1859
  Batch 4480/8324, Loss: 4.3827
  Batch 4490/8324, Loss: 4.6150
  Batch 4500/8324, Loss: 4.3749
  Batch 4510/8324, Loss: 4.7986
  Batch 4520/8324, Loss: 4.2892
  Batch 4530/8324, Loss: 4.0453
  Batch 4540/8324, Loss: 4.7894
  Batch 4550/8324, Loss: 4.6976
  Batch 4560/8324, Loss: 4.4234
  Batch 4570/8324, Loss: 4.9323
  Batch 4580/8324, Loss: 5.0176
  Batch 4590/8324, Loss: 4.6431
  Batch 4600/8324, Loss: 3.6647
  Batch 4610/8324, Loss: 4.3960
  Batch 4620/8324, Loss: 4.2940
  Batch 4630/8324, Loss: 4.4864
  Batch 4640/8324, Loss: 5.1888
  Batch 4650/8324, Loss: 4.5298
  Batch 4660/8324, Loss: 4.6367
  Batch 4670/8324, Loss: 4.3758
  Batch 4680/8324, Loss: 4.5001
  Batch 4690/8324, Loss: 4.5692
  Batch 4700/8324, Loss: 4.3977
  Batch 4710/8324, Loss: 4.6978
  Batch 4720/8324, Loss: 4.2610
  Batch 4730/8324, Loss: 4.8692
  Batch 4740/8324, Loss: 4.5889
  Batch 4750/8324, Loss: 4.9282
  Batch 4760/8324, Loss: 4.5095
  Batch 4770/8324, Loss: 4.5168
  Batch 4780/8324, Loss: 4.5239
  Batch 4790/8324, Loss: 4.4562
  Batch 4800/8324, Loss: 4.4971
  Batch 4810/8324, Loss: 4.9894
  Batch 4820/8324, Loss: 3.5201
  Batch 4830/8324, Loss: 4.8278
  Batch 4840/8324, Loss: 4.7212
  Batch 4850/8324, Loss: 5.2795
  Batch 4860/8324, Loss: 4.8681
  Batch 4870/8324, Loss: 4.9456
  Batch 4880/8324, Loss: 4.5699
  Batch 4890/8324, Loss: 4.6700
  Batch 4900/8324, Loss: 4.6415
  Batch 4910/8324, Loss: 4.3803
  Batch 4920/8324, Loss: 4.3465
  Batch 4930/8324, Loss: 4.5049
  Batch 4940/8324, Loss: 4.6118
  Batch 4950/8324, Loss: 3.8795
  Batch 4960/8324, Loss: 4.5735
  Batch 4970/8324, Loss: 4.6613
  Batch 4980/8324, Loss: 4.7181
  Batch 4990/8324, Loss: 4.4675
  Batch 5000/8324, Loss: 4.6990
  Batch 5010/8324, Loss: 4.1082
  Batch 5020/8324, Loss: 4.4046
  Batch 5030/8324, Loss: 4.7078
  Batch 5040/8324, Loss: 4.8327
  Batch 5050/8324, Loss: 4.6740
  Batch 5060/8324, Loss: 4.2583
  Batch 5070/8324, Loss: 4.1433
  Batch 5080/8324, Loss: 4.9292
  Batch 5090/8324, Loss: 4.8205
  Batch 5100/8324, Loss: 4.6034
  Batch 5110/8324, Loss: 3.9922
  Batch 5120/8324, Loss: 4.1554
  Batch 5130/8324, Loss: 4.5005
  Batch 5140/8324, Loss: 4.5345
  Batch 5150/8324, Loss: 4.3597
  Batch 5160/8324, Loss: 5.0171
  Batch 5170/8324, Loss: 4.4361
  Batch 5180/8324, Loss: 4.6250
  Batch 5190/8324, Loss: 4.2990
  Batch 5200/8324, Loss: 5.1541
  Batch 5210/8324, Loss: 4.2989
  Batch 5220/8324, Loss: 4.0171
  Batch 5230/8324, Loss: 5.0000
  Batch 5240/8324, Loss: 3.7223
  Batch 5250/8324, Loss: 4.1583
  Batch 5260/8324, Loss: 4.5273
  Batch 5270/8324, Loss: 5.0460
  Batch 5280/8324, Loss: 4.6957
  Batch 5290/8324, Loss: 4.5651
  Batch 5300/8324, Loss: 4.6580
  Batch 5310/8324, Loss: 4.6092
  Batch 5320/8324, Loss: 4.7938
  Batch 5330/8324, Loss: 3.7701
  Batch 5340/8324, Loss: 3.9653
  Batch 5350/8324, Loss: 4.6110
  Batch 5360/8324, Loss: 4.8215
  Batch 5370/8324, Loss: 5.3508
  Batch 5380/8324, Loss: 4.7526
  Batch 5390/8324, Loss: 4.2714
  Batch 5400/8324, Loss: 4.4701
  Batch 5410/8324, Loss: 4.6728
  Batch 5420/8324, Loss: 4.3522
  Batch 5430/8324, Loss: 5.0589
  Batch 5440/8324, Loss: 4.9467
  Batch 5450/8324, Loss: 4.5682
  Batch 5460/8324, Loss: 4.5243
  Batch 5470/8324, Loss: 4.6855
  Batch 5480/8324, Loss: 4.5349
  Batch 5490/8324, Loss: 4.9725
  Batch 5500/8324, Loss: 4.3615
  Batch 5510/8324, Loss: 4.4615
  Batch 5520/8324, Loss: 4.3996
  Batch 5530/8324, Loss: 4.1221
  Batch 5540/8324, Loss: 4.9454
  Batch 5550/8324, Loss: 4.4875
  Batch 5560/8324, Loss: 4.0298
  Batch 5570/8324, Loss: 4.6806
  Batch 5580/8324, Loss: 4.1397
  Batch 5590/8324, Loss: 4.1113
  Batch 5600/8324, Loss: 4.3046
  Batch 5610/8324, Loss: 4.1097
  Batch 5620/8324, Loss: 4.5812
  Batch 5630/8324, Loss: 4.4062
  Batch 5640/8324, Loss: 4.7471
  Batch 5650/8324, Loss: 4.7027
  Batch 5660/8324, Loss: 4.3790
  Batch 5670/8324, Loss: 4.3565
  Batch 5680/8324, Loss: 4.5893
  Batch 5690/8324, Loss: 4.9381
  Batch 5700/8324, Loss: 3.9453
  Batch 5710/8324, Loss: 4.8963
  Batch 5720/8324, Loss: 5.1051
  Batch 5730/8324, Loss: 4.9665
  Batch 5740/8324, Loss: 4.7365
  Batch 5750/8324, Loss: 4.1494
  Batch 5760/8324, Loss: 4.1820
  Batch 5770/8324, Loss: 4.9873
  Batch 5780/8324, Loss: 4.9682
  Batch 5790/8324, Loss: 5.4773
  Batch 5800/8324, Loss: 4.3987
  Batch 5810/8324, Loss: 4.9281
  Batch 5820/8324, Loss: 4.5287
  Batch 5830/8324, Loss: 4.6668
  Batch 5840/8324, Loss: 4.2399
  Batch 5850/8324, Loss: 4.4359
  Batch 5860/8324, Loss: 4.4567
  Batch 5870/8324, Loss: 4.0879
  Batch 5880/8324, Loss: 4.7935
  Batch 5890/8324, Loss: 4.3025
  Batch 5900/8324, Loss: 4.4040
  Batch 5910/8324, Loss: 4.6510
  Batch 5920/8324, Loss: 4.1614
  Batch 5930/8324, Loss: 4.2165
  Batch 5940/8324, Loss: 4.5168
  Batch 5950/8324, Loss: 4.9112
  Batch 5960/8324, Loss: 4.9400
  Batch 5970/8324, Loss: 4.3878
  Batch 5980/8324, Loss: 4.9655
  Batch 5990/8324, Loss: 4.8774
  Batch 6000/8324, Loss: 4.7799
  Batch 6010/8324, Loss: 4.4257
  Batch 6020/8324, Loss: 4.6417
  Batch 6030/8324, Loss: 3.9018
  Batch 6040/8324, Loss: 4.2634
  Batch 6050/8324, Loss: 4.5910
  Batch 6060/8324, Loss: 4.3842
  Batch 6070/8324, Loss: 4.6409
  Batch 6080/8324, Loss: 4.6609
  Batch 6090/8324, Loss: 4.6826
  Batch 6100/8324, Loss: 5.0394
  Batch 6110/8324, Loss: 4.0348
  Batch 6120/8324, Loss: 4.5278
  Batch 6130/8324, Loss: 4.4918
  Batch 6140/8324, Loss: 4.5493
  Batch 6150/8324, Loss: 4.4484
  Batch 6160/8324, Loss: 4.3580
  Batch 6170/8324, Loss: 4.3733
  Batch 6180/8324, Loss: 4.7659
  Batch 6190/8324, Loss: 4.3900
  Batch 6200/8324, Loss: 4.7763
  Batch 6210/8324, Loss: 4.6734
  Batch 6220/8324, Loss: 4.2389
  Batch 6230/8324, Loss: 4.0982
  Batch 6240/8324, Loss: 4.4027
  Batch 6250/8324, Loss: 4.5777
  Batch 6260/8324, Loss: 5.0293
  Batch 6270/8324, Loss: 4.7083
  Batch 6280/8324, Loss: 4.1367
  Batch 6290/8324, Loss: 4.7517
  Batch 6300/8324, Loss: 4.4612
  Batch 6310/8324, Loss: 4.7930
  Batch 6320/8324, Loss: 4.6865
  Batch 6330/8324, Loss: 4.4798
  Batch 6340/8324, Loss: 4.7265
  Batch 6350/8324, Loss: 4.7388
  Batch 6360/8324, Loss: 4.6615
  Batch 6370/8324, Loss: 4.5296
  Batch 6380/8324, Loss: 4.7434
  Batch 6390/8324, Loss: 4.8738
  Batch 6400/8324, Loss: 4.5480
  Batch 6410/8324, Loss: 4.2145
  Batch 6420/8324, Loss: 4.5597
  Batch 6430/8324, Loss: 4.5126
  Batch 6440/8324, Loss: 4.2565
  Batch 6450/8324, Loss: 4.6004
  Batch 6460/8324, Loss: 5.0227
  Batch 6470/8324, Loss: 4.8437
  Batch 6480/8324, Loss: 4.0168
  Batch 6490/8324, Loss: 4.5170
  Batch 6500/8324, Loss: 4.6718
  Batch 6510/8324, Loss: 4.6393
  Batch 6520/8324, Loss: 4.7331
  Batch 6530/8324, Loss: 4.8015
  Batch 6540/8324, Loss: 4.5966
  Batch 6550/8324, Loss: 4.9280
  Batch 6560/8324, Loss: 5.2226
  Batch 6570/8324, Loss: 4.7555
  Batch 6580/8324, Loss: 4.3628
  Batch 6590/8324, Loss: 4.6033
  Batch 6600/8324, Loss: 5.3204
  Batch 6610/8324, Loss: 4.7475
  Batch 6620/8324, Loss: 4.7592
  Batch 6630/8324, Loss: 4.0539
  Batch 6640/8324, Loss: 4.5374
  Batch 6650/8324, Loss: 4.2444
  Batch 6660/8324, Loss: 4.5378
  Batch 6670/8324, Loss: 4.5811
  Batch 6680/8324, Loss: 4.2470
  Batch 6690/8324, Loss: 4.5993
  Batch 6700/8324, Loss: 4.2318
  Batch 6710/8324, Loss: 4.3107
  Batch 6720/8324, Loss: 3.8660
  Batch 6730/8324, Loss: 4.9019
  Batch 6740/8324, Loss: 4.6847
  Batch 6750/8324, Loss: 4.8937
  Batch 6760/8324, Loss: 4.6329
  Batch 6770/8324, Loss: 5.0284
  Batch 6780/8324, Loss: 3.8534
  Batch 6790/8324, Loss: 4.4558
  Batch 6800/8324, Loss: 5.0921
  Batch 6810/8324, Loss: 4.5955
  Batch 6820/8324, Loss: 4.8644
  Batch 6830/8324, Loss: 4.5591
  Batch 6840/8324, Loss: 4.8059
  Batch 6850/8324, Loss: 4.6207
  Batch 6860/8324, Loss: 5.1351
  Batch 6870/8324, Loss: 4.5703
  Batch 6880/8324, Loss: 4.4145
  Batch 6890/8324, Loss: 4.6492
  Batch 6900/8324, Loss: 4.1784
  Batch 6910/8324, Loss: 4.2635
  Batch 6920/8324, Loss: 4.8176
  Batch 6930/8324, Loss: 4.7121
  Batch 6940/8324, Loss: 4.6343
  Batch 6950/8324, Loss: 4.5736
  Batch 6960/8324, Loss: 4.6029
  Batch 6970/8324, Loss: 4.5057
  Batch 6980/8324, Loss: 4.9757
  Batch 6990/8324, Loss: 5.1545
  Batch 7000/8324, Loss: 4.8392
  Batch 7010/8324, Loss: 4.5089
  Batch 7020/8324, Loss: 5.1211
  Batch 7030/8324, Loss: 4.1317
  Batch 7040/8324, Loss: 4.7299
  Batch 7050/8324, Loss: 4.8670
  Batch 7060/8324, Loss: 4.5407
  Batch 7070/8324, Loss: 4.8837
  Batch 7080/8324, Loss: 4.2072
  Batch 7090/8324, Loss: 5.0127
  Batch 7100/8324, Loss: 5.2271
  Batch 7110/8324, Loss: 4.9744
  Batch 7120/8324, Loss: 5.1055
  Batch 7130/8324, Loss: 4.5477
  Batch 7140/8324, Loss: 4.8834
  Batch 7150/8324, Loss: 4.5151
  Batch 7160/8324, Loss: 4.6661
  Batch 7170/8324, Loss: 4.6201
  Batch 7180/8324, Loss: 4.5849
  Batch 7190/8324, Loss: 4.5956
  Batch 7200/8324, Loss: 4.5961
  Batch 7210/8324, Loss: 4.6080
  Batch 7220/8324, Loss: 4.4474
  Batch 7230/8324, Loss: 4.7069
  Batch 7240/8324, Loss: 4.0295
  Batch 7250/8324, Loss: 4.3126
  Batch 7260/8324, Loss: 4.7752
  Batch 7270/8324, Loss: 4.2234
  Batch 7280/8324, Loss: 5.1347
  Batch 7290/8324, Loss: 4.3997
  Batch 7300/8324, Loss: 4.4359
  Batch 7310/8324, Loss: 5.1527
  Batch 7320/8324, Loss: 4.3527
  Batch 7330/8324, Loss: 5.1287
  Batch 7340/8324, Loss: 4.3795
  Batch 7350/8324, Loss: 4.4528
  Batch 7360/8324, Loss: 4.4499
  Batch 7370/8324, Loss: 4.3034
  Batch 7380/8324, Loss: 4.4113
  Batch 7390/8324, Loss: 4.2085
  Batch 7400/8324, Loss: 4.6165
  Batch 7410/8324, Loss: 4.0104
  Batch 7420/8324, Loss: 4.7701
  Batch 7430/8324, Loss: 4.3800
  Batch 7440/8324, Loss: 4.2987
  Batch 7450/8324, Loss: 4.2040
  Batch 7460/8324, Loss: 4.3796
  Batch 7470/8324, Loss: 4.2710
  Batch 7480/8324, Loss: 4.7820
  Batch 7490/8324, Loss: 3.7983
  Batch 7500/8324, Loss: 4.4962
  Batch 7510/8324, Loss: 5.0804
  Batch 7520/8324, Loss: 4.2558
  Batch 7530/8324, Loss: 5.0514
  Batch 7540/8324, Loss: 4.4705
  Batch 7550/8324, Loss: 4.8341
  Batch 7560/8324, Loss: 4.5408
  Batch 7570/8324, Loss: 4.7057
  Batch 7580/8324, Loss: 4.8624
  Batch 7590/8324, Loss: 4.4344
  Batch 7600/8324, Loss: 4.4381
  Batch 7610/8324, Loss: 4.5895
  Batch 7620/8324, Loss: 4.8212
  Batch 7630/8324, Loss: 4.9378
  Batch 7640/8324, Loss: 4.4204
  Batch 7650/8324, Loss: 4.3957
  Batch 7660/8324, Loss: 4.3066
  Batch 7670/8324, Loss: 4.6349
  Batch 7680/8324, Loss: 4.4617
  Batch 7690/8324, Loss: 4.5574
  Batch 7700/8324, Loss: 4.4051
  Batch 7710/8324, Loss: 4.4108
  Batch 7720/8324, Loss: 4.3817
  Batch 7730/8324, Loss: 4.5113
  Batch 7740/8324, Loss: 4.2086
  Batch 7750/8324, Loss: 4.7985
  Batch 7760/8324, Loss: 4.4854
  Batch 7770/8324, Loss: 4.7810
  Batch 7780/8324, Loss: 4.9755
  Batch 7790/8324, Loss: 4.2644
  Batch 7800/8324, Loss: 4.4364
  Batch 7810/8324, Loss: 4.6958
  Batch 7820/8324, Loss: 3.8910
  Batch 7830/8324, Loss: 4.9440
  Batch 7840/8324, Loss: 4.5911
  Batch 7850/8324, Loss: 5.2668
  Batch 7860/8324, Loss: 4.4601
  Batch 7870/8324, Loss: 4.5858
  Batch 7880/8324, Loss: 4.9365
  Batch 7890/8324, Loss: 4.8719
  Batch 7900/8324, Loss: 4.4681
  Batch 7910/8324, Loss: 4.6420
  Batch 7920/8324, Loss: 3.9790
  Batch 7930/8324, Loss: 4.6729
  Batch 7940/8324, Loss: 4.9383
  Batch 7950/8324, Loss: 5.0950
  Batch 7960/8324, Loss: 4.6230
  Batch 7970/8324, Loss: 4.1158
  Batch 7980/8324, Loss: 4.9148
  Batch 7990/8324, Loss: 4.9481
  Batch 8000/8324, Loss: 5.0934
  Batch 8010/8324, Loss: 4.2162
  Batch 8020/8324, Loss: 4.7061
  Batch 8030/8324, Loss: 4.0230
  Batch 8040/8324, Loss: 5.0489
  Batch 8050/8324, Loss: 4.5705
  Batch 8060/8324, Loss: 4.5301
  Batch 8070/8324, Loss: 4.4583
  Batch 8080/8324, Loss: 4.2155
  Batch 8090/8324, Loss: 4.6307
  Batch 8100/8324, Loss: 5.1508
  Batch 8110/8324, Loss: 4.5631
  Batch 8120/8324, Loss: 4.9349
  Batch 8130/8324, Loss: 4.6697
  Batch 8140/8324, Loss: 4.9284
  Batch 8150/8324, Loss: 4.1610
  Batch 8160/8324, Loss: 4.4785
  Batch 8170/8324, Loss: 4.6379
  Batch 8180/8324, Loss: 5.0770
  Batch 8190/8324, Loss: 5.0370
  Batch 8200/8324, Loss: 5.0268
  Batch 8210/8324, Loss: 4.4213
  Batch 8220/8324, Loss: 5.1623
  Batch 8230/8324, Loss: 4.4001
  Batch 8240/8324, Loss: 4.3146
  Batch 8250/8324, Loss: 4.2295
  Batch 8260/8324, Loss: 5.1702
  Batch 8270/8324, Loss: 3.6981
  Batch 8280/8324, Loss: 4.6416
  Batch 8290/8324, Loss: 4.7465
  Batch 8300/8324, Loss: 5.2382
  Batch 8310/8324, Loss: 4.6962
  Batch 8320/8324, Loss: 4.2052

  Train Loss: 4.5401
  Val Loss: 6.7583
  Time: 29m 17s

Epoch 9/20
----------------------------------------
  Batch 10/8324, Loss: 4.0123
  Batch 20/8324, Loss: 4.7142
  Batch 30/8324, Loss: 4.1794
  Batch 40/8324, Loss: 4.3288
  Batch 50/8324, Loss: 4.4034
  Batch 60/8324, Loss: 4.1561
  Batch 70/8324, Loss: 4.5498
  Batch 80/8324, Loss: 4.4541
  Batch 90/8324, Loss: 4.9344
  Batch 100/8324, Loss: 4.2139
  Batch 110/8324, Loss: 5.0394
  Batch 120/8324, Loss: 4.2552
  Batch 130/8324, Loss: 4.2879
  Batch 140/8324, Loss: 4.3531
  Batch 150/8324, Loss: 4.1982
  Batch 160/8324, Loss: 4.7773
  Batch 170/8324, Loss: 4.3723
  Batch 180/8324, Loss: 4.6537
  Batch 190/8324, Loss: 4.2518
  Batch 200/8324, Loss: 4.1788
  Batch 210/8324, Loss: 3.9921
  Batch 220/8324, Loss: 4.3494
  Batch 230/8324, Loss: 4.7617
  Batch 240/8324, Loss: 4.5030
  Batch 250/8324, Loss: 4.5641
  Batch 260/8324, Loss: 4.0886
  Batch 270/8324, Loss: 4.0238
  Batch 280/8324, Loss: 4.2900
  Batch 290/8324, Loss: 4.4299
  Batch 300/8324, Loss: 4.1747
  Batch 310/8324, Loss: 4.6136
  Batch 320/8324, Loss: 4.1130
  Batch 330/8324, Loss: 4.5229
  Batch 340/8324, Loss: 4.9057
  Batch 350/8324, Loss: 3.2873
  Batch 360/8324, Loss: 4.6977
  Batch 370/8324, Loss: 4.5309
  Batch 380/8324, Loss: 4.3915
  Batch 390/8324, Loss: 3.6781
  Batch 400/8324, Loss: 4.3934
  Batch 410/8324, Loss: 4.7666
  Batch 420/8324, Loss: 4.3172
  Batch 430/8324, Loss: 3.7183
  Batch 440/8324, Loss: 4.3614
  Batch 450/8324, Loss: 3.9253
  Batch 460/8324, Loss: 4.1469
  Batch 470/8324, Loss: 4.9133
  Batch 480/8324, Loss: 4.7558
  Batch 490/8324, Loss: 4.3463
  Batch 500/8324, Loss: 4.5490
  Batch 510/8324, Loss: 4.6776
  Batch 520/8324, Loss: 4.5102
  Batch 530/8324, Loss: 4.6042
  Batch 540/8324, Loss: 4.5384
  Batch 550/8324, Loss: 4.3426
  Batch 560/8324, Loss: 4.7339
  Batch 570/8324, Loss: 4.7631
  Batch 580/8324, Loss: 3.9430
  Batch 590/8324, Loss: 4.8499
  Batch 600/8324, Loss: 4.8007
  Batch 610/8324, Loss: 4.6176
  Batch 620/8324, Loss: 4.6033
  Batch 630/8324, Loss: 4.2762
  Batch 640/8324, Loss: 4.0184
  Batch 650/8324, Loss: 4.5112
  Batch 660/8324, Loss: 4.5189
  Batch 670/8324, Loss: 4.6174
  Batch 680/8324, Loss: 4.4278
  Batch 690/8324, Loss: 4.6432
  Batch 700/8324, Loss: 4.5572
  Batch 710/8324, Loss: 4.6560
  Batch 720/8324, Loss: 4.6776
  Batch 730/8324, Loss: 4.7698
  Batch 740/8324, Loss: 4.0747
  Batch 750/8324, Loss: 4.6367
  Batch 760/8324, Loss: 4.4517
  Batch 770/8324, Loss: 3.9160
  Batch 780/8324, Loss: 4.8032
  Batch 790/8324, Loss: 4.1818
  Batch 800/8324, Loss: 4.3167
  Batch 810/8324, Loss: 4.2065
  Batch 820/8324, Loss: 4.6549
  Batch 830/8324, Loss: 5.0239
  Batch 840/8324, Loss: 4.0296
  Batch 850/8324, Loss: 4.8789
  Batch 860/8324, Loss: 4.0936
  Batch 870/8324, Loss: 4.0493
  Batch 880/8324, Loss: 3.9131
  Batch 890/8324, Loss: 4.3993
  Batch 900/8324, Loss: 4.3357
  Batch 910/8324, Loss: 4.2198
  Batch 920/8324, Loss: 3.6486
  Batch 930/8324, Loss: 4.2448
  Batch 940/8324, Loss: 4.3312
  Batch 950/8324, Loss: 5.3326
  Batch 960/8324, Loss: 4.7064
  Batch 970/8324, Loss: 3.9965
  Batch 980/8324, Loss: 4.9679
  Batch 990/8324, Loss: 4.6407
  Batch 1000/8324, Loss: 4.7113
  Batch 1010/8324, Loss: 4.5123
  Batch 1020/8324, Loss: 4.2285
  Batch 1030/8324, Loss: 4.0642
  Batch 1040/8324, Loss: 4.6234
  Batch 1050/8324, Loss: 4.1135
  Batch 1060/8324, Loss: 4.3240
  Batch 1070/8324, Loss: 4.3620
  Batch 1080/8324, Loss: 4.4591
  Batch 1090/8324, Loss: 4.2807
  Batch 1100/8324, Loss: 4.1278
  Batch 1110/8324, Loss: 3.9669
  Batch 1120/8324, Loss: 4.7074
  Batch 1130/8324, Loss: 4.7752
  Batch 1140/8324, Loss: 4.9328
  Batch 1150/8324, Loss: 4.3542
  Batch 1160/8324, Loss: 4.4440
  Batch 1170/8324, Loss: 4.4167
  Batch 1180/8324, Loss: 4.4022
  Batch 1190/8324, Loss: 4.2746
  Batch 1200/8324, Loss: 4.5446
  Batch 1210/8324, Loss: 4.3081
  Batch 1220/8324, Loss: 5.1272
  Batch 1230/8324, Loss: 4.3855
  Batch 1240/8324, Loss: 4.9450
  Batch 1250/8324, Loss: 4.8755
  Batch 1260/8324, Loss: 4.3318
  Batch 1270/8324, Loss: 4.6061
  Batch 1280/8324, Loss: 4.2003
  Batch 1290/8324, Loss: 5.0556
  Batch 1300/8324, Loss: 4.7510
  Batch 1310/8324, Loss: 4.4315
  Batch 1320/8324, Loss: 4.0625
  Batch 1330/8324, Loss: 4.2901
  Batch 1340/8324, Loss: 4.4260
  Batch 1350/8324, Loss: 4.3500
  Batch 1360/8324, Loss: 4.8641
  Batch 1370/8324, Loss: 3.9675
  Batch 1380/8324, Loss: 4.2644
  Batch 1390/8324, Loss: 4.3898
  Batch 1400/8324, Loss: 4.5531
  Batch 1410/8324, Loss: 4.4135
  Batch 1420/8324, Loss: 4.2019
  Batch 1430/8324, Loss: 4.8698
  Batch 1440/8324, Loss: 4.5661
  Batch 1450/8324, Loss: 4.1526
  Batch 1460/8324, Loss: 4.2159
  Batch 1470/8324, Loss: 4.3719
  Batch 1480/8324, Loss: 4.7375
  Batch 1490/8324, Loss: 4.7484
  Batch 1500/8324, Loss: 3.9045
  Batch 1510/8324, Loss: 4.1006
  Batch 1520/8324, Loss: 3.9096
  Batch 1530/8324, Loss: 4.2352
  Batch 1540/8324, Loss: 4.1595
  Batch 1550/8324, Loss: 4.4311
  Batch 1560/8324, Loss: 4.4405
  Batch 1570/8324, Loss: 4.6776
  Batch 1580/8324, Loss: 4.2584
  Batch 1590/8324, Loss: 4.6509
  Batch 1600/8324, Loss: 4.3615
  Batch 1610/8324, Loss: 4.6782
  Batch 1620/8324, Loss: 3.9590
  Batch 1630/8324, Loss: 4.6718
  Batch 1640/8324, Loss: 4.3455
  Batch 1650/8324, Loss: 4.3675
  Batch 1660/8324, Loss: 4.5317
  Batch 1670/8324, Loss: 4.8604
  Batch 1680/8324, Loss: 4.5511
  Batch 1690/8324, Loss: 4.2200
  Batch 1700/8324, Loss: 3.5824
  Batch 1710/8324, Loss: 3.9858
  Batch 1720/8324, Loss: 3.9447
  Batch 1730/8324, Loss: 4.6401
  Batch 1740/8324, Loss: 4.3913
  Batch 1750/8324, Loss: 4.5662
  Batch 1760/8324, Loss: 4.7976
  Batch 1770/8324, Loss: 4.2855
  Batch 1780/8324, Loss: 4.2029
  Batch 1790/8324, Loss: 4.5535
  Batch 1800/8324, Loss: 5.1005
  Batch 1810/8324, Loss: 3.9387
  Batch 1820/8324, Loss: 4.8194
  Batch 1830/8324, Loss: 4.3593
  Batch 1840/8324, Loss: 5.2968
  Batch 1850/8324, Loss: 4.7885
  Batch 1860/8324, Loss: 4.6181
  Batch 1870/8324, Loss: 4.9364
  Batch 1880/8324, Loss: 4.7617
  Batch 1890/8324, Loss: 4.5602
  Batch 1900/8324, Loss: 3.8731
  Batch 1910/8324, Loss: 4.2652
  Batch 1920/8324, Loss: 4.6933
  Batch 1930/8324, Loss: 4.6821
  Batch 1940/8324, Loss: 4.4725
  Batch 1950/8324, Loss: 4.7186
  Batch 1960/8324, Loss: 4.5176
  Batch 1970/8324, Loss: 4.6434
  Batch 1980/8324, Loss: 5.0602
  Batch 1990/8324, Loss: 4.3418
  Batch 2000/8324, Loss: 4.2669
  Batch 2010/8324, Loss: 4.4211
  Batch 2020/8324, Loss: 5.1863
  Batch 2030/8324, Loss: 4.1754
  Batch 2040/8324, Loss: 4.5346
  Batch 2050/8324, Loss: 4.1869
  Batch 2060/8324, Loss: 4.2696
  Batch 2070/8324, Loss: 4.8200
  Batch 2080/8324, Loss: 3.9622
  Batch 2090/8324, Loss: 4.4916
  Batch 2100/8324, Loss: 4.4978
  Batch 2110/8324, Loss: 4.3098
  Batch 2120/8324, Loss: 4.6700
  Batch 2130/8324, Loss: 4.3420
  Batch 2140/8324, Loss: 5.0567
  Batch 2150/8324, Loss: 4.7044
  Batch 2160/8324, Loss: 4.0819
  Batch 2170/8324, Loss: 4.3260
  Batch 2180/8324, Loss: 4.2699
  Batch 2190/8324, Loss: 4.2682
  Batch 2200/8324, Loss: 4.5911
  Batch 2210/8324, Loss: 4.5440
  Batch 2220/8324, Loss: 4.6528
  Batch 2230/8324, Loss: 4.1444
  Batch 2240/8324, Loss: 4.6475
  Batch 2250/8324, Loss: 4.4657
  Batch 2260/8324, Loss: 4.8365
  Batch 2270/8324, Loss: 4.3714
  Batch 2280/8324, Loss: 4.8463
  Batch 2290/8324, Loss: 4.1768
  Batch 2300/8324, Loss: 4.6111
  Batch 2310/8324, Loss: 4.0844
  Batch 2320/8324, Loss: 4.1478
  Batch 2330/8324, Loss: 4.3358
  Batch 2340/8324, Loss: 4.7271
  Batch 2350/8324, Loss: 4.9238
  Batch 2360/8324, Loss: 4.6773
  Batch 2370/8324, Loss: 4.3069
  Batch 2380/8324, Loss: 4.6617
  Batch 2390/8324, Loss: 5.0798
  Batch 2400/8324, Loss: 4.2152
  Batch 2410/8324, Loss: 4.5081
  Batch 2420/8324, Loss: 4.6526
  Batch 2430/8324, Loss: 4.6263
  Batch 2440/8324, Loss: 3.7466
  Batch 2450/8324, Loss: 4.0673
  Batch 2460/8324, Loss: 4.5489
  Batch 2470/8324, Loss: 4.5302
  Batch 2480/8324, Loss: 4.3091
  Batch 2490/8324, Loss: 4.3893
  Batch 2500/8324, Loss: 4.3339
  Batch 2510/8324, Loss: 4.6325
  Batch 2520/8324, Loss: 4.1397
  Batch 2530/8324, Loss: 3.6785
  Batch 2540/8324, Loss: 4.1061
  Batch 2550/8324, Loss: 4.5603
  Batch 2560/8324, Loss: 4.6148
  Batch 2570/8324, Loss: 4.4789
  Batch 2580/8324, Loss: 4.8548
  Batch 2590/8324, Loss: 4.4013
  Batch 2600/8324, Loss: 3.7994
  Batch 2610/8324, Loss: 4.1202
  Batch 2620/8324, Loss: 4.4985
  Batch 2630/8324, Loss: 4.2159
  Batch 2640/8324, Loss: 4.3455
  Batch 2650/8324, Loss: 4.2813
  Batch 2660/8324, Loss: 4.6199
  Batch 2670/8324, Loss: 4.3020
  Batch 2680/8324, Loss: 4.3817
  Batch 2690/8324, Loss: 4.9023
  Batch 2700/8324, Loss: 4.0606
  Batch 2710/8324, Loss: 4.5532
  Batch 2720/8324, Loss: 4.9699
  Batch 2730/8324, Loss: 4.4563
  Batch 2740/8324, Loss: 4.4312
  Batch 2750/8324, Loss: 4.6702
  Batch 2760/8324, Loss: 5.0811
  Batch 2770/8324, Loss: 4.7743
  Batch 2780/8324, Loss: 4.3879
  Batch 2790/8324, Loss: 4.8506
  Batch 2800/8324, Loss: 4.1823
  Batch 2810/8324, Loss: 4.4992
  Batch 2820/8324, Loss: 4.7526
  Batch 2830/8324, Loss: 4.4744
  Batch 2840/8324, Loss: 4.7637
  Batch 2850/8324, Loss: 4.2457
  Batch 2860/8324, Loss: 4.6648
  Batch 2870/8324, Loss: 4.4905
  Batch 2880/8324, Loss: 4.5642
  Batch 2890/8324, Loss: 3.9603
  Batch 2900/8324, Loss: 4.4532
  Batch 2910/8324, Loss: 4.5169
  Batch 2920/8324, Loss: 4.6177
  Batch 2930/8324, Loss: 4.6119
  Batch 2940/8324, Loss: 4.4628
  Batch 2950/8324, Loss: 4.9091
  Batch 2960/8324, Loss: 4.7268
  Batch 2970/8324, Loss: 4.3264
  Batch 2980/8324, Loss: 4.6460
  Batch 2990/8324, Loss: 4.0981
  Batch 3000/8324, Loss: 4.5744
  Batch 3010/8324, Loss: 4.2532
  Batch 3020/8324, Loss: 4.7788
  Batch 3030/8324, Loss: 4.3425
  Batch 3040/8324, Loss: 4.8570
  Batch 3050/8324, Loss: 4.4749
  Batch 3060/8324, Loss: 4.0486
  Batch 3070/8324, Loss: 4.4285
  Batch 3080/8324, Loss: 4.7712
  Batch 3090/8324, Loss: 4.8300
  Batch 3100/8324, Loss: 4.3785
  Batch 3110/8324, Loss: 4.8896
  Batch 3120/8324, Loss: 3.2823
  Batch 3130/8324, Loss: 4.8201
  Batch 3140/8324, Loss: 5.0923
  Batch 3150/8324, Loss: 4.5709
  Batch 3160/8324, Loss: 4.7076
  Batch 3170/8324, Loss: 4.6774
  Batch 3180/8324, Loss: 4.4558
  Batch 3190/8324, Loss: 4.7528
  Batch 3200/8324, Loss: 4.3230
  Batch 3210/8324, Loss: 4.2720
  Batch 3220/8324, Loss: 4.2745
  Batch 3230/8324, Loss: 4.8844
  Batch 3240/8324, Loss: 4.6916
  Batch 3250/8324, Loss: 5.1172
  Batch 3260/8324, Loss: 4.4196
  Batch 3270/8324, Loss: 4.5805
  Batch 3280/8324, Loss: 4.7749
  Batch 3290/8324, Loss: 4.4174
  Batch 3300/8324, Loss: 4.2776
  Batch 3310/8324, Loss: 4.2543
  Batch 3320/8324, Loss: 4.8209
  Batch 3330/8324, Loss: 4.2919
  Batch 3340/8324, Loss: 4.3070
  Batch 3350/8324, Loss: 4.3314
  Batch 3360/8324, Loss: 4.3402
  Batch 3370/8324, Loss: 4.2971
  Batch 3380/8324, Loss: 4.1736
  Batch 3390/8324, Loss: 4.3691
  Batch 3400/8324, Loss: 5.1426
  Batch 3410/8324, Loss: 3.9367
  Batch 3420/8324, Loss: 4.5256
  Batch 3430/8324, Loss: 4.4054
  Batch 3440/8324, Loss: 4.7805
  Batch 3450/8324, Loss: 4.9692
  Batch 3460/8324, Loss: 4.5233
  Batch 3470/8324, Loss: 4.4986
  Batch 3480/8324, Loss: 5.0681
  Batch 3490/8324, Loss: 4.6181
  Batch 3500/8324, Loss: 4.3663
  Batch 3510/8324, Loss: 4.3252
  Batch 3520/8324, Loss: 4.5605
  Batch 3530/8324, Loss: 4.2761
  Batch 3540/8324, Loss: 4.7335
  Batch 3550/8324, Loss: 3.8817
  Batch 3560/8324, Loss: 5.2432
  Batch 3570/8324, Loss: 4.7953
  Batch 3580/8324, Loss: 3.9639
  Batch 3590/8324, Loss: 4.1480
  Batch 3600/8324, Loss: 4.2866
  Batch 3610/8324, Loss: 3.8698
  Batch 3620/8324, Loss: 4.9567
  Batch 3630/8324, Loss: 4.9201
  Batch 3640/8324, Loss: 3.9922
  Batch 3650/8324, Loss: 4.2614
  Batch 3660/8324, Loss: 5.1079
  Batch 3670/8324, Loss: 4.5321
  Batch 3680/8324, Loss: 4.5548
  Batch 3690/8324, Loss: 4.8679
  Batch 3700/8324, Loss: 4.2501
  Batch 3710/8324, Loss: 4.0747
  Batch 3720/8324, Loss: 4.8729
  Batch 3730/8324, Loss: 4.8661
  Batch 3740/8324, Loss: 4.0785
  Batch 3750/8324, Loss: 5.0154
  Batch 3760/8324, Loss: 4.6056
  Batch 3770/8324, Loss: 4.6474
  Batch 3780/8324, Loss: 4.5506
  Batch 3790/8324, Loss: 4.3056
  Batch 3800/8324, Loss: 4.6045
  Batch 3810/8324, Loss: 4.5909
  Batch 3820/8324, Loss: 4.7038
  Batch 3830/8324, Loss: 4.5408
  Batch 3840/8324, Loss: 4.8926
  Batch 3850/8324, Loss: 4.3536
  Batch 3860/8324, Loss: 4.2482
  Batch 3870/8324, Loss: 4.5388
  Batch 3880/8324, Loss: 4.6726
  Batch 3890/8324, Loss: 4.7748
  Batch 3900/8324, Loss: 4.7112
  Batch 3910/8324, Loss: 4.0273
  Batch 3920/8324, Loss: 4.1043
  Batch 3930/8324, Loss: 4.8505
  Batch 3940/8324, Loss: 3.9434
  Batch 3950/8324, Loss: 4.7485
  Batch 3960/8324, Loss: 4.0497
  Batch 3970/8324, Loss: 4.9576
  Batch 3980/8324, Loss: 4.4085
  Batch 3990/8324, Loss: 4.0464
  Batch 4000/8324, Loss: 4.6331
  Batch 4010/8324, Loss: 4.7682
  Batch 4020/8324, Loss: 4.7267
  Batch 4030/8324, Loss: 4.2756
  Batch 4040/8324, Loss: 4.3698
  Batch 4050/8324, Loss: 4.5024
  Batch 4060/8324, Loss: 4.2613
  Batch 4070/8324, Loss: 4.6894
  Batch 4080/8324, Loss: 4.6102
  Batch 4090/8324, Loss: 4.5979
  Batch 4100/8324, Loss: 4.6033
  Batch 4110/8324, Loss: 4.4327
  Batch 4120/8324, Loss: 4.6809
  Batch 4130/8324, Loss: 4.5812
  Batch 4140/8324, Loss: 4.6256
  Batch 4150/8324, Loss: 4.5422
  Batch 4160/8324, Loss: 4.7898
  Batch 4170/8324, Loss: 4.6739
  Batch 4180/8324, Loss: 4.4929
  Batch 4190/8324, Loss: 4.5605
  Batch 4200/8324, Loss: 4.6041
  Batch 4210/8324, Loss: 4.6490
  Batch 4220/8324, Loss: 4.9432
  Batch 4230/8324, Loss: 4.6568
  Batch 4240/8324, Loss: 4.5838
  Batch 4250/8324, Loss: 4.3797
  Batch 4260/8324, Loss: 4.2120
  Batch 4270/8324, Loss: 4.7440
  Batch 4280/8324, Loss: 4.2950
  Batch 4290/8324, Loss: 4.4556
  Batch 4300/8324, Loss: 4.9701
  Batch 4310/8324, Loss: 3.9062
  Batch 4320/8324, Loss: 4.3300
  Batch 4330/8324, Loss: 3.6211
  Batch 4340/8324, Loss: 4.2628
  Batch 4350/8324, Loss: 4.9789
  Batch 4360/8324, Loss: 4.7853
  Batch 4370/8324, Loss: 4.4043
  Batch 4380/8324, Loss: 4.3469
  Batch 4390/8324, Loss: 4.5450
  Batch 4400/8324, Loss: 4.5848
  Batch 4410/8324, Loss: 3.9492
  Batch 4420/8324, Loss: 3.9882
  Batch 4430/8324, Loss: 4.5183
  Batch 4440/8324, Loss: 4.5011
  Batch 4450/8324, Loss: 5.0022
  Batch 4460/8324, Loss: 4.6042
  Batch 4470/8324, Loss: 4.9557
  Batch 4480/8324, Loss: 4.5505
  Batch 4490/8324, Loss: 4.9550
  Batch 4500/8324, Loss: 4.5625
  Batch 4510/8324, Loss: 4.5188
  Batch 4520/8324, Loss: 4.6168
  Batch 4530/8324, Loss: 4.4660
  Batch 4540/8324, Loss: 4.4133
  Batch 4550/8324, Loss: 3.9552
  Batch 4560/8324, Loss: 4.2435
  Batch 4570/8324, Loss: 4.3770
  Batch 4580/8324, Loss: 4.0167
  Batch 4590/8324, Loss: 5.0393
  Batch 4600/8324, Loss: 4.8323
  Batch 4610/8324, Loss: 4.4459
  Batch 4620/8324, Loss: 4.3645
  Batch 4630/8324, Loss: 4.6812
  Batch 4640/8324, Loss: 4.6908
  Batch 4650/8324, Loss: 4.6365
  Batch 4660/8324, Loss: 4.7566
  Batch 4670/8324, Loss: 4.4248
  Batch 4680/8324, Loss: 4.5897
  Batch 4690/8324, Loss: 4.8242
  Batch 4700/8324, Loss: 4.4623
  Batch 4710/8324, Loss: 4.6621
  Batch 4720/8324, Loss: 4.2570
  Batch 4730/8324, Loss: 4.5895
  Batch 4740/8324, Loss: 4.4967
  Batch 4750/8324, Loss: 4.5307
  Batch 4760/8324, Loss: 4.5086
  Batch 4770/8324, Loss: 4.3726
  Batch 4780/8324, Loss: 3.5897
  Batch 4790/8324, Loss: 4.1473
  Batch 4800/8324, Loss: 5.1001
  Batch 4810/8324, Loss: 4.8872
  Batch 4820/8324, Loss: 4.2733
  Batch 4830/8324, Loss: 4.3363
  Batch 4840/8324, Loss: 4.7066
  Batch 4850/8324, Loss: 4.6471
  Batch 4860/8324, Loss: 4.0454
  Batch 4870/8324, Loss: 3.9236
  Batch 4880/8324, Loss: 4.6206
  Batch 4890/8324, Loss: 4.7958
  Batch 4900/8324, Loss: 4.5642
  Batch 4910/8324, Loss: 4.9595
  Batch 4920/8324, Loss: 5.1379
  Batch 4930/8324, Loss: 4.9892
  Batch 4940/8324, Loss: 4.2829
  Batch 4950/8324, Loss: 4.5143
  Batch 4960/8324, Loss: 4.8966
  Batch 4970/8324, Loss: 4.1795
  Batch 4980/8324, Loss: 4.2331
  Batch 4990/8324, Loss: 4.3560
  Batch 5000/8324, Loss: 5.0884
  Batch 5010/8324, Loss: 4.2321
  Batch 5020/8324, Loss: 4.8543
  Batch 5030/8324, Loss: 4.3665
  Batch 5040/8324, Loss: 4.8224
  Batch 5050/8324, Loss: 4.1663
  Batch 5060/8324, Loss: 4.8117
  Batch 5070/8324, Loss: 4.7348
  Batch 5080/8324, Loss: 4.7254
  Batch 5090/8324, Loss: 4.5298
  Batch 5100/8324, Loss: 4.7753
  Batch 5110/8324, Loss: 4.7325
  Batch 5120/8324, Loss: 4.0535
  Batch 5130/8324, Loss: 4.6502
  Batch 5140/8324, Loss: 4.4728
  Batch 5150/8324, Loss: 4.5819
  Batch 5160/8324, Loss: 5.0325
  Batch 5170/8324, Loss: 4.5551
  Batch 5180/8324, Loss: 4.6096
  Batch 5190/8324, Loss: 4.7977
  Batch 5200/8324, Loss: 4.3989
  Batch 5210/8324, Loss: 4.8176
  Batch 5220/8324, Loss: 4.2708
  Batch 5230/8324, Loss: 4.9902
  Batch 5240/8324, Loss: 4.4665
  Batch 5250/8324, Loss: 4.6118
  Batch 5260/8324, Loss: 4.7645
  Batch 5270/8324, Loss: 4.3233
  Batch 5280/8324, Loss: 4.7469
  Batch 5290/8324, Loss: 4.8355
  Batch 5300/8324, Loss: 4.5403
  Batch 5310/8324, Loss: 4.2960
  Batch 5320/8324, Loss: 4.4364
  Batch 5330/8324, Loss: 4.6401
  Batch 5340/8324, Loss: 4.1944
  Batch 5350/8324, Loss: 5.0269
  Batch 5360/8324, Loss: 5.0155
  Batch 5370/8324, Loss: 4.3038
  Batch 5380/8324, Loss: 4.5412
  Batch 5390/8324, Loss: 4.4705
  Batch 5400/8324, Loss: 3.9840
  Batch 5410/8324, Loss: 4.5349
  Batch 5420/8324, Loss: 4.7887
  Batch 5430/8324, Loss: 4.3716
  Batch 5440/8324, Loss: 4.5162
  Batch 5450/8324, Loss: 4.7429
  Batch 5460/8324, Loss: 4.1128
  Batch 5470/8324, Loss: 4.4072
  Batch 5480/8324, Loss: 4.9099
  Batch 5490/8324, Loss: 4.5721
  Batch 5500/8324, Loss: 4.5137
  Batch 5510/8324, Loss: 4.4968
  Batch 5520/8324, Loss: 4.2330
  Batch 5530/8324, Loss: 4.6077
  Batch 5540/8324, Loss: 4.9241
  Batch 5550/8324, Loss: 4.1619
  Batch 5560/8324, Loss: 4.7756
  Batch 5570/8324, Loss: 4.3738
  Batch 5580/8324, Loss: 4.5584
  Batch 5590/8324, Loss: 4.0196
  Batch 5600/8324, Loss: 4.8968
  Batch 5610/8324, Loss: 4.2274
  Batch 5620/8324, Loss: 4.5581
  Batch 5630/8324, Loss: 4.5141
  Batch 5640/8324, Loss: 4.2993
  Batch 5650/8324, Loss: 3.6454
  Batch 5660/8324, Loss: 4.3902
  Batch 5670/8324, Loss: 5.0274
  Batch 5680/8324, Loss: 4.1728
  Batch 5690/8324, Loss: 4.3878
  Batch 5700/8324, Loss: 4.4882
  Batch 5710/8324, Loss: 4.5880
  Batch 5720/8324, Loss: 5.1196
  Batch 5730/8324, Loss: 3.7531
  Batch 5740/8324, Loss: 4.8815
  Batch 5750/8324, Loss: 4.8133
  Batch 5760/8324, Loss: 4.3657
  Batch 5770/8324, Loss: 4.7187
  Batch 5780/8324, Loss: 4.3883
  Batch 5790/8324, Loss: 5.2404
  Batch 5800/8324, Loss: 4.5406
  Batch 5810/8324, Loss: 4.3543
  Batch 5820/8324, Loss: 4.4830
  Batch 5830/8324, Loss: 4.4708
  Batch 5840/8324, Loss: 3.9285
  Batch 5850/8324, Loss: 4.3934
  Batch 5860/8324, Loss: 4.1650
  Batch 5870/8324, Loss: 4.3747
  Batch 5880/8324, Loss: 4.3962
  Batch 5890/8324, Loss: 4.4569
  Batch 5900/8324, Loss: 4.8472
  Batch 5910/8324, Loss: 4.0271
  Batch 5920/8324, Loss: 4.5737
  Batch 5930/8324, Loss: 4.2334
  Batch 5940/8324, Loss: 4.7238
  Batch 5950/8324, Loss: 4.4848
  Batch 5960/8324, Loss: 5.1330
  Batch 5970/8324, Loss: 5.0929
  Batch 5980/8324, Loss: 4.3382
  Batch 5990/8324, Loss: 4.8040
  Batch 6000/8324, Loss: 4.9698
  Batch 6010/8324, Loss: 4.3639
  Batch 6020/8324, Loss: 4.2338
  Batch 6030/8324, Loss: 3.9984
  Batch 6040/8324, Loss: 4.6238
  Batch 6050/8324, Loss: 4.8555
  Batch 6060/8324, Loss: 4.0739
  Batch 6070/8324, Loss: 4.7644
  Batch 6080/8324, Loss: 5.2573
  Batch 6090/8324, Loss: 4.2003
  Batch 6100/8324, Loss: 3.6874
  Batch 6110/8324, Loss: 4.2237
  Batch 6120/8324, Loss: 3.8970
  Batch 6130/8324, Loss: 4.6477
  Batch 6140/8324, Loss: 3.9258
  Batch 6150/8324, Loss: 4.3835
  Batch 6160/8324, Loss: 4.3333
  Batch 6170/8324, Loss: 4.1614
  Batch 6180/8324, Loss: 3.8570
  Batch 6190/8324, Loss: 4.2698
  Batch 6200/8324, Loss: 4.1954
  Batch 6210/8324, Loss: 4.0664
  Batch 6220/8324, Loss: 4.8976
  Batch 6230/8324, Loss: 4.7533
  Batch 6240/8324, Loss: 4.3598
  Batch 6250/8324, Loss: 4.3356
  Batch 6260/8324, Loss: 4.7902
  Batch 6270/8324, Loss: 3.9783
  Batch 6280/8324, Loss: 4.7626
  Batch 6290/8324, Loss: 3.8727
  Batch 6300/8324, Loss: 4.7546
  Batch 6310/8324, Loss: 4.2207
  Batch 6320/8324, Loss: 4.7250
  Batch 6330/8324, Loss: 4.4729
  Batch 6340/8324, Loss: 4.8469
  Batch 6350/8324, Loss: 4.5306
  Batch 6360/8324, Loss: 4.5664
  Batch 6370/8324, Loss: 4.8612
  Batch 6380/8324, Loss: 4.2589
  Batch 6390/8324, Loss: 4.6060
  Batch 6400/8324, Loss: 3.8720
  Batch 6410/8324, Loss: 3.8373
  Batch 6420/8324, Loss: 4.4047
  Batch 6430/8324, Loss: 4.9250
  Batch 6440/8324, Loss: 3.9003
  Batch 6450/8324, Loss: 4.3490
  Batch 6460/8324, Loss: 4.6643
  Batch 6470/8324, Loss: 4.1977
  Batch 6480/8324, Loss: 4.9567
  Batch 6490/8324, Loss: 4.6479
  Batch 6500/8324, Loss: 4.7133
  Batch 6510/8324, Loss: 4.2886
  Batch 6520/8324, Loss: 4.9621
  Batch 6530/8324, Loss: 4.5254
  Batch 6540/8324, Loss: 4.4786
  Batch 6550/8324, Loss: 4.1946
  Batch 6560/8324, Loss: 4.0137
  Batch 6570/8324, Loss: 3.8253
  Batch 6580/8324, Loss: 4.4323
  Batch 6590/8324, Loss: 4.4412
  Batch 6600/8324, Loss: 4.7253
  Batch 6610/8324, Loss: 4.3727
  Batch 6620/8324, Loss: 4.8717
  Batch 6630/8324, Loss: 4.8154
  Batch 6640/8324, Loss: 5.1805
  Batch 6650/8324, Loss: 4.4726
  Batch 6660/8324, Loss: 3.8600
  Batch 6670/8324, Loss: 4.8499
  Batch 6680/8324, Loss: 4.0799
  Batch 6690/8324, Loss: 4.3925
  Batch 6700/8324, Loss: 4.9033
  Batch 6710/8324, Loss: 4.5056
  Batch 6720/8324, Loss: 4.4085
  Batch 6730/8324, Loss: 3.5409
  Batch 6740/8324, Loss: 4.1421
  Batch 6750/8324, Loss: 4.7376
  Batch 6760/8324, Loss: 4.1310
  Batch 6770/8324, Loss: 4.7506
  Batch 6780/8324, Loss: 4.1919
  Batch 6790/8324, Loss: 3.8724
  Batch 6800/8324, Loss: 4.1014
  Batch 6810/8324, Loss: 4.7564
  Batch 6820/8324, Loss: 4.7964
  Batch 6830/8324, Loss: 5.1877
  Batch 6840/8324, Loss: 5.2877
  Batch 6850/8324, Loss: 3.9500
  Batch 6860/8324, Loss: 4.1898
  Batch 6870/8324, Loss: 4.2867
  Batch 6880/8324, Loss: 4.7674
  Batch 6890/8324, Loss: 4.3898
  Batch 6900/8324, Loss: 4.2682
  Batch 6910/8324, Loss: 4.5542
  Batch 6920/8324, Loss: 4.4859
  Batch 6930/8324, Loss: 4.3464
  Batch 6940/8324, Loss: 5.1075
  Batch 6950/8324, Loss: 4.3492
  Batch 6960/8324, Loss: 4.1909
  Batch 6970/8324, Loss: 4.4037
  Batch 6980/8324, Loss: 4.9072
  Batch 6990/8324, Loss: 5.1757
  Batch 7000/8324, Loss: 4.0503
  Batch 7010/8324, Loss: 4.9177
  Batch 7020/8324, Loss: 4.0150
  Batch 7030/8324, Loss: 4.4755
  Batch 7040/8324, Loss: 4.7853
  Batch 7050/8324, Loss: 4.4753
  Batch 7060/8324, Loss: 4.5465
  Batch 7070/8324, Loss: 4.4093
  Batch 7080/8324, Loss: 4.7968
  Batch 7090/8324, Loss: 4.4251
  Batch 7100/8324, Loss: 4.3176
  Batch 7110/8324, Loss: 4.6545
  Batch 7120/8324, Loss: 4.6630
  Batch 7130/8324, Loss: 4.5081
  Batch 7140/8324, Loss: 5.3627
  Batch 7150/8324, Loss: 4.3096
  Batch 7160/8324, Loss: 3.9046
  Batch 7170/8324, Loss: 4.8244
  Batch 7180/8324, Loss: 4.6834
  Batch 7190/8324, Loss: 4.2811
  Batch 7200/8324, Loss: 4.5608
  Batch 7210/8324, Loss: 4.6620
  Batch 7220/8324, Loss: 4.3378
  Batch 7230/8324, Loss: 4.5705
  Batch 7240/8324, Loss: 4.4005
  Batch 7250/8324, Loss: 4.5650
  Batch 7260/8324, Loss: 5.4288
  Batch 7270/8324, Loss: 4.3900
  Batch 7280/8324, Loss: 4.7131
  Batch 7290/8324, Loss: 4.5176
  Batch 7300/8324, Loss: 4.6499
  Batch 7310/8324, Loss: 4.7763
  Batch 7320/8324, Loss: 4.5046
  Batch 7330/8324, Loss: 4.7442
  Batch 7340/8324, Loss: 4.6633
  Batch 7350/8324, Loss: 4.5559
  Batch 7360/8324, Loss: 4.5572
  Batch 7370/8324, Loss: 4.3768
  Batch 7380/8324, Loss: 4.3928
  Batch 7390/8324, Loss: 4.8473
  Batch 7400/8324, Loss: 4.4961
  Batch 7410/8324, Loss: 4.8237
  Batch 7420/8324, Loss: 4.1702
  Batch 7430/8324, Loss: 3.9453
  Batch 7440/8324, Loss: 4.2727
  Batch 7450/8324, Loss: 4.7800
  Batch 7460/8324, Loss: 4.3567
  Batch 7470/8324, Loss: 4.3853
  Batch 7480/8324, Loss: 4.4873
  Batch 7490/8324, Loss: 4.3799
  Batch 7500/8324, Loss: 4.3967
  Batch 7510/8324, Loss: 4.5770
  Batch 7520/8324, Loss: 4.5008
  Batch 7530/8324, Loss: 4.7843
  Batch 7540/8324, Loss: 5.0003
  Batch 7550/8324, Loss: 5.2689
  Batch 7560/8324, Loss: 4.7426
  Batch 7570/8324, Loss: 5.2973
  Batch 7580/8324, Loss: 4.2584
  Batch 7590/8324, Loss: 4.7772
  Batch 7600/8324, Loss: 4.2516
  Batch 7610/8324, Loss: 4.0060
  Batch 7620/8324, Loss: 4.3601
  Batch 7630/8324, Loss: 4.9292
  Batch 7640/8324, Loss: 4.7850
  Batch 7650/8324, Loss: 4.7757
  Batch 7660/8324, Loss: 4.8814
  Batch 7670/8324, Loss: 4.1438
  Batch 7680/8324, Loss: 4.2229
  Batch 7690/8324, Loss: 4.3659
  Batch 7700/8324, Loss: 4.4369
  Batch 7710/8324, Loss: 5.2379
  Batch 7720/8324, Loss: 4.7613
  Batch 7730/8324, Loss: 4.7762
  Batch 7740/8324, Loss: 4.5582
  Batch 7750/8324, Loss: 4.5253
  Batch 7760/8324, Loss: 4.3426
  Batch 7770/8324, Loss: 4.8553
  Batch 7780/8324, Loss: 4.6711
  Batch 7790/8324, Loss: 4.9756
  Batch 7800/8324, Loss: 4.5972
  Batch 7810/8324, Loss: 3.7095
  Batch 7820/8324, Loss: 4.8468
  Batch 7830/8324, Loss: 5.0806
  Batch 7840/8324, Loss: 5.1519
  Batch 7850/8324, Loss: 4.2676
  Batch 7860/8324, Loss: 4.9115
  Batch 7870/8324, Loss: 4.4016
  Batch 7880/8324, Loss: 4.6425
  Batch 7890/8324, Loss: 4.4610
  Batch 7900/8324, Loss: 4.4463
  Batch 7910/8324, Loss: 4.5546
  Batch 7920/8324, Loss: 3.9983
  Batch 7930/8324, Loss: 3.9222
  Batch 7940/8324, Loss: 4.3584
  Batch 7950/8324, Loss: 4.7853
  Batch 7960/8324, Loss: 4.6554
  Batch 7970/8324, Loss: 4.4955
  Batch 7980/8324, Loss: 4.3925
  Batch 7990/8324, Loss: 4.0904
  Batch 8000/8324, Loss: 4.4341
  Batch 8010/8324, Loss: 4.9548
  Batch 8020/8324, Loss: 4.1683
  Batch 8030/8324, Loss: 4.4721
  Batch 8040/8324, Loss: 4.7785
  Batch 8050/8324, Loss: 4.8264
  Batch 8060/8324, Loss: 4.9942
  Batch 8070/8324, Loss: 4.7820
  Batch 8080/8324, Loss: 4.9268
  Batch 8090/8324, Loss: 4.7521
  Batch 8100/8324, Loss: 4.1674
  Batch 8110/8324, Loss: 4.7044
  Batch 8120/8324, Loss: 4.4547
  Batch 8130/8324, Loss: 4.9504
  Batch 8140/8324, Loss: 4.4402
  Batch 8150/8324, Loss: 4.2007
  Batch 8160/8324, Loss: 4.9551
  Batch 8170/8324, Loss: 4.1620
  Batch 8180/8324, Loss: 4.4710
  Batch 8190/8324, Loss: 4.5879
  Batch 8200/8324, Loss: 4.5467
  Batch 8210/8324, Loss: 4.1949
  Batch 8220/8324, Loss: 3.8022
  Batch 8230/8324, Loss: 5.0680
  Batch 8240/8324, Loss: 4.5920
  Batch 8250/8324, Loss: 4.5715
  Batch 8260/8324, Loss: 4.9403
  Batch 8270/8324, Loss: 4.7625
  Batch 8280/8324, Loss: 4.6012
  Batch 8290/8324, Loss: 3.9826
  Batch 8300/8324, Loss: 4.5425
  Batch 8310/8324, Loss: 4.8281
  Batch 8320/8324, Loss: 4.4348

  Train Loss: 4.4966
  Val Loss: 6.7229
  Time: 29m 35s

Epoch 10/20
----------------------------------------
  Batch 10/8324, Loss: 4.4086
  Batch 20/8324, Loss: 4.0632
  Batch 30/8324, Loss: 3.8282
  Batch 40/8324, Loss: 4.3580
  Batch 50/8324, Loss: 4.5696
  Batch 60/8324, Loss: 4.5985
  Batch 70/8324, Loss: 4.3252
  Batch 80/8324, Loss: 4.2910
  Batch 90/8324, Loss: 3.9204
  Batch 100/8324, Loss: 4.4014
  Batch 110/8324, Loss: 4.6923
  Batch 120/8324, Loss: 4.4288
  Batch 130/8324, Loss: 4.5811
  Batch 140/8324, Loss: 4.1603
  Batch 150/8324, Loss: 4.6424
  Batch 160/8324, Loss: 4.1909
  Batch 170/8324, Loss: 4.6555
  Batch 180/8324, Loss: 4.5726
  Batch 190/8324, Loss: 4.7671
  Batch 200/8324, Loss: 4.0695
  Batch 210/8324, Loss: 4.1214
  Batch 220/8324, Loss: 4.3284
  Batch 230/8324, Loss: 3.8671
  Batch 240/8324, Loss: 4.0232
  Batch 250/8324, Loss: 4.0276
  Batch 260/8324, Loss: 4.8564
  Batch 270/8324, Loss: 4.9653
  Batch 280/8324, Loss: 4.1173
  Batch 290/8324, Loss: 4.0526
  Batch 300/8324, Loss: 4.5302
  Batch 310/8324, Loss: 4.2477
  Batch 320/8324, Loss: 4.5523
  Batch 330/8324, Loss: 4.1840
  Batch 340/8324, Loss: 4.5024
  Batch 350/8324, Loss: 4.2984
  Batch 360/8324, Loss: 4.0889
  Batch 370/8324, Loss: 3.8358
  Batch 380/8324, Loss: 4.6462
  Batch 390/8324, Loss: 4.2683
  Batch 400/8324, Loss: 4.3739
  Batch 410/8324, Loss: 4.1099
  Batch 420/8324, Loss: 4.8758
  Batch 430/8324, Loss: 4.3022
  Batch 440/8324, Loss: 3.6493
  Batch 450/8324, Loss: 4.8782
  Batch 460/8324, Loss: 4.0296
  Batch 470/8324, Loss: 4.4185
  Batch 480/8324, Loss: 4.7036
  Batch 490/8324, Loss: 4.1785
  Batch 500/8324, Loss: 4.5921
  Batch 510/8324, Loss: 4.1781
  Batch 520/8324, Loss: 4.5888
  Batch 530/8324, Loss: 4.6214
  Batch 540/8324, Loss: 5.0771
  Batch 550/8324, Loss: 4.4274
  Batch 560/8324, Loss: 4.5153
  Batch 570/8324, Loss: 4.7831
  Batch 580/8324, Loss: 4.8998
  Batch 590/8324, Loss: 4.6582
  Batch 600/8324, Loss: 4.7106
  Batch 610/8324, Loss: 4.6569
  Batch 620/8324, Loss: 4.9189
  Batch 630/8324, Loss: 4.5102
  Batch 640/8324, Loss: 3.8806
  Batch 650/8324, Loss: 4.6687
  Batch 660/8324, Loss: 4.5483
  Batch 670/8324, Loss: 4.3155
  Batch 680/8324, Loss: 4.8381
  Batch 690/8324, Loss: 4.5301
  Batch 700/8324, Loss: 4.3479
  Batch 710/8324, Loss: 3.7232
  Batch 720/8324, Loss: 3.9369
  Batch 730/8324, Loss: 3.9679
  Batch 740/8324, Loss: 4.1984
  Batch 750/8324, Loss: 3.8743
  Batch 760/8324, Loss: 4.7651
  Batch 770/8324, Loss: 5.0583
  Batch 780/8324, Loss: 4.9689
  Batch 790/8324, Loss: 4.3364
  Batch 800/8324, Loss: 4.6511
  Batch 810/8324, Loss: 3.8215
  Batch 820/8324, Loss: 4.5351
  Batch 830/8324, Loss: 4.0868
  Batch 840/8324, Loss: 4.6598
  Batch 850/8324, Loss: 3.7145
  Batch 860/8324, Loss: 4.0120
  Batch 870/8324, Loss: 4.2790
  Batch 880/8324, Loss: 4.2355
  Batch 890/8324, Loss: 4.7459
  Batch 900/8324, Loss: 4.5246
  Batch 910/8324, Loss: 4.3919
  Batch 920/8324, Loss: 4.7843
  Batch 930/8324, Loss: 4.2183
  Batch 940/8324, Loss: 4.6935
  Batch 950/8324, Loss: 4.9177
  Batch 960/8324, Loss: 4.6388
  Batch 970/8324, Loss: 4.6103
  Batch 980/8324, Loss: 3.9992
  Batch 990/8324, Loss: 4.3976
  Batch 1000/8324, Loss: 4.7384
  Batch 1010/8324, Loss: 4.6101
  Batch 1020/8324, Loss: 4.3413
  Batch 1030/8324, Loss: 4.5891
  Batch 1040/8324, Loss: 4.7448
  Batch 1050/8324, Loss: 4.1479
  Batch 1060/8324, Loss: 4.4004
  Batch 1070/8324, Loss: 4.0350
  Batch 1080/8324, Loss: 4.2688
  Batch 1090/8324, Loss: 4.5372
  Batch 1100/8324, Loss: 4.3534
  Batch 1110/8324, Loss: 4.1608
  Batch 1120/8324, Loss: 4.2091
  Batch 1130/8324, Loss: 4.7556
  Batch 1140/8324, Loss: 4.9506
  Batch 1150/8324, Loss: 3.7142
  Batch 1160/8324, Loss: 4.7592
  Batch 1170/8324, Loss: 4.6424
  Batch 1180/8324, Loss: 4.5934
  Batch 1190/8324, Loss: 4.5884
  Batch 1200/8324, Loss: 4.3249
  Batch 1210/8324, Loss: 5.1768
  Batch 1220/8324, Loss: 4.6549
  Batch 1230/8324, Loss: 4.5051
  Batch 1240/8324, Loss: 4.7185
  Batch 1250/8324, Loss: 4.4312
  Batch 1260/8324, Loss: 4.9866
  Batch 1270/8324, Loss: 4.2905
  Batch 1280/8324, Loss: 4.3521
  Batch 1290/8324, Loss: 4.0958
  Batch 1300/8324, Loss: 4.5467
  Batch 1310/8324, Loss: 3.7316
  Batch 1320/8324, Loss: 4.4714
  Batch 1330/8324, Loss: 4.4376
  Batch 1340/8324, Loss: 5.0129
  Batch 1350/8324, Loss: 4.8325
  Batch 1360/8324, Loss: 4.7187
  Batch 1370/8324, Loss: 5.1833
  Batch 1380/8324, Loss: 4.3804
  Batch 1390/8324, Loss: 4.6909
  Batch 1400/8324, Loss: 4.5259
  Batch 1410/8324, Loss: 4.6460
  Batch 1420/8324, Loss: 4.2242
  Batch 1430/8324, Loss: 3.9664
  Batch 1440/8324, Loss: 3.5835
  Batch 1450/8324, Loss: 4.7988
  Batch 1460/8324, Loss: 4.9872
  Batch 1470/8324, Loss: 4.3788
  Batch 1480/8324, Loss: 4.3780
  Batch 1490/8324, Loss: 4.6153
  Batch 1500/8324, Loss: 4.3724
  Batch 1510/8324, Loss: 4.4682
  Batch 1520/8324, Loss: 5.3876
  Batch 1530/8324, Loss: 4.5800
  Batch 1540/8324, Loss: 4.3408
  Batch 1550/8324, Loss: 4.7426
  Batch 1560/8324, Loss: 4.7613
  Batch 1570/8324, Loss: 5.0342
  Batch 1580/8324, Loss: 4.5319
  Batch 1590/8324, Loss: 4.4260
  Batch 1600/8324, Loss: 4.8470
  Batch 1610/8324, Loss: 4.6080
  Batch 1620/8324, Loss: 5.0689
  Batch 1630/8324, Loss: 4.5072
  Batch 1640/8324, Loss: 4.7818
  Batch 1650/8324, Loss: 4.4768
  Batch 1660/8324, Loss: 4.4335
  Batch 1670/8324, Loss: 4.1828
  Batch 1680/8324, Loss: 4.3084
  Batch 1690/8324, Loss: 4.2576
  Batch 1700/8324, Loss: 4.3256
  Batch 1710/8324, Loss: 4.4105
  Batch 1720/8324, Loss: 3.7177
  Batch 1730/8324, Loss: 4.6411
  Batch 1740/8324, Loss: 4.2024
  Batch 1750/8324, Loss: 4.1597
  Batch 1760/8324, Loss: 4.4675
  Batch 1770/8324, Loss: 4.1358
  Batch 1780/8324, Loss: 4.6260
  Batch 1790/8324, Loss: 3.9663
  Batch 1800/8324, Loss: 4.5069
  Batch 1810/8324, Loss: 4.1025
  Batch 1820/8324, Loss: 4.6669
  Batch 1830/8324, Loss: 3.7511
  Batch 1840/8324, Loss: 4.6688
  Batch 1850/8324, Loss: 4.6432
  Batch 1860/8324, Loss: 4.2215
  Batch 1870/8324, Loss: 4.8799
  Batch 1880/8324, Loss: 4.3208
  Batch 1890/8324, Loss: 4.8316
  Batch 1900/8324, Loss: 4.0317
  Batch 1910/8324, Loss: 4.6582
  Batch 1920/8324, Loss: 4.4205
  Batch 1930/8324, Loss: 4.4387
  Batch 1940/8324, Loss: 4.3484
  Batch 1950/8324, Loss: 4.0573
  Batch 1960/8324, Loss: 4.3944
  Batch 1970/8324, Loss: 4.0417
  Batch 1980/8324, Loss: 4.2780
  Batch 1990/8324, Loss: 4.3249
  Batch 2000/8324, Loss: 3.7746
  Batch 2010/8324, Loss: 4.6625
  Batch 2020/8324, Loss: 4.6726
  Batch 2030/8324, Loss: 4.0552
  Batch 2040/8324, Loss: 4.0075
  Batch 2050/8324, Loss: 4.2849
  Batch 2060/8324, Loss: 4.3826
  Batch 2070/8324, Loss: 4.2462
  Batch 2080/8324, Loss: 4.5158
  Batch 2090/8324, Loss: 4.3857
  Batch 2100/8324, Loss: 3.3526
  Batch 2110/8324, Loss: 4.7672
  Batch 2120/8324, Loss: 4.6832
  Batch 2130/8324, Loss: 4.6755
  Batch 2140/8324, Loss: 4.7361
  Batch 2150/8324, Loss: 4.6993
  Batch 2160/8324, Loss: 4.7705
  Batch 2170/8324, Loss: 4.2000
  Batch 2180/8324, Loss: 5.1163
  Batch 2190/8324, Loss: 4.5287
  Batch 2200/8324, Loss: 4.3821
  Batch 2210/8324, Loss: 4.3799
  Batch 2220/8324, Loss: 4.4817
  Batch 2230/8324, Loss: 4.4281
  Batch 2240/8324, Loss: 4.2755
  Batch 2250/8324, Loss: 4.2483
  Batch 2260/8324, Loss: 4.3687
  Batch 2270/8324, Loss: 4.2082
  Batch 2280/8324, Loss: 4.1562
  Batch 2290/8324, Loss: 3.9957
  Batch 2300/8324, Loss: 4.2516
  Batch 2310/8324, Loss: 4.2372
  Batch 2320/8324, Loss: 4.5494
  Batch 2330/8324, Loss: 4.2181
  Batch 2340/8324, Loss: 4.4543
  Batch 2350/8324, Loss: 4.5106
  Batch 2360/8324, Loss: 4.3066
  Batch 2370/8324, Loss: 4.8225
  Batch 2380/8324, Loss: 4.3808
  Batch 2390/8324, Loss: 4.2362
  Batch 2400/8324, Loss: 4.6742
  Batch 2410/8324, Loss: 4.1607
  Batch 2420/8324, Loss: 4.5474
  Batch 2430/8324, Loss: 4.7830
  Batch 2440/8324, Loss: 4.1386
  Batch 2450/8324, Loss: 4.3822
  Batch 2460/8324, Loss: 4.3455
  Batch 2470/8324, Loss: 4.4518
  Batch 2480/8324, Loss: 4.2131
  Batch 2490/8324, Loss: 4.4469
  Batch 2500/8324, Loss: 4.6808
  Batch 2510/8324, Loss: 4.0974
  Batch 2520/8324, Loss: 4.6994
  Batch 2530/8324, Loss: 4.3898
  Batch 2540/8324, Loss: 4.9384
  Batch 2550/8324, Loss: 4.4512
  Batch 2560/8324, Loss: 4.9036
  Batch 2570/8324, Loss: 4.1314
  Batch 2580/8324, Loss: 4.4688
  Batch 2590/8324, Loss: 4.4675
  Batch 2600/8324, Loss: 4.1431
  Batch 2610/8324, Loss: 4.2605
  Batch 2620/8324, Loss: 4.2124
  Batch 2630/8324, Loss: 4.4091
  Batch 2640/8324, Loss: 4.3533
  Batch 2650/8324, Loss: 4.2200
  Batch 2660/8324, Loss: 4.2219
  Batch 2670/8324, Loss: 4.5776
  Batch 2680/8324, Loss: 4.5191
  Batch 2690/8324, Loss: 4.7755
  Batch 2700/8324, Loss: 4.0057
  Batch 2710/8324, Loss: 4.4469
  Batch 2720/8324, Loss: 4.8952
  Batch 2730/8324, Loss: 4.2037
  Batch 2740/8324, Loss: 4.6405
  Batch 2750/8324, Loss: 4.4403
  Batch 2760/8324, Loss: 5.4632
  Batch 2770/8324, Loss: 4.4193
  Batch 2780/8324, Loss: 4.4321
  Batch 2790/8324, Loss: 4.6471
  Batch 2800/8324, Loss: 4.3337
  Batch 2810/8324, Loss: 4.3743
  Batch 2820/8324, Loss: 4.2432
  Batch 2830/8324, Loss: 4.4455
  Batch 2840/8324, Loss: 4.1481
  Batch 2850/8324, Loss: 4.4411
  Batch 2860/8324, Loss: 4.5049
  Batch 2870/8324, Loss: 4.5905
  Batch 2880/8324, Loss: 4.4260
  Batch 2890/8324, Loss: 4.9493
  Batch 2900/8324, Loss: 4.8087
  Batch 2910/8324, Loss: 4.5819
  Batch 2920/8324, Loss: 4.7827
  Batch 2930/8324, Loss: 4.7082
  Batch 2940/8324, Loss: 4.9223
  Batch 2950/8324, Loss: 5.0555
  Batch 2960/8324, Loss: 3.3565
  Batch 2970/8324, Loss: 4.4368
  Batch 2980/8324, Loss: 4.3304
  Batch 2990/8324, Loss: 4.0228
  Batch 3000/8324, Loss: 4.2075
  Batch 3010/8324, Loss: 4.8817
  Batch 3020/8324, Loss: 3.6848
  Batch 3030/8324, Loss: 4.3327
  Batch 3040/8324, Loss: 4.5614
  Batch 3050/8324, Loss: 4.1136
  Batch 3060/8324, Loss: 4.7689
  Batch 3070/8324, Loss: 4.2119
  Batch 3080/8324, Loss: 5.5382
  Batch 3090/8324, Loss: 4.1277
  Batch 3100/8324, Loss: 4.7768
  Batch 3110/8324, Loss: 4.0306
  Batch 3120/8324, Loss: 4.7308
  Batch 3130/8324, Loss: 3.8938
  Batch 3140/8324, Loss: 4.0625
  Batch 3150/8324, Loss: 4.2134
  Batch 3160/8324, Loss: 4.4275
  Batch 3170/8324, Loss: 4.7563
  Batch 3180/8324, Loss: 4.5591
  Batch 3190/8324, Loss: 4.5058
  Batch 3200/8324, Loss: 4.1470
  Batch 3210/8324, Loss: 4.4487
  Batch 3220/8324, Loss: 4.4401
  Batch 3230/8324, Loss: 4.2267
  Batch 3240/8324, Loss: 4.9991
  Batch 3250/8324, Loss: 4.4308
  Batch 3260/8324, Loss: 4.7045
  Batch 3270/8324, Loss: 4.4790
  Batch 3280/8324, Loss: 4.4897
  Batch 3290/8324, Loss: 4.2516
  Batch 3300/8324, Loss: 4.6626
  Batch 3310/8324, Loss: 4.8707
  Batch 3320/8324, Loss: 4.6461
  Batch 3330/8324, Loss: 4.1787
  Batch 3340/8324, Loss: 4.2479
  Batch 3350/8324, Loss: 4.0474
  Batch 3360/8324, Loss: 4.6085
  Batch 3370/8324, Loss: 4.5657
  Batch 3380/8324, Loss: 4.8376
  Batch 3390/8324, Loss: 4.5818
  Batch 3400/8324, Loss: 5.0581
  Batch 3410/8324, Loss: 4.5457
  Batch 3420/8324, Loss: 4.7127
  Batch 3430/8324, Loss: 5.1225
  Batch 3440/8324, Loss: 4.3376
  Batch 3450/8324, Loss: 4.4790
  Batch 3460/8324, Loss: 4.0269
  Batch 3470/8324, Loss: 3.9703
  Batch 3480/8324, Loss: 4.8681
  Batch 3490/8324, Loss: 4.1740
  Batch 3500/8324, Loss: 5.1019
  Batch 3510/8324, Loss: 3.7345
  Batch 3520/8324, Loss: 4.7124
  Batch 3530/8324, Loss: 4.0499
  Batch 3540/8324, Loss: 3.8391
  Batch 3550/8324, Loss: 4.1539
  Batch 3560/8324, Loss: 4.3397
  Batch 3570/8324, Loss: 3.9015
  Batch 3580/8324, Loss: 4.4566
  Batch 3590/8324, Loss: 4.8566
  Batch 3600/8324, Loss: 4.1966
  Batch 3610/8324, Loss: 4.4598
  Batch 3620/8324, Loss: 4.3737
  Batch 3630/8324, Loss: 4.2751
  Batch 3640/8324, Loss: 4.3273
  Batch 3650/8324, Loss: 4.2664
  Batch 3660/8324, Loss: 4.2105
  Batch 3670/8324, Loss: 4.8162
  Batch 3680/8324, Loss: 4.2707
  Batch 3690/8324, Loss: 4.8351
  Batch 3700/8324, Loss: 3.9676
  Batch 3710/8324, Loss: 4.5459
  Batch 3720/8324, Loss: 3.9669
  Batch 3730/8324, Loss: 4.2733
  Batch 3740/8324, Loss: 5.1083
  Batch 3750/8324, Loss: 4.5684
  Batch 3760/8324, Loss: 4.1761
  Batch 3770/8324, Loss: 4.6814
  Batch 3780/8324, Loss: 4.3013
  Batch 3790/8324, Loss: 4.2056
  Batch 3800/8324, Loss: 3.5550
  Batch 3810/8324, Loss: 4.3743
  Batch 3820/8324, Loss: 4.5593
  Batch 3830/8324, Loss: 4.5788
  Batch 3840/8324, Loss: 4.7645
  Batch 3850/8324, Loss: 4.3930
  Batch 3860/8324, Loss: 4.6121
  Batch 3870/8324, Loss: 3.9016
  Batch 3880/8324, Loss: 3.5370
  Batch 3890/8324, Loss: 3.9315
  Batch 3900/8324, Loss: 4.9610
  Batch 3910/8324, Loss: 4.9726
  Batch 3920/8324, Loss: 4.5648
  Batch 3930/8324, Loss: 4.5525
  Batch 3940/8324, Loss: 4.2464
  Batch 3950/8324, Loss: 4.3462
  Batch 3960/8324, Loss: 4.5380
  Batch 3970/8324, Loss: 4.0261
  Batch 3980/8324, Loss: 4.5176
  Batch 3990/8324, Loss: 4.8115
  Batch 4000/8324, Loss: 4.3298
  Batch 4010/8324, Loss: 4.2246
  Batch 4020/8324, Loss: 4.4709
  Batch 4030/8324, Loss: 4.5445
  Batch 4040/8324, Loss: 4.3013
  Batch 4050/8324, Loss: 4.7161
  Batch 4060/8324, Loss: 4.5711
  Batch 4070/8324, Loss: 4.2585
  Batch 4080/8324, Loss: 3.8432
  Batch 4090/8324, Loss: 4.7111
  Batch 4100/8324, Loss: 4.6296
  Batch 4110/8324, Loss: 3.8746
  Batch 4120/8324, Loss: 4.3243
  Batch 4130/8324, Loss: 4.7862
  Batch 4140/8324, Loss: 4.6782
  Batch 4150/8324, Loss: 4.2894
  Batch 4160/8324, Loss: 4.5710
  Batch 4170/8324, Loss: 3.9748
  Batch 4180/8324, Loss: 4.4751
  Batch 4190/8324, Loss: 4.1465
  Batch 4200/8324, Loss: 4.1434
  Batch 4210/8324, Loss: 4.6194
  Batch 4220/8324, Loss: 4.3600
  Batch 4230/8324, Loss: 4.4280
  Batch 4240/8324, Loss: 4.1730
  Batch 4250/8324, Loss: 4.7493
  Batch 4260/8324, Loss: 4.8812
  Batch 4270/8324, Loss: 5.1718
  Batch 4280/8324, Loss: 4.8386
  Batch 4290/8324, Loss: 4.2310
  Batch 4300/8324, Loss: 4.7810
  Batch 4310/8324, Loss: 4.6049
  Batch 4320/8324, Loss: 3.8976
  Batch 4330/8324, Loss: 4.4655
  Batch 4340/8324, Loss: 4.1149
  Batch 4350/8324, Loss: 4.6730
  Batch 4360/8324, Loss: 3.9352
  Batch 4370/8324, Loss: 4.8216
  Batch 4380/8324, Loss: 4.8809
  Batch 4390/8324, Loss: 4.3111
  Batch 4400/8324, Loss: 4.1672
  Batch 4410/8324, Loss: 4.4576
  Batch 4420/8324, Loss: 4.1545
  Batch 4430/8324, Loss: 4.2741
  Batch 4440/8324, Loss: 4.5799
  Batch 4450/8324, Loss: 4.8451
  Batch 4460/8324, Loss: 3.9172
  Batch 4470/8324, Loss: 4.6049
  Batch 4480/8324, Loss: 4.8758
  Batch 4490/8324, Loss: 4.4789
  Batch 4500/8324, Loss: 4.4573
  Batch 4510/8324, Loss: 4.1868
  Batch 4520/8324, Loss: 5.0478
  Batch 4530/8324, Loss: 4.4395
  Batch 4540/8324, Loss: 4.2118
  Batch 4550/8324, Loss: 4.6211
  Batch 4560/8324, Loss: 5.2399
  Batch 4570/8324, Loss: 3.9968
  Batch 4580/8324, Loss: 4.4183
  Batch 4590/8324, Loss: 4.9020
  Batch 4600/8324, Loss: 4.4545
  Batch 4610/8324, Loss: 4.2098
  Batch 4620/8324, Loss: 3.9032
  Batch 4630/8324, Loss: 4.4341
  Batch 4640/8324, Loss: 4.1137
  Batch 4650/8324, Loss: 4.5015
  Batch 4660/8324, Loss: 4.6368
  Batch 4670/8324, Loss: 4.7728
  Batch 4680/8324, Loss: 4.4628
  Batch 4690/8324, Loss: 4.6058
  Batch 4700/8324, Loss: 4.8111
  Batch 4710/8324, Loss: 5.0425
  Batch 4720/8324, Loss: 4.9373
  Batch 4730/8324, Loss: 4.3514
  Batch 4740/8324, Loss: 3.9132
  Batch 4750/8324, Loss: 4.6790
  Batch 4760/8324, Loss: 4.3386
  Batch 4770/8324, Loss: 4.6309
  Batch 4780/8324, Loss: 4.8124
  Batch 4790/8324, Loss: 4.4902
  Batch 4800/8324, Loss: 4.4684
  Batch 4810/8324, Loss: 4.1499
  Batch 4820/8324, Loss: 4.7350
  Batch 4830/8324, Loss: 5.2229
  Batch 4840/8324, Loss: 4.4197
  Batch 4850/8324, Loss: 4.3298
  Batch 4860/8324, Loss: 4.6590
  Batch 4870/8324, Loss: 4.3856
  Batch 4880/8324, Loss: 4.9351
  Batch 4890/8324, Loss: 4.5782
  Batch 4900/8324, Loss: 4.6737
  Batch 4910/8324, Loss: 4.3733
  Batch 4920/8324, Loss: 4.3726
  Batch 4930/8324, Loss: 4.6188
  Batch 4940/8324, Loss: 4.2595
  Batch 4950/8324, Loss: 4.4825
  Batch 4960/8324, Loss: 4.3856
  Batch 4970/8324, Loss: 4.3707
  Batch 4980/8324, Loss: 4.1854
  Batch 4990/8324, Loss: 4.7154
  Batch 5000/8324, Loss: 4.8565
  Batch 5010/8324, Loss: 4.1778
  Batch 5020/8324, Loss: 3.9159
  Batch 5030/8324, Loss: 5.1430
  Batch 5040/8324, Loss: 4.0611
  Batch 5050/8324, Loss: 5.1316
  Batch 5060/8324, Loss: 3.8571
  Batch 5070/8324, Loss: 4.6064
  Batch 5080/8324, Loss: 4.3415
  Batch 5090/8324, Loss: 4.1931
  Batch 5100/8324, Loss: 4.1419
  Batch 5110/8324, Loss: 4.8242
  Batch 5120/8324, Loss: 4.5041
  Batch 5130/8324, Loss: 4.0155
  Batch 5140/8324, Loss: 4.5426
  Batch 5150/8324, Loss: 4.6342
  Batch 5160/8324, Loss: 5.2072
  Batch 5170/8324, Loss: 5.0807
  Batch 5180/8324, Loss: 4.5687
  Batch 5190/8324, Loss: 4.6038
  Batch 5200/8324, Loss: 4.9196
  Batch 5210/8324, Loss: 4.5471
  Batch 5220/8324, Loss: 4.5897
  Batch 5230/8324, Loss: 4.4551
  Batch 5240/8324, Loss: 4.5631
  Batch 5250/8324, Loss: 4.0601
  Batch 5260/8324, Loss: 4.4016
  Batch 5270/8324, Loss: 4.5967
  Batch 5280/8324, Loss: 4.5725
  Batch 5290/8324, Loss: 4.5377
  Batch 5300/8324, Loss: 4.2959
  Batch 5310/8324, Loss: 4.5823
  Batch 5320/8324, Loss: 5.0909
  Batch 5330/8324, Loss: 4.8252
  Batch 5340/8324, Loss: 4.2330
  Batch 5350/8324, Loss: 4.7531
  Batch 5360/8324, Loss: 4.7601
  Batch 5370/8324, Loss: 4.0543
  Batch 5380/8324, Loss: 5.0033
  Batch 5390/8324, Loss: 4.4524
  Batch 5400/8324, Loss: 4.6323
  Batch 5410/8324, Loss: 4.9341
  Batch 5420/8324, Loss: 4.8766
  Batch 5430/8324, Loss: 4.9831
  Batch 5440/8324, Loss: 4.5748
  Batch 5450/8324, Loss: 4.6355
  Batch 5460/8324, Loss: 4.9893
  Batch 5470/8324, Loss: 4.8513
  Batch 5480/8324, Loss: 4.4682
  Batch 5490/8324, Loss: 4.2814
  Batch 5500/8324, Loss: 4.1475
  Batch 5510/8324, Loss: 4.9783
  Batch 5520/8324, Loss: 4.7217
  Batch 5530/8324, Loss: 4.6849
  Batch 5540/8324, Loss: 4.9865
  Batch 5550/8324, Loss: 4.2072
  Batch 5560/8324, Loss: 4.4329
  Batch 5570/8324, Loss: 4.5951
  Batch 5580/8324, Loss: 4.4209
  Batch 5590/8324, Loss: 3.9976
  Batch 5600/8324, Loss: 4.6882
  Batch 5610/8324, Loss: 4.0289
  Batch 5620/8324, Loss: 4.0818
  Batch 5630/8324, Loss: 4.8463
  Batch 5640/8324, Loss: 3.8628
  Batch 5650/8324, Loss: 4.3081
  Batch 5660/8324, Loss: 4.6167
  Batch 5670/8324, Loss: 4.8888
  Batch 5680/8324, Loss: 4.2155
  Batch 5690/8324, Loss: 4.0661
  Batch 5700/8324, Loss: 4.5424
  Batch 5710/8324, Loss: 4.3624
  Batch 5720/8324, Loss: 4.3301
  Batch 5730/8324, Loss: 3.6393
  Batch 5740/8324, Loss: 4.0274
  Batch 5750/8324, Loss: 5.2674
  Batch 5760/8324, Loss: 4.6937
  Batch 5770/8324, Loss: 4.9642
  Batch 5780/8324, Loss: 4.5496
  Batch 5790/8324, Loss: 3.8429
  Batch 5800/8324, Loss: 4.9986
  Batch 5810/8324, Loss: 4.7354
  Batch 5820/8324, Loss: 4.8748
  Batch 5830/8324, Loss: 4.5666
  Batch 5840/8324, Loss: 3.8882
  Batch 5850/8324, Loss: 3.9494
  Batch 5860/8324, Loss: 4.7808
  Batch 5870/8324, Loss: 5.1211
  Batch 5880/8324, Loss: 4.6020
  Batch 5890/8324, Loss: 3.7905
  Batch 5900/8324, Loss: 4.7432
  Batch 5910/8324, Loss: 4.3901
  Batch 5920/8324, Loss: 5.0077
  Batch 5930/8324, Loss: 4.3978
  Batch 5940/8324, Loss: 4.4797
  Batch 5950/8324, Loss: 4.4429
  Batch 5960/8324, Loss: 4.5193
  Batch 5970/8324, Loss: 5.2749
  Batch 5980/8324, Loss: 4.8160
  Batch 5990/8324, Loss: 4.3585
  Batch 6000/8324, Loss: 4.1921
  Batch 6010/8324, Loss: 4.4100
  Batch 6020/8324, Loss: 4.1425
  Batch 6030/8324, Loss: 4.5389
  Batch 6040/8324, Loss: 4.7191
  Batch 6050/8324, Loss: 4.2451
  Batch 6060/8324, Loss: 4.5684
  Batch 6070/8324, Loss: 4.5410
  Batch 6080/8324, Loss: 3.7402
  Batch 6090/8324, Loss: 4.7520
  Batch 6100/8324, Loss: 4.3772
  Batch 6110/8324, Loss: 4.7149
  Batch 6120/8324, Loss: 4.7592
  Batch 6130/8324, Loss: 4.6215
  Batch 6140/8324, Loss: 5.0449
  Batch 6150/8324, Loss: 4.5412
  Batch 6160/8324, Loss: 4.2607
  Batch 6170/8324, Loss: 4.6268
  Batch 6180/8324, Loss: 3.9196
  Batch 6190/8324, Loss: 4.4777
  Batch 6200/8324, Loss: 4.4816
  Batch 6210/8324, Loss: 4.5671
  Batch 6220/8324, Loss: 4.7030
  Batch 6230/8324, Loss: 4.7970
  Batch 6240/8324, Loss: 4.2893
  Batch 6250/8324, Loss: 3.7895
  Batch 6260/8324, Loss: 5.1961
  Batch 6270/8324, Loss: 3.3990
  Batch 6280/8324, Loss: 4.3958
  Batch 6290/8324, Loss: 4.7282
  Batch 6300/8324, Loss: 4.9730
  Batch 6310/8324, Loss: 4.4265
  Batch 6320/8324, Loss: 4.4978
  Batch 6330/8324, Loss: 4.9722
  Batch 6340/8324, Loss: 3.7314
  Batch 6350/8324, Loss: 4.8131
  Batch 6360/8324, Loss: 4.9448
  Batch 6370/8324, Loss: 4.3467
  Batch 6380/8324, Loss: 4.7674
  Batch 6390/8324, Loss: 4.7631
  Batch 6400/8324, Loss: 4.2801
  Batch 6410/8324, Loss: 4.8770
  Batch 6420/8324, Loss: 4.4968
  Batch 6430/8324, Loss: 4.5550
  Batch 6440/8324, Loss: 4.7792
  Batch 6450/8324, Loss: 4.7042
  Batch 6460/8324, Loss: 4.4503
  Batch 6470/8324, Loss: 4.2375
  Batch 6480/8324, Loss: 4.3936
  Batch 6490/8324, Loss: 4.7190
  Batch 6500/8324, Loss: 4.1673
  Batch 6510/8324, Loss: 3.8451
  Batch 6520/8324, Loss: 4.6883
  Batch 6530/8324, Loss: 3.5846
  Batch 6540/8324, Loss: 4.7132
  Batch 6550/8324, Loss: 4.4917
  Batch 6560/8324, Loss: 4.5587
  Batch 6570/8324, Loss: 4.9742
  Batch 6580/8324, Loss: 4.5764
  Batch 6590/8324, Loss: 4.4097
  Batch 6600/8324, Loss: 4.5231
  Batch 6610/8324, Loss: 4.9446
  Batch 6620/8324, Loss: 4.8271
  Batch 6630/8324, Loss: 4.4690
  Batch 6640/8324, Loss: 3.8111
  Batch 6650/8324, Loss: 3.7882
  Batch 6660/8324, Loss: 4.6980
  Batch 6670/8324, Loss: 4.6544
  Batch 6680/8324, Loss: 4.5239
  Batch 6690/8324, Loss: 4.3170
  Batch 6700/8324, Loss: 3.6485
  Batch 6710/8324, Loss: 4.5300
  Batch 6720/8324, Loss: 4.8954
  Batch 6730/8324, Loss: 4.5079
  Batch 6740/8324, Loss: 4.6934
  Batch 6750/8324, Loss: 4.1128
  Batch 6760/8324, Loss: 4.3966
  Batch 6770/8324, Loss: 4.2702
  Batch 6780/8324, Loss: 4.6745
  Batch 6790/8324, Loss: 4.0899
  Batch 6800/8324, Loss: 4.3472
  Batch 6810/8324, Loss: 4.0765
  Batch 6820/8324, Loss: 4.6429
  Batch 6830/8324, Loss: 4.6362
  Batch 6840/8324, Loss: 4.5781
  Batch 6850/8324, Loss: 4.4907
  Batch 6860/8324, Loss: 4.3991
  Batch 6870/8324, Loss: 4.5898
  Batch 6880/8324, Loss: 4.0844
  Batch 6890/8324, Loss: 4.1074
  Batch 6900/8324, Loss: 4.0701
  Batch 6910/8324, Loss: 4.5346
  Batch 6920/8324, Loss: 4.7406
  Batch 6930/8324, Loss: 3.8357
  Batch 6940/8324, Loss: 4.2380
  Batch 6950/8324, Loss: 4.4033
  Batch 6960/8324, Loss: 4.3537
  Batch 6970/8324, Loss: 5.0531
  Batch 6980/8324, Loss: 4.6900
  Batch 6990/8324, Loss: 4.7575
  Batch 7000/8324, Loss: 4.6079
  Batch 7010/8324, Loss: 4.3750
  Batch 7020/8324, Loss: 4.3507
  Batch 7030/8324, Loss: 5.0760
  Batch 7040/8324, Loss: 4.2675
  Batch 7050/8324, Loss: 3.9638
  Batch 7060/8324, Loss: 4.1228
  Batch 7070/8324, Loss: 4.2477
  Batch 7080/8324, Loss: 4.6356
  Batch 7090/8324, Loss: 4.6459
  Batch 7100/8324, Loss: 4.7374
  Batch 7110/8324, Loss: 4.5588
  Batch 7120/8324, Loss: 4.6108
  Batch 7130/8324, Loss: 4.9028
  Batch 7140/8324, Loss: 4.6390
  Batch 7150/8324, Loss: 4.2373
  Batch 7160/8324, Loss: 4.3852
  Batch 7170/8324, Loss: 4.1136
  Batch 7180/8324, Loss: 3.8141
  Batch 7190/8324, Loss: 4.5674
  Batch 7200/8324, Loss: 4.7251
  Batch 7210/8324, Loss: 4.6385
  Batch 7220/8324, Loss: 4.7382
  Batch 7230/8324, Loss: 4.9330
  Batch 7240/8324, Loss: 4.3639
  Batch 7250/8324, Loss: 4.5078
  Batch 7260/8324, Loss: 4.6576
  Batch 7270/8324, Loss: 4.0823
  Batch 7280/8324, Loss: 4.6164
  Batch 7290/8324, Loss: 5.0264
  Batch 7300/8324, Loss: 4.5923
  Batch 7310/8324, Loss: 4.1718
  Batch 7320/8324, Loss: 4.4486
  Batch 7330/8324, Loss: 4.4776
  Batch 7340/8324, Loss: 4.7759
  Batch 7350/8324, Loss: 4.4975
  Batch 7360/8324, Loss: 4.2272
  Batch 7370/8324, Loss: 4.3017
  Batch 7380/8324, Loss: 4.5710
  Batch 7390/8324, Loss: 3.9359
  Batch 7400/8324, Loss: 4.9648
  Batch 7410/8324, Loss: 4.3924
  Batch 7420/8324, Loss: 4.2420
  Batch 7430/8324, Loss: 4.5935
  Batch 7440/8324, Loss: 4.6883
  Batch 7450/8324, Loss: 4.1338
  Batch 7460/8324, Loss: 4.8783
  Batch 7470/8324, Loss: 4.1727
  Batch 7480/8324, Loss: 4.7270
  Batch 7490/8324, Loss: 4.1421
  Batch 7500/8324, Loss: 4.9244
  Batch 7510/8324, Loss: 3.8570
  Batch 7520/8324, Loss: 3.8152
  Batch 7530/8324, Loss: 4.8778
  Batch 7540/8324, Loss: 4.2245
  Batch 7550/8324, Loss: 4.7071
  Batch 7560/8324, Loss: 4.9249
  Batch 7570/8324, Loss: 4.3487
  Batch 7580/8324, Loss: 4.6712
  Batch 7590/8324, Loss: 4.7072
  Batch 7600/8324, Loss: 4.8326
  Batch 7610/8324, Loss: 4.7602
  Batch 7620/8324, Loss: 4.8464
  Batch 7630/8324, Loss: 4.7156
  Batch 7640/8324, Loss: 4.8356
  Batch 7650/8324, Loss: 4.8470
  Batch 7660/8324, Loss: 4.8695
  Batch 7670/8324, Loss: 4.5535
  Batch 7680/8324, Loss: 4.3413
  Batch 7690/8324, Loss: 4.9906
  Batch 7700/8324, Loss: 4.2573
  Batch 7710/8324, Loss: 4.4286
  Batch 7720/8324, Loss: 4.5589
  Batch 7730/8324, Loss: 4.5745
  Batch 7740/8324, Loss: 4.4812
  Batch 7750/8324, Loss: 5.0963
  Batch 7760/8324, Loss: 3.9651
  Batch 7770/8324, Loss: 4.1842
  Batch 7780/8324, Loss: 4.5060
  Batch 7790/8324, Loss: 4.2184
  Batch 7800/8324, Loss: 4.4780
  Batch 7810/8324, Loss: 4.9979
  Batch 7820/8324, Loss: 4.4855
  Batch 7830/8324, Loss: 4.6996
  Batch 7840/8324, Loss: 4.1124
  Batch 7850/8324, Loss: 4.6493
  Batch 7860/8324, Loss: 4.8183
  Batch 7870/8324, Loss: 4.5853
  Batch 7880/8324, Loss: 4.6272
  Batch 7890/8324, Loss: 4.9512
  Batch 7900/8324, Loss: 3.9848
  Batch 7910/8324, Loss: 3.9340
  Batch 7920/8324, Loss: 4.4363
  Batch 7930/8324, Loss: 4.7539
  Batch 7940/8324, Loss: 4.6729
  Batch 7950/8324, Loss: 3.8758
  Batch 7960/8324, Loss: 4.1078
  Batch 7970/8324, Loss: 4.4485
  Batch 7980/8324, Loss: 4.1142
  Batch 7990/8324, Loss: 4.3537
  Batch 8000/8324, Loss: 5.0091
  Batch 8010/8324, Loss: 4.5935
  Batch 8020/8324, Loss: 4.3486
  Batch 8030/8324, Loss: 3.9265
  Batch 8040/8324, Loss: 4.4490
  Batch 8050/8324, Loss: 4.5860
  Batch 8060/8324, Loss: 4.4404
  Batch 8070/8324, Loss: 4.6064
  Batch 8080/8324, Loss: 5.0050
  Batch 8090/8324, Loss: 3.3236
  Batch 8100/8324, Loss: 4.0859
  Batch 8110/8324, Loss: 4.5769
  Batch 8120/8324, Loss: 4.8137
  Batch 8130/8324, Loss: 4.5851
  Batch 8140/8324, Loss: 4.4785
  Batch 8150/8324, Loss: 4.7561
  Batch 8160/8324, Loss: 4.1079
  Batch 8170/8324, Loss: 4.8554
  Batch 8180/8324, Loss: 4.4910
  Batch 8190/8324, Loss: 4.5177
  Batch 8200/8324, Loss: 4.2318
  Batch 8210/8324, Loss: 4.5641
  Batch 8220/8324, Loss: 4.4628
  Batch 8230/8324, Loss: 4.4112
  Batch 8240/8324, Loss: 3.5005
  Batch 8250/8324, Loss: 4.5011
  Batch 8260/8324, Loss: 4.7750
  Batch 8270/8324, Loss: 4.2027
  Batch 8280/8324, Loss: 4.6601
  Batch 8290/8324, Loss: 4.6808
  Batch 8300/8324, Loss: 5.0174
  Batch 8310/8324, Loss: 4.3667
  Batch 8320/8324, Loss: 4.9102

  Train Loss: 4.4537
  Val Loss: 6.7418
  Time: 30m 13s
  ✓ Saved checkpoint to /scratch/aitordiez/News2Stock/summaries/simple_seq2seq/checkpoints/checkpoint_epoch_10.pt

Epoch 11/20
----------------------------------------
  Batch 10/8324, Loss: 3.9256
  Batch 20/8324, Loss: 4.9314
  Batch 30/8324, Loss: 4.4717
  Batch 40/8324, Loss: 4.1491
  Batch 50/8324, Loss: 4.1088
  Batch 60/8324, Loss: 4.5163
  Batch 70/8324, Loss: 4.3068
  Batch 80/8324, Loss: 4.7740
  Batch 90/8324, Loss: 4.6501
  Batch 100/8324, Loss: 4.2452
  Batch 110/8324, Loss: 4.3782
  Batch 120/8324, Loss: 4.7182
  Batch 130/8324, Loss: 3.4319
  Batch 140/8324, Loss: 4.5542
  Batch 150/8324, Loss: 5.1482
  Batch 160/8324, Loss: 4.5773
  Batch 170/8324, Loss: 4.6519
  Batch 180/8324, Loss: 4.1360
  Batch 190/8324, Loss: 4.2749
  Batch 200/8324, Loss: 4.4787
  Batch 210/8324, Loss: 3.6462
  Batch 220/8324, Loss: 4.8335
  Batch 230/8324, Loss: 4.2721
  Batch 240/8324, Loss: 4.1041
  Batch 250/8324, Loss: 4.8393
  Batch 260/8324, Loss: 4.3077
  Batch 270/8324, Loss: 4.0089
  Batch 280/8324, Loss: 4.4763
  Batch 290/8324, Loss: 4.5408
  Batch 300/8324, Loss: 4.1599
  Batch 310/8324, Loss: 4.6738
  Batch 320/8324, Loss: 3.9712
  Batch 330/8324, Loss: 3.8268
  Batch 340/8324, Loss: 4.4578
  Batch 350/8324, Loss: 4.3420
  Batch 360/8324, Loss: 4.3666
  Batch 370/8324, Loss: 4.3291
  Batch 380/8324, Loss: 4.0700
  Batch 390/8324, Loss: 4.3274
  Batch 400/8324, Loss: 4.1566
  Batch 410/8324, Loss: 4.5331
  Batch 420/8324, Loss: 4.5097
  Batch 430/8324, Loss: 4.9008
  Batch 440/8324, Loss: 4.1609
  Batch 450/8324, Loss: 5.0778
  Batch 460/8324, Loss: 4.1999
  Batch 470/8324, Loss: 4.4040
  Batch 480/8324, Loss: 4.2725
  Batch 490/8324, Loss: 4.6200
  Batch 500/8324, Loss: 4.1223
  Batch 510/8324, Loss: 4.2131
  Batch 520/8324, Loss: 4.6636
  Batch 530/8324, Loss: 4.3899
  Batch 540/8324, Loss: 4.1220
  Batch 550/8324, Loss: 4.7888
  Batch 560/8324, Loss: 4.4982
  Batch 570/8324, Loss: 4.5533
  Batch 580/8324, Loss: 4.1306
  Batch 590/8324, Loss: 3.8536
  Batch 600/8324, Loss: 4.4461
  Batch 610/8324, Loss: 4.3572
  Batch 620/8324, Loss: 4.3042
  Batch 630/8324, Loss: 4.2525
  Batch 640/8324, Loss: 4.2352
  Batch 650/8324, Loss: 4.9716
  Batch 660/8324, Loss: 4.7375
  Batch 670/8324, Loss: 4.3212
  Batch 680/8324, Loss: 3.2214
  Batch 690/8324, Loss: 4.2962
  Batch 700/8324, Loss: 4.2278
  Batch 710/8324, Loss: 4.5761
  Batch 720/8324, Loss: 4.6729
  Batch 730/8324, Loss: 4.3112
  Batch 740/8324, Loss: 3.9894
  Batch 750/8324, Loss: 4.8197
  Batch 760/8324, Loss: 4.1409
  Batch 770/8324, Loss: 3.9908
  Batch 780/8324, Loss: 3.7924
  Batch 790/8324, Loss: 4.0820
  Batch 800/8324, Loss: 4.6179
  Batch 810/8324, Loss: 4.7077
  Batch 820/8324, Loss: 4.6124
  Batch 830/8324, Loss: 4.1734
  Batch 840/8324, Loss: 4.3576
  Batch 850/8324, Loss: 4.4048
  Batch 860/8324, Loss: 4.2778
  Batch 870/8324, Loss: 3.7129
  Batch 880/8324, Loss: 4.2312
  Batch 890/8324, Loss: 4.2226
  Batch 900/8324, Loss: 4.5718
  Batch 910/8324, Loss: 4.7240
  Batch 920/8324, Loss: 4.4325
  Batch 930/8324, Loss: 4.1776
  Batch 940/8324, Loss: 4.3687
  Batch 950/8324, Loss: 4.0077
  Batch 960/8324, Loss: 4.0200
  Batch 970/8324, Loss: 4.3246
  Batch 980/8324, Loss: 4.3511
  Batch 990/8324, Loss: 4.0217
  Batch 1000/8324, Loss: 4.3309
  Batch 1010/8324, Loss: 4.8505
  Batch 1020/8324, Loss: 4.6312
  Batch 1030/8324, Loss: 4.5532
  Batch 1040/8324, Loss: 4.8384
  Batch 1050/8324, Loss: 4.2930
  Batch 1060/8324, Loss: 4.1250
  Batch 1070/8324, Loss: 4.3869
  Batch 1080/8324, Loss: 4.4542
  Batch 1090/8324, Loss: 4.4058
  Batch 1100/8324, Loss: 4.6391
  Batch 1110/8324, Loss: 4.0084
  Batch 1120/8324, Loss: 4.4737
  Batch 1130/8324, Loss: 4.4411
  Batch 1140/8324, Loss: 4.6664
  Batch 1150/8324, Loss: 5.0577
  Batch 1160/8324, Loss: 4.3651
  Batch 1170/8324, Loss: 4.1640
  Batch 1180/8324, Loss: 4.6734
  Batch 1190/8324, Loss: 4.6799
  Batch 1200/8324, Loss: 4.1909
  Batch 1210/8324, Loss: 4.3294
  Batch 1220/8324, Loss: 4.2986
  Batch 1230/8324, Loss: 4.6965
  Batch 1240/8324, Loss: 4.5819
  Batch 1250/8324, Loss: 4.2837
  Batch 1260/8324, Loss: 4.4498
  Batch 1270/8324, Loss: 3.9636
  Batch 1280/8324, Loss: 4.4787
  Batch 1290/8324, Loss: 4.4049
  Batch 1300/8324, Loss: 4.1229
  Batch 1310/8324, Loss: 4.6810
  Batch 1320/8324, Loss: 4.4383
  Batch 1330/8324, Loss: 4.3418
  Batch 1340/8324, Loss: 4.3731
  Batch 1350/8324, Loss: 4.4761
  Batch 1360/8324, Loss: 3.5300
  Batch 1370/8324, Loss: 4.1604
  Batch 1380/8324, Loss: 4.8489
  Batch 1390/8324, Loss: 4.0238
  Batch 1400/8324, Loss: 3.5378
  Batch 1410/8324, Loss: 4.4286
  Batch 1420/8324, Loss: 4.2475
  Batch 1430/8324, Loss: 5.1587
  Batch 1440/8324, Loss: 4.3459
  Batch 1450/8324, Loss: 4.5095
  Batch 1460/8324, Loss: 4.1056
  Batch 1470/8324, Loss: 4.9481
  Batch 1480/8324, Loss: 4.3416
  Batch 1490/8324, Loss: 4.5281
  Batch 1500/8324, Loss: 4.6348
  Batch 1510/8324, Loss: 4.2695
  Batch 1520/8324, Loss: 4.6288
  Batch 1530/8324, Loss: 4.8251
  Batch 1540/8324, Loss: 4.2498
  Batch 1550/8324, Loss: 4.3781
  Batch 1560/8324, Loss: 3.6524
  Batch 1570/8324, Loss: 4.5033
  Batch 1580/8324, Loss: 4.3869
  Batch 1590/8324, Loss: 4.4127
  Batch 1600/8324, Loss: 4.7336
  Batch 1610/8324, Loss: 4.7994
  Batch 1620/8324, Loss: 4.3017
  Batch 1630/8324, Loss: 4.4669
  Batch 1640/8324, Loss: 4.3858
  Batch 1650/8324, Loss: 4.2595
  Batch 1660/8324, Loss: 4.1246
  Batch 1670/8324, Loss: 4.9031
  Batch 1680/8324, Loss: 4.3880
  Batch 1690/8324, Loss: 4.4518
  Batch 1700/8324, Loss: 4.7152
  Batch 1710/8324, Loss: 4.3697
  Batch 1720/8324, Loss: 5.1459
  Batch 1730/8324, Loss: 4.2280
  Batch 1740/8324, Loss: 4.6842
  Batch 1750/8324, Loss: 4.5051
  Batch 1760/8324, Loss: 4.7926
  Batch 1770/8324, Loss: 4.5516
  Batch 1780/8324, Loss: 4.4756
  Batch 1790/8324, Loss: 4.8190
  Batch 1800/8324, Loss: 4.8920
  Batch 1810/8324, Loss: 4.0726
  Batch 1820/8324, Loss: 4.4589
  Batch 1830/8324, Loss: 4.4277
  Batch 1840/8324, Loss: 3.7611
  Batch 1850/8324, Loss: 3.7726
  Batch 1860/8324, Loss: 4.5650
  Batch 1870/8324, Loss: 3.7811
  Batch 1880/8324, Loss: 4.4767
  Batch 1890/8324, Loss: 4.7191
  Batch 1900/8324, Loss: 4.4122
  Batch 1910/8324, Loss: 4.3902
  Batch 1920/8324, Loss: 4.4856
  Batch 1930/8324, Loss: 4.5299
  Batch 1940/8324, Loss: 4.6106
  Batch 1950/8324, Loss: 4.7213
  Batch 1960/8324, Loss: 4.7282
  Batch 1970/8324, Loss: 4.8409
  Batch 1980/8324, Loss: 4.5549
  Batch 1990/8324, Loss: 4.5069
  Batch 2000/8324, Loss: 4.1670
  Batch 2010/8324, Loss: 4.4570
  Batch 2020/8324, Loss: 4.2280
  Batch 2030/8324, Loss: 4.4880
  Batch 2040/8324, Loss: 4.8058
  Batch 2050/8324, Loss: 4.2731
  Batch 2060/8324, Loss: 4.6482
  Batch 2070/8324, Loss: 4.8438
  Batch 2080/8324, Loss: 4.8578
  Batch 2090/8324, Loss: 4.2762
  Batch 2100/8324, Loss: 3.9082
  Batch 2110/8324, Loss: 3.8158
  Batch 2120/8324, Loss: 4.5916
  Batch 2130/8324, Loss: 4.1867
  Batch 2140/8324, Loss: 4.3444
  Batch 2150/8324, Loss: 4.7573
  Batch 2160/8324, Loss: 4.6107
  Batch 2170/8324, Loss: 3.8732
  Batch 2180/8324, Loss: 3.9716
  Batch 2190/8324, Loss: 4.3777
  Batch 2200/8324, Loss: 4.4048
  Batch 2210/8324, Loss: 4.5805
  Batch 2220/8324, Loss: 4.4056
  Batch 2230/8324, Loss: 4.1629
  Batch 2240/8324, Loss: 4.5915
  Batch 2250/8324, Loss: 4.7315
  Batch 2260/8324, Loss: 4.0903
  Batch 2270/8324, Loss: 4.0054
  Batch 2280/8324, Loss: 4.3590
  Batch 2290/8324, Loss: 4.3451
  Batch 2300/8324, Loss: 4.3629
  Batch 2310/8324, Loss: 4.2484
  Batch 2320/8324, Loss: 4.3935
  Batch 2330/8324, Loss: 4.3769
  Batch 2340/8324, Loss: 4.6799
  Batch 2350/8324, Loss: 4.6355
  Batch 2360/8324, Loss: 4.1962
  Batch 2370/8324, Loss: 4.7250
  Batch 2380/8324, Loss: 4.5703
  Batch 2390/8324, Loss: 4.4192
  Batch 2400/8324, Loss: 4.2032
  Batch 2410/8324, Loss: 4.8408
  Batch 2420/8324, Loss: 4.2631
  Batch 2430/8324, Loss: 4.2081
  Batch 2440/8324, Loss: 4.2916
  Batch 2450/8324, Loss: 4.9738
  Batch 2460/8324, Loss: 4.3333
  Batch 2470/8324, Loss: 3.8922
  Batch 2480/8324, Loss: 4.1639
  Batch 2490/8324, Loss: 4.4899
  Batch 2500/8324, Loss: 4.4890
  Batch 2510/8324, Loss: 4.2885
  Batch 2520/8324, Loss: 4.1054
  Batch 2530/8324, Loss: 4.6601
  Batch 2540/8324, Loss: 4.3533
  Batch 2550/8324, Loss: 4.5020
  Batch 2560/8324, Loss: 4.1873
  Batch 2570/8324, Loss: 4.0281
  Batch 2580/8324, Loss: 4.4701
  Batch 2590/8324, Loss: 4.3770
  Batch 2600/8324, Loss: 5.0318
  Batch 2610/8324, Loss: 4.2447
  Batch 2620/8324, Loss: 4.1996
  Batch 2630/8324, Loss: 4.5819
  Batch 2640/8324, Loss: 3.8194
  Batch 2650/8324, Loss: 4.6996
  Batch 2660/8324, Loss: 4.3468
  Batch 2670/8324, Loss: 4.4489
  Batch 2680/8324, Loss: 4.9420
  Batch 2690/8324, Loss: 4.4056
  Batch 2700/8324, Loss: 4.3693
  Batch 2710/8324, Loss: 4.4346
  Batch 2720/8324, Loss: 4.3190
  Batch 2730/8324, Loss: 3.7607
  Batch 2740/8324, Loss: 3.8082
  Batch 2750/8324, Loss: 4.6100
  Batch 2760/8324, Loss: 4.6624
  Batch 2770/8324, Loss: 4.2274
  Batch 2780/8324, Loss: 5.2718
  Batch 2790/8324, Loss: 4.3035
  Batch 2800/8324, Loss: 4.5073
  Batch 2810/8324, Loss: 4.3398
  Batch 2820/8324, Loss: 4.6706
  Batch 2830/8324, Loss: 4.2106
  Batch 2840/8324, Loss: 4.4130
  Batch 2850/8324, Loss: 4.4992
  Batch 2860/8324, Loss: 4.1708
  Batch 2870/8324, Loss: 4.2484
  Batch 2880/8324, Loss: 3.7536
  Batch 2890/8324, Loss: 5.1819
  Batch 2900/8324, Loss: 4.2122
  Batch 2910/8324, Loss: 4.1633
  Batch 2920/8324, Loss: 4.3215
  Batch 2930/8324, Loss: 4.2541
  Batch 2940/8324, Loss: 4.4897
  Batch 2950/8324, Loss: 3.9762
  Batch 2960/8324, Loss: 4.3370
  Batch 2970/8324, Loss: 4.2683
  Batch 2980/8324, Loss: 4.1566
  Batch 2990/8324, Loss: 4.8526
  Batch 3000/8324, Loss: 4.7071
  Batch 3010/8324, Loss: 4.1781
  Batch 3020/8324, Loss: 4.1409
  Batch 3030/8324, Loss: 4.7021
  Batch 3040/8324, Loss: 5.0115
  Batch 3050/8324, Loss: 5.0296
  Batch 3060/8324, Loss: 4.4133
  Batch 3070/8324, Loss: 4.0471
  Batch 3080/8324, Loss: 4.3583
  Batch 3090/8324, Loss: 4.8220
  Batch 3100/8324, Loss: 4.0913
  Batch 3110/8324, Loss: 4.3028
  Batch 3120/8324, Loss: 4.6084
  Batch 3130/8324, Loss: 4.6111
  Batch 3140/8324, Loss: 4.5779
  Batch 3150/8324, Loss: 4.7856
  Batch 3160/8324, Loss: 4.8689
  Batch 3170/8324, Loss: 4.5730
  Batch 3180/8324, Loss: 4.2456
  Batch 3190/8324, Loss: 4.2922
  Batch 3200/8324, Loss: 4.4559
  Batch 3210/8324, Loss: 4.3789
  Batch 3220/8324, Loss: 5.3427
  Batch 3230/8324, Loss: 4.8065
  Batch 3240/8324, Loss: 4.4527
  Batch 3250/8324, Loss: 4.3553
  Batch 3260/8324, Loss: 4.4163
  Batch 3270/8324, Loss: 4.1872
  Batch 3280/8324, Loss: 4.0049
  Batch 3290/8324, Loss: 4.2036
  Batch 3300/8324, Loss: 4.4718
  Batch 3310/8324, Loss: 4.1561
  Batch 3320/8324, Loss: 4.0010
  Batch 3330/8324, Loss: 4.4361
  Batch 3340/8324, Loss: 4.7532
  Batch 3350/8324, Loss: 4.7596
  Batch 3360/8324, Loss: 4.2662
  Batch 3370/8324, Loss: 5.1678
  Batch 3380/8324, Loss: 4.2049
  Batch 3390/8324, Loss: 4.1999
  Batch 3400/8324, Loss: 4.7945
  Batch 3410/8324, Loss: 4.5269
  Batch 3420/8324, Loss: 4.3072
  Batch 3430/8324, Loss: 4.2988
  Batch 3440/8324, Loss: 4.5229
  Batch 3450/8324, Loss: 4.6499
  Batch 3460/8324, Loss: 4.4605
  Batch 3470/8324, Loss: 4.6170
  Batch 3480/8324, Loss: 4.3874
  Batch 3490/8324, Loss: 4.8848
  Batch 3500/8324, Loss: 5.0473
  Batch 3510/8324, Loss: 4.4295
  Batch 3520/8324, Loss: 4.3165
  Batch 3530/8324, Loss: 4.4621
  Batch 3540/8324, Loss: 3.7604
  Batch 3550/8324, Loss: 4.3751
  Batch 3560/8324, Loss: 4.3462
  Batch 3570/8324, Loss: 3.7395
  Batch 3580/8324, Loss: 4.6355
  Batch 3590/8324, Loss: 5.0010
  Batch 3600/8324, Loss: 4.7683
  Batch 3610/8324, Loss: 4.5786
  Batch 3620/8324, Loss: 4.6154
  Batch 3630/8324, Loss: 4.3304
  Batch 3640/8324, Loss: 4.4197
  Batch 3650/8324, Loss: 3.8514
  Batch 3660/8324, Loss: 4.4508
  Batch 3670/8324, Loss: 4.5401
  Batch 3680/8324, Loss: 4.3475
  Batch 3690/8324, Loss: 4.0290
  Batch 3700/8324, Loss: 4.2489
  Batch 3710/8324, Loss: 4.3530
  Batch 3720/8324, Loss: 4.7899
  Batch 3730/8324, Loss: 4.2565
  Batch 3740/8324, Loss: 4.0407
  Batch 3750/8324, Loss: 4.4959
  Batch 3760/8324, Loss: 4.5259
  Batch 3770/8324, Loss: 3.9271
  Batch 3780/8324, Loss: 4.9926
  Batch 3790/8324, Loss: 4.2186
  Batch 3800/8324, Loss: 4.3070
  Batch 3810/8324, Loss: 4.3244
  Batch 3820/8324, Loss: 4.7614
  Batch 3830/8324, Loss: 4.6419
  Batch 3840/8324, Loss: 4.7985
  Batch 3850/8324, Loss: 4.4460
  Batch 3860/8324, Loss: 4.4810
  Batch 3870/8324, Loss: 4.5985
  Batch 3880/8324, Loss: 3.9779
  Batch 3890/8324, Loss: 4.7920
  Batch 3900/8324, Loss: 4.6981
  Batch 3910/8324, Loss: 3.7978
  Batch 3920/8324, Loss: 4.9186
  Batch 3930/8324, Loss: 4.1489
  Batch 3940/8324, Loss: 4.1384
  Batch 3950/8324, Loss: 4.5105
  Batch 3960/8324, Loss: 4.4945
  Batch 3970/8324, Loss: 4.6545
  Batch 3980/8324, Loss: 4.8996
  Batch 3990/8324, Loss: 4.2291
  Batch 4000/8324, Loss: 4.8260
  Batch 4010/8324, Loss: 5.1373
  Batch 4020/8324, Loss: 4.6916
  Batch 4030/8324, Loss: 4.7474
  Batch 4040/8324, Loss: 4.9467
  Batch 4050/8324, Loss: 4.5064
  Batch 4060/8324, Loss: 4.8316
  Batch 4070/8324, Loss: 4.6273
  Batch 4080/8324, Loss: 4.2318
  Batch 4090/8324, Loss: 4.2954
  Batch 4100/8324, Loss: 4.3666
  Batch 4110/8324, Loss: 4.4886
  Batch 4120/8324, Loss: 4.1476
  Batch 4130/8324, Loss: 4.3709
  Batch 4140/8324, Loss: 4.2660
  Batch 4150/8324, Loss: 4.4805
  Batch 4160/8324, Loss: 3.8356
  Batch 4170/8324, Loss: 4.1677
  Batch 4180/8324, Loss: 4.4550
  Batch 4190/8324, Loss: 4.2793
  Batch 4200/8324, Loss: 4.1213
  Batch 4210/8324, Loss: 4.7386
  Batch 4220/8324, Loss: 4.1541
  Batch 4230/8324, Loss: 4.0058
  Batch 4240/8324, Loss: 4.8076
  Batch 4250/8324, Loss: 4.5032
  Batch 4260/8324, Loss: 3.9318
  Batch 4270/8324, Loss: 4.5532
  Batch 4280/8324, Loss: 3.7772
  Batch 4290/8324, Loss: 4.3661
  Batch 4300/8324, Loss: 4.0626
  Batch 4310/8324, Loss: 4.2514
  Batch 4320/8324, Loss: 4.4789
  Batch 4330/8324, Loss: 4.3253
  Batch 4340/8324, Loss: 4.1402
  Batch 4350/8324, Loss: 4.4190
  Batch 4360/8324, Loss: 4.1482
  Batch 4370/8324, Loss: 4.3883
  Batch 4380/8324, Loss: 4.5709
  Batch 4390/8324, Loss: 4.2638
  Batch 4400/8324, Loss: 4.3847
  Batch 4410/8324, Loss: 4.3789
  Batch 4420/8324, Loss: 4.8921
  Batch 4430/8324, Loss: 4.5506
  Batch 4440/8324, Loss: 4.6931
  Batch 4450/8324, Loss: 4.5032
  Batch 4460/8324, Loss: 3.8972
  Batch 4470/8324, Loss: 4.6903
  Batch 4480/8324, Loss: 4.6005
  Batch 4490/8324, Loss: 4.5722
  Batch 4500/8324, Loss: 4.2657
  Batch 4510/8324, Loss: 4.5434
  Batch 4520/8324, Loss: 4.5274
  Batch 4530/8324, Loss: 4.1477
  Batch 4540/8324, Loss: 4.2184
  Batch 4550/8324, Loss: 5.1647
  Batch 4560/8324, Loss: 3.9899
  Batch 4570/8324, Loss: 5.0620
  Batch 4580/8324, Loss: 4.4452
  Batch 4590/8324, Loss: 4.5795
  Batch 4600/8324, Loss: 5.0632
  Batch 4610/8324, Loss: 4.5986
  Batch 4620/8324, Loss: 4.8432
  Batch 4630/8324, Loss: 4.3449
  Batch 4640/8324, Loss: 4.6835
  Batch 4650/8324, Loss: 3.8568
  Batch 4660/8324, Loss: 4.3541
  Batch 4670/8324, Loss: 5.0525
  Batch 4680/8324, Loss: 5.0289
  Batch 4690/8324, Loss: 3.8153
  Batch 4700/8324, Loss: 4.3438
  Batch 4710/8324, Loss: 4.6384
  Batch 4720/8324, Loss: 3.9330
  Batch 4730/8324, Loss: 4.0728
  Batch 4740/8324, Loss: 4.9616
  Batch 4750/8324, Loss: 4.4271
  Batch 4760/8324, Loss: 4.2939
  Batch 4770/8324, Loss: 4.4923
  Batch 4780/8324, Loss: 4.5074
  Batch 4790/8324, Loss: 4.3939
  Batch 4800/8324, Loss: 4.6607
  Batch 4810/8324, Loss: 4.2857
  Batch 4820/8324, Loss: 4.3062
  Batch 4830/8324, Loss: 4.5404
  Batch 4840/8324, Loss: 4.6194
  Batch 4850/8324, Loss: 4.0624
  Batch 4860/8324, Loss: 4.1610
  Batch 4870/8324, Loss: 4.2134
  Batch 4880/8324, Loss: 4.5383
  Batch 4890/8324, Loss: 4.3481
  Batch 4900/8324, Loss: 4.6893
  Batch 4910/8324, Loss: 3.8943
  Batch 4920/8324, Loss: 4.2595
  Batch 4930/8324, Loss: 4.2220
  Batch 4940/8324, Loss: 4.8130
  Batch 4950/8324, Loss: 4.5036
  Batch 4960/8324, Loss: 4.3905
  Batch 4970/8324, Loss: 4.6690
  Batch 4980/8324, Loss: 4.6131
  Batch 4990/8324, Loss: 4.7341
  Batch 5000/8324, Loss: 4.1368
  Batch 5010/8324, Loss: 4.8473
  Batch 5020/8324, Loss: 3.8806
  Batch 5030/8324, Loss: 4.7805
  Batch 5040/8324, Loss: 3.4055
  Batch 5050/8324, Loss: 4.6891
  Batch 5060/8324, Loss: 4.4486
  Batch 5070/8324, Loss: 4.4277
  Batch 5080/8324, Loss: 4.5236
  Batch 5090/8324, Loss: 4.5096
  Batch 5100/8324, Loss: 4.8769
  Batch 5110/8324, Loss: 4.7489
  Batch 5120/8324, Loss: 4.4118
  Batch 5130/8324, Loss: 4.8982
  Batch 5140/8324, Loss: 4.1067
  Batch 5150/8324, Loss: 4.4937
  Batch 5160/8324, Loss: 4.6504
  Batch 5170/8324, Loss: 4.5001
  Batch 5180/8324, Loss: 4.5068
  Batch 5190/8324, Loss: 4.4584
  Batch 5200/8324, Loss: 4.6456
  Batch 5210/8324, Loss: 4.4962
  Batch 5220/8324, Loss: 4.8305
  Batch 5230/8324, Loss: 4.3097
  Batch 5240/8324, Loss: 4.9724
  Batch 5250/8324, Loss: 3.9170
  Batch 5260/8324, Loss: 4.3276
  Batch 5270/8324, Loss: 4.6238
  Batch 5280/8324, Loss: 4.2351
  Batch 5290/8324, Loss: 4.6632
  Batch 5300/8324, Loss: 4.4060
  Batch 5310/8324, Loss: 4.1126
  Batch 5320/8324, Loss: 4.3206
  Batch 5330/8324, Loss: 4.8516
  Batch 5340/8324, Loss: 4.5248
  Batch 5350/8324, Loss: 4.6181
  Batch 5360/8324, Loss: 4.3158
  Batch 5370/8324, Loss: 4.7481
  Batch 5380/8324, Loss: 4.6264
  Batch 5390/8324, Loss: 4.6011
  Batch 5400/8324, Loss: 4.0520
  Batch 5410/8324, Loss: 3.7662
  Batch 5420/8324, Loss: 4.3782
  Batch 5430/8324, Loss: 4.4545
  Batch 5440/8324, Loss: 4.8600
  Batch 5450/8324, Loss: 4.3514
  Batch 5460/8324, Loss: 4.2338
  Batch 5470/8324, Loss: 4.3485
  Batch 5480/8324, Loss: 4.4240
  Batch 5490/8324, Loss: 4.1682
  Batch 5500/8324, Loss: 4.4737
  Batch 5510/8324, Loss: 4.7766
  Batch 5520/8324, Loss: 4.7704
  Batch 5530/8324, Loss: 4.6771
  Batch 5540/8324, Loss: 4.1734
  Batch 5550/8324, Loss: 4.2657
  Batch 5560/8324, Loss: 4.2409
  Batch 5570/8324, Loss: 4.5697
  Batch 5580/8324, Loss: 4.5779
  Batch 5590/8324, Loss: 4.3566
  Batch 5600/8324, Loss: 4.4234
  Batch 5610/8324, Loss: 4.2454
  Batch 5620/8324, Loss: 4.2345
  Batch 5630/8324, Loss: 4.4234
  Batch 5640/8324, Loss: 4.4925
  Batch 5650/8324, Loss: 5.0646
  Batch 5660/8324, Loss: 4.7025
  Batch 5670/8324, Loss: 4.5503
  Batch 5680/8324, Loss: 4.1746
  Batch 5690/8324, Loss: 4.4930
  Batch 5700/8324, Loss: 3.9684
  Batch 5710/8324, Loss: 4.2938
  Batch 5720/8324, Loss: 4.4167
  Batch 5730/8324, Loss: 3.7810
  Batch 5740/8324, Loss: 4.5791
  Batch 5750/8324, Loss: 4.6838
  Batch 5760/8324, Loss: 4.8083
  Batch 5770/8324, Loss: 4.7879
  Batch 5780/8324, Loss: 4.2604
  Batch 5790/8324, Loss: 4.7188
  Batch 5800/8324, Loss: 4.3277
  Batch 5810/8324, Loss: 4.2227
  Batch 5820/8324, Loss: 4.2093
  Batch 5830/8324, Loss: 4.4838
  Batch 5840/8324, Loss: 4.5144
  Batch 5850/8324, Loss: 4.3813
  Batch 5860/8324, Loss: 4.8194
  Batch 5870/8324, Loss: 4.4875
  Batch 5880/8324, Loss: 4.6890
  Batch 5890/8324, Loss: 4.5927
  Batch 5900/8324, Loss: 4.8980
  Batch 5910/8324, Loss: 4.8465
  Batch 5920/8324, Loss: 4.4783
  Batch 5930/8324, Loss: 4.7715
  Batch 5940/8324, Loss: 4.0335
  Batch 5950/8324, Loss: 4.5495
  Batch 5960/8324, Loss: 4.6809
  Batch 5970/8324, Loss: 3.9407
  Batch 5980/8324, Loss: 4.4036
  Batch 5990/8324, Loss: 3.5352
  Batch 6000/8324, Loss: 4.0422
  Batch 6010/8324, Loss: 4.6024
  Batch 6020/8324, Loss: 3.9190
  Batch 6030/8324, Loss: 4.1755
  Batch 6040/8324, Loss: 4.3202
  Batch 6050/8324, Loss: 4.7473
  Batch 6060/8324, Loss: 4.1296
  Batch 6070/8324, Loss: 4.3538
  Batch 6080/8324, Loss: 4.0789
  Batch 6090/8324, Loss: 4.4176
  Batch 6100/8324, Loss: 4.8286
  Batch 6110/8324, Loss: 4.8019
  Batch 6120/8324, Loss: 4.2648
  Batch 6130/8324, Loss: 4.1603
  Batch 6140/8324, Loss: 4.2074
  Batch 6150/8324, Loss: 4.0771
  Batch 6160/8324, Loss: 4.3122
  Batch 6170/8324, Loss: 4.0342
  Batch 6180/8324, Loss: 4.7793
  Batch 6190/8324, Loss: 4.5505
  Batch 6200/8324, Loss: 4.5510
  Batch 6210/8324, Loss: 4.0279
  Batch 6220/8324, Loss: 4.6153
  Batch 6230/8324, Loss: 3.7426
  Batch 6240/8324, Loss: 4.2967
  Batch 6250/8324, Loss: 4.9045
  Batch 6260/8324, Loss: 4.6306
  Batch 6270/8324, Loss: 3.8041
  Batch 6280/8324, Loss: 4.5418
  Batch 6290/8324, Loss: 4.3124
  Batch 6300/8324, Loss: 4.4196
  Batch 6310/8324, Loss: 4.2554
  Batch 6320/8324, Loss: 5.1305
  Batch 6330/8324, Loss: 4.7581
  Batch 6340/8324, Loss: 4.5198
  Batch 6350/8324, Loss: 4.6333
  Batch 6360/8324, Loss: 4.1681
  Batch 6370/8324, Loss: 4.6633
  Batch 6380/8324, Loss: 4.2618
  Batch 6390/8324, Loss: 4.9192
  Batch 6400/8324, Loss: 4.8146
  Batch 6410/8324, Loss: 4.5029
  Batch 6420/8324, Loss: 4.2085
  Batch 6430/8324, Loss: 4.5900
  Batch 6440/8324, Loss: 4.8523
  Batch 6450/8324, Loss: 4.5305
  Batch 6460/8324, Loss: 4.6370
  Batch 6470/8324, Loss: 4.3214
  Batch 6480/8324, Loss: 5.0875
  Batch 6490/8324, Loss: 5.3088
  Batch 6500/8324, Loss: 4.9794
  Batch 6510/8324, Loss: 4.8826
  Batch 6520/8324, Loss: 4.7576
  Batch 6530/8324, Loss: 4.8559
  Batch 6540/8324, Loss: 4.5314
  Batch 6550/8324, Loss: 4.4880
  Batch 6560/8324, Loss: 4.7191
  Batch 6570/8324, Loss: 4.3085
  Batch 6580/8324, Loss: 3.8744
  Batch 6590/8324, Loss: 4.1015
  Batch 6600/8324, Loss: 4.0859
  Batch 6610/8324, Loss: 3.9633
  Batch 6620/8324, Loss: 4.3392
  Batch 6630/8324, Loss: 4.9624
  Batch 6640/8324, Loss: 4.6485
  Batch 6650/8324, Loss: 5.0196
  Batch 6660/8324, Loss: 4.1494
  Batch 6670/8324, Loss: 4.5572
  Batch 6680/8324, Loss: 4.1965
  Batch 6690/8324, Loss: 4.1394
  Batch 6700/8324, Loss: 4.5959
  Batch 6710/8324, Loss: 5.0368
  Batch 6720/8324, Loss: 4.4133
  Batch 6730/8324, Loss: 4.7981
  Batch 6740/8324, Loss: 4.1417
  Batch 6750/8324, Loss: 4.2185
  Batch 6760/8324, Loss: 3.9563
  Batch 6770/8324, Loss: 4.2135
  Batch 6780/8324, Loss: 4.5117
  Batch 6790/8324, Loss: 3.8971
  Batch 6800/8324, Loss: 4.7832
  Batch 6810/8324, Loss: 4.6460
  Batch 6820/8324, Loss: 4.5993
  Batch 6830/8324, Loss: 4.1227
  Batch 6840/8324, Loss: 4.7812
  Batch 6850/8324, Loss: 4.8163
  Batch 6860/8324, Loss: 4.4560
  Batch 6870/8324, Loss: 4.6056
  Batch 6880/8324, Loss: 4.5084
  Batch 6890/8324, Loss: 4.4623
  Batch 6900/8324, Loss: 4.9349
  Batch 6910/8324, Loss: 4.6514
  Batch 6920/8324, Loss: 4.4434
  Batch 6930/8324, Loss: 4.3707
  Batch 6940/8324, Loss: 4.8057
  Batch 6950/8324, Loss: 3.8641
  Batch 6960/8324, Loss: 4.1741
  Batch 6970/8324, Loss: 4.6527
  Batch 6980/8324, Loss: 4.3824
  Batch 6990/8324, Loss: 4.3346
  Batch 7000/8324, Loss: 4.2424
  Batch 7010/8324, Loss: 4.2191
  Batch 7020/8324, Loss: 4.6366
  Batch 7030/8324, Loss: 5.1429
  Batch 7040/8324, Loss: 4.6685
  Batch 7050/8324, Loss: 4.2856
  Batch 7060/8324, Loss: 4.1616
  Batch 7070/8324, Loss: 4.3241
  Batch 7080/8324, Loss: 4.5735
  Batch 7090/8324, Loss: 4.2715
  Batch 7100/8324, Loss: 4.0644
  Batch 7110/8324, Loss: 4.5560
  Batch 7120/8324, Loss: 4.3260
  Batch 7130/8324, Loss: 4.2559
  Batch 7140/8324, Loss: 4.6466
  Batch 7150/8324, Loss: 4.1271
  Batch 7160/8324, Loss: 4.5230
  Batch 7170/8324, Loss: 4.4911
  Batch 7180/8324, Loss: 4.2803
  Batch 7190/8324, Loss: 4.6247
  Batch 7200/8324, Loss: 3.9709
  Batch 7210/8324, Loss: 4.9873
  Batch 7220/8324, Loss: 4.8494
  Batch 7230/8324, Loss: 4.3348
  Batch 7240/8324, Loss: 4.7180
  Batch 7250/8324, Loss: 4.2479
  Batch 7260/8324, Loss: 4.3912
  Batch 7270/8324, Loss: 4.1177
  Batch 7280/8324, Loss: 4.3874
  Batch 7290/8324, Loss: 4.7381
  Batch 7300/8324, Loss: 4.4192
  Batch 7310/8324, Loss: 4.6718
  Batch 7320/8324, Loss: 4.4219
  Batch 7330/8324, Loss: 4.1926
  Batch 7340/8324, Loss: 4.5729
  Batch 7350/8324, Loss: 4.5888
  Batch 7360/8324, Loss: 4.7234
  Batch 7370/8324, Loss: 4.8748
  Batch 7380/8324, Loss: 4.7078
  Batch 7390/8324, Loss: 5.1663
  Batch 7400/8324, Loss: 4.4546
  Batch 7410/8324, Loss: 4.9732
  Batch 7420/8324, Loss: 4.5970
  Batch 7430/8324, Loss: 4.2898
  Batch 7440/8324, Loss: 4.7807
  Batch 7450/8324, Loss: 4.4262
  Batch 7460/8324, Loss: 3.4985
  Batch 7470/8324, Loss: 5.0202
  Batch 7480/8324, Loss: 4.8705
  Batch 7490/8324, Loss: 4.7219
  Batch 7500/8324, Loss: 4.6690
  Batch 7510/8324, Loss: 4.8786
  Batch 7520/8324, Loss: 4.1213
  Batch 7530/8324, Loss: 3.9352
  Batch 7540/8324, Loss: 4.5273
  Batch 7550/8324, Loss: 4.4805
  Batch 7560/8324, Loss: 4.7030
  Batch 7570/8324, Loss: 4.5965
  Batch 7580/8324, Loss: 5.2000
  Batch 7590/8324, Loss: 4.3810
  Batch 7600/8324, Loss: 5.0766
  Batch 7610/8324, Loss: 3.9700
  Batch 7620/8324, Loss: 4.7307
  Batch 7630/8324, Loss: 4.9780
  Batch 7640/8324, Loss: 4.7864
  Batch 7650/8324, Loss: 4.3612
  Batch 7660/8324, Loss: 4.1350
  Batch 7670/8324, Loss: 4.0833
  Batch 7680/8324, Loss: 4.2382
  Batch 7690/8324, Loss: 4.5226
  Batch 7700/8324, Loss: 4.0087
  Batch 7710/8324, Loss: 4.3702
  Batch 7720/8324, Loss: 4.3978
  Batch 7730/8324, Loss: 4.6927
  Batch 7740/8324, Loss: 4.5219
  Batch 7750/8324, Loss: 3.9380
  Batch 7760/8324, Loss: 4.1577
  Batch 7770/8324, Loss: 4.5361
  Batch 7780/8324, Loss: 4.6891
  Batch 7790/8324, Loss: 4.0672
  Batch 7800/8324, Loss: 4.9622
  Batch 7810/8324, Loss: 4.4496
  Batch 7820/8324, Loss: 4.9531
  Batch 7830/8324, Loss: 4.1187
  Batch 7840/8324, Loss: 4.3157
  Batch 7850/8324, Loss: 4.8760
  Batch 7860/8324, Loss: 4.7818
  Batch 7870/8324, Loss: 4.2074
  Batch 7880/8324, Loss: 3.9286
  Batch 7890/8324, Loss: 4.3199
  Batch 7900/8324, Loss: 4.6742
  Batch 7910/8324, Loss: 4.3097
  Batch 7920/8324, Loss: 4.4709
  Batch 7930/8324, Loss: 4.0765
  Batch 7940/8324, Loss: 4.6740
  Batch 7950/8324, Loss: 5.1560
  Batch 7960/8324, Loss: 4.6790
  Batch 7970/8324, Loss: 4.0413
  Batch 7980/8324, Loss: 4.7383
  Batch 7990/8324, Loss: 4.0754
  Batch 8000/8324, Loss: 4.6224
  Batch 8010/8324, Loss: 4.1175
  Batch 8020/8324, Loss: 3.9272
  Batch 8030/8324, Loss: 4.2849
  Batch 8040/8324, Loss: 4.3477
  Batch 8050/8324, Loss: 4.0433
  Batch 8060/8324, Loss: 4.0877
  Batch 8070/8324, Loss: 4.7231
  Batch 8080/8324, Loss: 4.2444
  Batch 8090/8324, Loss: 3.7050
  Batch 8100/8324, Loss: 4.3021
  Batch 8110/8324, Loss: 4.2968
  Batch 8120/8324, Loss: 4.3381
  Batch 8130/8324, Loss: 4.4952
  Batch 8140/8324, Loss: 4.0313
  Batch 8150/8324, Loss: 4.7744
  Batch 8160/8324, Loss: 4.3681
  Batch 8170/8324, Loss: 4.0599
  Batch 8180/8324, Loss: 4.6157
  Batch 8190/8324, Loss: 4.4310
  Batch 8200/8324, Loss: 4.1267
  Batch 8210/8324, Loss: 4.9012
  Batch 8220/8324, Loss: 4.2293
  Batch 8230/8324, Loss: 4.9583
  Batch 8240/8324, Loss: 4.1503
  Batch 8250/8324, Loss: 4.8606
  Batch 8260/8324, Loss: 4.3945
  Batch 8270/8324, Loss: 4.0582
  Batch 8280/8324, Loss: 4.5970
  Batch 8290/8324, Loss: 4.3549
  Batch 8300/8324, Loss: 4.0981
  Batch 8310/8324, Loss: 4.7936
  Batch 8320/8324, Loss: 4.9199

  Train Loss: 4.4141
  Val Loss: 6.7459
  Time: 30m 13s

Epoch 12/20
----------------------------------------
  Batch 10/8324, Loss: 4.4900
  Batch 20/8324, Loss: 4.6123
  Batch 30/8324, Loss: 3.9883
  Batch 40/8324, Loss: 4.1670
  Batch 50/8324, Loss: 3.2501
  Batch 60/8324, Loss: 4.2546
  Batch 70/8324, Loss: 4.4369
  Batch 80/8324, Loss: 4.5013
  Batch 90/8324, Loss: 4.2172
  Batch 100/8324, Loss: 4.8621
  Batch 110/8324, Loss: 4.4783
  Batch 120/8324, Loss: 3.8796
  Batch 130/8324, Loss: 4.3096
  Batch 140/8324, Loss: 4.4123
  Batch 150/8324, Loss: 4.2218
  Batch 160/8324, Loss: 3.3746
  Batch 170/8324, Loss: 4.9815
  Batch 180/8324, Loss: 4.1999
  Batch 190/8324, Loss: 3.9578
  Batch 200/8324, Loss: 4.4860
  Batch 210/8324, Loss: 4.5165
  Batch 220/8324, Loss: 3.9785
  Batch 230/8324, Loss: 4.8286
  Batch 240/8324, Loss: 4.1196
  Batch 250/8324, Loss: 4.6586
  Batch 260/8324, Loss: 3.6319
  Batch 270/8324, Loss: 3.7721
  Batch 280/8324, Loss: 4.2294
  Batch 290/8324, Loss: 4.0350
  Batch 300/8324, Loss: 3.4281
  Batch 310/8324, Loss: 4.1626
  Batch 320/8324, Loss: 4.5999
  Batch 330/8324, Loss: 4.0070
  Batch 340/8324, Loss: 4.2466
  Batch 350/8324, Loss: 4.5296
  Batch 360/8324, Loss: 4.0361
  Batch 370/8324, Loss: 3.9706
  Batch 380/8324, Loss: 4.8170
  Batch 390/8324, Loss: 4.6789
  Batch 400/8324, Loss: 3.9487
  Batch 410/8324, Loss: 4.0340
  Batch 420/8324, Loss: 4.8417
  Batch 430/8324, Loss: 4.5277
  Batch 440/8324, Loss: 4.3099
  Batch 450/8324, Loss: 4.2902
  Batch 460/8324, Loss: 4.4119
  Batch 470/8324, Loss: 4.2217
  Batch 480/8324, Loss: 4.4313
  Batch 490/8324, Loss: 4.7479
  Batch 500/8324, Loss: 4.3888
  Batch 510/8324, Loss: 3.9694
  Batch 520/8324, Loss: 4.4952
  Batch 530/8324, Loss: 4.4324
  Batch 540/8324, Loss: 4.3301
  Batch 550/8324, Loss: 4.6127
  Batch 560/8324, Loss: 4.5302
  Batch 570/8324, Loss: 4.4240
  Batch 580/8324, Loss: 4.8462
  Batch 590/8324, Loss: 4.5970
  Batch 600/8324, Loss: 4.7517
  Batch 610/8324, Loss: 4.1297
  Batch 620/8324, Loss: 4.5873
  Batch 630/8324, Loss: 4.7103
  Batch 640/8324, Loss: 4.8354
  Batch 650/8324, Loss: 3.9892
  Batch 660/8324, Loss: 3.5557
  Batch 670/8324, Loss: 4.4347
  Batch 680/8324, Loss: 4.5713
  Batch 690/8324, Loss: 4.9255
  Batch 700/8324, Loss: 4.3098
  Batch 710/8324, Loss: 4.6976
  Batch 720/8324, Loss: 4.2022
  Batch 730/8324, Loss: 4.5618
  Batch 740/8324, Loss: 4.4606
  Batch 750/8324, Loss: 4.3484
  Batch 760/8324, Loss: 4.0452
  Batch 770/8324, Loss: 4.2776
  Batch 780/8324, Loss: 4.6609
  Batch 790/8324, Loss: 4.6388
  Batch 800/8324, Loss: 3.1275
  Batch 810/8324, Loss: 4.5900
  Batch 820/8324, Loss: 4.9804
  Batch 830/8324, Loss: 4.5309
  Batch 840/8324, Loss: 4.0394
  Batch 850/8324, Loss: 3.8966
  Batch 860/8324, Loss: 4.1497
  Batch 870/8324, Loss: 4.2688
  Batch 880/8324, Loss: 4.3727
  Batch 890/8324, Loss: 4.1370
  Batch 900/8324, Loss: 4.1468
  Batch 910/8324, Loss: 4.7785
  Batch 920/8324, Loss: 4.2105
  Batch 930/8324, Loss: 4.5323
  Batch 940/8324, Loss: 4.2737
  Batch 950/8324, Loss: 4.0318
  Batch 960/8324, Loss: 4.0089
  Batch 970/8324, Loss: 4.3089
  Batch 980/8324, Loss: 4.2905
  Batch 990/8324, Loss: 4.3138
  Batch 1000/8324, Loss: 4.5153
  Batch 1010/8324, Loss: 4.5265
  Batch 1020/8324, Loss: 4.5024
  Batch 1030/8324, Loss: 4.9413
  Batch 1040/8324, Loss: 4.0686
  Batch 1050/8324, Loss: 3.7888
  Batch 1060/8324, Loss: 4.6856
  Batch 1070/8324, Loss: 4.3087
  Batch 1080/8324, Loss: 4.6589
  Batch 1090/8324, Loss: 4.4179
  Batch 1100/8324, Loss: 4.8901
  Batch 1110/8324, Loss: 4.4882
  Batch 1120/8324, Loss: 4.8148
  Batch 1130/8324, Loss: 3.5797
  Batch 1140/8324, Loss: 4.2862
  Batch 1150/8324, Loss: 4.1241
  Batch 1160/8324, Loss: 3.9648
  Batch 1170/8324, Loss: 4.2697
  Batch 1180/8324, Loss: 4.1219
  Batch 1190/8324, Loss: 4.1341
  Batch 1200/8324, Loss: 5.0464
  Batch 1210/8324, Loss: 4.2542
  Batch 1220/8324, Loss: 3.7806
  Batch 1230/8324, Loss: 4.0820
  Batch 1240/8324, Loss: 4.3064
  Batch 1250/8324, Loss: 4.4682
  Batch 1260/8324, Loss: 4.2670
  Batch 1270/8324, Loss: 4.6737
  Batch 1280/8324, Loss: 5.0820
  Batch 1290/8324, Loss: 4.0541
  Batch 1300/8324, Loss: 4.5832
  Batch 1310/8324, Loss: 5.0262
  Batch 1320/8324, Loss: 4.2340
  Batch 1330/8324, Loss: 4.3011
  Batch 1340/8324, Loss: 4.8350
  Batch 1350/8324, Loss: 3.9540
  Batch 1360/8324, Loss: 4.6020
  Batch 1370/8324, Loss: 3.5470
  Batch 1380/8324, Loss: 4.6376
  Batch 1390/8324, Loss: 4.5327
  Batch 1400/8324, Loss: 4.0171
  Batch 1410/8324, Loss: 4.5666
  Batch 1420/8324, Loss: 4.6640
  Batch 1430/8324, Loss: 4.2291
  Batch 1440/8324, Loss: 4.5272
  Batch 1450/8324, Loss: 4.5701
  Batch 1460/8324, Loss: 4.1875
  Batch 1470/8324, Loss: 4.7895
  Batch 1480/8324, Loss: 3.3469
  Batch 1490/8324, Loss: 4.5185
  Batch 1500/8324, Loss: 4.1998
  Batch 1510/8324, Loss: 4.6305
  Batch 1520/8324, Loss: 4.5848
  Batch 1530/8324, Loss: 4.4363
  Batch 1540/8324, Loss: 4.0929
  Batch 1550/8324, Loss: 4.6837
  Batch 1560/8324, Loss: 3.8977
  Batch 1570/8324, Loss: 3.3341
  Batch 1580/8324, Loss: 4.1706
  Batch 1590/8324, Loss: 4.2391
  Batch 1600/8324, Loss: 4.0286
  Batch 1610/8324, Loss: 4.4384
  Batch 1620/8324, Loss: 4.9785
  Batch 1630/8324, Loss: 4.5495
  Batch 1640/8324, Loss: 3.8519
  Batch 1650/8324, Loss: 4.6456
  Batch 1660/8324, Loss: 3.9932
  Batch 1670/8324, Loss: 4.6309
  Batch 1680/8324, Loss: 4.0174
  Batch 1690/8324, Loss: 5.0240
  Batch 1700/8324, Loss: 4.7565
  Batch 1710/8324, Loss: 4.4299
  Batch 1720/8324, Loss: 4.0313
  Batch 1730/8324, Loss: 4.6303
  Batch 1740/8324, Loss: 4.4136
  Batch 1750/8324, Loss: 3.5615
  Batch 1760/8324, Loss: 4.3822
  Batch 1770/8324, Loss: 4.8462
  Batch 1780/8324, Loss: 4.1216
  Batch 1790/8324, Loss: 3.9929
  Batch 1800/8324, Loss: 4.6740
  Batch 1810/8324, Loss: 4.3698
  Batch 1820/8324, Loss: 4.9366
  Batch 1830/8324, Loss: 4.5178
  Batch 1840/8324, Loss: 4.3713
  Batch 1850/8324, Loss: 4.8754
  Batch 1860/8324, Loss: 4.1631
  Batch 1870/8324, Loss: 4.6123
  Batch 1880/8324, Loss: 4.3287
  Batch 1890/8324, Loss: 3.8937
  Batch 1900/8324, Loss: 4.4459
  Batch 1910/8324, Loss: 4.0309
  Batch 1920/8324, Loss: 4.1287
  Batch 1930/8324, Loss: 4.5744
  Batch 1940/8324, Loss: 4.1652
  Batch 1950/8324, Loss: 4.7061
  Batch 1960/8324, Loss: 3.9280
  Batch 1970/8324, Loss: 4.4163
  Batch 1980/8324, Loss: 4.6779
  Batch 1990/8324, Loss: 4.6063
  Batch 2000/8324, Loss: 4.4948
  Batch 2010/8324, Loss: 4.2958
  Batch 2020/8324, Loss: 4.0220
  Batch 2030/8324, Loss: 4.7039
  Batch 2040/8324, Loss: 4.5905
  Batch 2050/8324, Loss: 3.6251
  Batch 2060/8324, Loss: 4.5092
  Batch 2070/8324, Loss: 4.8628
  Batch 2080/8324, Loss: 3.7506
  Batch 2090/8324, Loss: 4.4907
  Batch 2100/8324, Loss: 4.8535
  Batch 2110/8324, Loss: 4.9408
  Batch 2120/8324, Loss: 4.0870
  Batch 2130/8324, Loss: 4.2421
  Batch 2140/8324, Loss: 4.4911
  Batch 2150/8324, Loss: 3.9674
  Batch 2160/8324, Loss: 4.6442
  Batch 2170/8324, Loss: 4.6047
  Batch 2180/8324, Loss: 3.7481
  Batch 2190/8324, Loss: 4.4083
  Batch 2200/8324, Loss: 4.3576
  Batch 2210/8324, Loss: 4.3164
  Batch 2220/8324, Loss: 4.2053
  Batch 2230/8324, Loss: 4.7831
  Batch 2240/8324, Loss: 4.4224
  Batch 2250/8324, Loss: 4.6578
  Batch 2260/8324, Loss: 4.0381
  Batch 2270/8324, Loss: 4.7119
  Batch 2280/8324, Loss: 4.1174
  Batch 2290/8324, Loss: 4.9128
  Batch 2300/8324, Loss: 4.6914
  Batch 2310/8324, Loss: 4.5409
  Batch 2320/8324, Loss: 4.5986
  Batch 2330/8324, Loss: 4.5063
  Batch 2340/8324, Loss: 4.9416
  Batch 2350/8324, Loss: 5.2302
  Batch 2360/8324, Loss: 4.3813
  Batch 2370/8324, Loss: 3.8407
  Batch 2380/8324, Loss: 4.6406
  Batch 2390/8324, Loss: 4.0674
  Batch 2400/8324, Loss: 4.0337
  Batch 2410/8324, Loss: 4.2216
  Batch 2420/8324, Loss: 4.9537
  Batch 2430/8324, Loss: 4.6702
  Batch 2440/8324, Loss: 3.8295
  Batch 2450/8324, Loss: 4.4316
  Batch 2460/8324, Loss: 4.0542
  Batch 2470/8324, Loss: 3.7922
  Batch 2480/8324, Loss: 4.5244
  Batch 2490/8324, Loss: 3.7169
  Batch 2500/8324, Loss: 4.8347
  Batch 2510/8324, Loss: 4.5881
  Batch 2520/8324, Loss: 4.1933
  Batch 2530/8324, Loss: 4.4297
  Batch 2540/8324, Loss: 4.3223
  Batch 2550/8324, Loss: 3.9992
  Batch 2560/8324, Loss: 4.5707
  Batch 2570/8324, Loss: 4.2002
  Batch 2580/8324, Loss: 4.3368
  Batch 2590/8324, Loss: 4.2864
  Batch 2600/8324, Loss: 4.1908
  Batch 2610/8324, Loss: 4.4290
  Batch 2620/8324, Loss: 4.4403
  Batch 2630/8324, Loss: 4.4862
  Batch 2640/8324, Loss: 4.3529
  Batch 2650/8324, Loss: 4.5635
  Batch 2660/8324, Loss: 4.0296
  Batch 2670/8324, Loss: 4.0606
  Batch 2680/8324, Loss: 4.6151
  Batch 2690/8324, Loss: 4.3212
  Batch 2700/8324, Loss: 4.7989
  Batch 2710/8324, Loss: 4.0789
  Batch 2720/8324, Loss: 4.4703
  Batch 2730/8324, Loss: 4.6331
  Batch 2740/8324, Loss: 4.1109
  Batch 2750/8324, Loss: 4.4062
  Batch 2760/8324, Loss: 4.5717
  Batch 2770/8324, Loss: 3.8571
  Batch 2780/8324, Loss: 4.3407
  Batch 2790/8324, Loss: 4.5182
  Batch 2800/8324, Loss: 4.9751
  Batch 2810/8324, Loss: 4.4718
  Batch 2820/8324, Loss: 4.5718
  Batch 2830/8324, Loss: 4.1226
  Batch 2840/8324, Loss: 4.6476
  Batch 2850/8324, Loss: 4.4323
  Batch 2860/8324, Loss: 3.4938
  Batch 2870/8324, Loss: 4.7165
  Batch 2880/8324, Loss: 4.3054
  Batch 2890/8324, Loss: 4.9293
  Batch 2900/8324, Loss: 3.9655
  Batch 2910/8324, Loss: 4.7925
  Batch 2920/8324, Loss: 4.4430
  Batch 2930/8324, Loss: 3.9832
  Batch 2940/8324, Loss: 4.0556
  Batch 2950/8324, Loss: 4.0143
  Batch 2960/8324, Loss: 3.7568
  Batch 2970/8324, Loss: 4.9996
  Batch 2980/8324, Loss: 4.5789
  Batch 2990/8324, Loss: 3.9912
  Batch 3000/8324, Loss: 4.9489
  Batch 3010/8324, Loss: 4.5186
  Batch 3020/8324, Loss: 4.4459
  Batch 3030/8324, Loss: 4.1959
  Batch 3040/8324, Loss: 4.4749
  Batch 3050/8324, Loss: 4.8971
  Batch 3060/8324, Loss: 3.9884
  Batch 3070/8324, Loss: 3.4978
  Batch 3080/8324, Loss: 4.4154
  Batch 3090/8324, Loss: 4.2300
  Batch 3100/8324, Loss: 4.4013
  Batch 3110/8324, Loss: 4.1397
  Batch 3120/8324, Loss: 4.2217
  Batch 3130/8324, Loss: 4.7044
  Batch 3140/8324, Loss: 4.2950
  Batch 3150/8324, Loss: 4.3176
  Batch 3160/8324, Loss: 3.9446
  Batch 3170/8324, Loss: 4.5938
  Batch 3180/8324, Loss: 4.7356
  Batch 3190/8324, Loss: 4.9779
  Batch 3200/8324, Loss: 4.9862
  Batch 3210/8324, Loss: 4.4296
  Batch 3220/8324, Loss: 4.2742
  Batch 3230/8324, Loss: 4.3483
  Batch 3240/8324, Loss: 4.5420
  Batch 3250/8324, Loss: 4.0821
  Batch 3260/8324, Loss: 4.5223
  Batch 3270/8324, Loss: 4.1783
  Batch 3280/8324, Loss: 4.3707
  Batch 3290/8324, Loss: 4.4425
  Batch 3300/8324, Loss: 4.4083
  Batch 3310/8324, Loss: 4.3698
  Batch 3320/8324, Loss: 3.9402
  Batch 3330/8324, Loss: 4.2718
  Batch 3340/8324, Loss: 4.2122
  Batch 3350/8324, Loss: 4.1963
  Batch 3360/8324, Loss: 4.2900
  Batch 3370/8324, Loss: 4.1739
  Batch 3380/8324, Loss: 4.4742
  Batch 3390/8324, Loss: 4.6639
  Batch 3400/8324, Loss: 4.4826
  Batch 3410/8324, Loss: 4.7322
  Batch 3420/8324, Loss: 3.6483
  Batch 3430/8324, Loss: 4.7830
  Batch 3440/8324, Loss: 4.3781
  Batch 3450/8324, Loss: 4.1752
  Batch 3460/8324, Loss: 4.2633
  Batch 3470/8324, Loss: 4.3314
  Batch 3480/8324, Loss: 3.9307
  Batch 3490/8324, Loss: 4.7647
  Batch 3500/8324, Loss: 4.3671
  Batch 3510/8324, Loss: 4.5251
  Batch 3520/8324, Loss: 4.0088
  Batch 3530/8324, Loss: 4.5902
  Batch 3540/8324, Loss: 4.1315
  Batch 3550/8324, Loss: 4.4376
  Batch 3560/8324, Loss: 4.1636
  Batch 3570/8324, Loss: 4.6248
  Batch 3580/8324, Loss: 3.9303
  Batch 3590/8324, Loss: 4.2399
  Batch 3600/8324, Loss: 4.4364
  Batch 3610/8324, Loss: 3.7428
  Batch 3620/8324, Loss: 4.6723
  Batch 3630/8324, Loss: 4.6574
  Batch 3640/8324, Loss: 4.4999
  Batch 3650/8324, Loss: 4.0160
  Batch 3660/8324, Loss: 4.5354
  Batch 3670/8324, Loss: 4.5381
  Batch 3680/8324, Loss: 4.5623
  Batch 3690/8324, Loss: 4.4869
  Batch 3700/8324, Loss: 4.6211
  Batch 3710/8324, Loss: 4.1698
  Batch 3720/8324, Loss: 4.0264
  Batch 3730/8324, Loss: 4.9419
  Batch 3740/8324, Loss: 3.9471
  Batch 3750/8324, Loss: 4.1083
  Batch 3760/8324, Loss: 4.0682
  Batch 3770/8324, Loss: 4.4199
  Batch 3780/8324, Loss: 4.5126
  Batch 3790/8324, Loss: 4.2728
  Batch 3800/8324, Loss: 4.2221
  Batch 3810/8324, Loss: 4.1465
  Batch 3820/8324, Loss: 4.4246
  Batch 3830/8324, Loss: 4.7827
  Batch 3840/8324, Loss: 4.1440
  Batch 3850/8324, Loss: 3.6693
  Batch 3860/8324, Loss: 4.9075
  Batch 3870/8324, Loss: 3.8666
  Batch 3880/8324, Loss: 4.3973
  Batch 3890/8324, Loss: 3.5671
  Batch 3900/8324, Loss: 4.0332
  Batch 3910/8324, Loss: 4.3501
  Batch 3920/8324, Loss: 5.2710
  Batch 3930/8324, Loss: 4.4328
  Batch 3940/8324, Loss: 4.2021
  Batch 3950/8324, Loss: 4.3762
  Batch 3960/8324, Loss: 4.2848
  Batch 3970/8324, Loss: 4.3917
  Batch 3980/8324, Loss: 4.9574
  Batch 3990/8324, Loss: 4.5281
  Batch 4000/8324, Loss: 4.4629
  Batch 4010/8324, Loss: 4.5213
  Batch 4020/8324, Loss: 4.5882
  Batch 4030/8324, Loss: 4.1959
  Batch 4040/8324, Loss: 4.5142
  Batch 4050/8324, Loss: 4.1338
  Batch 4060/8324, Loss: 5.0971
  Batch 4070/8324, Loss: 4.3245
  Batch 4080/8324, Loss: 4.0708
  Batch 4090/8324, Loss: 4.4510
  Batch 4100/8324, Loss: 4.4351
  Batch 4110/8324, Loss: 4.2583
  Batch 4120/8324, Loss: 3.3925
  Batch 4130/8324, Loss: 3.8400
  Batch 4140/8324, Loss: 4.6301
  Batch 4150/8324, Loss: 4.6910
  Batch 4160/8324, Loss: 4.7518
  Batch 4170/8324, Loss: 4.3193
  Batch 4180/8324, Loss: 4.3736
  Batch 4190/8324, Loss: 4.8010
  Batch 4200/8324, Loss: 4.4767
  Batch 4210/8324, Loss: 4.4619
  Batch 4220/8324, Loss: 3.9432
  Batch 4230/8324, Loss: 4.7708
  Batch 4240/8324, Loss: 3.6472
  Batch 4250/8324, Loss: 4.7684
  Batch 4260/8324, Loss: 4.8632
  Batch 4270/8324, Loss: 5.1242
  Batch 4280/8324, Loss: 4.8396
  Batch 4290/8324, Loss: 4.1116
  Batch 4300/8324, Loss: 4.5378
  Batch 4310/8324, Loss: 3.9760
  Batch 4320/8324, Loss: 4.2534
  Batch 4330/8324, Loss: 4.4780
  Batch 4340/8324, Loss: 3.7166
  Batch 4350/8324, Loss: 4.3000
  Batch 4360/8324, Loss: 4.2297
  Batch 4370/8324, Loss: 4.0466
  Batch 4380/8324, Loss: 4.6342
  Batch 4390/8324, Loss: 4.7472
  Batch 4400/8324, Loss: 4.8668
  Batch 4410/8324, Loss: 4.5042
  Batch 4420/8324, Loss: 4.4354
  Batch 4430/8324, Loss: 4.3163
  Batch 4440/8324, Loss: 4.2749
  Batch 4450/8324, Loss: 3.7289
  Batch 4460/8324, Loss: 4.1738
  Batch 4470/8324, Loss: 4.5273
  Batch 4480/8324, Loss: 3.9943
  Batch 4490/8324, Loss: 3.7231
  Batch 4500/8324, Loss: 4.3987
  Batch 4510/8324, Loss: 4.1920
  Batch 4520/8324, Loss: 4.4951
  Batch 4530/8324, Loss: 3.9586
  Batch 4540/8324, Loss: 4.1721
  Batch 4550/8324, Loss: 4.0148
  Batch 4560/8324, Loss: 4.7644
  Batch 4570/8324, Loss: 4.5995
  Batch 4580/8324, Loss: 4.5050
  Batch 4590/8324, Loss: 4.6825
  Batch 4600/8324, Loss: 4.2087
  Batch 4610/8324, Loss: 4.1599
  Batch 4620/8324, Loss: 4.5994
  Batch 4630/8324, Loss: 4.5011
  Batch 4640/8324, Loss: 4.7100
  Batch 4650/8324, Loss: 4.4168
  Batch 4660/8324, Loss: 5.1627
  Batch 4670/8324, Loss: 4.7180
  Batch 4680/8324, Loss: 4.2414
  Batch 4690/8324, Loss: 4.3667
  Batch 4700/8324, Loss: 4.0889
  Batch 4710/8324, Loss: 4.1530
  Batch 4720/8324, Loss: 4.0928
  Batch 4730/8324, Loss: 4.8543
  Batch 4740/8324, Loss: 4.7675
  Batch 4750/8324, Loss: 4.0132
  Batch 4760/8324, Loss: 4.9243
  Batch 4770/8324, Loss: 3.9353
  Batch 4780/8324, Loss: 4.1305
  Batch 4790/8324, Loss: 4.1156
  Batch 4800/8324, Loss: 4.6466
  Batch 4810/8324, Loss: 4.1029
  Batch 4820/8324, Loss: 4.3027
  Batch 4830/8324, Loss: 3.8696
  Batch 4840/8324, Loss: 4.1559
  Batch 4850/8324, Loss: 4.2423
  Batch 4860/8324, Loss: 4.6897
  Batch 4870/8324, Loss: 4.6451
  Batch 4880/8324, Loss: 3.8014
  Batch 4890/8324, Loss: 4.6502
  Batch 4900/8324, Loss: 4.8417
  Batch 4910/8324, Loss: 4.4347
  Batch 4920/8324, Loss: 4.6278
  Batch 4930/8324, Loss: 4.7028
  Batch 4940/8324, Loss: 4.6679
  Batch 4950/8324, Loss: 4.8061
  Batch 4960/8324, Loss: 5.0267
  Batch 4970/8324, Loss: 4.8855
  Batch 4980/8324, Loss: 4.5204
  Batch 4990/8324, Loss: 4.1375
  Batch 5000/8324, Loss: 4.5312
  Batch 5010/8324, Loss: 4.5321
  Batch 5020/8324, Loss: 3.8944
  Batch 5030/8324, Loss: 4.2916
  Batch 5040/8324, Loss: 4.4975
  Batch 5050/8324, Loss: 3.8904
  Batch 5060/8324, Loss: 4.8450
  Batch 5070/8324, Loss: 4.4739
  Batch 5080/8324, Loss: 4.0728
  Batch 5090/8324, Loss: 4.5937
  Batch 5100/8324, Loss: 4.8264
  Batch 5110/8324, Loss: 3.4751
  Batch 5120/8324, Loss: 4.2854
  Batch 5130/8324, Loss: 4.2135
  Batch 5140/8324, Loss: 4.5125
  Batch 5150/8324, Loss: 4.5826
  Batch 5160/8324, Loss: 3.9825
  Batch 5170/8324, Loss: 4.6163
  Batch 5180/8324, Loss: 4.7104
  Batch 5190/8324, Loss: 4.2696
  Batch 5200/8324, Loss: 4.3004
  Batch 5210/8324, Loss: 4.5649
  Batch 5220/8324, Loss: 4.0284
  Batch 5230/8324, Loss: 4.1731
  Batch 5240/8324, Loss: 4.7366
  Batch 5250/8324, Loss: 4.3201
  Batch 5260/8324, Loss: 4.4490
  Batch 5270/8324, Loss: 4.5421
  Batch 5280/8324, Loss: 4.5166
  Batch 5290/8324, Loss: 4.2461
  Batch 5300/8324, Loss: 4.0942
  Batch 5310/8324, Loss: 3.5769
  Batch 5320/8324, Loss: 4.6322
  Batch 5330/8324, Loss: 4.9737
  Batch 5340/8324, Loss: 4.6073
  Batch 5350/8324, Loss: 4.5289
  Batch 5360/8324, Loss: 4.5551
  Batch 5370/8324, Loss: 4.0311
  Batch 5380/8324, Loss: 4.1896
  Batch 5390/8324, Loss: 4.1996
  Batch 5400/8324, Loss: 5.0161
  Batch 5410/8324, Loss: 4.7721
  Batch 5420/8324, Loss: 4.8739
  Batch 5430/8324, Loss: 4.3707
  Batch 5440/8324, Loss: 4.0963
  Batch 5450/8324, Loss: 4.1803
  Batch 5460/8324, Loss: 3.8321
  Batch 5470/8324, Loss: 4.2246
  Batch 5480/8324, Loss: 4.3041
  Batch 5490/8324, Loss: 3.8585
  Batch 5500/8324, Loss: 5.1988
  Batch 5510/8324, Loss: 4.6350
  Batch 5520/8324, Loss: 4.0825
  Batch 5530/8324, Loss: 4.1470
  Batch 5540/8324, Loss: 4.2708
  Batch 5550/8324, Loss: 4.5052
  Batch 5560/8324, Loss: 4.1019
  Batch 5570/8324, Loss: 4.6906
  Batch 5580/8324, Loss: 4.3923
  Batch 5590/8324, Loss: 4.3433
  Batch 5600/8324, Loss: 4.8421
  Batch 5610/8324, Loss: 4.1937
  Batch 5620/8324, Loss: 4.6853
  Batch 5630/8324, Loss: 4.6599
  Batch 5640/8324, Loss: 4.1775
  Batch 5650/8324, Loss: 4.2328
  Batch 5660/8324, Loss: 4.8191
  Batch 5670/8324, Loss: 4.1285
  Batch 5680/8324, Loss: 5.0013
  Batch 5690/8324, Loss: 4.5928
  Batch 5700/8324, Loss: 4.9605
  Batch 5710/8324, Loss: 4.3973
  Batch 5720/8324, Loss: 4.5748
  Batch 5730/8324, Loss: 4.4939
  Batch 5740/8324, Loss: 4.2841
  Batch 5750/8324, Loss: 4.4368
  Batch 5760/8324, Loss: 4.2234
  Batch 5770/8324, Loss: 4.8468
  Batch 5780/8324, Loss: 4.8619
  Batch 5790/8324, Loss: 4.1401
  Batch 5800/8324, Loss: 4.3820
  Batch 5810/8324, Loss: 4.3106
  Batch 5820/8324, Loss: 3.7198
  Batch 5830/8324, Loss: 4.6476
  Batch 5840/8324, Loss: 4.3920
  Batch 5850/8324, Loss: 4.6877
  Batch 5860/8324, Loss: 4.2823
  Batch 5870/8324, Loss: 4.3863
  Batch 5880/8324, Loss: 4.2061
  Batch 5890/8324, Loss: 4.6404
  Batch 5900/8324, Loss: 4.3041
  Batch 5910/8324, Loss: 3.8787
  Batch 5920/8324, Loss: 4.5582
  Batch 5930/8324, Loss: 4.4914
  Batch 5940/8324, Loss: 4.5816
  Batch 5950/8324, Loss: 4.6087
  Batch 5960/8324, Loss: 4.4530
  Batch 5970/8324, Loss: 4.9973
  Batch 5980/8324, Loss: 3.6776
  Batch 5990/8324, Loss: 4.3770
  Batch 6000/8324, Loss: 3.6270
  Batch 6010/8324, Loss: 4.6138
  Batch 6020/8324, Loss: 4.6406
  Batch 6030/8324, Loss: 4.0130
  Batch 6040/8324, Loss: 4.6024
  Batch 6050/8324, Loss: 5.0203
  Batch 6060/8324, Loss: 4.1912
  Batch 6070/8324, Loss: 4.6356
  Batch 6080/8324, Loss: 4.3874
  Batch 6090/8324, Loss: 4.4958
  Batch 6100/8324, Loss: 4.2285
  Batch 6110/8324, Loss: 4.4393
  Batch 6120/8324, Loss: 3.9733
  Batch 6130/8324, Loss: 5.0158
  Batch 6140/8324, Loss: 4.0571
  Batch 6150/8324, Loss: 4.1284
  Batch 6160/8324, Loss: 4.2013
  Batch 6170/8324, Loss: 4.4171
  Batch 6180/8324, Loss: 4.1692
  Batch 6190/8324, Loss: 4.6773
  Batch 6200/8324, Loss: 4.9108
  Batch 6210/8324, Loss: 4.5495
  Batch 6220/8324, Loss: 4.3270
  Batch 6230/8324, Loss: 4.2995
  Batch 6240/8324, Loss: 4.3741
  Batch 6250/8324, Loss: 3.9340
  Batch 6260/8324, Loss: 4.6348
  Batch 6270/8324, Loss: 4.3978
  Batch 6280/8324, Loss: 3.5780
  Batch 6290/8324, Loss: 3.9220
  Batch 6300/8324, Loss: 4.1625
  Batch 6310/8324, Loss: 4.2892
  Batch 6320/8324, Loss: 4.5063
  Batch 6330/8324, Loss: 4.7015
  Batch 6340/8324, Loss: 4.9182
  Batch 6350/8324, Loss: 4.3698
  Batch 6360/8324, Loss: 4.5636
  Batch 6370/8324, Loss: 4.8216
  Batch 6380/8324, Loss: 4.6993
  Batch 6390/8324, Loss: 3.9094
  Batch 6400/8324, Loss: 4.8326
  Batch 6410/8324, Loss: 4.2346
  Batch 6420/8324, Loss: 5.0110
  Batch 6430/8324, Loss: 4.9202
  Batch 6440/8324, Loss: 4.6427
  Batch 6450/8324, Loss: 4.2612
  Batch 6460/8324, Loss: 4.0278
  Batch 6470/8324, Loss: 3.8613
  Batch 6480/8324, Loss: 4.6713
  Batch 6490/8324, Loss: 4.7967
  Batch 6500/8324, Loss: 4.4206
  Batch 6510/8324, Loss: 4.5758
  Batch 6520/8324, Loss: 4.6114
  Batch 6530/8324, Loss: 3.6961
  Batch 6540/8324, Loss: 4.0898
  Batch 6550/8324, Loss: 4.3624
  Batch 6560/8324, Loss: 4.4066
  Batch 6570/8324, Loss: 4.6084
  Batch 6580/8324, Loss: 4.2216
  Batch 6590/8324, Loss: 4.6691
  Batch 6600/8324, Loss: 3.9713
  Batch 6610/8324, Loss: 4.4609
  Batch 6620/8324, Loss: 4.0377
  Batch 6630/8324, Loss: 4.3800
  Batch 6640/8324, Loss: 4.3638
  Batch 6650/8324, Loss: 4.3744
  Batch 6660/8324, Loss: 4.2339
  Batch 6670/8324, Loss: 4.7073
  Batch 6680/8324, Loss: 4.5022
  Batch 6690/8324, Loss: 3.8916
  Batch 6700/8324, Loss: 4.2948
  Batch 6710/8324, Loss: 4.6448
  Batch 6720/8324, Loss: 4.8526
  Batch 6730/8324, Loss: 4.2601
  Batch 6740/8324, Loss: 4.6391
  Batch 6750/8324, Loss: 4.0962
  Batch 6760/8324, Loss: 4.2071
  Batch 6770/8324, Loss: 4.8503
  Batch 6780/8324, Loss: 4.6306
  Batch 6790/8324, Loss: 4.4874
  Batch 6800/8324, Loss: 4.6551
  Batch 6810/8324, Loss: 4.5198
  Batch 6820/8324, Loss: 3.7895
  Batch 6830/8324, Loss: 4.8274
  Batch 6840/8324, Loss: 4.5377
  Batch 6850/8324, Loss: 3.9691
  Batch 6860/8324, Loss: 4.5783
  Batch 6870/8324, Loss: 4.4654
  Batch 6880/8324, Loss: 4.9186
  Batch 6890/8324, Loss: 4.4899
  Batch 6900/8324, Loss: 4.3148
  Batch 6910/8324, Loss: 4.5054
  Batch 6920/8324, Loss: 4.3914
  Batch 6930/8324, Loss: 4.6616
  Batch 6940/8324, Loss: 4.3918
  Batch 6950/8324, Loss: 4.3721
  Batch 6960/8324, Loss: 4.1053
  Batch 6970/8324, Loss: 4.6676
  Batch 6980/8324, Loss: 4.4699
  Batch 6990/8324, Loss: 4.3227
  Batch 7000/8324, Loss: 4.7521
  Batch 7010/8324, Loss: 4.8967
  Batch 7020/8324, Loss: 4.1105
  Batch 7030/8324, Loss: 4.1957
  Batch 7040/8324, Loss: 4.1824
  Batch 7050/8324, Loss: 3.8297
  Batch 7060/8324, Loss: 4.8561
  Batch 7070/8324, Loss: 4.8897
  Batch 7080/8324, Loss: 4.2329
  Batch 7090/8324, Loss: 4.3771
  Batch 7100/8324, Loss: 4.4770
  Batch 7110/8324, Loss: 5.1857
  Batch 7120/8324, Loss: 4.4070
  Batch 7130/8324, Loss: 4.3656
  Batch 7140/8324, Loss: 4.3076
  Batch 7150/8324, Loss: 4.2557
  Batch 7160/8324, Loss: 4.8570
  Batch 7170/8324, Loss: 4.3410
  Batch 7180/8324, Loss: 4.1979
  Batch 7190/8324, Loss: 4.4019
  Batch 7200/8324, Loss: 3.9093
  Batch 7210/8324, Loss: 5.1169
  Batch 7220/8324, Loss: 4.2742
  Batch 7230/8324, Loss: 4.3393
  Batch 7240/8324, Loss: 4.1397
  Batch 7250/8324, Loss: 4.8326
  Batch 7260/8324, Loss: 4.5024
  Batch 7270/8324, Loss: 4.4763
  Batch 7280/8324, Loss: 4.5777
  Batch 7290/8324, Loss: 4.7015
  Batch 7300/8324, Loss: 4.5177
  Batch 7310/8324, Loss: 4.8904
  Batch 7320/8324, Loss: 4.3228
  Batch 7330/8324, Loss: 4.3513
  Batch 7340/8324, Loss: 4.9428
  Batch 7350/8324, Loss: 4.6465
  Batch 7360/8324, Loss: 4.8165
  Batch 7370/8324, Loss: 4.6884
  Batch 7380/8324, Loss: 4.9141
  Batch 7390/8324, Loss: 4.0615
  Batch 7400/8324, Loss: 4.7415
  Batch 7410/8324, Loss: 4.3993
  Batch 7420/8324, Loss: 4.5093
  Batch 7430/8324, Loss: 4.7223
  Batch 7440/8324, Loss: 4.4377
  Batch 7450/8324, Loss: 4.1364
  Batch 7460/8324, Loss: 4.3321
  Batch 7470/8324, Loss: 4.2452
  Batch 7480/8324, Loss: 4.7412
  Batch 7490/8324, Loss: 4.2615
  Batch 7500/8324, Loss: 4.5700
  Batch 7510/8324, Loss: 4.2425
  Batch 7520/8324, Loss: 3.9197
  Batch 7530/8324, Loss: 4.4234
  Batch 7540/8324, Loss: 4.1626
  Batch 7550/8324, Loss: 4.6519
  Batch 7560/8324, Loss: 4.0160
  Batch 7570/8324, Loss: 4.3811
  Batch 7580/8324, Loss: 4.6493
  Batch 7590/8324, Loss: 4.4042
  Batch 7600/8324, Loss: 4.3544
  Batch 7610/8324, Loss: 4.5899
  Batch 7620/8324, Loss: 3.7081
  Batch 7630/8324, Loss: 4.3849
  Batch 7640/8324, Loss: 4.4146
  Batch 7650/8324, Loss: 4.4107
  Batch 7660/8324, Loss: 4.1329
  Batch 7670/8324, Loss: 4.5873
  Batch 7680/8324, Loss: 4.8248
  Batch 7690/8324, Loss: 4.1249
  Batch 7700/8324, Loss: 4.8512
  Batch 7710/8324, Loss: 4.4719
  Batch 7720/8324, Loss: 4.8219
  Batch 7730/8324, Loss: 4.8435
  Batch 7740/8324, Loss: 4.3668
  Batch 7750/8324, Loss: 4.5799
  Batch 7760/8324, Loss: 3.7530
  Batch 7770/8324, Loss: 4.0275
  Batch 7780/8324, Loss: 4.6470
  Batch 7790/8324, Loss: 4.3810
  Batch 7800/8324, Loss: 4.1880
  Batch 7810/8324, Loss: 4.4069
  Batch 7820/8324, Loss: 5.0319
  Batch 7830/8324, Loss: 4.5291
  Batch 7840/8324, Loss: 4.3163
  Batch 7850/8324, Loss: 4.5470
  Batch 7860/8324, Loss: 4.5750
  Batch 7870/8324, Loss: 3.9173
  Batch 7880/8324, Loss: 4.4143
  Batch 7890/8324, Loss: 4.6082
  Batch 7900/8324, Loss: 4.1450
  Batch 7910/8324, Loss: 4.3808
  Batch 7920/8324, Loss: 4.5849
  Batch 7930/8324, Loss: 4.1558
  Batch 7940/8324, Loss: 4.6211
  Batch 7950/8324, Loss: 4.0311
  Batch 7960/8324, Loss: 4.2057
  Batch 7970/8324, Loss: 4.8593
  Batch 7980/8324, Loss: 4.7686
  Batch 7990/8324, Loss: 4.8377
  Batch 8000/8324, Loss: 4.7123
  Batch 8010/8324, Loss: 3.9198
  Batch 8020/8324, Loss: 4.2299
  Batch 8030/8324, Loss: 4.0055
  Batch 8040/8324, Loss: 4.3083
  Batch 8050/8324, Loss: 4.5814
  Batch 8060/8324, Loss: 4.5000
  Batch 8070/8324, Loss: 4.6282
  Batch 8080/8324, Loss: 4.6029
  Batch 8090/8324, Loss: 4.4593
  Batch 8100/8324, Loss: 4.5671
  Batch 8110/8324, Loss: 4.7176
  Batch 8120/8324, Loss: 4.4520
  Batch 8130/8324, Loss: 5.0976
  Batch 8140/8324, Loss: 5.0135
  Batch 8150/8324, Loss: 4.5814
  Batch 8160/8324, Loss: 4.1887
  Batch 8170/8324, Loss: 4.3389
  Batch 8180/8324, Loss: 4.7593
  Batch 8190/8324, Loss: 4.1355
  Batch 8200/8324, Loss: 4.5373
  Batch 8210/8324, Loss: 4.0713
  Batch 8220/8324, Loss: 4.4746
  Batch 8230/8324, Loss: 4.2609
  Batch 8240/8324, Loss: 4.4777
  Batch 8250/8324, Loss: 4.7886
  Batch 8260/8324, Loss: 4.5589
  Batch 8270/8324, Loss: 4.6244
  Batch 8280/8324, Loss: 4.4835
  Batch 8290/8324, Loss: 5.2222
  Batch 8300/8324, Loss: 4.7838
  Batch 8310/8324, Loss: 4.1102
  Batch 8320/8324, Loss: 4.1511

  Train Loss: 4.3849
  Val Loss: 6.7788
  Time: 29m 59s

Epoch 13/20
----------------------------------------
  Batch 10/8324, Loss: 4.4806
  Batch 20/8324, Loss: 5.0064
  Batch 30/8324, Loss: 4.2428
  Batch 40/8324, Loss: 4.7947
  Batch 50/8324, Loss: 4.1362
  Batch 60/8324, Loss: 4.0712
  Batch 70/8324, Loss: 4.2436
  Batch 80/8324, Loss: 4.4825
  Batch 90/8324, Loss: 4.3340
  Batch 100/8324, Loss: 4.2991
  Batch 110/8324, Loss: 4.4575
  Batch 120/8324, Loss: 4.6925
  Batch 130/8324, Loss: 4.2160
  Batch 140/8324, Loss: 4.5699
  Batch 150/8324, Loss: 4.0977
  Batch 160/8324, Loss: 4.6924
  Batch 170/8324, Loss: 4.0181
  Batch 180/8324, Loss: 4.4567
  Batch 190/8324, Loss: 4.3314
  Batch 200/8324, Loss: 4.2037
  Batch 210/8324, Loss: 4.7260
  Batch 220/8324, Loss: 3.7985
  Batch 230/8324, Loss: 4.8263
  Batch 240/8324, Loss: 4.7437
  Batch 250/8324, Loss: 4.4985
  Batch 260/8324, Loss: 4.5881
  Batch 270/8324, Loss: 4.8703
  Batch 280/8324, Loss: 4.6870
  Batch 290/8324, Loss: 4.0960
  Batch 300/8324, Loss: 4.5125
  Batch 310/8324, Loss: 4.2755
  Batch 320/8324, Loss: 4.9417
  Batch 330/8324, Loss: 4.1245
  Batch 340/8324, Loss: 4.2666
  Batch 350/8324, Loss: 4.7818
  Batch 360/8324, Loss: 4.1111
  Batch 370/8324, Loss: 4.3390
  Batch 380/8324, Loss: 4.2274
  Batch 390/8324, Loss: 4.1978
  Batch 400/8324, Loss: 4.1336
  Batch 410/8324, Loss: 3.3283
  Batch 420/8324, Loss: 4.5443
  Batch 430/8324, Loss: 4.3158
  Batch 440/8324, Loss: 4.3684
  Batch 450/8324, Loss: 3.9390
  Batch 460/8324, Loss: 4.7167
  Batch 470/8324, Loss: 3.9272
  Batch 480/8324, Loss: 4.3990
  Batch 490/8324, Loss: 4.6107
  Batch 500/8324, Loss: 4.3347
  Batch 510/8324, Loss: 4.5447
  Batch 520/8324, Loss: 4.1415
  Batch 530/8324, Loss: 4.1278
  Batch 540/8324, Loss: 4.5304
  Batch 550/8324, Loss: 4.6497
  Batch 560/8324, Loss: 4.2404
  Batch 570/8324, Loss: 4.1461
  Batch 580/8324, Loss: 4.9083
  Batch 590/8324, Loss: 4.1222
  Batch 600/8324, Loss: 3.9543
  Batch 610/8324, Loss: 4.1728
  Batch 620/8324, Loss: 4.5514
  Batch 630/8324, Loss: 3.9242
  Batch 640/8324, Loss: 5.1008
  Batch 650/8324, Loss: 3.8921
  Batch 660/8324, Loss: 3.9530
  Batch 670/8324, Loss: 4.4435
  Batch 680/8324, Loss: 3.8390
  Batch 690/8324, Loss: 4.1252
  Batch 700/8324, Loss: 4.4857
  Batch 710/8324, Loss: 4.1396
  Batch 720/8324, Loss: 3.9717
  Batch 730/8324, Loss: 4.1554
  Batch 740/8324, Loss: 4.0583
  Batch 750/8324, Loss: 4.4396
  Batch 760/8324, Loss: 4.4577
  Batch 770/8324, Loss: 4.3408
  Batch 780/8324, Loss: 3.8159
  Batch 790/8324, Loss: 4.9423
  Batch 800/8324, Loss: 4.4121
  Batch 810/8324, Loss: 3.7692
  Batch 820/8324, Loss: 4.2915
  Batch 830/8324, Loss: 4.2464
  Batch 840/8324, Loss: 4.4493
  Batch 850/8324, Loss: 4.3054
  Batch 860/8324, Loss: 4.1502
  Batch 870/8324, Loss: 4.6910
  Batch 880/8324, Loss: 4.0161
  Batch 890/8324, Loss: 4.6441
  Batch 900/8324, Loss: 3.9416
  Batch 910/8324, Loss: 4.1295
  Batch 920/8324, Loss: 4.4503
  Batch 930/8324, Loss: 4.0296
  Batch 940/8324, Loss: 3.9316
  Batch 950/8324, Loss: 4.2806
  Batch 960/8324, Loss: 4.7086
  Batch 970/8324, Loss: 4.1399
  Batch 980/8324, Loss: 4.0318
  Batch 990/8324, Loss: 4.8700
  Batch 1000/8324, Loss: 4.2055
  Batch 1010/8324, Loss: 4.6079
  Batch 1020/8324, Loss: 3.8035
  Batch 1030/8324, Loss: 4.2373
  Batch 1040/8324, Loss: 4.4944
  Batch 1050/8324, Loss: 3.6225
  Batch 1060/8324, Loss: 4.5882
  Batch 1070/8324, Loss: 4.6543
  Batch 1080/8324, Loss: 4.3012
  Batch 1090/8324, Loss: 4.2042
  Batch 1100/8324, Loss: 4.0716
  Batch 1110/8324, Loss: 3.8544
  Batch 1120/8324, Loss: 4.3788
  Batch 1130/8324, Loss: 4.9825
  Batch 1140/8324, Loss: 4.1302
  Batch 1150/8324, Loss: 4.2439
  Batch 1160/8324, Loss: 4.2884
  Batch 1170/8324, Loss: 3.8976
  Batch 1180/8324, Loss: 4.6061
  Batch 1190/8324, Loss: 3.6968
  Batch 1200/8324, Loss: 4.1754
  Batch 1210/8324, Loss: 4.5558
  Batch 1220/8324, Loss: 4.5445
  Batch 1230/8324, Loss: 4.2839
  Batch 1240/8324, Loss: 4.8320
  Batch 1250/8324, Loss: 4.5135
  Batch 1260/8324, Loss: 4.6337
  Batch 1270/8324, Loss: 4.2760
  Batch 1280/8324, Loss: 4.7434
  Batch 1290/8324, Loss: 4.3490
  Batch 1300/8324, Loss: 4.4586
  Batch 1310/8324, Loss: 4.2632
  Batch 1320/8324, Loss: 4.4611
  Batch 1330/8324, Loss: 3.9655
  Batch 1340/8324, Loss: 4.8434
  Batch 1350/8324, Loss: 4.6667
  Batch 1360/8324, Loss: 4.6053
  Batch 1370/8324, Loss: 4.0808
  Batch 1380/8324, Loss: 4.5177
  Batch 1390/8324, Loss: 4.4545
  Batch 1400/8324, Loss: 4.6097
  Batch 1410/8324, Loss: 3.6875
  Batch 1420/8324, Loss: 4.2411
  Batch 1430/8324, Loss: 4.0310
  Batch 1440/8324, Loss: 3.9353
  Batch 1450/8324, Loss: 4.9025
  Batch 1460/8324, Loss: 4.3474
  Batch 1470/8324, Loss: 4.3777
  Batch 1480/8324, Loss: 4.1979
  Batch 1490/8324, Loss: 4.0073
  Batch 1500/8324, Loss: 4.2500
  Batch 1510/8324, Loss: 4.3665
  Batch 1520/8324, Loss: 4.9888
  Batch 1530/8324, Loss: 4.4514
  Batch 1540/8324, Loss: 4.8069
  Batch 1550/8324, Loss: 4.2015
  Batch 1560/8324, Loss: 4.5746
  Batch 1570/8324, Loss: 4.4812
  Batch 1580/8324, Loss: 4.6089
  Batch 1590/8324, Loss: 4.8923
  Batch 1600/8324, Loss: 4.2263
  Batch 1610/8324, Loss: 3.9211
  Batch 1620/8324, Loss: 4.4937
  Batch 1630/8324, Loss: 4.1124
  Batch 1640/8324, Loss: 4.2100
  Batch 1650/8324, Loss: 4.4507
  Batch 1660/8324, Loss: 4.6489
  Batch 1670/8324, Loss: 4.0474
  Batch 1680/8324, Loss: 4.3572
  Batch 1690/8324, Loss: 3.8823
  Batch 1700/8324, Loss: 4.1749
  Batch 1710/8324, Loss: 4.1044
  Batch 1720/8324, Loss: 4.2299
  Batch 1730/8324, Loss: 4.0683
  Batch 1740/8324, Loss: 3.9008
  Batch 1750/8324, Loss: 4.5890
  Batch 1760/8324, Loss: 4.3790
  Batch 1770/8324, Loss: 3.6633
  Batch 1780/8324, Loss: 3.9810
  Batch 1790/8324, Loss: 4.9926
  Batch 1800/8324, Loss: 4.5062
  Batch 1810/8324, Loss: 4.5752
  Batch 1820/8324, Loss: 4.9969
  Batch 1830/8324, Loss: 4.2245
  Batch 1840/8324, Loss: 4.5050
  Batch 1850/8324, Loss: 4.4228
  Batch 1860/8324, Loss: 4.8228
  Batch 1870/8324, Loss: 4.1169
  Batch 1880/8324, Loss: 3.9593
  Batch 1890/8324, Loss: 3.8952
  Batch 1900/8324, Loss: 4.8181
  Batch 1910/8324, Loss: 4.5111
  Batch 1920/8324, Loss: 4.3353
  Batch 1930/8324, Loss: 4.5985
  Batch 1940/8324, Loss: 5.0843
  Batch 1950/8324, Loss: 4.5062
  Batch 1960/8324, Loss: 4.6924
  Batch 1970/8324, Loss: 4.0308
  Batch 1980/8324, Loss: 4.9095
  Batch 1990/8324, Loss: 4.2050
  Batch 2000/8324, Loss: 4.7314
  Batch 2010/8324, Loss: 4.1999
  Batch 2020/8324, Loss: 3.7853
  Batch 2030/8324, Loss: 4.1817
  Batch 2040/8324, Loss: 4.7914
  Batch 2050/8324, Loss: 4.0247
  Batch 2060/8324, Loss: 4.3059
  Batch 2070/8324, Loss: 4.1282
  Batch 2080/8324, Loss: 3.6989
  Batch 2090/8324, Loss: 4.3120
  Batch 2100/8324, Loss: 4.5652
  Batch 2110/8324, Loss: 4.1845
  Batch 2120/8324, Loss: 4.3778
  Batch 2130/8324, Loss: 4.3322
  Batch 2140/8324, Loss: 4.4762
  Batch 2150/8324, Loss: 4.1678
  Batch 2160/8324, Loss: 4.5116
  Batch 2170/8324, Loss: 4.5201
  Batch 2180/8324, Loss: 4.0874
  Batch 2190/8324, Loss: 4.7731
  Batch 2200/8324, Loss: 4.5054
  Batch 2210/8324, Loss: 4.1438
  Batch 2220/8324, Loss: 4.8174
  Batch 2230/8324, Loss: 4.6201
  Batch 2240/8324, Loss: 3.9714
  Batch 2250/8324, Loss: 4.3294
  Batch 2260/8324, Loss: 4.0672
  Batch 2270/8324, Loss: 4.6410
  Batch 2280/8324, Loss: 4.3063
  Batch 2290/8324, Loss: 4.4121
  Batch 2300/8324, Loss: 4.3251
  Batch 2310/8324, Loss: 4.7057
  Batch 2320/8324, Loss: 4.1486
  Batch 2330/8324, Loss: 4.1311
  Batch 2340/8324, Loss: 4.2427
  Batch 2350/8324, Loss: 4.3149
  Batch 2360/8324, Loss: 4.3930
  Batch 2370/8324, Loss: 3.9830
  Batch 2380/8324, Loss: 4.8991
  Batch 2390/8324, Loss: 4.8397
  Batch 2400/8324, Loss: 3.8116
  Batch 2410/8324, Loss: 4.5180
  Batch 2420/8324, Loss: 4.5112
  Batch 2430/8324, Loss: 4.2957
  Batch 2440/8324, Loss: 4.3464
  Batch 2450/8324, Loss: 4.2945
  Batch 2460/8324, Loss: 3.9618
  Batch 2470/8324, Loss: 4.1188
  Batch 2480/8324, Loss: 4.6834
  Batch 2490/8324, Loss: 3.7589
  Batch 2500/8324, Loss: 4.7835
  Batch 2510/8324, Loss: 4.3206
  Batch 2520/8324, Loss: 4.6386
  Batch 2530/8324, Loss: 4.5844
  Batch 2540/8324, Loss: 4.0298
  Batch 2550/8324, Loss: 4.3567
  Batch 2560/8324, Loss: 4.6779
  Batch 2570/8324, Loss: 3.8288
  Batch 2580/8324, Loss: 4.3639
  Batch 2590/8324, Loss: 4.3604
  Batch 2600/8324, Loss: 4.1129
  Batch 2610/8324, Loss: 4.3030
  Batch 2620/8324, Loss: 4.7947
  Batch 2630/8324, Loss: 4.1079
  Batch 2640/8324, Loss: 4.5486
  Batch 2650/8324, Loss: 3.7713
  Batch 2660/8324, Loss: 4.1109
  Batch 2670/8324, Loss: 4.0642
  Batch 2680/8324, Loss: 3.9146
  Batch 2690/8324, Loss: 4.0462
  Batch 2700/8324, Loss: 4.4899
  Batch 2710/8324, Loss: 4.0253
  Batch 2720/8324, Loss: 4.4381
  Batch 2730/8324, Loss: 4.9300
  Batch 2740/8324, Loss: 4.2559
  Batch 2750/8324, Loss: 4.6502
  Batch 2760/8324, Loss: 4.0499
  Batch 2770/8324, Loss: 4.6566
  Batch 2780/8324, Loss: 3.9832
  Batch 2790/8324, Loss: 4.2044
  Batch 2800/8324, Loss: 4.4041
  Batch 2810/8324, Loss: 4.1167
  Batch 2820/8324, Loss: 4.4173
  Batch 2830/8324, Loss: 4.1615
  Batch 2840/8324, Loss: 3.7548
  Batch 2850/8324, Loss: 4.6308
  Batch 2860/8324, Loss: 4.5510
  Batch 2870/8324, Loss: 4.5552
  Batch 2880/8324, Loss: 4.5550
  Batch 2890/8324, Loss: 4.0690
  Batch 2900/8324, Loss: 4.3724
  Batch 2910/8324, Loss: 4.3026
  Batch 2920/8324, Loss: 4.5797
  Batch 2930/8324, Loss: 4.0358
  Batch 2940/8324, Loss: 4.1803
  Batch 2950/8324, Loss: 4.4604
  Batch 2960/8324, Loss: 4.5792
  Batch 2970/8324, Loss: 3.8966
  Batch 2980/8324, Loss: 4.5376
  Batch 2990/8324, Loss: 5.0323
  Batch 3000/8324, Loss: 4.4642
  Batch 3010/8324, Loss: 4.2016
  Batch 3020/8324, Loss: 4.4268
  Batch 3030/8324, Loss: 4.1398
  Batch 3040/8324, Loss: 3.9434
  Batch 3050/8324, Loss: 3.6373
  Batch 3060/8324, Loss: 4.6683
  Batch 3070/8324, Loss: 4.3557
  Batch 3080/8324, Loss: 4.0018
  Batch 3090/8324, Loss: 4.6629
  Batch 3100/8324, Loss: 4.3804
  Batch 3110/8324, Loss: 4.7181
  Batch 3120/8324, Loss: 3.6064
  Batch 3130/8324, Loss: 4.4838
  Batch 3140/8324, Loss: 4.7933
  Batch 3150/8324, Loss: 4.2384
  Batch 3160/8324, Loss: 4.4289
  Batch 3170/8324, Loss: 4.5215
  Batch 3180/8324, Loss: 4.5144
  Batch 3190/8324, Loss: 4.7050
  Batch 3200/8324, Loss: 4.2522
  Batch 3210/8324, Loss: 4.6893
  Batch 3220/8324, Loss: 4.2376
  Batch 3230/8324, Loss: 4.5606
  Batch 3240/8324, Loss: 4.3384
  Batch 3250/8324, Loss: 4.1372
  Batch 3260/8324, Loss: 4.5956
  Batch 3270/8324, Loss: 4.2932
  Batch 3280/8324, Loss: 4.1564
  Batch 3290/8324, Loss: 4.8248
  Batch 3300/8324, Loss: 4.4216
  Batch 3310/8324, Loss: 4.5834
  Batch 3320/8324, Loss: 3.7736
  Batch 3330/8324, Loss: 4.2667
  Batch 3340/8324, Loss: 4.4281
  Batch 3350/8324, Loss: 4.3630
  Batch 3360/8324, Loss: 4.3481
  Batch 3370/8324, Loss: 4.6185
  Batch 3380/8324, Loss: 4.4820
  Batch 3390/8324, Loss: 4.1581
  Batch 3400/8324, Loss: 4.4638
  Batch 3410/8324, Loss: 4.4319
  Batch 3420/8324, Loss: 4.5655
  Batch 3430/8324, Loss: 4.2208
  Batch 3440/8324, Loss: 4.7190
  Batch 3450/8324, Loss: 4.3502
  Batch 3460/8324, Loss: 4.1047
  Batch 3470/8324, Loss: 3.8518
  Batch 3480/8324, Loss: 4.0740
  Batch 3490/8324, Loss: 4.3914
  Batch 3500/8324, Loss: 4.1545
  Batch 3510/8324, Loss: 4.5793
  Batch 3520/8324, Loss: 4.2028
  Batch 3530/8324, Loss: 4.1626
  Batch 3540/8324, Loss: 4.5434
  Batch 3550/8324, Loss: 4.2592
  Batch 3560/8324, Loss: 4.2779
  Batch 3570/8324, Loss: 4.8045
  Batch 3580/8324, Loss: 4.3166
  Batch 3590/8324, Loss: 4.9244
  Batch 3600/8324, Loss: 4.2957
  Batch 3610/8324, Loss: 4.3946
  Batch 3620/8324, Loss: 4.4468
  Batch 3630/8324, Loss: 4.6490
  Batch 3640/8324, Loss: 4.0939
  Batch 3650/8324, Loss: 4.6649
  Batch 3660/8324, Loss: 4.2515
  Batch 3670/8324, Loss: 4.4095
  Batch 3680/8324, Loss: 4.7383
  Batch 3690/8324, Loss: 4.8674
  Batch 3700/8324, Loss: 4.7104
  Batch 3710/8324, Loss: 3.4556
  Batch 3720/8324, Loss: 4.4572
  Batch 3730/8324, Loss: 4.0480
  Batch 3740/8324, Loss: 4.6035
  Batch 3750/8324, Loss: 3.9949
  Batch 3760/8324, Loss: 3.9965
  Batch 3770/8324, Loss: 4.0716
  Batch 3780/8324, Loss: 4.2110
  Batch 3790/8324, Loss: 4.2823
  Batch 3800/8324, Loss: 4.4909
  Batch 3810/8324, Loss: 4.1236
  Batch 3820/8324, Loss: 4.0781
  Batch 3830/8324, Loss: 4.1877
  Batch 3840/8324, Loss: 4.0604
  Batch 3850/8324, Loss: 4.8712
  Batch 3860/8324, Loss: 4.3718
  Batch 3870/8324, Loss: 3.9144
  Batch 3880/8324, Loss: 4.4693
  Batch 3890/8324, Loss: 4.6901
  Batch 3900/8324, Loss: 4.4087
  Batch 3910/8324, Loss: 4.2032
  Batch 3920/8324, Loss: 3.9130
  Batch 3930/8324, Loss: 4.4537
  Batch 3940/8324, Loss: 4.5024
  Batch 3950/8324, Loss: 4.8367
  Batch 3960/8324, Loss: 4.3876
  Batch 3970/8324, Loss: 4.3870
  Batch 3980/8324, Loss: 4.0184
  Batch 3990/8324, Loss: 4.5211
  Batch 4000/8324, Loss: 4.4921
  Batch 4010/8324, Loss: 3.9675
  Batch 4020/8324, Loss: 4.4042
  Batch 4030/8324, Loss: 4.4772
  Batch 4040/8324, Loss: 4.9058
  Batch 4050/8324, Loss: 4.5019
  Batch 4060/8324, Loss: 4.5455
  Batch 4070/8324, Loss: 4.7894
  Batch 4080/8324, Loss: 4.0965
  Batch 4090/8324, Loss: 3.9405
  Batch 4100/8324, Loss: 3.9213
  Batch 4110/8324, Loss: 4.2491
  Batch 4120/8324, Loss: 4.6741
  Batch 4130/8324, Loss: 4.2951
  Batch 4140/8324, Loss: 4.9834
  Batch 4150/8324, Loss: 4.6941
  Batch 4160/8324, Loss: 4.5272
  Batch 4170/8324, Loss: 3.7477
  Batch 4180/8324, Loss: 4.8386
  Batch 4190/8324, Loss: 4.5404
  Batch 4200/8324, Loss: 4.3542
  Batch 4210/8324, Loss: 4.4833
  Batch 4220/8324, Loss: 3.8157
  Batch 4230/8324, Loss: 4.0333
  Batch 4240/8324, Loss: 4.3641
  Batch 4250/8324, Loss: 4.0850
  Batch 4260/8324, Loss: 4.8049
  Batch 4270/8324, Loss: 4.2399
  Batch 4280/8324, Loss: 3.9077
  Batch 4290/8324, Loss: 5.1886
  Batch 4300/8324, Loss: 4.5290
  Batch 4310/8324, Loss: 4.5656
  Batch 4320/8324, Loss: 4.5193
  Batch 4330/8324, Loss: 3.9617
  Batch 4340/8324, Loss: 3.8971
  Batch 4350/8324, Loss: 3.6097
  Batch 4360/8324, Loss: 3.5981
  Batch 4370/8324, Loss: 4.3675
  Batch 4380/8324, Loss: 3.6583
  Batch 4390/8324, Loss: 4.0701
  Batch 4400/8324, Loss: 4.1884
  Batch 4410/8324, Loss: 3.2837
  Batch 4420/8324, Loss: 4.4568
  Batch 4430/8324, Loss: 4.3456
  Batch 4440/8324, Loss: 4.2282
  Batch 4450/8324, Loss: 4.4386
  Batch 4460/8324, Loss: 4.1474
  Batch 4470/8324, Loss: 4.5380
  Batch 4480/8324, Loss: 4.3065
  Batch 4490/8324, Loss: 4.2679
  Batch 4500/8324, Loss: 3.7901
  Batch 4510/8324, Loss: 4.9122
  Batch 4520/8324, Loss: 4.0800
  Batch 4530/8324, Loss: 3.8565
  Batch 4540/8324, Loss: 4.6897
  Batch 4550/8324, Loss: 4.3695
  Batch 4560/8324, Loss: 3.9138
  Batch 4570/8324, Loss: 3.7412
  Batch 4580/8324, Loss: 4.6387
  Batch 4590/8324, Loss: 4.1050
  Batch 4600/8324, Loss: 4.2616
  Batch 4610/8324, Loss: 3.9294
  Batch 4620/8324, Loss: 4.5284
  Batch 4630/8324, Loss: 4.2026
  Batch 4640/8324, Loss: 4.0562
  Batch 4650/8324, Loss: 4.7223
  Batch 4660/8324, Loss: 3.8980
  Batch 4670/8324, Loss: 4.3658
  Batch 4680/8324, Loss: 4.0245
  Batch 4690/8324, Loss: 4.6296
  Batch 4700/8324, Loss: 4.3257
  Batch 4710/8324, Loss: 4.3332
  Batch 4720/8324, Loss: 4.8624
  Batch 4730/8324, Loss: 3.9757
  Batch 4740/8324, Loss: 4.6308
  Batch 4750/8324, Loss: 4.0674
  Batch 4760/8324, Loss: 4.5972
  Batch 4770/8324, Loss: 4.1506
  Batch 4780/8324, Loss: 4.2693
  Batch 4790/8324, Loss: 4.4013
  Batch 4800/8324, Loss: 4.7887
  Batch 4810/8324, Loss: 4.5470
  Batch 4820/8324, Loss: 4.5475
  Batch 4830/8324, Loss: 4.5991
  Batch 4840/8324, Loss: 4.1461
  Batch 4850/8324, Loss: 4.7095
  Batch 4860/8324, Loss: 4.2848
  Batch 4870/8324, Loss: 4.6150
  Batch 4880/8324, Loss: 4.6914
  Batch 4890/8324, Loss: 4.3581
  Batch 4900/8324, Loss: 4.4666
  Batch 4910/8324, Loss: 4.3374
  Batch 4920/8324, Loss: 3.4830
  Batch 4930/8324, Loss: 4.4258
  Batch 4940/8324, Loss: 5.2525
  Batch 4950/8324, Loss: 4.5256
  Batch 4960/8324, Loss: 4.1845
  Batch 4970/8324, Loss: 4.8393
  Batch 4980/8324, Loss: 4.3628
  Batch 4990/8324, Loss: 4.4713
  Batch 5000/8324, Loss: 4.8875
  Batch 5010/8324, Loss: 4.5224
  Batch 5020/8324, Loss: 4.4272
  Batch 5030/8324, Loss: 4.4109
  Batch 5040/8324, Loss: 4.6406
  Batch 5050/8324, Loss: 4.2067
  Batch 5060/8324, Loss: 4.0519
  Batch 5070/8324, Loss: 4.9861
  Batch 5080/8324, Loss: 4.4186
  Batch 5090/8324, Loss: 4.5079
  Batch 5100/8324, Loss: 4.6463
  Batch 5110/8324, Loss: 4.6401
  Batch 5120/8324, Loss: 3.7889
  Batch 5130/8324, Loss: 4.6750
  Batch 5140/8324, Loss: 4.8742
  Batch 5150/8324, Loss: 4.8205
  Batch 5160/8324, Loss: 4.5040
  Batch 5170/8324, Loss: 4.1824
  Batch 5180/8324, Loss: 3.9798
  Batch 5190/8324, Loss: 4.4919
  Batch 5200/8324, Loss: 4.8573
  Batch 5210/8324, Loss: 5.0131
  Batch 5220/8324, Loss: 4.9100
  Batch 5230/8324, Loss: 4.4938
  Batch 5240/8324, Loss: 3.6334
  Batch 5250/8324, Loss: 3.6423
  Batch 5260/8324, Loss: 5.0282
  Batch 5270/8324, Loss: 4.1563
  Batch 5280/8324, Loss: 4.3357
  Batch 5290/8324, Loss: 4.3301
  Batch 5300/8324, Loss: 4.0230
  Batch 5310/8324, Loss: 4.6699
  Batch 5320/8324, Loss: 3.9947
  Batch 5330/8324, Loss: 4.7188
  Batch 5340/8324, Loss: 4.2805
  Batch 5350/8324, Loss: 4.7293
  Batch 5360/8324, Loss: 5.2187
  Batch 5370/8324, Loss: 4.2838
  Batch 5380/8324, Loss: 3.9577
  Batch 5390/8324, Loss: 4.4649
  Batch 5400/8324, Loss: 4.0849
  Batch 5410/8324, Loss: 4.8708
  Batch 5420/8324, Loss: 4.6660
  Batch 5430/8324, Loss: 3.7145
  Batch 5440/8324, Loss: 4.5735
  Batch 5450/8324, Loss: 4.7083
  Batch 5460/8324, Loss: 4.9350
  Batch 5470/8324, Loss: 4.3358
  Batch 5480/8324, Loss: 4.6538
  Batch 5490/8324, Loss: 4.8670
  Batch 5500/8324, Loss: 4.2507
  Batch 5510/8324, Loss: 3.2681
  Batch 5520/8324, Loss: 3.9671
  Batch 5530/8324, Loss: 4.7868
  Batch 5540/8324, Loss: 4.6267
  Batch 5550/8324, Loss: 3.4344
  Batch 5560/8324, Loss: 4.1695
  Batch 5570/8324, Loss: 4.6129
  Batch 5580/8324, Loss: 3.9901
  Batch 5590/8324, Loss: 4.6657
  Batch 5600/8324, Loss: 4.5734
  Batch 5610/8324, Loss: 4.5901
  Batch 5620/8324, Loss: 3.8108
  Batch 5630/8324, Loss: 4.2126
  Batch 5640/8324, Loss: 4.0815
  Batch 5650/8324, Loss: 4.9910
  Batch 5660/8324, Loss: 4.7448
  Batch 5670/8324, Loss: 4.4016
  Batch 5680/8324, Loss: 4.7489
  Batch 5690/8324, Loss: 3.8837
  Batch 5700/8324, Loss: 4.6407
  Batch 5710/8324, Loss: 4.7061
  Batch 5720/8324, Loss: 4.4852
  Batch 5730/8324, Loss: 4.1490
  Batch 5740/8324, Loss: 4.4214
  Batch 5750/8324, Loss: 4.6826
  Batch 5760/8324, Loss: 4.8132
  Batch 5770/8324, Loss: 4.6096
  Batch 5780/8324, Loss: 4.5123
  Batch 5790/8324, Loss: 4.3245
  Batch 5800/8324, Loss: 4.3044
  Batch 5810/8324, Loss: 3.9282
  Batch 5820/8324, Loss: 4.1223
  Batch 5830/8324, Loss: 4.1291
  Batch 5840/8324, Loss: 4.3843
  Batch 5850/8324, Loss: 4.6962
  Batch 5860/8324, Loss: 4.0807
  Batch 5870/8324, Loss: 4.1788
  Batch 5880/8324, Loss: 4.5611
  Batch 5890/8324, Loss: 4.5431
  Batch 5900/8324, Loss: 4.4245
  Batch 5910/8324, Loss: 4.5768
  Batch 5920/8324, Loss: 4.1491
  Batch 5930/8324, Loss: 4.1774
  Batch 5940/8324, Loss: 4.3444
  Batch 5950/8324, Loss: 4.4138
  Batch 5960/8324, Loss: 4.1597
  Batch 5970/8324, Loss: 3.9557
  Batch 5980/8324, Loss: 4.3593
  Batch 5990/8324, Loss: 4.5215
  Batch 6000/8324, Loss: 4.6960
  Batch 6010/8324, Loss: 4.6596
  Batch 6020/8324, Loss: 4.2780
  Batch 6030/8324, Loss: 4.1933
  Batch 6040/8324, Loss: 3.9249
  Batch 6050/8324, Loss: 4.2522
  Batch 6060/8324, Loss: 4.5060
  Batch 6070/8324, Loss: 3.8676
  Batch 6080/8324, Loss: 4.2055
  Batch 6090/8324, Loss: 4.2931
  Batch 6100/8324, Loss: 4.6639
  Batch 6110/8324, Loss: 4.7370
  Batch 6120/8324, Loss: 4.3815
  Batch 6130/8324, Loss: 4.2859
  Batch 6140/8324, Loss: 5.0071
  Batch 6150/8324, Loss: 4.5919
  Batch 6160/8324, Loss: 4.6626
  Batch 6170/8324, Loss: 4.2385
  Batch 6180/8324, Loss: 4.7240
  Batch 6190/8324, Loss: 4.2980
  Batch 6200/8324, Loss: 3.7443
  Batch 6210/8324, Loss: 4.2067
  Batch 6220/8324, Loss: 4.7280
  Batch 6230/8324, Loss: 4.2725
  Batch 6240/8324, Loss: 4.6486
  Batch 6250/8324, Loss: 4.7590
  Batch 6260/8324, Loss: 4.1016
  Batch 6270/8324, Loss: 4.3857
  Batch 6280/8324, Loss: 4.2814
  Batch 6290/8324, Loss: 4.7219
  Batch 6300/8324, Loss: 3.8034
  Batch 6310/8324, Loss: 4.8053
  Batch 6320/8324, Loss: 4.4130
  Batch 6330/8324, Loss: 4.2952
  Batch 6340/8324, Loss: 4.7591
  Batch 6350/8324, Loss: 4.1074
  Batch 6360/8324, Loss: 4.5865
  Batch 6370/8324, Loss: 4.4924
  Batch 6380/8324, Loss: 4.1693
  Batch 6390/8324, Loss: 4.6766
  Batch 6400/8324, Loss: 4.7382
  Batch 6410/8324, Loss: 4.5515
  Batch 6420/8324, Loss: 4.5785
  Batch 6430/8324, Loss: 4.1787
  Batch 6440/8324, Loss: 4.3508
  Batch 6450/8324, Loss: 4.6742
  Batch 6460/8324, Loss: 4.6050
  Batch 6470/8324, Loss: 4.0923
  Batch 6480/8324, Loss: 4.0030
  Batch 6490/8324, Loss: 3.1710
  Batch 6500/8324, Loss: 4.4994
  Batch 6510/8324, Loss: 4.6332
  Batch 6520/8324, Loss: 4.8152
  Batch 6530/8324, Loss: 4.0891
  Batch 6540/8324, Loss: 4.6702
  Batch 6550/8324, Loss: 4.8083
  Batch 6560/8324, Loss: 4.5156
  Batch 6570/8324, Loss: 4.3567
  Batch 6580/8324, Loss: 4.2113
  Batch 6590/8324, Loss: 4.4118
  Batch 6600/8324, Loss: 4.3489
  Batch 6610/8324, Loss: 3.8006
  Batch 6620/8324, Loss: 3.6998
  Batch 6630/8324, Loss: 4.9140
  Batch 6640/8324, Loss: 4.5409
  Batch 6650/8324, Loss: 4.3320
  Batch 6660/8324, Loss: 4.1051
  Batch 6670/8324, Loss: 4.5843
  Batch 6680/8324, Loss: 3.9761
  Batch 6690/8324, Loss: 4.4042
  Batch 6700/8324, Loss: 4.5255
  Batch 6710/8324, Loss: 4.4886
  Batch 6720/8324, Loss: 5.0364
  Batch 6730/8324, Loss: 5.0677
  Batch 6740/8324, Loss: 4.4886
  Batch 6750/8324, Loss: 4.0624
  Batch 6760/8324, Loss: 4.3146
  Batch 6770/8324, Loss: 4.6196
  Batch 6780/8324, Loss: 4.0571
  Batch 6790/8324, Loss: 4.1580
  Batch 6800/8324, Loss: 4.8264
  Batch 6810/8324, Loss: 4.2946
  Batch 6820/8324, Loss: 4.0261
  Batch 6830/8324, Loss: 4.3304
  Batch 6840/8324, Loss: 4.0241
  Batch 6850/8324, Loss: 4.1871
  Batch 6860/8324, Loss: 3.9572
  Batch 6870/8324, Loss: 4.1590
  Batch 6880/8324, Loss: 4.1892
  Batch 6890/8324, Loss: 5.0083
  Batch 6900/8324, Loss: 4.7082
  Batch 6910/8324, Loss: 4.5986
  Batch 6920/8324, Loss: 4.5885
  Batch 6930/8324, Loss: 4.4833
  Batch 6940/8324, Loss: 3.8844
  Batch 6950/8324, Loss: 4.4002
  Batch 6960/8324, Loss: 4.5876
  Batch 6970/8324, Loss: 3.7695
  Batch 6980/8324, Loss: 4.3579
  Batch 6990/8324, Loss: 4.0537
  Batch 7000/8324, Loss: 4.1712
  Batch 7010/8324, Loss: 3.3847
  Batch 7020/8324, Loss: 4.4753
  Batch 7030/8324, Loss: 4.1623
  Batch 7040/8324, Loss: 4.3643
  Batch 7050/8324, Loss: 4.4883
  Batch 7060/8324, Loss: 4.9422
  Batch 7070/8324, Loss: 4.5852
  Batch 7080/8324, Loss: 4.9464
  Batch 7090/8324, Loss: 5.0951
  Batch 7100/8324, Loss: 4.2004
  Batch 7110/8324, Loss: 4.4283
  Batch 7120/8324, Loss: 4.1313
  Batch 7130/8324, Loss: 4.5898
  Batch 7140/8324, Loss: 3.8574
  Batch 7150/8324, Loss: 4.1696
  Batch 7160/8324, Loss: 4.6439
  Batch 7170/8324, Loss: 4.6115
  Batch 7180/8324, Loss: 4.0779
  Batch 7190/8324, Loss: 4.3970
  Batch 7200/8324, Loss: 4.4060
  Batch 7210/8324, Loss: 4.7463
  Batch 7220/8324, Loss: 3.7618
  Batch 7230/8324, Loss: 4.2677
  Batch 7240/8324, Loss: 4.1154
  Batch 7250/8324, Loss: 4.5526
  Batch 7260/8324, Loss: 4.4908
  Batch 7270/8324, Loss: 4.7369
  Batch 7280/8324, Loss: 4.1890
  Batch 7290/8324, Loss: 3.7987
  Batch 7300/8324, Loss: 4.3325
  Batch 7310/8324, Loss: 4.8094
  Batch 7320/8324, Loss: 4.9737
  Batch 7330/8324, Loss: 4.9867
  Batch 7340/8324, Loss: 4.3031
  Batch 7350/8324, Loss: 4.4311
  Batch 7360/8324, Loss: 4.0124
  Batch 7370/8324, Loss: 4.4625
  Batch 7380/8324, Loss: 4.0892
  Batch 7390/8324, Loss: 4.5735
  Batch 7400/8324, Loss: 4.5658
  Batch 7410/8324, Loss: 4.5349
  Batch 7420/8324, Loss: 4.3702
  Batch 7430/8324, Loss: 4.3330
  Batch 7440/8324, Loss: 4.9049
  Batch 7450/8324, Loss: 4.4015
  Batch 7460/8324, Loss: 4.7604
  Batch 7470/8324, Loss: 5.0634
  Batch 7480/8324, Loss: 4.8790
  Batch 7490/8324, Loss: 4.5948
  Batch 7500/8324, Loss: 4.5636
  Batch 7510/8324, Loss: 4.5267
  Batch 7520/8324, Loss: 3.9182
  Batch 7530/8324, Loss: 4.9667
  Batch 7540/8324, Loss: 4.6115
  Batch 7550/8324, Loss: 4.8593
  Batch 7560/8324, Loss: 4.4940
  Batch 7570/8324, Loss: 4.5461
  Batch 7580/8324, Loss: 4.9038
  Batch 7590/8324, Loss: 4.7132
  Batch 7600/8324, Loss: 4.8439
  Batch 7610/8324, Loss: 4.7299
  Batch 7620/8324, Loss: 4.4846
  Batch 7630/8324, Loss: 4.1307
  Batch 7640/8324, Loss: 4.0036
  Batch 7650/8324, Loss: 4.8440
  Batch 7660/8324, Loss: 4.0370
  Batch 7670/8324, Loss: 4.6854
  Batch 7680/8324, Loss: 4.6258
  Batch 7690/8324, Loss: 4.2343
  Batch 7700/8324, Loss: 4.2606
  Batch 7710/8324, Loss: 4.7843
  Batch 7720/8324, Loss: 4.9537
  Batch 7730/8324, Loss: 4.7881
  Batch 7740/8324, Loss: 4.6927
  Batch 7750/8324, Loss: 4.9263
  Batch 7760/8324, Loss: 5.0706
  Batch 7770/8324, Loss: 4.0537
  Batch 7780/8324, Loss: 4.5743
  Batch 7790/8324, Loss: 4.4586
  Batch 7800/8324, Loss: 4.4467
  Batch 7810/8324, Loss: 4.0263
  Batch 7820/8324, Loss: 4.8492
  Batch 7830/8324, Loss: 4.0646
  Batch 7840/8324, Loss: 4.4028
  Batch 7850/8324, Loss: 4.5910
  Batch 7860/8324, Loss: 4.0533
  Batch 7870/8324, Loss: 4.9000
  Batch 7880/8324, Loss: 5.1969
  Batch 7890/8324, Loss: 4.1461
  Batch 7900/8324, Loss: 3.9283
  Batch 7910/8324, Loss: 4.5696
  Batch 7920/8324, Loss: 4.3415
  Batch 7930/8324, Loss: 4.5858
  Batch 7940/8324, Loss: 4.7632
  Batch 7950/8324, Loss: 4.4809
  Batch 7960/8324, Loss: 4.3089
  Batch 7970/8324, Loss: 5.4917
  Batch 7980/8324, Loss: 4.1821
  Batch 7990/8324, Loss: 4.8073
  Batch 8000/8324, Loss: 4.1545
  Batch 8010/8324, Loss: 4.5316
  Batch 8020/8324, Loss: 4.4976
  Batch 8030/8324, Loss: 4.4371
  Batch 8040/8324, Loss: 4.2850
  Batch 8050/8324, Loss: 4.1460
  Batch 8060/8324, Loss: 4.5149
  Batch 8070/8324, Loss: 3.9705
  Batch 8080/8324, Loss: 4.4474
  Batch 8090/8324, Loss: 4.5082
  Batch 8100/8324, Loss: 3.8176
  Batch 8110/8324, Loss: 3.7598
  Batch 8120/8324, Loss: 4.6880
  Batch 8130/8324, Loss: 4.3723
  Batch 8140/8324, Loss: 5.2428
  Batch 8150/8324, Loss: 4.1497
  Batch 8160/8324, Loss: 4.1008
  Batch 8170/8324, Loss: 4.2737
  Batch 8180/8324, Loss: 4.6794
  Batch 8190/8324, Loss: 4.6184
  Batch 8200/8324, Loss: 4.3744
  Batch 8210/8324, Loss: 4.4557
  Batch 8220/8324, Loss: 4.5948
  Batch 8230/8324, Loss: 4.3383
  Batch 8240/8324, Loss: 4.4642
  Batch 8250/8324, Loss: 4.5609
  Batch 8260/8324, Loss: 4.2377
  Batch 8270/8324, Loss: 4.3493
  Batch 8280/8324, Loss: 4.3867
  Batch 8290/8324, Loss: 4.7869
  Batch 8300/8324, Loss: 4.1185
  Batch 8310/8324, Loss: 4.3399
  Batch 8320/8324, Loss: 4.3215

  Train Loss: 4.3580
  Val Loss: 6.8061
  Time: 26m 37s

Epoch 14/20
----------------------------------------
  Batch 10/8324, Loss: 4.6807
  Batch 20/8324, Loss: 4.1490
  Batch 30/8324, Loss: 4.1532
  Batch 40/8324, Loss: 3.9856
  Batch 50/8324, Loss: 4.5039
  Batch 60/8324, Loss: 4.4900
  Batch 70/8324, Loss: 3.8370
  Batch 80/8324, Loss: 3.8295
  Batch 90/8324, Loss: 3.9888
  Batch 100/8324, Loss: 3.8456
  Batch 110/8324, Loss: 3.9453
  Batch 120/8324, Loss: 4.0193
  Batch 130/8324, Loss: 4.6587
  Batch 140/8324, Loss: 4.3465
  Batch 150/8324, Loss: 4.2390
  Batch 160/8324, Loss: 4.1094
  Batch 170/8324, Loss: 4.0697
  Batch 180/8324, Loss: 4.1717
  Batch 190/8324, Loss: 4.3706
  Batch 200/8324, Loss: 4.2744
  Batch 210/8324, Loss: 4.4192
  Batch 220/8324, Loss: 4.2398
  Batch 230/8324, Loss: 3.5298
  Batch 240/8324, Loss: 3.8424
  Batch 250/8324, Loss: 4.5036
  Batch 260/8324, Loss: 4.6866
  Batch 270/8324, Loss: 3.9227
  Batch 280/8324, Loss: 3.8344
  Batch 290/8324, Loss: 4.0668
  Batch 300/8324, Loss: 4.2947
  Batch 310/8324, Loss: 4.1756
  Batch 320/8324, Loss: 4.0261
  Batch 330/8324, Loss: 4.5574
  Batch 340/8324, Loss: 4.6516
  Batch 350/8324, Loss: 4.5247
  Batch 360/8324, Loss: 4.8074
  Batch 370/8324, Loss: 4.0720
  Batch 380/8324, Loss: 4.2087
  Batch 390/8324, Loss: 4.0161
  Batch 400/8324, Loss: 4.2928
  Batch 410/8324, Loss: 4.6813
  Batch 420/8324, Loss: 4.7247
  Batch 430/8324, Loss: 4.5837
  Batch 440/8324, Loss: 5.1603
  Batch 450/8324, Loss: 4.1528
  Batch 460/8324, Loss: 3.8027
  Batch 470/8324, Loss: 4.6165
  Batch 480/8324, Loss: 4.0186
  Batch 490/8324, Loss: 3.8171
  Batch 500/8324, Loss: 4.1369
  Batch 510/8324, Loss: 4.2417
  Batch 520/8324, Loss: 4.2270
  Batch 530/8324, Loss: 4.4518
  Batch 540/8324, Loss: 4.3687
  Batch 550/8324, Loss: 4.7925
  Batch 560/8324, Loss: 4.8107
  Batch 570/8324, Loss: 4.6633
  Batch 580/8324, Loss: 4.2626
  Batch 590/8324, Loss: 4.4668
  Batch 600/8324, Loss: 4.0299
  Batch 610/8324, Loss: 4.1016
  Batch 620/8324, Loss: 3.7512
  Batch 630/8324, Loss: 4.3782
  Batch 640/8324, Loss: 3.8539
  Batch 650/8324, Loss: 4.1313
  Batch 660/8324, Loss: 3.9207
  Batch 670/8324, Loss: 3.9677
  Batch 680/8324, Loss: 4.1539
  Batch 690/8324, Loss: 4.0537
  Batch 700/8324, Loss: 4.4561
  Batch 710/8324, Loss: 3.8025
  Batch 720/8324, Loss: 4.7729
  Batch 730/8324, Loss: 4.0764
  Batch 740/8324, Loss: 4.2406
  Batch 750/8324, Loss: 4.1159
  Batch 760/8324, Loss: 4.1692
  Batch 770/8324, Loss: 4.3541
  Batch 780/8324, Loss: 4.5809
  Batch 790/8324, Loss: 4.0749
  Batch 800/8324, Loss: 4.4694
  Batch 810/8324, Loss: 4.3584
  Batch 820/8324, Loss: 4.5656
  Batch 830/8324, Loss: 4.5028
  Batch 840/8324, Loss: 3.9766
  Batch 850/8324, Loss: 4.4606
  Batch 860/8324, Loss: 4.5629
  Batch 870/8324, Loss: 4.5583
  Batch 880/8324, Loss: 4.5180
  Batch 890/8324, Loss: 5.0176
  Batch 900/8324, Loss: 4.2024
  Batch 910/8324, Loss: 4.0779
  Batch 920/8324, Loss: 4.5708
  Batch 930/8324, Loss: 4.2765
  Batch 940/8324, Loss: 4.4366
  Batch 950/8324, Loss: 3.8128
  Batch 960/8324, Loss: 3.7108
  Batch 970/8324, Loss: 4.3330
  Batch 980/8324, Loss: 4.1704
  Batch 990/8324, Loss: 4.5471
  Batch 1000/8324, Loss: 4.4210
  Batch 1010/8324, Loss: 4.8433
  Batch 1020/8324, Loss: 4.2313
  Batch 1030/8324, Loss: 3.7538
  Batch 1040/8324, Loss: 4.2669
  Batch 1050/8324, Loss: 4.3079
  Batch 1060/8324, Loss: 4.5674
  Batch 1070/8324, Loss: 4.1704
  Batch 1080/8324, Loss: 4.2976
  Batch 1090/8324, Loss: 4.2165
  Batch 1100/8324, Loss: 4.1096
  Batch 1110/8324, Loss: 3.7048
  Batch 1120/8324, Loss: 4.6826
  Batch 1130/8324, Loss: 4.0237
  Batch 1140/8324, Loss: 4.3146
  Batch 1150/8324, Loss: 3.6237
  Batch 1160/8324, Loss: 3.6338
  Batch 1170/8324, Loss: 3.7052
  Batch 1180/8324, Loss: 3.8026
  Batch 1190/8324, Loss: 4.5716
  Batch 1200/8324, Loss: 4.3041
  Batch 1210/8324, Loss: 4.6170
  Batch 1220/8324, Loss: 3.8783
  Batch 1230/8324, Loss: 4.6642
  Batch 1240/8324, Loss: 3.9995
  Batch 1250/8324, Loss: 3.8553
  Batch 1260/8324, Loss: 4.4470
  Batch 1270/8324, Loss: 4.5954
  Batch 1280/8324, Loss: 4.1993
  Batch 1290/8324, Loss: 4.0472
  Batch 1300/8324, Loss: 4.0283
  Batch 1310/8324, Loss: 4.2069
  Batch 1320/8324, Loss: 4.2152
  Batch 1330/8324, Loss: 4.1215
  Batch 1340/8324, Loss: 3.9755
  Batch 1350/8324, Loss: 3.8934
  Batch 1360/8324, Loss: 4.5530
  Batch 1370/8324, Loss: 4.8259
  Batch 1380/8324, Loss: 4.4709
  Batch 1390/8324, Loss: 4.6533
  Batch 1400/8324, Loss: 4.3518
  Batch 1410/8324, Loss: 4.3177
  Batch 1420/8324, Loss: 3.8559
  Batch 1430/8324, Loss: 4.6012
  Batch 1440/8324, Loss: 3.9925
  Batch 1450/8324, Loss: 4.5435
  Batch 1460/8324, Loss: 4.2865
  Batch 1470/8324, Loss: 4.2323
  Batch 1480/8324, Loss: 4.5913
  Batch 1490/8324, Loss: 3.8045
  Batch 1500/8324, Loss: 4.6414
  Batch 1510/8324, Loss: 4.1672
  Batch 1520/8324, Loss: 4.5091
  Batch 1530/8324, Loss: 4.4783
  Batch 1540/8324, Loss: 3.8868
  Batch 1550/8324, Loss: 4.4567
  Batch 1560/8324, Loss: 4.3886
  Batch 1570/8324, Loss: 3.9271
  Batch 1580/8324, Loss: 4.2226
  Batch 1590/8324, Loss: 4.1333
  Batch 1600/8324, Loss: 4.8381
  Batch 1610/8324, Loss: 3.9667
  Batch 1620/8324, Loss: 3.9452
  Batch 1630/8324, Loss: 4.5846
  Batch 1640/8324, Loss: 3.7720
  Batch 1650/8324, Loss: 4.3357
  Batch 1660/8324, Loss: 4.2624
  Batch 1670/8324, Loss: 4.9382
  Batch 1680/8324, Loss: 4.2929
  Batch 1690/8324, Loss: 4.5541
  Batch 1700/8324, Loss: 3.7376
  Batch 1710/8324, Loss: 4.1763
  Batch 1720/8324, Loss: 4.4196
  Batch 1730/8324, Loss: 3.4009
  Batch 1740/8324, Loss: 4.2852
  Batch 1750/8324, Loss: 4.4211
  Batch 1760/8324, Loss: 4.5701
  Batch 1770/8324, Loss: 4.2891
  Batch 1780/8324, Loss: 4.3463
  Batch 1790/8324, Loss: 4.8679
  Batch 1800/8324, Loss: 4.2806
  Batch 1810/8324, Loss: 4.5668
  Batch 1820/8324, Loss: 3.5528
  Batch 1830/8324, Loss: 3.9765
  Batch 1840/8324, Loss: 4.1970
  Batch 1850/8324, Loss: 4.1775
  Batch 1860/8324, Loss: 4.0760
  Batch 1870/8324, Loss: 4.1865
  Batch 1880/8324, Loss: 4.1980
  Batch 1890/8324, Loss: 4.6359
  Batch 1900/8324, Loss: 4.1265
  Batch 1910/8324, Loss: 3.8803
  Batch 1920/8324, Loss: 4.8258
  Batch 1930/8324, Loss: 4.1021
  Batch 1940/8324, Loss: 4.5562
  Batch 1950/8324, Loss: 4.8284
  Batch 1960/8324, Loss: 4.3376
  Batch 1970/8324, Loss: 4.6407
  Batch 1980/8324, Loss: 4.1843
  Batch 1990/8324, Loss: 3.9477
  Batch 2000/8324, Loss: 4.0097
  Batch 2010/8324, Loss: 4.5631
  Batch 2020/8324, Loss: 4.3828
  Batch 2030/8324, Loss: 4.4734
  Batch 2040/8324, Loss: 4.5955
  Batch 2050/8324, Loss: 4.1564
  Batch 2060/8324, Loss: 4.0720
  Batch 2070/8324, Loss: 3.7453
  Batch 2080/8324, Loss: 4.9282
  Batch 2090/8324, Loss: 4.2106
  Batch 2100/8324, Loss: 3.8956
  Batch 2110/8324, Loss: 4.7867
  Batch 2120/8324, Loss: 4.4399
  Batch 2130/8324, Loss: 4.0368
  Batch 2140/8324, Loss: 4.2358
  Batch 2150/8324, Loss: 4.1896
  Batch 2160/8324, Loss: 4.4732
  Batch 2170/8324, Loss: 4.2262
  Batch 2180/8324, Loss: 4.4977
  Batch 2190/8324, Loss: 3.5432
  Batch 2200/8324, Loss: 4.0918
  Batch 2210/8324, Loss: 3.2026
  Batch 2220/8324, Loss: 4.8634
  Batch 2230/8324, Loss: 4.6438
  Batch 2240/8324, Loss: 4.3898
  Batch 2250/8324, Loss: 4.3522
  Batch 2260/8324, Loss: 4.7824
  Batch 2270/8324, Loss: 4.5683
  Batch 2280/8324, Loss: 4.4267
  Batch 2290/8324, Loss: 4.3215
  Batch 2300/8324, Loss: 5.0106
  Batch 2310/8324, Loss: 3.9143
  Batch 2320/8324, Loss: 4.0667
  Batch 2330/8324, Loss: 4.6609
  Batch 2340/8324, Loss: 3.6169
  Batch 2350/8324, Loss: 4.3179
  Batch 2360/8324, Loss: 4.0998
  Batch 2370/8324, Loss: 4.6080
  Batch 2380/8324, Loss: 4.8518
  Batch 2390/8324, Loss: 3.7808
  Batch 2400/8324, Loss: 4.4137
  Batch 2410/8324, Loss: 4.1001
  Batch 2420/8324, Loss: 3.9583
  Batch 2430/8324, Loss: 4.1716
  Batch 2440/8324, Loss: 3.7565
  Batch 2450/8324, Loss: 3.9148
  Batch 2460/8324, Loss: 3.9724
  Batch 2470/8324, Loss: 4.0980
  Batch 2480/8324, Loss: 3.7356
  Batch 2490/8324, Loss: 4.4588
  Batch 2500/8324, Loss: 4.4695
  Batch 2510/8324, Loss: 4.9301
  Batch 2520/8324, Loss: 4.4625
  Batch 2530/8324, Loss: 4.3030
  Batch 2540/8324, Loss: 4.5168
  Batch 2550/8324, Loss: 4.4780
  Batch 2560/8324, Loss: 3.4124
  Batch 2570/8324, Loss: 4.4359
  Batch 2580/8324, Loss: 4.5345
  Batch 2590/8324, Loss: 4.3835
  Batch 2600/8324, Loss: 4.8561
  Batch 2610/8324, Loss: 4.1353
  Batch 2620/8324, Loss: 3.8471
  Batch 2630/8324, Loss: 3.2216
  Batch 2640/8324, Loss: 3.4645
  Batch 2650/8324, Loss: 4.5511
  Batch 2660/8324, Loss: 4.0793
  Batch 2670/8324, Loss: 4.0307
  Batch 2680/8324, Loss: 3.8894
  Batch 2690/8324, Loss: 4.1528
  Batch 2700/8324, Loss: 4.2251
  Batch 2710/8324, Loss: 4.1597
  Batch 2720/8324, Loss: 4.1528
  Batch 2730/8324, Loss: 4.3919
  Batch 2740/8324, Loss: 4.9725
  Batch 2750/8324, Loss: 3.8990
  Batch 2760/8324, Loss: 4.2193
  Batch 2770/8324, Loss: 3.7798
  Batch 2780/8324, Loss: 4.5937
  Batch 2790/8324, Loss: 4.1912
  Batch 2800/8324, Loss: 3.8013
  Batch 2810/8324, Loss: 3.9540
  Batch 2820/8324, Loss: 4.7915
  Batch 2830/8324, Loss: 4.5719
  Batch 2840/8324, Loss: 3.5156
  Batch 2850/8324, Loss: 4.8854
  Batch 2860/8324, Loss: 4.4805
  Batch 2870/8324, Loss: 4.5809
  Batch 2880/8324, Loss: 4.6658
  Batch 2890/8324, Loss: 4.1158
  Batch 2900/8324, Loss: 4.2558
  Batch 2910/8324, Loss: 4.3846
  Batch 2920/8324, Loss: 4.3032
  Batch 2930/8324, Loss: 3.9648
  Batch 2940/8324, Loss: 4.0268
  Batch 2950/8324, Loss: 3.6516
  Batch 2960/8324, Loss: 4.3473
  Batch 2970/8324, Loss: 4.4251
  Batch 2980/8324, Loss: 3.9332
  Batch 2990/8324, Loss: 4.3576
  Batch 3000/8324, Loss: 4.0600
  Batch 3010/8324, Loss: 4.4390
  Batch 3020/8324, Loss: 4.0881
  Batch 3030/8324, Loss: 4.0248
  Batch 3040/8324, Loss: 4.2804
  Batch 3050/8324, Loss: 4.6353
  Batch 3060/8324, Loss: 4.5123
  Batch 3070/8324, Loss: 3.8409
  Batch 3080/8324, Loss: 4.5301
  Batch 3090/8324, Loss: 3.9457
  Batch 3100/8324, Loss: 4.5893
  Batch 3110/8324, Loss: 3.6014
  Batch 3120/8324, Loss: 4.7445
  Batch 3130/8324, Loss: 3.4099
  Batch 3140/8324, Loss: 4.4976
  Batch 3150/8324, Loss: 4.9145
  Batch 3160/8324, Loss: 3.9675
  Batch 3170/8324, Loss: 4.3490
  Batch 3180/8324, Loss: 4.1751
  Batch 3190/8324, Loss: 4.3569
  Batch 3200/8324, Loss: 4.3999
  Batch 3210/8324, Loss: 4.2788
  Batch 3220/8324, Loss: 4.0909
  Batch 3230/8324, Loss: 3.9561
  Batch 3240/8324, Loss: 4.4583
  Batch 3250/8324, Loss: 4.9410
  Batch 3260/8324, Loss: 4.6884
  Batch 3270/8324, Loss: 4.3586
  Batch 3280/8324, Loss: 3.6809
  Batch 3290/8324, Loss: 4.6195
  Batch 3300/8324, Loss: 3.9979
  Batch 3310/8324, Loss: 4.7894
  Batch 3320/8324, Loss: 4.5525
  Batch 3330/8324, Loss: 4.3349
  Batch 3340/8324, Loss: 4.4103
  Batch 3350/8324, Loss: 4.6813
  Batch 3360/8324, Loss: 3.7678
  Batch 3370/8324, Loss: 4.3185
  Batch 3380/8324, Loss: 4.7601
  Batch 3390/8324, Loss: 4.3404
  Batch 3400/8324, Loss: 3.7075
  Batch 3410/8324, Loss: 4.1841
  Batch 3420/8324, Loss: 4.4164
  Batch 3430/8324, Loss: 4.2866
  Batch 3440/8324, Loss: 4.7941
  Batch 3450/8324, Loss: 3.8069
  Batch 3460/8324, Loss: 3.9642
  Batch 3470/8324, Loss: 4.3998
  Batch 3480/8324, Loss: 4.4253
  Batch 3490/8324, Loss: 4.1638
  Batch 3500/8324, Loss: 4.5452
  Batch 3510/8324, Loss: 3.9136
  Batch 3520/8324, Loss: 4.2049
  Batch 3530/8324, Loss: 4.7700
  Batch 3540/8324, Loss: 3.8874
  Batch 3550/8324, Loss: 4.1558
  Batch 3560/8324, Loss: 4.5635
  Batch 3570/8324, Loss: 4.7304
  Batch 3580/8324, Loss: 3.9800
  Batch 3590/8324, Loss: 4.6823
  Batch 3600/8324, Loss: 4.2760
  Batch 3610/8324, Loss: 4.5845
  Batch 3620/8324, Loss: 4.6119
  Batch 3630/8324, Loss: 4.3100
  Batch 3640/8324, Loss: 4.8967
  Batch 3650/8324, Loss: 4.3964
  Batch 3660/8324, Loss: 4.5701
  Batch 3670/8324, Loss: 3.7872
  Batch 3680/8324, Loss: 4.2772
  Batch 3690/8324, Loss: 3.9812
  Batch 3700/8324, Loss: 4.2935
  Batch 3710/8324, Loss: 4.3823
  Batch 3720/8324, Loss: 3.6323
  Batch 3730/8324, Loss: 3.8587
  Batch 3740/8324, Loss: 4.7057
  Batch 3750/8324, Loss: 4.5685
  Batch 3760/8324, Loss: 4.4669
  Batch 3770/8324, Loss: 4.6291
  Batch 3780/8324, Loss: 4.2315
  Batch 3790/8324, Loss: 3.9300
  Batch 3800/8324, Loss: 3.7433
  Batch 3810/8324, Loss: 3.7287
  Batch 3820/8324, Loss: 4.6872
  Batch 3830/8324, Loss: 4.5442
  Batch 3840/8324, Loss: 4.3134
  Batch 3850/8324, Loss: 4.3667
  Batch 3860/8324, Loss: 4.6491
  Batch 3870/8324, Loss: 4.4836
  Batch 3880/8324, Loss: 4.4515
  Batch 3890/8324, Loss: 4.5830
  Batch 3900/8324, Loss: 4.3639
  Batch 3910/8324, Loss: 4.1248
  Batch 3920/8324, Loss: 3.9082
  Batch 3930/8324, Loss: 4.6392
  Batch 3940/8324, Loss: 4.3202
  Batch 3950/8324, Loss: 4.1846
  Batch 3960/8324, Loss: 4.5612
  Batch 3970/8324, Loss: 3.9429
  Batch 3980/8324, Loss: 4.5207
  Batch 3990/8324, Loss: 4.2056
  Batch 4000/8324, Loss: 4.0977
  Batch 4010/8324, Loss: 4.3092
  Batch 4020/8324, Loss: 3.5618
  Batch 4030/8324, Loss: 4.3013
  Batch 4040/8324, Loss: 4.5577
  Batch 4050/8324, Loss: 4.2738
  Batch 4060/8324, Loss: 4.8581
  Batch 4070/8324, Loss: 4.4378
  Batch 4080/8324, Loss: 3.8147
  Batch 4090/8324, Loss: 4.0034
  Batch 4100/8324, Loss: 3.9574
  Batch 4110/8324, Loss: 3.9867
  Batch 4120/8324, Loss: 4.2727
  Batch 4130/8324, Loss: 5.0337
  Batch 4140/8324, Loss: 4.1074
  Batch 4150/8324, Loss: 4.4903
  Batch 4160/8324, Loss: 4.6626
  Batch 4170/8324, Loss: 4.4743
  Batch 4180/8324, Loss: 4.0547
  Batch 4190/8324, Loss: 4.0187
  Batch 4200/8324, Loss: 4.7670
  Batch 4210/8324, Loss: 4.5118
  Batch 4220/8324, Loss: 4.6710
  Batch 4230/8324, Loss: 3.9323
  Batch 4240/8324, Loss: 4.1652
  Batch 4250/8324, Loss: 4.6420
  Batch 4260/8324, Loss: 4.5229
  Batch 4270/8324, Loss: 4.6035
  Batch 4280/8324, Loss: 4.5253
  Batch 4290/8324, Loss: 3.8788
  Batch 4300/8324, Loss: 4.4391
  Batch 4310/8324, Loss: 4.1324
  Batch 4320/8324, Loss: 4.3324
  Batch 4330/8324, Loss: 3.8709
  Batch 4340/8324, Loss: 4.2155
  Batch 4350/8324, Loss: 4.6368
  Batch 4360/8324, Loss: 4.8830
  Batch 4370/8324, Loss: 4.1344
  Batch 4380/8324, Loss: 4.4452
  Batch 4390/8324, Loss: 3.8736
  Batch 4400/8324, Loss: 3.6666
  Batch 4410/8324, Loss: 4.5355
  Batch 4420/8324, Loss: 4.2996
  Batch 4430/8324, Loss: 4.1164
  Batch 4440/8324, Loss: 4.9210
  Batch 4450/8324, Loss: 3.6377
  Batch 4460/8324, Loss: 4.1006
  Batch 4470/8324, Loss: 4.7924
  Batch 4480/8324, Loss: 4.8589
  Batch 4490/8324, Loss: 4.1259
  Batch 4500/8324, Loss: 4.5679
  Batch 4510/8324, Loss: 4.5633
  Batch 4520/8324, Loss: 4.6735
  Batch 4530/8324, Loss: 3.9512
  Batch 4540/8324, Loss: 3.9301
  Batch 4550/8324, Loss: 4.4102
  Batch 4560/8324, Loss: 4.2738
  Batch 4570/8324, Loss: 4.6780
  Batch 4580/8324, Loss: 4.5107
  Batch 4590/8324, Loss: 4.6689
  Batch 4600/8324, Loss: 4.4335
  Batch 4610/8324, Loss: 4.2946
  Batch 4620/8324, Loss: 4.9114
  Batch 4630/8324, Loss: 4.4257
  Batch 4640/8324, Loss: 4.1146
  Batch 4650/8324, Loss: 4.1913
  Batch 4660/8324, Loss: 4.5214
  Batch 4670/8324, Loss: 4.1819
  Batch 4680/8324, Loss: 4.3355
  Batch 4690/8324, Loss: 4.3440
  Batch 4700/8324, Loss: 4.4558
  Batch 4710/8324, Loss: 4.3163
  Batch 4720/8324, Loss: 4.0743
  Batch 4730/8324, Loss: 3.3665
  Batch 4740/8324, Loss: 4.2671
  Batch 4750/8324, Loss: 4.2138
  Batch 4760/8324, Loss: 4.3790
  Batch 4770/8324, Loss: 4.3152
  Batch 4780/8324, Loss: 4.6152
  Batch 4790/8324, Loss: 3.7092
  Batch 4800/8324, Loss: 4.2812
  Batch 4810/8324, Loss: 3.9701
  Batch 4820/8324, Loss: 4.8919
  Batch 4830/8324, Loss: 4.5946
  Batch 4840/8324, Loss: 3.9595
  Batch 4850/8324, Loss: 4.1713
  Batch 4860/8324, Loss: 4.6714
  Batch 4870/8324, Loss: 5.0591
  Batch 4880/8324, Loss: 4.2739
  Batch 4890/8324, Loss: 4.3770
  Batch 4900/8324, Loss: 4.7071
  Batch 4910/8324, Loss: 4.7938
  Batch 4920/8324, Loss: 3.8194
  Batch 4930/8324, Loss: 3.9942
  Batch 4940/8324, Loss: 4.1484
  Batch 4950/8324, Loss: 4.0507
  Batch 4960/8324, Loss: 3.9230
  Batch 4970/8324, Loss: 4.6938
  Batch 4980/8324, Loss: 4.8692
  Batch 4990/8324, Loss: 4.6967
  Batch 5000/8324, Loss: 4.8816
  Batch 5010/8324, Loss: 4.1863
  Batch 5020/8324, Loss: 4.9825
  Batch 5030/8324, Loss: 4.5757
  Batch 5040/8324, Loss: 4.1473
  Batch 5050/8324, Loss: 4.3713
  Batch 5060/8324, Loss: 4.5567
  Batch 5070/8324, Loss: 4.5336
  Batch 5080/8324, Loss: 4.2812
  Batch 5090/8324, Loss: 4.5530
  Batch 5100/8324, Loss: 4.5919
  Batch 5110/8324, Loss: 4.5637
  Batch 5120/8324, Loss: 4.6615
  Batch 5130/8324, Loss: 4.1995
  Batch 5140/8324, Loss: 4.9030
  Batch 5150/8324, Loss: 4.1289
  Batch 5160/8324, Loss: 4.7538
  Batch 5170/8324, Loss: 4.2168
  Batch 5180/8324, Loss: 3.6421
  Batch 5190/8324, Loss: 4.3525
  Batch 5200/8324, Loss: 4.2408
  Batch 5210/8324, Loss: 4.4774
  Batch 5220/8324, Loss: 4.3849
  Batch 5230/8324, Loss: 4.2142
  Batch 5240/8324, Loss: 4.4639
  Batch 5250/8324, Loss: 4.0709
  Batch 5260/8324, Loss: 4.2903
  Batch 5270/8324, Loss: 4.3224
  Batch 5280/8324, Loss: 4.3680
  Batch 5290/8324, Loss: 4.5173
  Batch 5300/8324, Loss: 4.7499
  Batch 5310/8324, Loss: 4.3059
  Batch 5320/8324, Loss: 4.0000
  Batch 5330/8324, Loss: 4.5709
  Batch 5340/8324, Loss: 4.0675
  Batch 5350/8324, Loss: 4.3628
  Batch 5360/8324, Loss: 4.2858
  Batch 5370/8324, Loss: 3.8441
  Batch 5380/8324, Loss: 3.6479
  Batch 5390/8324, Loss: 4.1056
  Batch 5400/8324, Loss: 4.3316
  Batch 5410/8324, Loss: 4.1976
  Batch 5420/8324, Loss: 4.4514
  Batch 5430/8324, Loss: 4.1374
  Batch 5440/8324, Loss: 4.2418
  Batch 5450/8324, Loss: 4.5193
  Batch 5460/8324, Loss: 3.8787
  Batch 5470/8324, Loss: 4.1436
  Batch 5480/8324, Loss: 4.2490
  Batch 5490/8324, Loss: 4.5158
  Batch 5500/8324, Loss: 5.0098
  Batch 5510/8324, Loss: 4.3131
  Batch 5520/8324, Loss: 4.3284
  Batch 5530/8324, Loss: 4.6129
  Batch 5540/8324, Loss: 4.6732
  Batch 5550/8324, Loss: 4.1925
  Batch 5560/8324, Loss: 4.8155
  Batch 5570/8324, Loss: 4.7080
  Batch 5580/8324, Loss: 4.1786
  Batch 5590/8324, Loss: 4.5722
  Batch 5600/8324, Loss: 4.6127
  Batch 5610/8324, Loss: 4.8245
  Batch 5620/8324, Loss: 4.1255
  Batch 5630/8324, Loss: 4.8332
  Batch 5640/8324, Loss: 4.5136
  Batch 5650/8324, Loss: 4.5696
  Batch 5660/8324, Loss: 4.3220
  Batch 5670/8324, Loss: 4.6147
  Batch 5680/8324, Loss: 5.0386
  Batch 5690/8324, Loss: 4.0184
  Batch 5700/8324, Loss: 4.5028
  Batch 5710/8324, Loss: 3.8723
  Batch 5720/8324, Loss: 3.8043
  Batch 5730/8324, Loss: 4.9488
  Batch 5740/8324, Loss: 4.8290
  Batch 5750/8324, Loss: 4.6492
  Batch 5760/8324, Loss: 4.6111
  Batch 5770/8324, Loss: 4.4640
  Batch 5780/8324, Loss: 4.0046
  Batch 5790/8324, Loss: 4.3299
  Batch 5800/8324, Loss: 3.9013
  Batch 5810/8324, Loss: 3.8704
  Batch 5820/8324, Loss: 4.0675
  Batch 5830/8324, Loss: 3.5453
  Batch 5840/8324, Loss: 4.1310
  Batch 5850/8324, Loss: 4.9884
  Batch 5860/8324, Loss: 4.0888
  Batch 5870/8324, Loss: 4.0042
  Batch 5880/8324, Loss: 5.0652
  Batch 5890/8324, Loss: 4.1229
  Batch 5900/8324, Loss: 4.1668
  Batch 5910/8324, Loss: 4.5643
  Batch 5920/8324, Loss: 4.5528
  Batch 5930/8324, Loss: 4.1862
  Batch 5940/8324, Loss: 4.6113
  Batch 5950/8324, Loss: 4.7819
  Batch 5960/8324, Loss: 3.9937
  Batch 5970/8324, Loss: 4.2699
  Batch 5980/8324, Loss: 4.8304
  Batch 5990/8324, Loss: 4.0199
  Batch 6000/8324, Loss: 4.2585
  Batch 6010/8324, Loss: 4.7084
  Batch 6020/8324, Loss: 3.6542
  Batch 6030/8324, Loss: 4.5083
  Batch 6040/8324, Loss: 4.2086
  Batch 6050/8324, Loss: 4.7734
  Batch 6060/8324, Loss: 4.0947
  Batch 6070/8324, Loss: 4.3167
  Batch 6080/8324, Loss: 3.9982
  Batch 6090/8324, Loss: 4.3806
  Batch 6100/8324, Loss: 4.3659
  Batch 6110/8324, Loss: 4.5250
  Batch 6120/8324, Loss: 4.3687
  Batch 6130/8324, Loss: 4.2632
  Batch 6140/8324, Loss: 4.5005
  Batch 6150/8324, Loss: 4.6458
  Batch 6160/8324, Loss: 4.2264
  Batch 6170/8324, Loss: 4.1558
  Batch 6180/8324, Loss: 4.5644
  Batch 6190/8324, Loss: 3.8683
  Batch 6200/8324, Loss: 4.1286
  Batch 6210/8324, Loss: 4.0477
  Batch 6220/8324, Loss: 4.1522
  Batch 6230/8324, Loss: 4.7696
  Batch 6240/8324, Loss: 3.9979
  Batch 6250/8324, Loss: 3.6480
  Batch 6260/8324, Loss: 4.4704
  Batch 6270/8324, Loss: 4.4220
  Batch 6280/8324, Loss: 3.8085
  Batch 6290/8324, Loss: 3.7477
  Batch 6300/8324, Loss: 4.6535
  Batch 6310/8324, Loss: 4.6399
  Batch 6320/8324, Loss: 4.2848
  Batch 6330/8324, Loss: 3.9419
  Batch 6340/8324, Loss: 4.5291
  Batch 6350/8324, Loss: 4.4340
  Batch 6360/8324, Loss: 4.7287
  Batch 6370/8324, Loss: 4.5536
  Batch 6380/8324, Loss: 4.3910
  Batch 6390/8324, Loss: 4.4721
  Batch 6400/8324, Loss: 4.2291
  Batch 6410/8324, Loss: 4.5363
  Batch 6420/8324, Loss: 4.2940
  Batch 6430/8324, Loss: 4.2740
  Batch 6440/8324, Loss: 3.9843
  Batch 6450/8324, Loss: 4.9897
  Batch 6460/8324, Loss: 4.4453
  Batch 6470/8324, Loss: 4.7915
  Batch 6480/8324, Loss: 4.2085
  Batch 6490/8324, Loss: 3.7937
  Batch 6500/8324, Loss: 3.9567
  Batch 6510/8324, Loss: 4.3332
  Batch 6520/8324, Loss: 4.4393
  Batch 6530/8324, Loss: 3.7398
  Batch 6540/8324, Loss: 4.6287
  Batch 6550/8324, Loss: 4.0801
  Batch 6560/8324, Loss: 4.3348
  Batch 6570/8324, Loss: 4.3194
  Batch 6580/8324, Loss: 4.3416
  Batch 6590/8324, Loss: 3.3987
  Batch 6600/8324, Loss: 4.4197
  Batch 6610/8324, Loss: 4.8522
  Batch 6620/8324, Loss: 4.3335
  Batch 6630/8324, Loss: 4.1645
  Batch 6640/8324, Loss: 4.0123
  Batch 6650/8324, Loss: 3.4005
  Batch 6660/8324, Loss: 4.6026
  Batch 6670/8324, Loss: 4.3207
  Batch 6680/8324, Loss: 5.0927
  Batch 6690/8324, Loss: 4.0597
  Batch 6700/8324, Loss: 4.9219
  Batch 6710/8324, Loss: 4.6419
  Batch 6720/8324, Loss: 4.3907
  Batch 6730/8324, Loss: 4.7219
  Batch 6740/8324, Loss: 4.0522
  Batch 6750/8324, Loss: 4.9527
  Batch 6760/8324, Loss: 4.1626
  Batch 6770/8324, Loss: 4.1289
  Batch 6780/8324, Loss: 3.8075
  Batch 6790/8324, Loss: 3.4661
  Batch 6800/8324, Loss: 4.0137
  Batch 6810/8324, Loss: 4.2022
  Batch 6820/8324, Loss: 4.7934
  Batch 6830/8324, Loss: 4.4635
  Batch 6840/8324, Loss: 4.7653
  Batch 6850/8324, Loss: 4.1143
  Batch 6860/8324, Loss: 4.4469
  Batch 6870/8324, Loss: 4.1515
  Batch 6880/8324, Loss: 4.2626
  Batch 6890/8324, Loss: 3.8856
  Batch 6900/8324, Loss: 4.5182
  Batch 6910/8324, Loss: 4.2646
  Batch 6920/8324, Loss: 4.4087
  Batch 6930/8324, Loss: 4.1193
  Batch 6940/8324, Loss: 4.4014
  Batch 6950/8324, Loss: 4.7058
  Batch 6960/8324, Loss: 4.3324
  Batch 6970/8324, Loss: 4.3588
  Batch 6980/8324, Loss: 3.8490
  Batch 6990/8324, Loss: 4.5340
  Batch 7000/8324, Loss: 3.8446
  Batch 7010/8324, Loss: 4.2245
  Batch 7020/8324, Loss: 4.4102
  Batch 7030/8324, Loss: 3.9946
  Batch 7040/8324, Loss: 4.1294
  Batch 7050/8324, Loss: 4.0907
  Batch 7060/8324, Loss: 4.3670
  Batch 7070/8324, Loss: 4.1119
  Batch 7080/8324, Loss: 4.1584
  Batch 7090/8324, Loss: 4.6674
  Batch 7100/8324, Loss: 4.2419
  Batch 7110/8324, Loss: 3.9623
  Batch 7120/8324, Loss: 4.3222
  Batch 7130/8324, Loss: 4.1328
  Batch 7140/8324, Loss: 4.2490
  Batch 7150/8324, Loss: 4.4073
  Batch 7160/8324, Loss: 4.4487
  Batch 7170/8324, Loss: 4.1706
  Batch 7180/8324, Loss: 3.7388
  Batch 7190/8324, Loss: 4.7053
  Batch 7200/8324, Loss: 3.3932
  Batch 7210/8324, Loss: 4.0394
  Batch 7220/8324, Loss: 3.7151
  Batch 7230/8324, Loss: 4.9339
  Batch 7240/8324, Loss: 4.7196
  Batch 7250/8324, Loss: 4.5625
  Batch 7260/8324, Loss: 4.7892
  Batch 7270/8324, Loss: 4.2816
  Batch 7280/8324, Loss: 4.2629
  Batch 7290/8324, Loss: 4.1304
  Batch 7300/8324, Loss: 4.1845
  Batch 7310/8324, Loss: 4.9639
  Batch 7320/8324, Loss: 4.6401
  Batch 7330/8324, Loss: 4.5968
  Batch 7340/8324, Loss: 4.2812
  Batch 7350/8324, Loss: 4.5770
  Batch 7360/8324, Loss: 4.4252
  Batch 7370/8324, Loss: 4.6452
  Batch 7380/8324, Loss: 4.5122
  Batch 7390/8324, Loss: 4.4693
  Batch 7400/8324, Loss: 4.2210
  Batch 7410/8324, Loss: 4.2160
  Batch 7420/8324, Loss: 4.1113
  Batch 7430/8324, Loss: 3.7772
  Batch 7440/8324, Loss: 4.1125
  Batch 7450/8324, Loss: 4.5873
  Batch 7460/8324, Loss: 4.3153
  Batch 7470/8324, Loss: 4.2732
  Batch 7480/8324, Loss: 4.2767
  Batch 7490/8324, Loss: 4.4340
  Batch 7500/8324, Loss: 4.5125
  Batch 7510/8324, Loss: 4.3408
  Batch 7520/8324, Loss: 4.2239
  Batch 7530/8324, Loss: 4.0876
  Batch 7540/8324, Loss: 5.2013
  Batch 7550/8324, Loss: 4.5424
  Batch 7560/8324, Loss: 4.4284
  Batch 7570/8324, Loss: 4.6162
  Batch 7580/8324, Loss: 4.8993
  Batch 7590/8324, Loss: 4.3931
  Batch 7600/8324, Loss: 4.5840
  Batch 7610/8324, Loss: 3.9130
  Batch 7620/8324, Loss: 4.6267
  Batch 7630/8324, Loss: 4.0939
  Batch 7640/8324, Loss: 4.2079
  Batch 7650/8324, Loss: 4.1962
  Batch 7660/8324, Loss: 5.0743
  Batch 7670/8324, Loss: 4.4956
  Batch 7680/8324, Loss: 4.4694
  Batch 7690/8324, Loss: 5.2627
  Batch 7700/8324, Loss: 3.3439
  Batch 7710/8324, Loss: 4.4502
  Batch 7720/8324, Loss: 4.7174
  Batch 7730/8324, Loss: 4.4965
  Batch 7740/8324, Loss: 4.6086
  Batch 7750/8324, Loss: 4.3095
  Batch 7760/8324, Loss: 3.5337
  Batch 7770/8324, Loss: 4.6986
  Batch 7780/8324, Loss: 4.5047
  Batch 7790/8324, Loss: 4.2813
  Batch 7800/8324, Loss: 3.7983
  Batch 7810/8324, Loss: 4.3880
  Batch 7820/8324, Loss: 4.4764
  Batch 7830/8324, Loss: 4.6939
  Batch 7840/8324, Loss: 3.9211
  Batch 7850/8324, Loss: 4.4619
  Batch 7860/8324, Loss: 4.3764
  Batch 7870/8324, Loss: 4.2944
  Batch 7880/8324, Loss: 4.8584
  Batch 7890/8324, Loss: 4.3016
  Batch 7900/8324, Loss: 4.4645
  Batch 7910/8324, Loss: 3.8446
  Batch 7920/8324, Loss: 3.6596
  Batch 7930/8324, Loss: 3.8560
  Batch 7940/8324, Loss: 4.7039
  Batch 7950/8324, Loss: 4.3310
  Batch 7960/8324, Loss: 4.7008
  Batch 7970/8324, Loss: 4.5514
  Batch 7980/8324, Loss: 4.2286
  Batch 7990/8324, Loss: 4.3471
  Batch 8000/8324, Loss: 4.1238
  Batch 8010/8324, Loss: 4.5661
  Batch 8020/8324, Loss: 4.2696
  Batch 8030/8324, Loss: 4.3142
  Batch 8040/8324, Loss: 4.2258
  Batch 8050/8324, Loss: 3.7332
  Batch 8060/8324, Loss: 3.7615
  Batch 8070/8324, Loss: 4.2781
  Batch 8080/8324, Loss: 4.2173
  Batch 8090/8324, Loss: 4.3765
  Batch 8100/8324, Loss: 4.2705
  Batch 8110/8324, Loss: 3.8547
  Batch 8120/8324, Loss: 4.0533
  Batch 8130/8324, Loss: 5.0473
  Batch 8140/8324, Loss: 4.4645
  Batch 8150/8324, Loss: 4.3303
  Batch 8160/8324, Loss: 4.2766
  Batch 8170/8324, Loss: 4.4731
  Batch 8180/8324, Loss: 4.2359
  Batch 8190/8324, Loss: 4.2500
  Batch 8200/8324, Loss: 4.7822
  Batch 8210/8324, Loss: 4.7307
  Batch 8220/8324, Loss: 4.3825
  Batch 8230/8324, Loss: 4.3746
  Batch 8240/8324, Loss: 4.0560
  Batch 8250/8324, Loss: 3.9765
  Batch 8260/8324, Loss: 4.1187
  Batch 8270/8324, Loss: 4.7565
  Batch 8280/8324, Loss: 4.3469
  Batch 8290/8324, Loss: 4.3404
  Batch 8300/8324, Loss: 4.4301
  Batch 8310/8324, Loss: 4.0907
  Batch 8320/8324, Loss: 4.6189

  Train Loss: 4.3299
  Val Loss: 6.7625
  Time: 26m 38s

Epoch 15/20
----------------------------------------
  Batch 10/8324, Loss: 4.1707
  Batch 20/8324, Loss: 4.2665
  Batch 30/8324, Loss: 4.1819
  Batch 40/8324, Loss: 3.9936
  Batch 50/8324, Loss: 4.3089
  Batch 60/8324, Loss: 4.3439
  Batch 70/8324, Loss: 3.3841
  Batch 80/8324, Loss: 4.1796
  Batch 90/8324, Loss: 4.2902
  Batch 100/8324, Loss: 4.1084
  Batch 110/8324, Loss: 4.6233
  Batch 120/8324, Loss: 3.6919
  Batch 130/8324, Loss: 3.8003
  Batch 140/8324, Loss: 3.8206
  Batch 150/8324, Loss: 4.0253
  Batch 160/8324, Loss: 4.1681
  Batch 170/8324, Loss: 4.3432
  Batch 180/8324, Loss: 4.1380
  Batch 190/8324, Loss: 4.4767
  Batch 200/8324, Loss: 4.5429
  Batch 210/8324, Loss: 3.6013
  Batch 220/8324, Loss: 4.2993
  Batch 230/8324, Loss: 4.5915
  Batch 240/8324, Loss: 4.4019
  Batch 250/8324, Loss: 4.7772
  Batch 260/8324, Loss: 4.6632
  Batch 270/8324, Loss: 4.3388
  Batch 280/8324, Loss: 4.4594
  Batch 290/8324, Loss: 3.7968
  Batch 300/8324, Loss: 4.6478
  Batch 310/8324, Loss: 4.1438
  Batch 320/8324, Loss: 3.7122
  Batch 330/8324, Loss: 4.5935
  Batch 340/8324, Loss: 4.2332
  Batch 350/8324, Loss: 4.5940
  Batch 360/8324, Loss: 3.7400
  Batch 370/8324, Loss: 4.0327
  Batch 380/8324, Loss: 4.3029
  Batch 390/8324, Loss: 4.7655
  Batch 400/8324, Loss: 4.5982
  Batch 410/8324, Loss: 4.4480
  Batch 420/8324, Loss: 4.3262
  Batch 430/8324, Loss: 3.4241
  Batch 440/8324, Loss: 3.8683
  Batch 450/8324, Loss: 4.5267
  Batch 460/8324, Loss: 4.4823
  Batch 470/8324, Loss: 4.5581
  Batch 480/8324, Loss: 4.5649
  Batch 490/8324, Loss: 4.4591
  Batch 500/8324, Loss: 3.8100
  Batch 510/8324, Loss: 4.1618
  Batch 520/8324, Loss: 4.7648
  Batch 530/8324, Loss: 4.1580
  Batch 540/8324, Loss: 4.1172
  Batch 550/8324, Loss: 4.2131
  Batch 560/8324, Loss: 4.1331
  Batch 570/8324, Loss: 4.3761
  Batch 580/8324, Loss: 4.4565
  Batch 590/8324, Loss: 3.7779
  Batch 600/8324, Loss: 4.1870
  Batch 610/8324, Loss: 4.3325
  Batch 620/8324, Loss: 3.9254
  Batch 630/8324, Loss: 4.1701
  Batch 640/8324, Loss: 3.9891
  Batch 650/8324, Loss: 4.6958
  Batch 660/8324, Loss: 4.1560
  Batch 670/8324, Loss: 4.6563
  Batch 680/8324, Loss: 4.6560
  Batch 690/8324, Loss: 3.8848
  Batch 700/8324, Loss: 4.0460
  Batch 710/8324, Loss: 4.5801
  Batch 720/8324, Loss: 4.3377
  Batch 730/8324, Loss: 4.1290
  Batch 740/8324, Loss: 4.1737
  Batch 750/8324, Loss: 4.1633
  Batch 760/8324, Loss: 4.0288
  Batch 770/8324, Loss: 4.2400
  Batch 780/8324, Loss: 4.1365
  Batch 790/8324, Loss: 4.1388
  Batch 800/8324, Loss: 4.3036
  Batch 810/8324, Loss: 4.1024
  Batch 820/8324, Loss: 4.4034
  Batch 830/8324, Loss: 4.5244
  Batch 840/8324, Loss: 4.1970
  Batch 850/8324, Loss: 4.1021
  Batch 860/8324, Loss: 3.9973
  Batch 870/8324, Loss: 3.9530
  Batch 880/8324, Loss: 4.5130
  Batch 890/8324, Loss: 4.4467
  Batch 900/8324, Loss: 4.3822
  Batch 910/8324, Loss: 4.1842
  Batch 920/8324, Loss: 4.5024
  Batch 930/8324, Loss: 4.6195
  Batch 940/8324, Loss: 4.4853
  Batch 950/8324, Loss: 4.6729
  Batch 960/8324, Loss: 4.5761
  Batch 970/8324, Loss: 3.9596
  Batch 980/8324, Loss: 4.5140
  Batch 990/8324, Loss: 4.6800
  Batch 1000/8324, Loss: 4.7771
  Batch 1010/8324, Loss: 4.3179
  Batch 1020/8324, Loss: 4.2936
  Batch 1030/8324, Loss: 4.1652
  Batch 1040/8324, Loss: 4.5591
  Batch 1050/8324, Loss: 4.3832
  Batch 1060/8324, Loss: 4.2930
  Batch 1070/8324, Loss: 3.9582
  Batch 1080/8324, Loss: 4.5380
  Batch 1090/8324, Loss: 4.6792
  Batch 1100/8324, Loss: 4.2863
  Batch 1110/8324, Loss: 4.7070
  Batch 1120/8324, Loss: 3.8351
  Batch 1130/8324, Loss: 3.9010
  Batch 1140/8324, Loss: 4.4040
  Batch 1150/8324, Loss: 4.1351
  Batch 1160/8324, Loss: 4.2943
  Batch 1170/8324, Loss: 4.0985
  Batch 1180/8324, Loss: 4.4665
  Batch 1190/8324, Loss: 3.8931
  Batch 1200/8324, Loss: 4.2607
  Batch 1210/8324, Loss: 4.2445
  Batch 1220/8324, Loss: 4.1402
  Batch 1230/8324, Loss: 4.5765
  Batch 1240/8324, Loss: 4.8846
  Batch 1250/8324, Loss: 4.2204
  Batch 1260/8324, Loss: 4.0109
  Batch 1270/8324, Loss: 4.2400
  Batch 1280/8324, Loss: 4.8060
  Batch 1290/8324, Loss: 4.4150
  Batch 1300/8324, Loss: 4.6716
  Batch 1310/8324, Loss: 4.5340
  Batch 1320/8324, Loss: 4.3803
  Batch 1330/8324, Loss: 4.7718
  Batch 1340/8324, Loss: 4.4932
  Batch 1350/8324, Loss: 3.8844
  Batch 1360/8324, Loss: 4.2189
  Batch 1370/8324, Loss: 4.1403
  Batch 1380/8324, Loss: 4.6607
  Batch 1390/8324, Loss: 3.6959
  Batch 1400/8324, Loss: 3.5319
  Batch 1410/8324, Loss: 4.1133
  Batch 1420/8324, Loss: 3.9819
  Batch 1430/8324, Loss: 4.7932
  Batch 1440/8324, Loss: 4.3113
  Batch 1450/8324, Loss: 3.9967
  Batch 1460/8324, Loss: 3.9546
  Batch 1470/8324, Loss: 4.1965
  Batch 1480/8324, Loss: 3.9175
  Batch 1490/8324, Loss: 4.6251
  Batch 1500/8324, Loss: 4.4052
  Batch 1510/8324, Loss: 4.3953
  Batch 1520/8324, Loss: 4.5075
  Batch 1530/8324, Loss: 4.1637
  Batch 1540/8324, Loss: 4.4456
  Batch 1550/8324, Loss: 4.4763
  Batch 1560/8324, Loss: 3.8088
  Batch 1570/8324, Loss: 4.9434
  Batch 1580/8324, Loss: 4.3592
  Batch 1590/8324, Loss: 4.7133
  Batch 1600/8324, Loss: 4.4109
  Batch 1610/8324, Loss: 4.2419
  Batch 1620/8324, Loss: 3.9220
  Batch 1630/8324, Loss: 4.8383
  Batch 1640/8324, Loss: 4.2308
  Batch 1650/8324, Loss: 4.4334
  Batch 1660/8324, Loss: 4.4344
  Batch 1670/8324, Loss: 4.4535
  Batch 1680/8324, Loss: 4.9130
  Batch 1690/8324, Loss: 4.2858
  Batch 1700/8324, Loss: 4.5876
  Batch 1710/8324, Loss: 4.8808
  Batch 1720/8324, Loss: 5.0543
  Batch 1730/8324, Loss: 3.4599
  Batch 1740/8324, Loss: 4.1742
  Batch 1750/8324, Loss: 4.0976
  Batch 1760/8324, Loss: 4.2316
  Batch 1770/8324, Loss: 4.1026
  Batch 1780/8324, Loss: 4.9578
  Batch 1790/8324, Loss: 4.0394
  Batch 1800/8324, Loss: 4.2190
  Batch 1810/8324, Loss: 4.3084
  Batch 1820/8324, Loss: 4.7208
  Batch 1830/8324, Loss: 3.8778
  Batch 1840/8324, Loss: 3.9510
  Batch 1850/8324, Loss: 4.7354
  Batch 1860/8324, Loss: 4.6080
  Batch 1870/8324, Loss: 4.0826
  Batch 1880/8324, Loss: 4.1473
  Batch 1890/8324, Loss: 3.7144
  Batch 1900/8324, Loss: 4.2756
  Batch 1910/8324, Loss: 4.5382
  Batch 1920/8324, Loss: 4.3031
  Batch 1930/8324, Loss: 4.3507
  Batch 1940/8324, Loss: 4.4940
  Batch 1950/8324, Loss: 4.1968
  Batch 1960/8324, Loss: 4.6501
  Batch 1970/8324, Loss: 4.5493
  Batch 1980/8324, Loss: 4.1683
  Batch 1990/8324, Loss: 3.8921
  Batch 2000/8324, Loss: 4.0845
  Batch 2010/8324, Loss: 4.6574
  Batch 2020/8324, Loss: 4.2112
  Batch 2030/8324, Loss: 4.6877
  Batch 2040/8324, Loss: 3.9794
  Batch 2050/8324, Loss: 4.5817
  Batch 2060/8324, Loss: 4.7403
  Batch 2070/8324, Loss: 3.9280
  Batch 2080/8324, Loss: 4.2805
  Batch 2090/8324, Loss: 4.1817
  Batch 2100/8324, Loss: 4.0315
  Batch 2110/8324, Loss: 4.2545
  Batch 2120/8324, Loss: 4.3495
  Batch 2130/8324, Loss: 4.4045
  Batch 2140/8324, Loss: 4.2761
  Batch 2150/8324, Loss: 4.4085
  Batch 2160/8324, Loss: 4.2566
  Batch 2170/8324, Loss: 3.8531
  Batch 2180/8324, Loss: 4.1296
  Batch 2190/8324, Loss: 4.2372
  Batch 2200/8324, Loss: 4.3052
  Batch 2210/8324, Loss: 4.0337
  Batch 2220/8324, Loss: 4.3557
  Batch 2230/8324, Loss: 4.2822
  Batch 2240/8324, Loss: 3.9082
  Batch 2250/8324, Loss: 4.6265
  Batch 2260/8324, Loss: 4.7510
  Batch 2270/8324, Loss: 3.6791
  Batch 2280/8324, Loss: 3.9383
  Batch 2290/8324, Loss: 4.0412
  Batch 2300/8324, Loss: 4.6696
  Batch 2310/8324, Loss: 3.9895
  Batch 2320/8324, Loss: 4.2232
  Batch 2330/8324, Loss: 4.2167
  Batch 2340/8324, Loss: 4.6213
  Batch 2350/8324, Loss: 4.9191
  Batch 2360/8324, Loss: 5.1213
  Batch 2370/8324, Loss: 3.8166
  Batch 2380/8324, Loss: 4.4505
  Batch 2390/8324, Loss: 4.2851
  Batch 2400/8324, Loss: 3.7916
  Batch 2410/8324, Loss: 3.7891
  Batch 2420/8324, Loss: 4.3452
  Batch 2430/8324, Loss: 3.8166
  Batch 2440/8324, Loss: 4.3196
  Batch 2450/8324, Loss: 4.3301
  Batch 2460/8324, Loss: 4.1482
  Batch 2470/8324, Loss: 4.4604
  Batch 2480/8324, Loss: 4.4909
  Batch 2490/8324, Loss: 4.3287
  Batch 2500/8324, Loss: 4.5584
  Batch 2510/8324, Loss: 4.6321
  Batch 2520/8324, Loss: 3.9490
  Batch 2530/8324, Loss: 4.1805
  Batch 2540/8324, Loss: 4.0834
  Batch 2550/8324, Loss: 4.4825
  Batch 2560/8324, Loss: 4.0293
  Batch 2570/8324, Loss: 4.3438
  Batch 2580/8324, Loss: 4.1937
  Batch 2590/8324, Loss: 4.5633
  Batch 2600/8324, Loss: 4.0307
  Batch 2610/8324, Loss: 3.6987
  Batch 2620/8324, Loss: 4.2209
  Batch 2630/8324, Loss: 4.4765
  Batch 2640/8324, Loss: 3.2282
  Batch 2650/8324, Loss: 4.4970
  Batch 2660/8324, Loss: 4.7320
  Batch 2670/8324, Loss: 3.8533
  Batch 2680/8324, Loss: 4.7578
  Batch 2690/8324, Loss: 4.4139
  Batch 2700/8324, Loss: 4.3425
  Batch 2710/8324, Loss: 4.2520
  Batch 2720/8324, Loss: 4.2048
  Batch 2730/8324, Loss: 4.0385
  Batch 2740/8324, Loss: 4.4884
  Batch 2750/8324, Loss: 4.4089
  Batch 2760/8324, Loss: 4.6142
  Batch 2770/8324, Loss: 3.4948
  Batch 2780/8324, Loss: 3.9631
  Batch 2790/8324, Loss: 4.2199
  Batch 2800/8324, Loss: 3.9844
  Batch 2810/8324, Loss: 4.5712
  Batch 2820/8324, Loss: 5.0417
  Batch 2830/8324, Loss: 4.6693
  Batch 2840/8324, Loss: 4.3118
  Batch 2850/8324, Loss: 4.4552
  Batch 2860/8324, Loss: 4.4566
  Batch 2870/8324, Loss: 4.4255
  Batch 2880/8324, Loss: 4.5552
  Batch 2890/8324, Loss: 4.1445
  Batch 2900/8324, Loss: 3.9386
  Batch 2910/8324, Loss: 3.8912
  Batch 2920/8324, Loss: 4.3331
  Batch 2930/8324, Loss: 4.0607
  Batch 2940/8324, Loss: 3.9237
  Batch 2950/8324, Loss: 3.8787
  Batch 2960/8324, Loss: 4.1455
  Batch 2970/8324, Loss: 4.3401
  Batch 2980/8324, Loss: 4.0165
  Batch 2990/8324, Loss: 3.9791
  Batch 3000/8324, Loss: 4.5060
  Batch 3010/8324, Loss: 4.3455
  Batch 3020/8324, Loss: 4.0406
  Batch 3030/8324, Loss: 4.0830
  Batch 3040/8324, Loss: 4.1133
  Batch 3050/8324, Loss: 4.0904
  Batch 3060/8324, Loss: 4.4983
  Batch 3070/8324, Loss: 4.1632
  Batch 3080/8324, Loss: 4.6930
  Batch 3090/8324, Loss: 4.2452
  Batch 3100/8324, Loss: 4.0901
  Batch 3110/8324, Loss: 4.5540
  Batch 3120/8324, Loss: 3.9750
  Batch 3130/8324, Loss: 3.9110
  Batch 3140/8324, Loss: 4.2750
  Batch 3150/8324, Loss: 4.1467
  Batch 3160/8324, Loss: 3.8796
  Batch 3170/8324, Loss: 4.5793
  Batch 3180/8324, Loss: 4.2712
  Batch 3190/8324, Loss: 4.3507
  Batch 3200/8324, Loss: 3.8999
  Batch 3210/8324, Loss: 4.4542
  Batch 3220/8324, Loss: 4.5727
  Batch 3230/8324, Loss: 3.9402
  Batch 3240/8324, Loss: 4.0335
  Batch 3250/8324, Loss: 4.8744
  Batch 3260/8324, Loss: 4.7382
  Batch 3270/8324, Loss: 4.5955
  Batch 3280/8324, Loss: 4.4188
  Batch 3290/8324, Loss: 4.4589
  Batch 3300/8324, Loss: 4.1888
  Batch 3310/8324, Loss: 3.9970
  Batch 3320/8324, Loss: 4.9017
  Batch 3330/8324, Loss: 3.8914
  Batch 3340/8324, Loss: 4.5422
  Batch 3350/8324, Loss: 4.9465
  Batch 3360/8324, Loss: 4.2367
  Batch 3370/8324, Loss: 4.2285
  Batch 3380/8324, Loss: 4.2604
  Batch 3390/8324, Loss: 3.7277
  Batch 3400/8324, Loss: 3.9819
  Batch 3410/8324, Loss: 4.1006
  Batch 3420/8324, Loss: 4.1805
  Batch 3430/8324, Loss: 4.3917
  Batch 3440/8324, Loss: 4.5286
  Batch 3450/8324, Loss: 4.5171
  Batch 3460/8324, Loss: 4.2259
  Batch 3470/8324, Loss: 3.7456
  Batch 3480/8324, Loss: 4.0371
  Batch 3490/8324, Loss: 4.0654
  Batch 3500/8324, Loss: 4.4689
  Batch 3510/8324, Loss: 4.6634
  Batch 3520/8324, Loss: 5.0164
  Batch 3530/8324, Loss: 4.8903
  Batch 3540/8324, Loss: 4.3845
  Batch 3550/8324, Loss: 4.2206
  Batch 3560/8324, Loss: 3.8263
  Batch 3570/8324, Loss: 4.5980
  Batch 3580/8324, Loss: 4.8018
  Batch 3590/8324, Loss: 4.4121
  Batch 3600/8324, Loss: 4.3021
  Batch 3610/8324, Loss: 4.2366
  Batch 3620/8324, Loss: 4.2518
  Batch 3630/8324, Loss: 4.4215
  Batch 3640/8324, Loss: 4.3234
  Batch 3650/8324, Loss: 4.3237
  Batch 3660/8324, Loss: 4.4410
  Batch 3670/8324, Loss: 4.0740
  Batch 3680/8324, Loss: 4.7830
  Batch 3690/8324, Loss: 4.0547
  Batch 3700/8324, Loss: 3.8441
  Batch 3710/8324, Loss: 4.2471
  Batch 3720/8324, Loss: 4.7822
  Batch 3730/8324, Loss: 3.9951
  Batch 3740/8324, Loss: 3.8420
  Batch 3750/8324, Loss: 3.8936
  Batch 3760/8324, Loss: 4.0547
  Batch 3770/8324, Loss: 4.9483
  Batch 3780/8324, Loss: 3.8145
  Batch 3790/8324, Loss: 4.4421
  Batch 3800/8324, Loss: 4.0981
  Batch 3810/8324, Loss: 4.3422
  Batch 3820/8324, Loss: 4.3104
  Batch 3830/8324, Loss: 4.3052
  Batch 3840/8324, Loss: 4.1711
  Batch 3850/8324, Loss: 4.3904
  Batch 3860/8324, Loss: 4.0783
  Batch 3870/8324, Loss: 4.5342
  Batch 3880/8324, Loss: 3.7751
  Batch 3890/8324, Loss: 4.4191
  Batch 3900/8324, Loss: 4.5095
  Batch 3910/8324, Loss: 4.0294
  Batch 3920/8324, Loss: 4.0964
  Batch 3930/8324, Loss: 4.5903
  Batch 3940/8324, Loss: 3.9869
  Batch 3950/8324, Loss: 4.9907
  Batch 3960/8324, Loss: 4.6842
  Batch 3970/8324, Loss: 4.6147
  Batch 3980/8324, Loss: 4.2616
  Batch 3990/8324, Loss: 4.3016
  Batch 4000/8324, Loss: 3.9015
  Batch 4010/8324, Loss: 3.9603
  Batch 4020/8324, Loss: 3.7476
  Batch 4030/8324, Loss: 4.3316
  Batch 4040/8324, Loss: 4.1755
  Batch 4050/8324, Loss: 4.6786
  Batch 4060/8324, Loss: 4.0495
  Batch 4070/8324, Loss: 4.3522
  Batch 4080/8324, Loss: 4.2158
  Batch 4090/8324, Loss: 4.0457
  Batch 4100/8324, Loss: 4.5037
  Batch 4110/8324, Loss: 3.8965
  Batch 4120/8324, Loss: 4.6763
  Batch 4130/8324, Loss: 4.4644
  Batch 4140/8324, Loss: 3.7190
  Batch 4150/8324, Loss: 3.9725
  Batch 4160/8324, Loss: 3.8910
  Batch 4170/8324, Loss: 4.7271
  Batch 4180/8324, Loss: 4.4965
  Batch 4190/8324, Loss: 4.0245
  Batch 4200/8324, Loss: 4.1865
  Batch 4210/8324, Loss: 3.8913
  Batch 4220/8324, Loss: 4.1748
  Batch 4230/8324, Loss: 4.0584
  Batch 4240/8324, Loss: 4.4019
  Batch 4250/8324, Loss: 3.8809
  Batch 4260/8324, Loss: 4.0947
  Batch 4270/8324, Loss: 3.8844
  Batch 4280/8324, Loss: 4.5066
  Batch 4290/8324, Loss: 4.0888
  Batch 4300/8324, Loss: 4.7805
  Batch 4310/8324, Loss: 4.2773
  Batch 4320/8324, Loss: 4.2951
  Batch 4330/8324, Loss: 3.4124
  Batch 4340/8324, Loss: 4.5777
  Batch 4350/8324, Loss: 4.8396
  Batch 4360/8324, Loss: 4.4421
  Batch 4370/8324, Loss: 4.5422
  Batch 4380/8324, Loss: 4.5629
  Batch 4390/8324, Loss: 5.2125
  Batch 4400/8324, Loss: 4.6556
  Batch 4410/8324, Loss: 4.0166
  Batch 4420/8324, Loss: 4.5919
  Batch 4430/8324, Loss: 4.2934
  Batch 4440/8324, Loss: 5.0356
  Batch 4450/8324, Loss: 4.8483
  Batch 4460/8324, Loss: 4.5774
  Batch 4470/8324, Loss: 4.4153
  Batch 4480/8324, Loss: 3.6509
  Batch 4490/8324, Loss: 4.3378
  Batch 4500/8324, Loss: 4.7042
  Batch 4510/8324, Loss: 4.2644
  Batch 4520/8324, Loss: 3.7118
  Batch 4530/8324, Loss: 3.8981
  Batch 4540/8324, Loss: 4.4472
  Batch 4550/8324, Loss: 3.6444
  Batch 4560/8324, Loss: 3.8929
  Batch 4570/8324, Loss: 3.8151
  Batch 4580/8324, Loss: 4.6043
  Batch 4590/8324, Loss: 4.8932
  Batch 4600/8324, Loss: 4.4410
  Batch 4610/8324, Loss: 4.1338
  Batch 4620/8324, Loss: 4.3680
  Batch 4630/8324, Loss: 4.0404
  Batch 4640/8324, Loss: 4.5095
  Batch 4650/8324, Loss: 4.2408
  Batch 4660/8324, Loss: 4.2801
  Batch 4670/8324, Loss: 4.2151
  Batch 4680/8324, Loss: 4.1700
  Batch 4690/8324, Loss: 4.7845
  Batch 4700/8324, Loss: 4.6644
  Batch 4710/8324, Loss: 4.5996
  Batch 4720/8324, Loss: 4.2379
  Batch 4730/8324, Loss: 4.8187
  Batch 4740/8324, Loss: 4.3076
  Batch 4750/8324, Loss: 4.2523
  Batch 4760/8324, Loss: 4.8658
  Batch 4770/8324, Loss: 4.5214
  Batch 4780/8324, Loss: 3.7099
  Batch 4790/8324, Loss: 3.7140
  Batch 4800/8324, Loss: 4.5810
  Batch 4810/8324, Loss: 4.5136
  Batch 4820/8324, Loss: 4.2846
  Batch 4830/8324, Loss: 4.3656
  Batch 4840/8324, Loss: 3.9722
  Batch 4850/8324, Loss: 3.6832
  Batch 4860/8324, Loss: 4.5368
  Batch 4870/8324, Loss: 4.5220
  Batch 4880/8324, Loss: 4.2196
  Batch 4890/8324, Loss: 3.7790
  Batch 4900/8324, Loss: 4.8714
  Batch 4910/8324, Loss: 4.8175
  Batch 4920/8324, Loss: 4.4096
  Batch 4930/8324, Loss: 4.5017
  Batch 4940/8324, Loss: 4.2588
  Batch 4950/8324, Loss: 4.2044
  Batch 4960/8324, Loss: 3.5911
  Batch 4970/8324, Loss: 4.7063
  Batch 4980/8324, Loss: 3.7040
  Batch 4990/8324, Loss: 4.4919
  Batch 5000/8324, Loss: 3.3277
  Batch 5010/8324, Loss: 4.1082
  Batch 5020/8324, Loss: 4.2288
  Batch 5030/8324, Loss: 4.3564
  Batch 5040/8324, Loss: 4.0712
  Batch 5050/8324, Loss: 4.0607
  Batch 5060/8324, Loss: 4.0269
  Batch 5070/8324, Loss: 4.4431
  Batch 5080/8324, Loss: 3.7221
  Batch 5090/8324, Loss: 4.1956
  Batch 5100/8324, Loss: 3.6464
  Batch 5110/8324, Loss: 4.0827
  Batch 5120/8324, Loss: 4.2904
  Batch 5130/8324, Loss: 4.6742
  Batch 5140/8324, Loss: 4.2023
  Batch 5150/8324, Loss: 4.3004
  Batch 5160/8324, Loss: 4.7598
  Batch 5170/8324, Loss: 4.0727
  Batch 5180/8324, Loss: 4.6301
  Batch 5190/8324, Loss: 4.6500
  Batch 5200/8324, Loss: 4.1896
  Batch 5210/8324, Loss: 4.0766
  Batch 5220/8324, Loss: 4.3230
  Batch 5230/8324, Loss: 4.4435
  Batch 5240/8324, Loss: 4.0831
  Batch 5250/8324, Loss: 3.8319
  Batch 5260/8324, Loss: 4.1375
  Batch 5270/8324, Loss: 4.2459
  Batch 5280/8324, Loss: 4.6129
  Batch 5290/8324, Loss: 4.2988
  Batch 5300/8324, Loss: 4.5692
  Batch 5310/8324, Loss: 4.5204
  Batch 5320/8324, Loss: 4.4821
  Batch 5330/8324, Loss: 4.5921
  Batch 5340/8324, Loss: 4.5601
  Batch 5350/8324, Loss: 4.2261
  Batch 5360/8324, Loss: 4.4912
  Batch 5370/8324, Loss: 4.4332
  Batch 5380/8324, Loss: 4.2737
  Batch 5390/8324, Loss: 3.8846
  Batch 5400/8324, Loss: 4.7502
  Batch 5410/8324, Loss: 4.1235
  Batch 5420/8324, Loss: 4.1564
  Batch 5430/8324, Loss: 4.2889
  Batch 5440/8324, Loss: 4.5768
  Batch 5450/8324, Loss: 3.7499
  Batch 5460/8324, Loss: 4.3535
  Batch 5470/8324, Loss: 4.8538
  Batch 5480/8324, Loss: 4.2244
  Batch 5490/8324, Loss: 4.0734
  Batch 5500/8324, Loss: 4.1393
  Batch 5510/8324, Loss: 4.2379
  Batch 5520/8324, Loss: 4.0592
  Batch 5530/8324, Loss: 4.0671
  Batch 5540/8324, Loss: 3.8800
  Batch 5550/8324, Loss: 4.4993
  Batch 5560/8324, Loss: 4.6983
  Batch 5570/8324, Loss: 4.0792
  Batch 5580/8324, Loss: 4.5807
  Batch 5590/8324, Loss: 4.0727
  Batch 5600/8324, Loss: 4.3525
  Batch 5610/8324, Loss: 4.6873
  Batch 5620/8324, Loss: 4.6468
  Batch 5630/8324, Loss: 4.3632
  Batch 5640/8324, Loss: 4.9826
  Batch 5650/8324, Loss: 4.1731
  Batch 5660/8324, Loss: 4.8010
  Batch 5670/8324, Loss: 4.6936
  Batch 5680/8324, Loss: 4.3717
  Batch 5690/8324, Loss: 4.2334
  Batch 5700/8324, Loss: 4.4744
  Batch 5710/8324, Loss: 4.1941
  Batch 5720/8324, Loss: 4.6427
  Batch 5730/8324, Loss: 3.7554
  Batch 5740/8324, Loss: 3.9379
  Batch 5750/8324, Loss: 4.7883
  Batch 5760/8324, Loss: 4.6657
  Batch 5770/8324, Loss: 4.0938
  Batch 5780/8324, Loss: 4.3193
  Batch 5790/8324, Loss: 4.7864
  Batch 5800/8324, Loss: 4.3675
  Batch 5810/8324, Loss: 4.3242
  Batch 5820/8324, Loss: 4.4725
  Batch 5830/8324, Loss: 4.1024
  Batch 5840/8324, Loss: 4.2835
  Batch 5850/8324, Loss: 4.4425
  Batch 5860/8324, Loss: 4.4641
  Batch 5870/8324, Loss: 4.2166
  Batch 5880/8324, Loss: 4.1610
  Batch 5890/8324, Loss: 3.8922
  Batch 5900/8324, Loss: 3.7744
  Batch 5910/8324, Loss: 4.8165
  Batch 5920/8324, Loss: 4.4396
  Batch 5930/8324, Loss: 3.8865
  Batch 5940/8324, Loss: 4.2194
  Batch 5950/8324, Loss: 4.4387
  Batch 5960/8324, Loss: 4.3095
  Batch 5970/8324, Loss: 4.5697
  Batch 5980/8324, Loss: 3.9331
  Batch 5990/8324, Loss: 3.9158
  Batch 6000/8324, Loss: 4.6308
  Batch 6010/8324, Loss: 4.7767
  Batch 6020/8324, Loss: 4.7345
  Batch 6030/8324, Loss: 4.4588
  Batch 6040/8324, Loss: 4.2805
  Batch 6050/8324, Loss: 3.9326
  Batch 6060/8324, Loss: 3.4929
  Batch 6070/8324, Loss: 4.3626
  Batch 6080/8324, Loss: 4.3127
  Batch 6090/8324, Loss: 4.4731
  Batch 6100/8324, Loss: 4.5731
  Batch 6110/8324, Loss: 4.7254
  Batch 6120/8324, Loss: 4.0656
  Batch 6130/8324, Loss: 4.3008
  Batch 6140/8324, Loss: 4.6681
  Batch 6150/8324, Loss: 4.1512
  Batch 6160/8324, Loss: 4.3469
  Batch 6170/8324, Loss: 4.8547
  Batch 6180/8324, Loss: 4.9096
  Batch 6190/8324, Loss: 3.8896
  Batch 6200/8324, Loss: 4.5024
  Batch 6210/8324, Loss: 4.3335
  Batch 6220/8324, Loss: 4.1796
  Batch 6230/8324, Loss: 3.8930
  Batch 6240/8324, Loss: 4.5880
  Batch 6250/8324, Loss: 3.9056
  Batch 6260/8324, Loss: 4.3566
  Batch 6270/8324, Loss: 4.2096
  Batch 6280/8324, Loss: 4.5759
  Batch 6290/8324, Loss: 4.7742
  Batch 6300/8324, Loss: 4.5670
  Batch 6310/8324, Loss: 4.0974
  Batch 6320/8324, Loss: 4.5106
  Batch 6330/8324, Loss: 4.4584
  Batch 6340/8324, Loss: 4.5249
  Batch 6350/8324, Loss: 4.6320
  Batch 6360/8324, Loss: 4.3554
  Batch 6370/8324, Loss: 3.9511
  Batch 6380/8324, Loss: 4.4901
  Batch 6390/8324, Loss: 3.7914
  Batch 6400/8324, Loss: 3.6797
  Batch 6410/8324, Loss: 4.3017
  Batch 6420/8324, Loss: 3.8207
  Batch 6430/8324, Loss: 4.5659
  Batch 6440/8324, Loss: 4.3807
  Batch 6450/8324, Loss: 4.2960
  Batch 6460/8324, Loss: 4.3565
  Batch 6470/8324, Loss: 4.3132
  Batch 6480/8324, Loss: 4.0647
  Batch 6490/8324, Loss: 4.3669
  Batch 6500/8324, Loss: 4.2181
  Batch 6510/8324, Loss: 4.9009
  Batch 6520/8324, Loss: 4.2440
  Batch 6530/8324, Loss: 4.3685
  Batch 6540/8324, Loss: 4.5061
  Batch 6550/8324, Loss: 4.3349
  Batch 6560/8324, Loss: 4.2298
  Batch 6570/8324, Loss: 4.0925
  Batch 6580/8324, Loss: 4.0147
  Batch 6590/8324, Loss: 4.2523
  Batch 6600/8324, Loss: 4.3165
  Batch 6610/8324, Loss: 4.2970
  Batch 6620/8324, Loss: 4.6244
  Batch 6630/8324, Loss: 4.4939
  Batch 6640/8324, Loss: 4.5894
  Batch 6650/8324, Loss: 3.4540
  Batch 6660/8324, Loss: 4.4794
  Batch 6670/8324, Loss: 4.6944
  Batch 6680/8324, Loss: 3.6157
  Batch 6690/8324, Loss: 3.9283
  Batch 6700/8324, Loss: 4.1032
  Batch 6710/8324, Loss: 4.2467
  Batch 6720/8324, Loss: 3.7196
  Batch 6730/8324, Loss: 4.2713
  Batch 6740/8324, Loss: 4.2028
  Batch 6750/8324, Loss: 4.5428
  Batch 6760/8324, Loss: 4.2015
  Batch 6770/8324, Loss: 4.1674
  Batch 6780/8324, Loss: 4.1411
  Batch 6790/8324, Loss: 4.1191
  Batch 6800/8324, Loss: 4.4304
  Batch 6810/8324, Loss: 4.7130
  Batch 6820/8324, Loss: 4.0807
  Batch 6830/8324, Loss: 4.0913
  Batch 6840/8324, Loss: 4.1359
  Batch 6850/8324, Loss: 4.1627
  Batch 6860/8324, Loss: 4.4701
  Batch 6870/8324, Loss: 3.9141
  Batch 6880/8324, Loss: 5.0292
  Batch 6890/8324, Loss: 3.9175
  Batch 6900/8324, Loss: 4.5344
  Batch 6910/8324, Loss: 4.1948
  Batch 6920/8324, Loss: 4.2638
  Batch 6930/8324, Loss: 4.1627
  Batch 6940/8324, Loss: 4.4413
  Batch 6950/8324, Loss: 4.4611
  Batch 6960/8324, Loss: 3.9485
  Batch 6970/8324, Loss: 3.7455
  Batch 6980/8324, Loss: 4.5109
  Batch 6990/8324, Loss: 4.3702
  Batch 7000/8324, Loss: 4.3438
  Batch 7010/8324, Loss: 4.4727
  Batch 7020/8324, Loss: 4.1640
  Batch 7030/8324, Loss: 4.6337
  Batch 7040/8324, Loss: 4.1448
  Batch 7050/8324, Loss: 4.3818
  Batch 7060/8324, Loss: 4.1299
  Batch 7070/8324, Loss: 4.2411
  Batch 7080/8324, Loss: 5.0520
  Batch 7090/8324, Loss: 4.4552
  Batch 7100/8324, Loss: 4.6113
  Batch 7110/8324, Loss: 4.6695
  Batch 7120/8324, Loss: 4.7287
  Batch 7130/8324, Loss: 4.0682
  Batch 7140/8324, Loss: 4.4190
  Batch 7150/8324, Loss: 4.8366
  Batch 7160/8324, Loss: 4.4522
  Batch 7170/8324, Loss: 4.4021
  Batch 7180/8324, Loss: 4.5707
  Batch 7190/8324, Loss: 4.3026
  Batch 7200/8324, Loss: 4.4123
  Batch 7210/8324, Loss: 3.8644
  Batch 7220/8324, Loss: 3.6826
  Batch 7230/8324, Loss: 4.4885
  Batch 7240/8324, Loss: 4.6548
  Batch 7250/8324, Loss: 3.6876
  Batch 7260/8324, Loss: 3.9895
  Batch 7270/8324, Loss: 4.4440
  Batch 7280/8324, Loss: 4.8209
  Batch 7290/8324, Loss: 3.5544
  Batch 7300/8324, Loss: 4.5854
  Batch 7310/8324, Loss: 4.3057
  Batch 7320/8324, Loss: 4.1511
  Batch 7330/8324, Loss: 4.0954
  Batch 7340/8324, Loss: 4.4220
  Batch 7350/8324, Loss: 4.3002
  Batch 7360/8324, Loss: 4.5406
  Batch 7370/8324, Loss: 4.3966
  Batch 7380/8324, Loss: 4.1210
  Batch 7390/8324, Loss: 4.3706
  Batch 7400/8324, Loss: 4.7839
  Batch 7410/8324, Loss: 4.8616
  Batch 7420/8324, Loss: 4.7282
  Batch 7430/8324, Loss: 4.4915
  Batch 7440/8324, Loss: 4.4058
  Batch 7450/8324, Loss: 4.0529
  Batch 7460/8324, Loss: 3.7866
  Batch 7470/8324, Loss: 4.4197
  Batch 7480/8324, Loss: 4.5931
  Batch 7490/8324, Loss: 4.5746
  Batch 7500/8324, Loss: 3.5048
  Batch 7510/8324, Loss: 4.2486
  Batch 7520/8324, Loss: 4.5395
  Batch 7530/8324, Loss: 4.8744
  Batch 7540/8324, Loss: 4.7824
  Batch 7550/8324, Loss: 4.2579
  Batch 7560/8324, Loss: 4.2944
  Batch 7570/8324, Loss: 3.8058
  Batch 7580/8324, Loss: 5.1392
  Batch 7590/8324, Loss: 4.4373
  Batch 7600/8324, Loss: 4.3349
  Batch 7610/8324, Loss: 3.8372
  Batch 7620/8324, Loss: 4.4866
  Batch 7630/8324, Loss: 4.3781
  Batch 7640/8324, Loss: 4.0694
  Batch 7650/8324, Loss: 4.8217
  Batch 7660/8324, Loss: 4.4397
  Batch 7670/8324, Loss: 3.9887
  Batch 7680/8324, Loss: 4.2185
  Batch 7690/8324, Loss: 4.1482
  Batch 7700/8324, Loss: 4.6143
  Batch 7710/8324, Loss: 4.6254
  Batch 7720/8324, Loss: 4.1492
  Batch 7730/8324, Loss: 4.2724
  Batch 7740/8324, Loss: 4.4065
  Batch 7750/8324, Loss: 4.6053
  Batch 7760/8324, Loss: 4.6652
  Batch 7770/8324, Loss: 4.7653
  Batch 7780/8324, Loss: 4.2312
  Batch 7790/8324, Loss: 4.2028
  Batch 7800/8324, Loss: 4.5678
  Batch 7810/8324, Loss: 4.6947
  Batch 7820/8324, Loss: 4.3408
  Batch 7830/8324, Loss: 4.4457
  Batch 7840/8324, Loss: 4.5671
  Batch 7850/8324, Loss: 4.6922
  Batch 7860/8324, Loss: 4.6341
  Batch 7870/8324, Loss: 3.7623
  Batch 7880/8324, Loss: 4.8199
  Batch 7890/8324, Loss: 4.0678
  Batch 7900/8324, Loss: 4.4677
  Batch 7910/8324, Loss: 4.1380
  Batch 7920/8324, Loss: 4.1592
  Batch 7930/8324, Loss: 4.5278
  Batch 7940/8324, Loss: 4.4210
  Batch 7950/8324, Loss: 4.1286
  Batch 7960/8324, Loss: 3.5300
  Batch 7970/8324, Loss: 4.5460
  Batch 7980/8324, Loss: 4.8002
  Batch 7990/8324, Loss: 4.4874
  Batch 8000/8324, Loss: 4.5740
  Batch 8010/8324, Loss: 3.7091
  Batch 8020/8324, Loss: 4.3177
  Batch 8030/8324, Loss: 4.6171
  Batch 8040/8324, Loss: 4.4856
  Batch 8050/8324, Loss: 4.9159
  Batch 8060/8324, Loss: 4.5234
  Batch 8070/8324, Loss: 4.1098
  Batch 8080/8324, Loss: 4.5365
  Batch 8090/8324, Loss: 4.2082
  Batch 8100/8324, Loss: 4.1647
  Batch 8110/8324, Loss: 4.1523
  Batch 8120/8324, Loss: 4.0483
  Batch 8130/8324, Loss: 4.4955
  Batch 8140/8324, Loss: 3.7616
  Batch 8150/8324, Loss: 4.5089
  Batch 8160/8324, Loss: 4.9147
  Batch 8170/8324, Loss: 4.7983
  Batch 8180/8324, Loss: 4.3384
  Batch 8190/8324, Loss: 4.2468
  Batch 8200/8324, Loss: 4.1228
  Batch 8210/8324, Loss: 4.4822
  Batch 8220/8324, Loss: 4.3776
  Batch 8230/8324, Loss: 4.3135
  Batch 8240/8324, Loss: 3.9554
  Batch 8250/8324, Loss: 4.1248
  Batch 8260/8324, Loss: 4.7498
  Batch 8270/8324, Loss: 4.3898
  Batch 8280/8324, Loss: 4.6309
  Batch 8290/8324, Loss: 4.3312
  Batch 8300/8324, Loss: 5.0401
  Batch 8310/8324, Loss: 4.5534
  Batch 8320/8324, Loss: 4.4408

  Train Loss: 4.3044
  Val Loss: 6.8054
  Time: 26m 39s
  ✓ Saved checkpoint to /scratch/aitordiez/News2Stock/summaries/simple_seq2seq/checkpoints/checkpoint_epoch_15.pt

Epoch 16/20
----------------------------------------
  Batch 10/8324, Loss: 4.4683
  Batch 20/8324, Loss: 4.5003
  Batch 30/8324, Loss: 4.2289
  Batch 40/8324, Loss: 3.9868
  Batch 50/8324, Loss: 3.9233
  Batch 60/8324, Loss: 3.8849
  Batch 70/8324, Loss: 4.3432
  Batch 80/8324, Loss: 4.1035
  Batch 90/8324, Loss: 3.8826
  Batch 100/8324, Loss: 4.0079
  Batch 110/8324, Loss: 3.6844
  Batch 120/8324, Loss: 4.2503
  Batch 130/8324, Loss: 3.7114
  Batch 140/8324, Loss: 4.2200
  Batch 150/8324, Loss: 4.3868
  Batch 160/8324, Loss: 4.1953
  Batch 170/8324, Loss: 4.3564
  Batch 180/8324, Loss: 4.4714
  Batch 190/8324, Loss: 4.1466
  Batch 200/8324, Loss: 4.2602
  Batch 210/8324, Loss: 4.5431
  Batch 220/8324, Loss: 4.1224
  Batch 230/8324, Loss: 3.6694
  Batch 240/8324, Loss: 4.4161
  Batch 250/8324, Loss: 4.2705
  Batch 260/8324, Loss: 3.7923
  Batch 270/8324, Loss: 4.5468
  Batch 280/8324, Loss: 3.6104
  Batch 290/8324, Loss: 4.3256
  Batch 300/8324, Loss: 4.4286
  Batch 310/8324, Loss: 4.6507
  Batch 320/8324, Loss: 4.4006
  Batch 330/8324, Loss: 4.3400
  Batch 340/8324, Loss: 3.8868
  Batch 350/8324, Loss: 4.1863
  Batch 360/8324, Loss: 4.3050
  Batch 370/8324, Loss: 3.9082
  Batch 380/8324, Loss: 3.9745
  Batch 390/8324, Loss: 4.1679
  Batch 400/8324, Loss: 4.6031
  Batch 410/8324, Loss: 4.1101
  Batch 420/8324, Loss: 4.2410
  Batch 430/8324, Loss: 3.8780
  Batch 440/8324, Loss: 3.9828
  Batch 450/8324, Loss: 4.4222
  Batch 460/8324, Loss: 4.8193
  Batch 470/8324, Loss: 4.3116
  Batch 480/8324, Loss: 4.8319
  Batch 490/8324, Loss: 3.8214
  Batch 500/8324, Loss: 4.0187
  Batch 510/8324, Loss: 4.0138
  Batch 520/8324, Loss: 4.2755
  Batch 530/8324, Loss: 4.1824
  Batch 540/8324, Loss: 4.7458
  Batch 550/8324, Loss: 4.2047
  Batch 560/8324, Loss: 4.4784
  Batch 570/8324, Loss: 4.0366
  Batch 580/8324, Loss: 4.5359
  Batch 590/8324, Loss: 3.9427
  Batch 600/8324, Loss: 3.7539
  Batch 610/8324, Loss: 3.6604
  Batch 620/8324, Loss: 4.3651
  Batch 630/8324, Loss: 4.3938
  Batch 640/8324, Loss: 4.5856
  Batch 650/8324, Loss: 3.6427
  Batch 660/8324, Loss: 4.2572
  Batch 670/8324, Loss: 4.5328
  Batch 680/8324, Loss: 4.0929
  Batch 690/8324, Loss: 3.1436
  Batch 700/8324, Loss: 3.7242
  Batch 710/8324, Loss: 4.6873
  Batch 720/8324, Loss: 3.5688
  Batch 730/8324, Loss: 4.3102
  Batch 740/8324, Loss: 4.4409
  Batch 750/8324, Loss: 4.4929
  Batch 760/8324, Loss: 4.0791
  Batch 770/8324, Loss: 4.4226
  Batch 780/8324, Loss: 4.6307
  Batch 790/8324, Loss: 3.7926
  Batch 800/8324, Loss: 3.8900
  Batch 810/8324, Loss: 3.3722
  Batch 820/8324, Loss: 4.0810
  Batch 830/8324, Loss: 4.3075
  Batch 840/8324, Loss: 4.1611
  Batch 850/8324, Loss: 4.4074
  Batch 860/8324, Loss: 4.1027
  Batch 870/8324, Loss: 4.4804
  Batch 880/8324, Loss: 4.3639
  Batch 890/8324, Loss: 4.4551
  Batch 900/8324, Loss: 4.1980
  Batch 910/8324, Loss: 3.9290
  Batch 920/8324, Loss: 4.4393
  Batch 930/8324, Loss: 4.3940
  Batch 940/8324, Loss: 4.3455
  Batch 950/8324, Loss: 4.5448
  Batch 960/8324, Loss: 4.4513
  Batch 970/8324, Loss: 3.5836
  Batch 980/8324, Loss: 3.8970
  Batch 990/8324, Loss: 4.2338
  Batch 1000/8324, Loss: 4.3557
  Batch 1010/8324, Loss: 4.0874
  Batch 1020/8324, Loss: 4.1708
  Batch 1030/8324, Loss: 3.9348
  Batch 1040/8324, Loss: 4.5592
  Batch 1050/8324, Loss: 3.5156
  Batch 1060/8324, Loss: 3.7798
  Batch 1070/8324, Loss: 3.9982
  Batch 1080/8324, Loss: 4.4943
  Batch 1090/8324, Loss: 4.3599
  Batch 1100/8324, Loss: 4.0075
  Batch 1110/8324, Loss: 4.6029
  Batch 1120/8324, Loss: 3.8282
  Batch 1130/8324, Loss: 4.2728
  Batch 1140/8324, Loss: 4.1778
  Batch 1150/8324, Loss: 4.8013
  Batch 1160/8324, Loss: 3.9797
  Batch 1170/8324, Loss: 4.2336
  Batch 1180/8324, Loss: 3.8723
  Batch 1190/8324, Loss: 4.0053
  Batch 1200/8324, Loss: 3.5292
  Batch 1210/8324, Loss: 4.2826
  Batch 1220/8324, Loss: 3.7597
  Batch 1230/8324, Loss: 4.0374
  Batch 1240/8324, Loss: 4.1552
  Batch 1250/8324, Loss: 4.4072
  Batch 1260/8324, Loss: 4.7365
  Batch 1270/8324, Loss: 4.2257
  Batch 1280/8324, Loss: 3.8395
  Batch 1290/8324, Loss: 4.8421
  Batch 1300/8324, Loss: 4.6451
  Batch 1310/8324, Loss: 4.0116
  Batch 1320/8324, Loss: 4.2144
  Batch 1330/8324, Loss: 4.2223
  Batch 1340/8324, Loss: 4.1312
  Batch 1350/8324, Loss: 4.3551
  Batch 1360/8324, Loss: 4.3857
  Batch 1370/8324, Loss: 4.0261
  Batch 1380/8324, Loss: 4.2193
  Batch 1390/8324, Loss: 4.0057
  Batch 1400/8324, Loss: 4.5593
  Batch 1410/8324, Loss: 4.5818
  Batch 1420/8324, Loss: 4.0892
  Batch 1430/8324, Loss: 4.5579
  Batch 1440/8324, Loss: 4.4463
  Batch 1450/8324, Loss: 4.4106
  Batch 1460/8324, Loss: 3.9900
  Batch 1470/8324, Loss: 4.3024
  Batch 1480/8324, Loss: 4.1641
  Batch 1490/8324, Loss: 4.4214
  Batch 1500/8324, Loss: 4.3534
  Batch 1510/8324, Loss: 3.9882
  Batch 1520/8324, Loss: 4.0877
  Batch 1530/8324, Loss: 4.3785
  Batch 1540/8324, Loss: 4.3129
  Batch 1550/8324, Loss: 4.2311
  Batch 1560/8324, Loss: 4.0660
  Batch 1570/8324, Loss: 4.3680
  Batch 1580/8324, Loss: 4.3253
  Batch 1590/8324, Loss: 4.1701
  Batch 1600/8324, Loss: 4.4651
  Batch 1610/8324, Loss: 4.0571
  Batch 1620/8324, Loss: 4.2923
  Batch 1630/8324, Loss: 3.9929
  Batch 1640/8324, Loss: 4.8065
  Batch 1650/8324, Loss: 4.6654
  Batch 1660/8324, Loss: 4.1612
  Batch 1670/8324, Loss: 3.9009
  Batch 1680/8324, Loss: 3.9895
  Batch 1690/8324, Loss: 4.4286
  Batch 1700/8324, Loss: 4.5817
  Batch 1710/8324, Loss: 5.1783
  Batch 1720/8324, Loss: 3.7306
  Batch 1730/8324, Loss: 4.2641
  Batch 1740/8324, Loss: 3.9925
  Batch 1750/8324, Loss: 3.6756
  Batch 1760/8324, Loss: 4.1436
  Batch 1770/8324, Loss: 4.1240
  Batch 1780/8324, Loss: 4.5525
  Batch 1790/8324, Loss: 3.5778
  Batch 1800/8324, Loss: 4.5427
  Batch 1810/8324, Loss: 4.0859
  Batch 1820/8324, Loss: 4.6306
  Batch 1830/8324, Loss: 4.5276
  Batch 1840/8324, Loss: 4.4502
  Batch 1850/8324, Loss: 3.8371
  Batch 1860/8324, Loss: 4.4243
  Batch 1870/8324, Loss: 4.0719
  Batch 1880/8324, Loss: 4.1221
  Batch 1890/8324, Loss: 4.5797
  Batch 1900/8324, Loss: 3.9047
  Batch 1910/8324, Loss: 4.7508
  Batch 1920/8324, Loss: 4.8180
  Batch 1930/8324, Loss: 4.0962
  Batch 1940/8324, Loss: 4.5409
  Batch 1950/8324, Loss: 3.9241
  Batch 1960/8324, Loss: 4.3045
  Batch 1970/8324, Loss: 4.5491
  Batch 1980/8324, Loss: 4.2056
  Batch 1990/8324, Loss: 4.6677
  Batch 2000/8324, Loss: 4.6676
  Batch 2010/8324, Loss: 4.4815
  Batch 2020/8324, Loss: 3.7075
  Batch 2030/8324, Loss: 4.1070
  Batch 2040/8324, Loss: 4.7230
  Batch 2050/8324, Loss: 4.1262
  Batch 2060/8324, Loss: 4.0617
  Batch 2070/8324, Loss: 4.4687
  Batch 2080/8324, Loss: 4.4444
  Batch 2090/8324, Loss: 4.4010
  Batch 2100/8324, Loss: 4.8509
  Batch 2110/8324, Loss: 4.2621
  Batch 2120/8324, Loss: 5.0302
  Batch 2130/8324, Loss: 4.4216
  Batch 2140/8324, Loss: 4.2920
  Batch 2150/8324, Loss: 3.9706
  Batch 2160/8324, Loss: 4.1296
  Batch 2170/8324, Loss: 3.6806
  Batch 2180/8324, Loss: 4.6148
  Batch 2190/8324, Loss: 3.5711
  Batch 2200/8324, Loss: 4.9334
  Batch 2210/8324, Loss: 4.4818
  Batch 2220/8324, Loss: 4.1291
  Batch 2230/8324, Loss: 3.9769
  Batch 2240/8324, Loss: 4.6115
  Batch 2250/8324, Loss: 4.1983
  Batch 2260/8324, Loss: 4.3790
  Batch 2270/8324, Loss: 4.3692
  Batch 2280/8324, Loss: 4.1015
  Batch 2290/8324, Loss: 4.5129
  Batch 2300/8324, Loss: 4.6146
  Batch 2310/8324, Loss: 4.1486
  Batch 2320/8324, Loss: 4.3370
  Batch 2330/8324, Loss: 4.4072
  Batch 2340/8324, Loss: 4.1084
  Batch 2350/8324, Loss: 4.3338
  Batch 2360/8324, Loss: 4.3214
  Batch 2370/8324, Loss: 4.4829
  Batch 2380/8324, Loss: 4.3809
  Batch 2390/8324, Loss: 4.2588
  Batch 2400/8324, Loss: 4.1716
  Batch 2410/8324, Loss: 4.8223
  Batch 2420/8324, Loss: 4.4961
  Batch 2430/8324, Loss: 4.5003
  Batch 2440/8324, Loss: 4.3369
  Batch 2450/8324, Loss: 4.0930
  Batch 2460/8324, Loss: 4.2014
  Batch 2470/8324, Loss: 3.7766
  Batch 2480/8324, Loss: 4.3749
  Batch 2490/8324, Loss: 4.6890
  Batch 2500/8324, Loss: 4.4980
  Batch 2510/8324, Loss: 3.9062
  Batch 2520/8324, Loss: 4.4484
  Batch 2530/8324, Loss: 4.3029
  Batch 2540/8324, Loss: 4.5989
  Batch 2550/8324, Loss: 4.2179
  Batch 2560/8324, Loss: 4.0783
  Batch 2570/8324, Loss: 4.8839
  Batch 2580/8324, Loss: 3.9290
  Batch 2590/8324, Loss: 4.7980
  Batch 2600/8324, Loss: 4.5423
  Batch 2610/8324, Loss: 4.1756
  Batch 2620/8324, Loss: 4.4612
  Batch 2630/8324, Loss: 4.5271
  Batch 2640/8324, Loss: 3.9343
  Batch 2650/8324, Loss: 4.3698
  Batch 2660/8324, Loss: 3.8982
  Batch 2670/8324, Loss: 4.3108
  Batch 2680/8324, Loss: 4.2220
  Batch 2690/8324, Loss: 4.0788
  Batch 2700/8324, Loss: 4.0505
  Batch 2710/8324, Loss: 3.5670
  Batch 2720/8324, Loss: 3.8295
  Batch 2730/8324, Loss: 3.7927
  Batch 2740/8324, Loss: 4.8551
  Batch 2750/8324, Loss: 4.6983
  Batch 2760/8324, Loss: 4.4186
  Batch 2770/8324, Loss: 4.4655
  Batch 2780/8324, Loss: 4.5189
  Batch 2790/8324, Loss: 4.3723
  Batch 2800/8324, Loss: 3.8084
  Batch 2810/8324, Loss: 4.3360
  Batch 2820/8324, Loss: 3.3324
  Batch 2830/8324, Loss: 4.9033
  Batch 2840/8324, Loss: 4.4740
  Batch 2850/8324, Loss: 4.4989
  Batch 2860/8324, Loss: 4.2967
  Batch 2870/8324, Loss: 4.5508
  Batch 2880/8324, Loss: 4.5049
  Batch 2890/8324, Loss: 4.6328
  Batch 2900/8324, Loss: 4.0733
  Batch 2910/8324, Loss: 4.2223
  Batch 2920/8324, Loss: 4.1965
  Batch 2930/8324, Loss: 4.3554
  Batch 2940/8324, Loss: 4.3896
  Batch 2950/8324, Loss: 4.7015
  Batch 2960/8324, Loss: 3.8167
  Batch 2970/8324, Loss: 4.4229
  Batch 2980/8324, Loss: 4.5484
  Batch 2990/8324, Loss: 4.3683
  Batch 3000/8324, Loss: 4.4623
  Batch 3010/8324, Loss: 3.9676
  Batch 3020/8324, Loss: 4.0733
  Batch 3030/8324, Loss: 4.6073
  Batch 3040/8324, Loss: 3.8892
  Batch 3050/8324, Loss: 4.4261
  Batch 3060/8324, Loss: 4.0260
  Batch 3070/8324, Loss: 4.0469
  Batch 3080/8324, Loss: 4.2338
  Batch 3090/8324, Loss: 4.3005
  Batch 3100/8324, Loss: 4.6814
  Batch 3110/8324, Loss: 4.2740
  Batch 3120/8324, Loss: 4.2989
  Batch 3130/8324, Loss: 4.6161
  Batch 3140/8324, Loss: 4.7176
  Batch 3150/8324, Loss: 4.9276
  Batch 3160/8324, Loss: 4.3007
  Batch 3170/8324, Loss: 4.7278
  Batch 3180/8324, Loss: 4.6290
  Batch 3190/8324, Loss: 4.1228
  Batch 3200/8324, Loss: 3.7644
  Batch 3210/8324, Loss: 4.4346
  Batch 3220/8324, Loss: 4.4093
  Batch 3230/8324, Loss: 4.3821
  Batch 3240/8324, Loss: 4.3878
  Batch 3250/8324, Loss: 4.1346
  Batch 3260/8324, Loss: 3.7745
  Batch 3270/8324, Loss: 4.6383
  Batch 3280/8324, Loss: 4.9577
  Batch 3290/8324, Loss: 4.4802
  Batch 3300/8324, Loss: 4.2160
  Batch 3310/8324, Loss: 4.7837
  Batch 3320/8324, Loss: 4.0589
  Batch 3330/8324, Loss: 4.4918
  Batch 3340/8324, Loss: 4.5137
  Batch 3350/8324, Loss: 3.9974
  Batch 3360/8324, Loss: 4.4136
  Batch 3370/8324, Loss: 4.4542
  Batch 3380/8324, Loss: 4.7016
  Batch 3390/8324, Loss: 3.8303
  Batch 3400/8324, Loss: 4.3537
  Batch 3410/8324, Loss: 4.4525
  Batch 3420/8324, Loss: 4.5682
  Batch 3430/8324, Loss: 3.9444
  Batch 3440/8324, Loss: 4.5188
  Batch 3450/8324, Loss: 4.5816
  Batch 3460/8324, Loss: 3.7491
  Batch 3470/8324, Loss: 4.0929
  Batch 3480/8324, Loss: 4.1439
  Batch 3490/8324, Loss: 4.3941
  Batch 3500/8324, Loss: 4.3448
  Batch 3510/8324, Loss: 4.2862
  Batch 3520/8324, Loss: 3.8905
  Batch 3530/8324, Loss: 3.8514
  Batch 3540/8324, Loss: 4.3690
  Batch 3550/8324, Loss: 4.1009
  Batch 3560/8324, Loss: 4.1232
  Batch 3570/8324, Loss: 4.2137
  Batch 3580/8324, Loss: 3.9349
  Batch 3590/8324, Loss: 4.0581
  Batch 3600/8324, Loss: 4.1831
  Batch 3610/8324, Loss: 4.0115
  Batch 3620/8324, Loss: 3.4710
  Batch 3630/8324, Loss: 4.9106
  Batch 3640/8324, Loss: 4.4021
  Batch 3650/8324, Loss: 3.8402
  Batch 3660/8324, Loss: 4.6953
  Batch 3670/8324, Loss: 3.4203
  Batch 3680/8324, Loss: 4.2130
  Batch 3690/8324, Loss: 4.2418
  Batch 3700/8324, Loss: 4.9745
  Batch 3710/8324, Loss: 4.7601
  Batch 3720/8324, Loss: 4.1807
  Batch 3730/8324, Loss: 4.1857
  Batch 3740/8324, Loss: 4.1978
  Batch 3750/8324, Loss: 4.2007
  Batch 3760/8324, Loss: 3.9493
  Batch 3770/8324, Loss: 4.1794
  Batch 3780/8324, Loss: 4.9240
  Batch 3790/8324, Loss: 4.0858
  Batch 3800/8324, Loss: 3.9405
  Batch 3810/8324, Loss: 4.6613
  Batch 3820/8324, Loss: 5.0360
  Batch 3830/8324, Loss: 4.0711
  Batch 3840/8324, Loss: 4.2621
  Batch 3850/8324, Loss: 4.8561
  Batch 3860/8324, Loss: 4.1449
  Batch 3870/8324, Loss: 4.3052
  Batch 3880/8324, Loss: 4.3394
  Batch 3890/8324, Loss: 4.1387
  Batch 3900/8324, Loss: 4.6211
  Batch 3910/8324, Loss: 3.9091
  Batch 3920/8324, Loss: 4.3310
  Batch 3930/8324, Loss: 4.5729
  Batch 3940/8324, Loss: 4.1250
  Batch 3950/8324, Loss: 4.3082
  Batch 3960/8324, Loss: 4.5171
  Batch 3970/8324, Loss: 4.4875
  Batch 3980/8324, Loss: 4.2149
  Batch 3990/8324, Loss: 4.4217
  Batch 4000/8324, Loss: 4.2869
  Batch 4010/8324, Loss: 4.2612
  Batch 4020/8324, Loss: 4.2562
  Batch 4030/8324, Loss: 4.1885
  Batch 4040/8324, Loss: 3.9557
  Batch 4050/8324, Loss: 4.0136
  Batch 4060/8324, Loss: 4.3946
  Batch 4070/8324, Loss: 4.0455
  Batch 4080/8324, Loss: 4.1450
  Batch 4090/8324, Loss: 3.8695
  Batch 4100/8324, Loss: 4.4921
  Batch 4110/8324, Loss: 4.1855
  Batch 4120/8324, Loss: 4.6532
  Batch 4130/8324, Loss: 3.9952
  Batch 4140/8324, Loss: 3.7880
  Batch 4150/8324, Loss: 3.9188
  Batch 4160/8324, Loss: 4.3068
  Batch 4170/8324, Loss: 4.0440
  Batch 4180/8324, Loss: 4.6859
  Batch 4190/8324, Loss: 3.8132
  Batch 4200/8324, Loss: 4.0765
  Batch 4210/8324, Loss: 4.1508
  Batch 4220/8324, Loss: 4.6624
  Batch 4230/8324, Loss: 4.2414
  Batch 4240/8324, Loss: 3.9997
  Batch 4250/8324, Loss: 4.2582
  Batch 4260/8324, Loss: 4.3750
  Batch 4270/8324, Loss: 4.2218
  Batch 4280/8324, Loss: 4.1644
  Batch 4290/8324, Loss: 4.7840
  Batch 4300/8324, Loss: 4.5773
  Batch 4310/8324, Loss: 4.2178
  Batch 4320/8324, Loss: 4.3593
  Batch 4330/8324, Loss: 3.8983
  Batch 4340/8324, Loss: 4.3186
  Batch 4350/8324, Loss: 4.2480
  Batch 4360/8324, Loss: 4.1722
  Batch 4370/8324, Loss: 4.7062
  Batch 4380/8324, Loss: 3.5437
  Batch 4390/8324, Loss: 4.4442
  Batch 4400/8324, Loss: 3.2266
  Batch 4410/8324, Loss: 3.5831
  Batch 4420/8324, Loss: 4.8455
  Batch 4430/8324, Loss: 4.0645
  Batch 4440/8324, Loss: 3.8055
  Batch 4450/8324, Loss: 4.1243
  Batch 4460/8324, Loss: 4.1551
  Batch 4470/8324, Loss: 4.2174
  Batch 4480/8324, Loss: 4.7623
  Batch 4490/8324, Loss: 4.6088
  Batch 4500/8324, Loss: 4.1956
  Batch 4510/8324, Loss: 4.4525
  Batch 4520/8324, Loss: 3.8794
  Batch 4530/8324, Loss: 3.9796
  Batch 4540/8324, Loss: 4.4581
  Batch 4550/8324, Loss: 4.9230
  Batch 4560/8324, Loss: 4.7358
  Batch 4570/8324, Loss: 4.2168
  Batch 4580/8324, Loss: 4.1067
  Batch 4590/8324, Loss: 4.0828
  Batch 4600/8324, Loss: 3.5609
  Batch 4610/8324, Loss: 4.1531
  Batch 4620/8324, Loss: 4.0387
  Batch 4630/8324, Loss: 4.3837
  Batch 4640/8324, Loss: 4.1102
  Batch 4650/8324, Loss: 4.5872
  Batch 4660/8324, Loss: 4.5064
  Batch 4670/8324, Loss: 4.6006
  Batch 4680/8324, Loss: 4.0836
  Batch 4690/8324, Loss: 3.7047
  Batch 4700/8324, Loss: 4.1471
  Batch 4710/8324, Loss: 4.7641
  Batch 4720/8324, Loss: 3.9330
  Batch 4730/8324, Loss: 4.3211
  Batch 4740/8324, Loss: 4.3754
  Batch 4750/8324, Loss: 4.7299
  Batch 4760/8324, Loss: 4.3246
  Batch 4770/8324, Loss: 3.8033
  Batch 4780/8324, Loss: 3.8962
  Batch 4790/8324, Loss: 4.6211
  Batch 4800/8324, Loss: 4.0331
  Batch 4810/8324, Loss: 4.4412
  Batch 4820/8324, Loss: 3.5552
  Batch 4830/8324, Loss: 4.2194
  Batch 4840/8324, Loss: 4.4959
  Batch 4850/8324, Loss: 4.6280
  Batch 4860/8324, Loss: 4.7112
  Batch 4870/8324, Loss: 4.2335
  Batch 4880/8324, Loss: 3.6801
  Batch 4890/8324, Loss: 4.2648
  Batch 4900/8324, Loss: 4.1802
  Batch 4910/8324, Loss: 4.0786
  Batch 4920/8324, Loss: 4.2919
  Batch 4930/8324, Loss: 3.8246
  Batch 4940/8324, Loss: 4.9187
  Batch 4950/8324, Loss: 4.1174
  Batch 4960/8324, Loss: 4.4729
  Batch 4970/8324, Loss: 3.7839
  Batch 4980/8324, Loss: 3.7702
  Batch 4990/8324, Loss: 4.2819
  Batch 5000/8324, Loss: 4.3198
  Batch 5010/8324, Loss: 4.1756
  Batch 5020/8324, Loss: 4.6286
  Batch 5030/8324, Loss: 4.7925
  Batch 5040/8324, Loss: 4.6717
  Batch 5050/8324, Loss: 4.1258
  Batch 5060/8324, Loss: 3.4670
  Batch 5070/8324, Loss: 4.2637
  Batch 5080/8324, Loss: 3.8105
  Batch 5090/8324, Loss: 4.1318
  Batch 5100/8324, Loss: 4.0774
  Batch 5110/8324, Loss: 4.6228
  Batch 5120/8324, Loss: 4.3775
  Batch 5130/8324, Loss: 4.1766
  Batch 5140/8324, Loss: 4.1813
  Batch 5150/8324, Loss: 4.2802
  Batch 5160/8324, Loss: 4.9092
  Batch 5170/8324, Loss: 3.3418
  Batch 5180/8324, Loss: 4.8536
  Batch 5190/8324, Loss: 3.6204
  Batch 5200/8324, Loss: 4.2788
  Batch 5210/8324, Loss: 4.2139
  Batch 5220/8324, Loss: 3.8413
  Batch 5230/8324, Loss: 4.3175
  Batch 5240/8324, Loss: 4.5293
  Batch 5250/8324, Loss: 4.5499
  Batch 5260/8324, Loss: 3.9013
  Batch 5270/8324, Loss: 3.9285
  Batch 5280/8324, Loss: 4.0745
  Batch 5290/8324, Loss: 4.8773
  Batch 5300/8324, Loss: 4.2292
  Batch 5310/8324, Loss: 4.2971
  Batch 5320/8324, Loss: 3.5882
  Batch 5330/8324, Loss: 4.2409
  Batch 5340/8324, Loss: 4.5428
  Batch 5350/8324, Loss: 4.8449
  Batch 5360/8324, Loss: 4.0157
  Batch 5370/8324, Loss: 4.4195
  Batch 5380/8324, Loss: 4.2596
  Batch 5390/8324, Loss: 4.6647
  Batch 5400/8324, Loss: 4.1896
  Batch 5410/8324, Loss: 4.5659
  Batch 5420/8324, Loss: 4.4876
  Batch 5430/8324, Loss: 4.3876
  Batch 5440/8324, Loss: 4.5788
  Batch 5450/8324, Loss: 4.0115
  Batch 5460/8324, Loss: 3.8621
  Batch 5470/8324, Loss: 4.7775
  Batch 5480/8324, Loss: 4.1311
  Batch 5490/8324, Loss: 4.2638
  Batch 5500/8324, Loss: 4.4173
  Batch 5510/8324, Loss: 4.1032
  Batch 5520/8324, Loss: 4.0240
  Batch 5530/8324, Loss: 4.4082
  Batch 5540/8324, Loss: 4.3947
  Batch 5550/8324, Loss: 4.4365
  Batch 5560/8324, Loss: 4.2311
  Batch 5570/8324, Loss: 4.5163
  Batch 5580/8324, Loss: 4.0220
  Batch 5590/8324, Loss: 3.9638
  Batch 5600/8324, Loss: 4.1929
  Batch 5610/8324, Loss: 3.9524
  Batch 5620/8324, Loss: 4.1026
  Batch 5630/8324, Loss: 4.0759
  Batch 5640/8324, Loss: 4.8066
  Batch 5650/8324, Loss: 4.6925
  Batch 5660/8324, Loss: 3.8467
  Batch 5670/8324, Loss: 4.6665
  Batch 5680/8324, Loss: 4.2799
  Batch 5690/8324, Loss: 4.7219
  Batch 5700/8324, Loss: 4.7653
  Batch 5710/8324, Loss: 3.3979
  Batch 5720/8324, Loss: 4.6933
  Batch 5730/8324, Loss: 4.4890
  Batch 5740/8324, Loss: 4.2871
  Batch 5750/8324, Loss: 4.2235
  Batch 5760/8324, Loss: 4.3102
  Batch 5770/8324, Loss: 4.7881
  Batch 5780/8324, Loss: 4.2457
  Batch 5790/8324, Loss: 3.9399
  Batch 5800/8324, Loss: 4.4161
  Batch 5810/8324, Loss: 4.6451
  Batch 5820/8324, Loss: 3.8138
  Batch 5830/8324, Loss: 4.1532
  Batch 5840/8324, Loss: 3.8524
  Batch 5850/8324, Loss: 4.6552
  Batch 5860/8324, Loss: 4.5324
  Batch 5870/8324, Loss: 3.9938
  Batch 5880/8324, Loss: 4.1088
  Batch 5890/8324, Loss: 3.9260
  Batch 5900/8324, Loss: 3.9749
  Batch 5910/8324, Loss: 4.8906
  Batch 5920/8324, Loss: 4.3051
  Batch 5930/8324, Loss: 4.1237
  Batch 5940/8324, Loss: 4.3209
  Batch 5950/8324, Loss: 3.9349
  Batch 5960/8324, Loss: 4.0105
  Batch 5970/8324, Loss: 4.4310
  Batch 5980/8324, Loss: 4.3583
  Batch 5990/8324, Loss: 4.2320
  Batch 6000/8324, Loss: 4.2705
  Batch 6010/8324, Loss: 3.7485
  Batch 6020/8324, Loss: 4.5561
  Batch 6030/8324, Loss: 4.5083
  Batch 6040/8324, Loss: 4.5984
  Batch 6050/8324, Loss: 4.3199
  Batch 6060/8324, Loss: 3.9435
  Batch 6070/8324, Loss: 4.6908
  Batch 6080/8324, Loss: 3.9910
  Batch 6090/8324, Loss: 4.1079
  Batch 6100/8324, Loss: 4.3037
  Batch 6110/8324, Loss: 4.5504
  Batch 6120/8324, Loss: 4.1344
  Batch 6130/8324, Loss: 4.2642
  Batch 6140/8324, Loss: 4.4742
  Batch 6150/8324, Loss: 4.5187
  Batch 6160/8324, Loss: 4.5235
  Batch 6170/8324, Loss: 3.8073
  Batch 6180/8324, Loss: 4.7982
  Batch 6190/8324, Loss: 4.8661
  Batch 6200/8324, Loss: 4.0347
  Batch 6210/8324, Loss: 4.6503
  Batch 6220/8324, Loss: 4.2902
  Batch 6230/8324, Loss: 4.5299
  Batch 6240/8324, Loss: 3.9696
  Batch 6250/8324, Loss: 4.8336
  Batch 6260/8324, Loss: 4.0026
  Batch 6270/8324, Loss: 4.2420
  Batch 6280/8324, Loss: 4.2397
  Batch 6290/8324, Loss: 4.5740
  Batch 6300/8324, Loss: 4.2530
  Batch 6310/8324, Loss: 4.2220
  Batch 6320/8324, Loss: 4.4614
  Batch 6330/8324, Loss: 4.3296
  Batch 6340/8324, Loss: 3.6579
  Batch 6350/8324, Loss: 3.5597
  Batch 6360/8324, Loss: 4.1580
  Batch 6370/8324, Loss: 4.5651
  Batch 6380/8324, Loss: 4.4305
  Batch 6390/8324, Loss: 3.5754
  Batch 6400/8324, Loss: 4.2992
  Batch 6410/8324, Loss: 4.3276
  Batch 6420/8324, Loss: 4.2278
  Batch 6430/8324, Loss: 4.7253
  Batch 6440/8324, Loss: 3.6631
  Batch 6450/8324, Loss: 4.4263
  Batch 6460/8324, Loss: 4.1653
  Batch 6470/8324, Loss: 4.5290
  Batch 6480/8324, Loss: 4.1471
  Batch 6490/8324, Loss: 4.4812
  Batch 6500/8324, Loss: 4.3719
  Batch 6510/8324, Loss: 4.3070
  Batch 6520/8324, Loss: 3.9460
  Batch 6530/8324, Loss: 4.6865
  Batch 6540/8324, Loss: 3.5447
  Batch 6550/8324, Loss: 3.8931
  Batch 6560/8324, Loss: 4.1457
  Batch 6570/8324, Loss: 4.4846
  Batch 6580/8324, Loss: 4.1546
  Batch 6590/8324, Loss: 4.2104
  Batch 6600/8324, Loss: 4.3197
  Batch 6610/8324, Loss: 4.6106
  Batch 6620/8324, Loss: 4.2525
  Batch 6630/8324, Loss: 4.2603
  Batch 6640/8324, Loss: 4.5526
  Batch 6650/8324, Loss: 4.3833
  Batch 6660/8324, Loss: 4.2923
  Batch 6670/8324, Loss: 4.0074
  Batch 6680/8324, Loss: 3.4890
  Batch 6690/8324, Loss: 5.0339
  Batch 6700/8324, Loss: 4.2228
  Batch 6710/8324, Loss: 3.9481
  Batch 6720/8324, Loss: 3.9205
  Batch 6730/8324, Loss: 4.2232
  Batch 6740/8324, Loss: 4.0930
  Batch 6750/8324, Loss: 4.0183
  Batch 6760/8324, Loss: 4.1532
  Batch 6770/8324, Loss: 4.1717
  Batch 6780/8324, Loss: 4.2751
  Batch 6790/8324, Loss: 4.4383
  Batch 6800/8324, Loss: 4.3288
  Batch 6810/8324, Loss: 4.1540
  Batch 6820/8324, Loss: 3.7476
  Batch 6830/8324, Loss: 4.4991
  Batch 6840/8324, Loss: 4.0856
  Batch 6850/8324, Loss: 4.2195
  Batch 6860/8324, Loss: 4.5461
  Batch 6870/8324, Loss: 4.3699
  Batch 6880/8324, Loss: 4.0326
  Batch 6890/8324, Loss: 4.3233
  Batch 6900/8324, Loss: 4.4925
  Batch 6910/8324, Loss: 4.2932
  Batch 6920/8324, Loss: 4.5963
  Batch 6930/8324, Loss: 4.6495
  Batch 6940/8324, Loss: 3.7691
  Batch 6950/8324, Loss: 3.9881
  Batch 6960/8324, Loss: 4.1461
  Batch 6970/8324, Loss: 4.0486
  Batch 6980/8324, Loss: 4.1777
  Batch 6990/8324, Loss: 4.7406
  Batch 7000/8324, Loss: 4.3352
  Batch 7010/8324, Loss: 4.4274
  Batch 7020/8324, Loss: 4.5002
  Batch 7030/8324, Loss: 4.5070
  Batch 7040/8324, Loss: 4.1921
  Batch 7050/8324, Loss: 4.5254
  Batch 7060/8324, Loss: 5.2790
  Batch 7070/8324, Loss: 5.4406
  Batch 7080/8324, Loss: 3.6921
  Batch 7090/8324, Loss: 3.7910
  Batch 7100/8324, Loss: 4.0218
  Batch 7110/8324, Loss: 4.6596
  Batch 7120/8324, Loss: 4.6908
  Batch 7130/8324, Loss: 4.2666
  Batch 7140/8324, Loss: 3.7046
  Batch 7150/8324, Loss: 4.3386
  Batch 7160/8324, Loss: 5.3398
  Batch 7170/8324, Loss: 4.1983
  Batch 7180/8324, Loss: 4.4407
  Batch 7190/8324, Loss: 3.7775
  Batch 7200/8324, Loss: 4.1368
  Batch 7210/8324, Loss: 3.9193
  Batch 7220/8324, Loss: 4.4521
  Batch 7230/8324, Loss: 4.3944
  Batch 7240/8324, Loss: 4.3324
  Batch 7250/8324, Loss: 4.4456
  Batch 7260/8324, Loss: 4.7993
  Batch 7270/8324, Loss: 5.0175
  Batch 7280/8324, Loss: 3.9803
  Batch 7290/8324, Loss: 4.0665
  Batch 7300/8324, Loss: 4.2685
  Batch 7310/8324, Loss: 4.7912
  Batch 7320/8324, Loss: 4.3262
  Batch 7330/8324, Loss: 4.3315
  Batch 7340/8324, Loss: 4.8063
  Batch 7350/8324, Loss: 4.4795
  Batch 7360/8324, Loss: 4.5810
  Batch 7370/8324, Loss: 3.9965
  Batch 7380/8324, Loss: 4.4375
  Batch 7390/8324, Loss: 4.0927
  Batch 7400/8324, Loss: 5.0858
  Batch 7410/8324, Loss: 4.3973
  Batch 7420/8324, Loss: 4.6061
  Batch 7430/8324, Loss: 4.3297
  Batch 7440/8324, Loss: 4.8217
  Batch 7450/8324, Loss: 4.8885
  Batch 7460/8324, Loss: 4.2132
  Batch 7470/8324, Loss: 4.1721
  Batch 7480/8324, Loss: 4.3470
  Batch 7490/8324, Loss: 4.7153
  Batch 7500/8324, Loss: 4.2596
  Batch 7510/8324, Loss: 3.7524
  Batch 7520/8324, Loss: 3.7514
  Batch 7530/8324, Loss: 4.6277
  Batch 7540/8324, Loss: 3.9938
  Batch 7550/8324, Loss: 4.8195
  Batch 7560/8324, Loss: 3.7141
  Batch 7570/8324, Loss: 4.5599
  Batch 7580/8324, Loss: 4.4885
  Batch 7590/8324, Loss: 4.2879
  Batch 7600/8324, Loss: 4.3126
  Batch 7610/8324, Loss: 4.6887
  Batch 7620/8324, Loss: 4.5276
  Batch 7630/8324, Loss: 3.8852
  Batch 7640/8324, Loss: 4.1373
  Batch 7650/8324, Loss: 3.6545
  Batch 7660/8324, Loss: 4.0229
  Batch 7670/8324, Loss: 4.1421
  Batch 7680/8324, Loss: 4.8140
  Batch 7690/8324, Loss: 3.8387
  Batch 7700/8324, Loss: 4.2859
  Batch 7710/8324, Loss: 4.5732
  Batch 7720/8324, Loss: 4.8474
  Batch 7730/8324, Loss: 4.3743
  Batch 7740/8324, Loss: 4.3595
  Batch 7750/8324, Loss: 4.3337
  Batch 7760/8324, Loss: 4.8286
  Batch 7770/8324, Loss: 4.5154
  Batch 7780/8324, Loss: 4.7486
  Batch 7790/8324, Loss: 4.8654
  Batch 7800/8324, Loss: 4.9251
  Batch 7810/8324, Loss: 4.4099
  Batch 7820/8324, Loss: 4.1916
  Batch 7830/8324, Loss: 4.3444
  Batch 7840/8324, Loss: 4.3177
  Batch 7850/8324, Loss: 4.8374
  Batch 7860/8324, Loss: 3.5295
  Batch 7870/8324, Loss: 4.5035
  Batch 7880/8324, Loss: 4.1288
  Batch 7890/8324, Loss: 4.3676
  Batch 7900/8324, Loss: 4.0495
  Batch 7910/8324, Loss: 4.2984
  Batch 7920/8324, Loss: 4.7872
  Batch 7930/8324, Loss: 4.3037
  Batch 7940/8324, Loss: 4.8252
  Batch 7950/8324, Loss: 3.7547
  Batch 7960/8324, Loss: 3.9379
  Batch 7970/8324, Loss: 4.5431
  Batch 7980/8324, Loss: 3.9462
  Batch 7990/8324, Loss: 4.1468
  Batch 8000/8324, Loss: 4.5647
  Batch 8010/8324, Loss: 3.9717
  Batch 8020/8324, Loss: 4.5575
  Batch 8030/8324, Loss: 4.1100
  Batch 8040/8324, Loss: 4.4099
  Batch 8050/8324, Loss: 4.3668
  Batch 8060/8324, Loss: 3.9360
  Batch 8070/8324, Loss: 4.1585
  Batch 8080/8324, Loss: 4.7620
  Batch 8090/8324, Loss: 4.7569
  Batch 8100/8324, Loss: 3.8263
  Batch 8110/8324, Loss: 4.6478
  Batch 8120/8324, Loss: 4.1285
  Batch 8130/8324, Loss: 3.7248
  Batch 8140/8324, Loss: 4.6314
  Batch 8150/8324, Loss: 4.0191
  Batch 8160/8324, Loss: 4.7975
  Batch 8170/8324, Loss: 4.4147
  Batch 8180/8324, Loss: 4.0817
  Batch 8190/8324, Loss: 4.1901
  Batch 8200/8324, Loss: 4.2631
  Batch 8210/8324, Loss: 4.2953
  Batch 8220/8324, Loss: 4.2232
  Batch 8230/8324, Loss: 4.9038
  Batch 8240/8324, Loss: 3.8880
  Batch 8250/8324, Loss: 4.5283
  Batch 8260/8324, Loss: 4.3266
  Batch 8270/8324, Loss: 4.4906
  Batch 8280/8324, Loss: 4.3193
  Batch 8290/8324, Loss: 4.2893
  Batch 8300/8324, Loss: 4.9070
  Batch 8310/8324, Loss: 4.5670
  Batch 8320/8324, Loss: 5.0348

  Train Loss: 4.2832
  Val Loss: 6.8159
  Time: 26m 38s

Epoch 17/20
----------------------------------------
  Batch 10/8324, Loss: 4.1295
  Batch 20/8324, Loss: 3.9533
  Batch 30/8324, Loss: 4.2168
  Batch 40/8324, Loss: 4.4360
  Batch 50/8324, Loss: 4.0142
  Batch 60/8324, Loss: 3.8614
  Batch 70/8324, Loss: 4.6122
  Batch 80/8324, Loss: 4.0726
  Batch 90/8324, Loss: 4.7724
  Batch 100/8324, Loss: 4.0239
  Batch 110/8324, Loss: 3.9936
  Batch 120/8324, Loss: 4.8816
  Batch 130/8324, Loss: 4.2195
  Batch 140/8324, Loss: 4.9005
  Batch 150/8324, Loss: 4.0041
  Batch 160/8324, Loss: 4.5121
  Batch 170/8324, Loss: 5.0544
  Batch 180/8324, Loss: 4.5230
  Batch 190/8324, Loss: 4.0078
  Batch 200/8324, Loss: 4.6120
  Batch 210/8324, Loss: 3.6413
  Batch 220/8324, Loss: 4.6963
  Batch 230/8324, Loss: 4.0762
  Batch 240/8324, Loss: 4.4875
  Batch 250/8324, Loss: 3.5979
  Batch 260/8324, Loss: 3.7947
  Batch 270/8324, Loss: 4.1609
  Batch 280/8324, Loss: 4.4882
  Batch 290/8324, Loss: 4.5314
  Batch 300/8324, Loss: 4.3956
  Batch 310/8324, Loss: 4.5432
  Batch 320/8324, Loss: 3.7707
  Batch 330/8324, Loss: 4.5341
  Batch 340/8324, Loss: 3.8957
  Batch 350/8324, Loss: 4.4434
  Batch 360/8324, Loss: 3.9317
  Batch 370/8324, Loss: 3.9390
  Batch 380/8324, Loss: 4.2404
  Batch 390/8324, Loss: 4.2045
  Batch 400/8324, Loss: 4.1904
  Batch 410/8324, Loss: 4.5588
  Batch 420/8324, Loss: 4.1297
  Batch 430/8324, Loss: 3.7228
  Batch 440/8324, Loss: 4.1395
  Batch 450/8324, Loss: 4.0558
  Batch 460/8324, Loss: 3.7300
  Batch 470/8324, Loss: 4.0614
  Batch 480/8324, Loss: 4.0853
  Batch 490/8324, Loss: 4.2318
  Batch 500/8324, Loss: 4.2545
  Batch 510/8324, Loss: 4.4406
  Batch 520/8324, Loss: 4.3863
  Batch 530/8324, Loss: 3.9479
  Batch 540/8324, Loss: 4.2409
  Batch 550/8324, Loss: 3.7092
  Batch 560/8324, Loss: 4.5671
  Batch 570/8324, Loss: 4.0433
  Batch 580/8324, Loss: 4.4524
  Batch 590/8324, Loss: 4.5211
  Batch 600/8324, Loss: 3.7643
  Batch 610/8324, Loss: 4.3324
  Batch 620/8324, Loss: 4.3255
  Batch 630/8324, Loss: 4.2693
  Batch 640/8324, Loss: 3.8878
  Batch 650/8324, Loss: 3.7126
  Batch 660/8324, Loss: 4.7084
  Batch 670/8324, Loss: 4.3739
  Batch 680/8324, Loss: 4.0766
  Batch 690/8324, Loss: 4.3395
  Batch 700/8324, Loss: 4.2372
  Batch 710/8324, Loss: 4.2315
  Batch 720/8324, Loss: 3.8218
  Batch 730/8324, Loss: 3.9878
  Batch 740/8324, Loss: 4.1857
  Batch 750/8324, Loss: 3.9327
  Batch 760/8324, Loss: 4.8565
  Batch 770/8324, Loss: 4.1340
  Batch 780/8324, Loss: 3.7106
  Batch 790/8324, Loss: 4.3794
  Batch 800/8324, Loss: 4.2760
  Batch 810/8324, Loss: 3.9216
  Batch 820/8324, Loss: 4.1511
  Batch 830/8324, Loss: 4.1764
  Batch 840/8324, Loss: 3.6408
  Batch 850/8324, Loss: 3.3021
  Batch 860/8324, Loss: 4.3551
  Batch 870/8324, Loss: 4.3253
  Batch 880/8324, Loss: 4.2650
  Batch 890/8324, Loss: 4.8059
  Batch 900/8324, Loss: 3.8921
  Batch 910/8324, Loss: 5.1667
  Batch 920/8324, Loss: 4.1207
  Batch 930/8324, Loss: 4.1458
  Batch 940/8324, Loss: 4.1443
  Batch 950/8324, Loss: 3.9148
  Batch 960/8324, Loss: 4.4122
  Batch 970/8324, Loss: 4.7826
  Batch 980/8324, Loss: 3.6365
  Batch 990/8324, Loss: 4.0971
  Batch 1000/8324, Loss: 4.6759
  Batch 1010/8324, Loss: 3.8089
  Batch 1020/8324, Loss: 4.5766
  Batch 1030/8324, Loss: 3.6891
  Batch 1040/8324, Loss: 4.1566
  Batch 1050/8324, Loss: 4.1217
  Batch 1060/8324, Loss: 4.4313
  Batch 1070/8324, Loss: 3.8927
  Batch 1080/8324, Loss: 4.1880
  Batch 1090/8324, Loss: 4.1506
  Batch 1100/8324, Loss: 4.4556
  Batch 1110/8324, Loss: 4.0278
  Batch 1120/8324, Loss: 4.5631
  Batch 1130/8324, Loss: 4.1270
  Batch 1140/8324, Loss: 4.4008
  Batch 1150/8324, Loss: 4.4512
  Batch 1160/8324, Loss: 4.3587
  Batch 1170/8324, Loss: 4.4193
  Batch 1180/8324, Loss: 4.4923
  Batch 1190/8324, Loss: 4.3466
  Batch 1200/8324, Loss: 4.5647
  Batch 1210/8324, Loss: 4.6168
  Batch 1220/8324, Loss: 4.2803
  Batch 1230/8324, Loss: 3.8314
  Batch 1240/8324, Loss: 4.0058
  Batch 1250/8324, Loss: 4.1250
  Batch 1260/8324, Loss: 4.2779
  Batch 1270/8324, Loss: 4.0952
  Batch 1280/8324, Loss: 3.9592
  Batch 1290/8324, Loss: 3.9316
  Batch 1300/8324, Loss: 3.8707
  Batch 1310/8324, Loss: 3.5980
  Batch 1320/8324, Loss: 3.8861
  Batch 1330/8324, Loss: 3.8962
  Batch 1340/8324, Loss: 3.9758
  Batch 1350/8324, Loss: 3.9341
  Batch 1360/8324, Loss: 4.0704
  Batch 1370/8324, Loss: 4.3108
  Batch 1380/8324, Loss: 4.0511
  Batch 1390/8324, Loss: 4.0831
  Batch 1400/8324, Loss: 4.2326
  Batch 1410/8324, Loss: 3.4807
  Batch 1420/8324, Loss: 4.3070
  Batch 1430/8324, Loss: 4.4866
  Batch 1440/8324, Loss: 4.3400
  Batch 1450/8324, Loss: 3.9953
  Batch 1460/8324, Loss: 4.1676
  Batch 1470/8324, Loss: 4.2777
  Batch 1480/8324, Loss: 4.2598
  Batch 1490/8324, Loss: 4.5420
  Batch 1500/8324, Loss: 4.0446
  Batch 1510/8324, Loss: 4.2652
  Batch 1520/8324, Loss: 4.4800
  Batch 1530/8324, Loss: 4.0500
  Batch 1540/8324, Loss: 4.1855
  Batch 1550/8324, Loss: 4.8948
  Batch 1560/8324, Loss: 4.6970
  Batch 1570/8324, Loss: 4.7659
  Batch 1580/8324, Loss: 3.9476
  Batch 1590/8324, Loss: 4.5136
  Batch 1600/8324, Loss: 4.0234
  Batch 1610/8324, Loss: 4.2808
  Batch 1620/8324, Loss: 4.1671
  Batch 1630/8324, Loss: 4.1123
  Batch 1640/8324, Loss: 4.3991
  Batch 1650/8324, Loss: 4.6758
  Batch 1660/8324, Loss: 4.0941
  Batch 1670/8324, Loss: 3.1621
  Batch 1680/8324, Loss: 3.7084
  Batch 1690/8324, Loss: 3.9266
  Batch 1700/8324, Loss: 4.3449
  Batch 1710/8324, Loss: 3.5600
  Batch 1720/8324, Loss: 4.0847
  Batch 1730/8324, Loss: 4.8870
  Batch 1740/8324, Loss: 4.0804
  Batch 1750/8324, Loss: 4.0376
  Batch 1760/8324, Loss: 4.3611
  Batch 1770/8324, Loss: 3.8368
  Batch 1780/8324, Loss: 4.1777
  Batch 1790/8324, Loss: 4.4808
  Batch 1800/8324, Loss: 3.6443
  Batch 1810/8324, Loss: 4.3761
  Batch 1820/8324, Loss: 4.3172
  Batch 1830/8324, Loss: 4.0297
  Batch 1840/8324, Loss: 4.3810
  Batch 1850/8324, Loss: 3.9777
  Batch 1860/8324, Loss: 3.9528
  Batch 1870/8324, Loss: 4.1259
  Batch 1880/8324, Loss: 4.3627
  Batch 1890/8324, Loss: 4.1666
  Batch 1900/8324, Loss: 4.1249
  Batch 1910/8324, Loss: 4.6254
  Batch 1920/8324, Loss: 3.9145
  Batch 1930/8324, Loss: 4.3640
  Batch 1940/8324, Loss: 4.6338
  Batch 1950/8324, Loss: 3.6355
  Batch 1960/8324, Loss: 4.2299
  Batch 1970/8324, Loss: 4.1420
  Batch 1980/8324, Loss: 4.5970
  Batch 1990/8324, Loss: 4.5818
  Batch 2000/8324, Loss: 4.1062
  Batch 2010/8324, Loss: 4.0610
  Batch 2020/8324, Loss: 4.7509
  Batch 2030/8324, Loss: 4.7290
  Batch 2040/8324, Loss: 4.4015
  Batch 2050/8324, Loss: 4.5728
  Batch 2060/8324, Loss: 4.5509
  Batch 2070/8324, Loss: 4.2811
  Batch 2080/8324, Loss: 4.5057
  Batch 2090/8324, Loss: 4.1380
  Batch 2100/8324, Loss: 4.6996
  Batch 2110/8324, Loss: 3.9773
  Batch 2120/8324, Loss: 3.8327
  Batch 2130/8324, Loss: 3.9228
  Batch 2140/8324, Loss: 3.6865
  Batch 2150/8324, Loss: 4.2838
  Batch 2160/8324, Loss: 4.0174
  Batch 2170/8324, Loss: 4.5073
  Batch 2180/8324, Loss: 4.1818
  Batch 2190/8324, Loss: 4.2829
  Batch 2200/8324, Loss: 4.0407
  Batch 2210/8324, Loss: 4.1514
  Batch 2220/8324, Loss: 4.1705
  Batch 2230/8324, Loss: 3.9527
  Batch 2240/8324, Loss: 3.8537
  Batch 2250/8324, Loss: 4.5558
  Batch 2260/8324, Loss: 4.6758
  Batch 2270/8324, Loss: 4.1360
  Batch 2280/8324, Loss: 3.8128
  Batch 2290/8324, Loss: 4.1184
  Batch 2300/8324, Loss: 4.0605
  Batch 2310/8324, Loss: 4.6885
  Batch 2320/8324, Loss: 4.0318
  Batch 2330/8324, Loss: 4.5778
  Batch 2340/8324, Loss: 4.2676
  Batch 2350/8324, Loss: 4.5383
  Batch 2360/8324, Loss: 3.8399
  Batch 2370/8324, Loss: 4.2641
  Batch 2380/8324, Loss: 4.3280
  Batch 2390/8324, Loss: 4.1791
  Batch 2400/8324, Loss: 3.5872
  Batch 2410/8324, Loss: 4.6820
  Batch 2420/8324, Loss: 3.5970
  Batch 2430/8324, Loss: 3.9522
  Batch 2440/8324, Loss: 3.4990
  Batch 2450/8324, Loss: 3.6679
  Batch 2460/8324, Loss: 3.9586
  Batch 2470/8324, Loss: 4.0913
  Batch 2480/8324, Loss: 4.0861
  Batch 2490/8324, Loss: 4.5001
  Batch 2500/8324, Loss: 4.0249
  Batch 2510/8324, Loss: 4.5074
  Batch 2520/8324, Loss: 4.4004
  Batch 2530/8324, Loss: 4.2307
  Batch 2540/8324, Loss: 4.3180
  Batch 2550/8324, Loss: 4.6358
  Batch 2560/8324, Loss: 4.4049
  Batch 2570/8324, Loss: 4.2800
  Batch 2580/8324, Loss: 4.0838
  Batch 2590/8324, Loss: 4.1958
  Batch 2600/8324, Loss: 4.8544
  Batch 2610/8324, Loss: 4.7475
  Batch 2620/8324, Loss: 3.7235
  Batch 2630/8324, Loss: 4.0839
  Batch 2640/8324, Loss: 4.0533
  Batch 2650/8324, Loss: 4.2711
  Batch 2660/8324, Loss: 4.4899
  Batch 2670/8324, Loss: 4.4771
  Batch 2680/8324, Loss: 4.3664
  Batch 2690/8324, Loss: 4.5060
  Batch 2700/8324, Loss: 4.3495
  Batch 2710/8324, Loss: 4.1179
  Batch 2720/8324, Loss: 4.3665
  Batch 2730/8324, Loss: 4.1668
  Batch 2740/8324, Loss: 4.6657
  Batch 2750/8324, Loss: 3.7695
  Batch 2760/8324, Loss: 4.6528
  Batch 2770/8324, Loss: 4.6569
  Batch 2780/8324, Loss: 4.2940
  Batch 2790/8324, Loss: 3.7014
  Batch 2800/8324, Loss: 4.4969
  Batch 2810/8324, Loss: 4.1166
  Batch 2820/8324, Loss: 4.4651
  Batch 2830/8324, Loss: 4.2766
  Batch 2840/8324, Loss: 4.0876
  Batch 2850/8324, Loss: 3.7361
  Batch 2860/8324, Loss: 4.0849
  Batch 2870/8324, Loss: 3.7689
  Batch 2880/8324, Loss: 4.5276
  Batch 2890/8324, Loss: 4.4000
  Batch 2900/8324, Loss: 3.6705
  Batch 2910/8324, Loss: 3.6526
  Batch 2920/8324, Loss: 4.1625
  Batch 2930/8324, Loss: 4.4592
  Batch 2940/8324, Loss: 3.8188
  Batch 2950/8324, Loss: 4.4914
  Batch 2960/8324, Loss: 3.9190
  Batch 2970/8324, Loss: 4.1455
  Batch 2980/8324, Loss: 3.9507
  Batch 2990/8324, Loss: 4.4544
  Batch 3000/8324, Loss: 4.0228
  Batch 3010/8324, Loss: 4.4514
  Batch 3020/8324, Loss: 4.7628
  Batch 3030/8324, Loss: 3.8189
  Batch 3040/8324, Loss: 4.4932
  Batch 3050/8324, Loss: 3.9783
  Batch 3060/8324, Loss: 3.7505
  Batch 3070/8324, Loss: 4.5599
  Batch 3080/8324, Loss: 4.1286
  Batch 3090/8324, Loss: 3.8950
  Batch 3100/8324, Loss: 3.6287
  Batch 3110/8324, Loss: 4.4605
  Batch 3120/8324, Loss: 3.9652
  Batch 3130/8324, Loss: 4.3161
  Batch 3140/8324, Loss: 4.4371
  Batch 3150/8324, Loss: 4.1745
  Batch 3160/8324, Loss: 4.1600
  Batch 3170/8324, Loss: 4.8766
  Batch 3180/8324, Loss: 4.2237
  Batch 3190/8324, Loss: 4.7735
  Batch 3200/8324, Loss: 4.3797
  Batch 3210/8324, Loss: 4.6266
  Batch 3220/8324, Loss: 4.4523
  Batch 3230/8324, Loss: 4.3053
  Batch 3240/8324, Loss: 4.7851
  Batch 3250/8324, Loss: 4.4558
  Batch 3260/8324, Loss: 4.0051
  Batch 3270/8324, Loss: 4.1964
  Batch 3280/8324, Loss: 4.0176
  Batch 3290/8324, Loss: 4.0171
  Batch 3300/8324, Loss: 4.7561
  Batch 3310/8324, Loss: 4.2549
  Batch 3320/8324, Loss: 4.2738
  Batch 3330/8324, Loss: 4.2248
  Batch 3340/8324, Loss: 3.5721
  Batch 3350/8324, Loss: 4.6045
  Batch 3360/8324, Loss: 4.3655
  Batch 3370/8324, Loss: 3.3052
  Batch 3380/8324, Loss: 4.5222
  Batch 3390/8324, Loss: 4.0732
  Batch 3400/8324, Loss: 4.4142
  Batch 3410/8324, Loss: 3.7704
  Batch 3420/8324, Loss: 4.5531
  Batch 3430/8324, Loss: 4.0558
  Batch 3440/8324, Loss: 3.8072
  Batch 3450/8324, Loss: 4.6803
  Batch 3460/8324, Loss: 4.4289
  Batch 3470/8324, Loss: 4.4406
  Batch 3480/8324, Loss: 3.3644
  Batch 3490/8324, Loss: 4.3924
  Batch 3500/8324, Loss: 4.4065
  Batch 3510/8324, Loss: 5.0128
  Batch 3520/8324, Loss: 3.6339
  Batch 3530/8324, Loss: 4.2875
  Batch 3540/8324, Loss: 4.3141
  Batch 3550/8324, Loss: 4.0128
  Batch 3560/8324, Loss: 4.6392
  Batch 3570/8324, Loss: 4.8488
  Batch 3580/8324, Loss: 3.4362
  Batch 3590/8324, Loss: 3.3726
  Batch 3600/8324, Loss: 4.2110
  Batch 3610/8324, Loss: 4.0120
  Batch 3620/8324, Loss: 4.2714
  Batch 3630/8324, Loss: 4.0758
  Batch 3640/8324, Loss: 3.9907
  Batch 3650/8324, Loss: 4.0927
  Batch 3660/8324, Loss: 4.0243
  Batch 3670/8324, Loss: 4.0917
  Batch 3680/8324, Loss: 4.2250
  Batch 3690/8324, Loss: 4.1937
  Batch 3700/8324, Loss: 4.4043
  Batch 3710/8324, Loss: 4.2162
  Batch 3720/8324, Loss: 3.9799
  Batch 3730/8324, Loss: 4.6438
  Batch 3740/8324, Loss: 4.4450
  Batch 3750/8324, Loss: 3.9371
  Batch 3760/8324, Loss: 4.1788
  Batch 3770/8324, Loss: 4.2602
  Batch 3780/8324, Loss: 4.4064
  Batch 3790/8324, Loss: 4.4825
  Batch 3800/8324, Loss: 4.0337
  Batch 3810/8324, Loss: 4.6830
  Batch 3820/8324, Loss: 4.1404
  Batch 3830/8324, Loss: 4.4905
  Batch 3840/8324, Loss: 3.9255
  Batch 3850/8324, Loss: 4.4742
  Batch 3860/8324, Loss: 4.2234
  Batch 3870/8324, Loss: 4.5750
  Batch 3880/8324, Loss: 4.8065
  Batch 3890/8324, Loss: 3.6766
  Batch 3900/8324, Loss: 4.3174
  Batch 3910/8324, Loss: 4.0732
  Batch 3920/8324, Loss: 4.5895
  Batch 3930/8324, Loss: 3.8475
  Batch 3940/8324, Loss: 3.8575
  Batch 3950/8324, Loss: 3.9654
  Batch 3960/8324, Loss: 4.4259
  Batch 3970/8324, Loss: 4.4516
  Batch 3980/8324, Loss: 3.9829
  Batch 3990/8324, Loss: 4.5816
  Batch 4000/8324, Loss: 4.2882
  Batch 4010/8324, Loss: 4.1199
  Batch 4020/8324, Loss: 4.3602
  Batch 4030/8324, Loss: 4.8040
  Batch 4040/8324, Loss: 4.5377
  Batch 4050/8324, Loss: 4.2536
  Batch 4060/8324, Loss: 4.4800
  Batch 4070/8324, Loss: 4.5236
  Batch 4080/8324, Loss: 4.1827
  Batch 4090/8324, Loss: 3.6791
  Batch 4100/8324, Loss: 4.3121
  Batch 4110/8324, Loss: 4.9588
  Batch 4120/8324, Loss: 4.4141
  Batch 4130/8324, Loss: 4.2743
  Batch 4140/8324, Loss: 4.6153
  Batch 4150/8324, Loss: 3.5440
  Batch 4160/8324, Loss: 4.2246
  Batch 4170/8324, Loss: 4.0492
  Batch 4180/8324, Loss: 4.2256
  Batch 4190/8324, Loss: 4.1794
  Batch 4200/8324, Loss: 3.8986
  Batch 4210/8324, Loss: 4.7899
  Batch 4220/8324, Loss: 3.6346
  Batch 4230/8324, Loss: 5.0570
  Batch 4240/8324, Loss: 4.1990
  Batch 4250/8324, Loss: 4.1568
  Batch 4260/8324, Loss: 4.5010
  Batch 4270/8324, Loss: 3.9668
  Batch 4280/8324, Loss: 4.5673
  Batch 4290/8324, Loss: 4.2108
  Batch 4300/8324, Loss: 4.7783
  Batch 4310/8324, Loss: 3.9591
  Batch 4320/8324, Loss: 4.5044
  Batch 4330/8324, Loss: 4.3397
  Batch 4340/8324, Loss: 5.1178
  Batch 4350/8324, Loss: 4.4777
  Batch 4360/8324, Loss: 4.0266
  Batch 4370/8324, Loss: 4.4329
  Batch 4380/8324, Loss: 4.5712
  Batch 4390/8324, Loss: 3.8417
  Batch 4400/8324, Loss: 4.2539
  Batch 4410/8324, Loss: 4.8569
  Batch 4420/8324, Loss: 4.5196
  Batch 4430/8324, Loss: 4.1095
  Batch 4440/8324, Loss: 4.1255
  Batch 4450/8324, Loss: 3.8191
  Batch 4460/8324, Loss: 4.2042
  Batch 4470/8324, Loss: 4.5806
  Batch 4480/8324, Loss: 4.6244
  Batch 4490/8324, Loss: 4.2694
  Batch 4500/8324, Loss: 4.1305
  Batch 4510/8324, Loss: 4.1930
  Batch 4520/8324, Loss: 4.0762
  Batch 4530/8324, Loss: 4.7348
  Batch 4540/8324, Loss: 4.1848
  Batch 4550/8324, Loss: 3.9250
  Batch 4560/8324, Loss: 4.6863
  Batch 4570/8324, Loss: 3.9689
  Batch 4580/8324, Loss: 4.3468
  Batch 4590/8324, Loss: 4.6816
  Batch 4600/8324, Loss: 4.4947
  Batch 4610/8324, Loss: 4.8562
  Batch 4620/8324, Loss: 4.0038
  Batch 4630/8324, Loss: 4.2462
  Batch 4640/8324, Loss: 4.4786
  Batch 4650/8324, Loss: 3.8205
  Batch 4660/8324, Loss: 4.3345
  Batch 4670/8324, Loss: 4.0316
  Batch 4680/8324, Loss: 3.9824
  Batch 4690/8324, Loss: 4.5760
  Batch 4700/8324, Loss: 4.6453
  Batch 4710/8324, Loss: 4.5696
  Batch 4720/8324, Loss: 4.0804
  Batch 4730/8324, Loss: 4.5167
  Batch 4740/8324, Loss: 3.8266
  Batch 4750/8324, Loss: 4.5297
  Batch 4760/8324, Loss: 4.0099
  Batch 4770/8324, Loss: 4.2155
  Batch 4780/8324, Loss: 4.7136
  Batch 4790/8324, Loss: 4.3939
  Batch 4800/8324, Loss: 4.5151
  Batch 4810/8324, Loss: 4.3316
  Batch 4820/8324, Loss: 4.3179
  Batch 4830/8324, Loss: 3.7519
  Batch 4840/8324, Loss: 3.5852
  Batch 4850/8324, Loss: 4.6725
  Batch 4860/8324, Loss: 4.8694
  Batch 4870/8324, Loss: 4.2581
  Batch 4880/8324, Loss: 4.3793
  Batch 4890/8324, Loss: 3.9677
  Batch 4900/8324, Loss: 3.6356
  Batch 4910/8324, Loss: 4.4592
  Batch 4920/8324, Loss: 4.4473
  Batch 4930/8324, Loss: 4.1119
  Batch 4940/8324, Loss: 4.1736
  Batch 4950/8324, Loss: 4.3976
  Batch 4960/8324, Loss: 4.7428
  Batch 4970/8324, Loss: 4.2484
  Batch 4980/8324, Loss: 4.4947
  Batch 4990/8324, Loss: 4.4120
  Batch 5000/8324, Loss: 4.5131
  Batch 5010/8324, Loss: 5.0026
  Batch 5020/8324, Loss: 3.9947
  Batch 5030/8324, Loss: 4.7571
  Batch 5040/8324, Loss: 4.5426
  Batch 5050/8324, Loss: 4.2510
  Batch 5060/8324, Loss: 4.2298
  Batch 5070/8324, Loss: 4.1880
  Batch 5080/8324, Loss: 4.1064
  Batch 5090/8324, Loss: 3.9367
  Batch 5100/8324, Loss: 4.0307
  Batch 5110/8324, Loss: 4.3947
  Batch 5120/8324, Loss: 4.6727
  Batch 5130/8324, Loss: 4.1534
  Batch 5140/8324, Loss: 4.3721
  Batch 5150/8324, Loss: 4.0167
  Batch 5160/8324, Loss: 4.4142
  Batch 5170/8324, Loss: 4.3481
  Batch 5180/8324, Loss: 4.3737
  Batch 5190/8324, Loss: 4.7887
  Batch 5200/8324, Loss: 4.3041
  Batch 5210/8324, Loss: 4.4819
  Batch 5220/8324, Loss: 3.7625
  Batch 5230/8324, Loss: 4.2599
  Batch 5240/8324, Loss: 3.8883
  Batch 5250/8324, Loss: 4.3453
  Batch 5260/8324, Loss: 3.8667
  Batch 5270/8324, Loss: 4.4403
  Batch 5280/8324, Loss: 4.6422
  Batch 5290/8324, Loss: 3.9206
  Batch 5300/8324, Loss: 4.4455
  Batch 5310/8324, Loss: 4.7308
  Batch 5320/8324, Loss: 3.3176
  Batch 5330/8324, Loss: 4.6460
  Batch 5340/8324, Loss: 4.2644
  Batch 5350/8324, Loss: 4.1189
  Batch 5360/8324, Loss: 4.3442
  Batch 5370/8324, Loss: 4.2664
  Batch 5380/8324, Loss: 4.2747
  Batch 5390/8324, Loss: 4.3642
  Batch 5400/8324, Loss: 3.8658
  Batch 5410/8324, Loss: 3.9734
  Batch 5420/8324, Loss: 4.1438
  Batch 5430/8324, Loss: 4.2890
  Batch 5440/8324, Loss: 3.8740
  Batch 5450/8324, Loss: 3.7914
  Batch 5460/8324, Loss: 3.6871
  Batch 5470/8324, Loss: 4.3172
  Batch 5480/8324, Loss: 3.9487
  Batch 5490/8324, Loss: 4.5466
  Batch 5500/8324, Loss: 4.0368
  Batch 5510/8324, Loss: 3.4518
  Batch 5520/8324, Loss: 3.9233
  Batch 5530/8324, Loss: 4.0805
  Batch 5540/8324, Loss: 5.0375
  Batch 5550/8324, Loss: 3.6719
  Batch 5560/8324, Loss: 4.4794
  Batch 5570/8324, Loss: 4.6892
  Batch 5580/8324, Loss: 4.0794
  Batch 5590/8324, Loss: 4.3279
  Batch 5600/8324, Loss: 4.3430
  Batch 5610/8324, Loss: 4.4564
  Batch 5620/8324, Loss: 4.1238
  Batch 5630/8324, Loss: 4.6149
  Batch 5640/8324, Loss: 4.2704
  Batch 5650/8324, Loss: 4.1834
  Batch 5660/8324, Loss: 4.1040
  Batch 5670/8324, Loss: 3.7549
  Batch 5680/8324, Loss: 4.4736
  Batch 5690/8324, Loss: 3.6863
  Batch 5700/8324, Loss: 4.1896
  Batch 5710/8324, Loss: 4.4025
  Batch 5720/8324, Loss: 4.3448
  Batch 5730/8324, Loss: 3.5678
  Batch 5740/8324, Loss: 4.2495
  Batch 5750/8324, Loss: 4.2056
  Batch 5760/8324, Loss: 4.6779
  Batch 5770/8324, Loss: 4.0742
  Batch 5780/8324, Loss: 4.3591
  Batch 5790/8324, Loss: 4.5707
  Batch 5800/8324, Loss: 3.4019
  Batch 5810/8324, Loss: 4.7256
  Batch 5820/8324, Loss: 3.6743
  Batch 5830/8324, Loss: 3.6542
  Batch 5840/8324, Loss: 4.5222
  Batch 5850/8324, Loss: 4.3869
  Batch 5860/8324, Loss: 4.1257
  Batch 5870/8324, Loss: 4.5037
  Batch 5880/8324, Loss: 4.2131
  Batch 5890/8324, Loss: 4.2435
  Batch 5900/8324, Loss: 4.7423
  Batch 5910/8324, Loss: 4.1246
  Batch 5920/8324, Loss: 4.0433
  Batch 5930/8324, Loss: 4.6241
  Batch 5940/8324, Loss: 5.1709
  Batch 5950/8324, Loss: 3.8601
  Batch 5960/8324, Loss: 4.0623
  Batch 5970/8324, Loss: 3.5371
  Batch 5980/8324, Loss: 4.3745
  Batch 5990/8324, Loss: 4.5130
  Batch 6000/8324, Loss: 4.2573
  Batch 6010/8324, Loss: 4.9455
  Batch 6020/8324, Loss: 3.8885
  Batch 6030/8324, Loss: 4.4757
  Batch 6040/8324, Loss: 3.7545
  Batch 6050/8324, Loss: 4.7906
  Batch 6060/8324, Loss: 4.1833
  Batch 6070/8324, Loss: 4.8319
  Batch 6080/8324, Loss: 4.6461
  Batch 6090/8324, Loss: 4.5575
  Batch 6100/8324, Loss: 3.9439
  Batch 6110/8324, Loss: 4.5681
  Batch 6120/8324, Loss: 4.7235
  Batch 6130/8324, Loss: 4.0424
  Batch 6140/8324, Loss: 3.9069
  Batch 6150/8324, Loss: 4.0349
  Batch 6160/8324, Loss: 4.7803
  Batch 6170/8324, Loss: 4.5935
  Batch 6180/8324, Loss: 4.3670
  Batch 6190/8324, Loss: 4.1908
  Batch 6200/8324, Loss: 4.2770
  Batch 6210/8324, Loss: 3.8697
  Batch 6220/8324, Loss: 4.7190
  Batch 6230/8324, Loss: 3.5914
  Batch 6240/8324, Loss: 5.1375
  Batch 6250/8324, Loss: 4.4739
  Batch 6260/8324, Loss: 4.3046
  Batch 6270/8324, Loss: 4.6600
  Batch 6280/8324, Loss: 4.3097
  Batch 6290/8324, Loss: 4.4577
  Batch 6300/8324, Loss: 4.0602
  Batch 6310/8324, Loss: 4.2853
  Batch 6320/8324, Loss: 4.1439
  Batch 6330/8324, Loss: 3.9065
  Batch 6340/8324, Loss: 4.6020
  Batch 6350/8324, Loss: 4.7968
  Batch 6360/8324, Loss: 3.9525
  Batch 6370/8324, Loss: 4.3725
  Batch 6380/8324, Loss: 3.9547
  Batch 6390/8324, Loss: 4.2117
  Batch 6400/8324, Loss: 4.6684
  Batch 6410/8324, Loss: 4.4676
  Batch 6420/8324, Loss: 4.6301
  Batch 6430/8324, Loss: 3.8266
  Batch 6440/8324, Loss: 4.0804
  Batch 6450/8324, Loss: 5.0466
  Batch 6460/8324, Loss: 4.0921
  Batch 6470/8324, Loss: 4.6813
  Batch 6480/8324, Loss: 3.8078
  Batch 6490/8324, Loss: 4.5865
  Batch 6500/8324, Loss: 4.2555
  Batch 6510/8324, Loss: 3.9126
  Batch 6520/8324, Loss: 4.5026
  Batch 6530/8324, Loss: 4.5856
  Batch 6540/8324, Loss: 4.6263
  Batch 6550/8324, Loss: 4.8524
  Batch 6560/8324, Loss: 3.6806
  Batch 6570/8324, Loss: 4.5701
  Batch 6580/8324, Loss: 3.5532
  Batch 6590/8324, Loss: 3.8441
  Batch 6600/8324, Loss: 4.9028
  Batch 6610/8324, Loss: 3.9941
  Batch 6620/8324, Loss: 4.1600
  Batch 6630/8324, Loss: 4.2806
  Batch 6640/8324, Loss: 4.1822
  Batch 6650/8324, Loss: 4.5298
  Batch 6660/8324, Loss: 4.1948
  Batch 6670/8324, Loss: 4.7131
  Batch 6680/8324, Loss: 4.5767
  Batch 6690/8324, Loss: 4.0992
  Batch 6700/8324, Loss: 4.4602
  Batch 6710/8324, Loss: 4.3553
  Batch 6720/8324, Loss: 4.1225
  Batch 6730/8324, Loss: 4.2541
  Batch 6740/8324, Loss: 4.5121
  Batch 6750/8324, Loss: 4.6101
  Batch 6760/8324, Loss: 4.5499
  Batch 6770/8324, Loss: 4.3848
  Batch 6780/8324, Loss: 4.1206
  Batch 6790/8324, Loss: 4.6389
  Batch 6800/8324, Loss: 4.4787
  Batch 6810/8324, Loss: 3.9871
  Batch 6820/8324, Loss: 3.9989
  Batch 6830/8324, Loss: 4.2607
  Batch 6840/8324, Loss: 4.3799
  Batch 6850/8324, Loss: 3.8591
  Batch 6860/8324, Loss: 4.6117
  Batch 6870/8324, Loss: 4.5835
  Batch 6880/8324, Loss: 4.1903
  Batch 6890/8324, Loss: 4.7412
  Batch 6900/8324, Loss: 4.1940
  Batch 6910/8324, Loss: 4.0397
  Batch 6920/8324, Loss: 4.2183
  Batch 6930/8324, Loss: 4.4938
  Batch 6940/8324, Loss: 3.7267
  Batch 6950/8324, Loss: 4.0301
  Batch 6960/8324, Loss: 4.1705
  Batch 6970/8324, Loss: 4.2114
  Batch 6980/8324, Loss: 3.6085
  Batch 6990/8324, Loss: 3.5038
  Batch 7000/8324, Loss: 4.0620
  Batch 7010/8324, Loss: 4.7051
  Batch 7020/8324, Loss: 4.4656
  Batch 7030/8324, Loss: 4.2793
  Batch 7040/8324, Loss: 4.0125
  Batch 7050/8324, Loss: 4.0233
  Batch 7060/8324, Loss: 4.8857
  Batch 7070/8324, Loss: 4.8478
  Batch 7080/8324, Loss: 5.0580
  Batch 7090/8324, Loss: 4.7503
  Batch 7100/8324, Loss: 3.3623
  Batch 7110/8324, Loss: 4.0987
  Batch 7120/8324, Loss: 3.9050
  Batch 7130/8324, Loss: 4.7705
  Batch 7140/8324, Loss: 4.4341
  Batch 7150/8324, Loss: 4.3783
  Batch 7160/8324, Loss: 4.2369
  Batch 7170/8324, Loss: 4.1323
  Batch 7180/8324, Loss: 4.5536
  Batch 7190/8324, Loss: 4.0756
  Batch 7200/8324, Loss: 4.3483
  Batch 7210/8324, Loss: 4.3377
  Batch 7220/8324, Loss: 4.2726
  Batch 7230/8324, Loss: 4.4181
  Batch 7240/8324, Loss: 4.4545
  Batch 7250/8324, Loss: 4.0936
  Batch 7260/8324, Loss: 4.2482
  Batch 7270/8324, Loss: 4.2893
  Batch 7280/8324, Loss: 4.4620
  Batch 7290/8324, Loss: 3.8808
  Batch 7300/8324, Loss: 3.9297
  Batch 7310/8324, Loss: 4.6613
  Batch 7320/8324, Loss: 3.5709
  Batch 7330/8324, Loss: 4.1299
  Batch 7340/8324, Loss: 4.6258
  Batch 7350/8324, Loss: 4.6999
  Batch 7360/8324, Loss: 4.6407
  Batch 7370/8324, Loss: 3.9835
  Batch 7380/8324, Loss: 3.7223
  Batch 7390/8324, Loss: 3.8168
  Batch 7400/8324, Loss: 4.9858
  Batch 7410/8324, Loss: 4.2355
  Batch 7420/8324, Loss: 4.8499
  Batch 7430/8324, Loss: 4.6300
  Batch 7440/8324, Loss: 4.2848
  Batch 7450/8324, Loss: 4.5371
  Batch 7460/8324, Loss: 3.6331
  Batch 7470/8324, Loss: 4.4725
  Batch 7480/8324, Loss: 4.2014
  Batch 7490/8324, Loss: 3.7898
  Batch 7500/8324, Loss: 4.6612
  Batch 7510/8324, Loss: 3.9345
  Batch 7520/8324, Loss: 4.4179
  Batch 7530/8324, Loss: 3.9643
  Batch 7540/8324, Loss: 3.9385
  Batch 7550/8324, Loss: 3.9487
  Batch 7560/8324, Loss: 4.9350
  Batch 7570/8324, Loss: 4.3614
  Batch 7580/8324, Loss: 4.3062
  Batch 7590/8324, Loss: 4.0748
  Batch 7600/8324, Loss: 3.5588
  Batch 7610/8324, Loss: 4.2478
  Batch 7620/8324, Loss: 4.1391
  Batch 7630/8324, Loss: 4.0289
  Batch 7640/8324, Loss: 4.4834
  Batch 7650/8324, Loss: 4.6701
  Batch 7660/8324, Loss: 4.3993
  Batch 7670/8324, Loss: 4.0542
  Batch 7680/8324, Loss: 4.8079
  Batch 7690/8324, Loss: 3.8821
  Batch 7700/8324, Loss: 3.9589
  Batch 7710/8324, Loss: 4.4448
  Batch 7720/8324, Loss: 4.0660
  Batch 7730/8324, Loss: 4.4098
  Batch 7740/8324, Loss: 3.5697
  Batch 7750/8324, Loss: 4.6988
  Batch 7760/8324, Loss: 3.5721
  Batch 7770/8324, Loss: 4.7611
  Batch 7780/8324, Loss: 3.7645
  Batch 7790/8324, Loss: 3.9123
  Batch 7800/8324, Loss: 4.3283
  Batch 7810/8324, Loss: 4.2119
  Batch 7820/8324, Loss: 4.2701
  Batch 7830/8324, Loss: 3.7508
  Batch 7840/8324, Loss: 3.8827
  Batch 7850/8324, Loss: 4.2773
  Batch 7860/8324, Loss: 4.8178
  Batch 7870/8324, Loss: 3.8863
  Batch 7880/8324, Loss: 4.3467
  Batch 7890/8324, Loss: 4.2617
  Batch 7900/8324, Loss: 4.5795
  Batch 7910/8324, Loss: 4.7801
  Batch 7920/8324, Loss: 4.7590
  Batch 7930/8324, Loss: 3.9188
  Batch 7940/8324, Loss: 4.6753
  Batch 7950/8324, Loss: 4.5997
  Batch 7960/8324, Loss: 3.9977
  Batch 7970/8324, Loss: 4.5793
  Batch 7980/8324, Loss: 3.8596
  Batch 7990/8324, Loss: 4.4510
  Batch 8000/8324, Loss: 4.1265
  Batch 8010/8324, Loss: 4.5383
  Batch 8020/8324, Loss: 4.3960
  Batch 8030/8324, Loss: 4.4118
  Batch 8040/8324, Loss: 4.4360
  Batch 8050/8324, Loss: 4.2897
  Batch 8060/8324, Loss: 4.1532
  Batch 8070/8324, Loss: 4.1049
  Batch 8080/8324, Loss: 3.9694
  Batch 8090/8324, Loss: 4.8653
  Batch 8100/8324, Loss: 4.2401
  Batch 8110/8324, Loss: 4.1113
  Batch 8120/8324, Loss: 3.7802
  Batch 8130/8324, Loss: 4.4780
  Batch 8140/8324, Loss: 4.5968
  Batch 8150/8324, Loss: 4.2090
  Batch 8160/8324, Loss: 4.2897
  Batch 8170/8324, Loss: 4.4348
  Batch 8180/8324, Loss: 3.9095
  Batch 8190/8324, Loss: 4.2108
  Batch 8200/8324, Loss: 3.9880
  Batch 8210/8324, Loss: 4.7646
  Batch 8220/8324, Loss: 4.3887
  Batch 8230/8324, Loss: 4.5640
  Batch 8240/8324, Loss: 4.6022
  Batch 8250/8324, Loss: 4.6476
  Batch 8260/8324, Loss: 4.5915
  Batch 8270/8324, Loss: 3.5965
  Batch 8280/8324, Loss: 4.4100
  Batch 8290/8324, Loss: 4.0595
  Batch 8300/8324, Loss: 4.4279
  Batch 8310/8324, Loss: 3.7601
  Batch 8320/8324, Loss: 4.4129

  Train Loss: 4.2607
  Val Loss: 6.8068
  Time: 26m 37s

Epoch 18/20
----------------------------------------
  Batch 10/8324, Loss: 4.3277
  Batch 20/8324, Loss: 4.5022
  Batch 30/8324, Loss: 4.2819
  Batch 40/8324, Loss: 4.1453
  Batch 50/8324, Loss: 4.0409
  Batch 60/8324, Loss: 3.9520
  Batch 70/8324, Loss: 4.1268
  Batch 80/8324, Loss: 4.6786
  Batch 90/8324, Loss: 4.5982
  Batch 100/8324, Loss: 3.9514
  Batch 110/8324, Loss: 4.3123
  Batch 120/8324, Loss: 3.7378
  Batch 130/8324, Loss: 4.2947
  Batch 140/8324, Loss: 4.3861
  Batch 150/8324, Loss: 4.4516
  Batch 160/8324, Loss: 4.1495
  Batch 170/8324, Loss: 4.1574
  Batch 180/8324, Loss: 4.0879
  Batch 190/8324, Loss: 3.9738
  Batch 200/8324, Loss: 4.0002
  Batch 210/8324, Loss: 4.1125
  Batch 220/8324, Loss: 3.4404
  Batch 230/8324, Loss: 4.0401
  Batch 240/8324, Loss: 4.1191
  Batch 250/8324, Loss: 4.3969
  Batch 260/8324, Loss: 4.2483
  Batch 270/8324, Loss: 4.3855
  Batch 280/8324, Loss: 4.5147
  Batch 290/8324, Loss: 3.8123
  Batch 300/8324, Loss: 3.8197
  Batch 310/8324, Loss: 4.3389
  Batch 320/8324, Loss: 4.4455
  Batch 330/8324, Loss: 3.5585
  Batch 340/8324, Loss: 3.9902
  Batch 350/8324, Loss: 4.0491
  Batch 360/8324, Loss: 3.9303
  Batch 370/8324, Loss: 4.7418
  Batch 380/8324, Loss: 4.2805
  Batch 390/8324, Loss: 4.0853
  Batch 400/8324, Loss: 3.7275
  Batch 410/8324, Loss: 4.4423
  Batch 420/8324, Loss: 4.6224
  Batch 430/8324, Loss: 3.8775
  Batch 440/8324, Loss: 3.9009
  Batch 450/8324, Loss: 3.9765
  Batch 460/8324, Loss: 4.0242
  Batch 470/8324, Loss: 3.8339
  Batch 480/8324, Loss: 4.5120
  Batch 490/8324, Loss: 3.8443
  Batch 500/8324, Loss: 4.3875
  Batch 510/8324, Loss: 4.2339
  Batch 520/8324, Loss: 3.4938
  Batch 530/8324, Loss: 4.3120
  Batch 540/8324, Loss: 3.3884
  Batch 550/8324, Loss: 4.2032
  Batch 560/8324, Loss: 4.3830
  Batch 570/8324, Loss: 4.9562
  Batch 580/8324, Loss: 4.5794
  Batch 590/8324, Loss: 3.8963
  Batch 600/8324, Loss: 4.4397
  Batch 610/8324, Loss: 4.3044
  Batch 620/8324, Loss: 4.0776
  Batch 630/8324, Loss: 4.0540
  Batch 640/8324, Loss: 4.5329
  Batch 650/8324, Loss: 3.8270
  Batch 660/8324, Loss: 4.4321
  Batch 670/8324, Loss: 4.2207
  Batch 680/8324, Loss: 4.8229
  Batch 690/8324, Loss: 3.7514
  Batch 700/8324, Loss: 4.0092
  Batch 710/8324, Loss: 4.0280
  Batch 720/8324, Loss: 4.8009
  Batch 730/8324, Loss: 4.0505
  Batch 740/8324, Loss: 4.2596
  Batch 750/8324, Loss: 3.2674
  Batch 760/8324, Loss: 4.9024
  Batch 770/8324, Loss: 4.4494
  Batch 780/8324, Loss: 3.8303
  Batch 790/8324, Loss: 4.1075
  Batch 800/8324, Loss: 4.1612
  Batch 810/8324, Loss: 4.9040
  Batch 820/8324, Loss: 4.5430
  Batch 830/8324, Loss: 4.5317
  Batch 840/8324, Loss: 4.1232
  Batch 850/8324, Loss: 4.0996
  Batch 860/8324, Loss: 4.5499
  Batch 870/8324, Loss: 3.9391
  Batch 880/8324, Loss: 4.5376
  Batch 890/8324, Loss: 3.6268
  Batch 900/8324, Loss: 4.6012
  Batch 910/8324, Loss: 4.0460
  Batch 920/8324, Loss: 3.8578
  Batch 930/8324, Loss: 3.9530
  Batch 940/8324, Loss: 4.4770
  Batch 950/8324, Loss: 4.0296
  Batch 960/8324, Loss: 4.6602
  Batch 970/8324, Loss: 3.8126
  Batch 980/8324, Loss: 4.5233
  Batch 990/8324, Loss: 3.5582
  Batch 1000/8324, Loss: 4.2767
  Batch 1010/8324, Loss: 4.7157
  Batch 1020/8324, Loss: 4.3929
  Batch 1030/8324, Loss: 4.6630
  Batch 1040/8324, Loss: 4.2728
  Batch 1050/8324, Loss: 4.6274
  Batch 1060/8324, Loss: 4.4960
  Batch 1070/8324, Loss: 3.8459
  Batch 1080/8324, Loss: 3.8842
  Batch 1090/8324, Loss: 4.4947
  Batch 1100/8324, Loss: 3.2390
  Batch 1110/8324, Loss: 4.6548
  Batch 1120/8324, Loss: 4.1938
  Batch 1130/8324, Loss: 3.9727
  Batch 1140/8324, Loss: 4.0252
  Batch 1150/8324, Loss: 4.4941
  Batch 1160/8324, Loss: 3.6276
  Batch 1170/8324, Loss: 4.2104
  Batch 1180/8324, Loss: 4.6523
  Batch 1190/8324, Loss: 4.2508
  Batch 1200/8324, Loss: 4.3398
  Batch 1210/8324, Loss: 3.7021
  Batch 1220/8324, Loss: 3.8689
  Batch 1230/8324, Loss: 4.0326
  Batch 1240/8324, Loss: 4.4050
  Batch 1250/8324, Loss: 3.8277
  Batch 1260/8324, Loss: 4.0720
  Batch 1270/8324, Loss: 4.2951
  Batch 1280/8324, Loss: 4.4207
  Batch 1290/8324, Loss: 4.0947
  Batch 1300/8324, Loss: 4.4212
  Batch 1310/8324, Loss: 4.2964
  Batch 1320/8324, Loss: 3.7350
  Batch 1330/8324, Loss: 3.8898
  Batch 1340/8324, Loss: 3.7199
  Batch 1350/8324, Loss: 4.1365
  Batch 1360/8324, Loss: 3.8995
  Batch 1370/8324, Loss: 4.4689
  Batch 1380/8324, Loss: 4.0717
  Batch 1390/8324, Loss: 4.2916
  Batch 1400/8324, Loss: 4.4167
  Batch 1410/8324, Loss: 4.0365
  Batch 1420/8324, Loss: 4.3953
  Batch 1430/8324, Loss: 4.2074
  Batch 1440/8324, Loss: 3.6388
  Batch 1450/8324, Loss: 4.3879
  Batch 1460/8324, Loss: 4.7393
  Batch 1470/8324, Loss: 4.1740
  Batch 1480/8324, Loss: 4.6366
  Batch 1490/8324, Loss: 4.1892
  Batch 1500/8324, Loss: 3.5503
  Batch 1510/8324, Loss: 4.0316
  Batch 1520/8324, Loss: 4.4255
  Batch 1530/8324, Loss: 3.8977
  Batch 1540/8324, Loss: 3.7702
  Batch 1550/8324, Loss: 4.3321
  Batch 1560/8324, Loss: 3.5056
  Batch 1570/8324, Loss: 4.6018
  Batch 1580/8324, Loss: 4.0622
  Batch 1590/8324, Loss: 4.2893
  Batch 1600/8324, Loss: 4.2923
  Batch 1610/8324, Loss: 4.0843
  Batch 1620/8324, Loss: 4.0452
  Batch 1630/8324, Loss: 4.5333
  Batch 1640/8324, Loss: 4.1617
  Batch 1650/8324, Loss: 4.7212
  Batch 1660/8324, Loss: 4.3166
  Batch 1670/8324, Loss: 4.4026
  Batch 1680/8324, Loss: 4.5663
  Batch 1690/8324, Loss: 4.0808
  Batch 1700/8324, Loss: 4.2525
  Batch 1710/8324, Loss: 4.6188
  Batch 1720/8324, Loss: 3.8860
  Batch 1730/8324, Loss: 3.9848
  Batch 1740/8324, Loss: 4.1812
  Batch 1750/8324, Loss: 3.7619
  Batch 1760/8324, Loss: 4.0223
  Batch 1770/8324, Loss: 4.2091
  Batch 1780/8324, Loss: 4.4940
  Batch 1790/8324, Loss: 4.2819
  Batch 1800/8324, Loss: 4.4046
  Batch 1810/8324, Loss: 4.2919
  Batch 1820/8324, Loss: 3.9660
  Batch 1830/8324, Loss: 4.6833
  Batch 1840/8324, Loss: 4.4550
  Batch 1850/8324, Loss: 3.5340
  Batch 1860/8324, Loss: 4.1959
  Batch 1870/8324, Loss: 4.3941
  Batch 1880/8324, Loss: 4.4024
  Batch 1890/8324, Loss: 4.1645
  Batch 1900/8324, Loss: 4.5008
  Batch 1910/8324, Loss: 4.8793
  Batch 1920/8324, Loss: 4.5461
  Batch 1930/8324, Loss: 3.5806
  Batch 1940/8324, Loss: 3.8902
  Batch 1950/8324, Loss: 4.3636
  Batch 1960/8324, Loss: 4.1695
  Batch 1970/8324, Loss: 4.0332
  Batch 1980/8324, Loss: 4.8370
  Batch 1990/8324, Loss: 4.4776
  Batch 2000/8324, Loss: 3.8990
  Batch 2010/8324, Loss: 4.3296
  Batch 2020/8324, Loss: 4.0348
  Batch 2030/8324, Loss: 4.5745
  Batch 2040/8324, Loss: 4.5529
  Batch 2050/8324, Loss: 4.4608
  Batch 2060/8324, Loss: 4.4522
  Batch 2070/8324, Loss: 4.1422
  Batch 2080/8324, Loss: 4.4274
  Batch 2090/8324, Loss: 4.2425
  Batch 2100/8324, Loss: 4.4221
  Batch 2110/8324, Loss: 4.3766
  Batch 2120/8324, Loss: 4.7672
  Batch 2130/8324, Loss: 4.0945
  Batch 2140/8324, Loss: 4.7976
  Batch 2150/8324, Loss: 4.6302
  Batch 2160/8324, Loss: 4.2580
  Batch 2170/8324, Loss: 4.3101
  Batch 2180/8324, Loss: 3.7791
  Batch 2190/8324, Loss: 4.0286
  Batch 2200/8324, Loss: 4.4077
  Batch 2210/8324, Loss: 3.9009
  Batch 2220/8324, Loss: 3.8617
  Batch 2230/8324, Loss: 4.6778
  Batch 2240/8324, Loss: 4.3495
  Batch 2250/8324, Loss: 4.6019
  Batch 2260/8324, Loss: 3.6080
  Batch 2270/8324, Loss: 4.4183
  Batch 2280/8324, Loss: 4.1283
  Batch 2290/8324, Loss: 4.1767
  Batch 2300/8324, Loss: 4.0623
  Batch 2310/8324, Loss: 4.0200
  Batch 2320/8324, Loss: 4.5126
  Batch 2330/8324, Loss: 4.3363
  Batch 2340/8324, Loss: 4.0681
  Batch 2350/8324, Loss: 4.3017
  Batch 2360/8324, Loss: 4.3435
  Batch 2370/8324, Loss: 3.7492
  Batch 2380/8324, Loss: 4.6459
  Batch 2390/8324, Loss: 4.0400
  Batch 2400/8324, Loss: 3.9130
  Batch 2410/8324, Loss: 4.0924
  Batch 2420/8324, Loss: 4.1918
  Batch 2430/8324, Loss: 3.1266
  Batch 2440/8324, Loss: 4.1808
  Batch 2450/8324, Loss: 4.0794
  Batch 2460/8324, Loss: 4.8142
  Batch 2470/8324, Loss: 5.0101
  Batch 2480/8324, Loss: 3.7758
  Batch 2490/8324, Loss: 3.9156
  Batch 2500/8324, Loss: 4.6925
  Batch 2510/8324, Loss: 4.3651
  Batch 2520/8324, Loss: 4.3565
  Batch 2530/8324, Loss: 4.3664
  Batch 2540/8324, Loss: 4.4814
  Batch 2550/8324, Loss: 4.7441
  Batch 2560/8324, Loss: 3.2868
  Batch 2570/8324, Loss: 3.9432
  Batch 2580/8324, Loss: 3.8729
  Batch 2590/8324, Loss: 3.9182
  Batch 2600/8324, Loss: 4.2253
  Batch 2610/8324, Loss: 4.4560
  Batch 2620/8324, Loss: 4.5466
  Batch 2630/8324, Loss: 4.1386
  Batch 2640/8324, Loss: 4.4939
  Batch 2650/8324, Loss: 4.1208
  Batch 2660/8324, Loss: 4.3023
  Batch 2670/8324, Loss: 4.2253
  Batch 2680/8324, Loss: 4.3967
  Batch 2690/8324, Loss: 3.9976
  Batch 2700/8324, Loss: 4.2270
  Batch 2710/8324, Loss: 3.6720
  Batch 2720/8324, Loss: 4.2862
  Batch 2730/8324, Loss: 4.3679
  Batch 2740/8324, Loss: 3.9735
  Batch 2750/8324, Loss: 3.8523
  Batch 2760/8324, Loss: 4.0476
  Batch 2770/8324, Loss: 4.0047
  Batch 2780/8324, Loss: 3.8470
  Batch 2790/8324, Loss: 4.5905
  Batch 2800/8324, Loss: 3.6508
  Batch 2810/8324, Loss: 4.7025
  Batch 2820/8324, Loss: 3.3450
  Batch 2830/8324, Loss: 4.3182
  Batch 2840/8324, Loss: 3.9228
  Batch 2850/8324, Loss: 4.2801
  Batch 2860/8324, Loss: 3.3946
  Batch 2870/8324, Loss: 4.2322
  Batch 2880/8324, Loss: 4.1370
  Batch 2890/8324, Loss: 3.8987
  Batch 2900/8324, Loss: 4.2295
  Batch 2910/8324, Loss: 4.5547
  Batch 2920/8324, Loss: 4.7027
  Batch 2930/8324, Loss: 4.3107
  Batch 2940/8324, Loss: 3.9969
  Batch 2950/8324, Loss: 4.1794
  Batch 2960/8324, Loss: 4.0283
  Batch 2970/8324, Loss: 4.5025
  Batch 2980/8324, Loss: 4.4421
  Batch 2990/8324, Loss: 4.0057
  Batch 3000/8324, Loss: 4.4179
  Batch 3010/8324, Loss: 4.0882
  Batch 3020/8324, Loss: 4.0367
  Batch 3030/8324, Loss: 3.9280
  Batch 3040/8324, Loss: 4.3484
  Batch 3050/8324, Loss: 4.2485
  Batch 3060/8324, Loss: 3.8400
  Batch 3070/8324, Loss: 4.0598
  Batch 3080/8324, Loss: 4.2763
  Batch 3090/8324, Loss: 4.3267
  Batch 3100/8324, Loss: 4.5564
  Batch 3110/8324, Loss: 4.1499
  Batch 3120/8324, Loss: 3.9619
  Batch 3130/8324, Loss: 3.6721
  Batch 3140/8324, Loss: 4.4501
  Batch 3150/8324, Loss: 4.2745
  Batch 3160/8324, Loss: 4.4068
  Batch 3170/8324, Loss: 3.9983
  Batch 3180/8324, Loss: 4.5727
  Batch 3190/8324, Loss: 4.4540
  Batch 3200/8324, Loss: 4.2221
  Batch 3210/8324, Loss: 4.4665
  Batch 3220/8324, Loss: 4.5020
  Batch 3230/8324, Loss: 5.0782
  Batch 3240/8324, Loss: 3.4353
  Batch 3250/8324, Loss: 4.7322
  Batch 3260/8324, Loss: 3.8153
  Batch 3270/8324, Loss: 4.2169
  Batch 3280/8324, Loss: 3.7519
  Batch 3290/8324, Loss: 4.4276
  Batch 3300/8324, Loss: 4.2423
  Batch 3310/8324, Loss: 4.3577
  Batch 3320/8324, Loss: 4.7615
  Batch 3330/8324, Loss: 3.6504
  Batch 3340/8324, Loss: 4.0934
  Batch 3350/8324, Loss: 4.4067
  Batch 3360/8324, Loss: 3.7393
  Batch 3370/8324, Loss: 4.1439
  Batch 3380/8324, Loss: 4.1548
  Batch 3390/8324, Loss: 3.7988
  Batch 3400/8324, Loss: 4.3914
  Batch 3410/8324, Loss: 4.4339
  Batch 3420/8324, Loss: 4.4626
  Batch 3430/8324, Loss: 4.4185
  Batch 3440/8324, Loss: 4.2334
  Batch 3450/8324, Loss: 4.1526
  Batch 3460/8324, Loss: 3.9930
  Batch 3470/8324, Loss: 4.7523
  Batch 3480/8324, Loss: 4.1989
  Batch 3490/8324, Loss: 4.1078
  Batch 3500/8324, Loss: 4.4715
  Batch 3510/8324, Loss: 4.4072
  Batch 3520/8324, Loss: 4.3988
  Batch 3530/8324, Loss: 3.9287
  Batch 3540/8324, Loss: 4.1167
  Batch 3550/8324, Loss: 4.2211
  Batch 3560/8324, Loss: 4.5876
  Batch 3570/8324, Loss: 3.5436
  Batch 3580/8324, Loss: 3.7032
  Batch 3590/8324, Loss: 4.3087
  Batch 3600/8324, Loss: 4.3553
  Batch 3610/8324, Loss: 4.0079
  Batch 3620/8324, Loss: 4.0993
  Batch 3630/8324, Loss: 4.3415
  Batch 3640/8324, Loss: 3.8752
  Batch 3650/8324, Loss: 4.7101
  Batch 3660/8324, Loss: 3.8647
  Batch 3670/8324, Loss: 4.1089
  Batch 3680/8324, Loss: 4.5315
  Batch 3690/8324, Loss: 4.6679
  Batch 3700/8324, Loss: 4.1279
  Batch 3710/8324, Loss: 4.8162
  Batch 3720/8324, Loss: 3.8737
  Batch 3730/8324, Loss: 4.4905
  Batch 3740/8324, Loss: 4.8826
  Batch 3750/8324, Loss: 4.2713
  Batch 3760/8324, Loss: 4.3607
  Batch 3770/8324, Loss: 4.4687
  Batch 3780/8324, Loss: 4.8086
  Batch 3790/8324, Loss: 4.1422
  Batch 3800/8324, Loss: 4.1385
  Batch 3810/8324, Loss: 3.6594
  Batch 3820/8324, Loss: 3.8230
  Batch 3830/8324, Loss: 4.2417
  Batch 3840/8324, Loss: 4.4940
  Batch 3850/8324, Loss: 4.1274
  Batch 3860/8324, Loss: 4.7370
  Batch 3870/8324, Loss: 4.6115
  Batch 3880/8324, Loss: 4.2866
  Batch 3890/8324, Loss: 4.4182
  Batch 3900/8324, Loss: 4.1546
  Batch 3910/8324, Loss: 4.2107
  Batch 3920/8324, Loss: 4.9675
  Batch 3930/8324, Loss: 4.0200
  Batch 3940/8324, Loss: 4.4401
  Batch 3950/8324, Loss: 3.4686
  Batch 3960/8324, Loss: 3.9188
  Batch 3970/8324, Loss: 3.8077
  Batch 3980/8324, Loss: 4.2873
  Batch 3990/8324, Loss: 4.0703
  Batch 4000/8324, Loss: 3.3752
  Batch 4010/8324, Loss: 4.0751
  Batch 4020/8324, Loss: 3.9736
  Batch 4030/8324, Loss: 4.2825
  Batch 4040/8324, Loss: 3.2800
  Batch 4050/8324, Loss: 4.6639
  Batch 4060/8324, Loss: 3.6885
  Batch 4070/8324, Loss: 3.7325
  Batch 4080/8324, Loss: 4.3811
  Batch 4090/8324, Loss: 3.5703
  Batch 4100/8324, Loss: 4.0235
  Batch 4110/8324, Loss: 4.4273
  Batch 4120/8324, Loss: 4.2910
  Batch 4130/8324, Loss: 3.5275
  Batch 4140/8324, Loss: 3.3336
  Batch 4150/8324, Loss: 4.0948
  Batch 4160/8324, Loss: 4.2369
  Batch 4170/8324, Loss: 4.1215
  Batch 4180/8324, Loss: 4.5867
  Batch 4190/8324, Loss: 4.0502
  Batch 4200/8324, Loss: 4.6907
  Batch 4210/8324, Loss: 4.4940
  Batch 4220/8324, Loss: 4.6287
  Batch 4230/8324, Loss: 3.7226
  Batch 4240/8324, Loss: 4.1844
  Batch 4250/8324, Loss: 4.7730
  Batch 4260/8324, Loss: 4.1792
  Batch 4270/8324, Loss: 4.2351
  Batch 4280/8324, Loss: 4.1324
  Batch 4290/8324, Loss: 4.6524
  Batch 4300/8324, Loss: 4.2949
  Batch 4310/8324, Loss: 4.1362
  Batch 4320/8324, Loss: 4.1378
  Batch 4330/8324, Loss: 4.4846
  Batch 4340/8324, Loss: 4.1494
  Batch 4350/8324, Loss: 4.5576
  Batch 4360/8324, Loss: 4.6818
  Batch 4370/8324, Loss: 4.2644
  Batch 4380/8324, Loss: 4.3739
  Batch 4390/8324, Loss: 3.9578
  Batch 4400/8324, Loss: 4.4805
  Batch 4410/8324, Loss: 4.2771
  Batch 4420/8324, Loss: 3.9186
  Batch 4430/8324, Loss: 4.1201
  Batch 4440/8324, Loss: 4.3733
  Batch 4450/8324, Loss: 4.0443
  Batch 4460/8324, Loss: 4.4142
  Batch 4470/8324, Loss: 4.8438
  Batch 4480/8324, Loss: 4.2627
  Batch 4490/8324, Loss: 4.0603
  Batch 4500/8324, Loss: 4.4242
  Batch 4510/8324, Loss: 3.9465
  Batch 4520/8324, Loss: 4.3023
  Batch 4530/8324, Loss: 3.3222
  Batch 4540/8324, Loss: 4.2026
  Batch 4550/8324, Loss: 4.2315
  Batch 4560/8324, Loss: 4.0345
  Batch 4570/8324, Loss: 4.4485
  Batch 4580/8324, Loss: 4.1105
  Batch 4590/8324, Loss: 4.3867
  Batch 4600/8324, Loss: 4.8365
  Batch 4610/8324, Loss: 3.8145
  Batch 4620/8324, Loss: 4.3231
  Batch 4630/8324, Loss: 3.9817
  Batch 4640/8324, Loss: 3.9684
  Batch 4650/8324, Loss: 4.4956
  Batch 4660/8324, Loss: 4.0639
  Batch 4670/8324, Loss: 4.2239
  Batch 4680/8324, Loss: 4.6718
  Batch 4690/8324, Loss: 3.7041
  Batch 4700/8324, Loss: 4.4300
  Batch 4710/8324, Loss: 4.3546
  Batch 4720/8324, Loss: 4.2480
  Batch 4730/8324, Loss: 3.3979
  Batch 4740/8324, Loss: 4.4041
  Batch 4750/8324, Loss: 4.1838
  Batch 4760/8324, Loss: 4.5367
  Batch 4770/8324, Loss: 3.5345
  Batch 4780/8324, Loss: 4.7322
  Batch 4790/8324, Loss: 4.0008
  Batch 4800/8324, Loss: 3.8140
  Batch 4810/8324, Loss: 4.6461
  Batch 4820/8324, Loss: 4.2937
  Batch 4830/8324, Loss: 4.3394
  Batch 4840/8324, Loss: 3.9650
  Batch 4850/8324, Loss: 4.2221
  Batch 4860/8324, Loss: 4.2403
  Batch 4870/8324, Loss: 3.8628
  Batch 4880/8324, Loss: 4.2444
  Batch 4890/8324, Loss: 4.3636
  Batch 4900/8324, Loss: 4.9903
  Batch 4910/8324, Loss: 3.6549
  Batch 4920/8324, Loss: 4.1732
  Batch 4930/8324, Loss: 3.6439
  Batch 4940/8324, Loss: 4.5213
  Batch 4950/8324, Loss: 4.5593
  Batch 4960/8324, Loss: 4.4764
  Batch 4970/8324, Loss: 3.2745
  Batch 4980/8324, Loss: 4.6591
  Batch 4990/8324, Loss: 3.7684
  Batch 5000/8324, Loss: 4.7400
  Batch 5010/8324, Loss: 4.2240
  Batch 5020/8324, Loss: 4.5669
  Batch 5030/8324, Loss: 4.0620
  Batch 5040/8324, Loss: 3.7182
  Batch 5050/8324, Loss: 4.1551
  Batch 5060/8324, Loss: 4.3856
  Batch 5070/8324, Loss: 4.0367
  Batch 5080/8324, Loss: 3.7963
  Batch 5090/8324, Loss: 4.4988
  Batch 5100/8324, Loss: 3.9654
  Batch 5110/8324, Loss: 3.9638
  Batch 5120/8324, Loss: 3.6852
  Batch 5130/8324, Loss: 4.2011
  Batch 5140/8324, Loss: 4.0868
  Batch 5150/8324, Loss: 4.5718
  Batch 5160/8324, Loss: 4.6135
  Batch 5170/8324, Loss: 4.5931
  Batch 5180/8324, Loss: 3.9607
  Batch 5190/8324, Loss: 4.4721
  Batch 5200/8324, Loss: 3.4032
  Batch 5210/8324, Loss: 4.1282
  Batch 5220/8324, Loss: 4.3365
  Batch 5230/8324, Loss: 3.9336
  Batch 5240/8324, Loss: 4.0989
  Batch 5250/8324, Loss: 4.6058
  Batch 5260/8324, Loss: 4.4017
  Batch 5270/8324, Loss: 3.8288
  Batch 5280/8324, Loss: 4.0391
  Batch 5290/8324, Loss: 4.8421
  Batch 5300/8324, Loss: 4.0084
  Batch 5310/8324, Loss: 4.5097
  Batch 5320/8324, Loss: 4.6262
  Batch 5330/8324, Loss: 4.6044
  Batch 5340/8324, Loss: 4.1761
  Batch 5350/8324, Loss: 3.7423
  Batch 5360/8324, Loss: 3.3952
  Batch 5370/8324, Loss: 3.8239
  Batch 5380/8324, Loss: 4.0323
  Batch 5390/8324, Loss: 4.6011
  Batch 5400/8324, Loss: 4.4569
  Batch 5410/8324, Loss: 3.9253
  Batch 5420/8324, Loss: 4.4644
  Batch 5430/8324, Loss: 4.9329
  Batch 5440/8324, Loss: 4.4002
  Batch 5450/8324, Loss: 4.4838
  Batch 5460/8324, Loss: 4.9168
  Batch 5470/8324, Loss: 4.5527
  Batch 5480/8324, Loss: 4.6223
  Batch 5490/8324, Loss: 4.4412
  Batch 5500/8324, Loss: 4.1788
  Batch 5510/8324, Loss: 4.3435
  Batch 5520/8324, Loss: 4.3856
  Batch 5530/8324, Loss: 3.6396
  Batch 5540/8324, Loss: 4.6043
  Batch 5550/8324, Loss: 4.4383
  Batch 5560/8324, Loss: 4.6479
  Batch 5570/8324, Loss: 4.0019
  Batch 5580/8324, Loss: 4.4607
  Batch 5590/8324, Loss: 4.6679
  Batch 5600/8324, Loss: 4.2347
  Batch 5610/8324, Loss: 3.7540
  Batch 5620/8324, Loss: 4.1617
  Batch 5630/8324, Loss: 4.5870
  Batch 5640/8324, Loss: 3.6123
  Batch 5650/8324, Loss: 4.1846
  Batch 5660/8324, Loss: 3.8424
  Batch 5670/8324, Loss: 4.6900
  Batch 5680/8324, Loss: 3.9094
  Batch 5690/8324, Loss: 4.5593
  Batch 5700/8324, Loss: 4.6703
  Batch 5710/8324, Loss: 3.8282
  Batch 5720/8324, Loss: 3.8517
  Batch 5730/8324, Loss: 3.9186
  Batch 5740/8324, Loss: 3.8403
  Batch 5750/8324, Loss: 4.3037
  Batch 5760/8324, Loss: 4.2997
  Batch 5770/8324, Loss: 4.2907
  Batch 5780/8324, Loss: 4.1821
  Batch 5790/8324, Loss: 4.7654
  Batch 5800/8324, Loss: 4.3312
  Batch 5810/8324, Loss: 4.1549
  Batch 5820/8324, Loss: 4.2013
  Batch 5830/8324, Loss: 4.2648
  Batch 5840/8324, Loss: 4.1917
  Batch 5850/8324, Loss: 4.2499
  Batch 5860/8324, Loss: 3.7291
  Batch 5870/8324, Loss: 4.2593
  Batch 5880/8324, Loss: 4.5672
  Batch 5890/8324, Loss: 4.1763
  Batch 5900/8324, Loss: 4.8449
  Batch 5910/8324, Loss: 4.3348
  Batch 5920/8324, Loss: 4.4158
  Batch 5930/8324, Loss: 4.2742
  Batch 5940/8324, Loss: 4.2551
  Batch 5950/8324, Loss: 4.3843
  Batch 5960/8324, Loss: 4.8138
  Batch 5970/8324, Loss: 4.2248
  Batch 5980/8324, Loss: 4.4639
  Batch 5990/8324, Loss: 4.4102
  Batch 6000/8324, Loss: 3.9174
  Batch 6010/8324, Loss: 4.3876
  Batch 6020/8324, Loss: 4.6233
  Batch 6030/8324, Loss: 4.7365
  Batch 6040/8324, Loss: 3.8547
  Batch 6050/8324, Loss: 4.6340
  Batch 6060/8324, Loss: 3.7812
  Batch 6070/8324, Loss: 3.8561
  Batch 6080/8324, Loss: 4.4430
  Batch 6090/8324, Loss: 3.9903
  Batch 6100/8324, Loss: 4.6012
  Batch 6110/8324, Loss: 4.0095
  Batch 6120/8324, Loss: 4.8215
  Batch 6130/8324, Loss: 4.3824
  Batch 6140/8324, Loss: 4.4785
  Batch 6150/8324, Loss: 4.3806
  Batch 6160/8324, Loss: 4.1879
  Batch 6170/8324, Loss: 3.9768
  Batch 6180/8324, Loss: 4.7271
  Batch 6190/8324, Loss: 4.0322
  Batch 6200/8324, Loss: 4.1418
  Batch 6210/8324, Loss: 4.5130
  Batch 6220/8324, Loss: 4.3360
  Batch 6230/8324, Loss: 4.3036
  Batch 6240/8324, Loss: 4.1557
  Batch 6250/8324, Loss: 4.0948
  Batch 6260/8324, Loss: 4.0938
  Batch 6270/8324, Loss: 4.1777
  Batch 6280/8324, Loss: 4.3761
  Batch 6290/8324, Loss: 4.1864
  Batch 6300/8324, Loss: 4.1958
  Batch 6310/8324, Loss: 4.4270
  Batch 6320/8324, Loss: 4.9131
  Batch 6330/8324, Loss: 4.1413
  Batch 6340/8324, Loss: 4.1529
  Batch 6350/8324, Loss: 4.5689
  Batch 6360/8324, Loss: 3.8972
  Batch 6370/8324, Loss: 3.5592
  Batch 6380/8324, Loss: 4.4096
  Batch 6390/8324, Loss: 4.0889
  Batch 6400/8324, Loss: 4.4694
  Batch 6410/8324, Loss: 3.8655
  Batch 6420/8324, Loss: 4.2826
  Batch 6430/8324, Loss: 4.3796
  Batch 6440/8324, Loss: 4.9908
  Batch 6450/8324, Loss: 3.8317
  Batch 6460/8324, Loss: 4.3441
  Batch 6470/8324, Loss: 4.3452
  Batch 6480/8324, Loss: 3.9095
  Batch 6490/8324, Loss: 4.2241
  Batch 6500/8324, Loss: 4.6598
  Batch 6510/8324, Loss: 4.3123
  Batch 6520/8324, Loss: 4.4508
  Batch 6530/8324, Loss: 3.8318
  Batch 6540/8324, Loss: 4.1940
  Batch 6550/8324, Loss: 4.1564
  Batch 6560/8324, Loss: 3.9278
  Batch 6570/8324, Loss: 3.8927
  Batch 6580/8324, Loss: 4.7573
  Batch 6590/8324, Loss: 4.3024
  Batch 6600/8324, Loss: 4.2983
  Batch 6610/8324, Loss: 4.5011
  Batch 6620/8324, Loss: 4.5996
  Batch 6630/8324, Loss: 4.2790
  Batch 6640/8324, Loss: 4.1386
  Batch 6650/8324, Loss: 4.3350
  Batch 6660/8324, Loss: 4.2977
  Batch 6670/8324, Loss: 4.6019
  Batch 6680/8324, Loss: 4.3489
  Batch 6690/8324, Loss: 4.3685
  Batch 6700/8324, Loss: 4.2662
  Batch 6710/8324, Loss: 4.1000
  Batch 6720/8324, Loss: 4.6526
  Batch 6730/8324, Loss: 4.3750
  Batch 6740/8324, Loss: 4.2966
  Batch 6750/8324, Loss: 4.0871
  Batch 6760/8324, Loss: 4.4645
  Batch 6770/8324, Loss: 4.0851
  Batch 6780/8324, Loss: 4.6462
  Batch 6790/8324, Loss: 3.8114
  Batch 6800/8324, Loss: 4.0681
  Batch 6810/8324, Loss: 3.6118
  Batch 6820/8324, Loss: 3.9330
  Batch 6830/8324, Loss: 4.6355
  Batch 6840/8324, Loss: 4.4089
  Batch 6850/8324, Loss: 4.3505
  Batch 6860/8324, Loss: 4.2559
  Batch 6870/8324, Loss: 4.2743
  Batch 6880/8324, Loss: 4.3681
  Batch 6890/8324, Loss: 4.6811
  Batch 6900/8324, Loss: 4.6188
  Batch 6910/8324, Loss: 4.4884
  Batch 6920/8324, Loss: 4.3553
  Batch 6930/8324, Loss: 3.9319
  Batch 6940/8324, Loss: 3.9346
  Batch 6950/8324, Loss: 5.1616
  Batch 6960/8324, Loss: 4.5635
  Batch 6970/8324, Loss: 4.1130
  Batch 6980/8324, Loss: 4.4856
  Batch 6990/8324, Loss: 4.6138
  Batch 7000/8324, Loss: 3.9329
  Batch 7010/8324, Loss: 4.1191
  Batch 7020/8324, Loss: 4.9347
  Batch 7030/8324, Loss: 4.4224
  Batch 7040/8324, Loss: 4.3085
  Batch 7050/8324, Loss: 3.9794
  Batch 7060/8324, Loss: 3.9870
  Batch 7070/8324, Loss: 4.2035
  Batch 7080/8324, Loss: 4.5247
  Batch 7090/8324, Loss: 3.6150
  Batch 7100/8324, Loss: 4.6676
  Batch 7110/8324, Loss: 4.1230
  Batch 7120/8324, Loss: 4.1439
  Batch 7130/8324, Loss: 4.0365
  Batch 7140/8324, Loss: 4.7051
  Batch 7150/8324, Loss: 4.5569
  Batch 7160/8324, Loss: 3.7354
  Batch 7170/8324, Loss: 4.0910
  Batch 7180/8324, Loss: 4.1547
  Batch 7190/8324, Loss: 4.1875
  Batch 7200/8324, Loss: 3.8763
  Batch 7210/8324, Loss: 4.5336
  Batch 7220/8324, Loss: 4.1156
  Batch 7230/8324, Loss: 4.3776
  Batch 7240/8324, Loss: 4.6114
  Batch 7250/8324, Loss: 4.2403
  Batch 7260/8324, Loss: 4.3205
  Batch 7270/8324, Loss: 3.9510
  Batch 7280/8324, Loss: 4.2570
  Batch 7290/8324, Loss: 3.8342
  Batch 7300/8324, Loss: 4.3189
  Batch 7310/8324, Loss: 4.0300
  Batch 7320/8324, Loss: 4.2400
  Batch 7330/8324, Loss: 4.1216
  Batch 7340/8324, Loss: 4.2287
  Batch 7350/8324, Loss: 4.4712
  Batch 7360/8324, Loss: 4.1083
  Batch 7370/8324, Loss: 4.2734
  Batch 7380/8324, Loss: 3.6225
  Batch 7390/8324, Loss: 4.8099
  Batch 7400/8324, Loss: 4.5139
  Batch 7410/8324, Loss: 4.1862
  Batch 7420/8324, Loss: 4.3082
  Batch 7430/8324, Loss: 3.7194
  Batch 7440/8324, Loss: 4.4318
  Batch 7450/8324, Loss: 3.8464
  Batch 7460/8324, Loss: 4.2050
  Batch 7470/8324, Loss: 4.2932
  Batch 7480/8324, Loss: 4.6123
  Batch 7490/8324, Loss: 3.6902
  Batch 7500/8324, Loss: 3.9537
  Batch 7510/8324, Loss: 3.7357
  Batch 7520/8324, Loss: 4.0081
  Batch 7530/8324, Loss: 4.6609
  Batch 7540/8324, Loss: 4.2533
  Batch 7550/8324, Loss: 3.7668
  Batch 7560/8324, Loss: 4.1912
  Batch 7570/8324, Loss: 4.3876
  Batch 7580/8324, Loss: 4.0730
  Batch 7590/8324, Loss: 4.6499
  Batch 7600/8324, Loss: 4.3264
  Batch 7610/8324, Loss: 4.1264
  Batch 7620/8324, Loss: 4.5154
  Batch 7630/8324, Loss: 4.2115
  Batch 7640/8324, Loss: 4.5770
  Batch 7650/8324, Loss: 3.4686
  Batch 7660/8324, Loss: 4.2211
  Batch 7670/8324, Loss: 3.6984
  Batch 7680/8324, Loss: 4.2483
  Batch 7690/8324, Loss: 3.8984
  Batch 7700/8324, Loss: 3.6251
  Batch 7710/8324, Loss: 4.7306
  Batch 7720/8324, Loss: 4.3161
  Batch 7730/8324, Loss: 4.5048
  Batch 7740/8324, Loss: 4.2496
  Batch 7750/8324, Loss: 4.0584
  Batch 7760/8324, Loss: 4.3124
  Batch 7770/8324, Loss: 4.7185
  Batch 7780/8324, Loss: 4.6599
  Batch 7790/8324, Loss: 4.3295
  Batch 7800/8324, Loss: 4.5581
  Batch 7810/8324, Loss: 4.3267
  Batch 7820/8324, Loss: 4.3206
  Batch 7830/8324, Loss: 4.2550
  Batch 7840/8324, Loss: 3.9189
  Batch 7850/8324, Loss: 3.9234
  Batch 7860/8324, Loss: 4.0849
  Batch 7870/8324, Loss: 3.8557
  Batch 7880/8324, Loss: 4.6351
  Batch 7890/8324, Loss: 4.1103
  Batch 7900/8324, Loss: 4.7958
  Batch 7910/8324, Loss: 3.9724
  Batch 7920/8324, Loss: 3.2990
  Batch 7930/8324, Loss: 3.9298
  Batch 7940/8324, Loss: 4.0416
  Batch 7950/8324, Loss: 4.8320
  Batch 7960/8324, Loss: 4.2528
  Batch 7970/8324, Loss: 4.2997
  Batch 7980/8324, Loss: 3.6977
  Batch 7990/8324, Loss: 4.5195
  Batch 8000/8324, Loss: 4.4857
  Batch 8010/8324, Loss: 4.3748
  Batch 8020/8324, Loss: 3.6048
  Batch 8030/8324, Loss: 4.4553
  Batch 8040/8324, Loss: 4.0285
  Batch 8050/8324, Loss: 4.0630
  Batch 8060/8324, Loss: 4.7708
  Batch 8070/8324, Loss: 4.0699
  Batch 8080/8324, Loss: 3.7662
  Batch 8090/8324, Loss: 4.7919
  Batch 8100/8324, Loss: 4.3981
  Batch 8110/8324, Loss: 4.4341
  Batch 8120/8324, Loss: 4.4501
  Batch 8130/8324, Loss: 4.4993
  Batch 8140/8324, Loss: 4.2445
  Batch 8150/8324, Loss: 4.1595
  Batch 8160/8324, Loss: 4.0129
  Batch 8170/8324, Loss: 4.1182
  Batch 8180/8324, Loss: 4.2624
  Batch 8190/8324, Loss: 3.9550
  Batch 8200/8324, Loss: 3.9525
  Batch 8210/8324, Loss: 4.3142
  Batch 8220/8324, Loss: 4.2838
  Batch 8230/8324, Loss: 3.6978
  Batch 8240/8324, Loss: 3.5088
  Batch 8250/8324, Loss: 4.1973
  Batch 8260/8324, Loss: 4.2678
  Batch 8270/8324, Loss: 4.7414
  Batch 8280/8324, Loss: 4.3768
  Batch 8290/8324, Loss: 4.0934
  Batch 8300/8324, Loss: 4.5095
  Batch 8310/8324, Loss: 4.0104
  Batch 8320/8324, Loss: 4.5050

  Train Loss: 4.2435
  Val Loss: 6.7576
  Time: 26m 37s

Epoch 19/20
----------------------------------------
  Batch 10/8324, Loss: 4.4899
  Batch 20/8324, Loss: 3.8959
  Batch 30/8324, Loss: 3.6439
  Batch 40/8324, Loss: 4.3343
  Batch 50/8324, Loss: 4.5365
  Batch 60/8324, Loss: 4.3805
  Batch 70/8324, Loss: 4.6807
  Batch 80/8324, Loss: 4.3704
  Batch 90/8324, Loss: 3.7784
  Batch 100/8324, Loss: 4.2240
  Batch 110/8324, Loss: 3.9945
  Batch 120/8324, Loss: 3.9105
  Batch 130/8324, Loss: 4.4679
  Batch 140/8324, Loss: 4.3092
  Batch 150/8324, Loss: 4.0486
  Batch 160/8324, Loss: 3.6452
  Batch 170/8324, Loss: 3.5751
  Batch 180/8324, Loss: 4.2107
  Batch 190/8324, Loss: 4.0079
  Batch 200/8324, Loss: 3.9619
  Batch 210/8324, Loss: 4.1019
  Batch 220/8324, Loss: 3.6431
  Batch 230/8324, Loss: 4.4797
  Batch 240/8324, Loss: 4.3947
  Batch 250/8324, Loss: 3.9385
  Batch 260/8324, Loss: 4.5411
  Batch 270/8324, Loss: 3.6729
  Batch 280/8324, Loss: 4.6179
  Batch 290/8324, Loss: 4.3721
  Batch 300/8324, Loss: 4.2082
  Batch 310/8324, Loss: 4.6634
  Batch 320/8324, Loss: 4.5199
  Batch 330/8324, Loss: 4.2622
  Batch 340/8324, Loss: 4.3799
  Batch 350/8324, Loss: 4.3043
  Batch 360/8324, Loss: 4.3216
  Batch 370/8324, Loss: 3.6973
  Batch 380/8324, Loss: 4.0210
  Batch 390/8324, Loss: 4.2939
  Batch 400/8324, Loss: 4.5616
  Batch 410/8324, Loss: 4.1081
  Batch 420/8324, Loss: 4.4681
  Batch 430/8324, Loss: 3.6595
  Batch 440/8324, Loss: 4.4963
  Batch 450/8324, Loss: 4.0537
  Batch 460/8324, Loss: 4.4052
  Batch 470/8324, Loss: 4.3618
  Batch 480/8324, Loss: 4.0767
  Batch 490/8324, Loss: 4.3973
  Batch 500/8324, Loss: 4.0349
  Batch 510/8324, Loss: 4.6468
  Batch 520/8324, Loss: 4.0830
  Batch 530/8324, Loss: 3.5245
  Batch 540/8324, Loss: 4.2632
  Batch 550/8324, Loss: 3.8638
  Batch 560/8324, Loss: 4.1594
  Batch 570/8324, Loss: 4.2824
  Batch 580/8324, Loss: 4.1066
  Batch 590/8324, Loss: 4.5701
  Batch 600/8324, Loss: 4.5982
  Batch 610/8324, Loss: 4.2516
  Batch 620/8324, Loss: 3.7737
  Batch 630/8324, Loss: 4.2987
  Batch 640/8324, Loss: 3.9746
  Batch 650/8324, Loss: 4.1560
  Batch 660/8324, Loss: 4.0164
  Batch 670/8324, Loss: 4.2736
  Batch 680/8324, Loss: 3.7285
  Batch 690/8324, Loss: 3.8948
  Batch 700/8324, Loss: 4.7093
  Batch 710/8324, Loss: 3.9718
  Batch 720/8324, Loss: 4.2394
  Batch 730/8324, Loss: 4.1496
  Batch 740/8324, Loss: 4.5783
  Batch 750/8324, Loss: 3.5141
  Batch 760/8324, Loss: 4.1322
  Batch 770/8324, Loss: 4.3533
  Batch 780/8324, Loss: 3.8545
  Batch 790/8324, Loss: 3.9046
  Batch 800/8324, Loss: 4.3648
  Batch 810/8324, Loss: 4.4284
  Batch 820/8324, Loss: 4.4909
  Batch 830/8324, Loss: 4.5230
  Batch 840/8324, Loss: 3.8863
  Batch 850/8324, Loss: 4.6591
  Batch 860/8324, Loss: 4.3231
  Batch 870/8324, Loss: 4.1067
  Batch 880/8324, Loss: 3.8815
  Batch 890/8324, Loss: 3.9171
  Batch 900/8324, Loss: 4.0357
  Batch 910/8324, Loss: 4.9210
  Batch 920/8324, Loss: 4.1927
  Batch 930/8324, Loss: 4.3016
  Batch 940/8324, Loss: 3.6581
  Batch 950/8324, Loss: 3.8686
  Batch 960/8324, Loss: 4.4598
  Batch 970/8324, Loss: 4.3062
  Batch 980/8324, Loss: 3.6282
  Batch 990/8324, Loss: 3.9185
  Batch 1000/8324, Loss: 3.8470
  Batch 1010/8324, Loss: 4.3279
  Batch 1020/8324, Loss: 4.1952
  Batch 1030/8324, Loss: 5.0122
  Batch 1040/8324, Loss: 4.2426
  Batch 1050/8324, Loss: 3.9533
  Batch 1060/8324, Loss: 3.8777
  Batch 1070/8324, Loss: 4.2632
  Batch 1080/8324, Loss: 3.3822
  Batch 1090/8324, Loss: 4.3187
  Batch 1100/8324, Loss: 3.1515
  Batch 1110/8324, Loss: 4.2383
  Batch 1120/8324, Loss: 4.4276
  Batch 1130/8324, Loss: 4.2872
  Batch 1140/8324, Loss: 4.0566
  Batch 1150/8324, Loss: 3.9750
  Batch 1160/8324, Loss: 4.6619
  Batch 1170/8324, Loss: 4.2570
  Batch 1180/8324, Loss: 4.0827
  Batch 1190/8324, Loss: 4.8685
  Batch 1200/8324, Loss: 4.3217
  Batch 1210/8324, Loss: 4.3287
  Batch 1220/8324, Loss: 4.1315
  Batch 1230/8324, Loss: 4.8536
  Batch 1240/8324, Loss: 4.1987
  Batch 1250/8324, Loss: 4.3810
  Batch 1260/8324, Loss: 4.6254
  Batch 1270/8324, Loss: 3.7328
  Batch 1280/8324, Loss: 4.9396
  Batch 1290/8324, Loss: 4.4139
  Batch 1300/8324, Loss: 4.1463
  Batch 1310/8324, Loss: 4.3134
  Batch 1320/8324, Loss: 4.2876
  Batch 1330/8324, Loss: 3.9792
  Batch 1340/8324, Loss: 4.3737
  Batch 1350/8324, Loss: 4.3757
  Batch 1360/8324, Loss: 4.3983
  Batch 1370/8324, Loss: 4.1009
  Batch 1380/8324, Loss: 4.1954
  Batch 1390/8324, Loss: 4.4362
  Batch 1400/8324, Loss: 4.7191
  Batch 1410/8324, Loss: 4.0666
  Batch 1420/8324, Loss: 4.1071
  Batch 1430/8324, Loss: 4.4379
  Batch 1440/8324, Loss: 4.1894
  Batch 1450/8324, Loss: 4.1452
  Batch 1460/8324, Loss: 4.1622
  Batch 1470/8324, Loss: 3.8051
  Batch 1480/8324, Loss: 3.9261
  Batch 1490/8324, Loss: 3.5877
  Batch 1500/8324, Loss: 4.1198
  Batch 1510/8324, Loss: 4.3886
  Batch 1520/8324, Loss: 4.0890
  Batch 1530/8324, Loss: 3.5870
  Batch 1540/8324, Loss: 4.1294
  Batch 1550/8324, Loss: 4.1810
  Batch 1560/8324, Loss: 3.9438
  Batch 1570/8324, Loss: 4.0476
  Batch 1580/8324, Loss: 4.1978
  Batch 1590/8324, Loss: 4.1645
  Batch 1600/8324, Loss: 4.5690
  Batch 1610/8324, Loss: 3.5955
  Batch 1620/8324, Loss: 4.4130
  Batch 1630/8324, Loss: 4.1367
  Batch 1640/8324, Loss: 3.1393
  Batch 1650/8324, Loss: 4.1844
  Batch 1660/8324, Loss: 4.1400
  Batch 1670/8324, Loss: 4.3044
  Batch 1680/8324, Loss: 4.3280
  Batch 1690/8324, Loss: 4.3795
  Batch 1700/8324, Loss: 4.2221
  Batch 1710/8324, Loss: 4.8620
  Batch 1720/8324, Loss: 3.8391
  Batch 1730/8324, Loss: 4.1779
  Batch 1740/8324, Loss: 3.8568
  Batch 1750/8324, Loss: 4.4297
  Batch 1760/8324, Loss: 4.4569
  Batch 1770/8324, Loss: 3.9778
  Batch 1780/8324, Loss: 3.9684
  Batch 1790/8324, Loss: 4.3682
  Batch 1800/8324, Loss: 4.2244
  Batch 1810/8324, Loss: 4.2863
  Batch 1820/8324, Loss: 4.5851
  Batch 1830/8324, Loss: 4.3202
  Batch 1840/8324, Loss: 4.3375
  Batch 1850/8324, Loss: 4.3531
  Batch 1860/8324, Loss: 4.3685
  Batch 1870/8324, Loss: 4.0890
  Batch 1880/8324, Loss: 4.5556
  Batch 1890/8324, Loss: 3.8665
  Batch 1900/8324, Loss: 4.0802
  Batch 1910/8324, Loss: 3.5673
  Batch 1920/8324, Loss: 3.6417
  Batch 1930/8324, Loss: 4.1334
  Batch 1940/8324, Loss: 4.5026
  Batch 1950/8324, Loss: 4.3793
  Batch 1960/8324, Loss: 3.6596
  Batch 1970/8324, Loss: 4.2785
  Batch 1980/8324, Loss: 3.7824
  Batch 1990/8324, Loss: 4.6259
  Batch 2000/8324, Loss: 3.8931
  Batch 2010/8324, Loss: 4.5591
  Batch 2020/8324, Loss: 4.1517
  Batch 2030/8324, Loss: 4.3657
  Batch 2040/8324, Loss: 3.4559
  Batch 2050/8324, Loss: 4.0040
  Batch 2060/8324, Loss: 4.0276
  Batch 2070/8324, Loss: 4.1234
  Batch 2080/8324, Loss: 4.2306
  Batch 2090/8324, Loss: 4.3715
  Batch 2100/8324, Loss: 3.6944
  Batch 2110/8324, Loss: 4.2179
  Batch 2120/8324, Loss: 4.3320
  Batch 2130/8324, Loss: 4.3115
  Batch 2140/8324, Loss: 3.9609
  Batch 2150/8324, Loss: 4.0326
  Batch 2160/8324, Loss: 4.0269
  Batch 2170/8324, Loss: 4.0478
  Batch 2180/8324, Loss: 4.2863
  Batch 2190/8324, Loss: 4.0944
  Batch 2200/8324, Loss: 4.2173
  Batch 2210/8324, Loss: 4.5888
  Batch 2220/8324, Loss: 4.8575
  Batch 2230/8324, Loss: 4.2471
  Batch 2240/8324, Loss: 4.2771
  Batch 2250/8324, Loss: 3.8293
  Batch 2260/8324, Loss: 3.8917
  Batch 2270/8324, Loss: 3.7641
  Batch 2280/8324, Loss: 4.3148
  Batch 2290/8324, Loss: 4.8246
  Batch 2300/8324, Loss: 4.1379
  Batch 2310/8324, Loss: 4.4682
  Batch 2320/8324, Loss: 3.9599
  Batch 2330/8324, Loss: 4.0819
  Batch 2340/8324, Loss: 4.1630
  Batch 2350/8324, Loss: 3.5397
  Batch 2360/8324, Loss: 4.5407
  Batch 2370/8324, Loss: 4.4086
  Batch 2380/8324, Loss: 4.4309
  Batch 2390/8324, Loss: 4.5939
  Batch 2400/8324, Loss: 4.1973
  Batch 2410/8324, Loss: 4.4210
  Batch 2420/8324, Loss: 4.2329
  Batch 2430/8324, Loss: 3.7967
  Batch 2440/8324, Loss: 4.2121
  Batch 2450/8324, Loss: 4.4871
  Batch 2460/8324, Loss: 4.3698
  Batch 2470/8324, Loss: 4.6114
  Batch 2480/8324, Loss: 4.7870
  Batch 2490/8324, Loss: 4.0699
  Batch 2500/8324, Loss: 4.2869
  Batch 2510/8324, Loss: 4.2778
  Batch 2520/8324, Loss: 4.8718
  Batch 2530/8324, Loss: 3.6819
  Batch 2540/8324, Loss: 5.3076
  Batch 2550/8324, Loss: 3.8297
  Batch 2560/8324, Loss: 4.1953
  Batch 2570/8324, Loss: 4.3047
  Batch 2580/8324, Loss: 4.2848
  Batch 2590/8324, Loss: 4.7504
  Batch 2600/8324, Loss: 4.2462
  Batch 2610/8324, Loss: 4.1679
  Batch 2620/8324, Loss: 4.2507
  Batch 2630/8324, Loss: 3.4955
  Batch 2640/8324, Loss: 4.3232
  Batch 2650/8324, Loss: 4.4982
  Batch 2660/8324, Loss: 3.9497
  Batch 2670/8324, Loss: 4.6286
  Batch 2680/8324, Loss: 4.2735
  Batch 2690/8324, Loss: 3.7184
  Batch 2700/8324, Loss: 3.8564
  Batch 2710/8324, Loss: 4.3560
  Batch 2720/8324, Loss: 4.3345
  Batch 2730/8324, Loss: 3.9127
  Batch 2740/8324, Loss: 3.7742
  Batch 2750/8324, Loss: 4.0557
  Batch 2760/8324, Loss: 3.9205
  Batch 2770/8324, Loss: 4.2011
  Batch 2780/8324, Loss: 4.1253
  Batch 2790/8324, Loss: 3.8918
  Batch 2800/8324, Loss: 4.1521
  Batch 2810/8324, Loss: 4.7721
  Batch 2820/8324, Loss: 4.3820
  Batch 2830/8324, Loss: 4.2051
  Batch 2840/8324, Loss: 4.0556
  Batch 2850/8324, Loss: 4.0276
  Batch 2860/8324, Loss: 4.1812
  Batch 2870/8324, Loss: 4.8444
  Batch 2880/8324, Loss: 4.0920
  Batch 2890/8324, Loss: 4.3207
  Batch 2900/8324, Loss: 4.4033
  Batch 2910/8324, Loss: 4.1593
  Batch 2920/8324, Loss: 4.5386
  Batch 2930/8324, Loss: 4.6742
  Batch 2940/8324, Loss: 3.7887
  Batch 2950/8324, Loss: 3.8598
  Batch 2960/8324, Loss: 4.2039
  Batch 2970/8324, Loss: 4.0044
  Batch 2980/8324, Loss: 4.5912
  Batch 2990/8324, Loss: 4.4965
  Batch 3000/8324, Loss: 4.4176
  Batch 3010/8324, Loss: 4.6788
  Batch 3020/8324, Loss: 4.3573
  Batch 3030/8324, Loss: 2.8890
  Batch 3040/8324, Loss: 3.6415
  Batch 3050/8324, Loss: 4.3639
  Batch 3060/8324, Loss: 3.3445
  Batch 3070/8324, Loss: 3.5640
  Batch 3080/8324, Loss: 4.3923
  Batch 3090/8324, Loss: 4.7256
  Batch 3100/8324, Loss: 4.5167
  Batch 3110/8324, Loss: 3.8249
  Batch 3120/8324, Loss: 3.6718
  Batch 3130/8324, Loss: 4.5946
  Batch 3140/8324, Loss: 4.8193
  Batch 3150/8324, Loss: 4.4920
  Batch 3160/8324, Loss: 4.6294
  Batch 3170/8324, Loss: 4.0208
  Batch 3180/8324, Loss: 4.6598
  Batch 3190/8324, Loss: 4.0494
  Batch 3200/8324, Loss: 4.4935
  Batch 3210/8324, Loss: 3.6139
  Batch 3220/8324, Loss: 4.8227
  Batch 3230/8324, Loss: 4.0668
  Batch 3240/8324, Loss: 4.0707
  Batch 3250/8324, Loss: 3.9578
  Batch 3260/8324, Loss: 3.8770
  Batch 3270/8324, Loss: 4.6099
  Batch 3280/8324, Loss: 4.7498
  Batch 3290/8324, Loss: 4.3434
  Batch 3300/8324, Loss: 4.7488
  Batch 3310/8324, Loss: 4.3159
  Batch 3320/8324, Loss: 3.5203
  Batch 3330/8324, Loss: 4.4640
  Batch 3340/8324, Loss: 4.0480
  Batch 3350/8324, Loss: 4.4190
  Batch 3360/8324, Loss: 3.9727
  Batch 3370/8324, Loss: 4.0637
  Batch 3380/8324, Loss: 4.0285
  Batch 3390/8324, Loss: 4.1416
  Batch 3400/8324, Loss: 4.4826
  Batch 3410/8324, Loss: 4.1876
  Batch 3420/8324, Loss: 4.0305
  Batch 3430/8324, Loss: 4.2833
  Batch 3440/8324, Loss: 4.3028
  Batch 3450/8324, Loss: 3.8858
  Batch 3460/8324, Loss: 4.0661
  Batch 3470/8324, Loss: 4.0290
  Batch 3480/8324, Loss: 4.2806
  Batch 3490/8324, Loss: 4.2184
  Batch 3500/8324, Loss: 4.2923
  Batch 3510/8324, Loss: 4.0136
  Batch 3520/8324, Loss: 4.5996
  Batch 3530/8324, Loss: 4.1824
  Batch 3540/8324, Loss: 4.1370
  Batch 3550/8324, Loss: 3.9103
  Batch 3560/8324, Loss: 4.6062
  Batch 3570/8324, Loss: 3.8468
  Batch 3580/8324, Loss: 4.3660
  Batch 3590/8324, Loss: 4.2490
  Batch 3600/8324, Loss: 4.1628
  Batch 3610/8324, Loss: 4.1990
  Batch 3620/8324, Loss: 4.1561
  Batch 3630/8324, Loss: 3.3536
  Batch 3640/8324, Loss: 4.4973
  Batch 3650/8324, Loss: 4.5898
  Batch 3660/8324, Loss: 3.9220
  Batch 3670/8324, Loss: 4.1538
  Batch 3680/8324, Loss: 4.3448
  Batch 3690/8324, Loss: 4.3699
  Batch 3700/8324, Loss: 4.1192
  Batch 3710/8324, Loss: 4.1243
  Batch 3720/8324, Loss: 4.1976
  Batch 3730/8324, Loss: 4.0314
  Batch 3740/8324, Loss: 4.4363
  Batch 3750/8324, Loss: 3.8127
  Batch 3760/8324, Loss: 3.8802
  Batch 3770/8324, Loss: 4.1473
  Batch 3780/8324, Loss: 4.1610
  Batch 3790/8324, Loss: 4.2114
  Batch 3800/8324, Loss: 4.1554
  Batch 3810/8324, Loss: 4.4778
  Batch 3820/8324, Loss: 5.0209
  Batch 3830/8324, Loss: 4.6904
  Batch 3840/8324, Loss: 3.4706
  Batch 3850/8324, Loss: 4.6737
  Batch 3860/8324, Loss: 4.4750
  Batch 3870/8324, Loss: 4.2746
  Batch 3880/8324, Loss: 4.4036
  Batch 3890/8324, Loss: 4.1884
  Batch 3900/8324, Loss: 4.1975
  Batch 3910/8324, Loss: 4.1270
  Batch 3920/8324, Loss: 3.9256
  Batch 3930/8324, Loss: 4.5419
  Batch 3940/8324, Loss: 4.7094
  Batch 3950/8324, Loss: 4.3337
  Batch 3960/8324, Loss: 4.9870
  Batch 3970/8324, Loss: 4.6251
  Batch 3980/8324, Loss: 4.1170
  Batch 3990/8324, Loss: 4.6391
  Batch 4000/8324, Loss: 4.0494
  Batch 4010/8324, Loss: 3.7517
  Batch 4020/8324, Loss: 4.1782
  Batch 4030/8324, Loss: 3.8941
  Batch 4040/8324, Loss: 3.9699
  Batch 4050/8324, Loss: 3.9836
  Batch 4060/8324, Loss: 4.1641
  Batch 4070/8324, Loss: 4.3977
  Batch 4080/8324, Loss: 4.4319
  Batch 4090/8324, Loss: 3.6271
  Batch 4100/8324, Loss: 3.7906
  Batch 4110/8324, Loss: 4.0298
  Batch 4120/8324, Loss: 3.9251
  Batch 4130/8324, Loss: 4.5303
  Batch 4140/8324, Loss: 4.4508
  Batch 4150/8324, Loss: 4.1246
  Batch 4160/8324, Loss: 4.0125
  Batch 4170/8324, Loss: 3.6767
  Batch 4180/8324, Loss: 3.8897
  Batch 4190/8324, Loss: 3.7961
  Batch 4200/8324, Loss: 4.1714
  Batch 4210/8324, Loss: 4.6051
  Batch 4220/8324, Loss: 4.3414
  Batch 4230/8324, Loss: 4.4143
  Batch 4240/8324, Loss: 3.7289
  Batch 4250/8324, Loss: 4.2753
  Batch 4260/8324, Loss: 4.3987
  Batch 4270/8324, Loss: 5.3726
  Batch 4280/8324, Loss: 4.8691
  Batch 4290/8324, Loss: 3.8414
  Batch 4300/8324, Loss: 3.5377
  Batch 4310/8324, Loss: 4.2756
  Batch 4320/8324, Loss: 4.2968
  Batch 4330/8324, Loss: 4.2389
  Batch 4340/8324, Loss: 4.6515
  Batch 4350/8324, Loss: 3.9536
  Batch 4360/8324, Loss: 3.9440
  Batch 4370/8324, Loss: 4.8241
  Batch 4380/8324, Loss: 4.2175
  Batch 4390/8324, Loss: 4.4088
  Batch 4400/8324, Loss: 4.5992
  Batch 4410/8324, Loss: 4.1156
  Batch 4420/8324, Loss: 4.3157
  Batch 4430/8324, Loss: 3.5914
  Batch 4440/8324, Loss: 3.5930
  Batch 4450/8324, Loss: 4.8148
  Batch 4460/8324, Loss: 4.7548
  Batch 4470/8324, Loss: 3.9287
  Batch 4480/8324, Loss: 4.4523
  Batch 4490/8324, Loss: 3.9204
  Batch 4500/8324, Loss: 4.4369
  Batch 4510/8324, Loss: 3.9304
  Batch 4520/8324, Loss: 4.4993
  Batch 4530/8324, Loss: 4.4567
  Batch 4540/8324, Loss: 4.5060
  Batch 4550/8324, Loss: 4.4894
  Batch 4560/8324, Loss: 4.2897
  Batch 4570/8324, Loss: 4.1378
  Batch 4580/8324, Loss: 4.7722
  Batch 4590/8324, Loss: 4.6254
  Batch 4600/8324, Loss: 4.2900
  Batch 4610/8324, Loss: 4.5270
  Batch 4620/8324, Loss: 4.4783
  Batch 4630/8324, Loss: 4.4526
  Batch 4640/8324, Loss: 4.2285
  Batch 4650/8324, Loss: 4.0511
  Batch 4660/8324, Loss: 3.9214
  Batch 4670/8324, Loss: 3.7210
  Batch 4680/8324, Loss: 4.1003
  Batch 4690/8324, Loss: 4.0607
  Batch 4700/8324, Loss: 4.2445
  Batch 4710/8324, Loss: 3.3529
  Batch 4720/8324, Loss: 3.9824
  Batch 4730/8324, Loss: 4.6249
  Batch 4740/8324, Loss: 3.8720
  Batch 4750/8324, Loss: 4.3584
  Batch 4760/8324, Loss: 3.5576
  Batch 4770/8324, Loss: 4.3651
  Batch 4780/8324, Loss: 3.6414
  Batch 4790/8324, Loss: 4.5414
  Batch 4800/8324, Loss: 4.1586
  Batch 4810/8324, Loss: 4.8594
  Batch 4820/8324, Loss: 4.5259
  Batch 4830/8324, Loss: 4.5377
  Batch 4840/8324, Loss: 3.8724
  Batch 4850/8324, Loss: 4.3554
  Batch 4860/8324, Loss: 4.8562
  Batch 4870/8324, Loss: 3.6135
  Batch 4880/8324, Loss: 4.7677
  Batch 4890/8324, Loss: 4.2106
  Batch 4900/8324, Loss: 3.5944
  Batch 4910/8324, Loss: 4.7667
  Batch 4920/8324, Loss: 4.3277
  Batch 4930/8324, Loss: 4.3871
  Batch 4940/8324, Loss: 3.8800
  Batch 4950/8324, Loss: 4.1121
  Batch 4960/8324, Loss: 3.8755
  Batch 4970/8324, Loss: 4.5512
  Batch 4980/8324, Loss: 4.2390
  Batch 4990/8324, Loss: 4.3041
  Batch 5000/8324, Loss: 4.5255
  Batch 5010/8324, Loss: 4.3798
  Batch 5020/8324, Loss: 4.5451
  Batch 5030/8324, Loss: 4.5874
  Batch 5040/8324, Loss: 4.7396
  Batch 5050/8324, Loss: 4.2549
  Batch 5060/8324, Loss: 4.3037
  Batch 5070/8324, Loss: 4.5951
  Batch 5080/8324, Loss: 4.5009
  Batch 5090/8324, Loss: 4.6373
  Batch 5100/8324, Loss: 4.1298
  Batch 5110/8324, Loss: 4.1036
  Batch 5120/8324, Loss: 4.2356
  Batch 5130/8324, Loss: 4.2259
  Batch 5140/8324, Loss: 4.1997
  Batch 5150/8324, Loss: 3.5344
  Batch 5160/8324, Loss: 4.2405
  Batch 5170/8324, Loss: 3.6898
  Batch 5180/8324, Loss: 4.6840
  Batch 5190/8324, Loss: 3.7365
  Batch 5200/8324, Loss: 4.4127
  Batch 5210/8324, Loss: 4.0146
  Batch 5220/8324, Loss: 4.8475
  Batch 5230/8324, Loss: 3.2423
  Batch 5240/8324, Loss: 4.5578
  Batch 5250/8324, Loss: 4.4156
  Batch 5260/8324, Loss: 4.1884
  Batch 5270/8324, Loss: 4.6140
  Batch 5280/8324, Loss: 3.8002
  Batch 5290/8324, Loss: 4.2323
  Batch 5300/8324, Loss: 3.8326
  Batch 5310/8324, Loss: 3.9880
  Batch 5320/8324, Loss: 4.1010
  Batch 5330/8324, Loss: 4.6795
  Batch 5340/8324, Loss: 3.6893
  Batch 5350/8324, Loss: 3.5571
  Batch 5360/8324, Loss: 3.9331
  Batch 5370/8324, Loss: 4.5688
  Batch 5380/8324, Loss: 3.8810
  Batch 5390/8324, Loss: 4.3381
  Batch 5400/8324, Loss: 3.5489
  Batch 5410/8324, Loss: 3.6345
  Batch 5420/8324, Loss: 4.1464
  Batch 5430/8324, Loss: 4.1248
  Batch 5440/8324, Loss: 4.5808
  Batch 5450/8324, Loss: 4.4093
  Batch 5460/8324, Loss: 4.0386
  Batch 5470/8324, Loss: 3.7570
  Batch 5480/8324, Loss: 4.6922
  Batch 5490/8324, Loss: 4.7491
  Batch 5500/8324, Loss: 4.5645
  Batch 5510/8324, Loss: 4.6138
  Batch 5520/8324, Loss: 4.3655
  Batch 5530/8324, Loss: 4.8214
  Batch 5540/8324, Loss: 4.2058
  Batch 5550/8324, Loss: 4.7753
  Batch 5560/8324, Loss: 3.9647
  Batch 5570/8324, Loss: 4.7621
  Batch 5580/8324, Loss: 4.0711
  Batch 5590/8324, Loss: 3.9026
  Batch 5600/8324, Loss: 4.1557
  Batch 5610/8324, Loss: 4.1405
  Batch 5620/8324, Loss: 4.1031
  Batch 5630/8324, Loss: 3.9640
  Batch 5640/8324, Loss: 4.0489
  Batch 5650/8324, Loss: 4.3541
  Batch 5660/8324, Loss: 4.1797
  Batch 5670/8324, Loss: 4.1950
  Batch 5680/8324, Loss: 3.7459
  Batch 5690/8324, Loss: 4.5873
  Batch 5700/8324, Loss: 4.4835
  Batch 5710/8324, Loss: 3.9884
  Batch 5720/8324, Loss: 3.9577
  Batch 5730/8324, Loss: 4.4237
  Batch 5740/8324, Loss: 4.1468
  Batch 5750/8324, Loss: 3.9080
  Batch 5760/8324, Loss: 3.7026
  Batch 5770/8324, Loss: 4.0153
  Batch 5780/8324, Loss: 4.4501
  Batch 5790/8324, Loss: 4.4668
  Batch 5800/8324, Loss: 4.1005
  Batch 5810/8324, Loss: 4.2795
  Batch 5820/8324, Loss: 4.5483
  Batch 5830/8324, Loss: 4.5320
  Batch 5840/8324, Loss: 3.7589
  Batch 5850/8324, Loss: 4.1044
  Batch 5860/8324, Loss: 4.4790
  Batch 5870/8324, Loss: 4.8442
  Batch 5880/8324, Loss: 3.7007
  Batch 5890/8324, Loss: 4.6203
  Batch 5900/8324, Loss: 5.0823
  Batch 5910/8324, Loss: 4.3656
  Batch 5920/8324, Loss: 5.1232
  Batch 5930/8324, Loss: 3.6545
  Batch 5940/8324, Loss: 4.8227
  Batch 5950/8324, Loss: 4.2999
  Batch 5960/8324, Loss: 4.4938
  Batch 5970/8324, Loss: 4.4465
  Batch 5980/8324, Loss: 4.4618
  Batch 5990/8324, Loss: 4.0922
  Batch 6000/8324, Loss: 5.0221
  Batch 6010/8324, Loss: 4.3817
  Batch 6020/8324, Loss: 4.2358
  Batch 6030/8324, Loss: 4.5802
  Batch 6040/8324, Loss: 4.7229
  Batch 6050/8324, Loss: 4.2543
  Batch 6060/8324, Loss: 4.4862
  Batch 6070/8324, Loss: 4.1911
  Batch 6080/8324, Loss: 4.5240
  Batch 6090/8324, Loss: 4.6057
  Batch 6100/8324, Loss: 4.8909
  Batch 6110/8324, Loss: 4.5430
  Batch 6120/8324, Loss: 3.7664
  Batch 6130/8324, Loss: 4.3128
  Batch 6140/8324, Loss: 4.1053
  Batch 6150/8324, Loss: 4.1867
  Batch 6160/8324, Loss: 4.6212
  Batch 6170/8324, Loss: 4.5553
  Batch 6180/8324, Loss: 4.1667
  Batch 6190/8324, Loss: 4.0495
  Batch 6200/8324, Loss: 4.0105
  Batch 6210/8324, Loss: 3.7794
  Batch 6220/8324, Loss: 4.1165
  Batch 6230/8324, Loss: 4.0335
  Batch 6240/8324, Loss: 4.4937
  Batch 6250/8324, Loss: 4.5105
  Batch 6260/8324, Loss: 4.1304
  Batch 6270/8324, Loss: 4.2635
  Batch 6280/8324, Loss: 4.2744
  Batch 6290/8324, Loss: 4.6517
  Batch 6300/8324, Loss: 3.9939
  Batch 6310/8324, Loss: 3.9272
  Batch 6320/8324, Loss: 4.5752
  Batch 6330/8324, Loss: 3.9270
  Batch 6340/8324, Loss: 4.2140
  Batch 6350/8324, Loss: 3.8450
  Batch 6360/8324, Loss: 4.1155
  Batch 6370/8324, Loss: 4.9524
  Batch 6380/8324, Loss: 4.1565
  Batch 6390/8324, Loss: 4.8473
  Batch 6400/8324, Loss: 4.6061
  Batch 6410/8324, Loss: 4.7352
  Batch 6420/8324, Loss: 4.5457
  Batch 6430/8324, Loss: 4.8531
  Batch 6440/8324, Loss: 4.5937
  Batch 6450/8324, Loss: 4.1945
  Batch 6460/8324, Loss: 4.4665
  Batch 6470/8324, Loss: 4.3265
  Batch 6480/8324, Loss: 4.1535
  Batch 6490/8324, Loss: 3.9083
  Batch 6500/8324, Loss: 4.3775
  Batch 6510/8324, Loss: 3.8999
  Batch 6520/8324, Loss: 4.1046
  Batch 6530/8324, Loss: 4.0901
  Batch 6540/8324, Loss: 4.3249
  Batch 6550/8324, Loss: 3.6454
  Batch 6560/8324, Loss: 4.5273
  Batch 6570/8324, Loss: 4.0612
  Batch 6580/8324, Loss: 4.5902
  Batch 6590/8324, Loss: 3.7553
  Batch 6600/8324, Loss: 4.0166
  Batch 6610/8324, Loss: 4.2583
  Batch 6620/8324, Loss: 4.1704
  Batch 6630/8324, Loss: 4.6350
  Batch 6640/8324, Loss: 4.5158
  Batch 6650/8324, Loss: 4.4492
  Batch 6660/8324, Loss: 4.3437
  Batch 6670/8324, Loss: 4.5008
  Batch 6680/8324, Loss: 4.3299
  Batch 6690/8324, Loss: 4.0723
  Batch 6700/8324, Loss: 4.2622
  Batch 6710/8324, Loss: 3.6295
  Batch 6720/8324, Loss: 4.4850
  Batch 6730/8324, Loss: 4.8367
  Batch 6740/8324, Loss: 4.2816
  Batch 6750/8324, Loss: 4.6092
  Batch 6760/8324, Loss: 4.5482
  Batch 6770/8324, Loss: 4.2485
  Batch 6780/8324, Loss: 4.5300
  Batch 6790/8324, Loss: 4.0406
  Batch 6800/8324, Loss: 4.2051
  Batch 6810/8324, Loss: 4.8999
  Batch 6820/8324, Loss: 4.3514
  Batch 6830/8324, Loss: 4.4465
  Batch 6840/8324, Loss: 4.1331
  Batch 6850/8324, Loss: 4.3695
  Batch 6860/8324, Loss: 3.6176
  Batch 6870/8324, Loss: 4.4737
  Batch 6880/8324, Loss: 3.6529
  Batch 6890/8324, Loss: 4.5002
  Batch 6900/8324, Loss: 4.1006
  Batch 6910/8324, Loss: 4.6946
  Batch 6920/8324, Loss: 4.3595
  Batch 6930/8324, Loss: 4.0214
  Batch 6940/8324, Loss: 3.3458
  Batch 6950/8324, Loss: 4.6883
  Batch 6960/8324, Loss: 3.9906
  Batch 6970/8324, Loss: 4.5200
  Batch 6980/8324, Loss: 3.3415
  Batch 6990/8324, Loss: 4.0311
  Batch 7000/8324, Loss: 3.8952
  Batch 7010/8324, Loss: 3.6745
  Batch 7020/8324, Loss: 4.3953
  Batch 7030/8324, Loss: 4.1549
  Batch 7040/8324, Loss: 4.1205
  Batch 7050/8324, Loss: 4.3518
  Batch 7060/8324, Loss: 4.7612
  Batch 7070/8324, Loss: 3.7713
  Batch 7080/8324, Loss: 4.4003
  Batch 7090/8324, Loss: 3.9657
  Batch 7100/8324, Loss: 4.5785
  Batch 7110/8324, Loss: 3.7481
  Batch 7120/8324, Loss: 3.6026
  Batch 7130/8324, Loss: 4.5770
  Batch 7140/8324, Loss: 3.9372
  Batch 7150/8324, Loss: 4.3524
  Batch 7160/8324, Loss: 3.4076
  Batch 7170/8324, Loss: 4.2471
  Batch 7180/8324, Loss: 5.0508
  Batch 7190/8324, Loss: 4.3985
  Batch 7200/8324, Loss: 4.4234
  Batch 7210/8324, Loss: 4.2539
  Batch 7220/8324, Loss: 4.1794
  Batch 7230/8324, Loss: 4.8280
  Batch 7240/8324, Loss: 4.1359
  Batch 7250/8324, Loss: 4.6195
  Batch 7260/8324, Loss: 4.3730
  Batch 7270/8324, Loss: 4.7072
  Batch 7280/8324, Loss: 4.1561
  Batch 7290/8324, Loss: 3.5478
  Batch 7300/8324, Loss: 3.9216
  Batch 7310/8324, Loss: 4.4315
  Batch 7320/8324, Loss: 4.4362
  Batch 7330/8324, Loss: 4.3074
  Batch 7340/8324, Loss: 4.2419
  Batch 7350/8324, Loss: 4.1761
  Batch 7360/8324, Loss: 4.0243
  Batch 7370/8324, Loss: 4.1819
  Batch 7380/8324, Loss: 4.3413
  Batch 7390/8324, Loss: 3.6522
  Batch 7400/8324, Loss: 4.5067
  Batch 7410/8324, Loss: 3.9842
  Batch 7420/8324, Loss: 4.6055
  Batch 7430/8324, Loss: 4.5411
  Batch 7440/8324, Loss: 3.6080
  Batch 7450/8324, Loss: 4.0360
  Batch 7460/8324, Loss: 4.4874
  Batch 7470/8324, Loss: 4.1826
  Batch 7480/8324, Loss: 3.8204
  Batch 7490/8324, Loss: 3.9403
  Batch 7500/8324, Loss: 4.2575
  Batch 7510/8324, Loss: 3.7913
  Batch 7520/8324, Loss: 4.5975
  Batch 7530/8324, Loss: 3.3685
  Batch 7540/8324, Loss: 4.3423
  Batch 7550/8324, Loss: 4.7332
  Batch 7560/8324, Loss: 3.6823
  Batch 7570/8324, Loss: 4.4982
  Batch 7580/8324, Loss: 4.2940
  Batch 7590/8324, Loss: 4.0019
  Batch 7600/8324, Loss: 3.6025
  Batch 7610/8324, Loss: 4.5076
  Batch 7620/8324, Loss: 4.2528
  Batch 7630/8324, Loss: 4.6237
  Batch 7640/8324, Loss: 4.0599
  Batch 7650/8324, Loss: 4.1792
  Batch 7660/8324, Loss: 3.9045
  Batch 7670/8324, Loss: 4.7435
  Batch 7680/8324, Loss: 4.3173
  Batch 7690/8324, Loss: 3.9781
  Batch 7700/8324, Loss: 4.1226
  Batch 7710/8324, Loss: 4.3390
  Batch 7720/8324, Loss: 4.1986
  Batch 7730/8324, Loss: 3.8771
  Batch 7740/8324, Loss: 4.7596
  Batch 7750/8324, Loss: 4.0376
  Batch 7760/8324, Loss: 3.9730
  Batch 7770/8324, Loss: 3.4245
  Batch 7780/8324, Loss: 3.9698
  Batch 7790/8324, Loss: 4.7433
  Batch 7800/8324, Loss: 4.0655
  Batch 7810/8324, Loss: 4.8127
  Batch 7820/8324, Loss: 4.6236
  Batch 7830/8324, Loss: 4.2906
  Batch 7840/8324, Loss: 4.1061
  Batch 7850/8324, Loss: 3.7600
  Batch 7860/8324, Loss: 4.1325
  Batch 7870/8324, Loss: 4.3113
  Batch 7880/8324, Loss: 4.2326
  Batch 7890/8324, Loss: 3.8094
  Batch 7900/8324, Loss: 4.4524
  Batch 7910/8324, Loss: 4.0453
  Batch 7920/8324, Loss: 4.4985
  Batch 7930/8324, Loss: 4.5306
  Batch 7940/8324, Loss: 4.7285
  Batch 7950/8324, Loss: 4.7788
  Batch 7960/8324, Loss: 4.4171
  Batch 7970/8324, Loss: 4.2055
  Batch 7980/8324, Loss: 4.5655
  Batch 7990/8324, Loss: 4.1239
  Batch 8000/8324, Loss: 4.3926
  Batch 8010/8324, Loss: 4.3334
  Batch 8020/8324, Loss: 4.2891
  Batch 8030/8324, Loss: 4.5589
  Batch 8040/8324, Loss: 4.7261
  Batch 8050/8324, Loss: 3.9774
  Batch 8060/8324, Loss: 4.4569
  Batch 8070/8324, Loss: 4.3600
  Batch 8080/8324, Loss: 4.6706
  Batch 8090/8324, Loss: 4.1221
  Batch 8100/8324, Loss: 3.5962
  Batch 8110/8324, Loss: 3.2506
  Batch 8120/8324, Loss: 4.3255
  Batch 8130/8324, Loss: 4.0463
  Batch 8140/8324, Loss: 4.0856
  Batch 8150/8324, Loss: 3.9835
  Batch 8160/8324, Loss: 4.2763
  Batch 8170/8324, Loss: 4.0416
  Batch 8180/8324, Loss: 3.8830
  Batch 8190/8324, Loss: 4.1328
  Batch 8200/8324, Loss: 4.0880
  Batch 8210/8324, Loss: 4.2488
  Batch 8220/8324, Loss: 4.2471
  Batch 8230/8324, Loss: 4.1090
  Batch 8240/8324, Loss: 4.4479
  Batch 8250/8324, Loss: 4.2447
  Batch 8260/8324, Loss: 3.9399
  Batch 8270/8324, Loss: 4.3184
  Batch 8280/8324, Loss: 4.1970
  Batch 8290/8324, Loss: 4.4073
  Batch 8300/8324, Loss: 3.9482
  Batch 8310/8324, Loss: 3.6726
  Batch 8320/8324, Loss: 4.2730

  Train Loss: 4.2275
  Val Loss: 6.7445
  Time: 26m 34s

Epoch 20/20
----------------------------------------
  Batch 10/8324, Loss: 3.8108
  Batch 20/8324, Loss: 4.1531
  Batch 30/8324, Loss: 4.1873
  Batch 40/8324, Loss: 3.6235
  Batch 50/8324, Loss: 3.8815
  Batch 60/8324, Loss: 4.1252
  Batch 70/8324, Loss: 4.1536
  Batch 80/8324, Loss: 4.0089
  Batch 90/8324, Loss: 4.2299
  Batch 100/8324, Loss: 3.9208
  Batch 110/8324, Loss: 3.5030
  Batch 120/8324, Loss: 3.9413
  Batch 130/8324, Loss: 3.8594
  Batch 140/8324, Loss: 4.2668
  Batch 150/8324, Loss: 4.4276
  Batch 160/8324, Loss: 3.9104
  Batch 170/8324, Loss: 3.8794
  Batch 180/8324, Loss: 4.1678
  Batch 190/8324, Loss: 4.3620
  Batch 200/8324, Loss: 3.9309
  Batch 210/8324, Loss: 4.6029
  Batch 220/8324, Loss: 4.0577
  Batch 230/8324, Loss: 3.8026
  Batch 240/8324, Loss: 3.7679
  Batch 250/8324, Loss: 4.2567
  Batch 260/8324, Loss: 4.3979
  Batch 270/8324, Loss: 4.4247
  Batch 280/8324, Loss: 3.6236
  Batch 290/8324, Loss: 3.2647
  Batch 300/8324, Loss: 3.9683
  Batch 310/8324, Loss: 4.3102
  Batch 320/8324, Loss: 3.8558
  Batch 330/8324, Loss: 3.9164
  Batch 340/8324, Loss: 3.9110
  Batch 350/8324, Loss: 4.1309
  Batch 360/8324, Loss: 4.0078
  Batch 370/8324, Loss: 4.2833
  Batch 380/8324, Loss: 4.2860
  Batch 390/8324, Loss: 4.7503
  Batch 400/8324, Loss: 4.2023
  Batch 410/8324, Loss: 3.8487
  Batch 420/8324, Loss: 4.5348
  Batch 430/8324, Loss: 4.3518
  Batch 440/8324, Loss: 3.3353
  Batch 450/8324, Loss: 4.3304
  Batch 460/8324, Loss: 4.1641
  Batch 470/8324, Loss: 4.5573
  Batch 480/8324, Loss: 3.8143
  Batch 490/8324, Loss: 3.3660
  Batch 500/8324, Loss: 3.7054
  Batch 510/8324, Loss: 3.6691
  Batch 520/8324, Loss: 4.8391
  Batch 530/8324, Loss: 3.9902
  Batch 540/8324, Loss: 4.3280
  Batch 550/8324, Loss: 4.5451
  Batch 560/8324, Loss: 3.8850
  Batch 570/8324, Loss: 3.5157
  Batch 580/8324, Loss: 4.1063
  Batch 590/8324, Loss: 4.1925
  Batch 600/8324, Loss: 3.8122
  Batch 610/8324, Loss: 3.5140
  Batch 620/8324, Loss: 4.0045
  Batch 630/8324, Loss: 4.5043
  Batch 640/8324, Loss: 4.4157
  Batch 650/8324, Loss: 4.3420
  Batch 660/8324, Loss: 4.4141
  Batch 670/8324, Loss: 4.6857
  Batch 680/8324, Loss: 4.1002
  Batch 690/8324, Loss: 4.4129
  Batch 700/8324, Loss: 4.4334
  Batch 710/8324, Loss: 4.2280
  Batch 720/8324, Loss: 4.3668
  Batch 730/8324, Loss: 4.2507
  Batch 740/8324, Loss: 3.6579
  Batch 750/8324, Loss: 4.5137
  Batch 760/8324, Loss: 4.6543
  Batch 770/8324, Loss: 4.6855
  Batch 780/8324, Loss: 4.2514
  Batch 790/8324, Loss: 3.9983
  Batch 800/8324, Loss: 4.3318
  Batch 810/8324, Loss: 4.1513
  Batch 820/8324, Loss: 3.9620
  Batch 830/8324, Loss: 3.7745
  Batch 840/8324, Loss: 4.8404
  Batch 850/8324, Loss: 4.1881
  Batch 860/8324, Loss: 4.0090
  Batch 870/8324, Loss: 4.3292
  Batch 880/8324, Loss: 3.9332
  Batch 890/8324, Loss: 4.1546
  Batch 900/8324, Loss: 3.3584
  Batch 910/8324, Loss: 3.8058
  Batch 920/8324, Loss: 3.6962
  Batch 930/8324, Loss: 4.3416
  Batch 940/8324, Loss: 3.7988
  Batch 950/8324, Loss: 4.4419
  Batch 960/8324, Loss: 3.9651
  Batch 970/8324, Loss: 3.8834
  Batch 980/8324, Loss: 3.8941
  Batch 990/8324, Loss: 3.4939
  Batch 1000/8324, Loss: 4.1484
  Batch 1010/8324, Loss: 4.9277
  Batch 1020/8324, Loss: 4.1241
  Batch 1030/8324, Loss: 3.9323
  Batch 1040/8324, Loss: 4.2029
  Batch 1050/8324, Loss: 3.8670
  Batch 1060/8324, Loss: 3.6381
  Batch 1070/8324, Loss: 4.1840
  Batch 1080/8324, Loss: 4.2350
  Batch 1090/8324, Loss: 4.6261
  Batch 1100/8324, Loss: 4.2798
  Batch 1110/8324, Loss: 3.8331
  Batch 1120/8324, Loss: 4.0375
  Batch 1130/8324, Loss: 3.8638
  Batch 1140/8324, Loss: 4.1526
  Batch 1150/8324, Loss: 4.8085
  Batch 1160/8324, Loss: 4.8870
  Batch 1170/8324, Loss: 4.1457
  Batch 1180/8324, Loss: 3.8895
  Batch 1190/8324, Loss: 4.0551
  Batch 1200/8324, Loss: 4.1062
  Batch 1210/8324, Loss: 3.5074
  Batch 1220/8324, Loss: 3.6441
  Batch 1230/8324, Loss: 4.2367
  Batch 1240/8324, Loss: 4.0491
  Batch 1250/8324, Loss: 4.4546
  Batch 1260/8324, Loss: 3.5748
  Batch 1270/8324, Loss: 4.2271
  Batch 1280/8324, Loss: 3.6061
  Batch 1290/8324, Loss: 4.2770
  Batch 1300/8324, Loss: 4.3563
  Batch 1310/8324, Loss: 4.2171
  Batch 1320/8324, Loss: 3.9973
  Batch 1330/8324, Loss: 4.5466
  Batch 1340/8324, Loss: 4.0966
  Batch 1350/8324, Loss: 3.6253
  Batch 1360/8324, Loss: 3.8270
  Batch 1370/8324, Loss: 4.4649
  Batch 1380/8324, Loss: 4.2522
  Batch 1390/8324, Loss: 3.7796
  Batch 1400/8324, Loss: 4.0296
  Batch 1410/8324, Loss: 4.5728
  Batch 1420/8324, Loss: 4.2711
  Batch 1430/8324, Loss: 4.9358
  Batch 1440/8324, Loss: 4.1494
  Batch 1450/8324, Loss: 4.3352
  Batch 1460/8324, Loss: 4.1028
  Batch 1470/8324, Loss: 4.1941
  Batch 1480/8324, Loss: 4.2066
  Batch 1490/8324, Loss: 4.0865
  Batch 1500/8324, Loss: 4.3678
  Batch 1510/8324, Loss: 4.3012
  Batch 1520/8324, Loss: 3.6213
  Batch 1530/8324, Loss: 3.8316
  Batch 1540/8324, Loss: 3.9862
  Batch 1550/8324, Loss: 3.8757
  Batch 1560/8324, Loss: 4.2777
  Batch 1570/8324, Loss: 3.9200
  Batch 1580/8324, Loss: 4.5052
  Batch 1590/8324, Loss: 3.9219
  Batch 1600/8324, Loss: 3.4770
  Batch 1610/8324, Loss: 4.4664
  Batch 1620/8324, Loss: 4.2373
  Batch 1630/8324, Loss: 4.4945
  Batch 1640/8324, Loss: 4.1834
  Batch 1650/8324, Loss: 4.2594
  Batch 1660/8324, Loss: 3.8816
  Batch 1670/8324, Loss: 4.0178
  Batch 1680/8324, Loss: 4.1298
  Batch 1690/8324, Loss: 4.0026
  Batch 1700/8324, Loss: 4.1993
  Batch 1710/8324, Loss: 4.4735
  Batch 1720/8324, Loss: 4.3779
  Batch 1730/8324, Loss: 4.0917
  Batch 1740/8324, Loss: 3.9557
  Batch 1750/8324, Loss: 3.6882
  Batch 1760/8324, Loss: 3.9818
  Batch 1770/8324, Loss: 3.2576
  Batch 1780/8324, Loss: 3.4147
  Batch 1790/8324, Loss: 4.2031
  Batch 1800/8324, Loss: 4.6332
  Batch 1810/8324, Loss: 4.2241
  Batch 1820/8324, Loss: 4.5993
  Batch 1830/8324, Loss: 4.5411
  Batch 1840/8324, Loss: 4.6998
  Batch 1850/8324, Loss: 4.2163
  Batch 1860/8324, Loss: 4.1958
  Batch 1870/8324, Loss: 4.4794
  Batch 1880/8324, Loss: 4.3014
  Batch 1890/8324, Loss: 4.3302
  Batch 1900/8324, Loss: 4.4663
  Batch 1910/8324, Loss: 4.1052
  Batch 1920/8324, Loss: 4.2340
  Batch 1930/8324, Loss: 4.8626
  Batch 1940/8324, Loss: 4.2216
  Batch 1950/8324, Loss: 4.2410
  Batch 1960/8324, Loss: 4.7866
  Batch 1970/8324, Loss: 4.0772
  Batch 1980/8324, Loss: 4.5604
  Batch 1990/8324, Loss: 3.8170
  Batch 2000/8324, Loss: 4.6695
  Batch 2010/8324, Loss: 4.0914
  Batch 2020/8324, Loss: 4.5788
  Batch 2030/8324, Loss: 3.8543
  Batch 2040/8324, Loss: 4.3253
  Batch 2050/8324, Loss: 4.4408
  Batch 2060/8324, Loss: 4.1647
  Batch 2070/8324, Loss: 3.7653
  Batch 2080/8324, Loss: 3.8565
  Batch 2090/8324, Loss: 3.8490
  Batch 2100/8324, Loss: 4.2615
  Batch 2110/8324, Loss: 4.5827
  Batch 2120/8324, Loss: 3.5185
  Batch 2130/8324, Loss: 4.0521
  Batch 2140/8324, Loss: 4.1633
  Batch 2150/8324, Loss: 4.2404
  Batch 2160/8324, Loss: 3.9991
  Batch 2170/8324, Loss: 4.4650
  Batch 2180/8324, Loss: 4.0309
  Batch 2190/8324, Loss: 3.9949
  Batch 2200/8324, Loss: 4.1555
  Batch 2210/8324, Loss: 4.5122
  Batch 2220/8324, Loss: 4.0663
  Batch 2230/8324, Loss: 4.1336
  Batch 2240/8324, Loss: 3.5853
  Batch 2250/8324, Loss: 4.2178
  Batch 2260/8324, Loss: 3.9851
  Batch 2270/8324, Loss: 4.3773
  Batch 2280/8324, Loss: 3.9981
  Batch 2290/8324, Loss: 4.3807
  Batch 2300/8324, Loss: 3.5057
  Batch 2310/8324, Loss: 3.4527
  Batch 2320/8324, Loss: 4.7947
  Batch 2330/8324, Loss: 3.5374
  Batch 2340/8324, Loss: 4.1632
  Batch 2350/8324, Loss: 4.2134
  Batch 2360/8324, Loss: 4.3293
  Batch 2370/8324, Loss: 4.5279
  Batch 2380/8324, Loss: 4.4232
  Batch 2390/8324, Loss: 4.3430
  Batch 2400/8324, Loss: 4.4644
  Batch 2410/8324, Loss: 4.0207
  Batch 2420/8324, Loss: 4.4328
  Batch 2430/8324, Loss: 4.3015
  Batch 2440/8324, Loss: 4.1574
  Batch 2450/8324, Loss: 4.2443
  Batch 2460/8324, Loss: 3.7550
  Batch 2470/8324, Loss: 4.1239
  Batch 2480/8324, Loss: 4.5839
  Batch 2490/8324, Loss: 4.0405
  Batch 2500/8324, Loss: 3.9373
  Batch 2510/8324, Loss: 4.1872
  Batch 2520/8324, Loss: 3.4030
  Batch 2530/8324, Loss: 3.7379
  Batch 2540/8324, Loss: 4.6652
  Batch 2550/8324, Loss: 4.0900
  Batch 2560/8324, Loss: 4.5779
  Batch 2570/8324, Loss: 3.7567
  Batch 2580/8324, Loss: 4.2072
  Batch 2590/8324, Loss: 4.4285
  Batch 2600/8324, Loss: 4.2896
  Batch 2610/8324, Loss: 3.9153
  Batch 2620/8324, Loss: 4.0801
  Batch 2630/8324, Loss: 4.9309
  Batch 2640/8324, Loss: 4.7541
  Batch 2650/8324, Loss: 3.9768
  Batch 2660/8324, Loss: 3.8857
  Batch 2670/8324, Loss: 4.3226
  Batch 2680/8324, Loss: 3.9045
  Batch 2690/8324, Loss: 3.9774
  Batch 2700/8324, Loss: 4.3716
  Batch 2710/8324, Loss: 4.5337
  Batch 2720/8324, Loss: 3.7338
  Batch 2730/8324, Loss: 4.5205
  Batch 2740/8324, Loss: 3.9333
  Batch 2750/8324, Loss: 3.9790
  Batch 2760/8324, Loss: 4.4680
  Batch 2770/8324, Loss: 4.3137
  Batch 2780/8324, Loss: 5.0002
  Batch 2790/8324, Loss: 4.2399
  Batch 2800/8324, Loss: 4.0965
  Batch 2810/8324, Loss: 3.8221
  Batch 2820/8324, Loss: 3.9255
  Batch 2830/8324, Loss: 4.1381
  Batch 2840/8324, Loss: 4.8318
  Batch 2850/8324, Loss: 3.5733
  Batch 2860/8324, Loss: 4.4296
  Batch 2870/8324, Loss: 4.3407
  Batch 2880/8324, Loss: 4.0240
  Batch 2890/8324, Loss: 4.4289
  Batch 2900/8324, Loss: 3.4983
  Batch 2910/8324, Loss: 4.1263
  Batch 2920/8324, Loss: 4.4143
  Batch 2930/8324, Loss: 4.0665
  Batch 2940/8324, Loss: 4.3100
  Batch 2950/8324, Loss: 3.9490
  Batch 2960/8324, Loss: 4.4408
  Batch 2970/8324, Loss: 3.8906
  Batch 2980/8324, Loss: 4.3792
  Batch 2990/8324, Loss: 4.1048
  Batch 3000/8324, Loss: 3.7545
  Batch 3010/8324, Loss: 4.4283
  Batch 3020/8324, Loss: 4.2149
  Batch 3030/8324, Loss: 4.5483
  Batch 3040/8324, Loss: 4.2508
  Batch 3050/8324, Loss: 4.6267
  Batch 3060/8324, Loss: 4.1773
  Batch 3070/8324, Loss: 4.3592
  Batch 3080/8324, Loss: 3.7245
  Batch 3090/8324, Loss: 4.3213
  Batch 3100/8324, Loss: 4.5502
  Batch 3110/8324, Loss: 4.3725
  Batch 3120/8324, Loss: 3.7454
  Batch 3130/8324, Loss: 4.4528
  Batch 3140/8324, Loss: 3.5761
  Batch 3150/8324, Loss: 4.6821
  Batch 3160/8324, Loss: 3.8464
  Batch 3170/8324, Loss: 4.2554
  Batch 3180/8324, Loss: 4.1135
  Batch 3190/8324, Loss: 4.2791
  Batch 3200/8324, Loss: 4.1138
  Batch 3210/8324, Loss: 4.4568
  Batch 3220/8324, Loss: 4.1267
  Batch 3230/8324, Loss: 4.5041
  Batch 3240/8324, Loss: 4.8377
  Batch 3250/8324, Loss: 4.6664
  Batch 3260/8324, Loss: 4.1719
  Batch 3270/8324, Loss: 4.0009
  Batch 3280/8324, Loss: 3.4737
  Batch 3290/8324, Loss: 4.2134
  Batch 3300/8324, Loss: 4.8343
  Batch 3310/8324, Loss: 4.3804
  Batch 3320/8324, Loss: 4.5559
  Batch 3330/8324, Loss: 3.9126
  Batch 3340/8324, Loss: 3.5902
  Batch 3350/8324, Loss: 4.9096
  Batch 3360/8324, Loss: 4.3066
  Batch 3370/8324, Loss: 4.3252
  Batch 3380/8324, Loss: 3.8148
  Batch 3390/8324, Loss: 4.0391
  Batch 3400/8324, Loss: 4.1859
  Batch 3410/8324, Loss: 4.5678
  Batch 3420/8324, Loss: 3.9740
  Batch 3430/8324, Loss: 4.0032
  Batch 3440/8324, Loss: 4.7424
  Batch 3450/8324, Loss: 3.7386
  Batch 3460/8324, Loss: 4.1136
  Batch 3470/8324, Loss: 4.3288
  Batch 3480/8324, Loss: 4.1154
  Batch 3490/8324, Loss: 4.0536
  Batch 3500/8324, Loss: 4.2075
  Batch 3510/8324, Loss: 4.2322
  Batch 3520/8324, Loss: 4.1189
  Batch 3530/8324, Loss: 3.9840
  Batch 3540/8324, Loss: 4.0512
  Batch 3550/8324, Loss: 4.2306
  Batch 3560/8324, Loss: 4.1739
  Batch 3570/8324, Loss: 4.5598
  Batch 3580/8324, Loss: 4.2375
  Batch 3590/8324, Loss: 4.0006
  Batch 3600/8324, Loss: 3.3892
  Batch 3610/8324, Loss: 4.2185
  Batch 3620/8324, Loss: 3.8776
  Batch 3630/8324, Loss: 3.8904
  Batch 3640/8324, Loss: 3.8820
  Batch 3650/8324, Loss: 4.0658
  Batch 3660/8324, Loss: 4.0182
  Batch 3670/8324, Loss: 4.4577
  Batch 3680/8324, Loss: 4.4583
  Batch 3690/8324, Loss: 4.2660
  Batch 3700/8324, Loss: 4.3409
  Batch 3710/8324, Loss: 3.6823
  Batch 3720/8324, Loss: 3.9025
  Batch 3730/8324, Loss: 3.9129
  Batch 3740/8324, Loss: 4.4168
  Batch 3750/8324, Loss: 4.8983
  Batch 3760/8324, Loss: 4.1960
  Batch 3770/8324, Loss: 4.6379
  Batch 3780/8324, Loss: 4.2173
  Batch 3790/8324, Loss: 3.8929
  Batch 3800/8324, Loss: 4.1566
  Batch 3810/8324, Loss: 3.9960
  Batch 3820/8324, Loss: 4.0916
  Batch 3830/8324, Loss: 4.8660
  Batch 3840/8324, Loss: 4.7650
  Batch 3850/8324, Loss: 3.8575
  Batch 3860/8324, Loss: 4.4953
  Batch 3870/8324, Loss: 4.3964
  Batch 3880/8324, Loss: 3.9508
  Batch 3890/8324, Loss: 4.0185
  Batch 3900/8324, Loss: 4.2061
  Batch 3910/8324, Loss: 4.5641
  Batch 3920/8324, Loss: 4.1092
  Batch 3930/8324, Loss: 4.0392
  Batch 3940/8324, Loss: 4.3205
  Batch 3950/8324, Loss: 3.6663
  Batch 3960/8324, Loss: 4.1389
  Batch 3970/8324, Loss: 4.2646
  Batch 3980/8324, Loss: 4.0424
  Batch 3990/8324, Loss: 4.5793
  Batch 4000/8324, Loss: 3.6140
  Batch 4010/8324, Loss: 4.3148
  Batch 4020/8324, Loss: 4.0137
  Batch 4030/8324, Loss: 3.9675
  Batch 4040/8324, Loss: 4.6304
  Batch 4050/8324, Loss: 4.2637
  Batch 4060/8324, Loss: 4.0025
  Batch 4070/8324, Loss: 4.3673
  Batch 4080/8324, Loss: 4.4383
  Batch 4090/8324, Loss: 3.4383
  Batch 4100/8324, Loss: 4.5346
  Batch 4110/8324, Loss: 4.3966
  Batch 4120/8324, Loss: 4.4734
  Batch 4130/8324, Loss: 4.2170
  Batch 4140/8324, Loss: 3.9814
  Batch 4150/8324, Loss: 4.3086
  Batch 4160/8324, Loss: 4.2358
  Batch 4170/8324, Loss: 3.9560
  Batch 4180/8324, Loss: 4.6411
  Batch 4190/8324, Loss: 4.5523
  Batch 4200/8324, Loss: 4.4727
  Batch 4210/8324, Loss: 4.0821
  Batch 4220/8324, Loss: 5.0710
  Batch 4230/8324, Loss: 4.0103
  Batch 4240/8324, Loss: 4.5778
  Batch 4250/8324, Loss: 4.8619
  Batch 4260/8324, Loss: 3.9286
  Batch 4270/8324, Loss: 4.2306
  Batch 4280/8324, Loss: 4.2302
  Batch 4290/8324, Loss: 4.9015
  Batch 4300/8324, Loss: 4.1307
  Batch 4310/8324, Loss: 4.0621
  Batch 4320/8324, Loss: 3.9911
  Batch 4330/8324, Loss: 4.2171
  Batch 4340/8324, Loss: 4.2704
  Batch 4350/8324, Loss: 3.5649
  Batch 4360/8324, Loss: 4.2857
  Batch 4370/8324, Loss: 4.0932
  Batch 4380/8324, Loss: 3.7470
  Batch 4390/8324, Loss: 3.8849
  Batch 4400/8324, Loss: 4.4267
  Batch 4410/8324, Loss: 4.1116
  Batch 4420/8324, Loss: 4.0444
  Batch 4430/8324, Loss: 3.9171
  Batch 4440/8324, Loss: 4.1821
  Batch 4450/8324, Loss: 4.6887
  Batch 4460/8324, Loss: 4.7728
  Batch 4470/8324, Loss: 4.2588
  Batch 4480/8324, Loss: 3.9630
  Batch 4490/8324, Loss: 4.7014
  Batch 4500/8324, Loss: 4.3565
  Batch 4510/8324, Loss: 4.3430
  Batch 4520/8324, Loss: 4.2429
  Batch 4530/8324, Loss: 4.0859
  Batch 4540/8324, Loss: 4.5219
  Batch 4550/8324, Loss: 4.1087
  Batch 4560/8324, Loss: 4.1545
  Batch 4570/8324, Loss: 4.6469
  Batch 4580/8324, Loss: 4.0756
  Batch 4590/8324, Loss: 3.6720
  Batch 4600/8324, Loss: 4.4770
  Batch 4610/8324, Loss: 4.1474
  Batch 4620/8324, Loss: 4.3399
  Batch 4630/8324, Loss: 3.7819
  Batch 4640/8324, Loss: 4.2374
  Batch 4650/8324, Loss: 3.9872
  Batch 4660/8324, Loss: 4.3291
  Batch 4670/8324, Loss: 4.6690
  Batch 4680/8324, Loss: 4.4098
  Batch 4690/8324, Loss: 4.8299
  Batch 4700/8324, Loss: 4.0960
  Batch 4710/8324, Loss: 4.5988
  Batch 4720/8324, Loss: 4.6410
  Batch 4730/8324, Loss: 4.5567
  Batch 4740/8324, Loss: 4.4272
  Batch 4750/8324, Loss: 4.3485
  Batch 4760/8324, Loss: 3.6519
  Batch 4770/8324, Loss: 4.4149
  Batch 4780/8324, Loss: 4.4479
  Batch 4790/8324, Loss: 3.7091
  Batch 4800/8324, Loss: 3.9877
  Batch 4810/8324, Loss: 4.3631
  Batch 4820/8324, Loss: 4.1303
  Batch 4830/8324, Loss: 4.3566
  Batch 4840/8324, Loss: 4.8443
  Batch 4850/8324, Loss: 3.7446
  Batch 4860/8324, Loss: 4.5620
  Batch 4870/8324, Loss: 4.0861
  Batch 4880/8324, Loss: 4.2699
  Batch 4890/8324, Loss: 4.0602
  Batch 4900/8324, Loss: 3.6583
  Batch 4910/8324, Loss: 3.9042
  Batch 4920/8324, Loss: 4.3111
  Batch 4930/8324, Loss: 3.9988
  Batch 4940/8324, Loss: 3.7246
  Batch 4950/8324, Loss: 4.2825
  Batch 4960/8324, Loss: 4.8146
  Batch 4970/8324, Loss: 3.7734
  Batch 4980/8324, Loss: 4.0942
  Batch 4990/8324, Loss: 4.6479
  Batch 5000/8324, Loss: 4.4541
  Batch 5010/8324, Loss: 4.6209
  Batch 5020/8324, Loss: 4.2060
  Batch 5030/8324, Loss: 4.3735
  Batch 5040/8324, Loss: 4.4736
  Batch 5050/8324, Loss: 4.7662
  Batch 5060/8324, Loss: 3.7406
  Batch 5070/8324, Loss: 4.7642
  Batch 5080/8324, Loss: 4.4965
  Batch 5090/8324, Loss: 3.8427
  Batch 5100/8324, Loss: 4.0023
  Batch 5110/8324, Loss: 3.9952
  Batch 5120/8324, Loss: 4.3650
  Batch 5130/8324, Loss: 4.0091
  Batch 5140/8324, Loss: 4.6846
  Batch 5150/8324, Loss: 4.5593
  Batch 5160/8324, Loss: 3.9798
  Batch 5170/8324, Loss: 3.9090
  Batch 5180/8324, Loss: 3.9207
  Batch 5190/8324, Loss: 3.9451
  Batch 5200/8324, Loss: 3.6235
  Batch 5210/8324, Loss: 4.8683
  Batch 5220/8324, Loss: 4.4336
  Batch 5230/8324, Loss: 4.0638
  Batch 5240/8324, Loss: 3.9487
  Batch 5250/8324, Loss: 4.4038
  Batch 5260/8324, Loss: 3.7822
  Batch 5270/8324, Loss: 4.2080
  Batch 5280/8324, Loss: 4.0465
  Batch 5290/8324, Loss: 4.2088
  Batch 5300/8324, Loss: 4.5977
  Batch 5310/8324, Loss: 4.9511
  Batch 5320/8324, Loss: 4.6084
  Batch 5330/8324, Loss: 4.1518
  Batch 5340/8324, Loss: 3.8882
  Batch 5350/8324, Loss: 4.0616
  Batch 5360/8324, Loss: 4.1552
  Batch 5370/8324, Loss: 4.3294
  Batch 5380/8324, Loss: 4.1794
  Batch 5390/8324, Loss: 4.3727
  Batch 5400/8324, Loss: 4.4396
  Batch 5410/8324, Loss: 4.2115
  Batch 5420/8324, Loss: 4.5276
  Batch 5430/8324, Loss: 3.7398
  Batch 5440/8324, Loss: 3.6142
  Batch 5450/8324, Loss: 4.0107
  Batch 5460/8324, Loss: 3.9370
  Batch 5470/8324, Loss: 3.9449
  Batch 5480/8324, Loss: 4.0515
  Batch 5490/8324, Loss: 4.7484
  Batch 5500/8324, Loss: 4.1925
  Batch 5510/8324, Loss: 4.2693
  Batch 5520/8324, Loss: 3.7788
  Batch 5530/8324, Loss: 4.4904
  Batch 5540/8324, Loss: 4.3278
  Batch 5550/8324, Loss: 4.2036
  Batch 5560/8324, Loss: 3.2264
  Batch 5570/8324, Loss: 4.3707
  Batch 5580/8324, Loss: 4.1090
  Batch 5590/8324, Loss: 4.1821
  Batch 5600/8324, Loss: 4.2547
  Batch 5610/8324, Loss: 4.1858
  Batch 5620/8324, Loss: 4.4747
  Batch 5630/8324, Loss: 4.1900
  Batch 5640/8324, Loss: 4.3958
  Batch 5650/8324, Loss: 4.3891
  Batch 5660/8324, Loss: 4.5897
  Batch 5670/8324, Loss: 4.3730
  Batch 5680/8324, Loss: 4.2951
  Batch 5690/8324, Loss: 4.3449
  Batch 5700/8324, Loss: 3.9310
  Batch 5710/8324, Loss: 4.8644
  Batch 5720/8324, Loss: 3.9715
  Batch 5730/8324, Loss: 3.8617
  Batch 5740/8324, Loss: 3.7299
  Batch 5750/8324, Loss: 3.6975
  Batch 5760/8324, Loss: 4.4907
  Batch 5770/8324, Loss: 4.6890
  Batch 5780/8324, Loss: 3.6889
  Batch 5790/8324, Loss: 3.8690
  Batch 5800/8324, Loss: 4.5462
  Batch 5810/8324, Loss: 4.4456
  Batch 5820/8324, Loss: 4.4787
  Batch 5830/8324, Loss: 4.3413
  Batch 5840/8324, Loss: 4.7262
  Batch 5850/8324, Loss: 4.2272
  Batch 5860/8324, Loss: 4.0927
  Batch 5870/8324, Loss: 4.3565
  Batch 5880/8324, Loss: 4.1647
  Batch 5890/8324, Loss: 4.1671
  Batch 5900/8324, Loss: 4.3369
  Batch 5910/8324, Loss: 4.4035
  Batch 5920/8324, Loss: 4.7615
  Batch 5930/8324, Loss: 4.5470
  Batch 5940/8324, Loss: 4.0970
  Batch 5950/8324, Loss: 4.4429
  Batch 5960/8324, Loss: 4.8251
  Batch 5970/8324, Loss: 4.5583
  Batch 5980/8324, Loss: 3.9899
  Batch 5990/8324, Loss: 4.5318
  Batch 6000/8324, Loss: 4.1467
  Batch 6010/8324, Loss: 4.1597
  Batch 6020/8324, Loss: 4.6212
  Batch 6030/8324, Loss: 4.7574
  Batch 6040/8324, Loss: 4.1553
  Batch 6050/8324, Loss: 4.2103
  Batch 6060/8324, Loss: 3.6862
  Batch 6070/8324, Loss: 3.8168
  Batch 6080/8324, Loss: 3.3155
  Batch 6090/8324, Loss: 3.4959
  Batch 6100/8324, Loss: 4.6091
  Batch 6110/8324, Loss: 4.7099
  Batch 6120/8324, Loss: 4.1488
  Batch 6130/8324, Loss: 4.4233
  Batch 6140/8324, Loss: 4.4984
  Batch 6150/8324, Loss: 4.2289
  Batch 6160/8324, Loss: 4.7002
  Batch 6170/8324, Loss: 3.6163
  Batch 6180/8324, Loss: 4.2249
  Batch 6190/8324, Loss: 3.8586
  Batch 6200/8324, Loss: 3.9036
  Batch 6210/8324, Loss: 4.4791
  Batch 6220/8324, Loss: 4.8511
  Batch 6230/8324, Loss: 4.2169
  Batch 6240/8324, Loss: 4.3220
  Batch 6250/8324, Loss: 4.4720
  Batch 6260/8324, Loss: 4.3918
  Batch 6270/8324, Loss: 4.1652
  Batch 6280/8324, Loss: 3.2861
  Batch 6290/8324, Loss: 4.1509
  Batch 6300/8324, Loss: 4.3184
  Batch 6310/8324, Loss: 4.2594
  Batch 6320/8324, Loss: 4.2675
  Batch 6330/8324, Loss: 4.3430
  Batch 6340/8324, Loss: 4.4017
  Batch 6350/8324, Loss: 4.2014
  Batch 6360/8324, Loss: 4.3509
  Batch 6370/8324, Loss: 3.8901
  Batch 6380/8324, Loss: 4.7406
  Batch 6390/8324, Loss: 4.5108
  Batch 6400/8324, Loss: 3.9193
  Batch 6410/8324, Loss: 4.5051
  Batch 6420/8324, Loss: 4.9498
  Batch 6430/8324, Loss: 4.1365
  Batch 6440/8324, Loss: 4.2811
  Batch 6450/8324, Loss: 4.1539
  Batch 6460/8324, Loss: 4.6503
  Batch 6470/8324, Loss: 3.8657
  Batch 6480/8324, Loss: 4.3445
  Batch 6490/8324, Loss: 4.8860
  Batch 6500/8324, Loss: 4.6478
  Batch 6510/8324, Loss: 4.1582
  Batch 6520/8324, Loss: 4.3706
  Batch 6530/8324, Loss: 4.5198
  Batch 6540/8324, Loss: 4.4836
  Batch 6550/8324, Loss: 4.6036
  Batch 6560/8324, Loss: 4.7367
  Batch 6570/8324, Loss: 4.5175
  Batch 6580/8324, Loss: 4.7873
  Batch 6590/8324, Loss: 4.2321
  Batch 6600/8324, Loss: 3.9980
  Batch 6610/8324, Loss: 4.5256
  Batch 6620/8324, Loss: 4.3457
  Batch 6630/8324, Loss: 3.8402
  Batch 6640/8324, Loss: 4.5928
  Batch 6650/8324, Loss: 3.9239
  Batch 6660/8324, Loss: 4.3209
  Batch 6670/8324, Loss: 4.3237
  Batch 6680/8324, Loss: 4.4862
  Batch 6690/8324, Loss: 4.0786
  Batch 6700/8324, Loss: 4.1472
  Batch 6710/8324, Loss: 3.9350
  Batch 6720/8324, Loss: 4.8247
  Batch 6730/8324, Loss: 3.1492
  Batch 6740/8324, Loss: 4.2915
  Batch 6750/8324, Loss: 3.7853
  Batch 6760/8324, Loss: 4.5201
  Batch 6770/8324, Loss: 3.8125
  Batch 6780/8324, Loss: 4.9646
  Batch 6790/8324, Loss: 3.8845
  Batch 6800/8324, Loss: 4.1136
  Batch 6810/8324, Loss: 3.8878
  Batch 6820/8324, Loss: 5.0682
  Batch 6830/8324, Loss: 4.3207
  Batch 6840/8324, Loss: 4.3170
  Batch 6850/8324, Loss: 4.8131
  Batch 6860/8324, Loss: 4.9380
  Batch 6870/8324, Loss: 4.5463
  Batch 6880/8324, Loss: 4.5906
  Batch 6890/8324, Loss: 4.3281
  Batch 6900/8324, Loss: 4.1096
  Batch 6910/8324, Loss: 4.2036
  Batch 6920/8324, Loss: 4.2686
  Batch 6930/8324, Loss: 4.3311
  Batch 6940/8324, Loss: 4.5521
  Batch 6950/8324, Loss: 3.4348
  Batch 6960/8324, Loss: 3.1715
  Batch 6970/8324, Loss: 3.9671
  Batch 6980/8324, Loss: 3.8386
  Batch 6990/8324, Loss: 3.6089
  Batch 7000/8324, Loss: 4.3366
  Batch 7010/8324, Loss: 4.3206
  Batch 7020/8324, Loss: 4.3228
  Batch 7030/8324, Loss: 4.3655
  Batch 7040/8324, Loss: 4.0253
  Batch 7050/8324, Loss: 4.3275
  Batch 7060/8324, Loss: 4.4794
  Batch 7070/8324, Loss: 4.3511
  Batch 7080/8324, Loss: 4.6943
  Batch 7090/8324, Loss: 3.9596
  Batch 7100/8324, Loss: 3.9717
  Batch 7110/8324, Loss: 4.3362
  Batch 7120/8324, Loss: 3.9569
  Batch 7130/8324, Loss: 4.1057
  Batch 7140/8324, Loss: 4.2501
  Batch 7150/8324, Loss: 4.8941
  Batch 7160/8324, Loss: 3.9060
  Batch 7170/8324, Loss: 4.2670
  Batch 7180/8324, Loss: 3.9118
  Batch 7190/8324, Loss: 4.4955
  Batch 7200/8324, Loss: 4.2401
  Batch 7210/8324, Loss: 4.2952
  Batch 7220/8324, Loss: 4.1005
  Batch 7230/8324, Loss: 4.1370
  Batch 7240/8324, Loss: 3.1918
  Batch 7250/8324, Loss: 4.0195
  Batch 7260/8324, Loss: 4.5581
  Batch 7270/8324, Loss: 4.2891
  Batch 7280/8324, Loss: 3.8752
  Batch 7290/8324, Loss: 4.1857
  Batch 7300/8324, Loss: 4.0918
  Batch 7310/8324, Loss: 4.2528
  Batch 7320/8324, Loss: 4.3982
  Batch 7330/8324, Loss: 3.9985
  Batch 7340/8324, Loss: 4.4125
  Batch 7350/8324, Loss: 4.1429
  Batch 7360/8324, Loss: 4.3784
  Batch 7370/8324, Loss: 4.8501
  Batch 7380/8324, Loss: 4.0358
  Batch 7390/8324, Loss: 4.5664
  Batch 7400/8324, Loss: 3.8652
  Batch 7410/8324, Loss: 3.4747
  Batch 7420/8324, Loss: 4.4716
  Batch 7430/8324, Loss: 4.1759
  Batch 7440/8324, Loss: 3.7053
  Batch 7450/8324, Loss: 4.7022
  Batch 7460/8324, Loss: 4.0695
  Batch 7470/8324, Loss: 4.9964
  Batch 7480/8324, Loss: 4.3224
  Batch 7490/8324, Loss: 4.0074
  Batch 7500/8324, Loss: 3.3472
  Batch 7510/8324, Loss: 4.0836
  Batch 7520/8324, Loss: 4.4311
  Batch 7530/8324, Loss: 4.1234
  Batch 7540/8324, Loss: 4.9193
  Batch 7550/8324, Loss: 4.3883
  Batch 7560/8324, Loss: 4.1310
  Batch 7570/8324, Loss: 4.4884
  Batch 7580/8324, Loss: 4.1204
  Batch 7590/8324, Loss: 3.8171
  Batch 7600/8324, Loss: 4.9059
  Batch 7610/8324, Loss: 4.2845
  Batch 7620/8324, Loss: 4.2399
  Batch 7630/8324, Loss: 4.1775
  Batch 7640/8324, Loss: 4.3356
  Batch 7650/8324, Loss: 4.3644
  Batch 7660/8324, Loss: 4.5348
  Batch 7670/8324, Loss: 4.6639
  Batch 7680/8324, Loss: 3.9650
  Batch 7690/8324, Loss: 3.8506
  Batch 7700/8324, Loss: 4.3898
  Batch 7710/8324, Loss: 4.4657
  Batch 7720/8324, Loss: 4.5479
  Batch 7730/8324, Loss: 3.7717
  Batch 7740/8324, Loss: 3.8775
  Batch 7750/8324, Loss: 4.2066
  Batch 7760/8324, Loss: 4.4538
  Batch 7770/8324, Loss: 4.5623
  Batch 7780/8324, Loss: 4.1984
  Batch 7790/8324, Loss: 4.4845
  Batch 7800/8324, Loss: 4.8881
  Batch 7810/8324, Loss: 4.4341
  Batch 7820/8324, Loss: 4.1477
  Batch 7830/8324, Loss: 3.5628
  Batch 7840/8324, Loss: 4.3416
  Batch 7850/8324, Loss: 3.8977
  Batch 7860/8324, Loss: 3.8908
  Batch 7870/8324, Loss: 4.2724
  Batch 7880/8324, Loss: 4.7050
  Batch 7890/8324, Loss: 4.0657
  Batch 7900/8324, Loss: 4.2746
  Batch 7910/8324, Loss: 3.3155
  Batch 7920/8324, Loss: 3.9063
  Batch 7930/8324, Loss: 4.2454
  Batch 7940/8324, Loss: 3.9261
  Batch 7950/8324, Loss: 4.4582
  Batch 7960/8324, Loss: 4.1746
  Batch 7970/8324, Loss: 4.3417
  Batch 7980/8324, Loss: 4.3223
  Batch 7990/8324, Loss: 4.8128
  Batch 8000/8324, Loss: 4.8030
  Batch 8010/8324, Loss: 4.1764
  Batch 8020/8324, Loss: 3.6181
  Batch 8030/8324, Loss: 4.1473
  Batch 8040/8324, Loss: 4.0123
  Batch 8050/8324, Loss: 3.8097
  Batch 8060/8324, Loss: 4.6375
  Batch 8070/8324, Loss: 3.9437
  Batch 8080/8324, Loss: 4.4504
  Batch 8090/8324, Loss: 4.3119
  Batch 8100/8324, Loss: 3.5453
  Batch 8110/8324, Loss: 3.4456
  Batch 8120/8324, Loss: 4.0068
  Batch 8130/8324, Loss: 4.0795
  Batch 8140/8324, Loss: 3.9656
  Batch 8150/8324, Loss: 4.4298
  Batch 8160/8324, Loss: 4.7171
  Batch 8170/8324, Loss: 3.9349
  Batch 8180/8324, Loss: 3.9185
  Batch 8190/8324, Loss: 4.5090
  Batch 8200/8324, Loss: 4.0688
  Batch 8210/8324, Loss: 4.3555
  Batch 8220/8324, Loss: 4.2657
  Batch 8230/8324, Loss: 3.6263
  Batch 8240/8324, Loss: 4.3439
  Batch 8250/8324, Loss: 4.3529
  Batch 8260/8324, Loss: 4.4410
  Batch 8270/8324, Loss: 3.9238
  Batch 8280/8324, Loss: 4.3817
  Batch 8290/8324, Loss: 4.1663
  Batch 8300/8324, Loss: 4.8590
  Batch 8310/8324, Loss: 4.2743
  Batch 8320/8324, Loss: 4.4876

  Train Loss: 4.2071
  Val Loss: 6.7960
  Time: 26m 32s
  ✓ Saved checkpoint to /scratch/aitordiez/News2Stock/summaries/simple_seq2seq/checkpoints/checkpoint_epoch_20.pt


================================================================================
TRAINING COMPLETE!
================================================================================
Best validation loss: 6.6547
Best model saved to: /scratch/aitordiez/News2Stock/summaries/simple_seq2seq/checkpoints/best_model.pt
Training log saved to: /scratch/aitordiez/News2Stock/summaries/simple_seq2seq/logs/training_20251127_173002.log

Note: Apple news is reserved for inference/testing in a separate script.
Training completed successfully!
Ending time: Fri Nov 28 02:49:37 CET 2025
Running inference on test examples...
================================================================================
PREPROCESSING NEWS DATASET
================================================================================
Loading data from all companies (excluding Apple)...
  ✓ Loaded amazon: 12391 examples
  ✓ Loaded google: 13341 examples
  ✓ Loaded meta: 15187 examples
  ✓ Loaded microsoft: 12932 examples
  ✓ Loaded nvidia: 10215 examples
  ✓ Loaded tesla: 27131 examples

✓ Total combined: 91197 examples
Dataset shape: (91197, 7)
Columns: ['id', 'author', 'created', 'title', 'teaser', 'clean_body', 'body_summary']

✓ Using 'clean_body' as source (original text)
✓ Using 'body_summary' as target (summary)

After removing NaN: 91197 examples

Cleaning and tokenizing...
Final dataset size: 83234 examples

Source statistics:
  Mean length: 506.2
  Max length: 68068
  Min length: 10

Target statistics:
  Mean length: 73.6
  Max length: 359
  Min length: 24

Data split:
  Train: 66587 examples (80%)
  Val: 16647 examples (20%)

================================================================================
BUILDING VOCABULARY
================================================================================
Vocabulary built with 20000 words
Most common words: [('the', 1842441), ('to', 1066171), ('of', 872241), ('a', 794618), ('and', 743766), ('in', 691709), ('s', 564561), ('on', 448137), ('for', 405958), ('is', 401809)]

================================================================================
SAVING PREPROCESSED DATA
================================================================================
Saved preprocessed data to: /scratch/aitordiez/News2Stock/summaries/simple_seq2seq/preprocessed_data.pkl
Vocabulary size: 20000

Preprocessing complete!
Job finished at: Fri Nov 28 02:50:58 CET 2025
