Job ID: 3825987
Running on node: hyperion-030.sw.ehu.es
Starting time: Thu Nov 27 22:51:42 CET 2025
GPU assigned: 0
Working directory: /scratch/aitordiez/News2Stock/summaries/pointer_generator_fasttext
Starting training...
================================================================================
POINTER-GENERATOR NETWORK TRAINING (FastText)
================================================================================

✓ Using device: cuda

Loading preprocessed data...
✓ Train: 66587 examples
✓ Val: 16647 examples
✓ Vocabulary size: 20000

✓ Created dataloaders (batch_size=16)

================================================================================
INITIALIZING MODEL
================================================================================

Initializing embeddings with FastText...
Loading FastText model from /scratch/aitordiez/News2Stock/models/cc.en.300.bin...
✓ FastText model loaded
Initializing embeddings with FastText vectors...
✓ Initialized 19999/20000 embeddings with FastText vectors
Loading FastText model from /scratch/aitordiez/News2Stock/models/cc.en.300.bin...
✓ FastText model loaded
Initializing embeddings with FastText vectors...
✓ Initialized 19999/20000 embeddings with FastText vectors
✓ FastText embeddings loaded
✓ Model initialized
✓ Trainable parameters: 20,035,919
✓ Coverage mechanism: Disabled
✓ Optimizer: Adam (lr=0.001)
✓ LR Scheduler: ReduceLROnPlateau (patience=2)

================================================================================
TRAINING
================================================================================
✓ Logging to: /scratch/aitordiez/News2Stock/summaries/pointer_generator_fasttext/logs/training_20251127_225217.log

Epoch 1/20
----------------------------------------
  Batch 10/4162, Loss: 7.5285, NLL: 7.5285, Coverage: 0.0000
  Batch 20/4162, Loss: 6.5194, NLL: 6.5194, Coverage: 0.0000
  Batch 30/4162, Loss: 6.5214, NLL: 6.5214, Coverage: 0.0000
  Batch 40/4162, Loss: 6.5083, NLL: 6.5083, Coverage: 0.0000
  Batch 50/4162, Loss: 6.9307, NLL: 6.9307, Coverage: 0.0000
  Batch 60/4162, Loss: 6.5146, NLL: 6.5146, Coverage: 0.0000
  Batch 70/4162, Loss: 6.1863, NLL: 6.1863, Coverage: 0.0000
  Batch 80/4162, Loss: 6.4582, NLL: 6.4582, Coverage: 0.0000
  Batch 90/4162, Loss: 6.4685, NLL: 6.4685, Coverage: 0.0000
  Batch 100/4162, Loss: 6.2756, NLL: 6.2756, Coverage: 0.0000
  Batch 110/4162, Loss: 6.5500, NLL: 6.5500, Coverage: 0.0000
  Batch 120/4162, Loss: 6.0949, NLL: 6.0949, Coverage: 0.0000
  Batch 130/4162, Loss: 6.4884, NLL: 6.4884, Coverage: 0.0000
  Batch 140/4162, Loss: 6.1753, NLL: 6.1753, Coverage: 0.0000
  Batch 150/4162, Loss: 6.1808, NLL: 6.1808, Coverage: 0.0000
  Batch 160/4162, Loss: 6.2992, NLL: 6.2992, Coverage: 0.0000
  Batch 170/4162, Loss: 6.3129, NLL: 6.3129, Coverage: 0.0000
  Batch 180/4162, Loss: 6.2352, NLL: 6.2352, Coverage: 0.0000
  Batch 190/4162, Loss: 6.2822, NLL: 6.2822, Coverage: 0.0000
  Batch 200/4162, Loss: 6.2783, NLL: 6.2783, Coverage: 0.0000
  Batch 210/4162, Loss: 6.2683, NLL: 6.2683, Coverage: 0.0000
  Batch 220/4162, Loss: 6.0746, NLL: 6.0746, Coverage: 0.0000
  Batch 230/4162, Loss: 6.2461, NLL: 6.2461, Coverage: 0.0000
  Batch 240/4162, Loss: 6.4149, NLL: 6.4149, Coverage: 0.0000
  Batch 250/4162, Loss: 6.1247, NLL: 6.1247, Coverage: 0.0000
  Batch 260/4162, Loss: 5.9967, NLL: 5.9967, Coverage: 0.0000
  Batch 270/4162, Loss: 6.3663, NLL: 6.3663, Coverage: 0.0000
  Batch 280/4162, Loss: 6.2899, NLL: 6.2899, Coverage: 0.0000
  Batch 290/4162, Loss: 6.2097, NLL: 6.2097, Coverage: 0.0000
  Batch 300/4162, Loss: 6.4536, NLL: 6.4536, Coverage: 0.0000
  Batch 310/4162, Loss: 6.2043, NLL: 6.2043, Coverage: 0.0000
  Batch 320/4162, Loss: 6.2008, NLL: 6.2008, Coverage: 0.0000
  Batch 330/4162, Loss: 6.2883, NLL: 6.2883, Coverage: 0.0000
  Batch 340/4162, Loss: 6.3871, NLL: 6.3871, Coverage: 0.0000
  Batch 350/4162, Loss: 6.1424, NLL: 6.1424, Coverage: 0.0000
  Batch 360/4162, Loss: 5.9457, NLL: 5.9457, Coverage: 0.0000
  Batch 370/4162, Loss: 6.5859, NLL: 6.5859, Coverage: 0.0000
  Batch 380/4162, Loss: 6.2403, NLL: 6.2403, Coverage: 0.0000
  Batch 390/4162, Loss: 6.1447, NLL: 6.1447, Coverage: 0.0000
  Batch 400/4162, Loss: 6.2516, NLL: 6.2516, Coverage: 0.0000
  Batch 410/4162, Loss: 5.9776, NLL: 5.9776, Coverage: 0.0000
  Batch 420/4162, Loss: 6.0867, NLL: 6.0867, Coverage: 0.0000
  Batch 430/4162, Loss: 6.2836, NLL: 6.2836, Coverage: 0.0000
  Batch 440/4162, Loss: 6.3975, NLL: 6.3975, Coverage: 0.0000
  Batch 450/4162, Loss: 6.0695, NLL: 6.0695, Coverage: 0.0000
  Batch 460/4162, Loss: 6.2034, NLL: 6.2034, Coverage: 0.0000
  Batch 470/4162, Loss: 6.1653, NLL: 6.1653, Coverage: 0.0000
  Batch 480/4162, Loss: 5.9850, NLL: 5.9850, Coverage: 0.0000
  Batch 490/4162, Loss: 6.3822, NLL: 6.3822, Coverage: 0.0000
  Batch 500/4162, Loss: 5.9675, NLL: 5.9675, Coverage: 0.0000
  Batch 510/4162, Loss: 6.0364, NLL: 6.0364, Coverage: 0.0000
  Batch 520/4162, Loss: 6.0891, NLL: 6.0891, Coverage: 0.0000
  Batch 530/4162, Loss: 5.8980, NLL: 5.8980, Coverage: 0.0000
  Batch 540/4162, Loss: 6.1006, NLL: 6.1006, Coverage: 0.0000
  Batch 550/4162, Loss: 6.0112, NLL: 6.0112, Coverage: 0.0000
  Batch 560/4162, Loss: 5.8773, NLL: 5.8773, Coverage: 0.0000
  Batch 570/4162, Loss: 6.2067, NLL: 6.2067, Coverage: 0.0000
  Batch 580/4162, Loss: 5.8581, NLL: 5.8581, Coverage: 0.0000
  Batch 590/4162, Loss: 5.6711, NLL: 5.6711, Coverage: 0.0000
  Batch 600/4162, Loss: 5.8171, NLL: 5.8171, Coverage: 0.0000
  Batch 610/4162, Loss: 6.2725, NLL: 6.2725, Coverage: 0.0000
  Batch 620/4162, Loss: 6.0489, NLL: 6.0489, Coverage: 0.0000
  Batch 630/4162, Loss: 5.9462, NLL: 5.9462, Coverage: 0.0000
  Batch 640/4162, Loss: 5.9720, NLL: 5.9720, Coverage: 0.0000
  Batch 650/4162, Loss: 6.2002, NLL: 6.2002, Coverage: 0.0000
  Batch 660/4162, Loss: 5.9036, NLL: 5.9036, Coverage: 0.0000
  Batch 670/4162, Loss: 6.2472, NLL: 6.2472, Coverage: 0.0000
  Batch 680/4162, Loss: 5.7716, NLL: 5.7716, Coverage: 0.0000
  Batch 690/4162, Loss: 5.8090, NLL: 5.8090, Coverage: 0.0000
  Batch 700/4162, Loss: 5.9114, NLL: 5.9114, Coverage: 0.0000
  Batch 710/4162, Loss: 5.7337, NLL: 5.7337, Coverage: 0.0000
  Batch 720/4162, Loss: 6.1714, NLL: 6.1714, Coverage: 0.0000
  Batch 730/4162, Loss: 5.7794, NLL: 5.7794, Coverage: 0.0000
  Batch 740/4162, Loss: 5.8370, NLL: 5.8370, Coverage: 0.0000
  Batch 750/4162, Loss: 5.9271, NLL: 5.9271, Coverage: 0.0000
  Batch 760/4162, Loss: 6.1910, NLL: 6.1910, Coverage: 0.0000
  Batch 770/4162, Loss: 5.7899, NLL: 5.7899, Coverage: 0.0000
  Batch 780/4162, Loss: 5.9023, NLL: 5.9023, Coverage: 0.0000
  Batch 790/4162, Loss: 5.5928, NLL: 5.5928, Coverage: 0.0000
  Batch 800/4162, Loss: 5.9127, NLL: 5.9127, Coverage: 0.0000
  Batch 810/4162, Loss: 5.7791, NLL: 5.7791, Coverage: 0.0000
  Batch 820/4162, Loss: 5.8908, NLL: 5.8908, Coverage: 0.0000
  Batch 830/4162, Loss: 6.0439, NLL: 6.0439, Coverage: 0.0000
  Batch 840/4162, Loss: 5.8067, NLL: 5.8067, Coverage: 0.0000
  Batch 850/4162, Loss: 5.6866, NLL: 5.6866, Coverage: 0.0000
  Batch 860/4162, Loss: 5.5457, NLL: 5.5457, Coverage: 0.0000
  Batch 870/4162, Loss: 5.5322, NLL: 5.5322, Coverage: 0.0000
  Batch 880/4162, Loss: 5.7577, NLL: 5.7577, Coverage: 0.0000
  Batch 890/4162, Loss: 5.5475, NLL: 5.5475, Coverage: 0.0000
  Batch 900/4162, Loss: 5.9373, NLL: 5.9373, Coverage: 0.0000
  Batch 910/4162, Loss: 5.6914, NLL: 5.6914, Coverage: 0.0000
  Batch 920/4162, Loss: 5.4746, NLL: 5.4746, Coverage: 0.0000
  Batch 930/4162, Loss: 5.7345, NLL: 5.7345, Coverage: 0.0000
  Batch 940/4162, Loss: 5.7794, NLL: 5.7794, Coverage: 0.0000
  Batch 950/4162, Loss: 5.4730, NLL: 5.4730, Coverage: 0.0000
  Batch 960/4162, Loss: 5.8383, NLL: 5.8383, Coverage: 0.0000
  Batch 970/4162, Loss: 5.9564, NLL: 5.9564, Coverage: 0.0000
  Batch 980/4162, Loss: 5.7907, NLL: 5.7907, Coverage: 0.0000
  Batch 990/4162, Loss: 5.2948, NLL: 5.2948, Coverage: 0.0000
  Batch 1000/4162, Loss: 5.5275, NLL: 5.5275, Coverage: 0.0000
  Batch 1010/4162, Loss: 5.5589, NLL: 5.5589, Coverage: 0.0000
  Batch 1020/4162, Loss: 5.7032, NLL: 5.7032, Coverage: 0.0000
  Batch 1030/4162, Loss: 5.7292, NLL: 5.7292, Coverage: 0.0000
  Batch 1040/4162, Loss: 5.5993, NLL: 5.5993, Coverage: 0.0000
  Batch 1050/4162, Loss: 5.7096, NLL: 5.7096, Coverage: 0.0000
  Batch 1060/4162, Loss: 5.5942, NLL: 5.5942, Coverage: 0.0000
  Batch 1070/4162, Loss: 5.3133, NLL: 5.3133, Coverage: 0.0000
  Batch 1080/4162, Loss: 5.6674, NLL: 5.6674, Coverage: 0.0000
  Batch 1090/4162, Loss: 5.5930, NLL: 5.5930, Coverage: 0.0000
  Batch 1100/4162, Loss: 5.2196, NLL: 5.2196, Coverage: 0.0000
  Batch 1110/4162, Loss: 5.5081, NLL: 5.5081, Coverage: 0.0000
  Batch 1120/4162, Loss: 5.6357, NLL: 5.6357, Coverage: 0.0000
  Batch 1130/4162, Loss: 5.5347, NLL: 5.5347, Coverage: 0.0000
  Batch 1140/4162, Loss: 5.6868, NLL: 5.6868, Coverage: 0.0000
  Batch 1150/4162, Loss: 5.5549, NLL: 5.5549, Coverage: 0.0000
  Batch 1160/4162, Loss: 5.7768, NLL: 5.7768, Coverage: 0.0000
  Batch 1170/4162, Loss: 5.5971, NLL: 5.5971, Coverage: 0.0000
  Batch 1180/4162, Loss: 5.6161, NLL: 5.6161, Coverage: 0.0000
  Batch 1190/4162, Loss: 5.9144, NLL: 5.9144, Coverage: 0.0000
  Batch 1200/4162, Loss: 5.6613, NLL: 5.6613, Coverage: 0.0000
  Batch 1210/4162, Loss: 5.8819, NLL: 5.8819, Coverage: 0.0000
  Batch 1220/4162, Loss: 5.4688, NLL: 5.4688, Coverage: 0.0000
  Batch 1230/4162, Loss: 5.5979, NLL: 5.5979, Coverage: 0.0000
  Batch 1240/4162, Loss: 5.6205, NLL: 5.6205, Coverage: 0.0000
  Batch 1250/4162, Loss: 5.4581, NLL: 5.4581, Coverage: 0.0000
  Batch 1260/4162, Loss: 5.5450, NLL: 5.5450, Coverage: 0.0000
  Batch 1270/4162, Loss: 5.6092, NLL: 5.6092, Coverage: 0.0000
  Batch 1280/4162, Loss: 5.4436, NLL: 5.4436, Coverage: 0.0000
  Batch 1290/4162, Loss: 5.5362, NLL: 5.5362, Coverage: 0.0000
  Batch 1300/4162, Loss: 5.4519, NLL: 5.4519, Coverage: 0.0000
  Batch 1310/4162, Loss: 5.6898, NLL: 5.6898, Coverage: 0.0000
  Batch 1320/4162, Loss: 5.7526, NLL: 5.7526, Coverage: 0.0000
  Batch 1330/4162, Loss: 5.4882, NLL: 5.4882, Coverage: 0.0000
  Batch 1340/4162, Loss: 5.5420, NLL: 5.5420, Coverage: 0.0000
  Batch 1350/4162, Loss: 5.5080, NLL: 5.5080, Coverage: 0.0000
  Batch 1360/4162, Loss: 5.5524, NLL: 5.5524, Coverage: 0.0000
  Batch 1370/4162, Loss: 5.4572, NLL: 5.4572, Coverage: 0.0000
  Batch 1380/4162, Loss: 5.4537, NLL: 5.4537, Coverage: 0.0000
  Batch 1390/4162, Loss: 5.5091, NLL: 5.5091, Coverage: 0.0000
  Batch 1400/4162, Loss: 5.3840, NLL: 5.3840, Coverage: 0.0000
  Batch 1410/4162, Loss: 5.5621, NLL: 5.5621, Coverage: 0.0000
  Batch 1420/4162, Loss: 6.0895, NLL: 6.0895, Coverage: 0.0000
  Batch 1430/4162, Loss: 5.6948, NLL: 5.6948, Coverage: 0.0000
  Batch 1440/4162, Loss: 5.4450, NLL: 5.4450, Coverage: 0.0000
  Batch 1450/4162, Loss: 5.5115, NLL: 5.5115, Coverage: 0.0000
  Batch 1460/4162, Loss: 5.2904, NLL: 5.2904, Coverage: 0.0000
  Batch 1470/4162, Loss: 5.5131, NLL: 5.5131, Coverage: 0.0000
  Batch 1480/4162, Loss: 5.8164, NLL: 5.8164, Coverage: 0.0000
  Batch 1490/4162, Loss: 5.3985, NLL: 5.3985, Coverage: 0.0000
  Batch 1500/4162, Loss: 5.3154, NLL: 5.3154, Coverage: 0.0000
  Batch 1510/4162, Loss: 5.5959, NLL: 5.5959, Coverage: 0.0000
  Batch 1520/4162, Loss: 5.3721, NLL: 5.3721, Coverage: 0.0000
  Batch 1530/4162, Loss: 5.5128, NLL: 5.5128, Coverage: 0.0000
  Batch 1540/4162, Loss: 5.3913, NLL: 5.3913, Coverage: 0.0000
  Batch 1550/4162, Loss: 5.3525, NLL: 5.3525, Coverage: 0.0000
  Batch 1560/4162, Loss: 5.4023, NLL: 5.4023, Coverage: 0.0000
  Batch 1570/4162, Loss: 5.6427, NLL: 5.6427, Coverage: 0.0000
  Batch 1580/4162, Loss: 5.2896, NLL: 5.2896, Coverage: 0.0000
  Batch 1590/4162, Loss: 5.1222, NLL: 5.1222, Coverage: 0.0000
  Batch 1600/4162, Loss: 5.2285, NLL: 5.2285, Coverage: 0.0000
  Batch 1610/4162, Loss: 5.7887, NLL: 5.7887, Coverage: 0.0000
  Batch 1620/4162, Loss: 5.4048, NLL: 5.4048, Coverage: 0.0000
  Batch 1630/4162, Loss: 5.6673, NLL: 5.6673, Coverage: 0.0000
  Batch 1640/4162, Loss: 5.2926, NLL: 5.2926, Coverage: 0.0000
  Batch 1650/4162, Loss: 5.4152, NLL: 5.4152, Coverage: 0.0000
  Batch 1660/4162, Loss: 5.7039, NLL: 5.7039, Coverage: 0.0000
  Batch 1670/4162, Loss: 5.3385, NLL: 5.3385, Coverage: 0.0000
  Batch 1680/4162, Loss: 5.4374, NLL: 5.4374, Coverage: 0.0000
  Batch 1690/4162, Loss: 5.5472, NLL: 5.5472, Coverage: 0.0000
  Batch 1700/4162, Loss: 5.5732, NLL: 5.5732, Coverage: 0.0000
  Batch 1710/4162, Loss: 5.3670, NLL: 5.3670, Coverage: 0.0000
  Batch 1720/4162, Loss: 5.4446, NLL: 5.4446, Coverage: 0.0000
  Batch 1730/4162, Loss: 5.4589, NLL: 5.4589, Coverage: 0.0000
  Batch 1740/4162, Loss: 5.0378, NLL: 5.0378, Coverage: 0.0000
  Batch 1750/4162, Loss: 5.5506, NLL: 5.5506, Coverage: 0.0000
  Batch 1760/4162, Loss: 5.7139, NLL: 5.7139, Coverage: 0.0000
  Batch 1770/4162, Loss: 5.4531, NLL: 5.4531, Coverage: 0.0000
  Batch 1780/4162, Loss: 5.2969, NLL: 5.2969, Coverage: 0.0000
  Batch 1790/4162, Loss: 4.9701, NLL: 4.9701, Coverage: 0.0000
  Batch 1800/4162, Loss: 5.3523, NLL: 5.3523, Coverage: 0.0000
  Batch 1810/4162, Loss: 5.6810, NLL: 5.6810, Coverage: 0.0000
  Batch 1820/4162, Loss: 5.4120, NLL: 5.4120, Coverage: 0.0000
  Batch 1830/4162, Loss: 5.2550, NLL: 5.2550, Coverage: 0.0000
  Batch 1840/4162, Loss: 5.4720, NLL: 5.4720, Coverage: 0.0000
  Batch 1850/4162, Loss: 5.5560, NLL: 5.5560, Coverage: 0.0000
  Batch 1860/4162, Loss: 5.6226, NLL: 5.6226, Coverage: 0.0000
  Batch 1870/4162, Loss: 5.3518, NLL: 5.3518, Coverage: 0.0000
  Batch 1880/4162, Loss: 5.4215, NLL: 5.4215, Coverage: 0.0000
  Batch 1890/4162, Loss: 5.4774, NLL: 5.4774, Coverage: 0.0000
  Batch 1900/4162, Loss: 5.6099, NLL: 5.6099, Coverage: 0.0000
  Batch 1910/4162, Loss: 5.4658, NLL: 5.4658, Coverage: 0.0000
  Batch 1920/4162, Loss: 5.2197, NLL: 5.2197, Coverage: 0.0000
  Batch 1930/4162, Loss: 5.6110, NLL: 5.6110, Coverage: 0.0000
  Batch 1940/4162, Loss: 5.9346, NLL: 5.9346, Coverage: 0.0000
  Batch 1950/4162, Loss: 5.5504, NLL: 5.5504, Coverage: 0.0000
  Batch 1960/4162, Loss: 5.4406, NLL: 5.4406, Coverage: 0.0000
  Batch 1970/4162, Loss: 5.4631, NLL: 5.4631, Coverage: 0.0000
  Batch 1980/4162, Loss: 5.4300, NLL: 5.4300, Coverage: 0.0000
  Batch 1990/4162, Loss: 5.1471, NLL: 5.1471, Coverage: 0.0000
  Batch 2000/4162, Loss: 5.8039, NLL: 5.8039, Coverage: 0.0000
  Batch 2010/4162, Loss: 5.1896, NLL: 5.1896, Coverage: 0.0000
  Batch 2020/4162, Loss: 5.6662, NLL: 5.6662, Coverage: 0.0000
  Batch 2030/4162, Loss: 5.9125, NLL: 5.9125, Coverage: 0.0000
  Batch 2040/4162, Loss: 5.1263, NLL: 5.1263, Coverage: 0.0000
  Batch 2050/4162, Loss: 5.3487, NLL: 5.3487, Coverage: 0.0000
  Batch 2060/4162, Loss: 5.4805, NLL: 5.4805, Coverage: 0.0000
  Batch 2070/4162, Loss: 5.6532, NLL: 5.6532, Coverage: 0.0000
  Batch 2080/4162, Loss: 5.3524, NLL: 5.3524, Coverage: 0.0000
  Batch 2090/4162, Loss: 5.5479, NLL: 5.5479, Coverage: 0.0000
  Batch 2100/4162, Loss: 5.5211, NLL: 5.5211, Coverage: 0.0000
  Batch 2110/4162, Loss: 5.3892, NLL: 5.3892, Coverage: 0.0000
  Batch 2120/4162, Loss: 5.3811, NLL: 5.3811, Coverage: 0.0000
  Batch 2130/4162, Loss: 5.3986, NLL: 5.3986, Coverage: 0.0000
  Batch 2140/4162, Loss: 5.2619, NLL: 5.2619, Coverage: 0.0000
  Batch 2150/4162, Loss: 5.6433, NLL: 5.6433, Coverage: 0.0000
  Batch 2160/4162, Loss: 5.5370, NLL: 5.5370, Coverage: 0.0000
  Batch 2170/4162, Loss: 5.3423, NLL: 5.3423, Coverage: 0.0000
  Batch 2180/4162, Loss: 5.3784, NLL: 5.3784, Coverage: 0.0000
  Batch 2190/4162, Loss: 5.3081, NLL: 5.3081, Coverage: 0.0000
  Batch 2200/4162, Loss: 5.3881, NLL: 5.3881, Coverage: 0.0000
  Batch 2210/4162, Loss: 5.5166, NLL: 5.5166, Coverage: 0.0000
  Batch 2220/4162, Loss: 5.0227, NLL: 5.0227, Coverage: 0.0000
  Batch 2230/4162, Loss: 5.4058, NLL: 5.4058, Coverage: 0.0000
  Batch 2240/4162, Loss: 5.3112, NLL: 5.3112, Coverage: 0.0000
  Batch 2250/4162, Loss: 5.4117, NLL: 5.4117, Coverage: 0.0000
  Batch 2260/4162, Loss: 5.0396, NLL: 5.0396, Coverage: 0.0000
  Batch 2270/4162, Loss: 5.3882, NLL: 5.3882, Coverage: 0.0000
  Batch 2280/4162, Loss: 5.3929, NLL: 5.3929, Coverage: 0.0000
  Batch 2290/4162, Loss: 5.4521, NLL: 5.4521, Coverage: 0.0000
  Batch 2300/4162, Loss: 5.7533, NLL: 5.7533, Coverage: 0.0000
  Batch 2310/4162, Loss: 5.1781, NLL: 5.1781, Coverage: 0.0000
  Batch 2320/4162, Loss: 5.2285, NLL: 5.2285, Coverage: 0.0000
  Batch 2330/4162, Loss: 5.2558, NLL: 5.2558, Coverage: 0.0000
  Batch 2340/4162, Loss: 5.4850, NLL: 5.4850, Coverage: 0.0000
  Batch 2350/4162, Loss: 5.6845, NLL: 5.6845, Coverage: 0.0000
  Batch 2360/4162, Loss: 5.7077, NLL: 5.7077, Coverage: 0.0000
  Batch 2370/4162, Loss: 4.9449, NLL: 4.9449, Coverage: 0.0000
  Batch 2380/4162, Loss: 5.3588, NLL: 5.3588, Coverage: 0.0000
  Batch 2390/4162, Loss: 5.3179, NLL: 5.3179, Coverage: 0.0000
  Batch 2400/4162, Loss: 5.3486, NLL: 5.3486, Coverage: 0.0000
  Batch 2410/4162, Loss: 4.9819, NLL: 4.9819, Coverage: 0.0000
  Batch 2420/4162, Loss: 5.1382, NLL: 5.1382, Coverage: 0.0000
  Batch 2430/4162, Loss: 5.1854, NLL: 5.1854, Coverage: 0.0000
  Batch 2440/4162, Loss: 4.9179, NLL: 4.9179, Coverage: 0.0000
  Batch 2450/4162, Loss: 5.0875, NLL: 5.0875, Coverage: 0.0000
  Batch 2460/4162, Loss: 5.4492, NLL: 5.4492, Coverage: 0.0000
  Batch 2470/4162, Loss: 5.4789, NLL: 5.4789, Coverage: 0.0000
  Batch 2480/4162, Loss: 5.3144, NLL: 5.3144, Coverage: 0.0000
  Batch 2490/4162, Loss: 5.3701, NLL: 5.3701, Coverage: 0.0000
  Batch 2500/4162, Loss: 5.6476, NLL: 5.6476, Coverage: 0.0000
  Batch 2510/4162, Loss: 5.1785, NLL: 5.1785, Coverage: 0.0000
  Batch 2520/4162, Loss: 5.3921, NLL: 5.3921, Coverage: 0.0000
  Batch 2530/4162, Loss: 5.0727, NLL: 5.0727, Coverage: 0.0000
  Batch 2540/4162, Loss: 5.1417, NLL: 5.1417, Coverage: 0.0000
  Batch 2550/4162, Loss: 5.3099, NLL: 5.3099, Coverage: 0.0000
  Batch 2560/4162, Loss: 5.1596, NLL: 5.1596, Coverage: 0.0000
  Batch 2570/4162, Loss: 5.3081, NLL: 5.3081, Coverage: 0.0000
  Batch 2580/4162, Loss: 5.1227, NLL: 5.1227, Coverage: 0.0000
  Batch 2590/4162, Loss: 5.1792, NLL: 5.1792, Coverage: 0.0000
  Batch 2600/4162, Loss: 5.4756, NLL: 5.4756, Coverage: 0.0000
  Batch 2610/4162, Loss: 5.1583, NLL: 5.1583, Coverage: 0.0000
  Batch 2620/4162, Loss: 5.2785, NLL: 5.2785, Coverage: 0.0000
  Batch 2630/4162, Loss: 4.9761, NLL: 4.9761, Coverage: 0.0000
  Batch 2640/4162, Loss: 5.3635, NLL: 5.3635, Coverage: 0.0000
  Batch 2650/4162, Loss: 5.2949, NLL: 5.2949, Coverage: 0.0000
  Batch 2660/4162, Loss: 5.2253, NLL: 5.2253, Coverage: 0.0000
  Batch 2670/4162, Loss: 5.4025, NLL: 5.4025, Coverage: 0.0000
  Batch 2680/4162, Loss: 5.1018, NLL: 5.1018, Coverage: 0.0000
  Batch 2690/4162, Loss: 5.4282, NLL: 5.4282, Coverage: 0.0000
  Batch 2700/4162, Loss: 4.9611, NLL: 4.9611, Coverage: 0.0000
  Batch 2710/4162, Loss: 5.2686, NLL: 5.2686, Coverage: 0.0000
  Batch 2720/4162, Loss: 5.3858, NLL: 5.3858, Coverage: 0.0000
  Batch 2730/4162, Loss: 5.1063, NLL: 5.1063, Coverage: 0.0000
  Batch 2740/4162, Loss: 5.3320, NLL: 5.3320, Coverage: 0.0000
  Batch 2750/4162, Loss: 5.2059, NLL: 5.2059, Coverage: 0.0000
  Batch 2760/4162, Loss: 5.5319, NLL: 5.5319, Coverage: 0.0000
  Batch 2770/4162, Loss: 5.6204, NLL: 5.6204, Coverage: 0.0000
  Batch 2780/4162, Loss: 5.3977, NLL: 5.3977, Coverage: 0.0000
  Batch 2790/4162, Loss: 4.5179, NLL: 4.5179, Coverage: 0.0000
  Batch 2800/4162, Loss: 5.4188, NLL: 5.4188, Coverage: 0.0000
  Batch 2810/4162, Loss: 5.1174, NLL: 5.1174, Coverage: 0.0000
  Batch 2820/4162, Loss: 5.4719, NLL: 5.4719, Coverage: 0.0000
  Batch 2830/4162, Loss: 5.3834, NLL: 5.3834, Coverage: 0.0000
  Batch 2840/4162, Loss: 5.4706, NLL: 5.4706, Coverage: 0.0000
  Batch 2850/4162, Loss: 5.2344, NLL: 5.2344, Coverage: 0.0000
  Batch 2860/4162, Loss: 5.5950, NLL: 5.5950, Coverage: 0.0000
  Batch 2870/4162, Loss: 5.2791, NLL: 5.2791, Coverage: 0.0000
  Batch 2880/4162, Loss: 5.0885, NLL: 5.0885, Coverage: 0.0000
  Batch 2890/4162, Loss: 5.3522, NLL: 5.3522, Coverage: 0.0000
  Batch 2900/4162, Loss: 4.9919, NLL: 4.9919, Coverage: 0.0000
  Batch 2910/4162, Loss: 5.1661, NLL: 5.1661, Coverage: 0.0000
  Batch 2920/4162, Loss: 5.0009, NLL: 5.0009, Coverage: 0.0000
  Batch 2930/4162, Loss: 5.4671, NLL: 5.4671, Coverage: 0.0000
  Batch 2940/4162, Loss: 5.1083, NLL: 5.1083, Coverage: 0.0000
  Batch 2950/4162, Loss: 5.4758, NLL: 5.4758, Coverage: 0.0000
  Batch 2960/4162, Loss: 5.1325, NLL: 5.1325, Coverage: 0.0000
  Batch 2970/4162, Loss: 5.1068, NLL: 5.1068, Coverage: 0.0000
  Batch 2980/4162, Loss: 5.3250, NLL: 5.3250, Coverage: 0.0000
  Batch 2990/4162, Loss: 5.2878, NLL: 5.2878, Coverage: 0.0000
  Batch 3000/4162, Loss: 5.3598, NLL: 5.3598, Coverage: 0.0000
  Batch 3010/4162, Loss: 5.2509, NLL: 5.2509, Coverage: 0.0000
  Batch 3020/4162, Loss: 4.6787, NLL: 4.6787, Coverage: 0.0000
  Batch 3030/4162, Loss: 5.1692, NLL: 5.1692, Coverage: 0.0000
  Batch 3040/4162, Loss: 5.3308, NLL: 5.3308, Coverage: 0.0000
  Batch 3050/4162, Loss: 5.1150, NLL: 5.1150, Coverage: 0.0000
  Batch 3060/4162, Loss: 5.4205, NLL: 5.4205, Coverage: 0.0000
  Batch 3070/4162, Loss: 5.3030, NLL: 5.3030, Coverage: 0.0000
  Batch 3080/4162, Loss: 4.8560, NLL: 4.8560, Coverage: 0.0000
  Batch 3090/4162, Loss: 5.3239, NLL: 5.3239, Coverage: 0.0000
  Batch 3100/4162, Loss: 5.4104, NLL: 5.4104, Coverage: 0.0000
  Batch 3110/4162, Loss: 4.9120, NLL: 4.9120, Coverage: 0.0000
  Batch 3120/4162, Loss: 5.4798, NLL: 5.4798, Coverage: 0.0000
  Batch 3130/4162, Loss: 5.4079, NLL: 5.4079, Coverage: 0.0000
  Batch 3140/4162, Loss: 5.3475, NLL: 5.3475, Coverage: 0.0000
  Batch 3150/4162, Loss: 5.1719, NLL: 5.1719, Coverage: 0.0000
  Batch 3160/4162, Loss: 4.9866, NLL: 4.9866, Coverage: 0.0000
  Batch 3170/4162, Loss: 5.5470, NLL: 5.5470, Coverage: 0.0000
  Batch 3180/4162, Loss: 4.8123, NLL: 4.8123, Coverage: 0.0000
  Batch 3190/4162, Loss: 4.9215, NLL: 4.9215, Coverage: 0.0000
  Batch 3200/4162, Loss: 5.4630, NLL: 5.4630, Coverage: 0.0000
  Batch 3210/4162, Loss: 5.5081, NLL: 5.5081, Coverage: 0.0000
  Batch 3220/4162, Loss: 5.0021, NLL: 5.0021, Coverage: 0.0000
  Batch 3230/4162, Loss: 5.1625, NLL: 5.1625, Coverage: 0.0000
  Batch 3240/4162, Loss: 5.2368, NLL: 5.2368, Coverage: 0.0000
  Batch 3250/4162, Loss: 4.8574, NLL: 4.8574, Coverage: 0.0000
  Batch 3260/4162, Loss: 5.0212, NLL: 5.0212, Coverage: 0.0000
  Batch 3270/4162, Loss: 5.2915, NLL: 5.2915, Coverage: 0.0000
  Batch 3280/4162, Loss: 5.1778, NLL: 5.1778, Coverage: 0.0000
  Batch 3290/4162, Loss: 5.0104, NLL: 5.0104, Coverage: 0.0000
  Batch 3300/4162, Loss: 4.9595, NLL: 4.9595, Coverage: 0.0000
  Batch 3310/4162, Loss: 5.6715, NLL: 5.6715, Coverage: 0.0000
  Batch 3320/4162, Loss: 5.2765, NLL: 5.2765, Coverage: 0.0000
  Batch 3330/4162, Loss: 5.2815, NLL: 5.2815, Coverage: 0.0000
  Batch 3340/4162, Loss: 5.2179, NLL: 5.2179, Coverage: 0.0000
  Batch 3350/4162, Loss: 5.3464, NLL: 5.3464, Coverage: 0.0000
  Batch 3360/4162, Loss: 4.9534, NLL: 4.9534, Coverage: 0.0000
  Batch 3370/4162, Loss: 5.2490, NLL: 5.2490, Coverage: 0.0000
  Batch 3380/4162, Loss: 5.0889, NLL: 5.0889, Coverage: 0.0000
  Batch 3390/4162, Loss: 5.3676, NLL: 5.3676, Coverage: 0.0000
  Batch 3400/4162, Loss: 5.0285, NLL: 5.0285, Coverage: 0.0000
  Batch 3410/4162, Loss: 5.4175, NLL: 5.4175, Coverage: 0.0000
  Batch 3420/4162, Loss: 5.4736, NLL: 5.4736, Coverage: 0.0000
  Batch 3430/4162, Loss: 5.5766, NLL: 5.5766, Coverage: 0.0000
  Batch 3440/4162, Loss: 4.9358, NLL: 4.9358, Coverage: 0.0000
  Batch 3450/4162, Loss: 5.0944, NLL: 5.0944, Coverage: 0.0000
  Batch 3460/4162, Loss: 5.0750, NLL: 5.0750, Coverage: 0.0000
  Batch 3470/4162, Loss: 5.1667, NLL: 5.1667, Coverage: 0.0000
  Batch 3480/4162, Loss: 5.1782, NLL: 5.1782, Coverage: 0.0000
  Batch 3490/4162, Loss: 5.2991, NLL: 5.2991, Coverage: 0.0000
  Batch 3500/4162, Loss: 4.8781, NLL: 4.8781, Coverage: 0.0000
  Batch 3510/4162, Loss: 5.2351, NLL: 5.2351, Coverage: 0.0000
  Batch 3520/4162, Loss: 5.0978, NLL: 5.0978, Coverage: 0.0000
  Batch 3530/4162, Loss: 5.0050, NLL: 5.0050, Coverage: 0.0000
  Batch 3540/4162, Loss: 5.2450, NLL: 5.2450, Coverage: 0.0000
  Batch 3550/4162, Loss: 5.5468, NLL: 5.5468, Coverage: 0.0000
  Batch 3560/4162, Loss: 5.3242, NLL: 5.3242, Coverage: 0.0000
  Batch 3570/4162, Loss: 5.1538, NLL: 5.1538, Coverage: 0.0000
  Batch 3580/4162, Loss: 4.8633, NLL: 4.8633, Coverage: 0.0000
  Batch 3590/4162, Loss: 5.1556, NLL: 5.1556, Coverage: 0.0000
  Batch 3600/4162, Loss: 5.1000, NLL: 5.1000, Coverage: 0.0000
  Batch 3610/4162, Loss: 5.2463, NLL: 5.2463, Coverage: 0.0000
  Batch 3620/4162, Loss: 5.0653, NLL: 5.0653, Coverage: 0.0000
  Batch 3630/4162, Loss: 5.1416, NLL: 5.1416, Coverage: 0.0000
  Batch 3640/4162, Loss: 4.8484, NLL: 4.8484, Coverage: 0.0000
  Batch 3650/4162, Loss: 5.3719, NLL: 5.3719, Coverage: 0.0000
  Batch 3660/4162, Loss: 4.9243, NLL: 4.9243, Coverage: 0.0000
  Batch 3670/4162, Loss: 5.2356, NLL: 5.2356, Coverage: 0.0000
  Batch 3680/4162, Loss: 5.3309, NLL: 5.3309, Coverage: 0.0000
  Batch 3690/4162, Loss: 4.9959, NLL: 4.9959, Coverage: 0.0000
  Batch 3700/4162, Loss: 4.9133, NLL: 4.9133, Coverage: 0.0000
  Batch 3710/4162, Loss: 4.9117, NLL: 4.9117, Coverage: 0.0000
  Batch 3720/4162, Loss: 5.3497, NLL: 5.3497, Coverage: 0.0000
  Batch 3730/4162, Loss: 5.2729, NLL: 5.2729, Coverage: 0.0000
  Batch 3740/4162, Loss: 5.1252, NLL: 5.1252, Coverage: 0.0000
  Batch 3750/4162, Loss: 4.5856, NLL: 4.5856, Coverage: 0.0000
  Batch 3760/4162, Loss: 5.2450, NLL: 5.2450, Coverage: 0.0000
  Batch 3770/4162, Loss: 5.6819, NLL: 5.6819, Coverage: 0.0000
  Batch 3780/4162, Loss: 5.2412, NLL: 5.2412, Coverage: 0.0000
  Batch 3790/4162, Loss: 5.2656, NLL: 5.2656, Coverage: 0.0000
  Batch 3800/4162, Loss: 5.1516, NLL: 5.1516, Coverage: 0.0000
  Batch 3810/4162, Loss: 4.9535, NLL: 4.9535, Coverage: 0.0000
  Batch 3820/4162, Loss: 4.7741, NLL: 4.7741, Coverage: 0.0000
  Batch 3830/4162, Loss: 5.4624, NLL: 5.4624, Coverage: 0.0000
  Batch 3840/4162, Loss: 5.2216, NLL: 5.2216, Coverage: 0.0000
  Batch 3850/4162, Loss: 5.4974, NLL: 5.4974, Coverage: 0.0000
  Batch 3860/4162, Loss: 5.0566, NLL: 5.0566, Coverage: 0.0000
  Batch 3870/4162, Loss: 4.9343, NLL: 4.9343, Coverage: 0.0000
  Batch 3880/4162, Loss: 5.1305, NLL: 5.1305, Coverage: 0.0000
  Batch 3890/4162, Loss: 4.7321, NLL: 4.7321, Coverage: 0.0000
  Batch 3900/4162, Loss: 4.9753, NLL: 4.9753, Coverage: 0.0000
  Batch 3910/4162, Loss: 5.1889, NLL: 5.1889, Coverage: 0.0000
  Batch 3920/4162, Loss: 5.1804, NLL: 5.1804, Coverage: 0.0000
  Batch 3930/4162, Loss: 5.3567, NLL: 5.3567, Coverage: 0.0000
  Batch 3940/4162, Loss: 5.0357, NLL: 5.0357, Coverage: 0.0000
  Batch 3950/4162, Loss: 4.9439, NLL: 4.9439, Coverage: 0.0000
  Batch 3960/4162, Loss: 4.8447, NLL: 4.8447, Coverage: 0.0000
  Batch 3970/4162, Loss: 5.2455, NLL: 5.2455, Coverage: 0.0000
  Batch 3980/4162, Loss: 5.3088, NLL: 5.3088, Coverage: 0.0000
  Batch 3990/4162, Loss: 5.0170, NLL: 5.0170, Coverage: 0.0000
  Batch 4000/4162, Loss: 5.3552, NLL: 5.3552, Coverage: 0.0000
  Batch 4010/4162, Loss: 4.7597, NLL: 4.7597, Coverage: 0.0000
  Batch 4020/4162, Loss: 4.9408, NLL: 4.9408, Coverage: 0.0000
  Batch 4030/4162, Loss: 5.0321, NLL: 5.0321, Coverage: 0.0000
  Batch 4040/4162, Loss: 5.2016, NLL: 5.2016, Coverage: 0.0000
  Batch 4050/4162, Loss: 5.6672, NLL: 5.6672, Coverage: 0.0000
  Batch 4060/4162, Loss: 5.0041, NLL: 5.0041, Coverage: 0.0000
  Batch 4070/4162, Loss: 5.1604, NLL: 5.1604, Coverage: 0.0000
  Batch 4080/4162, Loss: 4.5624, NLL: 4.5624, Coverage: 0.0000
  Batch 4090/4162, Loss: 4.8715, NLL: 4.8715, Coverage: 0.0000
  Batch 4100/4162, Loss: 5.1677, NLL: 5.1677, Coverage: 0.0000
  Batch 4110/4162, Loss: 5.2470, NLL: 5.2470, Coverage: 0.0000
  Batch 4120/4162, Loss: 4.8142, NLL: 4.8142, Coverage: 0.0000
  Batch 4130/4162, Loss: 4.9238, NLL: 4.9238, Coverage: 0.0000
  Batch 4140/4162, Loss: 5.0933, NLL: 5.0933, Coverage: 0.0000
  Batch 4150/4162, Loss: 5.2123, NLL: 5.2123, Coverage: 0.0000
  Batch 4160/4162, Loss: 4.9801, NLL: 4.9801, Coverage: 0.0000

  Train Loss: 5.5067 (NLL: 5.5067, Coverage: 0.0000)
  Val Loss: 6.3146 (NLL: 6.3146, Coverage: 0.0000)
  Time: 27m 52s
  ✓ New best model saved! (val_loss: 6.3146)

Epoch 2/20
----------------------------------------
  Batch 10/4162, Loss: 5.1982, NLL: 5.1982, Coverage: 0.0000
  Batch 20/4162, Loss: 5.0875, NLL: 5.0875, Coverage: 0.0000
  Batch 30/4162, Loss: 4.8585, NLL: 4.8585, Coverage: 0.0000
  Batch 40/4162, Loss: 4.7454, NLL: 4.7454, Coverage: 0.0000
  Batch 50/4162, Loss: 4.7136, NLL: 4.7136, Coverage: 0.0000
  Batch 60/4162, Loss: 5.1890, NLL: 5.1890, Coverage: 0.0000
  Batch 70/4162, Loss: 5.1725, NLL: 5.1725, Coverage: 0.0000
  Batch 80/4162, Loss: 5.2515, NLL: 5.2515, Coverage: 0.0000
  Batch 90/4162, Loss: 4.9821, NLL: 4.9821, Coverage: 0.0000
  Batch 100/4162, Loss: 4.9925, NLL: 4.9925, Coverage: 0.0000
  Batch 110/4162, Loss: 5.2922, NLL: 5.2922, Coverage: 0.0000
  Batch 120/4162, Loss: 5.1316, NLL: 5.1316, Coverage: 0.0000
  Batch 130/4162, Loss: 4.9980, NLL: 4.9980, Coverage: 0.0000
  Batch 140/4162, Loss: 4.5848, NLL: 4.5848, Coverage: 0.0000
  Batch 150/4162, Loss: 5.0640, NLL: 5.0640, Coverage: 0.0000
  Batch 160/4162, Loss: 5.2647, NLL: 5.2647, Coverage: 0.0000
  Batch 170/4162, Loss: 5.2402, NLL: 5.2402, Coverage: 0.0000
  Batch 180/4162, Loss: 4.9562, NLL: 4.9562, Coverage: 0.0000
  Batch 190/4162, Loss: 4.9765, NLL: 4.9765, Coverage: 0.0000
  Batch 200/4162, Loss: 4.6962, NLL: 4.6962, Coverage: 0.0000
  Batch 210/4162, Loss: 5.1736, NLL: 5.1736, Coverage: 0.0000
  Batch 220/4162, Loss: 5.0774, NLL: 5.0774, Coverage: 0.0000
  Batch 230/4162, Loss: 4.8740, NLL: 4.8740, Coverage: 0.0000
  Batch 240/4162, Loss: 5.3796, NLL: 5.3796, Coverage: 0.0000
  Batch 250/4162, Loss: 5.0168, NLL: 5.0168, Coverage: 0.0000
  Batch 260/4162, Loss: 5.0452, NLL: 5.0452, Coverage: 0.0000
  Batch 270/4162, Loss: 5.2234, NLL: 5.2234, Coverage: 0.0000
  Batch 280/4162, Loss: 5.0467, NLL: 5.0467, Coverage: 0.0000
  Batch 290/4162, Loss: 5.4981, NLL: 5.4981, Coverage: 0.0000
  Batch 300/4162, Loss: 5.5249, NLL: 5.5249, Coverage: 0.0000
  Batch 310/4162, Loss: 5.1244, NLL: 5.1244, Coverage: 0.0000
  Batch 320/4162, Loss: 4.7686, NLL: 4.7686, Coverage: 0.0000
  Batch 330/4162, Loss: 5.3376, NLL: 5.3376, Coverage: 0.0000
  Batch 340/4162, Loss: 4.9341, NLL: 4.9341, Coverage: 0.0000
  Batch 350/4162, Loss: 4.7994, NLL: 4.7994, Coverage: 0.0000
  Batch 360/4162, Loss: 4.8617, NLL: 4.8617, Coverage: 0.0000
  Batch 370/4162, Loss: 4.7931, NLL: 4.7931, Coverage: 0.0000
  Batch 380/4162, Loss: 4.8489, NLL: 4.8489, Coverage: 0.0000
  Batch 390/4162, Loss: 5.2156, NLL: 5.2156, Coverage: 0.0000
  Batch 400/4162, Loss: 4.9256, NLL: 4.9256, Coverage: 0.0000
  Batch 410/4162, Loss: 5.0753, NLL: 5.0753, Coverage: 0.0000
  Batch 420/4162, Loss: 4.8759, NLL: 4.8759, Coverage: 0.0000
  Batch 430/4162, Loss: 4.8312, NLL: 4.8312, Coverage: 0.0000
  Batch 440/4162, Loss: 5.2155, NLL: 5.2155, Coverage: 0.0000
  Batch 450/4162, Loss: 5.1075, NLL: 5.1075, Coverage: 0.0000
  Batch 460/4162, Loss: 5.2031, NLL: 5.2031, Coverage: 0.0000
  Batch 470/4162, Loss: 5.1078, NLL: 5.1078, Coverage: 0.0000
  Batch 480/4162, Loss: 4.8796, NLL: 4.8796, Coverage: 0.0000
  Batch 490/4162, Loss: 5.1387, NLL: 5.1387, Coverage: 0.0000
  Batch 500/4162, Loss: 4.8688, NLL: 4.8688, Coverage: 0.0000
  Batch 510/4162, Loss: 5.2276, NLL: 5.2276, Coverage: 0.0000
  Batch 520/4162, Loss: 4.7235, NLL: 4.7235, Coverage: 0.0000
  Batch 530/4162, Loss: 5.0992, NLL: 5.0992, Coverage: 0.0000
  Batch 540/4162, Loss: 5.0683, NLL: 5.0683, Coverage: 0.0000
  Batch 550/4162, Loss: 4.7657, NLL: 4.7657, Coverage: 0.0000
  Batch 560/4162, Loss: 4.9170, NLL: 4.9170, Coverage: 0.0000
  Batch 570/4162, Loss: 4.6818, NLL: 4.6818, Coverage: 0.0000
  Batch 580/4162, Loss: 4.8544, NLL: 4.8544, Coverage: 0.0000
  Batch 590/4162, Loss: 4.8953, NLL: 4.8953, Coverage: 0.0000
  Batch 600/4162, Loss: 4.7470, NLL: 4.7470, Coverage: 0.0000
  Batch 610/4162, Loss: 5.0836, NLL: 5.0836, Coverage: 0.0000
  Batch 620/4162, Loss: 4.8125, NLL: 4.8125, Coverage: 0.0000
  Batch 630/4162, Loss: 4.9489, NLL: 4.9489, Coverage: 0.0000
  Batch 640/4162, Loss: 4.8635, NLL: 4.8635, Coverage: 0.0000
  Batch 650/4162, Loss: 4.7382, NLL: 4.7382, Coverage: 0.0000
  Batch 660/4162, Loss: 4.9553, NLL: 4.9553, Coverage: 0.0000
  Batch 670/4162, Loss: 4.8868, NLL: 4.8868, Coverage: 0.0000
  Batch 680/4162, Loss: 5.0221, NLL: 5.0221, Coverage: 0.0000
  Batch 690/4162, Loss: 4.8605, NLL: 4.8605, Coverage: 0.0000
  Batch 700/4162, Loss: 5.2630, NLL: 5.2630, Coverage: 0.0000
  Batch 710/4162, Loss: 4.7172, NLL: 4.7172, Coverage: 0.0000
  Batch 720/4162, Loss: 5.0565, NLL: 5.0565, Coverage: 0.0000
  Batch 730/4162, Loss: 5.0333, NLL: 5.0333, Coverage: 0.0000
  Batch 740/4162, Loss: 4.7329, NLL: 4.7329, Coverage: 0.0000
  Batch 750/4162, Loss: 4.6531, NLL: 4.6531, Coverage: 0.0000
  Batch 760/4162, Loss: 4.8629, NLL: 4.8629, Coverage: 0.0000
  Batch 770/4162, Loss: 4.6421, NLL: 4.6421, Coverage: 0.0000
  Batch 780/4162, Loss: 4.8379, NLL: 4.8379, Coverage: 0.0000
  Batch 790/4162, Loss: 4.6628, NLL: 4.6628, Coverage: 0.0000
  Batch 800/4162, Loss: 4.9500, NLL: 4.9500, Coverage: 0.0000
  Batch 810/4162, Loss: 5.1772, NLL: 5.1772, Coverage: 0.0000
  Batch 820/4162, Loss: 5.0099, NLL: 5.0099, Coverage: 0.0000
  Batch 830/4162, Loss: 4.7091, NLL: 4.7091, Coverage: 0.0000
  Batch 840/4162, Loss: 4.5136, NLL: 4.5136, Coverage: 0.0000
  Batch 850/4162, Loss: 5.0420, NLL: 5.0420, Coverage: 0.0000
  Batch 860/4162, Loss: 4.9540, NLL: 4.9540, Coverage: 0.0000
  Batch 870/4162, Loss: 4.8243, NLL: 4.8243, Coverage: 0.0000
  Batch 880/4162, Loss: 5.0151, NLL: 5.0151, Coverage: 0.0000
  Batch 890/4162, Loss: 4.9736, NLL: 4.9736, Coverage: 0.0000
  Batch 900/4162, Loss: 4.8813, NLL: 4.8813, Coverage: 0.0000
  Batch 910/4162, Loss: 5.4600, NLL: 5.4600, Coverage: 0.0000
  Batch 920/4162, Loss: 4.9623, NLL: 4.9623, Coverage: 0.0000
  Batch 930/4162, Loss: 4.6801, NLL: 4.6801, Coverage: 0.0000
  Batch 940/4162, Loss: 4.7356, NLL: 4.7356, Coverage: 0.0000
  Batch 950/4162, Loss: 5.3102, NLL: 5.3102, Coverage: 0.0000
  Batch 960/4162, Loss: 4.8089, NLL: 4.8089, Coverage: 0.0000
  Batch 970/4162, Loss: 5.5171, NLL: 5.5171, Coverage: 0.0000
  Batch 980/4162, Loss: 4.7277, NLL: 4.7277, Coverage: 0.0000
  Batch 990/4162, Loss: 5.7766, NLL: 5.7766, Coverage: 0.0000
  Batch 1000/4162, Loss: 5.4905, NLL: 5.4905, Coverage: 0.0000
  Batch 1010/4162, Loss: 4.7260, NLL: 4.7260, Coverage: 0.0000
  Batch 1020/4162, Loss: 4.7373, NLL: 4.7373, Coverage: 0.0000
  Batch 1030/4162, Loss: 4.7623, NLL: 4.7623, Coverage: 0.0000
  Batch 1040/4162, Loss: 5.2960, NLL: 5.2960, Coverage: 0.0000
  Batch 1050/4162, Loss: 5.1163, NLL: 5.1163, Coverage: 0.0000
  Batch 1060/4162, Loss: 5.1148, NLL: 5.1148, Coverage: 0.0000
  Batch 1070/4162, Loss: 5.0859, NLL: 5.0859, Coverage: 0.0000
  Batch 1080/4162, Loss: 4.7743, NLL: 4.7743, Coverage: 0.0000
  Batch 1090/4162, Loss: 4.8827, NLL: 4.8827, Coverage: 0.0000
  Batch 1100/4162, Loss: 4.9631, NLL: 4.9631, Coverage: 0.0000
  Batch 1110/4162, Loss: 4.8927, NLL: 4.8927, Coverage: 0.0000
  Batch 1120/4162, Loss: 4.9272, NLL: 4.9272, Coverage: 0.0000
  Batch 1130/4162, Loss: 5.3035, NLL: 5.3035, Coverage: 0.0000
  Batch 1140/4162, Loss: 4.4698, NLL: 4.4698, Coverage: 0.0000
  Batch 1150/4162, Loss: 5.4852, NLL: 5.4852, Coverage: 0.0000
  Batch 1160/4162, Loss: 5.1775, NLL: 5.1775, Coverage: 0.0000
  Batch 1170/4162, Loss: 5.1400, NLL: 5.1400, Coverage: 0.0000
  Batch 1180/4162, Loss: 5.0380, NLL: 5.0380, Coverage: 0.0000
  Batch 1190/4162, Loss: 5.3375, NLL: 5.3375, Coverage: 0.0000
  Batch 1200/4162, Loss: 4.8442, NLL: 4.8442, Coverage: 0.0000
  Batch 1210/4162, Loss: 4.5875, NLL: 4.5875, Coverage: 0.0000
  Batch 1220/4162, Loss: 4.8189, NLL: 4.8189, Coverage: 0.0000
  Batch 1230/4162, Loss: 4.6101, NLL: 4.6101, Coverage: 0.0000
  Batch 1240/4162, Loss: 4.8165, NLL: 4.8165, Coverage: 0.0000
  Batch 1250/4162, Loss: 4.8661, NLL: 4.8661, Coverage: 0.0000
  Batch 1260/4162, Loss: 4.6242, NLL: 4.6242, Coverage: 0.0000
  Batch 1270/4162, Loss: 5.0222, NLL: 5.0222, Coverage: 0.0000
  Batch 1280/4162, Loss: 4.8546, NLL: 4.8546, Coverage: 0.0000
  Batch 1290/4162, Loss: 4.5481, NLL: 4.5481, Coverage: 0.0000
  Batch 1300/4162, Loss: 5.2182, NLL: 5.2182, Coverage: 0.0000
  Batch 1310/4162, Loss: 4.9656, NLL: 4.9656, Coverage: 0.0000
  Batch 1320/4162, Loss: 4.6445, NLL: 4.6445, Coverage: 0.0000
  Batch 1330/4162, Loss: 4.3339, NLL: 4.3339, Coverage: 0.0000
  Batch 1340/4162, Loss: 5.0263, NLL: 5.0263, Coverage: 0.0000
  Batch 1350/4162, Loss: 4.8869, NLL: 4.8869, Coverage: 0.0000
  Batch 1360/4162, Loss: 4.7794, NLL: 4.7794, Coverage: 0.0000
  Batch 1370/4162, Loss: 4.7273, NLL: 4.7273, Coverage: 0.0000
  Batch 1380/4162, Loss: 4.9560, NLL: 4.9560, Coverage: 0.0000
  Batch 1390/4162, Loss: 5.0272, NLL: 5.0272, Coverage: 0.0000
  Batch 1400/4162, Loss: 4.9115, NLL: 4.9115, Coverage: 0.0000
  Batch 1410/4162, Loss: 5.1636, NLL: 5.1636, Coverage: 0.0000
  Batch 1420/4162, Loss: 4.8535, NLL: 4.8535, Coverage: 0.0000
  Batch 1430/4162, Loss: 5.4802, NLL: 5.4802, Coverage: 0.0000
  Batch 1440/4162, Loss: 4.7327, NLL: 4.7327, Coverage: 0.0000
  Batch 1450/4162, Loss: 4.9738, NLL: 4.9738, Coverage: 0.0000
  Batch 1460/4162, Loss: 4.7778, NLL: 4.7778, Coverage: 0.0000
  Batch 1470/4162, Loss: 4.8738, NLL: 4.8738, Coverage: 0.0000
  Batch 1480/4162, Loss: 4.6943, NLL: 4.6943, Coverage: 0.0000
  Batch 1490/4162, Loss: 4.9706, NLL: 4.9706, Coverage: 0.0000
  Batch 1500/4162, Loss: 4.9972, NLL: 4.9972, Coverage: 0.0000
  Batch 1510/4162, Loss: 5.0180, NLL: 5.0180, Coverage: 0.0000
  Batch 1520/4162, Loss: 4.8924, NLL: 4.8924, Coverage: 0.0000
  Batch 1530/4162, Loss: 4.7913, NLL: 4.7913, Coverage: 0.0000
  Batch 1540/4162, Loss: 4.9549, NLL: 4.9549, Coverage: 0.0000
  Batch 1550/4162, Loss: 4.9844, NLL: 4.9844, Coverage: 0.0000
  Batch 1560/4162, Loss: 4.9586, NLL: 4.9586, Coverage: 0.0000
  Batch 1570/4162, Loss: 4.6177, NLL: 4.6177, Coverage: 0.0000
  Batch 1580/4162, Loss: 5.0954, NLL: 5.0954, Coverage: 0.0000
  Batch 1590/4162, Loss: 4.9356, NLL: 4.9356, Coverage: 0.0000
  Batch 1600/4162, Loss: 5.0002, NLL: 5.0002, Coverage: 0.0000
  Batch 1610/4162, Loss: 4.5843, NLL: 4.5843, Coverage: 0.0000
  Batch 1620/4162, Loss: 4.7949, NLL: 4.7949, Coverage: 0.0000
  Batch 1630/4162, Loss: 5.2768, NLL: 5.2768, Coverage: 0.0000
  Batch 1640/4162, Loss: 4.9749, NLL: 4.9749, Coverage: 0.0000
  Batch 1650/4162, Loss: 4.8648, NLL: 4.8648, Coverage: 0.0000
  Batch 1660/4162, Loss: 5.2341, NLL: 5.2341, Coverage: 0.0000
  Batch 1670/4162, Loss: 5.0062, NLL: 5.0062, Coverage: 0.0000
  Batch 1680/4162, Loss: 5.0433, NLL: 5.0433, Coverage: 0.0000
  Batch 1690/4162, Loss: 4.7917, NLL: 4.7917, Coverage: 0.0000
  Batch 1700/4162, Loss: 4.4215, NLL: 4.4215, Coverage: 0.0000
  Batch 1710/4162, Loss: 4.7825, NLL: 4.7825, Coverage: 0.0000
  Batch 1720/4162, Loss: 4.6690, NLL: 4.6690, Coverage: 0.0000
  Batch 1730/4162, Loss: 4.8731, NLL: 4.8731, Coverage: 0.0000
  Batch 1740/4162, Loss: 5.0791, NLL: 5.0791, Coverage: 0.0000
  Batch 1750/4162, Loss: 4.8477, NLL: 4.8477, Coverage: 0.0000
  Batch 1760/4162, Loss: 5.1564, NLL: 5.1564, Coverage: 0.0000
  Batch 1770/4162, Loss: 4.9277, NLL: 4.9277, Coverage: 0.0000
  Batch 1780/4162, Loss: 4.7518, NLL: 4.7518, Coverage: 0.0000
  Batch 1790/4162, Loss: 4.7226, NLL: 4.7226, Coverage: 0.0000
  Batch 1800/4162, Loss: 5.0048, NLL: 5.0048, Coverage: 0.0000
  Batch 1810/4162, Loss: 4.8855, NLL: 4.8855, Coverage: 0.0000
  Batch 1820/4162, Loss: 4.9528, NLL: 4.9528, Coverage: 0.0000
  Batch 1830/4162, Loss: 4.7657, NLL: 4.7657, Coverage: 0.0000
  Batch 1840/4162, Loss: 5.0195, NLL: 5.0195, Coverage: 0.0000
  Batch 1850/4162, Loss: 5.4754, NLL: 5.4754, Coverage: 0.0000
  Batch 1860/4162, Loss: 4.9659, NLL: 4.9659, Coverage: 0.0000
  Batch 1870/4162, Loss: 4.9251, NLL: 4.9251, Coverage: 0.0000
  Batch 1880/4162, Loss: 5.5868, NLL: 5.5868, Coverage: 0.0000
  Batch 1890/4162, Loss: 4.5873, NLL: 4.5873, Coverage: 0.0000
  Batch 1900/4162, Loss: 4.9563, NLL: 4.9563, Coverage: 0.0000
  Batch 1910/4162, Loss: 4.3372, NLL: 4.3372, Coverage: 0.0000
  Batch 1920/4162, Loss: 5.2758, NLL: 5.2758, Coverage: 0.0000
  Batch 1930/4162, Loss: 4.9825, NLL: 4.9825, Coverage: 0.0000
  Batch 1940/4162, Loss: 5.1559, NLL: 5.1559, Coverage: 0.0000
  Batch 1950/4162, Loss: 5.0159, NLL: 5.0159, Coverage: 0.0000
  Batch 1960/4162, Loss: 5.2416, NLL: 5.2416, Coverage: 0.0000
  Batch 1970/4162, Loss: 4.7653, NLL: 4.7653, Coverage: 0.0000
  Batch 1980/4162, Loss: 4.7282, NLL: 4.7282, Coverage: 0.0000
  Batch 1990/4162, Loss: 4.8320, NLL: 4.8320, Coverage: 0.0000
  Batch 2000/4162, Loss: 5.2107, NLL: 5.2107, Coverage: 0.0000
  Batch 2010/4162, Loss: 5.2954, NLL: 5.2954, Coverage: 0.0000
  Batch 2020/4162, Loss: 5.1313, NLL: 5.1313, Coverage: 0.0000
  Batch 2030/4162, Loss: 5.1297, NLL: 5.1297, Coverage: 0.0000
  Batch 2040/4162, Loss: 4.9663, NLL: 4.9663, Coverage: 0.0000
  Batch 2050/4162, Loss: 5.0026, NLL: 5.0026, Coverage: 0.0000
  Batch 2060/4162, Loss: 4.9136, NLL: 4.9136, Coverage: 0.0000
  Batch 2070/4162, Loss: 5.0824, NLL: 5.0824, Coverage: 0.0000
  Batch 2080/4162, Loss: 4.9014, NLL: 4.9014, Coverage: 0.0000
  Batch 2090/4162, Loss: 5.1613, NLL: 5.1613, Coverage: 0.0000
  Batch 2100/4162, Loss: 4.7003, NLL: 4.7003, Coverage: 0.0000
  Batch 2110/4162, Loss: 4.8922, NLL: 4.8922, Coverage: 0.0000
  Batch 2120/4162, Loss: 4.8212, NLL: 4.8212, Coverage: 0.0000
  Batch 2130/4162, Loss: 5.1282, NLL: 5.1282, Coverage: 0.0000
  Batch 2140/4162, Loss: 5.0518, NLL: 5.0518, Coverage: 0.0000
  Batch 2150/4162, Loss: 4.9113, NLL: 4.9113, Coverage: 0.0000
  Batch 2160/4162, Loss: 5.2055, NLL: 5.2055, Coverage: 0.0000
  Batch 2170/4162, Loss: 4.6619, NLL: 4.6619, Coverage: 0.0000
  Batch 2180/4162, Loss: 4.9199, NLL: 4.9199, Coverage: 0.0000
  Batch 2190/4162, Loss: 4.9970, NLL: 4.9970, Coverage: 0.0000
  Batch 2200/4162, Loss: 4.6236, NLL: 4.6236, Coverage: 0.0000
  Batch 2210/4162, Loss: 4.9707, NLL: 4.9707, Coverage: 0.0000
  Batch 2220/4162, Loss: 5.1824, NLL: 5.1824, Coverage: 0.0000
  Batch 2230/4162, Loss: 4.6272, NLL: 4.6272, Coverage: 0.0000
  Batch 2240/4162, Loss: 4.8306, NLL: 4.8306, Coverage: 0.0000
  Batch 2250/4162, Loss: 4.3884, NLL: 4.3884, Coverage: 0.0000
  Batch 2260/4162, Loss: 4.8332, NLL: 4.8332, Coverage: 0.0000
  Batch 2270/4162, Loss: 4.9673, NLL: 4.9673, Coverage: 0.0000
  Batch 2280/4162, Loss: 4.8559, NLL: 4.8559, Coverage: 0.0000
  Batch 2290/4162, Loss: 4.7023, NLL: 4.7023, Coverage: 0.0000
  Batch 2300/4162, Loss: 4.7759, NLL: 4.7759, Coverage: 0.0000
  Batch 2310/4162, Loss: 4.7807, NLL: 4.7807, Coverage: 0.0000
  Batch 2320/4162, Loss: 4.9120, NLL: 4.9120, Coverage: 0.0000
  Batch 2330/4162, Loss: 4.8491, NLL: 4.8491, Coverage: 0.0000
  Batch 2340/4162, Loss: 4.7726, NLL: 4.7726, Coverage: 0.0000
  Batch 2350/4162, Loss: 4.8580, NLL: 4.8580, Coverage: 0.0000
  Batch 2360/4162, Loss: 4.8913, NLL: 4.8913, Coverage: 0.0000
  Batch 2370/4162, Loss: 4.7649, NLL: 4.7649, Coverage: 0.0000
  Batch 2380/4162, Loss: 4.8870, NLL: 4.8870, Coverage: 0.0000
  Batch 2390/4162, Loss: 5.0176, NLL: 5.0176, Coverage: 0.0000
  Batch 2400/4162, Loss: 4.7715, NLL: 4.7715, Coverage: 0.0000
  Batch 2410/4162, Loss: 4.6875, NLL: 4.6875, Coverage: 0.0000
  Batch 2420/4162, Loss: 5.1941, NLL: 5.1941, Coverage: 0.0000
  Batch 2430/4162, Loss: 4.8282, NLL: 4.8282, Coverage: 0.0000
  Batch 2440/4162, Loss: 5.2993, NLL: 5.2993, Coverage: 0.0000
  Batch 2450/4162, Loss: 4.6582, NLL: 4.6582, Coverage: 0.0000
  Batch 2460/4162, Loss: 5.1209, NLL: 5.1209, Coverage: 0.0000
  Batch 2470/4162, Loss: 4.5163, NLL: 4.5163, Coverage: 0.0000
  Batch 2480/4162, Loss: 4.5302, NLL: 4.5302, Coverage: 0.0000
  Batch 2490/4162, Loss: 4.8872, NLL: 4.8872, Coverage: 0.0000
  Batch 2500/4162, Loss: 4.5803, NLL: 4.5803, Coverage: 0.0000
  Batch 2510/4162, Loss: 4.8173, NLL: 4.8173, Coverage: 0.0000
  Batch 2520/4162, Loss: 4.8322, NLL: 4.8322, Coverage: 0.0000
  Batch 2530/4162, Loss: 4.5788, NLL: 4.5788, Coverage: 0.0000
  Batch 2540/4162, Loss: 4.9077, NLL: 4.9077, Coverage: 0.0000
  Batch 2550/4162, Loss: 4.7305, NLL: 4.7305, Coverage: 0.0000
  Batch 2560/4162, Loss: 5.1636, NLL: 5.1636, Coverage: 0.0000
  Batch 2570/4162, Loss: 4.5974, NLL: 4.5974, Coverage: 0.0000
  Batch 2580/4162, Loss: 5.0299, NLL: 5.0299, Coverage: 0.0000
  Batch 2590/4162, Loss: 4.9720, NLL: 4.9720, Coverage: 0.0000
  Batch 2600/4162, Loss: 4.8172, NLL: 4.8172, Coverage: 0.0000
  Batch 2610/4162, Loss: 4.8218, NLL: 4.8218, Coverage: 0.0000
  Batch 2620/4162, Loss: 4.7125, NLL: 4.7125, Coverage: 0.0000
  Batch 2630/4162, Loss: 4.7978, NLL: 4.7978, Coverage: 0.0000
  Batch 2640/4162, Loss: 5.0863, NLL: 5.0863, Coverage: 0.0000
  Batch 2650/4162, Loss: 5.1331, NLL: 5.1331, Coverage: 0.0000
  Batch 2660/4162, Loss: 4.6844, NLL: 4.6844, Coverage: 0.0000
  Batch 2670/4162, Loss: 4.9913, NLL: 4.9913, Coverage: 0.0000
  Batch 2680/4162, Loss: 4.8415, NLL: 4.8415, Coverage: 0.0000
  Batch 2690/4162, Loss: 4.6208, NLL: 4.6208, Coverage: 0.0000
  Batch 2700/4162, Loss: 4.9441, NLL: 4.9441, Coverage: 0.0000
  Batch 2710/4162, Loss: 4.9790, NLL: 4.9790, Coverage: 0.0000
  Batch 2720/4162, Loss: 4.8098, NLL: 4.8098, Coverage: 0.0000
  Batch 2730/4162, Loss: 5.0148, NLL: 5.0148, Coverage: 0.0000
  Batch 2740/4162, Loss: 4.9156, NLL: 4.9156, Coverage: 0.0000
  Batch 2750/4162, Loss: 4.8521, NLL: 4.8521, Coverage: 0.0000
  Batch 2760/4162, Loss: 5.2495, NLL: 5.2495, Coverage: 0.0000
  Batch 2770/4162, Loss: 5.3294, NLL: 5.3294, Coverage: 0.0000
  Batch 2780/4162, Loss: 4.5804, NLL: 4.5804, Coverage: 0.0000
  Batch 2790/4162, Loss: 4.9207, NLL: 4.9207, Coverage: 0.0000
  Batch 2800/4162, Loss: 4.9189, NLL: 4.9189, Coverage: 0.0000
  Batch 2810/4162, Loss: 4.4419, NLL: 4.4419, Coverage: 0.0000
  Batch 2820/4162, Loss: 4.4388, NLL: 4.4388, Coverage: 0.0000
  Batch 2830/4162, Loss: 4.9870, NLL: 4.9870, Coverage: 0.0000
  Batch 2840/4162, Loss: 4.9833, NLL: 4.9833, Coverage: 0.0000
  Batch 2850/4162, Loss: 4.8899, NLL: 4.8899, Coverage: 0.0000
  Batch 2860/4162, Loss: 5.0138, NLL: 5.0138, Coverage: 0.0000
  Batch 2870/4162, Loss: 4.9263, NLL: 4.9263, Coverage: 0.0000
  Batch 2880/4162, Loss: 4.7176, NLL: 4.7176, Coverage: 0.0000
  Batch 2890/4162, Loss: 4.7371, NLL: 4.7371, Coverage: 0.0000
  Batch 2900/4162, Loss: 4.9721, NLL: 4.9721, Coverage: 0.0000
  Batch 2910/4162, Loss: 4.9061, NLL: 4.9061, Coverage: 0.0000
  Batch 2920/4162, Loss: 4.9450, NLL: 4.9450, Coverage: 0.0000
  Batch 2930/4162, Loss: 5.1674, NLL: 5.1674, Coverage: 0.0000
  Batch 2940/4162, Loss: 4.7932, NLL: 4.7932, Coverage: 0.0000
  Batch 2950/4162, Loss: 4.5199, NLL: 4.5199, Coverage: 0.0000
  Batch 2960/4162, Loss: 5.0585, NLL: 5.0585, Coverage: 0.0000
  Batch 2970/4162, Loss: 4.5811, NLL: 4.5811, Coverage: 0.0000
  Batch 2980/4162, Loss: 4.9044, NLL: 4.9044, Coverage: 0.0000
  Batch 2990/4162, Loss: 4.6385, NLL: 4.6385, Coverage: 0.0000
  Batch 3000/4162, Loss: 4.7527, NLL: 4.7527, Coverage: 0.0000
  Batch 3010/4162, Loss: 5.0288, NLL: 5.0288, Coverage: 0.0000
  Batch 3020/4162, Loss: 4.5995, NLL: 4.5995, Coverage: 0.0000
  Batch 3030/4162, Loss: 4.6218, NLL: 4.6218, Coverage: 0.0000
  Batch 3040/4162, Loss: 4.9042, NLL: 4.9042, Coverage: 0.0000
  Batch 3050/4162, Loss: 4.9364, NLL: 4.9364, Coverage: 0.0000
  Batch 3060/4162, Loss: 4.8908, NLL: 4.8908, Coverage: 0.0000
  Batch 3070/4162, Loss: 4.9716, NLL: 4.9716, Coverage: 0.0000
  Batch 3080/4162, Loss: 5.0105, NLL: 5.0105, Coverage: 0.0000
  Batch 3090/4162, Loss: 5.3225, NLL: 5.3225, Coverage: 0.0000
  Batch 3100/4162, Loss: 4.7396, NLL: 4.7396, Coverage: 0.0000
  Batch 3110/4162, Loss: 4.7459, NLL: 4.7459, Coverage: 0.0000
  Batch 3120/4162, Loss: 4.3313, NLL: 4.3313, Coverage: 0.0000
  Batch 3130/4162, Loss: 4.8679, NLL: 4.8679, Coverage: 0.0000
  Batch 3140/4162, Loss: 5.0301, NLL: 5.0301, Coverage: 0.0000
  Batch 3150/4162, Loss: 5.0149, NLL: 5.0149, Coverage: 0.0000
  Batch 3160/4162, Loss: 4.7504, NLL: 4.7504, Coverage: 0.0000
  Batch 3170/4162, Loss: 4.9549, NLL: 4.9549, Coverage: 0.0000
  Batch 3180/4162, Loss: 4.9025, NLL: 4.9025, Coverage: 0.0000
  Batch 3190/4162, Loss: 4.9389, NLL: 4.9389, Coverage: 0.0000
  Batch 3200/4162, Loss: 4.6642, NLL: 4.6642, Coverage: 0.0000
  Batch 3210/4162, Loss: 4.8118, NLL: 4.8118, Coverage: 0.0000
  Batch 3220/4162, Loss: 4.6941, NLL: 4.6941, Coverage: 0.0000
  Batch 3230/4162, Loss: 4.9548, NLL: 4.9548, Coverage: 0.0000
  Batch 3240/4162, Loss: 4.5862, NLL: 4.5862, Coverage: 0.0000
  Batch 3250/4162, Loss: 4.6395, NLL: 4.6395, Coverage: 0.0000
  Batch 3260/4162, Loss: 4.8118, NLL: 4.8118, Coverage: 0.0000
  Batch 3270/4162, Loss: 4.5162, NLL: 4.5162, Coverage: 0.0000
  Batch 3280/4162, Loss: 5.0561, NLL: 5.0561, Coverage: 0.0000
  Batch 3290/4162, Loss: 4.8599, NLL: 4.8599, Coverage: 0.0000
  Batch 3300/4162, Loss: 5.1662, NLL: 5.1662, Coverage: 0.0000
  Batch 3310/4162, Loss: 4.6826, NLL: 4.6826, Coverage: 0.0000
  Batch 3320/4162, Loss: 4.7397, NLL: 4.7397, Coverage: 0.0000
  Batch 3330/4162, Loss: 4.8776, NLL: 4.8776, Coverage: 0.0000
  Batch 3340/4162, Loss: 4.7568, NLL: 4.7568, Coverage: 0.0000
  Batch 3350/4162, Loss: 4.9920, NLL: 4.9920, Coverage: 0.0000
  Batch 3360/4162, Loss: 4.5457, NLL: 4.5457, Coverage: 0.0000
  Batch 3370/4162, Loss: 4.2087, NLL: 4.2087, Coverage: 0.0000
  Batch 3380/4162, Loss: 4.9665, NLL: 4.9665, Coverage: 0.0000
  Batch 3390/4162, Loss: 5.2151, NLL: 5.2151, Coverage: 0.0000
  Batch 3400/4162, Loss: 4.7484, NLL: 4.7484, Coverage: 0.0000
  Batch 3410/4162, Loss: 4.6279, NLL: 4.6279, Coverage: 0.0000
  Batch 3420/4162, Loss: 5.0071, NLL: 5.0071, Coverage: 0.0000
  Batch 3430/4162, Loss: 4.8343, NLL: 4.8343, Coverage: 0.0000
  Batch 3440/4162, Loss: 4.3054, NLL: 4.3054, Coverage: 0.0000
  Batch 3450/4162, Loss: 4.4480, NLL: 4.4480, Coverage: 0.0000
  Batch 3460/4162, Loss: 4.9830, NLL: 4.9830, Coverage: 0.0000
  Batch 3470/4162, Loss: 4.4502, NLL: 4.4502, Coverage: 0.0000
  Batch 3480/4162, Loss: 5.1884, NLL: 5.1884, Coverage: 0.0000
  Batch 3490/4162, Loss: 4.5516, NLL: 4.5516, Coverage: 0.0000
  Batch 3500/4162, Loss: 4.9978, NLL: 4.9978, Coverage: 0.0000
  Batch 3510/4162, Loss: 4.8905, NLL: 4.8905, Coverage: 0.0000
  Batch 3520/4162, Loss: 4.7955, NLL: 4.7955, Coverage: 0.0000
  Batch 3530/4162, Loss: 4.8040, NLL: 4.8040, Coverage: 0.0000
  Batch 3540/4162, Loss: 4.7458, NLL: 4.7458, Coverage: 0.0000
  Batch 3550/4162, Loss: 4.7410, NLL: 4.7410, Coverage: 0.0000
  Batch 3560/4162, Loss: 4.4234, NLL: 4.4234, Coverage: 0.0000
  Batch 3570/4162, Loss: 4.5759, NLL: 4.5759, Coverage: 0.0000
  Batch 3580/4162, Loss: 4.6411, NLL: 4.6411, Coverage: 0.0000
  Batch 3590/4162, Loss: 4.5909, NLL: 4.5909, Coverage: 0.0000
  Batch 3600/4162, Loss: 4.9238, NLL: 4.9238, Coverage: 0.0000
  Batch 3610/4162, Loss: 4.5626, NLL: 4.5626, Coverage: 0.0000
  Batch 3620/4162, Loss: 4.8389, NLL: 4.8389, Coverage: 0.0000
  Batch 3630/4162, Loss: 4.3445, NLL: 4.3445, Coverage: 0.0000
  Batch 3640/4162, Loss: 4.9762, NLL: 4.9762, Coverage: 0.0000
  Batch 3650/4162, Loss: 4.8563, NLL: 4.8563, Coverage: 0.0000
  Batch 3660/4162, Loss: 5.0598, NLL: 5.0598, Coverage: 0.0000
  Batch 3670/4162, Loss: 4.2570, NLL: 4.2570, Coverage: 0.0000
  Batch 3680/4162, Loss: 4.5890, NLL: 4.5890, Coverage: 0.0000
  Batch 3690/4162, Loss: 4.7907, NLL: 4.7907, Coverage: 0.0000
  Batch 3700/4162, Loss: 4.6352, NLL: 4.6352, Coverage: 0.0000
  Batch 3710/4162, Loss: 4.4587, NLL: 4.4587, Coverage: 0.0000
  Batch 3720/4162, Loss: 5.1890, NLL: 5.1890, Coverage: 0.0000
  Batch 3730/4162, Loss: 4.8311, NLL: 4.8311, Coverage: 0.0000
  Batch 3740/4162, Loss: 5.0197, NLL: 5.0197, Coverage: 0.0000
  Batch 3750/4162, Loss: 4.8712, NLL: 4.8712, Coverage: 0.0000
  Batch 3760/4162, Loss: 4.8587, NLL: 4.8587, Coverage: 0.0000
  Batch 3770/4162, Loss: 4.7079, NLL: 4.7079, Coverage: 0.0000
  Batch 3780/4162, Loss: 4.5962, NLL: 4.5962, Coverage: 0.0000
  Batch 3790/4162, Loss: 4.6546, NLL: 4.6546, Coverage: 0.0000
  Batch 3800/4162, Loss: 5.1303, NLL: 5.1303, Coverage: 0.0000
  Batch 3810/4162, Loss: 5.3303, NLL: 5.3303, Coverage: 0.0000
  Batch 3820/4162, Loss: 4.7076, NLL: 4.7076, Coverage: 0.0000
  Batch 3830/4162, Loss: 5.0341, NLL: 5.0341, Coverage: 0.0000
  Batch 3840/4162, Loss: 4.6073, NLL: 4.6073, Coverage: 0.0000
  Batch 3850/4162, Loss: 5.2205, NLL: 5.2205, Coverage: 0.0000
  Batch 3860/4162, Loss: 4.8511, NLL: 4.8511, Coverage: 0.0000
  Batch 3870/4162, Loss: 5.0759, NLL: 5.0759, Coverage: 0.0000
  Batch 3880/4162, Loss: 4.6682, NLL: 4.6682, Coverage: 0.0000
  Batch 3890/4162, Loss: 4.8977, NLL: 4.8977, Coverage: 0.0000
  Batch 3900/4162, Loss: 4.7520, NLL: 4.7520, Coverage: 0.0000
  Batch 3910/4162, Loss: 4.8959, NLL: 4.8959, Coverage: 0.0000
  Batch 3920/4162, Loss: 4.8352, NLL: 4.8352, Coverage: 0.0000
  Batch 3930/4162, Loss: 5.1663, NLL: 5.1663, Coverage: 0.0000
  Batch 3940/4162, Loss: 4.7439, NLL: 4.7439, Coverage: 0.0000
  Batch 3950/4162, Loss: 4.8819, NLL: 4.8819, Coverage: 0.0000
  Batch 3960/4162, Loss: 4.7310, NLL: 4.7310, Coverage: 0.0000
  Batch 3970/4162, Loss: 4.7739, NLL: 4.7739, Coverage: 0.0000
  Batch 3980/4162, Loss: 4.7860, NLL: 4.7860, Coverage: 0.0000
  Batch 3990/4162, Loss: 4.5408, NLL: 4.5408, Coverage: 0.0000
  Batch 4000/4162, Loss: 5.0878, NLL: 5.0878, Coverage: 0.0000
  Batch 4010/4162, Loss: 4.8281, NLL: 4.8281, Coverage: 0.0000
  Batch 4020/4162, Loss: 5.1644, NLL: 5.1644, Coverage: 0.0000
  Batch 4030/4162, Loss: 4.2714, NLL: 4.2714, Coverage: 0.0000
  Batch 4040/4162, Loss: 4.7988, NLL: 4.7988, Coverage: 0.0000
  Batch 4050/4162, Loss: 4.6200, NLL: 4.6200, Coverage: 0.0000
  Batch 4060/4162, Loss: 4.8333, NLL: 4.8333, Coverage: 0.0000
  Batch 4070/4162, Loss: 4.8370, NLL: 4.8370, Coverage: 0.0000
  Batch 4080/4162, Loss: 4.6026, NLL: 4.6026, Coverage: 0.0000
  Batch 4090/4162, Loss: 4.8594, NLL: 4.8594, Coverage: 0.0000
  Batch 4100/4162, Loss: 4.8882, NLL: 4.8882, Coverage: 0.0000
  Batch 4110/4162, Loss: 4.9707, NLL: 4.9707, Coverage: 0.0000
  Batch 4120/4162, Loss: 4.5923, NLL: 4.5923, Coverage: 0.0000
  Batch 4130/4162, Loss: 4.6827, NLL: 4.6827, Coverage: 0.0000
  Batch 4140/4162, Loss: 4.6923, NLL: 4.6923, Coverage: 0.0000
  Batch 4150/4162, Loss: 4.8324, NLL: 4.8324, Coverage: 0.0000
  Batch 4160/4162, Loss: 4.7039, NLL: 4.7039, Coverage: 0.0000

  Train Loss: 4.9114 (NLL: 4.9114, Coverage: 0.0000)
  Val Loss: 6.3815 (NLL: 6.3815, Coverage: 0.0000)
  Time: 28m 27s

Epoch 3/20
----------------------------------------
  Batch 10/4162, Loss: 4.8021, NLL: 4.8021, Coverage: 0.0000
  Batch 20/4162, Loss: 5.0347, NLL: 5.0347, Coverage: 0.0000
  Batch 30/4162, Loss: 4.6900, NLL: 4.6900, Coverage: 0.0000
  Batch 40/4162, Loss: 4.3184, NLL: 4.3184, Coverage: 0.0000
  Batch 50/4162, Loss: 4.7838, NLL: 4.7838, Coverage: 0.0000
  Batch 60/4162, Loss: 4.7338, NLL: 4.7338, Coverage: 0.0000
  Batch 70/4162, Loss: 4.3576, NLL: 4.3576, Coverage: 0.0000
  Batch 80/4162, Loss: 4.9419, NLL: 4.9419, Coverage: 0.0000
  Batch 90/4162, Loss: 4.5195, NLL: 4.5195, Coverage: 0.0000
  Batch 100/4162, Loss: 4.7677, NLL: 4.7677, Coverage: 0.0000
  Batch 110/4162, Loss: 4.8175, NLL: 4.8175, Coverage: 0.0000
  Batch 120/4162, Loss: 4.6437, NLL: 4.6437, Coverage: 0.0000
  Batch 130/4162, Loss: 4.5197, NLL: 4.5197, Coverage: 0.0000
  Batch 140/4162, Loss: 4.6288, NLL: 4.6288, Coverage: 0.0000
  Batch 150/4162, Loss: 4.7580, NLL: 4.7580, Coverage: 0.0000
  Batch 160/4162, Loss: 4.5747, NLL: 4.5747, Coverage: 0.0000
  Batch 170/4162, Loss: 4.3153, NLL: 4.3153, Coverage: 0.0000
  Batch 180/4162, Loss: 4.5168, NLL: 4.5168, Coverage: 0.0000
  Batch 190/4162, Loss: 4.8691, NLL: 4.8691, Coverage: 0.0000
  Batch 200/4162, Loss: 4.5951, NLL: 4.5951, Coverage: 0.0000
  Batch 210/4162, Loss: 4.4053, NLL: 4.4053, Coverage: 0.0000
  Batch 220/4162, Loss: 4.4896, NLL: 4.4896, Coverage: 0.0000
  Batch 230/4162, Loss: 4.5608, NLL: 4.5608, Coverage: 0.0000
  Batch 240/4162, Loss: 4.7972, NLL: 4.7972, Coverage: 0.0000
  Batch 250/4162, Loss: 4.5848, NLL: 4.5848, Coverage: 0.0000
  Batch 260/4162, Loss: 4.8377, NLL: 4.8377, Coverage: 0.0000
  Batch 270/4162, Loss: 4.7857, NLL: 4.7857, Coverage: 0.0000
  Batch 280/4162, Loss: 4.3881, NLL: 4.3881, Coverage: 0.0000
  Batch 290/4162, Loss: 4.6406, NLL: 4.6406, Coverage: 0.0000
  Batch 300/4162, Loss: 4.8713, NLL: 4.8713, Coverage: 0.0000
  Batch 310/4162, Loss: 4.6337, NLL: 4.6337, Coverage: 0.0000
  Batch 320/4162, Loss: 4.8229, NLL: 4.8229, Coverage: 0.0000
  Batch 330/4162, Loss: 4.6114, NLL: 4.6114, Coverage: 0.0000
  Batch 340/4162, Loss: 4.6378, NLL: 4.6378, Coverage: 0.0000
  Batch 350/4162, Loss: 4.7356, NLL: 4.7356, Coverage: 0.0000
  Batch 360/4162, Loss: 4.6689, NLL: 4.6689, Coverage: 0.0000
  Batch 370/4162, Loss: 4.9348, NLL: 4.9348, Coverage: 0.0000
  Batch 380/4162, Loss: 4.8247, NLL: 4.8247, Coverage: 0.0000
  Batch 390/4162, Loss: 4.9786, NLL: 4.9786, Coverage: 0.0000
  Batch 400/4162, Loss: 4.4010, NLL: 4.4010, Coverage: 0.0000
  Batch 410/4162, Loss: 4.7018, NLL: 4.7018, Coverage: 0.0000
  Batch 420/4162, Loss: 4.9636, NLL: 4.9636, Coverage: 0.0000
  Batch 430/4162, Loss: 4.8326, NLL: 4.8326, Coverage: 0.0000
  Batch 440/4162, Loss: 4.6635, NLL: 4.6635, Coverage: 0.0000
  Batch 450/4162, Loss: 4.7982, NLL: 4.7982, Coverage: 0.0000
  Batch 460/4162, Loss: 4.7969, NLL: 4.7969, Coverage: 0.0000
  Batch 470/4162, Loss: 4.6782, NLL: 4.6782, Coverage: 0.0000
  Batch 480/4162, Loss: 4.3724, NLL: 4.3724, Coverage: 0.0000
  Batch 490/4162, Loss: 4.6552, NLL: 4.6552, Coverage: 0.0000
  Batch 500/4162, Loss: 4.8400, NLL: 4.8400, Coverage: 0.0000
  Batch 510/4162, Loss: 4.6686, NLL: 4.6686, Coverage: 0.0000
  Batch 520/4162, Loss: 4.7344, NLL: 4.7344, Coverage: 0.0000
  Batch 530/4162, Loss: 5.0739, NLL: 5.0739, Coverage: 0.0000
  Batch 540/4162, Loss: 4.4252, NLL: 4.4252, Coverage: 0.0000
  Batch 550/4162, Loss: 5.0929, NLL: 5.0929, Coverage: 0.0000
  Batch 560/4162, Loss: 4.9211, NLL: 4.9211, Coverage: 0.0000
  Batch 570/4162, Loss: 4.4654, NLL: 4.4654, Coverage: 0.0000
  Batch 580/4162, Loss: 4.8874, NLL: 4.8874, Coverage: 0.0000
  Batch 590/4162, Loss: 5.1883, NLL: 5.1883, Coverage: 0.0000
  Batch 600/4162, Loss: 4.8203, NLL: 4.8203, Coverage: 0.0000
  Batch 610/4162, Loss: 4.2699, NLL: 4.2699, Coverage: 0.0000
  Batch 620/4162, Loss: 4.9540, NLL: 4.9540, Coverage: 0.0000
  Batch 630/4162, Loss: 4.5130, NLL: 4.5130, Coverage: 0.0000
  Batch 640/4162, Loss: 4.7720, NLL: 4.7720, Coverage: 0.0000
  Batch 650/4162, Loss: 4.5752, NLL: 4.5752, Coverage: 0.0000
  Batch 660/4162, Loss: 4.9793, NLL: 4.9793, Coverage: 0.0000
  Batch 670/4162, Loss: 4.9814, NLL: 4.9814, Coverage: 0.0000
  Batch 680/4162, Loss: 4.9463, NLL: 4.9463, Coverage: 0.0000
  Batch 690/4162, Loss: 5.0283, NLL: 5.0283, Coverage: 0.0000
  Batch 700/4162, Loss: 4.9645, NLL: 4.9645, Coverage: 0.0000
  Batch 710/4162, Loss: 4.8973, NLL: 4.8973, Coverage: 0.0000
  Batch 720/4162, Loss: 4.7117, NLL: 4.7117, Coverage: 0.0000
  Batch 730/4162, Loss: 4.7705, NLL: 4.7705, Coverage: 0.0000
  Batch 740/4162, Loss: 5.0402, NLL: 5.0402, Coverage: 0.0000
  Batch 750/4162, Loss: 4.9384, NLL: 4.9384, Coverage: 0.0000
  Batch 760/4162, Loss: 4.9364, NLL: 4.9364, Coverage: 0.0000
  Batch 770/4162, Loss: 4.6852, NLL: 4.6852, Coverage: 0.0000
  Batch 780/4162, Loss: 5.1668, NLL: 5.1668, Coverage: 0.0000
  Batch 790/4162, Loss: 4.4605, NLL: 4.4605, Coverage: 0.0000
  Batch 800/4162, Loss: 4.6142, NLL: 4.6142, Coverage: 0.0000
  Batch 810/4162, Loss: 4.6532, NLL: 4.6532, Coverage: 0.0000
  Batch 820/4162, Loss: 5.0774, NLL: 5.0774, Coverage: 0.0000
  Batch 830/4162, Loss: 4.8454, NLL: 4.8454, Coverage: 0.0000
  Batch 840/4162, Loss: 4.8975, NLL: 4.8975, Coverage: 0.0000
  Batch 850/4162, Loss: 4.5896, NLL: 4.5896, Coverage: 0.0000
  Batch 860/4162, Loss: 4.9371, NLL: 4.9371, Coverage: 0.0000
  Batch 870/4162, Loss: 4.4393, NLL: 4.4393, Coverage: 0.0000
  Batch 880/4162, Loss: 4.8023, NLL: 4.8023, Coverage: 0.0000
  Batch 890/4162, Loss: 4.3872, NLL: 4.3872, Coverage: 0.0000
  Batch 900/4162, Loss: 4.7566, NLL: 4.7566, Coverage: 0.0000
  Batch 910/4162, Loss: 4.7463, NLL: 4.7463, Coverage: 0.0000
  Batch 920/4162, Loss: 4.5183, NLL: 4.5183, Coverage: 0.0000
  Batch 930/4162, Loss: 4.6783, NLL: 4.6783, Coverage: 0.0000
  Batch 940/4162, Loss: 4.9266, NLL: 4.9266, Coverage: 0.0000
  Batch 950/4162, Loss: 5.1160, NLL: 5.1160, Coverage: 0.0000
  Batch 960/4162, Loss: 4.6764, NLL: 4.6764, Coverage: 0.0000
  Batch 970/4162, Loss: 4.8460, NLL: 4.8460, Coverage: 0.0000
  Batch 980/4162, Loss: 4.9705, NLL: 4.9705, Coverage: 0.0000
  Batch 990/4162, Loss: 4.3497, NLL: 4.3497, Coverage: 0.0000
  Batch 1000/4162, Loss: 4.5714, NLL: 4.5714, Coverage: 0.0000
  Batch 1010/4162, Loss: 4.2773, NLL: 4.2773, Coverage: 0.0000
  Batch 1020/4162, Loss: 4.7672, NLL: 4.7672, Coverage: 0.0000
  Batch 1030/4162, Loss: 4.8108, NLL: 4.8108, Coverage: 0.0000
  Batch 1040/4162, Loss: 4.8813, NLL: 4.8813, Coverage: 0.0000
  Batch 1050/4162, Loss: 4.5240, NLL: 4.5240, Coverage: 0.0000
  Batch 1060/4162, Loss: 4.5368, NLL: 4.5368, Coverage: 0.0000
  Batch 1070/4162, Loss: 4.3803, NLL: 4.3803, Coverage: 0.0000
  Batch 1080/4162, Loss: 4.4157, NLL: 4.4157, Coverage: 0.0000
  Batch 1090/4162, Loss: 4.5401, NLL: 4.5401, Coverage: 0.0000
  Batch 1100/4162, Loss: 4.5575, NLL: 4.5575, Coverage: 0.0000
  Batch 1110/4162, Loss: 5.0204, NLL: 5.0204, Coverage: 0.0000
  Batch 1120/4162, Loss: 4.6325, NLL: 4.6325, Coverage: 0.0000
  Batch 1130/4162, Loss: 4.9484, NLL: 4.9484, Coverage: 0.0000
  Batch 1140/4162, Loss: 4.4832, NLL: 4.4832, Coverage: 0.0000
  Batch 1150/4162, Loss: 4.9211, NLL: 4.9211, Coverage: 0.0000
  Batch 1160/4162, Loss: 4.6995, NLL: 4.6995, Coverage: 0.0000
  Batch 1170/4162, Loss: 4.7993, NLL: 4.7993, Coverage: 0.0000
  Batch 1180/4162, Loss: 4.5435, NLL: 4.5435, Coverage: 0.0000
  Batch 1190/4162, Loss: 5.0090, NLL: 5.0090, Coverage: 0.0000
  Batch 1200/4162, Loss: 4.5033, NLL: 4.5033, Coverage: 0.0000
  Batch 1210/4162, Loss: 4.4081, NLL: 4.4081, Coverage: 0.0000
  Batch 1220/4162, Loss: 4.6703, NLL: 4.6703, Coverage: 0.0000
  Batch 1230/4162, Loss: 4.8555, NLL: 4.8555, Coverage: 0.0000
  Batch 1240/4162, Loss: 4.7323, NLL: 4.7323, Coverage: 0.0000
  Batch 1250/4162, Loss: 4.9209, NLL: 4.9209, Coverage: 0.0000
  Batch 1260/4162, Loss: 4.4533, NLL: 4.4533, Coverage: 0.0000
  Batch 1270/4162, Loss: 5.2278, NLL: 5.2278, Coverage: 0.0000
  Batch 1280/4162, Loss: 4.9490, NLL: 4.9490, Coverage: 0.0000
  Batch 1290/4162, Loss: 4.5471, NLL: 4.5471, Coverage: 0.0000
  Batch 1300/4162, Loss: 4.8363, NLL: 4.8363, Coverage: 0.0000
  Batch 1310/4162, Loss: 4.8368, NLL: 4.8368, Coverage: 0.0000
  Batch 1320/4162, Loss: 4.8125, NLL: 4.8125, Coverage: 0.0000
  Batch 1330/4162, Loss: 4.7877, NLL: 4.7877, Coverage: 0.0000
  Batch 1340/4162, Loss: 4.7569, NLL: 4.7569, Coverage: 0.0000
  Batch 1350/4162, Loss: 5.0668, NLL: 5.0668, Coverage: 0.0000
  Batch 1360/4162, Loss: 4.5300, NLL: 4.5300, Coverage: 0.0000
  Batch 1370/4162, Loss: 4.6047, NLL: 4.6047, Coverage: 0.0000
  Batch 1380/4162, Loss: 4.5454, NLL: 4.5454, Coverage: 0.0000
  Batch 1390/4162, Loss: 4.5744, NLL: 4.5744, Coverage: 0.0000
  Batch 1400/4162, Loss: 4.8725, NLL: 4.8725, Coverage: 0.0000
  Batch 1410/4162, Loss: 4.8505, NLL: 4.8505, Coverage: 0.0000
  Batch 1420/4162, Loss: 4.5568, NLL: 4.5568, Coverage: 0.0000
  Batch 1430/4162, Loss: 4.9989, NLL: 4.9989, Coverage: 0.0000
  Batch 1440/4162, Loss: 4.5326, NLL: 4.5326, Coverage: 0.0000
  Batch 1450/4162, Loss: 4.1623, NLL: 4.1623, Coverage: 0.0000
  Batch 1460/4162, Loss: 4.6066, NLL: 4.6066, Coverage: 0.0000
  Batch 1470/4162, Loss: 5.1434, NLL: 5.1434, Coverage: 0.0000
  Batch 1480/4162, Loss: 4.7195, NLL: 4.7195, Coverage: 0.0000
  Batch 1490/4162, Loss: 4.7026, NLL: 4.7026, Coverage: 0.0000
  Batch 1500/4162, Loss: 4.3388, NLL: 4.3388, Coverage: 0.0000
  Batch 1510/4162, Loss: 4.3515, NLL: 4.3515, Coverage: 0.0000
  Batch 1520/4162, Loss: 4.6290, NLL: 4.6290, Coverage: 0.0000
  Batch 1530/4162, Loss: 4.8055, NLL: 4.8055, Coverage: 0.0000
  Batch 1540/4162, Loss: 4.3018, NLL: 4.3018, Coverage: 0.0000
  Batch 1550/4162, Loss: 4.9741, NLL: 4.9741, Coverage: 0.0000
  Batch 1560/4162, Loss: 4.8010, NLL: 4.8010, Coverage: 0.0000
  Batch 1570/4162, Loss: 4.6980, NLL: 4.6980, Coverage: 0.0000
  Batch 1580/4162, Loss: 4.5082, NLL: 4.5082, Coverage: 0.0000
  Batch 1590/4162, Loss: 4.8210, NLL: 4.8210, Coverage: 0.0000
  Batch 1600/4162, Loss: 4.7470, NLL: 4.7470, Coverage: 0.0000
  Batch 1610/4162, Loss: 4.5909, NLL: 4.5909, Coverage: 0.0000
  Batch 1620/4162, Loss: 4.6847, NLL: 4.6847, Coverage: 0.0000
  Batch 1630/4162, Loss: 4.9896, NLL: 4.9896, Coverage: 0.0000
  Batch 1640/4162, Loss: 4.9995, NLL: 4.9995, Coverage: 0.0000
  Batch 1650/4162, Loss: 4.8228, NLL: 4.8228, Coverage: 0.0000
  Batch 1660/4162, Loss: 4.9710, NLL: 4.9710, Coverage: 0.0000
  Batch 1670/4162, Loss: 4.6205, NLL: 4.6205, Coverage: 0.0000
  Batch 1680/4162, Loss: 5.5038, NLL: 5.5038, Coverage: 0.0000
  Batch 1690/4162, Loss: 5.0011, NLL: 5.0011, Coverage: 0.0000
  Batch 1700/4162, Loss: 4.5622, NLL: 4.5622, Coverage: 0.0000
  Batch 1710/4162, Loss: 4.6215, NLL: 4.6215, Coverage: 0.0000
  Batch 1720/4162, Loss: 4.5814, NLL: 4.5814, Coverage: 0.0000
  Batch 1730/4162, Loss: 4.1742, NLL: 4.1742, Coverage: 0.0000
  Batch 1740/4162, Loss: 4.9993, NLL: 4.9993, Coverage: 0.0000
  Batch 1750/4162, Loss: 4.8134, NLL: 4.8134, Coverage: 0.0000
  Batch 1760/4162, Loss: 4.9203, NLL: 4.9203, Coverage: 0.0000
  Batch 1770/4162, Loss: 4.6589, NLL: 4.6589, Coverage: 0.0000
  Batch 1780/4162, Loss: 4.6240, NLL: 4.6240, Coverage: 0.0000
  Batch 1790/4162, Loss: 5.0372, NLL: 5.0372, Coverage: 0.0000
  Batch 1800/4162, Loss: 4.5239, NLL: 4.5239, Coverage: 0.0000
  Batch 1810/4162, Loss: 4.5105, NLL: 4.5105, Coverage: 0.0000
  Batch 1820/4162, Loss: 4.7512, NLL: 4.7512, Coverage: 0.0000
  Batch 1830/4162, Loss: 5.0668, NLL: 5.0668, Coverage: 0.0000
  Batch 1840/4162, Loss: 4.4250, NLL: 4.4250, Coverage: 0.0000
  Batch 1850/4162, Loss: 4.9160, NLL: 4.9160, Coverage: 0.0000
  Batch 1860/4162, Loss: 4.9037, NLL: 4.9037, Coverage: 0.0000
  Batch 1870/4162, Loss: 4.8730, NLL: 4.8730, Coverage: 0.0000
  Batch 1880/4162, Loss: 4.5357, NLL: 4.5357, Coverage: 0.0000
  Batch 1890/4162, Loss: 4.4673, NLL: 4.4673, Coverage: 0.0000
  Batch 1900/4162, Loss: 4.9553, NLL: 4.9553, Coverage: 0.0000
  Batch 1910/4162, Loss: 4.7559, NLL: 4.7559, Coverage: 0.0000
  Batch 1920/4162, Loss: 4.1563, NLL: 4.1563, Coverage: 0.0000
  Batch 1930/4162, Loss: 4.6907, NLL: 4.6907, Coverage: 0.0000
  Batch 1940/4162, Loss: 4.8002, NLL: 4.8002, Coverage: 0.0000
  Batch 1950/4162, Loss: 5.3189, NLL: 5.3189, Coverage: 0.0000
  Batch 1960/4162, Loss: 4.8579, NLL: 4.8579, Coverage: 0.0000
  Batch 1970/4162, Loss: 4.3589, NLL: 4.3589, Coverage: 0.0000
  Batch 1980/4162, Loss: 4.6448, NLL: 4.6448, Coverage: 0.0000
  Batch 1990/4162, Loss: 4.5145, NLL: 4.5145, Coverage: 0.0000
  Batch 2000/4162, Loss: 5.0642, NLL: 5.0642, Coverage: 0.0000
  Batch 2010/4162, Loss: 4.9955, NLL: 4.9955, Coverage: 0.0000
  Batch 2020/4162, Loss: 4.9124, NLL: 4.9124, Coverage: 0.0000
  Batch 2030/4162, Loss: 4.6650, NLL: 4.6650, Coverage: 0.0000
  Batch 2040/4162, Loss: 4.6909, NLL: 4.6909, Coverage: 0.0000
  Batch 2050/4162, Loss: 4.7047, NLL: 4.7047, Coverage: 0.0000
  Batch 2060/4162, Loss: 4.3227, NLL: 4.3227, Coverage: 0.0000
  Batch 2070/4162, Loss: 4.6022, NLL: 4.6022, Coverage: 0.0000
  Batch 2080/4162, Loss: 5.2058, NLL: 5.2058, Coverage: 0.0000
  Batch 2090/4162, Loss: 4.8092, NLL: 4.8092, Coverage: 0.0000
  Batch 2100/4162, Loss: 4.6994, NLL: 4.6994, Coverage: 0.0000
  Batch 2110/4162, Loss: 4.4599, NLL: 4.4599, Coverage: 0.0000
  Batch 2120/4162, Loss: 5.3266, NLL: 5.3266, Coverage: 0.0000
  Batch 2130/4162, Loss: 4.8380, NLL: 4.8380, Coverage: 0.0000
  Batch 2140/4162, Loss: 4.6648, NLL: 4.6648, Coverage: 0.0000
  Batch 2150/4162, Loss: 4.3277, NLL: 4.3277, Coverage: 0.0000
  Batch 2160/4162, Loss: 4.9823, NLL: 4.9823, Coverage: 0.0000
  Batch 2170/4162, Loss: 4.2948, NLL: 4.2948, Coverage: 0.0000
  Batch 2180/4162, Loss: 4.4187, NLL: 4.4187, Coverage: 0.0000
  Batch 2190/4162, Loss: 5.0914, NLL: 5.0914, Coverage: 0.0000
  Batch 2200/4162, Loss: 4.5146, NLL: 4.5146, Coverage: 0.0000
  Batch 2210/4162, Loss: 4.6209, NLL: 4.6209, Coverage: 0.0000
  Batch 2220/4162, Loss: 4.6647, NLL: 4.6647, Coverage: 0.0000
  Batch 2230/4162, Loss: 4.5835, NLL: 4.5835, Coverage: 0.0000
  Batch 2240/4162, Loss: 4.5863, NLL: 4.5863, Coverage: 0.0000
  Batch 2250/4162, Loss: 4.6749, NLL: 4.6749, Coverage: 0.0000
  Batch 2260/4162, Loss: 4.7196, NLL: 4.7196, Coverage: 0.0000
  Batch 2270/4162, Loss: 5.0282, NLL: 5.0282, Coverage: 0.0000
  Batch 2280/4162, Loss: 4.9514, NLL: 4.9514, Coverage: 0.0000
  Batch 2290/4162, Loss: 4.2281, NLL: 4.2281, Coverage: 0.0000
  Batch 2300/4162, Loss: 4.4026, NLL: 4.4026, Coverage: 0.0000
  Batch 2310/4162, Loss: 4.6106, NLL: 4.6106, Coverage: 0.0000
  Batch 2320/4162, Loss: 4.6554, NLL: 4.6554, Coverage: 0.0000
  Batch 2330/4162, Loss: 4.3020, NLL: 4.3020, Coverage: 0.0000
  Batch 2340/4162, Loss: 4.7485, NLL: 4.7485, Coverage: 0.0000
  Batch 2350/4162, Loss: 4.8698, NLL: 4.8698, Coverage: 0.0000
  Batch 2360/4162, Loss: 4.5111, NLL: 4.5111, Coverage: 0.0000
  Batch 2370/4162, Loss: 4.8644, NLL: 4.8644, Coverage: 0.0000
  Batch 2380/4162, Loss: 4.7732, NLL: 4.7732, Coverage: 0.0000
  Batch 2390/4162, Loss: 4.6351, NLL: 4.6351, Coverage: 0.0000
  Batch 2400/4162, Loss: 4.2778, NLL: 4.2778, Coverage: 0.0000
  Batch 2410/4162, Loss: 4.7089, NLL: 4.7089, Coverage: 0.0000
  Batch 2420/4162, Loss: 4.3243, NLL: 4.3243, Coverage: 0.0000
  Batch 2430/4162, Loss: 4.8343, NLL: 4.8343, Coverage: 0.0000
  Batch 2440/4162, Loss: 4.9228, NLL: 4.9228, Coverage: 0.0000
  Batch 2450/4162, Loss: 5.1501, NLL: 5.1501, Coverage: 0.0000
  Batch 2460/4162, Loss: 4.7308, NLL: 4.7308, Coverage: 0.0000
  Batch 2470/4162, Loss: 5.1508, NLL: 5.1508, Coverage: 0.0000
  Batch 2480/4162, Loss: 4.3719, NLL: 4.3719, Coverage: 0.0000
  Batch 2490/4162, Loss: 4.6318, NLL: 4.6318, Coverage: 0.0000
  Batch 2500/4162, Loss: 4.1962, NLL: 4.1962, Coverage: 0.0000
  Batch 2510/4162, Loss: 4.5657, NLL: 4.5657, Coverage: 0.0000
  Batch 2520/4162, Loss: 4.6181, NLL: 4.6181, Coverage: 0.0000
  Batch 2530/4162, Loss: 4.9251, NLL: 4.9251, Coverage: 0.0000
  Batch 2540/4162, Loss: 4.9769, NLL: 4.9769, Coverage: 0.0000
  Batch 2550/4162, Loss: 4.7566, NLL: 4.7566, Coverage: 0.0000
  Batch 2560/4162, Loss: 4.6788, NLL: 4.6788, Coverage: 0.0000
  Batch 2570/4162, Loss: 5.2213, NLL: 5.2213, Coverage: 0.0000
  Batch 2580/4162, Loss: 4.3990, NLL: 4.3990, Coverage: 0.0000
  Batch 2590/4162, Loss: 4.6541, NLL: 4.6541, Coverage: 0.0000
  Batch 2600/4162, Loss: 4.8418, NLL: 4.8418, Coverage: 0.0000
  Batch 2610/4162, Loss: 4.7455, NLL: 4.7455, Coverage: 0.0000
  Batch 2620/4162, Loss: 4.4199, NLL: 4.4199, Coverage: 0.0000
  Batch 2630/4162, Loss: 4.7347, NLL: 4.7347, Coverage: 0.0000
  Batch 2640/4162, Loss: 4.5520, NLL: 4.5520, Coverage: 0.0000
  Batch 2650/4162, Loss: 4.3343, NLL: 4.3343, Coverage: 0.0000
  Batch 2660/4162, Loss: 5.0772, NLL: 5.0772, Coverage: 0.0000
  Batch 2670/4162, Loss: 4.4912, NLL: 4.4912, Coverage: 0.0000
  Batch 2680/4162, Loss: 4.5340, NLL: 4.5340, Coverage: 0.0000
  Batch 2690/4162, Loss: 4.8544, NLL: 4.8544, Coverage: 0.0000
  Batch 2700/4162, Loss: 5.1901, NLL: 5.1901, Coverage: 0.0000
  Batch 2710/4162, Loss: 4.6806, NLL: 4.6806, Coverage: 0.0000
  Batch 2720/4162, Loss: 5.0287, NLL: 5.0287, Coverage: 0.0000
  Batch 2730/4162, Loss: 4.3938, NLL: 4.3938, Coverage: 0.0000
  Batch 2740/4162, Loss: 4.2995, NLL: 4.2995, Coverage: 0.0000
  Batch 2750/4162, Loss: 4.7373, NLL: 4.7373, Coverage: 0.0000
  Batch 2760/4162, Loss: 4.6951, NLL: 4.6951, Coverage: 0.0000
  Batch 2770/4162, Loss: 5.2208, NLL: 5.2208, Coverage: 0.0000
  Batch 2780/4162, Loss: 4.5514, NLL: 4.5514, Coverage: 0.0000
  Batch 2790/4162, Loss: 4.6387, NLL: 4.6387, Coverage: 0.0000
  Batch 2800/4162, Loss: 4.8985, NLL: 4.8985, Coverage: 0.0000
  Batch 2810/4162, Loss: 4.2210, NLL: 4.2210, Coverage: 0.0000
  Batch 2820/4162, Loss: 4.5673, NLL: 4.5673, Coverage: 0.0000
  Batch 2830/4162, Loss: 4.3718, NLL: 4.3718, Coverage: 0.0000
  Batch 2840/4162, Loss: 4.5346, NLL: 4.5346, Coverage: 0.0000
  Batch 2850/4162, Loss: 4.4510, NLL: 4.4510, Coverage: 0.0000
  Batch 2860/4162, Loss: 4.6235, NLL: 4.6235, Coverage: 0.0000
  Batch 2870/4162, Loss: 4.4900, NLL: 4.4900, Coverage: 0.0000
  Batch 2880/4162, Loss: 4.8932, NLL: 4.8932, Coverage: 0.0000
  Batch 2890/4162, Loss: 4.6005, NLL: 4.6005, Coverage: 0.0000
  Batch 2900/4162, Loss: 4.6394, NLL: 4.6394, Coverage: 0.0000
  Batch 2910/4162, Loss: 4.7271, NLL: 4.7271, Coverage: 0.0000
  Batch 2920/4162, Loss: 4.8578, NLL: 4.8578, Coverage: 0.0000
  Batch 2930/4162, Loss: 4.7688, NLL: 4.7688, Coverage: 0.0000
  Batch 2940/4162, Loss: 4.7439, NLL: 4.7439, Coverage: 0.0000
  Batch 2950/4162, Loss: 4.5674, NLL: 4.5674, Coverage: 0.0000
  Batch 2960/4162, Loss: 4.2957, NLL: 4.2957, Coverage: 0.0000
  Batch 2970/4162, Loss: 4.5410, NLL: 4.5410, Coverage: 0.0000
  Batch 2980/4162, Loss: 5.1409, NLL: 5.1409, Coverage: 0.0000
  Batch 2990/4162, Loss: 4.8449, NLL: 4.8449, Coverage: 0.0000
  Batch 3000/4162, Loss: 4.5793, NLL: 4.5793, Coverage: 0.0000
  Batch 3010/4162, Loss: 4.1363, NLL: 4.1363, Coverage: 0.0000
  Batch 3020/4162, Loss: 5.4290, NLL: 5.4290, Coverage: 0.0000
  Batch 3030/4162, Loss: 4.7804, NLL: 4.7804, Coverage: 0.0000
  Batch 3040/4162, Loss: 4.5642, NLL: 4.5642, Coverage: 0.0000
  Batch 3050/4162, Loss: 4.5192, NLL: 4.5192, Coverage: 0.0000
  Batch 3060/4162, Loss: 4.5869, NLL: 4.5869, Coverage: 0.0000
  Batch 3070/4162, Loss: 4.4662, NLL: 4.4662, Coverage: 0.0000
  Batch 3080/4162, Loss: 4.5676, NLL: 4.5676, Coverage: 0.0000
  Batch 3090/4162, Loss: 4.7894, NLL: 4.7894, Coverage: 0.0000
  Batch 3100/4162, Loss: 4.9455, NLL: 4.9455, Coverage: 0.0000
  Batch 3110/4162, Loss: 4.4007, NLL: 4.4007, Coverage: 0.0000
  Batch 3120/4162, Loss: 4.6224, NLL: 4.6224, Coverage: 0.0000
  Batch 3130/4162, Loss: 4.5965, NLL: 4.5965, Coverage: 0.0000
  Batch 3140/4162, Loss: 4.7775, NLL: 4.7775, Coverage: 0.0000
  Batch 3150/4162, Loss: 4.4015, NLL: 4.4015, Coverage: 0.0000
  Batch 3160/4162, Loss: 4.8684, NLL: 4.8684, Coverage: 0.0000
  Batch 3170/4162, Loss: 4.7225, NLL: 4.7225, Coverage: 0.0000
  Batch 3180/4162, Loss: 5.0003, NLL: 5.0003, Coverage: 0.0000
  Batch 3190/4162, Loss: 4.5146, NLL: 4.5146, Coverage: 0.0000
  Batch 3200/4162, Loss: 4.8276, NLL: 4.8276, Coverage: 0.0000
  Batch 3210/4162, Loss: 4.6737, NLL: 4.6737, Coverage: 0.0000
  Batch 3220/4162, Loss: 5.0485, NLL: 5.0485, Coverage: 0.0000
  Batch 3230/4162, Loss: 4.3720, NLL: 4.3720, Coverage: 0.0000
  Batch 3240/4162, Loss: 4.9727, NLL: 4.9727, Coverage: 0.0000
  Batch 3250/4162, Loss: 4.6735, NLL: 4.6735, Coverage: 0.0000
  Batch 3260/4162, Loss: 4.8309, NLL: 4.8309, Coverage: 0.0000
  Batch 3270/4162, Loss: 4.4877, NLL: 4.4877, Coverage: 0.0000
  Batch 3280/4162, Loss: 5.3241, NLL: 5.3241, Coverage: 0.0000
  Batch 3290/4162, Loss: 4.4252, NLL: 4.4252, Coverage: 0.0000
  Batch 3300/4162, Loss: 4.8135, NLL: 4.8135, Coverage: 0.0000
  Batch 3310/4162, Loss: 4.7447, NLL: 4.7447, Coverage: 0.0000
  Batch 3320/4162, Loss: 4.4614, NLL: 4.4614, Coverage: 0.0000
  Batch 3330/4162, Loss: 4.2561, NLL: 4.2561, Coverage: 0.0000
  Batch 3340/4162, Loss: 4.8431, NLL: 4.8431, Coverage: 0.0000
  Batch 3350/4162, Loss: 4.4388, NLL: 4.4388, Coverage: 0.0000
  Batch 3360/4162, Loss: 4.5775, NLL: 4.5775, Coverage: 0.0000
  Batch 3370/4162, Loss: 4.8434, NLL: 4.8434, Coverage: 0.0000
  Batch 3380/4162, Loss: 4.9121, NLL: 4.9121, Coverage: 0.0000
  Batch 3390/4162, Loss: 4.7418, NLL: 4.7418, Coverage: 0.0000
  Batch 3400/4162, Loss: 4.5714, NLL: 4.5714, Coverage: 0.0000
  Batch 3410/4162, Loss: 4.7830, NLL: 4.7830, Coverage: 0.0000
  Batch 3420/4162, Loss: 4.7016, NLL: 4.7016, Coverage: 0.0000
  Batch 3430/4162, Loss: 4.7890, NLL: 4.7890, Coverage: 0.0000
  Batch 3440/4162, Loss: 4.6299, NLL: 4.6299, Coverage: 0.0000
  Batch 3450/4162, Loss: 4.5908, NLL: 4.5908, Coverage: 0.0000
  Batch 3460/4162, Loss: 4.5009, NLL: 4.5009, Coverage: 0.0000
  Batch 3470/4162, Loss: 4.4842, NLL: 4.4842, Coverage: 0.0000
  Batch 3480/4162, Loss: 4.5098, NLL: 4.5098, Coverage: 0.0000
  Batch 3490/4162, Loss: 4.4758, NLL: 4.4758, Coverage: 0.0000
  Batch 3500/4162, Loss: 4.4123, NLL: 4.4123, Coverage: 0.0000
  Batch 3510/4162, Loss: 4.4389, NLL: 4.4389, Coverage: 0.0000
  Batch 3520/4162, Loss: 4.5553, NLL: 4.5553, Coverage: 0.0000
  Batch 3530/4162, Loss: 4.5127, NLL: 4.5127, Coverage: 0.0000
  Batch 3540/4162, Loss: 4.8859, NLL: 4.8859, Coverage: 0.0000
  Batch 3550/4162, Loss: 4.4254, NLL: 4.4254, Coverage: 0.0000
  Batch 3560/4162, Loss: 4.5331, NLL: 4.5331, Coverage: 0.0000
  Batch 3570/4162, Loss: 5.0103, NLL: 5.0103, Coverage: 0.0000
  Batch 3580/4162, Loss: 4.2010, NLL: 4.2010, Coverage: 0.0000
  Batch 3590/4162, Loss: 4.4731, NLL: 4.4731, Coverage: 0.0000
  Batch 3600/4162, Loss: 4.4900, NLL: 4.4900, Coverage: 0.0000
  Batch 3610/4162, Loss: 4.5687, NLL: 4.5687, Coverage: 0.0000
  Batch 3620/4162, Loss: 4.7846, NLL: 4.7846, Coverage: 0.0000
  Batch 3630/4162, Loss: 4.6950, NLL: 4.6950, Coverage: 0.0000
  Batch 3640/4162, Loss: 4.4731, NLL: 4.4731, Coverage: 0.0000
  Batch 3650/4162, Loss: 4.8173, NLL: 4.8173, Coverage: 0.0000
  Batch 3660/4162, Loss: 4.4933, NLL: 4.4933, Coverage: 0.0000
  Batch 3670/4162, Loss: 4.7974, NLL: 4.7974, Coverage: 0.0000
  Batch 3680/4162, Loss: 4.2946, NLL: 4.2946, Coverage: 0.0000
  Batch 3690/4162, Loss: 4.6317, NLL: 4.6317, Coverage: 0.0000
  Batch 3700/4162, Loss: 4.6453, NLL: 4.6453, Coverage: 0.0000
  Batch 3710/4162, Loss: 4.5221, NLL: 4.5221, Coverage: 0.0000
  Batch 3720/4162, Loss: 4.5753, NLL: 4.5753, Coverage: 0.0000
  Batch 3730/4162, Loss: 4.6174, NLL: 4.6174, Coverage: 0.0000
  Batch 3740/4162, Loss: 4.7020, NLL: 4.7020, Coverage: 0.0000
  Batch 3750/4162, Loss: 4.8630, NLL: 4.8630, Coverage: 0.0000
  Batch 3760/4162, Loss: 4.3991, NLL: 4.3991, Coverage: 0.0000
  Batch 3770/4162, Loss: 4.5906, NLL: 4.5906, Coverage: 0.0000
  Batch 3780/4162, Loss: 4.5582, NLL: 4.5582, Coverage: 0.0000
  Batch 3790/4162, Loss: 4.7420, NLL: 4.7420, Coverage: 0.0000
  Batch 3800/4162, Loss: 4.5875, NLL: 4.5875, Coverage: 0.0000
  Batch 3810/4162, Loss: 4.7780, NLL: 4.7780, Coverage: 0.0000
  Batch 3820/4162, Loss: 4.7964, NLL: 4.7964, Coverage: 0.0000
  Batch 3830/4162, Loss: 4.7464, NLL: 4.7464, Coverage: 0.0000
  Batch 3840/4162, Loss: 4.7775, NLL: 4.7775, Coverage: 0.0000
  Batch 3850/4162, Loss: 4.5378, NLL: 4.5378, Coverage: 0.0000
  Batch 3860/4162, Loss: 4.2782, NLL: 4.2782, Coverage: 0.0000
  Batch 3870/4162, Loss: 4.9780, NLL: 4.9780, Coverage: 0.0000
  Batch 3880/4162, Loss: 4.7961, NLL: 4.7961, Coverage: 0.0000
  Batch 3890/4162, Loss: 4.3526, NLL: 4.3526, Coverage: 0.0000
  Batch 3900/4162, Loss: 4.4778, NLL: 4.4778, Coverage: 0.0000
  Batch 3910/4162, Loss: 4.4669, NLL: 4.4669, Coverage: 0.0000
  Batch 3920/4162, Loss: 4.4525, NLL: 4.4525, Coverage: 0.0000
  Batch 3930/4162, Loss: 4.5253, NLL: 4.5253, Coverage: 0.0000
  Batch 3940/4162, Loss: 4.4577, NLL: 4.4577, Coverage: 0.0000
  Batch 3950/4162, Loss: 4.8138, NLL: 4.8138, Coverage: 0.0000
  Batch 3960/4162, Loss: 4.2142, NLL: 4.2142, Coverage: 0.0000
  Batch 3970/4162, Loss: 4.5490, NLL: 4.5490, Coverage: 0.0000
  Batch 3980/4162, Loss: 4.6384, NLL: 4.6384, Coverage: 0.0000
  Batch 3990/4162, Loss: 4.0490, NLL: 4.0490, Coverage: 0.0000
  Batch 4000/4162, Loss: 4.7655, NLL: 4.7655, Coverage: 0.0000
  Batch 4010/4162, Loss: 4.2236, NLL: 4.2236, Coverage: 0.0000
  Batch 4020/4162, Loss: 4.4916, NLL: 4.4916, Coverage: 0.0000
  Batch 4030/4162, Loss: 4.7266, NLL: 4.7266, Coverage: 0.0000
  Batch 4040/4162, Loss: 4.8793, NLL: 4.8793, Coverage: 0.0000
  Batch 4050/4162, Loss: 4.2791, NLL: 4.2791, Coverage: 0.0000
  Batch 4060/4162, Loss: 4.8275, NLL: 4.8275, Coverage: 0.0000
  Batch 4070/4162, Loss: 4.3883, NLL: 4.3883, Coverage: 0.0000
  Batch 4080/4162, Loss: 4.9190, NLL: 4.9190, Coverage: 0.0000
  Batch 4090/4162, Loss: 4.5389, NLL: 4.5389, Coverage: 0.0000
  Batch 4100/4162, Loss: 5.1411, NLL: 5.1411, Coverage: 0.0000
  Batch 4110/4162, Loss: 4.7140, NLL: 4.7140, Coverage: 0.0000
  Batch 4120/4162, Loss: 4.2349, NLL: 4.2349, Coverage: 0.0000
  Batch 4130/4162, Loss: 5.0244, NLL: 5.0244, Coverage: 0.0000
  Batch 4140/4162, Loss: 4.6584, NLL: 4.6584, Coverage: 0.0000
  Batch 4150/4162, Loss: 4.8064, NLL: 4.8064, Coverage: 0.0000
  Batch 4160/4162, Loss: 4.7662, NLL: 4.7662, Coverage: 0.0000

  Train Loss: 4.6975 (NLL: 4.6975, Coverage: 0.0000)
  Val Loss: 6.3896 (NLL: 6.3896, Coverage: 0.0000)
  Time: 28m 27s

Epoch 4/20
----------------------------------------
  Batch 10/4162, Loss: 4.6688, NLL: 4.6688, Coverage: 0.0000
  Batch 20/4162, Loss: 4.4708, NLL: 4.4708, Coverage: 0.0000
  Batch 30/4162, Loss: 4.4504, NLL: 4.4504, Coverage: 0.0000
  Batch 40/4162, Loss: 4.5896, NLL: 4.5896, Coverage: 0.0000
  Batch 50/4162, Loss: 4.8305, NLL: 4.8305, Coverage: 0.0000
  Batch 60/4162, Loss: 4.6279, NLL: 4.6279, Coverage: 0.0000
  Batch 70/4162, Loss: 4.2527, NLL: 4.2527, Coverage: 0.0000
  Batch 80/4162, Loss: 4.7030, NLL: 4.7030, Coverage: 0.0000
  Batch 90/4162, Loss: 4.1288, NLL: 4.1288, Coverage: 0.0000
  Batch 100/4162, Loss: 4.5831, NLL: 4.5831, Coverage: 0.0000
  Batch 110/4162, Loss: 4.0658, NLL: 4.0658, Coverage: 0.0000
  Batch 120/4162, Loss: 4.3775, NLL: 4.3775, Coverage: 0.0000
  Batch 130/4162, Loss: 4.1544, NLL: 4.1544, Coverage: 0.0000
  Batch 140/4162, Loss: 4.4491, NLL: 4.4491, Coverage: 0.0000
  Batch 150/4162, Loss: 4.7834, NLL: 4.7834, Coverage: 0.0000
  Batch 160/4162, Loss: 4.1963, NLL: 4.1963, Coverage: 0.0000
  Batch 170/4162, Loss: 4.6744, NLL: 4.6744, Coverage: 0.0000
  Batch 180/4162, Loss: 4.0991, NLL: 4.0991, Coverage: 0.0000
  Batch 190/4162, Loss: 5.1773, NLL: 5.1773, Coverage: 0.0000
  Batch 200/4162, Loss: 5.0630, NLL: 5.0630, Coverage: 0.0000
  Batch 210/4162, Loss: 4.8050, NLL: 4.8050, Coverage: 0.0000
  Batch 220/4162, Loss: 4.5522, NLL: 4.5522, Coverage: 0.0000
  Batch 230/4162, Loss: 5.1959, NLL: 5.1959, Coverage: 0.0000
  Batch 240/4162, Loss: 4.6240, NLL: 4.6240, Coverage: 0.0000
  Batch 250/4162, Loss: 4.3520, NLL: 4.3520, Coverage: 0.0000
  Batch 260/4162, Loss: 4.5066, NLL: 4.5066, Coverage: 0.0000
  Batch 270/4162, Loss: 4.4741, NLL: 4.4741, Coverage: 0.0000
  Batch 280/4162, Loss: 4.4515, NLL: 4.4515, Coverage: 0.0000
  Batch 290/4162, Loss: 4.7513, NLL: 4.7513, Coverage: 0.0000
  Batch 300/4162, Loss: 4.4135, NLL: 4.4135, Coverage: 0.0000
  Batch 310/4162, Loss: 5.0903, NLL: 5.0903, Coverage: 0.0000
  Batch 320/4162, Loss: 4.1794, NLL: 4.1794, Coverage: 0.0000
  Batch 330/4162, Loss: 4.9456, NLL: 4.9456, Coverage: 0.0000
  Batch 340/4162, Loss: 4.5230, NLL: 4.5230, Coverage: 0.0000
  Batch 350/4162, Loss: 4.2261, NLL: 4.2261, Coverage: 0.0000
  Batch 360/4162, Loss: 4.3157, NLL: 4.3157, Coverage: 0.0000
  Batch 370/4162, Loss: 4.7798, NLL: 4.7798, Coverage: 0.0000
  Batch 380/4162, Loss: 4.3630, NLL: 4.3630, Coverage: 0.0000
  Batch 390/4162, Loss: 4.5415, NLL: 4.5415, Coverage: 0.0000
  Batch 400/4162, Loss: 4.9242, NLL: 4.9242, Coverage: 0.0000
  Batch 410/4162, Loss: 4.5830, NLL: 4.5830, Coverage: 0.0000
  Batch 420/4162, Loss: 4.5386, NLL: 4.5386, Coverage: 0.0000
  Batch 430/4162, Loss: 4.4670, NLL: 4.4670, Coverage: 0.0000
  Batch 440/4162, Loss: 4.4821, NLL: 4.4821, Coverage: 0.0000
  Batch 450/4162, Loss: 4.4305, NLL: 4.4305, Coverage: 0.0000
  Batch 460/4162, Loss: 4.8714, NLL: 4.8714, Coverage: 0.0000
  Batch 470/4162, Loss: 4.2299, NLL: 4.2299, Coverage: 0.0000
  Batch 480/4162, Loss: 4.9032, NLL: 4.9032, Coverage: 0.0000
  Batch 490/4162, Loss: 4.6623, NLL: 4.6623, Coverage: 0.0000
  Batch 500/4162, Loss: 4.5812, NLL: 4.5812, Coverage: 0.0000
  Batch 510/4162, Loss: 4.7832, NLL: 4.7832, Coverage: 0.0000
  Batch 520/4162, Loss: 4.4722, NLL: 4.4722, Coverage: 0.0000
  Batch 530/4162, Loss: 4.0852, NLL: 4.0852, Coverage: 0.0000
  Batch 540/4162, Loss: 4.6971, NLL: 4.6971, Coverage: 0.0000
  Batch 550/4162, Loss: 4.6286, NLL: 4.6286, Coverage: 0.0000
  Batch 560/4162, Loss: 4.3933, NLL: 4.3933, Coverage: 0.0000
  Batch 570/4162, Loss: 4.5313, NLL: 4.5313, Coverage: 0.0000
  Batch 580/4162, Loss: 4.6438, NLL: 4.6438, Coverage: 0.0000
  Batch 590/4162, Loss: 4.4251, NLL: 4.4251, Coverage: 0.0000
  Batch 600/4162, Loss: 4.4305, NLL: 4.4305, Coverage: 0.0000
  Batch 610/4162, Loss: 4.7764, NLL: 4.7764, Coverage: 0.0000
  Batch 620/4162, Loss: 4.4430, NLL: 4.4430, Coverage: 0.0000
  Batch 630/4162, Loss: 4.2232, NLL: 4.2232, Coverage: 0.0000
  Batch 640/4162, Loss: 3.9558, NLL: 3.9558, Coverage: 0.0000
  Batch 650/4162, Loss: 4.7099, NLL: 4.7099, Coverage: 0.0000
  Batch 660/4162, Loss: 4.3924, NLL: 4.3924, Coverage: 0.0000
  Batch 670/4162, Loss: 4.5876, NLL: 4.5876, Coverage: 0.0000
  Batch 680/4162, Loss: 4.5036, NLL: 4.5036, Coverage: 0.0000
  Batch 690/4162, Loss: 4.7163, NLL: 4.7163, Coverage: 0.0000
  Batch 700/4162, Loss: 4.4760, NLL: 4.4760, Coverage: 0.0000
  Batch 710/4162, Loss: 4.5066, NLL: 4.5066, Coverage: 0.0000
  Batch 720/4162, Loss: 4.3859, NLL: 4.3859, Coverage: 0.0000
  Batch 730/4162, Loss: 4.3333, NLL: 4.3333, Coverage: 0.0000
  Batch 740/4162, Loss: 5.0474, NLL: 5.0474, Coverage: 0.0000
  Batch 750/4162, Loss: 4.8336, NLL: 4.8336, Coverage: 0.0000
  Batch 760/4162, Loss: 4.2503, NLL: 4.2503, Coverage: 0.0000
  Batch 770/4162, Loss: 4.6028, NLL: 4.6028, Coverage: 0.0000
  Batch 780/4162, Loss: 4.5846, NLL: 4.5846, Coverage: 0.0000
  Batch 790/4162, Loss: 4.4435, NLL: 4.4435, Coverage: 0.0000
  Batch 800/4162, Loss: 4.3445, NLL: 4.3445, Coverage: 0.0000
  Batch 810/4162, Loss: 4.3092, NLL: 4.3092, Coverage: 0.0000
  Batch 820/4162, Loss: 4.9105, NLL: 4.9105, Coverage: 0.0000
  Batch 830/4162, Loss: 4.8077, NLL: 4.8077, Coverage: 0.0000
  Batch 840/4162, Loss: 4.4598, NLL: 4.4598, Coverage: 0.0000
  Batch 850/4162, Loss: 4.7303, NLL: 4.7303, Coverage: 0.0000
  Batch 860/4162, Loss: 4.5145, NLL: 4.5145, Coverage: 0.0000
  Batch 870/4162, Loss: 4.7112, NLL: 4.7112, Coverage: 0.0000
  Batch 880/4162, Loss: 4.1866, NLL: 4.1866, Coverage: 0.0000
  Batch 890/4162, Loss: 4.7105, NLL: 4.7105, Coverage: 0.0000
  Batch 900/4162, Loss: 4.7944, NLL: 4.7944, Coverage: 0.0000
  Batch 910/4162, Loss: 4.8052, NLL: 4.8052, Coverage: 0.0000
  Batch 920/4162, Loss: 4.4366, NLL: 4.4366, Coverage: 0.0000
  Batch 930/4162, Loss: 4.4939, NLL: 4.4939, Coverage: 0.0000
  Batch 940/4162, Loss: 5.0019, NLL: 5.0019, Coverage: 0.0000
  Batch 950/4162, Loss: 4.6689, NLL: 4.6689, Coverage: 0.0000
  Batch 960/4162, Loss: 4.6562, NLL: 4.6562, Coverage: 0.0000
  Batch 970/4162, Loss: 4.8527, NLL: 4.8527, Coverage: 0.0000
  Batch 980/4162, Loss: 4.4930, NLL: 4.4930, Coverage: 0.0000
  Batch 990/4162, Loss: 4.5289, NLL: 4.5289, Coverage: 0.0000
  Batch 1000/4162, Loss: 4.0123, NLL: 4.0123, Coverage: 0.0000
  Batch 1010/4162, Loss: 4.1407, NLL: 4.1407, Coverage: 0.0000
  Batch 1020/4162, Loss: 4.6539, NLL: 4.6539, Coverage: 0.0000
  Batch 1030/4162, Loss: 4.5414, NLL: 4.5414, Coverage: 0.0000
  Batch 1040/4162, Loss: 4.7367, NLL: 4.7367, Coverage: 0.0000
  Batch 1050/4162, Loss: 4.1280, NLL: 4.1280, Coverage: 0.0000
  Batch 1060/4162, Loss: 4.4638, NLL: 4.4638, Coverage: 0.0000
  Batch 1070/4162, Loss: 4.9580, NLL: 4.9580, Coverage: 0.0000
  Batch 1080/4162, Loss: 4.7913, NLL: 4.7913, Coverage: 0.0000
  Batch 1090/4162, Loss: 4.5074, NLL: 4.5074, Coverage: 0.0000
  Batch 1100/4162, Loss: 4.3421, NLL: 4.3421, Coverage: 0.0000
  Batch 1110/4162, Loss: 4.7401, NLL: 4.7401, Coverage: 0.0000
  Batch 1120/4162, Loss: 4.7587, NLL: 4.7587, Coverage: 0.0000
  Batch 1130/4162, Loss: 4.6262, NLL: 4.6262, Coverage: 0.0000
  Batch 1140/4162, Loss: 4.6275, NLL: 4.6275, Coverage: 0.0000
  Batch 1150/4162, Loss: 4.4527, NLL: 4.4527, Coverage: 0.0000
  Batch 1160/4162, Loss: 4.2544, NLL: 4.2544, Coverage: 0.0000
  Batch 1170/4162, Loss: 4.5524, NLL: 4.5524, Coverage: 0.0000
  Batch 1180/4162, Loss: 4.7041, NLL: 4.7041, Coverage: 0.0000
  Batch 1190/4162, Loss: 4.7832, NLL: 4.7832, Coverage: 0.0000
  Batch 1200/4162, Loss: 4.5503, NLL: 4.5503, Coverage: 0.0000
  Batch 1210/4162, Loss: 4.0956, NLL: 4.0956, Coverage: 0.0000
  Batch 1220/4162, Loss: 4.5402, NLL: 4.5402, Coverage: 0.0000
  Batch 1230/4162, Loss: 4.7149, NLL: 4.7149, Coverage: 0.0000
  Batch 1240/4162, Loss: 4.4416, NLL: 4.4416, Coverage: 0.0000
  Batch 1250/4162, Loss: 4.6867, NLL: 4.6867, Coverage: 0.0000
  Batch 1260/4162, Loss: 4.8689, NLL: 4.8689, Coverage: 0.0000
  Batch 1270/4162, Loss: 4.5309, NLL: 4.5309, Coverage: 0.0000
  Batch 1280/4162, Loss: 4.5247, NLL: 4.5247, Coverage: 0.0000
  Batch 1290/4162, Loss: 4.5585, NLL: 4.5585, Coverage: 0.0000
  Batch 1300/4162, Loss: 4.0633, NLL: 4.0633, Coverage: 0.0000
  Batch 1310/4162, Loss: 4.4750, NLL: 4.4750, Coverage: 0.0000
  Batch 1320/4162, Loss: 5.0256, NLL: 5.0256, Coverage: 0.0000
  Batch 1330/4162, Loss: 4.7658, NLL: 4.7658, Coverage: 0.0000
  Batch 1340/4162, Loss: 4.2424, NLL: 4.2424, Coverage: 0.0000
  Batch 1350/4162, Loss: 4.7737, NLL: 4.7737, Coverage: 0.0000
  Batch 1360/4162, Loss: 4.6779, NLL: 4.6779, Coverage: 0.0000
  Batch 1370/4162, Loss: 4.6451, NLL: 4.6451, Coverage: 0.0000
  Batch 1380/4162, Loss: 4.4311, NLL: 4.4311, Coverage: 0.0000
  Batch 1390/4162, Loss: 4.7517, NLL: 4.7517, Coverage: 0.0000
  Batch 1400/4162, Loss: 4.4940, NLL: 4.4940, Coverage: 0.0000
  Batch 1410/4162, Loss: 4.5395, NLL: 4.5395, Coverage: 0.0000
  Batch 1420/4162, Loss: 4.7261, NLL: 4.7261, Coverage: 0.0000
  Batch 1430/4162, Loss: 4.5384, NLL: 4.5384, Coverage: 0.0000
  Batch 1440/4162, Loss: 4.9412, NLL: 4.9412, Coverage: 0.0000
  Batch 1450/4162, Loss: 4.6739, NLL: 4.6739, Coverage: 0.0000
  Batch 1460/4162, Loss: 4.3474, NLL: 4.3474, Coverage: 0.0000
  Batch 1470/4162, Loss: 4.7664, NLL: 4.7664, Coverage: 0.0000
  Batch 1480/4162, Loss: 4.5872, NLL: 4.5872, Coverage: 0.0000
  Batch 1490/4162, Loss: 4.5269, NLL: 4.5269, Coverage: 0.0000
  Batch 1500/4162, Loss: 4.4203, NLL: 4.4203, Coverage: 0.0000
  Batch 1510/4162, Loss: 4.5125, NLL: 4.5125, Coverage: 0.0000
  Batch 1520/4162, Loss: 4.7225, NLL: 4.7225, Coverage: 0.0000
  Batch 1530/4162, Loss: 4.9680, NLL: 4.9680, Coverage: 0.0000
  Batch 1540/4162, Loss: 4.8982, NLL: 4.8982, Coverage: 0.0000
  Batch 1550/4162, Loss: 4.3616, NLL: 4.3616, Coverage: 0.0000
  Batch 1560/4162, Loss: 4.6078, NLL: 4.6078, Coverage: 0.0000
  Batch 1570/4162, Loss: 5.2940, NLL: 5.2940, Coverage: 0.0000
  Batch 1580/4162, Loss: 3.9571, NLL: 3.9571, Coverage: 0.0000
  Batch 1590/4162, Loss: 4.3469, NLL: 4.3469, Coverage: 0.0000
  Batch 1600/4162, Loss: 4.7085, NLL: 4.7085, Coverage: 0.0000
  Batch 1610/4162, Loss: 4.6197, NLL: 4.6197, Coverage: 0.0000
  Batch 1620/4162, Loss: 4.9122, NLL: 4.9122, Coverage: 0.0000
  Batch 1630/4162, Loss: 4.9571, NLL: 4.9571, Coverage: 0.0000
  Batch 1640/4162, Loss: 4.4447, NLL: 4.4447, Coverage: 0.0000
  Batch 1650/4162, Loss: 4.4736, NLL: 4.4736, Coverage: 0.0000
  Batch 1660/4162, Loss: 4.6384, NLL: 4.6384, Coverage: 0.0000
  Batch 1670/4162, Loss: 4.8284, NLL: 4.8284, Coverage: 0.0000
  Batch 1680/4162, Loss: 4.8363, NLL: 4.8363, Coverage: 0.0000
  Batch 1690/4162, Loss: 4.5223, NLL: 4.5223, Coverage: 0.0000
  Batch 1700/4162, Loss: 4.2787, NLL: 4.2787, Coverage: 0.0000
  Batch 1710/4162, Loss: 4.4435, NLL: 4.4435, Coverage: 0.0000
  Batch 1720/4162, Loss: 4.6046, NLL: 4.6046, Coverage: 0.0000
  Batch 1730/4162, Loss: 4.6193, NLL: 4.6193, Coverage: 0.0000
  Batch 1740/4162, Loss: 4.6798, NLL: 4.6798, Coverage: 0.0000
  Batch 1750/4162, Loss: 4.7950, NLL: 4.7950, Coverage: 0.0000
  Batch 1760/4162, Loss: 4.6758, NLL: 4.6758, Coverage: 0.0000
  Batch 1770/4162, Loss: 4.4179, NLL: 4.4179, Coverage: 0.0000
  Batch 1780/4162, Loss: 4.2751, NLL: 4.2751, Coverage: 0.0000
  Batch 1790/4162, Loss: 5.1161, NLL: 5.1161, Coverage: 0.0000
  Batch 1800/4162, Loss: 4.3843, NLL: 4.3843, Coverage: 0.0000
  Batch 1810/4162, Loss: 4.6157, NLL: 4.6157, Coverage: 0.0000
  Batch 1820/4162, Loss: 4.5648, NLL: 4.5648, Coverage: 0.0000
  Batch 1830/4162, Loss: 4.8896, NLL: 4.8896, Coverage: 0.0000
  Batch 1840/4162, Loss: 4.7975, NLL: 4.7975, Coverage: 0.0000
  Batch 1850/4162, Loss: 4.2113, NLL: 4.2113, Coverage: 0.0000
  Batch 1860/4162, Loss: 4.4205, NLL: 4.4205, Coverage: 0.0000
  Batch 1870/4162, Loss: 4.4274, NLL: 4.4274, Coverage: 0.0000
  Batch 1880/4162, Loss: 4.4350, NLL: 4.4350, Coverage: 0.0000
  Batch 1890/4162, Loss: 4.7705, NLL: 4.7705, Coverage: 0.0000
  Batch 1900/4162, Loss: 4.2825, NLL: 4.2825, Coverage: 0.0000
  Batch 1910/4162, Loss: 4.3871, NLL: 4.3871, Coverage: 0.0000
  Batch 1920/4162, Loss: 4.7621, NLL: 4.7621, Coverage: 0.0000
  Batch 1930/4162, Loss: 4.7703, NLL: 4.7703, Coverage: 0.0000
  Batch 1940/4162, Loss: 4.9170, NLL: 4.9170, Coverage: 0.0000
  Batch 1950/4162, Loss: 4.0961, NLL: 4.0961, Coverage: 0.0000
  Batch 1960/4162, Loss: 5.0238, NLL: 5.0238, Coverage: 0.0000
  Batch 1970/4162, Loss: 4.3726, NLL: 4.3726, Coverage: 0.0000
  Batch 1980/4162, Loss: 4.7328, NLL: 4.7328, Coverage: 0.0000
  Batch 1990/4162, Loss: 4.8729, NLL: 4.8729, Coverage: 0.0000
  Batch 2000/4162, Loss: 4.5704, NLL: 4.5704, Coverage: 0.0000
  Batch 2010/4162, Loss: 4.7714, NLL: 4.7714, Coverage: 0.0000
  Batch 2020/4162, Loss: 3.9507, NLL: 3.9507, Coverage: 0.0000
  Batch 2030/4162, Loss: 4.3959, NLL: 4.3959, Coverage: 0.0000
  Batch 2040/4162, Loss: 4.2970, NLL: 4.2970, Coverage: 0.0000
  Batch 2050/4162, Loss: 4.8626, NLL: 4.8626, Coverage: 0.0000
  Batch 2060/4162, Loss: 5.0538, NLL: 5.0538, Coverage: 0.0000
  Batch 2070/4162, Loss: 3.8212, NLL: 3.8212, Coverage: 0.0000
  Batch 2080/4162, Loss: 4.8962, NLL: 4.8962, Coverage: 0.0000
  Batch 2090/4162, Loss: 4.8531, NLL: 4.8531, Coverage: 0.0000
  Batch 2100/4162, Loss: 4.9727, NLL: 4.9727, Coverage: 0.0000
  Batch 2110/4162, Loss: 4.6605, NLL: 4.6605, Coverage: 0.0000
  Batch 2120/4162, Loss: 4.6945, NLL: 4.6945, Coverage: 0.0000
  Batch 2130/4162, Loss: 4.5304, NLL: 4.5304, Coverage: 0.0000
  Batch 2140/4162, Loss: 4.6398, NLL: 4.6398, Coverage: 0.0000
  Batch 2150/4162, Loss: 4.8026, NLL: 4.8026, Coverage: 0.0000
  Batch 2160/4162, Loss: 4.5346, NLL: 4.5346, Coverage: 0.0000
  Batch 2170/4162, Loss: 4.5250, NLL: 4.5250, Coverage: 0.0000
  Batch 2180/4162, Loss: 4.7866, NLL: 4.7866, Coverage: 0.0000
  Batch 2190/4162, Loss: 4.3523, NLL: 4.3523, Coverage: 0.0000
  Batch 2200/4162, Loss: 4.7460, NLL: 4.7460, Coverage: 0.0000
  Batch 2210/4162, Loss: 4.8229, NLL: 4.8229, Coverage: 0.0000
  Batch 2220/4162, Loss: 4.6240, NLL: 4.6240, Coverage: 0.0000
  Batch 2230/4162, Loss: 4.7133, NLL: 4.7133, Coverage: 0.0000
  Batch 2240/4162, Loss: 4.9237, NLL: 4.9237, Coverage: 0.0000
  Batch 2250/4162, Loss: 4.6110, NLL: 4.6110, Coverage: 0.0000
  Batch 2260/4162, Loss: 4.3516, NLL: 4.3516, Coverage: 0.0000
  Batch 2270/4162, Loss: 4.2321, NLL: 4.2321, Coverage: 0.0000
  Batch 2280/4162, Loss: 4.6718, NLL: 4.6718, Coverage: 0.0000
  Batch 2290/4162, Loss: 4.7928, NLL: 4.7928, Coverage: 0.0000
  Batch 2300/4162, Loss: 3.9420, NLL: 3.9420, Coverage: 0.0000
  Batch 2310/4162, Loss: 4.2805, NLL: 4.2805, Coverage: 0.0000
  Batch 2320/4162, Loss: 4.4609, NLL: 4.4609, Coverage: 0.0000
  Batch 2330/4162, Loss: 4.6938, NLL: 4.6938, Coverage: 0.0000
  Batch 2340/4162, Loss: 4.5642, NLL: 4.5642, Coverage: 0.0000
  Batch 2350/4162, Loss: 4.2619, NLL: 4.2619, Coverage: 0.0000
  Batch 2360/4162, Loss: 4.3941, NLL: 4.3941, Coverage: 0.0000
  Batch 2370/4162, Loss: 4.4424, NLL: 4.4424, Coverage: 0.0000
  Batch 2380/4162, Loss: 4.2161, NLL: 4.2161, Coverage: 0.0000
  Batch 2390/4162, Loss: 4.6228, NLL: 4.6228, Coverage: 0.0000
  Batch 2400/4162, Loss: 4.5669, NLL: 4.5669, Coverage: 0.0000
  Batch 2410/4162, Loss: 4.2544, NLL: 4.2544, Coverage: 0.0000
  Batch 2420/4162, Loss: 4.4228, NLL: 4.4228, Coverage: 0.0000
  Batch 2430/4162, Loss: 4.7915, NLL: 4.7915, Coverage: 0.0000
  Batch 2440/4162, Loss: 4.5460, NLL: 4.5460, Coverage: 0.0000
  Batch 2450/4162, Loss: 4.5460, NLL: 4.5460, Coverage: 0.0000
  Batch 2460/4162, Loss: 5.0147, NLL: 5.0147, Coverage: 0.0000
  Batch 2470/4162, Loss: 4.9152, NLL: 4.9152, Coverage: 0.0000
  Batch 2480/4162, Loss: 4.3669, NLL: 4.3669, Coverage: 0.0000
  Batch 2490/4162, Loss: 4.4968, NLL: 4.4968, Coverage: 0.0000
  Batch 2500/4162, Loss: 4.9212, NLL: 4.9212, Coverage: 0.0000
  Batch 2510/4162, Loss: 4.6574, NLL: 4.6574, Coverage: 0.0000
  Batch 2520/4162, Loss: 4.9369, NLL: 4.9369, Coverage: 0.0000
  Batch 2530/4162, Loss: 4.9973, NLL: 4.9973, Coverage: 0.0000
  Batch 2540/4162, Loss: 4.8735, NLL: 4.8735, Coverage: 0.0000
  Batch 2550/4162, Loss: 4.4001, NLL: 4.4001, Coverage: 0.0000
  Batch 2560/4162, Loss: 4.8037, NLL: 4.8037, Coverage: 0.0000
  Batch 2570/4162, Loss: 4.5951, NLL: 4.5951, Coverage: 0.0000
  Batch 2580/4162, Loss: 4.8773, NLL: 4.8773, Coverage: 0.0000
  Batch 2590/4162, Loss: 4.7357, NLL: 4.7357, Coverage: 0.0000
  Batch 2600/4162, Loss: 4.3615, NLL: 4.3615, Coverage: 0.0000
  Batch 2610/4162, Loss: 4.4117, NLL: 4.4117, Coverage: 0.0000
  Batch 2620/4162, Loss: 4.8122, NLL: 4.8122, Coverage: 0.0000
  Batch 2630/4162, Loss: 4.1274, NLL: 4.1274, Coverage: 0.0000
  Batch 2640/4162, Loss: 3.9810, NLL: 3.9810, Coverage: 0.0000
  Batch 2650/4162, Loss: 4.3491, NLL: 4.3491, Coverage: 0.0000
  Batch 2660/4162, Loss: 4.5174, NLL: 4.5174, Coverage: 0.0000
  Batch 2670/4162, Loss: 4.3846, NLL: 4.3846, Coverage: 0.0000
  Batch 2680/4162, Loss: 4.5986, NLL: 4.5986, Coverage: 0.0000
  Batch 2690/4162, Loss: 4.7508, NLL: 4.7508, Coverage: 0.0000
  Batch 2700/4162, Loss: 4.3194, NLL: 4.3194, Coverage: 0.0000
  Batch 2710/4162, Loss: 4.5618, NLL: 4.5618, Coverage: 0.0000
  Batch 2720/4162, Loss: 4.6212, NLL: 4.6212, Coverage: 0.0000
  Batch 2730/4162, Loss: 4.6590, NLL: 4.6590, Coverage: 0.0000
  Batch 2740/4162, Loss: 4.2881, NLL: 4.2881, Coverage: 0.0000
  Batch 2750/4162, Loss: 4.4760, NLL: 4.4760, Coverage: 0.0000
  Batch 2760/4162, Loss: 4.6198, NLL: 4.6198, Coverage: 0.0000
  Batch 2770/4162, Loss: 4.4249, NLL: 4.4249, Coverage: 0.0000
  Batch 2780/4162, Loss: 4.4598, NLL: 4.4598, Coverage: 0.0000
  Batch 2790/4162, Loss: 4.4018, NLL: 4.4018, Coverage: 0.0000
  Batch 2800/4162, Loss: 3.9025, NLL: 3.9025, Coverage: 0.0000
  Batch 2810/4162, Loss: 4.5198, NLL: 4.5198, Coverage: 0.0000
  Batch 2820/4162, Loss: 4.5243, NLL: 4.5243, Coverage: 0.0000
  Batch 2830/4162, Loss: 4.4376, NLL: 4.4376, Coverage: 0.0000
  Batch 2840/4162, Loss: 4.1568, NLL: 4.1568, Coverage: 0.0000
  Batch 2850/4162, Loss: 4.1101, NLL: 4.1101, Coverage: 0.0000
  Batch 2860/4162, Loss: 4.5447, NLL: 4.5447, Coverage: 0.0000
  Batch 2870/4162, Loss: 4.5747, NLL: 4.5747, Coverage: 0.0000
  Batch 2880/4162, Loss: 4.5998, NLL: 4.5998, Coverage: 0.0000
  Batch 2890/4162, Loss: 4.4050, NLL: 4.4050, Coverage: 0.0000
  Batch 2900/4162, Loss: 4.3079, NLL: 4.3079, Coverage: 0.0000
  Batch 2910/4162, Loss: 4.5908, NLL: 4.5908, Coverage: 0.0000
  Batch 2920/4162, Loss: 4.4413, NLL: 4.4413, Coverage: 0.0000
  Batch 2930/4162, Loss: 4.6067, NLL: 4.6067, Coverage: 0.0000
  Batch 2940/4162, Loss: 4.7618, NLL: 4.7618, Coverage: 0.0000
  Batch 2950/4162, Loss: 4.4996, NLL: 4.4996, Coverage: 0.0000
  Batch 2960/4162, Loss: 4.8225, NLL: 4.8225, Coverage: 0.0000
  Batch 2970/4162, Loss: 5.0619, NLL: 5.0619, Coverage: 0.0000
  Batch 2980/4162, Loss: 4.6907, NLL: 4.6907, Coverage: 0.0000
  Batch 2990/4162, Loss: 3.7257, NLL: 3.7257, Coverage: 0.0000
  Batch 3000/4162, Loss: 4.0723, NLL: 4.0723, Coverage: 0.0000
  Batch 3010/4162, Loss: 4.5131, NLL: 4.5131, Coverage: 0.0000
  Batch 3020/4162, Loss: 4.4152, NLL: 4.4152, Coverage: 0.0000
  Batch 3030/4162, Loss: 4.6235, NLL: 4.6235, Coverage: 0.0000
  Batch 3040/4162, Loss: 4.7751, NLL: 4.7751, Coverage: 0.0000
  Batch 3050/4162, Loss: 4.2466, NLL: 4.2466, Coverage: 0.0000
  Batch 3060/4162, Loss: 4.7965, NLL: 4.7965, Coverage: 0.0000
  Batch 3070/4162, Loss: 4.9464, NLL: 4.9464, Coverage: 0.0000
  Batch 3080/4162, Loss: 4.5920, NLL: 4.5920, Coverage: 0.0000
  Batch 3090/4162, Loss: 4.4717, NLL: 4.4717, Coverage: 0.0000
  Batch 3100/4162, Loss: 4.7403, NLL: 4.7403, Coverage: 0.0000
  Batch 3110/4162, Loss: 4.2955, NLL: 4.2955, Coverage: 0.0000
  Batch 3120/4162, Loss: 4.0145, NLL: 4.0145, Coverage: 0.0000
  Batch 3130/4162, Loss: 4.4686, NLL: 4.4686, Coverage: 0.0000
  Batch 3140/4162, Loss: 4.5662, NLL: 4.5662, Coverage: 0.0000
  Batch 3150/4162, Loss: 4.5533, NLL: 4.5533, Coverage: 0.0000
  Batch 3160/4162, Loss: 4.5249, NLL: 4.5249, Coverage: 0.0000
  Batch 3170/4162, Loss: 4.4316, NLL: 4.4316, Coverage: 0.0000
  Batch 3180/4162, Loss: 4.6759, NLL: 4.6759, Coverage: 0.0000
  Batch 3190/4162, Loss: 4.1949, NLL: 4.1949, Coverage: 0.0000
  Batch 3200/4162, Loss: 4.5858, NLL: 4.5858, Coverage: 0.0000
  Batch 3210/4162, Loss: 4.5970, NLL: 4.5970, Coverage: 0.0000
  Batch 3220/4162, Loss: 4.8833, NLL: 4.8833, Coverage: 0.0000
  Batch 3230/4162, Loss: 4.6481, NLL: 4.6481, Coverage: 0.0000
  Batch 3240/4162, Loss: 4.6288, NLL: 4.6288, Coverage: 0.0000
  Batch 3250/4162, Loss: 4.7934, NLL: 4.7934, Coverage: 0.0000
  Batch 3260/4162, Loss: 4.2428, NLL: 4.2428, Coverage: 0.0000
  Batch 3270/4162, Loss: 4.7455, NLL: 4.7455, Coverage: 0.0000
  Batch 3280/4162, Loss: 4.4543, NLL: 4.4543, Coverage: 0.0000
  Batch 3290/4162, Loss: 4.6688, NLL: 4.6688, Coverage: 0.0000
  Batch 3300/4162, Loss: 4.5514, NLL: 4.5514, Coverage: 0.0000
  Batch 3310/4162, Loss: 4.6111, NLL: 4.6111, Coverage: 0.0000
  Batch 3320/4162, Loss: 4.7907, NLL: 4.7907, Coverage: 0.0000
  Batch 3330/4162, Loss: 4.6840, NLL: 4.6840, Coverage: 0.0000
  Batch 3340/4162, Loss: 4.9260, NLL: 4.9260, Coverage: 0.0000
  Batch 3350/4162, Loss: 4.2265, NLL: 4.2265, Coverage: 0.0000
  Batch 3360/4162, Loss: 4.3443, NLL: 4.3443, Coverage: 0.0000
  Batch 3370/4162, Loss: 4.5756, NLL: 4.5756, Coverage: 0.0000
  Batch 3380/4162, Loss: 4.8729, NLL: 4.8729, Coverage: 0.0000
  Batch 3390/4162, Loss: 4.5654, NLL: 4.5654, Coverage: 0.0000
  Batch 3400/4162, Loss: 4.6151, NLL: 4.6151, Coverage: 0.0000
  Batch 3410/4162, Loss: 4.7364, NLL: 4.7364, Coverage: 0.0000
  Batch 3420/4162, Loss: 4.4008, NLL: 4.4008, Coverage: 0.0000
  Batch 3430/4162, Loss: 5.2749, NLL: 5.2749, Coverage: 0.0000
  Batch 3440/4162, Loss: 4.8202, NLL: 4.8202, Coverage: 0.0000
  Batch 3450/4162, Loss: 4.5749, NLL: 4.5749, Coverage: 0.0000
  Batch 3460/4162, Loss: 4.5867, NLL: 4.5867, Coverage: 0.0000
  Batch 3470/4162, Loss: 4.3604, NLL: 4.3604, Coverage: 0.0000
  Batch 3480/4162, Loss: 4.7849, NLL: 4.7849, Coverage: 0.0000
  Batch 3490/4162, Loss: 4.7127, NLL: 4.7127, Coverage: 0.0000
  Batch 3500/4162, Loss: 4.2542, NLL: 4.2542, Coverage: 0.0000
  Batch 3510/4162, Loss: 4.4729, NLL: 4.4729, Coverage: 0.0000
  Batch 3520/4162, Loss: 4.5825, NLL: 4.5825, Coverage: 0.0000
  Batch 3530/4162, Loss: 4.6753, NLL: 4.6753, Coverage: 0.0000
  Batch 3540/4162, Loss: 5.2245, NLL: 5.2245, Coverage: 0.0000
  Batch 3550/4162, Loss: 4.7039, NLL: 4.7039, Coverage: 0.0000
  Batch 3560/4162, Loss: 5.0249, NLL: 5.0249, Coverage: 0.0000
  Batch 3570/4162, Loss: 4.9161, NLL: 4.9161, Coverage: 0.0000
  Batch 3580/4162, Loss: 4.5896, NLL: 4.5896, Coverage: 0.0000
  Batch 3590/4162, Loss: 4.2263, NLL: 4.2263, Coverage: 0.0000
  Batch 3600/4162, Loss: 4.2294, NLL: 4.2294, Coverage: 0.0000
  Batch 3610/4162, Loss: 4.3889, NLL: 4.3889, Coverage: 0.0000
  Batch 3620/4162, Loss: 4.5918, NLL: 4.5918, Coverage: 0.0000
  Batch 3630/4162, Loss: 4.6922, NLL: 4.6922, Coverage: 0.0000
  Batch 3640/4162, Loss: 4.7330, NLL: 4.7330, Coverage: 0.0000
  Batch 3650/4162, Loss: 4.4298, NLL: 4.4298, Coverage: 0.0000
  Batch 3660/4162, Loss: 4.6446, NLL: 4.6446, Coverage: 0.0000
  Batch 3670/4162, Loss: 4.4300, NLL: 4.4300, Coverage: 0.0000
  Batch 3680/4162, Loss: 4.6228, NLL: 4.6228, Coverage: 0.0000
  Batch 3690/4162, Loss: 4.5001, NLL: 4.5001, Coverage: 0.0000
  Batch 3700/4162, Loss: 4.5431, NLL: 4.5431, Coverage: 0.0000
  Batch 3710/4162, Loss: 4.4386, NLL: 4.4386, Coverage: 0.0000
  Batch 3720/4162, Loss: 4.4433, NLL: 4.4433, Coverage: 0.0000
  Batch 3730/4162, Loss: 4.4788, NLL: 4.4788, Coverage: 0.0000
  Batch 3740/4162, Loss: 4.9718, NLL: 4.9718, Coverage: 0.0000
  Batch 3750/4162, Loss: 4.3867, NLL: 4.3867, Coverage: 0.0000
  Batch 3760/4162, Loss: 4.6783, NLL: 4.6783, Coverage: 0.0000
  Batch 3770/4162, Loss: 4.8115, NLL: 4.8115, Coverage: 0.0000
  Batch 3780/4162, Loss: 4.6578, NLL: 4.6578, Coverage: 0.0000
  Batch 3790/4162, Loss: 4.6181, NLL: 4.6181, Coverage: 0.0000
  Batch 3800/4162, Loss: 4.9693, NLL: 4.9693, Coverage: 0.0000
  Batch 3810/4162, Loss: 4.7398, NLL: 4.7398, Coverage: 0.0000
  Batch 3820/4162, Loss: 4.3524, NLL: 4.3524, Coverage: 0.0000
  Batch 3830/4162, Loss: 4.5117, NLL: 4.5117, Coverage: 0.0000
  Batch 3840/4162, Loss: 4.7913, NLL: 4.7913, Coverage: 0.0000
  Batch 3850/4162, Loss: 4.4009, NLL: 4.4009, Coverage: 0.0000
  Batch 3860/4162, Loss: 4.9287, NLL: 4.9287, Coverage: 0.0000
  Batch 3870/4162, Loss: 4.3737, NLL: 4.3737, Coverage: 0.0000
  Batch 3880/4162, Loss: 4.5260, NLL: 4.5260, Coverage: 0.0000
  Batch 3890/4162, Loss: 4.2816, NLL: 4.2816, Coverage: 0.0000
  Batch 3900/4162, Loss: 4.3022, NLL: 4.3022, Coverage: 0.0000
  Batch 3910/4162, Loss: 4.0474, NLL: 4.0474, Coverage: 0.0000
  Batch 3920/4162, Loss: 5.1156, NLL: 5.1156, Coverage: 0.0000
  Batch 3930/4162, Loss: 4.2337, NLL: 4.2337, Coverage: 0.0000
  Batch 3940/4162, Loss: 4.8881, NLL: 4.8881, Coverage: 0.0000
  Batch 3950/4162, Loss: 4.3556, NLL: 4.3556, Coverage: 0.0000
  Batch 3960/4162, Loss: 4.3485, NLL: 4.3485, Coverage: 0.0000
  Batch 3970/4162, Loss: 4.6581, NLL: 4.6581, Coverage: 0.0000
  Batch 3980/4162, Loss: 4.5332, NLL: 4.5332, Coverage: 0.0000
  Batch 3990/4162, Loss: 4.2176, NLL: 4.2176, Coverage: 0.0000
  Batch 4000/4162, Loss: 4.7113, NLL: 4.7113, Coverage: 0.0000
  Batch 4010/4162, Loss: 4.5572, NLL: 4.5572, Coverage: 0.0000
  Batch 4020/4162, Loss: 4.4137, NLL: 4.4137, Coverage: 0.0000
  Batch 4030/4162, Loss: 4.3189, NLL: 4.3189, Coverage: 0.0000
  Batch 4040/4162, Loss: 4.9314, NLL: 4.9314, Coverage: 0.0000
  Batch 4050/4162, Loss: 4.9316, NLL: 4.9316, Coverage: 0.0000
  Batch 4060/4162, Loss: 4.8422, NLL: 4.8422, Coverage: 0.0000
  Batch 4070/4162, Loss: 4.2737, NLL: 4.2737, Coverage: 0.0000
  Batch 4080/4162, Loss: 4.6323, NLL: 4.6323, Coverage: 0.0000
  Batch 4090/4162, Loss: 4.3938, NLL: 4.3938, Coverage: 0.0000
  Batch 4100/4162, Loss: 4.5478, NLL: 4.5478, Coverage: 0.0000
  Batch 4110/4162, Loss: 4.6001, NLL: 4.6001, Coverage: 0.0000
  Batch 4120/4162, Loss: 4.3711, NLL: 4.3711, Coverage: 0.0000
  Batch 4130/4162, Loss: 4.3080, NLL: 4.3080, Coverage: 0.0000
  Batch 4140/4162, Loss: 4.4351, NLL: 4.4351, Coverage: 0.0000
  Batch 4150/4162, Loss: 4.5505, NLL: 4.5505, Coverage: 0.0000
  Batch 4160/4162, Loss: 4.5664, NLL: 4.5664, Coverage: 0.0000

  Train Loss: 4.5501 (NLL: 4.5501, Coverage: 0.0000)
  Val Loss: 6.4625 (NLL: 6.4625, Coverage: 0.0000)
  Time: 28m 24s

Epoch 5/20
----------------------------------------
  Batch 10/4162, Loss: 4.7638, NLL: 4.7638, Coverage: 0.0000
  Batch 20/4162, Loss: 4.3552, NLL: 4.3552, Coverage: 0.0000
  Batch 30/4162, Loss: 4.4098, NLL: 4.4098, Coverage: 0.0000
  Batch 40/4162, Loss: 4.7095, NLL: 4.7095, Coverage: 0.0000
  Batch 50/4162, Loss: 4.6921, NLL: 4.6921, Coverage: 0.0000
  Batch 60/4162, Loss: 4.1519, NLL: 4.1519, Coverage: 0.0000
  Batch 70/4162, Loss: 4.6104, NLL: 4.6104, Coverage: 0.0000
  Batch 80/4162, Loss: 4.8530, NLL: 4.8530, Coverage: 0.0000
  Batch 90/4162, Loss: 4.2891, NLL: 4.2891, Coverage: 0.0000
  Batch 100/4162, Loss: 4.8145, NLL: 4.8145, Coverage: 0.0000
  Batch 110/4162, Loss: 4.7288, NLL: 4.7288, Coverage: 0.0000
  Batch 120/4162, Loss: 4.3110, NLL: 4.3110, Coverage: 0.0000
  Batch 130/4162, Loss: 4.2685, NLL: 4.2685, Coverage: 0.0000
  Batch 140/4162, Loss: 4.3164, NLL: 4.3164, Coverage: 0.0000
  Batch 150/4162, Loss: 4.5611, NLL: 4.5611, Coverage: 0.0000
  Batch 160/4162, Loss: 4.4346, NLL: 4.4346, Coverage: 0.0000
  Batch 170/4162, Loss: 4.8934, NLL: 4.8934, Coverage: 0.0000
  Batch 180/4162, Loss: 3.9610, NLL: 3.9610, Coverage: 0.0000
  Batch 190/4162, Loss: 4.3640, NLL: 4.3640, Coverage: 0.0000
  Batch 200/4162, Loss: 4.6562, NLL: 4.6562, Coverage: 0.0000
  Batch 210/4162, Loss: 3.9804, NLL: 3.9804, Coverage: 0.0000
  Batch 220/4162, Loss: 4.4008, NLL: 4.4008, Coverage: 0.0000
  Batch 230/4162, Loss: 4.7388, NLL: 4.7388, Coverage: 0.0000
  Batch 240/4162, Loss: 4.4487, NLL: 4.4487, Coverage: 0.0000
  Batch 250/4162, Loss: 4.2492, NLL: 4.2492, Coverage: 0.0000
  Batch 260/4162, Loss: 4.1911, NLL: 4.1911, Coverage: 0.0000
  Batch 270/4162, Loss: 4.4539, NLL: 4.4539, Coverage: 0.0000
  Batch 280/4162, Loss: 4.5300, NLL: 4.5300, Coverage: 0.0000
  Batch 290/4162, Loss: 4.9136, NLL: 4.9136, Coverage: 0.0000
  Batch 300/4162, Loss: 4.2221, NLL: 4.2221, Coverage: 0.0000
  Batch 310/4162, Loss: 4.5318, NLL: 4.5318, Coverage: 0.0000
  Batch 320/4162, Loss: 4.1540, NLL: 4.1540, Coverage: 0.0000
  Batch 330/4162, Loss: 4.5925, NLL: 4.5925, Coverage: 0.0000
  Batch 340/4162, Loss: 4.2606, NLL: 4.2606, Coverage: 0.0000
  Batch 350/4162, Loss: 4.2892, NLL: 4.2892, Coverage: 0.0000
  Batch 360/4162, Loss: 4.5578, NLL: 4.5578, Coverage: 0.0000
  Batch 370/4162, Loss: 4.7198, NLL: 4.7198, Coverage: 0.0000
  Batch 380/4162, Loss: 4.4634, NLL: 4.4634, Coverage: 0.0000
  Batch 390/4162, Loss: 4.5669, NLL: 4.5669, Coverage: 0.0000
  Batch 400/4162, Loss: 4.1763, NLL: 4.1763, Coverage: 0.0000
  Batch 410/4162, Loss: 4.0978, NLL: 4.0978, Coverage: 0.0000
  Batch 420/4162, Loss: 4.5388, NLL: 4.5388, Coverage: 0.0000
  Batch 430/4162, Loss: 4.2732, NLL: 4.2732, Coverage: 0.0000
  Batch 440/4162, Loss: 4.6487, NLL: 4.6487, Coverage: 0.0000
  Batch 450/4162, Loss: 4.3216, NLL: 4.3216, Coverage: 0.0000
  Batch 460/4162, Loss: 4.4602, NLL: 4.4602, Coverage: 0.0000
  Batch 470/4162, Loss: 4.5339, NLL: 4.5339, Coverage: 0.0000
  Batch 480/4162, Loss: 4.4270, NLL: 4.4270, Coverage: 0.0000
  Batch 490/4162, Loss: 4.2537, NLL: 4.2537, Coverage: 0.0000
  Batch 500/4162, Loss: 4.3746, NLL: 4.3746, Coverage: 0.0000
  Batch 510/4162, Loss: 4.3762, NLL: 4.3762, Coverage: 0.0000
  Batch 520/4162, Loss: 4.1228, NLL: 4.1228, Coverage: 0.0000
  Batch 530/4162, Loss: 3.9216, NLL: 3.9216, Coverage: 0.0000
  Batch 540/4162, Loss: 4.7091, NLL: 4.7091, Coverage: 0.0000
  Batch 550/4162, Loss: 4.6957, NLL: 4.6957, Coverage: 0.0000
  Batch 560/4162, Loss: 4.3454, NLL: 4.3454, Coverage: 0.0000
  Batch 570/4162, Loss: 4.7106, NLL: 4.7106, Coverage: 0.0000
  Batch 580/4162, Loss: 4.4171, NLL: 4.4171, Coverage: 0.0000
  Batch 590/4162, Loss: 4.9259, NLL: 4.9259, Coverage: 0.0000
  Batch 600/4162, Loss: 4.3538, NLL: 4.3538, Coverage: 0.0000
  Batch 610/4162, Loss: 4.3873, NLL: 4.3873, Coverage: 0.0000
  Batch 620/4162, Loss: 4.6361, NLL: 4.6361, Coverage: 0.0000
  Batch 630/4162, Loss: 4.4507, NLL: 4.4507, Coverage: 0.0000
  Batch 640/4162, Loss: 4.5870, NLL: 4.5870, Coverage: 0.0000
  Batch 650/4162, Loss: 3.9264, NLL: 3.9264, Coverage: 0.0000
  Batch 660/4162, Loss: 4.4324, NLL: 4.4324, Coverage: 0.0000
  Batch 670/4162, Loss: 4.2805, NLL: 4.2805, Coverage: 0.0000
  Batch 680/4162, Loss: 4.6530, NLL: 4.6530, Coverage: 0.0000
  Batch 690/4162, Loss: 4.3453, NLL: 4.3453, Coverage: 0.0000
  Batch 700/4162, Loss: 4.4598, NLL: 4.4598, Coverage: 0.0000
  Batch 710/4162, Loss: 4.3875, NLL: 4.3875, Coverage: 0.0000
  Batch 720/4162, Loss: 4.3770, NLL: 4.3770, Coverage: 0.0000
  Batch 730/4162, Loss: 4.5295, NLL: 4.5295, Coverage: 0.0000
  Batch 740/4162, Loss: 4.8246, NLL: 4.8246, Coverage: 0.0000
  Batch 750/4162, Loss: 3.8355, NLL: 3.8355, Coverage: 0.0000
  Batch 760/4162, Loss: 4.0629, NLL: 4.0629, Coverage: 0.0000
  Batch 770/4162, Loss: 4.6927, NLL: 4.6927, Coverage: 0.0000
  Batch 780/4162, Loss: 4.5311, NLL: 4.5311, Coverage: 0.0000
  Batch 790/4162, Loss: 4.3475, NLL: 4.3475, Coverage: 0.0000
  Batch 800/4162, Loss: 4.4851, NLL: 4.4851, Coverage: 0.0000
  Batch 810/4162, Loss: 4.0155, NLL: 4.0155, Coverage: 0.0000
  Batch 820/4162, Loss: 4.1247, NLL: 4.1247, Coverage: 0.0000
  Batch 830/4162, Loss: 4.4435, NLL: 4.4435, Coverage: 0.0000
  Batch 840/4162, Loss: 4.2763, NLL: 4.2763, Coverage: 0.0000
  Batch 850/4162, Loss: 4.1879, NLL: 4.1879, Coverage: 0.0000
  Batch 860/4162, Loss: 4.5262, NLL: 4.5262, Coverage: 0.0000
  Batch 870/4162, Loss: 4.4064, NLL: 4.4064, Coverage: 0.0000
  Batch 880/4162, Loss: 4.6085, NLL: 4.6085, Coverage: 0.0000
  Batch 890/4162, Loss: 4.3403, NLL: 4.3403, Coverage: 0.0000
  Batch 900/4162, Loss: 4.4816, NLL: 4.4816, Coverage: 0.0000
  Batch 910/4162, Loss: 4.4827, NLL: 4.4827, Coverage: 0.0000
  Batch 920/4162, Loss: 4.7550, NLL: 4.7550, Coverage: 0.0000
  Batch 930/4162, Loss: 4.7564, NLL: 4.7564, Coverage: 0.0000
  Batch 940/4162, Loss: 4.6824, NLL: 4.6824, Coverage: 0.0000
  Batch 950/4162, Loss: 4.5586, NLL: 4.5586, Coverage: 0.0000
  Batch 960/4162, Loss: 4.2278, NLL: 4.2278, Coverage: 0.0000
  Batch 970/4162, Loss: 4.4964, NLL: 4.4964, Coverage: 0.0000
  Batch 980/4162, Loss: 4.5966, NLL: 4.5966, Coverage: 0.0000
  Batch 990/4162, Loss: 4.6089, NLL: 4.6089, Coverage: 0.0000
  Batch 1000/4162, Loss: 4.5975, NLL: 4.5975, Coverage: 0.0000
  Batch 1010/4162, Loss: 4.2320, NLL: 4.2320, Coverage: 0.0000
  Batch 1020/4162, Loss: 4.6684, NLL: 4.6684, Coverage: 0.0000
  Batch 1030/4162, Loss: 4.1213, NLL: 4.1213, Coverage: 0.0000
  Batch 1040/4162, Loss: 4.0768, NLL: 4.0768, Coverage: 0.0000
  Batch 1050/4162, Loss: 4.4927, NLL: 4.4927, Coverage: 0.0000
  Batch 1060/4162, Loss: 4.2656, NLL: 4.2656, Coverage: 0.0000
  Batch 1070/4162, Loss: 3.8593, NLL: 3.8593, Coverage: 0.0000
  Batch 1080/4162, Loss: 4.6248, NLL: 4.6248, Coverage: 0.0000
  Batch 1090/4162, Loss: 4.4879, NLL: 4.4879, Coverage: 0.0000
  Batch 1100/4162, Loss: 4.9324, NLL: 4.9324, Coverage: 0.0000
  Batch 1110/4162, Loss: 4.6510, NLL: 4.6510, Coverage: 0.0000
  Batch 1120/4162, Loss: 4.6265, NLL: 4.6265, Coverage: 0.0000
  Batch 1130/4162, Loss: 4.5908, NLL: 4.5908, Coverage: 0.0000
  Batch 1140/4162, Loss: 4.2453, NLL: 4.2453, Coverage: 0.0000
  Batch 1150/4162, Loss: 4.8714, NLL: 4.8714, Coverage: 0.0000
  Batch 1160/4162, Loss: 4.1832, NLL: 4.1832, Coverage: 0.0000
  Batch 1170/4162, Loss: 4.4704, NLL: 4.4704, Coverage: 0.0000
  Batch 1180/4162, Loss: 4.8741, NLL: 4.8741, Coverage: 0.0000
  Batch 1190/4162, Loss: 4.6570, NLL: 4.6570, Coverage: 0.0000
  Batch 1200/4162, Loss: 4.2398, NLL: 4.2398, Coverage: 0.0000
  Batch 1210/4162, Loss: 4.0598, NLL: 4.0598, Coverage: 0.0000
  Batch 1220/4162, Loss: 4.4572, NLL: 4.4572, Coverage: 0.0000
  Batch 1230/4162, Loss: 4.3576, NLL: 4.3576, Coverage: 0.0000
  Batch 1240/4162, Loss: 4.6386, NLL: 4.6386, Coverage: 0.0000
  Batch 1250/4162, Loss: 4.2536, NLL: 4.2536, Coverage: 0.0000
  Batch 1260/4162, Loss: 4.2377, NLL: 4.2377, Coverage: 0.0000
  Batch 1270/4162, Loss: 4.3193, NLL: 4.3193, Coverage: 0.0000
  Batch 1280/4162, Loss: 4.1248, NLL: 4.1248, Coverage: 0.0000
  Batch 1290/4162, Loss: 4.2267, NLL: 4.2267, Coverage: 0.0000
  Batch 1300/4162, Loss: 4.1801, NLL: 4.1801, Coverage: 0.0000
  Batch 1310/4162, Loss: 4.3297, NLL: 4.3297, Coverage: 0.0000
  Batch 1320/4162, Loss: 4.0578, NLL: 4.0578, Coverage: 0.0000
  Batch 1330/4162, Loss: 4.5497, NLL: 4.5497, Coverage: 0.0000
  Batch 1340/4162, Loss: 4.3112, NLL: 4.3112, Coverage: 0.0000
  Batch 1350/4162, Loss: 4.1971, NLL: 4.1971, Coverage: 0.0000
  Batch 1360/4162, Loss: 4.2416, NLL: 4.2416, Coverage: 0.0000
  Batch 1370/4162, Loss: 4.6164, NLL: 4.6164, Coverage: 0.0000
  Batch 1380/4162, Loss: 4.0528, NLL: 4.0528, Coverage: 0.0000
  Batch 1390/4162, Loss: 4.6402, NLL: 4.6402, Coverage: 0.0000
  Batch 1400/4162, Loss: 4.3360, NLL: 4.3360, Coverage: 0.0000
  Batch 1410/4162, Loss: 4.6759, NLL: 4.6759, Coverage: 0.0000
  Batch 1420/4162, Loss: 4.8126, NLL: 4.8126, Coverage: 0.0000
  Batch 1430/4162, Loss: 4.2200, NLL: 4.2200, Coverage: 0.0000
  Batch 1440/4162, Loss: 4.4787, NLL: 4.4787, Coverage: 0.0000
  Batch 1450/4162, Loss: 4.4655, NLL: 4.4655, Coverage: 0.0000
  Batch 1460/4162, Loss: 4.2523, NLL: 4.2523, Coverage: 0.0000
  Batch 1470/4162, Loss: 5.0322, NLL: 5.0322, Coverage: 0.0000
  Batch 1480/4162, Loss: 4.1287, NLL: 4.1287, Coverage: 0.0000
  Batch 1490/4162, Loss: 4.0731, NLL: 4.0731, Coverage: 0.0000
  Batch 1500/4162, Loss: 4.0813, NLL: 4.0813, Coverage: 0.0000
  Batch 1510/4162, Loss: 4.7896, NLL: 4.7896, Coverage: 0.0000
  Batch 1520/4162, Loss: 4.4490, NLL: 4.4490, Coverage: 0.0000
  Batch 1530/4162, Loss: 5.2255, NLL: 5.2255, Coverage: 0.0000
  Batch 1540/4162, Loss: 4.2053, NLL: 4.2053, Coverage: 0.0000
  Batch 1550/4162, Loss: 4.6620, NLL: 4.6620, Coverage: 0.0000
  Batch 1560/4162, Loss: 4.4264, NLL: 4.4264, Coverage: 0.0000
  Batch 1570/4162, Loss: 4.7227, NLL: 4.7227, Coverage: 0.0000
  Batch 1580/4162, Loss: 4.6778, NLL: 4.6778, Coverage: 0.0000
  Batch 1590/4162, Loss: 4.4841, NLL: 4.4841, Coverage: 0.0000
  Batch 1600/4162, Loss: 4.1447, NLL: 4.1447, Coverage: 0.0000
  Batch 1610/4162, Loss: 4.7929, NLL: 4.7929, Coverage: 0.0000
  Batch 1620/4162, Loss: 4.5811, NLL: 4.5811, Coverage: 0.0000
  Batch 1630/4162, Loss: 4.4714, NLL: 4.4714, Coverage: 0.0000
  Batch 1640/4162, Loss: 4.4797, NLL: 4.4797, Coverage: 0.0000
  Batch 1650/4162, Loss: 4.1922, NLL: 4.1922, Coverage: 0.0000
  Batch 1660/4162, Loss: 4.5829, NLL: 4.5829, Coverage: 0.0000
  Batch 1670/4162, Loss: 4.3516, NLL: 4.3516, Coverage: 0.0000
  Batch 1680/4162, Loss: 4.8757, NLL: 4.8757, Coverage: 0.0000
  Batch 1690/4162, Loss: 4.2290, NLL: 4.2290, Coverage: 0.0000
  Batch 1700/4162, Loss: 4.5179, NLL: 4.5179, Coverage: 0.0000
  Batch 1710/4162, Loss: 4.4441, NLL: 4.4441, Coverage: 0.0000
  Batch 1720/4162, Loss: 4.5443, NLL: 4.5443, Coverage: 0.0000
  Batch 1730/4162, Loss: 4.5961, NLL: 4.5961, Coverage: 0.0000
  Batch 1740/4162, Loss: 4.5473, NLL: 4.5473, Coverage: 0.0000
  Batch 1750/4162, Loss: 4.1364, NLL: 4.1364, Coverage: 0.0000
  Batch 1760/4162, Loss: 4.4424, NLL: 4.4424, Coverage: 0.0000
  Batch 1770/4162, Loss: 4.4873, NLL: 4.4873, Coverage: 0.0000
  Batch 1780/4162, Loss: 4.5105, NLL: 4.5105, Coverage: 0.0000
  Batch 1790/4162, Loss: 4.3667, NLL: 4.3667, Coverage: 0.0000
  Batch 1800/4162, Loss: 4.7501, NLL: 4.7501, Coverage: 0.0000
  Batch 1810/4162, Loss: 4.5262, NLL: 4.5262, Coverage: 0.0000
  Batch 1820/4162, Loss: 4.3605, NLL: 4.3605, Coverage: 0.0000
  Batch 1830/4162, Loss: 4.0607, NLL: 4.0607, Coverage: 0.0000
  Batch 1840/4162, Loss: 4.6489, NLL: 4.6489, Coverage: 0.0000
  Batch 1850/4162, Loss: 4.9049, NLL: 4.9049, Coverage: 0.0000
  Batch 1860/4162, Loss: 3.9789, NLL: 3.9789, Coverage: 0.0000
  Batch 1870/4162, Loss: 4.6347, NLL: 4.6347, Coverage: 0.0000
  Batch 1880/4162, Loss: 4.1110, NLL: 4.1110, Coverage: 0.0000
  Batch 1890/4162, Loss: 4.6662, NLL: 4.6662, Coverage: 0.0000
  Batch 1900/4162, Loss: 4.2432, NLL: 4.2432, Coverage: 0.0000
  Batch 1910/4162, Loss: 4.2343, NLL: 4.2343, Coverage: 0.0000
  Batch 1920/4162, Loss: 4.3068, NLL: 4.3068, Coverage: 0.0000
  Batch 1930/4162, Loss: 4.4262, NLL: 4.4262, Coverage: 0.0000
  Batch 1940/4162, Loss: 3.9177, NLL: 3.9177, Coverage: 0.0000
  Batch 1950/4162, Loss: 4.5962, NLL: 4.5962, Coverage: 0.0000
  Batch 1960/4162, Loss: 4.3143, NLL: 4.3143, Coverage: 0.0000
  Batch 1970/4162, Loss: 4.5516, NLL: 4.5516, Coverage: 0.0000
  Batch 1980/4162, Loss: 4.0672, NLL: 4.0672, Coverage: 0.0000
  Batch 1990/4162, Loss: 4.1746, NLL: 4.1746, Coverage: 0.0000
  Batch 2000/4162, Loss: 4.2495, NLL: 4.2495, Coverage: 0.0000
  Batch 2010/4162, Loss: 4.3119, NLL: 4.3119, Coverage: 0.0000
  Batch 2020/4162, Loss: 4.4975, NLL: 4.4975, Coverage: 0.0000
  Batch 2030/4162, Loss: 4.7307, NLL: 4.7307, Coverage: 0.0000
  Batch 2040/4162, Loss: 4.2151, NLL: 4.2151, Coverage: 0.0000
  Batch 2050/4162, Loss: 4.4914, NLL: 4.4914, Coverage: 0.0000
  Batch 2060/4162, Loss: 4.4812, NLL: 4.4812, Coverage: 0.0000
  Batch 2070/4162, Loss: 4.2453, NLL: 4.2453, Coverage: 0.0000
  Batch 2080/4162, Loss: 4.4992, NLL: 4.4992, Coverage: 0.0000
  Batch 2090/4162, Loss: 4.5467, NLL: 4.5467, Coverage: 0.0000
  Batch 2100/4162, Loss: 4.1300, NLL: 4.1300, Coverage: 0.0000
  Batch 2110/4162, Loss: 4.1194, NLL: 4.1194, Coverage: 0.0000
  Batch 2120/4162, Loss: 4.0839, NLL: 4.0839, Coverage: 0.0000
  Batch 2130/4162, Loss: 4.7743, NLL: 4.7743, Coverage: 0.0000
  Batch 2140/4162, Loss: 4.3080, NLL: 4.3080, Coverage: 0.0000
  Batch 2150/4162, Loss: 4.3027, NLL: 4.3027, Coverage: 0.0000
  Batch 2160/4162, Loss: 4.2386, NLL: 4.2386, Coverage: 0.0000
  Batch 2170/4162, Loss: 4.7388, NLL: 4.7388, Coverage: 0.0000
  Batch 2180/4162, Loss: 4.4378, NLL: 4.4378, Coverage: 0.0000
  Batch 2190/4162, Loss: 4.1235, NLL: 4.1235, Coverage: 0.0000
  Batch 2200/4162, Loss: 4.4051, NLL: 4.4051, Coverage: 0.0000
  Batch 2210/4162, Loss: 4.1468, NLL: 4.1468, Coverage: 0.0000
  Batch 2220/4162, Loss: 4.5702, NLL: 4.5702, Coverage: 0.0000
  Batch 2230/4162, Loss: 4.6232, NLL: 4.6232, Coverage: 0.0000
  Batch 2240/4162, Loss: 4.0654, NLL: 4.0654, Coverage: 0.0000
  Batch 2250/4162, Loss: 4.3551, NLL: 4.3551, Coverage: 0.0000
  Batch 2260/4162, Loss: 4.1399, NLL: 4.1399, Coverage: 0.0000
  Batch 2270/4162, Loss: 4.6921, NLL: 4.6921, Coverage: 0.0000
  Batch 2280/4162, Loss: 4.1484, NLL: 4.1484, Coverage: 0.0000
  Batch 2290/4162, Loss: 4.6760, NLL: 4.6760, Coverage: 0.0000
  Batch 2300/4162, Loss: 4.3497, NLL: 4.3497, Coverage: 0.0000
  Batch 2310/4162, Loss: 4.6576, NLL: 4.6576, Coverage: 0.0000
  Batch 2320/4162, Loss: 4.3749, NLL: 4.3749, Coverage: 0.0000
  Batch 2330/4162, Loss: 4.3664, NLL: 4.3664, Coverage: 0.0000
  Batch 2340/4162, Loss: 4.9314, NLL: 4.9314, Coverage: 0.0000
  Batch 2350/4162, Loss: 4.2116, NLL: 4.2116, Coverage: 0.0000
  Batch 2360/4162, Loss: 4.7255, NLL: 4.7255, Coverage: 0.0000
  Batch 2370/4162, Loss: 4.2628, NLL: 4.2628, Coverage: 0.0000
  Batch 2380/4162, Loss: 4.4889, NLL: 4.4889, Coverage: 0.0000
  Batch 2390/4162, Loss: 4.1226, NLL: 4.1226, Coverage: 0.0000
  Batch 2400/4162, Loss: 4.3465, NLL: 4.3465, Coverage: 0.0000
  Batch 2410/4162, Loss: 4.2984, NLL: 4.2984, Coverage: 0.0000
  Batch 2420/4162, Loss: 4.3338, NLL: 4.3338, Coverage: 0.0000
  Batch 2430/4162, Loss: 4.2013, NLL: 4.2013, Coverage: 0.0000
  Batch 2440/4162, Loss: 3.8934, NLL: 3.8934, Coverage: 0.0000
  Batch 2450/4162, Loss: 4.6431, NLL: 4.6431, Coverage: 0.0000
  Batch 2460/4162, Loss: 4.0226, NLL: 4.0226, Coverage: 0.0000
  Batch 2470/4162, Loss: 4.6443, NLL: 4.6443, Coverage: 0.0000
  Batch 2480/4162, Loss: 4.7885, NLL: 4.7885, Coverage: 0.0000
  Batch 2490/4162, Loss: 4.6250, NLL: 4.6250, Coverage: 0.0000
  Batch 2500/4162, Loss: 4.1506, NLL: 4.1506, Coverage: 0.0000
  Batch 2510/4162, Loss: 4.4346, NLL: 4.4346, Coverage: 0.0000
  Batch 2520/4162, Loss: 4.1446, NLL: 4.1446, Coverage: 0.0000
  Batch 2530/4162, Loss: 4.4694, NLL: 4.4694, Coverage: 0.0000
  Batch 2540/4162, Loss: 4.3854, NLL: 4.3854, Coverage: 0.0000
  Batch 2550/4162, Loss: 4.0793, NLL: 4.0793, Coverage: 0.0000
  Batch 2560/4162, Loss: 4.0589, NLL: 4.0589, Coverage: 0.0000
  Batch 2570/4162, Loss: 3.6717, NLL: 3.6717, Coverage: 0.0000
  Batch 2580/4162, Loss: 4.6504, NLL: 4.6504, Coverage: 0.0000
  Batch 2590/4162, Loss: 4.3979, NLL: 4.3979, Coverage: 0.0000
  Batch 2600/4162, Loss: 3.9974, NLL: 3.9974, Coverage: 0.0000
  Batch 2610/4162, Loss: 4.6548, NLL: 4.6548, Coverage: 0.0000
  Batch 2620/4162, Loss: 4.4277, NLL: 4.4277, Coverage: 0.0000
  Batch 2630/4162, Loss: 4.6283, NLL: 4.6283, Coverage: 0.0000
  Batch 2640/4162, Loss: 4.3777, NLL: 4.3777, Coverage: 0.0000
  Batch 2650/4162, Loss: 4.5408, NLL: 4.5408, Coverage: 0.0000
  Batch 2660/4162, Loss: 4.4756, NLL: 4.4756, Coverage: 0.0000
  Batch 2670/4162, Loss: 4.3128, NLL: 4.3128, Coverage: 0.0000
  Batch 2680/4162, Loss: 4.6290, NLL: 4.6290, Coverage: 0.0000
  Batch 2690/4162, Loss: 4.4498, NLL: 4.4498, Coverage: 0.0000
  Batch 2700/4162, Loss: 4.1707, NLL: 4.1707, Coverage: 0.0000
  Batch 2710/4162, Loss: 4.2928, NLL: 4.2928, Coverage: 0.0000
  Batch 2720/4162, Loss: 4.6371, NLL: 4.6371, Coverage: 0.0000
  Batch 2730/4162, Loss: 4.1354, NLL: 4.1354, Coverage: 0.0000
  Batch 2740/4162, Loss: 4.4664, NLL: 4.4664, Coverage: 0.0000
  Batch 2750/4162, Loss: 4.5704, NLL: 4.5704, Coverage: 0.0000
  Batch 2760/4162, Loss: 4.2474, NLL: 4.2474, Coverage: 0.0000
  Batch 2770/4162, Loss: 4.8429, NLL: 4.8429, Coverage: 0.0000
  Batch 2780/4162, Loss: 4.3071, NLL: 4.3071, Coverage: 0.0000
  Batch 2790/4162, Loss: 4.2917, NLL: 4.2917, Coverage: 0.0000
  Batch 2800/4162, Loss: 4.2120, NLL: 4.2120, Coverage: 0.0000
  Batch 2810/4162, Loss: 4.2917, NLL: 4.2917, Coverage: 0.0000
  Batch 2820/4162, Loss: 4.0112, NLL: 4.0112, Coverage: 0.0000
  Batch 2830/4162, Loss: 4.7025, NLL: 4.7025, Coverage: 0.0000
  Batch 2840/4162, Loss: 4.4880, NLL: 4.4880, Coverage: 0.0000
  Batch 2850/4162, Loss: 4.5771, NLL: 4.5771, Coverage: 0.0000
  Batch 2860/4162, Loss: 4.1572, NLL: 4.1572, Coverage: 0.0000
  Batch 2870/4162, Loss: 4.9558, NLL: 4.9558, Coverage: 0.0000
  Batch 2880/4162, Loss: 3.8440, NLL: 3.8440, Coverage: 0.0000
  Batch 2890/4162, Loss: 4.5907, NLL: 4.5907, Coverage: 0.0000
  Batch 2900/4162, Loss: 4.2147, NLL: 4.2147, Coverage: 0.0000
  Batch 2910/4162, Loss: 4.0460, NLL: 4.0460, Coverage: 0.0000
  Batch 2920/4162, Loss: 4.1647, NLL: 4.1647, Coverage: 0.0000
  Batch 2930/4162, Loss: 3.8880, NLL: 3.8880, Coverage: 0.0000
  Batch 2940/4162, Loss: 4.3239, NLL: 4.3239, Coverage: 0.0000
  Batch 2950/4162, Loss: 4.2224, NLL: 4.2224, Coverage: 0.0000
  Batch 2960/4162, Loss: 4.4438, NLL: 4.4438, Coverage: 0.0000
  Batch 2970/4162, Loss: 4.7678, NLL: 4.7678, Coverage: 0.0000
  Batch 2980/4162, Loss: 4.1669, NLL: 4.1669, Coverage: 0.0000
  Batch 2990/4162, Loss: 4.0373, NLL: 4.0373, Coverage: 0.0000
  Batch 3000/4162, Loss: 4.5909, NLL: 4.5909, Coverage: 0.0000
  Batch 3010/4162, Loss: 4.0620, NLL: 4.0620, Coverage: 0.0000
  Batch 3020/4162, Loss: 4.7757, NLL: 4.7757, Coverage: 0.0000
  Batch 3030/4162, Loss: 4.6575, NLL: 4.6575, Coverage: 0.0000
  Batch 3040/4162, Loss: 4.2742, NLL: 4.2742, Coverage: 0.0000
  Batch 3050/4162, Loss: 4.7409, NLL: 4.7409, Coverage: 0.0000
  Batch 3060/4162, Loss: 4.9072, NLL: 4.9072, Coverage: 0.0000
  Batch 3070/4162, Loss: 4.1639, NLL: 4.1639, Coverage: 0.0000
  Batch 3080/4162, Loss: 4.0326, NLL: 4.0326, Coverage: 0.0000
  Batch 3090/4162, Loss: 4.3332, NLL: 4.3332, Coverage: 0.0000
  Batch 3100/4162, Loss: 4.1714, NLL: 4.1714, Coverage: 0.0000
  Batch 3110/4162, Loss: 4.3179, NLL: 4.3179, Coverage: 0.0000
  Batch 3120/4162, Loss: 4.4835, NLL: 4.4835, Coverage: 0.0000
  Batch 3130/4162, Loss: 4.9052, NLL: 4.9052, Coverage: 0.0000
  Batch 3140/4162, Loss: 4.3079, NLL: 4.3079, Coverage: 0.0000
  Batch 3150/4162, Loss: 4.0287, NLL: 4.0287, Coverage: 0.0000
  Batch 3160/4162, Loss: 4.0207, NLL: 4.0207, Coverage: 0.0000
  Batch 3170/4162, Loss: 4.3663, NLL: 4.3663, Coverage: 0.0000
  Batch 3180/4162, Loss: 4.5699, NLL: 4.5699, Coverage: 0.0000
  Batch 3190/4162, Loss: 4.2896, NLL: 4.2896, Coverage: 0.0000
  Batch 3200/4162, Loss: 4.5350, NLL: 4.5350, Coverage: 0.0000
  Batch 3210/4162, Loss: 4.2261, NLL: 4.2261, Coverage: 0.0000
  Batch 3220/4162, Loss: 4.3442, NLL: 4.3442, Coverage: 0.0000
  Batch 3230/4162, Loss: 4.4216, NLL: 4.4216, Coverage: 0.0000
  Batch 3240/4162, Loss: 4.1573, NLL: 4.1573, Coverage: 0.0000
  Batch 3250/4162, Loss: 4.6320, NLL: 4.6320, Coverage: 0.0000
  Batch 3260/4162, Loss: 3.9507, NLL: 3.9507, Coverage: 0.0000
  Batch 3270/4162, Loss: 4.6179, NLL: 4.6179, Coverage: 0.0000
  Batch 3280/4162, Loss: 4.7900, NLL: 4.7900, Coverage: 0.0000
  Batch 3290/4162, Loss: 4.6888, NLL: 4.6888, Coverage: 0.0000
  Batch 3300/4162, Loss: 4.2965, NLL: 4.2965, Coverage: 0.0000
  Batch 3310/4162, Loss: 4.5031, NLL: 4.5031, Coverage: 0.0000
  Batch 3320/4162, Loss: 4.3357, NLL: 4.3357, Coverage: 0.0000
  Batch 3330/4162, Loss: 4.4628, NLL: 4.4628, Coverage: 0.0000
  Batch 3340/4162, Loss: 4.2537, NLL: 4.2537, Coverage: 0.0000
  Batch 3350/4162, Loss: 4.2894, NLL: 4.2894, Coverage: 0.0000
  Batch 3360/4162, Loss: 4.2695, NLL: 4.2695, Coverage: 0.0000
  Batch 3370/4162, Loss: 4.0146, NLL: 4.0146, Coverage: 0.0000
  Batch 3380/4162, Loss: 4.7936, NLL: 4.7936, Coverage: 0.0000
  Batch 3390/4162, Loss: 3.8008, NLL: 3.8008, Coverage: 0.0000
  Batch 3400/4162, Loss: 4.0472, NLL: 4.0472, Coverage: 0.0000
  Batch 3410/4162, Loss: 4.2628, NLL: 4.2628, Coverage: 0.0000
  Batch 3420/4162, Loss: 4.4944, NLL: 4.4944, Coverage: 0.0000
  Batch 3430/4162, Loss: 4.3072, NLL: 4.3072, Coverage: 0.0000
  Batch 3440/4162, Loss: 4.0998, NLL: 4.0998, Coverage: 0.0000
  Batch 3450/4162, Loss: 4.7605, NLL: 4.7605, Coverage: 0.0000
  Batch 3460/4162, Loss: 4.6498, NLL: 4.6498, Coverage: 0.0000
  Batch 3470/4162, Loss: 4.4233, NLL: 4.4233, Coverage: 0.0000
  Batch 3480/4162, Loss: 4.5548, NLL: 4.5548, Coverage: 0.0000
  Batch 3490/4162, Loss: 4.2500, NLL: 4.2500, Coverage: 0.0000
  Batch 3500/4162, Loss: 4.2136, NLL: 4.2136, Coverage: 0.0000
  Batch 3510/4162, Loss: 3.9307, NLL: 3.9307, Coverage: 0.0000
  Batch 3520/4162, Loss: 4.2912, NLL: 4.2912, Coverage: 0.0000
  Batch 3530/4162, Loss: 4.1976, NLL: 4.1976, Coverage: 0.0000
  Batch 3540/4162, Loss: 4.5262, NLL: 4.5262, Coverage: 0.0000
  Batch 3550/4162, Loss: 4.0332, NLL: 4.0332, Coverage: 0.0000
  Batch 3560/4162, Loss: 4.4663, NLL: 4.4663, Coverage: 0.0000
  Batch 3570/4162, Loss: 4.2093, NLL: 4.2093, Coverage: 0.0000
  Batch 3580/4162, Loss: 4.2009, NLL: 4.2009, Coverage: 0.0000
  Batch 3590/4162, Loss: 4.2699, NLL: 4.2699, Coverage: 0.0000
  Batch 3600/4162, Loss: 4.5639, NLL: 4.5639, Coverage: 0.0000
  Batch 3610/4162, Loss: 4.4694, NLL: 4.4694, Coverage: 0.0000
  Batch 3620/4162, Loss: 4.6485, NLL: 4.6485, Coverage: 0.0000
  Batch 3630/4162, Loss: 4.7337, NLL: 4.7337, Coverage: 0.0000
  Batch 3640/4162, Loss: 4.6217, NLL: 4.6217, Coverage: 0.0000
  Batch 3650/4162, Loss: 4.4023, NLL: 4.4023, Coverage: 0.0000
  Batch 3660/4162, Loss: 4.7481, NLL: 4.7481, Coverage: 0.0000
  Batch 3670/4162, Loss: 4.5468, NLL: 4.5468, Coverage: 0.0000
  Batch 3680/4162, Loss: 3.8655, NLL: 3.8655, Coverage: 0.0000
  Batch 3690/4162, Loss: 4.3095, NLL: 4.3095, Coverage: 0.0000
  Batch 3700/4162, Loss: 4.1347, NLL: 4.1347, Coverage: 0.0000
  Batch 3710/4162, Loss: 4.1340, NLL: 4.1340, Coverage: 0.0000
  Batch 3720/4162, Loss: 4.3768, NLL: 4.3768, Coverage: 0.0000
  Batch 3730/4162, Loss: 4.0321, NLL: 4.0321, Coverage: 0.0000
  Batch 3740/4162, Loss: 4.2676, NLL: 4.2676, Coverage: 0.0000
  Batch 3750/4162, Loss: 4.3736, NLL: 4.3736, Coverage: 0.0000
  Batch 3760/4162, Loss: 4.0831, NLL: 4.0831, Coverage: 0.0000
  Batch 3770/4162, Loss: 4.3767, NLL: 4.3767, Coverage: 0.0000
  Batch 3780/4162, Loss: 4.2923, NLL: 4.2923, Coverage: 0.0000
  Batch 3790/4162, Loss: 4.5840, NLL: 4.5840, Coverage: 0.0000
  Batch 3800/4162, Loss: 4.0715, NLL: 4.0715, Coverage: 0.0000
  Batch 3810/4162, Loss: 4.6089, NLL: 4.6089, Coverage: 0.0000
  Batch 3820/4162, Loss: 4.4062, NLL: 4.4062, Coverage: 0.0000
  Batch 3830/4162, Loss: 4.5457, NLL: 4.5457, Coverage: 0.0000
  Batch 3840/4162, Loss: 4.8391, NLL: 4.8391, Coverage: 0.0000
  Batch 3850/4162, Loss: 4.3323, NLL: 4.3323, Coverage: 0.0000
  Batch 3860/4162, Loss: 4.2147, NLL: 4.2147, Coverage: 0.0000
  Batch 3870/4162, Loss: 4.2853, NLL: 4.2853, Coverage: 0.0000
  Batch 3880/4162, Loss: 4.0796, NLL: 4.0796, Coverage: 0.0000
  Batch 3890/4162, Loss: 3.9929, NLL: 3.9929, Coverage: 0.0000
  Batch 3900/4162, Loss: 4.3599, NLL: 4.3599, Coverage: 0.0000
  Batch 3910/4162, Loss: 4.5167, NLL: 4.5167, Coverage: 0.0000
  Batch 3920/4162, Loss: 3.9421, NLL: 3.9421, Coverage: 0.0000
  Batch 3930/4162, Loss: 4.1010, NLL: 4.1010, Coverage: 0.0000
  Batch 3940/4162, Loss: 4.3333, NLL: 4.3333, Coverage: 0.0000
  Batch 3950/4162, Loss: 4.1443, NLL: 4.1443, Coverage: 0.0000
  Batch 3960/4162, Loss: 4.3088, NLL: 4.3088, Coverage: 0.0000
  Batch 3970/4162, Loss: 4.1634, NLL: 4.1634, Coverage: 0.0000
  Batch 3980/4162, Loss: 4.4137, NLL: 4.4137, Coverage: 0.0000
  Batch 3990/4162, Loss: 3.9811, NLL: 3.9811, Coverage: 0.0000
  Batch 4000/4162, Loss: 4.1877, NLL: 4.1877, Coverage: 0.0000
  Batch 4010/4162, Loss: 4.4780, NLL: 4.4780, Coverage: 0.0000
  Batch 4020/4162, Loss: 4.5923, NLL: 4.5923, Coverage: 0.0000
  Batch 4030/4162, Loss: 4.2152, NLL: 4.2152, Coverage: 0.0000
  Batch 4040/4162, Loss: 4.3388, NLL: 4.3388, Coverage: 0.0000
  Batch 4050/4162, Loss: 4.1146, NLL: 4.1146, Coverage: 0.0000
  Batch 4060/4162, Loss: 4.1118, NLL: 4.1118, Coverage: 0.0000
  Batch 4070/4162, Loss: 4.6846, NLL: 4.6846, Coverage: 0.0000
  Batch 4080/4162, Loss: 4.7316, NLL: 4.7316, Coverage: 0.0000
  Batch 4090/4162, Loss: 4.2810, NLL: 4.2810, Coverage: 0.0000
  Batch 4100/4162, Loss: 4.1751, NLL: 4.1751, Coverage: 0.0000
  Batch 4110/4162, Loss: 4.6254, NLL: 4.6254, Coverage: 0.0000
  Batch 4120/4162, Loss: 4.3213, NLL: 4.3213, Coverage: 0.0000
  Batch 4130/4162, Loss: 4.1102, NLL: 4.1102, Coverage: 0.0000
  Batch 4140/4162, Loss: 4.4459, NLL: 4.4459, Coverage: 0.0000
  Batch 4150/4162, Loss: 4.2837, NLL: 4.2837, Coverage: 0.0000
  Batch 4160/4162, Loss: 4.3029, NLL: 4.3029, Coverage: 0.0000

  Train Loss: 4.3904 (NLL: 4.3904, Coverage: 0.0000)
  Val Loss: 6.3770 (NLL: 6.3770, Coverage: 0.0000)
  Time: 28m 7s
  ✓ Saved checkpoint to /scratch/aitordiez/News2Stock/summaries/pointer_generator_fasttext/checkpoints/checkpoint_epoch_5.pt

Epoch 6/20
----------------------------------------
  Batch 10/4162, Loss: 4.0272, NLL: 4.0272, Coverage: 0.0000
  Batch 20/4162, Loss: 4.3267, NLL: 4.3267, Coverage: 0.0000
  Batch 30/4162, Loss: 3.8705, NLL: 3.8705, Coverage: 0.0000
  Batch 40/4162, Loss: 4.1561, NLL: 4.1561, Coverage: 0.0000
  Batch 50/4162, Loss: 4.0329, NLL: 4.0329, Coverage: 0.0000
  Batch 60/4162, Loss: 4.0094, NLL: 4.0094, Coverage: 0.0000
  Batch 70/4162, Loss: 4.2777, NLL: 4.2777, Coverage: 0.0000
  Batch 80/4162, Loss: 4.0980, NLL: 4.0980, Coverage: 0.0000
  Batch 90/4162, Loss: 4.5688, NLL: 4.5688, Coverage: 0.0000
  Batch 100/4162, Loss: 4.5065, NLL: 4.5065, Coverage: 0.0000
  Batch 110/4162, Loss: 4.4025, NLL: 4.4025, Coverage: 0.0000
  Batch 120/4162, Loss: 4.8075, NLL: 4.8075, Coverage: 0.0000
  Batch 130/4162, Loss: 4.5536, NLL: 4.5536, Coverage: 0.0000
  Batch 140/4162, Loss: 4.1387, NLL: 4.1387, Coverage: 0.0000
  Batch 150/4162, Loss: 4.4016, NLL: 4.4016, Coverage: 0.0000
  Batch 160/4162, Loss: 4.2768, NLL: 4.2768, Coverage: 0.0000
  Batch 170/4162, Loss: 4.5515, NLL: 4.5515, Coverage: 0.0000
  Batch 180/4162, Loss: 4.6148, NLL: 4.6148, Coverage: 0.0000
  Batch 190/4162, Loss: 3.9544, NLL: 3.9544, Coverage: 0.0000
  Batch 200/4162, Loss: 4.2603, NLL: 4.2603, Coverage: 0.0000
  Batch 210/4162, Loss: 4.5603, NLL: 4.5603, Coverage: 0.0000
  Batch 220/4162, Loss: 4.1102, NLL: 4.1102, Coverage: 0.0000
  Batch 230/4162, Loss: 4.0049, NLL: 4.0049, Coverage: 0.0000
  Batch 240/4162, Loss: 3.8723, NLL: 3.8723, Coverage: 0.0000
  Batch 250/4162, Loss: 4.2105, NLL: 4.2105, Coverage: 0.0000
  Batch 260/4162, Loss: 3.9549, NLL: 3.9549, Coverage: 0.0000
  Batch 270/4162, Loss: 4.6134, NLL: 4.6134, Coverage: 0.0000
  Batch 280/4162, Loss: 4.5253, NLL: 4.5253, Coverage: 0.0000
  Batch 290/4162, Loss: 3.9629, NLL: 3.9629, Coverage: 0.0000
  Batch 300/4162, Loss: 4.8519, NLL: 4.8519, Coverage: 0.0000
  Batch 310/4162, Loss: 4.3943, NLL: 4.3943, Coverage: 0.0000
  Batch 320/4162, Loss: 4.2476, NLL: 4.2476, Coverage: 0.0000
  Batch 330/4162, Loss: 4.1906, NLL: 4.1906, Coverage: 0.0000
  Batch 340/4162, Loss: 4.0872, NLL: 4.0872, Coverage: 0.0000
  Batch 350/4162, Loss: 4.1419, NLL: 4.1419, Coverage: 0.0000
  Batch 360/4162, Loss: 4.5732, NLL: 4.5732, Coverage: 0.0000
  Batch 370/4162, Loss: 3.9315, NLL: 3.9315, Coverage: 0.0000
  Batch 380/4162, Loss: 4.4710, NLL: 4.4710, Coverage: 0.0000
  Batch 390/4162, Loss: 3.9621, NLL: 3.9621, Coverage: 0.0000
  Batch 400/4162, Loss: 4.5277, NLL: 4.5277, Coverage: 0.0000
  Batch 410/4162, Loss: 4.6658, NLL: 4.6658, Coverage: 0.0000
  Batch 420/4162, Loss: 4.2460, NLL: 4.2460, Coverage: 0.0000
  Batch 430/4162, Loss: 4.3098, NLL: 4.3098, Coverage: 0.0000
  Batch 440/4162, Loss: 4.2782, NLL: 4.2782, Coverage: 0.0000
  Batch 450/4162, Loss: 4.4965, NLL: 4.4965, Coverage: 0.0000
  Batch 460/4162, Loss: 4.1532, NLL: 4.1532, Coverage: 0.0000
  Batch 470/4162, Loss: 3.7199, NLL: 3.7199, Coverage: 0.0000
  Batch 480/4162, Loss: 4.7816, NLL: 4.7816, Coverage: 0.0000
  Batch 490/4162, Loss: 4.5872, NLL: 4.5872, Coverage: 0.0000
  Batch 500/4162, Loss: 4.0552, NLL: 4.0552, Coverage: 0.0000
  Batch 510/4162, Loss: 4.7796, NLL: 4.7796, Coverage: 0.0000
  Batch 520/4162, Loss: 4.4379, NLL: 4.4379, Coverage: 0.0000
  Batch 530/4162, Loss: 4.5880, NLL: 4.5880, Coverage: 0.0000
  Batch 540/4162, Loss: 4.5492, NLL: 4.5492, Coverage: 0.0000
  Batch 550/4162, Loss: 4.7829, NLL: 4.7829, Coverage: 0.0000
  Batch 560/4162, Loss: 3.7887, NLL: 3.7887, Coverage: 0.0000
  Batch 570/4162, Loss: 3.7560, NLL: 3.7560, Coverage: 0.0000
  Batch 580/4162, Loss: 4.1078, NLL: 4.1078, Coverage: 0.0000
  Batch 590/4162, Loss: 4.0888, NLL: 4.0888, Coverage: 0.0000
  Batch 600/4162, Loss: 4.2622, NLL: 4.2622, Coverage: 0.0000
  Batch 610/4162, Loss: 4.4743, NLL: 4.4743, Coverage: 0.0000
  Batch 620/4162, Loss: 4.2567, NLL: 4.2567, Coverage: 0.0000
  Batch 630/4162, Loss: 4.1604, NLL: 4.1604, Coverage: 0.0000
  Batch 640/4162, Loss: 4.2389, NLL: 4.2389, Coverage: 0.0000
  Batch 650/4162, Loss: 3.9482, NLL: 3.9482, Coverage: 0.0000
  Batch 660/4162, Loss: 4.0311, NLL: 4.0311, Coverage: 0.0000
  Batch 670/4162, Loss: 4.0740, NLL: 4.0740, Coverage: 0.0000
  Batch 680/4162, Loss: 4.2093, NLL: 4.2093, Coverage: 0.0000
  Batch 690/4162, Loss: 4.1002, NLL: 4.1002, Coverage: 0.0000
  Batch 700/4162, Loss: 4.0737, NLL: 4.0737, Coverage: 0.0000
  Batch 710/4162, Loss: 4.4800, NLL: 4.4800, Coverage: 0.0000
  Batch 720/4162, Loss: 4.0794, NLL: 4.0794, Coverage: 0.0000
  Batch 730/4162, Loss: 4.3126, NLL: 4.3126, Coverage: 0.0000
  Batch 740/4162, Loss: 4.0926, NLL: 4.0926, Coverage: 0.0000
  Batch 750/4162, Loss: 4.9501, NLL: 4.9501, Coverage: 0.0000
  Batch 760/4162, Loss: 4.0563, NLL: 4.0563, Coverage: 0.0000
  Batch 770/4162, Loss: 3.8979, NLL: 3.8979, Coverage: 0.0000
  Batch 780/4162, Loss: 3.9809, NLL: 3.9809, Coverage: 0.0000
  Batch 790/4162, Loss: 4.2554, NLL: 4.2554, Coverage: 0.0000
  Batch 800/4162, Loss: 4.4245, NLL: 4.4245, Coverage: 0.0000
  Batch 810/4162, Loss: 4.5376, NLL: 4.5376, Coverage: 0.0000
  Batch 820/4162, Loss: 4.1800, NLL: 4.1800, Coverage: 0.0000
  Batch 830/4162, Loss: 4.5196, NLL: 4.5196, Coverage: 0.0000
  Batch 840/4162, Loss: 4.4103, NLL: 4.4103, Coverage: 0.0000
  Batch 850/4162, Loss: 4.2896, NLL: 4.2896, Coverage: 0.0000
  Batch 860/4162, Loss: 4.0063, NLL: 4.0063, Coverage: 0.0000
  Batch 870/4162, Loss: 4.3266, NLL: 4.3266, Coverage: 0.0000
  Batch 880/4162, Loss: 4.2040, NLL: 4.2040, Coverage: 0.0000
  Batch 890/4162, Loss: 4.2120, NLL: 4.2120, Coverage: 0.0000
  Batch 900/4162, Loss: 4.4144, NLL: 4.4144, Coverage: 0.0000
  Batch 910/4162, Loss: 4.0426, NLL: 4.0426, Coverage: 0.0000
  Batch 920/4162, Loss: 4.3025, NLL: 4.3025, Coverage: 0.0000
  Batch 930/4162, Loss: 4.6994, NLL: 4.6994, Coverage: 0.0000
  Batch 940/4162, Loss: 4.1965, NLL: 4.1965, Coverage: 0.0000
  Batch 950/4162, Loss: 4.4324, NLL: 4.4324, Coverage: 0.0000
  Batch 960/4162, Loss: 4.5683, NLL: 4.5683, Coverage: 0.0000
  Batch 970/4162, Loss: 4.6717, NLL: 4.6717, Coverage: 0.0000
  Batch 980/4162, Loss: 4.6660, NLL: 4.6660, Coverage: 0.0000
  Batch 990/4162, Loss: 4.2452, NLL: 4.2452, Coverage: 0.0000
  Batch 1000/4162, Loss: 4.2357, NLL: 4.2357, Coverage: 0.0000
  Batch 1010/4162, Loss: 4.5503, NLL: 4.5503, Coverage: 0.0000
  Batch 1020/4162, Loss: 4.7793, NLL: 4.7793, Coverage: 0.0000
  Batch 1030/4162, Loss: 4.7999, NLL: 4.7999, Coverage: 0.0000
  Batch 1040/4162, Loss: 3.8914, NLL: 3.8914, Coverage: 0.0000
  Batch 1050/4162, Loss: 4.7134, NLL: 4.7134, Coverage: 0.0000
  Batch 1060/4162, Loss: 4.6230, NLL: 4.6230, Coverage: 0.0000
  Batch 1070/4162, Loss: 4.5341, NLL: 4.5341, Coverage: 0.0000
  Batch 1080/4162, Loss: 4.1250, NLL: 4.1250, Coverage: 0.0000
  Batch 1090/4162, Loss: 3.8310, NLL: 3.8310, Coverage: 0.0000
  Batch 1100/4162, Loss: 4.3749, NLL: 4.3749, Coverage: 0.0000
  Batch 1110/4162, Loss: 4.0414, NLL: 4.0414, Coverage: 0.0000
  Batch 1120/4162, Loss: 3.8595, NLL: 3.8595, Coverage: 0.0000
  Batch 1130/4162, Loss: 4.2883, NLL: 4.2883, Coverage: 0.0000
  Batch 1140/4162, Loss: 4.5056, NLL: 4.5056, Coverage: 0.0000
  Batch 1150/4162, Loss: 4.5393, NLL: 4.5393, Coverage: 0.0000
  Batch 1160/4162, Loss: 3.9856, NLL: 3.9856, Coverage: 0.0000
  Batch 1170/4162, Loss: 4.0645, NLL: 4.0645, Coverage: 0.0000
  Batch 1180/4162, Loss: 4.3585, NLL: 4.3585, Coverage: 0.0000
  Batch 1190/4162, Loss: 4.5797, NLL: 4.5797, Coverage: 0.0000
  Batch 1200/4162, Loss: 4.0121, NLL: 4.0121, Coverage: 0.0000
  Batch 1210/4162, Loss: 4.1665, NLL: 4.1665, Coverage: 0.0000
  Batch 1220/4162, Loss: 4.5036, NLL: 4.5036, Coverage: 0.0000
  Batch 1230/4162, Loss: 4.1981, NLL: 4.1981, Coverage: 0.0000
  Batch 1240/4162, Loss: 4.1483, NLL: 4.1483, Coverage: 0.0000
  Batch 1250/4162, Loss: 3.9504, NLL: 3.9504, Coverage: 0.0000
  Batch 1260/4162, Loss: 4.6861, NLL: 4.6861, Coverage: 0.0000
  Batch 1270/4162, Loss: 4.3027, NLL: 4.3027, Coverage: 0.0000
  Batch 1280/4162, Loss: 4.7721, NLL: 4.7721, Coverage: 0.0000
  Batch 1290/4162, Loss: 4.2691, NLL: 4.2691, Coverage: 0.0000
  Batch 1300/4162, Loss: 4.3366, NLL: 4.3366, Coverage: 0.0000
  Batch 1310/4162, Loss: 4.0472, NLL: 4.0472, Coverage: 0.0000
  Batch 1320/4162, Loss: 4.8984, NLL: 4.8984, Coverage: 0.0000
  Batch 1330/4162, Loss: 4.1688, NLL: 4.1688, Coverage: 0.0000
  Batch 1340/4162, Loss: 4.2210, NLL: 4.2210, Coverage: 0.0000
  Batch 1350/4162, Loss: 4.4624, NLL: 4.4624, Coverage: 0.0000
  Batch 1360/4162, Loss: 3.9978, NLL: 3.9978, Coverage: 0.0000
  Batch 1370/4162, Loss: 3.9531, NLL: 3.9531, Coverage: 0.0000
  Batch 1380/4162, Loss: 4.2045, NLL: 4.2045, Coverage: 0.0000
  Batch 1390/4162, Loss: 4.1976, NLL: 4.1976, Coverage: 0.0000
  Batch 1400/4162, Loss: 4.4994, NLL: 4.4994, Coverage: 0.0000
  Batch 1410/4162, Loss: 4.4967, NLL: 4.4967, Coverage: 0.0000
  Batch 1420/4162, Loss: 4.4230, NLL: 4.4230, Coverage: 0.0000
  Batch 1430/4162, Loss: 4.3083, NLL: 4.3083, Coverage: 0.0000
  Batch 1440/4162, Loss: 4.3665, NLL: 4.3665, Coverage: 0.0000
  Batch 1450/4162, Loss: 4.5515, NLL: 4.5515, Coverage: 0.0000
  Batch 1460/4162, Loss: 4.2838, NLL: 4.2838, Coverage: 0.0000
  Batch 1470/4162, Loss: 4.1586, NLL: 4.1586, Coverage: 0.0000
  Batch 1480/4162, Loss: 4.3631, NLL: 4.3631, Coverage: 0.0000
  Batch 1490/4162, Loss: 4.6644, NLL: 4.6644, Coverage: 0.0000
  Batch 1500/4162, Loss: 4.2523, NLL: 4.2523, Coverage: 0.0000
  Batch 1510/4162, Loss: 4.2633, NLL: 4.2633, Coverage: 0.0000
  Batch 1520/4162, Loss: 4.0389, NLL: 4.0389, Coverage: 0.0000
  Batch 1530/4162, Loss: 4.2150, NLL: 4.2150, Coverage: 0.0000
  Batch 1540/4162, Loss: 4.5054, NLL: 4.5054, Coverage: 0.0000
  Batch 1550/4162, Loss: 4.4149, NLL: 4.4149, Coverage: 0.0000
  Batch 1560/4162, Loss: 4.0494, NLL: 4.0494, Coverage: 0.0000
  Batch 1570/4162, Loss: 4.2406, NLL: 4.2406, Coverage: 0.0000
  Batch 1580/4162, Loss: 4.1311, NLL: 4.1311, Coverage: 0.0000
  Batch 1590/4162, Loss: 4.3147, NLL: 4.3147, Coverage: 0.0000
  Batch 1600/4162, Loss: 4.3626, NLL: 4.3626, Coverage: 0.0000
  Batch 1610/4162, Loss: 4.2588, NLL: 4.2588, Coverage: 0.0000
  Batch 1620/4162, Loss: 4.5271, NLL: 4.5271, Coverage: 0.0000
  Batch 1630/4162, Loss: 4.0302, NLL: 4.0302, Coverage: 0.0000
  Batch 1640/4162, Loss: 4.0509, NLL: 4.0509, Coverage: 0.0000
  Batch 1650/4162, Loss: 4.2251, NLL: 4.2251, Coverage: 0.0000
  Batch 1660/4162, Loss: 4.5386, NLL: 4.5386, Coverage: 0.0000
  Batch 1670/4162, Loss: 3.9728, NLL: 3.9728, Coverage: 0.0000
  Batch 1680/4162, Loss: 4.3903, NLL: 4.3903, Coverage: 0.0000
  Batch 1690/4162, Loss: 4.6096, NLL: 4.6096, Coverage: 0.0000
  Batch 1700/4162, Loss: 4.4254, NLL: 4.4254, Coverage: 0.0000
  Batch 1710/4162, Loss: 4.1621, NLL: 4.1621, Coverage: 0.0000
  Batch 1720/4162, Loss: 4.3545, NLL: 4.3545, Coverage: 0.0000
  Batch 1730/4162, Loss: 4.6177, NLL: 4.6177, Coverage: 0.0000
  Batch 1740/4162, Loss: 4.4518, NLL: 4.4518, Coverage: 0.0000
  Batch 1750/4162, Loss: 4.3311, NLL: 4.3311, Coverage: 0.0000
  Batch 1760/4162, Loss: 4.4905, NLL: 4.4905, Coverage: 0.0000
  Batch 1770/4162, Loss: 4.3916, NLL: 4.3916, Coverage: 0.0000
  Batch 1780/4162, Loss: 3.9436, NLL: 3.9436, Coverage: 0.0000
  Batch 1790/4162, Loss: 4.4453, NLL: 4.4453, Coverage: 0.0000
  Batch 1800/4162, Loss: 4.7369, NLL: 4.7369, Coverage: 0.0000
  Batch 1810/4162, Loss: 3.9190, NLL: 3.9190, Coverage: 0.0000
  Batch 1820/4162, Loss: 4.0760, NLL: 4.0760, Coverage: 0.0000
  Batch 1830/4162, Loss: 4.3280, NLL: 4.3280, Coverage: 0.0000
  Batch 1840/4162, Loss: 4.2439, NLL: 4.2439, Coverage: 0.0000
  Batch 1850/4162, Loss: 4.3996, NLL: 4.3996, Coverage: 0.0000
  Batch 1860/4162, Loss: 4.3358, NLL: 4.3358, Coverage: 0.0000
  Batch 1870/4162, Loss: 4.3540, NLL: 4.3540, Coverage: 0.0000
  Batch 1880/4162, Loss: 4.1405, NLL: 4.1405, Coverage: 0.0000
  Batch 1890/4162, Loss: 4.5570, NLL: 4.5570, Coverage: 0.0000
  Batch 1900/4162, Loss: 4.7822, NLL: 4.7822, Coverage: 0.0000
  Batch 1910/4162, Loss: 3.8116, NLL: 3.8116, Coverage: 0.0000
  Batch 1920/4162, Loss: 4.1315, NLL: 4.1315, Coverage: 0.0000
  Batch 1930/4162, Loss: 4.9119, NLL: 4.9119, Coverage: 0.0000
  Batch 1940/4162, Loss: 4.2882, NLL: 4.2882, Coverage: 0.0000
  Batch 1950/4162, Loss: 4.3841, NLL: 4.3841, Coverage: 0.0000
  Batch 1960/4162, Loss: 4.5658, NLL: 4.5658, Coverage: 0.0000
  Batch 1970/4162, Loss: 4.5692, NLL: 4.5692, Coverage: 0.0000
  Batch 1980/4162, Loss: 4.3884, NLL: 4.3884, Coverage: 0.0000
  Batch 1990/4162, Loss: 4.2444, NLL: 4.2444, Coverage: 0.0000
  Batch 2000/4162, Loss: 4.4655, NLL: 4.4655, Coverage: 0.0000
  Batch 2010/4162, Loss: 4.8710, NLL: 4.8710, Coverage: 0.0000
  Batch 2020/4162, Loss: 4.6523, NLL: 4.6523, Coverage: 0.0000
  Batch 2030/4162, Loss: 4.6292, NLL: 4.6292, Coverage: 0.0000
  Batch 2040/4162, Loss: 4.0991, NLL: 4.0991, Coverage: 0.0000
  Batch 2050/4162, Loss: 3.9512, NLL: 3.9512, Coverage: 0.0000
  Batch 2060/4162, Loss: 4.4096, NLL: 4.4096, Coverage: 0.0000
  Batch 2070/4162, Loss: 4.7889, NLL: 4.7889, Coverage: 0.0000
  Batch 2080/4162, Loss: 4.3313, NLL: 4.3313, Coverage: 0.0000
  Batch 2090/4162, Loss: 4.5453, NLL: 4.5453, Coverage: 0.0000
  Batch 2100/4162, Loss: 4.3786, NLL: 4.3786, Coverage: 0.0000
  Batch 2110/4162, Loss: 4.0057, NLL: 4.0057, Coverage: 0.0000
  Batch 2120/4162, Loss: 4.3992, NLL: 4.3992, Coverage: 0.0000
  Batch 2130/4162, Loss: 3.7360, NLL: 3.7360, Coverage: 0.0000
  Batch 2140/4162, Loss: 4.3382, NLL: 4.3382, Coverage: 0.0000
  Batch 2150/4162, Loss: 4.3860, NLL: 4.3860, Coverage: 0.0000
  Batch 2160/4162, Loss: 4.2093, NLL: 4.2093, Coverage: 0.0000
  Batch 2170/4162, Loss: 4.0134, NLL: 4.0134, Coverage: 0.0000
  Batch 2180/4162, Loss: 3.9642, NLL: 3.9642, Coverage: 0.0000
  Batch 2190/4162, Loss: 4.0626, NLL: 4.0626, Coverage: 0.0000
  Batch 2200/4162, Loss: 4.0107, NLL: 4.0107, Coverage: 0.0000
  Batch 2210/4162, Loss: 4.1595, NLL: 4.1595, Coverage: 0.0000
  Batch 2220/4162, Loss: 4.6585, NLL: 4.6585, Coverage: 0.0000
  Batch 2230/4162, Loss: 3.9593, NLL: 3.9593, Coverage: 0.0000
  Batch 2240/4162, Loss: 4.3998, NLL: 4.3998, Coverage: 0.0000
  Batch 2250/4162, Loss: 4.4541, NLL: 4.4541, Coverage: 0.0000
  Batch 2260/4162, Loss: 4.2059, NLL: 4.2059, Coverage: 0.0000
  Batch 2270/4162, Loss: 4.0716, NLL: 4.0716, Coverage: 0.0000
  Batch 2280/4162, Loss: 4.2150, NLL: 4.2150, Coverage: 0.0000
  Batch 2290/4162, Loss: 4.2459, NLL: 4.2459, Coverage: 0.0000
  Batch 2300/4162, Loss: 4.4993, NLL: 4.4993, Coverage: 0.0000
  Batch 2310/4162, Loss: 4.1376, NLL: 4.1376, Coverage: 0.0000
  Batch 2320/4162, Loss: 4.0979, NLL: 4.0979, Coverage: 0.0000
  Batch 2330/4162, Loss: 4.4154, NLL: 4.4154, Coverage: 0.0000
  Batch 2340/4162, Loss: 4.0944, NLL: 4.0944, Coverage: 0.0000
  Batch 2350/4162, Loss: 4.6340, NLL: 4.6340, Coverage: 0.0000
  Batch 2360/4162, Loss: 4.3568, NLL: 4.3568, Coverage: 0.0000
  Batch 2370/4162, Loss: 4.1477, NLL: 4.1477, Coverage: 0.0000
  Batch 2380/4162, Loss: 4.1295, NLL: 4.1295, Coverage: 0.0000
  Batch 2390/4162, Loss: 4.6721, NLL: 4.6721, Coverage: 0.0000
  Batch 2400/4162, Loss: 4.6611, NLL: 4.6611, Coverage: 0.0000
  Batch 2410/4162, Loss: 4.1177, NLL: 4.1177, Coverage: 0.0000
  Batch 2420/4162, Loss: 4.1267, NLL: 4.1267, Coverage: 0.0000
  Batch 2430/4162, Loss: 4.6220, NLL: 4.6220, Coverage: 0.0000
  Batch 2440/4162, Loss: 4.6584, NLL: 4.6584, Coverage: 0.0000
  Batch 2450/4162, Loss: 4.1596, NLL: 4.1596, Coverage: 0.0000
  Batch 2460/4162, Loss: 4.5759, NLL: 4.5759, Coverage: 0.0000
  Batch 2470/4162, Loss: 4.3140, NLL: 4.3140, Coverage: 0.0000
  Batch 2480/4162, Loss: 4.0935, NLL: 4.0935, Coverage: 0.0000
  Batch 2490/4162, Loss: 4.4449, NLL: 4.4449, Coverage: 0.0000
  Batch 2500/4162, Loss: 4.6546, NLL: 4.6546, Coverage: 0.0000
  Batch 2510/4162, Loss: 4.2904, NLL: 4.2904, Coverage: 0.0000
  Batch 2520/4162, Loss: 4.7019, NLL: 4.7019, Coverage: 0.0000
  Batch 2530/4162, Loss: 4.5855, NLL: 4.5855, Coverage: 0.0000
  Batch 2540/4162, Loss: 4.3509, NLL: 4.3509, Coverage: 0.0000
  Batch 2550/4162, Loss: 4.4340, NLL: 4.4340, Coverage: 0.0000
  Batch 2560/4162, Loss: 4.1786, NLL: 4.1786, Coverage: 0.0000
  Batch 2570/4162, Loss: 4.2461, NLL: 4.2461, Coverage: 0.0000
  Batch 2580/4162, Loss: 4.0160, NLL: 4.0160, Coverage: 0.0000
  Batch 2590/4162, Loss: 4.2764, NLL: 4.2764, Coverage: 0.0000
  Batch 2600/4162, Loss: 4.6588, NLL: 4.6588, Coverage: 0.0000
  Batch 2610/4162, Loss: 4.3077, NLL: 4.3077, Coverage: 0.0000
  Batch 2620/4162, Loss: 4.3309, NLL: 4.3309, Coverage: 0.0000
  Batch 2630/4162, Loss: 4.3810, NLL: 4.3810, Coverage: 0.0000
  Batch 2640/4162, Loss: 4.2969, NLL: 4.2969, Coverage: 0.0000
  Batch 2650/4162, Loss: 4.6169, NLL: 4.6169, Coverage: 0.0000
  Batch 2660/4162, Loss: 4.5233, NLL: 4.5233, Coverage: 0.0000
  Batch 2670/4162, Loss: 4.1299, NLL: 4.1299, Coverage: 0.0000
  Batch 2680/4162, Loss: 4.4437, NLL: 4.4437, Coverage: 0.0000
  Batch 2690/4162, Loss: 4.0688, NLL: 4.0688, Coverage: 0.0000
  Batch 2700/4162, Loss: 4.3500, NLL: 4.3500, Coverage: 0.0000
  Batch 2710/4162, Loss: 4.6429, NLL: 4.6429, Coverage: 0.0000
  Batch 2720/4162, Loss: 4.2214, NLL: 4.2214, Coverage: 0.0000
  Batch 2730/4162, Loss: 3.8565, NLL: 3.8565, Coverage: 0.0000
  Batch 2740/4162, Loss: 4.9969, NLL: 4.9969, Coverage: 0.0000
  Batch 2750/4162, Loss: 4.1688, NLL: 4.1688, Coverage: 0.0000
  Batch 2760/4162, Loss: 4.3279, NLL: 4.3279, Coverage: 0.0000
  Batch 2770/4162, Loss: 4.2169, NLL: 4.2169, Coverage: 0.0000
  Batch 2780/4162, Loss: 4.5930, NLL: 4.5930, Coverage: 0.0000
  Batch 2790/4162, Loss: 4.0458, NLL: 4.0458, Coverage: 0.0000
  Batch 2800/4162, Loss: 4.3367, NLL: 4.3367, Coverage: 0.0000
  Batch 2810/4162, Loss: 4.2526, NLL: 4.2526, Coverage: 0.0000
  Batch 2820/4162, Loss: 4.7737, NLL: 4.7737, Coverage: 0.0000
  Batch 2830/4162, Loss: 4.2794, NLL: 4.2794, Coverage: 0.0000
  Batch 2840/4162, Loss: 4.4899, NLL: 4.4899, Coverage: 0.0000
  Batch 2850/4162, Loss: 4.7489, NLL: 4.7489, Coverage: 0.0000
  Batch 2860/4162, Loss: 4.2014, NLL: 4.2014, Coverage: 0.0000
  Batch 2870/4162, Loss: 4.3842, NLL: 4.3842, Coverage: 0.0000
  Batch 2880/4162, Loss: 4.7639, NLL: 4.7639, Coverage: 0.0000
  Batch 2890/4162, Loss: 3.8280, NLL: 3.8280, Coverage: 0.0000
  Batch 2900/4162, Loss: 4.3941, NLL: 4.3941, Coverage: 0.0000
  Batch 2910/4162, Loss: 3.7720, NLL: 3.7720, Coverage: 0.0000
  Batch 2920/4162, Loss: 4.9018, NLL: 4.9018, Coverage: 0.0000
  Batch 2930/4162, Loss: 4.2698, NLL: 4.2698, Coverage: 0.0000
  Batch 2940/4162, Loss: 4.4442, NLL: 4.4442, Coverage: 0.0000
  Batch 2950/4162, Loss: 4.2879, NLL: 4.2879, Coverage: 0.0000
  Batch 2960/4162, Loss: 4.2911, NLL: 4.2911, Coverage: 0.0000
  Batch 2970/4162, Loss: 3.8294, NLL: 3.8294, Coverage: 0.0000
  Batch 2980/4162, Loss: 3.8302, NLL: 3.8302, Coverage: 0.0000
  Batch 2990/4162, Loss: 4.2200, NLL: 4.2200, Coverage: 0.0000
  Batch 3000/4162, Loss: 4.5683, NLL: 4.5683, Coverage: 0.0000
  Batch 3010/4162, Loss: 4.0350, NLL: 4.0350, Coverage: 0.0000
  Batch 3020/4162, Loss: 4.4135, NLL: 4.4135, Coverage: 0.0000
  Batch 3030/4162, Loss: 4.4612, NLL: 4.4612, Coverage: 0.0000
  Batch 3040/4162, Loss: 4.5134, NLL: 4.5134, Coverage: 0.0000
  Batch 3050/4162, Loss: 4.4117, NLL: 4.4117, Coverage: 0.0000
  Batch 3060/4162, Loss: 4.3469, NLL: 4.3469, Coverage: 0.0000
  Batch 3070/4162, Loss: 3.7366, NLL: 3.7366, Coverage: 0.0000
  Batch 3080/4162, Loss: 4.8434, NLL: 4.8434, Coverage: 0.0000
  Batch 3090/4162, Loss: 4.3020, NLL: 4.3020, Coverage: 0.0000
  Batch 3100/4162, Loss: 4.2673, NLL: 4.2673, Coverage: 0.0000
  Batch 3110/4162, Loss: 4.3744, NLL: 4.3744, Coverage: 0.0000
  Batch 3120/4162, Loss: 4.2866, NLL: 4.2866, Coverage: 0.0000
  Batch 3130/4162, Loss: 4.2339, NLL: 4.2339, Coverage: 0.0000
  Batch 3140/4162, Loss: 4.6275, NLL: 4.6275, Coverage: 0.0000
  Batch 3150/4162, Loss: 4.2964, NLL: 4.2964, Coverage: 0.0000
  Batch 3160/4162, Loss: 4.4975, NLL: 4.4975, Coverage: 0.0000
  Batch 3170/4162, Loss: 4.4271, NLL: 4.4271, Coverage: 0.0000
  Batch 3180/4162, Loss: 4.0493, NLL: 4.0493, Coverage: 0.0000
  Batch 3190/4162, Loss: 4.0666, NLL: 4.0666, Coverage: 0.0000
  Batch 3200/4162, Loss: 4.5103, NLL: 4.5103, Coverage: 0.0000
  Batch 3210/4162, Loss: 4.3148, NLL: 4.3148, Coverage: 0.0000
  Batch 3220/4162, Loss: 4.3021, NLL: 4.3021, Coverage: 0.0000
  Batch 3230/4162, Loss: 4.3973, NLL: 4.3973, Coverage: 0.0000
  Batch 3240/4162, Loss: 4.3925, NLL: 4.3925, Coverage: 0.0000
  Batch 3250/4162, Loss: 4.4694, NLL: 4.4694, Coverage: 0.0000
  Batch 3260/4162, Loss: 3.9325, NLL: 3.9325, Coverage: 0.0000
  Batch 3270/4162, Loss: 3.9447, NLL: 3.9447, Coverage: 0.0000
  Batch 3280/4162, Loss: 4.2156, NLL: 4.2156, Coverage: 0.0000
  Batch 3290/4162, Loss: 4.2111, NLL: 4.2111, Coverage: 0.0000
  Batch 3300/4162, Loss: 4.8738, NLL: 4.8738, Coverage: 0.0000
  Batch 3310/4162, Loss: 4.2736, NLL: 4.2736, Coverage: 0.0000
  Batch 3320/4162, Loss: 4.3999, NLL: 4.3999, Coverage: 0.0000
  Batch 3330/4162, Loss: 4.5284, NLL: 4.5284, Coverage: 0.0000
  Batch 3340/4162, Loss: 4.5358, NLL: 4.5358, Coverage: 0.0000
  Batch 3350/4162, Loss: 4.3886, NLL: 4.3886, Coverage: 0.0000
  Batch 3360/4162, Loss: 4.4189, NLL: 4.4189, Coverage: 0.0000
  Batch 3370/4162, Loss: 4.2367, NLL: 4.2367, Coverage: 0.0000
  Batch 3380/4162, Loss: 4.2441, NLL: 4.2441, Coverage: 0.0000
  Batch 3390/4162, Loss: 4.3008, NLL: 4.3008, Coverage: 0.0000
  Batch 3400/4162, Loss: 4.2762, NLL: 4.2762, Coverage: 0.0000
  Batch 3410/4162, Loss: 4.0847, NLL: 4.0847, Coverage: 0.0000
  Batch 3420/4162, Loss: 4.3334, NLL: 4.3334, Coverage: 0.0000
  Batch 3430/4162, Loss: 4.2446, NLL: 4.2446, Coverage: 0.0000
  Batch 3440/4162, Loss: 4.6613, NLL: 4.6613, Coverage: 0.0000
  Batch 3450/4162, Loss: 4.0361, NLL: 4.0361, Coverage: 0.0000
  Batch 3460/4162, Loss: 4.4481, NLL: 4.4481, Coverage: 0.0000
  Batch 3470/4162, Loss: 4.1615, NLL: 4.1615, Coverage: 0.0000
  Batch 3480/4162, Loss: 3.8907, NLL: 3.8907, Coverage: 0.0000
  Batch 3490/4162, Loss: 4.3013, NLL: 4.3013, Coverage: 0.0000
  Batch 3500/4162, Loss: 4.1869, NLL: 4.1869, Coverage: 0.0000
  Batch 3510/4162, Loss: 4.1338, NLL: 4.1338, Coverage: 0.0000
  Batch 3520/4162, Loss: 4.3400, NLL: 4.3400, Coverage: 0.0000
  Batch 3530/4162, Loss: 3.8760, NLL: 3.8760, Coverage: 0.0000
  Batch 3540/4162, Loss: 4.5945, NLL: 4.5945, Coverage: 0.0000
  Batch 3550/4162, Loss: 4.1190, NLL: 4.1190, Coverage: 0.0000
  Batch 3560/4162, Loss: 4.0524, NLL: 4.0524, Coverage: 0.0000
  Batch 3570/4162, Loss: 4.0687, NLL: 4.0687, Coverage: 0.0000
  Batch 3580/4162, Loss: 4.2986, NLL: 4.2986, Coverage: 0.0000
  Batch 3590/4162, Loss: 4.0077, NLL: 4.0077, Coverage: 0.0000
  Batch 3600/4162, Loss: 4.4222, NLL: 4.4222, Coverage: 0.0000
  Batch 3610/4162, Loss: 4.6222, NLL: 4.6222, Coverage: 0.0000
  Batch 3620/4162, Loss: 4.3595, NLL: 4.3595, Coverage: 0.0000
  Batch 3630/4162, Loss: 4.2142, NLL: 4.2142, Coverage: 0.0000
  Batch 3640/4162, Loss: 4.1354, NLL: 4.1354, Coverage: 0.0000
  Batch 3650/4162, Loss: 3.9483, NLL: 3.9483, Coverage: 0.0000
  Batch 3660/4162, Loss: 4.3727, NLL: 4.3727, Coverage: 0.0000
  Batch 3670/4162, Loss: 4.2974, NLL: 4.2974, Coverage: 0.0000
  Batch 3680/4162, Loss: 4.2666, NLL: 4.2666, Coverage: 0.0000
  Batch 3690/4162, Loss: 3.9627, NLL: 3.9627, Coverage: 0.0000
  Batch 3700/4162, Loss: 4.5362, NLL: 4.5362, Coverage: 0.0000
  Batch 3710/4162, Loss: 4.3488, NLL: 4.3488, Coverage: 0.0000
  Batch 3720/4162, Loss: 3.8458, NLL: 3.8458, Coverage: 0.0000
  Batch 3730/4162, Loss: 4.4233, NLL: 4.4233, Coverage: 0.0000
  Batch 3740/4162, Loss: 4.1997, NLL: 4.1997, Coverage: 0.0000
  Batch 3750/4162, Loss: 4.0532, NLL: 4.0532, Coverage: 0.0000
  Batch 3760/4162, Loss: 4.3325, NLL: 4.3325, Coverage: 0.0000
  Batch 3770/4162, Loss: 4.4640, NLL: 4.4640, Coverage: 0.0000
  Batch 3780/4162, Loss: 4.5943, NLL: 4.5943, Coverage: 0.0000
  Batch 3790/4162, Loss: 4.0595, NLL: 4.0595, Coverage: 0.0000
  Batch 3800/4162, Loss: 4.4340, NLL: 4.4340, Coverage: 0.0000
  Batch 3810/4162, Loss: 4.2079, NLL: 4.2079, Coverage: 0.0000
  Batch 3820/4162, Loss: 4.5546, NLL: 4.5546, Coverage: 0.0000
  Batch 3830/4162, Loss: 4.4395, NLL: 4.4395, Coverage: 0.0000
  Batch 3840/4162, Loss: 4.1826, NLL: 4.1826, Coverage: 0.0000
  Batch 3850/4162, Loss: 4.6331, NLL: 4.6331, Coverage: 0.0000
  Batch 3860/4162, Loss: 4.4086, NLL: 4.4086, Coverage: 0.0000
  Batch 3870/4162, Loss: 4.3381, NLL: 4.3381, Coverage: 0.0000
  Batch 3880/4162, Loss: 4.2260, NLL: 4.2260, Coverage: 0.0000
  Batch 3890/4162, Loss: 3.8636, NLL: 3.8636, Coverage: 0.0000
  Batch 3900/4162, Loss: 4.1191, NLL: 4.1191, Coverage: 0.0000
  Batch 3910/4162, Loss: 4.2971, NLL: 4.2971, Coverage: 0.0000
  Batch 3920/4162, Loss: 4.8489, NLL: 4.8489, Coverage: 0.0000
  Batch 3930/4162, Loss: 4.0791, NLL: 4.0791, Coverage: 0.0000
  Batch 3940/4162, Loss: 4.2793, NLL: 4.2793, Coverage: 0.0000
  Batch 3950/4162, Loss: 4.6458, NLL: 4.6458, Coverage: 0.0000
  Batch 3960/4162, Loss: 4.1429, NLL: 4.1429, Coverage: 0.0000
  Batch 3970/4162, Loss: 4.6706, NLL: 4.6706, Coverage: 0.0000
  Batch 3980/4162, Loss: 4.2906, NLL: 4.2906, Coverage: 0.0000
  Batch 3990/4162, Loss: 4.7974, NLL: 4.7974, Coverage: 0.0000
  Batch 4000/4162, Loss: 4.3324, NLL: 4.3324, Coverage: 0.0000
  Batch 4010/4162, Loss: 4.5643, NLL: 4.5643, Coverage: 0.0000
  Batch 4020/4162, Loss: 5.0001, NLL: 5.0001, Coverage: 0.0000
  Batch 4030/4162, Loss: 4.0493, NLL: 4.0493, Coverage: 0.0000
  Batch 4040/4162, Loss: 4.0881, NLL: 4.0881, Coverage: 0.0000
  Batch 4050/4162, Loss: 4.3417, NLL: 4.3417, Coverage: 0.0000
  Batch 4060/4162, Loss: 4.7206, NLL: 4.7206, Coverage: 0.0000
  Batch 4070/4162, Loss: 4.6079, NLL: 4.6079, Coverage: 0.0000
  Batch 4080/4162, Loss: 4.6891, NLL: 4.6891, Coverage: 0.0000
  Batch 4090/4162, Loss: 4.4069, NLL: 4.4069, Coverage: 0.0000
  Batch 4100/4162, Loss: 4.1185, NLL: 4.1185, Coverage: 0.0000
  Batch 4110/4162, Loss: 4.6714, NLL: 4.6714, Coverage: 0.0000
  Batch 4120/4162, Loss: 4.6476, NLL: 4.6476, Coverage: 0.0000
  Batch 4130/4162, Loss: 4.1962, NLL: 4.1962, Coverage: 0.0000
  Batch 4140/4162, Loss: 4.5231, NLL: 4.5231, Coverage: 0.0000
  Batch 4150/4162, Loss: 4.2649, NLL: 4.2649, Coverage: 0.0000
  Batch 4160/4162, Loss: 4.0422, NLL: 4.0422, Coverage: 0.0000

  Train Loss: 4.3120 (NLL: 4.3120, Coverage: 0.0000)
  Val Loss: 6.4914 (NLL: 6.4914, Coverage: 0.0000)
  Time: 27m 59s

Epoch 7/20
----------------------------------------
  Batch 10/4162, Loss: 4.6409, NLL: 4.6409, Coverage: 0.0000
  Batch 20/4162, Loss: 4.2471, NLL: 4.2471, Coverage: 0.0000
  Batch 30/4162, Loss: 4.1694, NLL: 4.1694, Coverage: 0.0000
  Batch 40/4162, Loss: 4.1185, NLL: 4.1185, Coverage: 0.0000
  Batch 50/4162, Loss: 4.3528, NLL: 4.3528, Coverage: 0.0000
  Batch 60/4162, Loss: 4.1118, NLL: 4.1118, Coverage: 0.0000
  Batch 70/4162, Loss: 4.1248, NLL: 4.1248, Coverage: 0.0000
  Batch 80/4162, Loss: 4.1628, NLL: 4.1628, Coverage: 0.0000
  Batch 90/4162, Loss: 4.3004, NLL: 4.3004, Coverage: 0.0000
  Batch 100/4162, Loss: 4.0613, NLL: 4.0613, Coverage: 0.0000
  Batch 110/4162, Loss: 4.0396, NLL: 4.0396, Coverage: 0.0000
  Batch 120/4162, Loss: 3.8583, NLL: 3.8583, Coverage: 0.0000
  Batch 130/4162, Loss: 4.5262, NLL: 4.5262, Coverage: 0.0000
  Batch 140/4162, Loss: 4.5718, NLL: 4.5718, Coverage: 0.0000
  Batch 150/4162, Loss: 4.2076, NLL: 4.2076, Coverage: 0.0000
  Batch 160/4162, Loss: 4.0038, NLL: 4.0038, Coverage: 0.0000
  Batch 170/4162, Loss: 4.1531, NLL: 4.1531, Coverage: 0.0000
  Batch 180/4162, Loss: 3.9896, NLL: 3.9896, Coverage: 0.0000
  Batch 190/4162, Loss: 4.3342, NLL: 4.3342, Coverage: 0.0000
  Batch 200/4162, Loss: 4.3786, NLL: 4.3786, Coverage: 0.0000
  Batch 210/4162, Loss: 4.1147, NLL: 4.1147, Coverage: 0.0000
  Batch 220/4162, Loss: 4.2768, NLL: 4.2768, Coverage: 0.0000
  Batch 230/4162, Loss: 4.4418, NLL: 4.4418, Coverage: 0.0000
  Batch 240/4162, Loss: 3.8436, NLL: 3.8436, Coverage: 0.0000
  Batch 250/4162, Loss: 4.3526, NLL: 4.3526, Coverage: 0.0000
  Batch 260/4162, Loss: 3.9050, NLL: 3.9050, Coverage: 0.0000
  Batch 270/4162, Loss: 4.3224, NLL: 4.3224, Coverage: 0.0000
  Batch 280/4162, Loss: 4.3796, NLL: 4.3796, Coverage: 0.0000
  Batch 290/4162, Loss: 3.9991, NLL: 3.9991, Coverage: 0.0000
  Batch 300/4162, Loss: 4.5855, NLL: 4.5855, Coverage: 0.0000
  Batch 310/4162, Loss: 4.1708, NLL: 4.1708, Coverage: 0.0000
  Batch 320/4162, Loss: 4.5212, NLL: 4.5212, Coverage: 0.0000
  Batch 330/4162, Loss: 4.1955, NLL: 4.1955, Coverage: 0.0000
  Batch 340/4162, Loss: 3.8304, NLL: 3.8304, Coverage: 0.0000
  Batch 350/4162, Loss: 4.4068, NLL: 4.4068, Coverage: 0.0000
  Batch 360/4162, Loss: 4.0091, NLL: 4.0091, Coverage: 0.0000
  Batch 370/4162, Loss: 3.9299, NLL: 3.9299, Coverage: 0.0000
  Batch 380/4162, Loss: 4.2981, NLL: 4.2981, Coverage: 0.0000
  Batch 390/4162, Loss: 4.3017, NLL: 4.3017, Coverage: 0.0000
  Batch 400/4162, Loss: 4.1012, NLL: 4.1012, Coverage: 0.0000
  Batch 410/4162, Loss: 4.1043, NLL: 4.1043, Coverage: 0.0000
  Batch 420/4162, Loss: 4.3729, NLL: 4.3729, Coverage: 0.0000
  Batch 430/4162, Loss: 4.0307, NLL: 4.0307, Coverage: 0.0000
  Batch 440/4162, Loss: 4.2420, NLL: 4.2420, Coverage: 0.0000
  Batch 450/4162, Loss: 4.6110, NLL: 4.6110, Coverage: 0.0000
  Batch 460/4162, Loss: 4.3369, NLL: 4.3369, Coverage: 0.0000
  Batch 470/4162, Loss: 4.4615, NLL: 4.4615, Coverage: 0.0000
  Batch 480/4162, Loss: 4.0366, NLL: 4.0366, Coverage: 0.0000
  Batch 490/4162, Loss: 4.3601, NLL: 4.3601, Coverage: 0.0000
  Batch 500/4162, Loss: 3.8380, NLL: 3.8380, Coverage: 0.0000
  Batch 510/4162, Loss: 4.1892, NLL: 4.1892, Coverage: 0.0000
  Batch 520/4162, Loss: 4.0571, NLL: 4.0571, Coverage: 0.0000
  Batch 530/4162, Loss: 4.1356, NLL: 4.1356, Coverage: 0.0000
  Batch 540/4162, Loss: 3.9850, NLL: 3.9850, Coverage: 0.0000
  Batch 550/4162, Loss: 4.2095, NLL: 4.2095, Coverage: 0.0000
  Batch 560/4162, Loss: 4.1826, NLL: 4.1826, Coverage: 0.0000
  Batch 570/4162, Loss: 4.3922, NLL: 4.3922, Coverage: 0.0000
  Batch 580/4162, Loss: 4.1825, NLL: 4.1825, Coverage: 0.0000
  Batch 590/4162, Loss: 4.1667, NLL: 4.1667, Coverage: 0.0000
  Batch 600/4162, Loss: 4.4710, NLL: 4.4710, Coverage: 0.0000
  Batch 610/4162, Loss: 4.1779, NLL: 4.1779, Coverage: 0.0000
  Batch 620/4162, Loss: 4.6216, NLL: 4.6216, Coverage: 0.0000
  Batch 630/4162, Loss: 4.1154, NLL: 4.1154, Coverage: 0.0000
  Batch 640/4162, Loss: 4.3648, NLL: 4.3648, Coverage: 0.0000
  Batch 650/4162, Loss: 3.8802, NLL: 3.8802, Coverage: 0.0000
  Batch 660/4162, Loss: 4.3143, NLL: 4.3143, Coverage: 0.0000
  Batch 670/4162, Loss: 4.4547, NLL: 4.4547, Coverage: 0.0000
  Batch 680/4162, Loss: 4.2607, NLL: 4.2607, Coverage: 0.0000
  Batch 690/4162, Loss: 4.7050, NLL: 4.7050, Coverage: 0.0000
  Batch 700/4162, Loss: 3.7657, NLL: 3.7657, Coverage: 0.0000
  Batch 710/4162, Loss: 4.5996, NLL: 4.5996, Coverage: 0.0000
  Batch 720/4162, Loss: 4.1461, NLL: 4.1461, Coverage: 0.0000
  Batch 730/4162, Loss: 4.2721, NLL: 4.2721, Coverage: 0.0000
  Batch 740/4162, Loss: 4.4281, NLL: 4.4281, Coverage: 0.0000
  Batch 750/4162, Loss: 4.4047, NLL: 4.4047, Coverage: 0.0000
  Batch 760/4162, Loss: 3.9513, NLL: 3.9513, Coverage: 0.0000
  Batch 770/4162, Loss: 4.4057, NLL: 4.4057, Coverage: 0.0000
  Batch 780/4162, Loss: 4.3913, NLL: 4.3913, Coverage: 0.0000
  Batch 790/4162, Loss: 3.9335, NLL: 3.9335, Coverage: 0.0000
  Batch 800/4162, Loss: 4.3964, NLL: 4.3964, Coverage: 0.0000
  Batch 810/4162, Loss: 3.8200, NLL: 3.8200, Coverage: 0.0000
  Batch 820/4162, Loss: 4.3442, NLL: 4.3442, Coverage: 0.0000
  Batch 830/4162, Loss: 4.0585, NLL: 4.0585, Coverage: 0.0000
  Batch 840/4162, Loss: 3.8147, NLL: 3.8147, Coverage: 0.0000
  Batch 850/4162, Loss: 4.5675, NLL: 4.5675, Coverage: 0.0000
  Batch 860/4162, Loss: 4.1648, NLL: 4.1648, Coverage: 0.0000
  Batch 870/4162, Loss: 3.7241, NLL: 3.7241, Coverage: 0.0000
  Batch 880/4162, Loss: 4.5118, NLL: 4.5118, Coverage: 0.0000
  Batch 890/4162, Loss: 4.4276, NLL: 4.4276, Coverage: 0.0000
  Batch 900/4162, Loss: 4.0736, NLL: 4.0736, Coverage: 0.0000
  Batch 910/4162, Loss: 4.0149, NLL: 4.0149, Coverage: 0.0000
  Batch 920/4162, Loss: 3.9624, NLL: 3.9624, Coverage: 0.0000
  Batch 930/4162, Loss: 4.2061, NLL: 4.2061, Coverage: 0.0000
  Batch 940/4162, Loss: 4.5989, NLL: 4.5989, Coverage: 0.0000
  Batch 950/4162, Loss: 4.5709, NLL: 4.5709, Coverage: 0.0000
  Batch 960/4162, Loss: 4.5613, NLL: 4.5613, Coverage: 0.0000
  Batch 970/4162, Loss: 4.2515, NLL: 4.2515, Coverage: 0.0000
  Batch 980/4162, Loss: 3.6173, NLL: 3.6173, Coverage: 0.0000
  Batch 990/4162, Loss: 3.7740, NLL: 3.7740, Coverage: 0.0000
  Batch 1000/4162, Loss: 4.1117, NLL: 4.1117, Coverage: 0.0000
  Batch 1010/4162, Loss: 4.4096, NLL: 4.4096, Coverage: 0.0000
  Batch 1020/4162, Loss: 4.1633, NLL: 4.1633, Coverage: 0.0000
  Batch 1030/4162, Loss: 4.3943, NLL: 4.3943, Coverage: 0.0000
  Batch 1040/4162, Loss: 4.0702, NLL: 4.0702, Coverage: 0.0000
  Batch 1050/4162, Loss: 4.1173, NLL: 4.1173, Coverage: 0.0000
  Batch 1060/4162, Loss: 4.3820, NLL: 4.3820, Coverage: 0.0000
  Batch 1070/4162, Loss: 4.1178, NLL: 4.1178, Coverage: 0.0000
  Batch 1080/4162, Loss: 4.0531, NLL: 4.0531, Coverage: 0.0000
  Batch 1090/4162, Loss: 4.0817, NLL: 4.0817, Coverage: 0.0000
  Batch 1100/4162, Loss: 4.0568, NLL: 4.0568, Coverage: 0.0000
  Batch 1110/4162, Loss: 4.5127, NLL: 4.5127, Coverage: 0.0000
  Batch 1120/4162, Loss: 4.6286, NLL: 4.6286, Coverage: 0.0000
  Batch 1130/4162, Loss: 4.2682, NLL: 4.2682, Coverage: 0.0000
  Batch 1140/4162, Loss: 4.4957, NLL: 4.4957, Coverage: 0.0000
  Batch 1150/4162, Loss: 3.9803, NLL: 3.9803, Coverage: 0.0000
  Batch 1160/4162, Loss: 4.2486, NLL: 4.2486, Coverage: 0.0000
  Batch 1170/4162, Loss: 4.3342, NLL: 4.3342, Coverage: 0.0000
  Batch 1180/4162, Loss: 4.6184, NLL: 4.6184, Coverage: 0.0000
  Batch 1190/4162, Loss: 4.3426, NLL: 4.3426, Coverage: 0.0000
  Batch 1200/4162, Loss: 3.8092, NLL: 3.8092, Coverage: 0.0000
  Batch 1210/4162, Loss: 3.9744, NLL: 3.9744, Coverage: 0.0000
  Batch 1220/4162, Loss: 4.0452, NLL: 4.0452, Coverage: 0.0000
  Batch 1230/4162, Loss: 4.6466, NLL: 4.6466, Coverage: 0.0000
  Batch 1240/4162, Loss: 4.2652, NLL: 4.2652, Coverage: 0.0000
  Batch 1250/4162, Loss: 4.5325, NLL: 4.5325, Coverage: 0.0000
  Batch 1260/4162, Loss: 3.8067, NLL: 3.8067, Coverage: 0.0000
  Batch 1270/4162, Loss: 4.2486, NLL: 4.2486, Coverage: 0.0000
  Batch 1280/4162, Loss: 4.6215, NLL: 4.6215, Coverage: 0.0000
  Batch 1290/4162, Loss: 4.4785, NLL: 4.4785, Coverage: 0.0000
  Batch 1300/4162, Loss: 4.0210, NLL: 4.0210, Coverage: 0.0000
  Batch 1310/4162, Loss: 4.3445, NLL: 4.3445, Coverage: 0.0000
  Batch 1320/4162, Loss: 4.1926, NLL: 4.1926, Coverage: 0.0000
  Batch 1330/4162, Loss: 3.8265, NLL: 3.8265, Coverage: 0.0000
  Batch 1340/4162, Loss: 3.8090, NLL: 3.8090, Coverage: 0.0000
  Batch 1350/4162, Loss: 4.1934, NLL: 4.1934, Coverage: 0.0000
  Batch 1360/4162, Loss: 4.3435, NLL: 4.3435, Coverage: 0.0000
  Batch 1370/4162, Loss: 4.3700, NLL: 4.3700, Coverage: 0.0000
  Batch 1380/4162, Loss: 4.5611, NLL: 4.5611, Coverage: 0.0000
  Batch 1390/4162, Loss: 4.4866, NLL: 4.4866, Coverage: 0.0000
  Batch 1400/4162, Loss: 3.8539, NLL: 3.8539, Coverage: 0.0000
  Batch 1410/4162, Loss: 4.2459, NLL: 4.2459, Coverage: 0.0000
  Batch 1420/4162, Loss: 4.2122, NLL: 4.2122, Coverage: 0.0000
  Batch 1430/4162, Loss: 4.2365, NLL: 4.2365, Coverage: 0.0000
  Batch 1440/4162, Loss: 4.4852, NLL: 4.4852, Coverage: 0.0000
  Batch 1450/4162, Loss: 4.5483, NLL: 4.5483, Coverage: 0.0000
  Batch 1460/4162, Loss: 5.0374, NLL: 5.0374, Coverage: 0.0000
  Batch 1470/4162, Loss: 3.8642, NLL: 3.8642, Coverage: 0.0000
  Batch 1480/4162, Loss: 4.5377, NLL: 4.5377, Coverage: 0.0000
  Batch 1490/4162, Loss: 4.1794, NLL: 4.1794, Coverage: 0.0000
  Batch 1500/4162, Loss: 4.1270, NLL: 4.1270, Coverage: 0.0000
  Batch 1510/4162, Loss: 4.0254, NLL: 4.0254, Coverage: 0.0000
  Batch 1520/4162, Loss: 4.8576, NLL: 4.8576, Coverage: 0.0000
  Batch 1530/4162, Loss: 4.0228, NLL: 4.0228, Coverage: 0.0000
  Batch 1540/4162, Loss: 4.5272, NLL: 4.5272, Coverage: 0.0000
  Batch 1550/4162, Loss: 4.1209, NLL: 4.1209, Coverage: 0.0000
  Batch 1560/4162, Loss: 4.1455, NLL: 4.1455, Coverage: 0.0000
  Batch 1570/4162, Loss: 4.5178, NLL: 4.5178, Coverage: 0.0000
  Batch 1580/4162, Loss: 3.9719, NLL: 3.9719, Coverage: 0.0000
  Batch 1590/4162, Loss: 4.4961, NLL: 4.4961, Coverage: 0.0000
  Batch 1600/4162, Loss: 4.1419, NLL: 4.1419, Coverage: 0.0000
  Batch 1610/4162, Loss: 4.6551, NLL: 4.6551, Coverage: 0.0000
  Batch 1620/4162, Loss: 4.5710, NLL: 4.5710, Coverage: 0.0000
  Batch 1630/4162, Loss: 4.1419, NLL: 4.1419, Coverage: 0.0000
  Batch 1640/4162, Loss: 4.7695, NLL: 4.7695, Coverage: 0.0000
  Batch 1650/4162, Loss: 3.8302, NLL: 3.8302, Coverage: 0.0000
  Batch 1660/4162, Loss: 4.4073, NLL: 4.4073, Coverage: 0.0000
  Batch 1670/4162, Loss: 4.3268, NLL: 4.3268, Coverage: 0.0000
  Batch 1680/4162, Loss: 4.1780, NLL: 4.1780, Coverage: 0.0000
  Batch 1690/4162, Loss: 4.5616, NLL: 4.5616, Coverage: 0.0000
  Batch 1700/4162, Loss: 4.4085, NLL: 4.4085, Coverage: 0.0000
  Batch 1710/4162, Loss: 4.2258, NLL: 4.2258, Coverage: 0.0000
  Batch 1720/4162, Loss: 3.9195, NLL: 3.9195, Coverage: 0.0000
  Batch 1730/4162, Loss: 4.1421, NLL: 4.1421, Coverage: 0.0000
  Batch 1740/4162, Loss: 4.2110, NLL: 4.2110, Coverage: 0.0000
  Batch 1750/4162, Loss: 4.0182, NLL: 4.0182, Coverage: 0.0000
  Batch 1760/4162, Loss: 4.3624, NLL: 4.3624, Coverage: 0.0000
  Batch 1770/4162, Loss: 4.4750, NLL: 4.4750, Coverage: 0.0000
  Batch 1780/4162, Loss: 4.5029, NLL: 4.5029, Coverage: 0.0000
  Batch 1790/4162, Loss: 3.9941, NLL: 3.9941, Coverage: 0.0000
  Batch 1800/4162, Loss: 4.2030, NLL: 4.2030, Coverage: 0.0000
  Batch 1810/4162, Loss: 4.4009, NLL: 4.4009, Coverage: 0.0000
  Batch 1820/4162, Loss: 4.0207, NLL: 4.0207, Coverage: 0.0000
  Batch 1830/4162, Loss: 4.4208, NLL: 4.4208, Coverage: 0.0000
  Batch 1840/4162, Loss: 4.2477, NLL: 4.2477, Coverage: 0.0000
  Batch 1850/4162, Loss: 4.0427, NLL: 4.0427, Coverage: 0.0000
  Batch 1860/4162, Loss: 4.0206, NLL: 4.0206, Coverage: 0.0000
  Batch 1870/4162, Loss: 4.0448, NLL: 4.0448, Coverage: 0.0000
  Batch 1880/4162, Loss: 4.0408, NLL: 4.0408, Coverage: 0.0000
  Batch 1890/4162, Loss: 4.2442, NLL: 4.2442, Coverage: 0.0000
  Batch 1900/4162, Loss: 4.0603, NLL: 4.0603, Coverage: 0.0000
  Batch 1910/4162, Loss: 4.7725, NLL: 4.7725, Coverage: 0.0000
  Batch 1920/4162, Loss: 4.4800, NLL: 4.4800, Coverage: 0.0000
  Batch 1930/4162, Loss: 4.5433, NLL: 4.5433, Coverage: 0.0000
  Batch 1940/4162, Loss: 4.1342, NLL: 4.1342, Coverage: 0.0000
  Batch 1950/4162, Loss: 4.6850, NLL: 4.6850, Coverage: 0.0000
  Batch 1960/4162, Loss: 3.8023, NLL: 3.8023, Coverage: 0.0000
  Batch 1970/4162, Loss: 3.9632, NLL: 3.9632, Coverage: 0.0000
  Batch 1980/4162, Loss: 3.8559, NLL: 3.8559, Coverage: 0.0000
  Batch 1990/4162, Loss: 4.1816, NLL: 4.1816, Coverage: 0.0000
  Batch 2000/4162, Loss: 4.2669, NLL: 4.2669, Coverage: 0.0000
  Batch 2010/4162, Loss: 3.8944, NLL: 3.8944, Coverage: 0.0000
  Batch 2020/4162, Loss: 3.9404, NLL: 3.9404, Coverage: 0.0000
  Batch 2030/4162, Loss: 4.1973, NLL: 4.1973, Coverage: 0.0000
  Batch 2040/4162, Loss: 4.4063, NLL: 4.4063, Coverage: 0.0000
  Batch 2050/4162, Loss: 3.7705, NLL: 3.7705, Coverage: 0.0000
  Batch 2060/4162, Loss: 4.3602, NLL: 4.3602, Coverage: 0.0000
  Batch 2070/4162, Loss: 3.9838, NLL: 3.9838, Coverage: 0.0000
  Batch 2080/4162, Loss: 4.7621, NLL: 4.7621, Coverage: 0.0000
  Batch 2090/4162, Loss: 3.9463, NLL: 3.9463, Coverage: 0.0000
  Batch 2100/4162, Loss: 4.0898, NLL: 4.0898, Coverage: 0.0000
  Batch 2110/4162, Loss: 4.3377, NLL: 4.3377, Coverage: 0.0000
  Batch 2120/4162, Loss: 4.0477, NLL: 4.0477, Coverage: 0.0000
  Batch 2130/4162, Loss: 4.0457, NLL: 4.0457, Coverage: 0.0000
  Batch 2140/4162, Loss: 4.5520, NLL: 4.5520, Coverage: 0.0000
  Batch 2150/4162, Loss: 4.2566, NLL: 4.2566, Coverage: 0.0000
  Batch 2160/4162, Loss: 4.1383, NLL: 4.1383, Coverage: 0.0000
  Batch 2170/4162, Loss: 4.0547, NLL: 4.0547, Coverage: 0.0000
  Batch 2180/4162, Loss: 4.0224, NLL: 4.0224, Coverage: 0.0000
  Batch 2190/4162, Loss: 4.0777, NLL: 4.0777, Coverage: 0.0000
  Batch 2200/4162, Loss: 4.0596, NLL: 4.0596, Coverage: 0.0000
  Batch 2210/4162, Loss: 4.0786, NLL: 4.0786, Coverage: 0.0000
  Batch 2220/4162, Loss: 4.5871, NLL: 4.5871, Coverage: 0.0000
  Batch 2230/4162, Loss: 4.2209, NLL: 4.2209, Coverage: 0.0000
  Batch 2240/4162, Loss: 4.2679, NLL: 4.2679, Coverage: 0.0000
  Batch 2250/4162, Loss: 4.3409, NLL: 4.3409, Coverage: 0.0000
  Batch 2260/4162, Loss: 3.8155, NLL: 3.8155, Coverage: 0.0000
  Batch 2270/4162, Loss: 4.3662, NLL: 4.3662, Coverage: 0.0000
  Batch 2280/4162, Loss: 4.3065, NLL: 4.3065, Coverage: 0.0000
  Batch 2290/4162, Loss: 3.8555, NLL: 3.8555, Coverage: 0.0000
  Batch 2300/4162, Loss: 4.2561, NLL: 4.2561, Coverage: 0.0000
  Batch 2310/4162, Loss: 4.3598, NLL: 4.3598, Coverage: 0.0000
  Batch 2320/4162, Loss: 4.6530, NLL: 4.6530, Coverage: 0.0000
  Batch 2330/4162, Loss: 4.0266, NLL: 4.0266, Coverage: 0.0000
  Batch 2340/4162, Loss: 4.5975, NLL: 4.5975, Coverage: 0.0000
  Batch 2350/4162, Loss: 4.2290, NLL: 4.2290, Coverage: 0.0000
  Batch 2360/4162, Loss: 4.4479, NLL: 4.4479, Coverage: 0.0000
  Batch 2370/4162, Loss: 4.4944, NLL: 4.4944, Coverage: 0.0000
  Batch 2380/4162, Loss: 4.8277, NLL: 4.8277, Coverage: 0.0000
  Batch 2390/4162, Loss: 4.8081, NLL: 4.8081, Coverage: 0.0000
  Batch 2400/4162, Loss: 4.7458, NLL: 4.7458, Coverage: 0.0000
  Batch 2410/4162, Loss: 4.5131, NLL: 4.5131, Coverage: 0.0000
  Batch 2420/4162, Loss: 4.4601, NLL: 4.4601, Coverage: 0.0000
  Batch 2430/4162, Loss: 4.1291, NLL: 4.1291, Coverage: 0.0000
  Batch 2440/4162, Loss: 4.4492, NLL: 4.4492, Coverage: 0.0000
  Batch 2450/4162, Loss: 3.8267, NLL: 3.8267, Coverage: 0.0000
  Batch 2460/4162, Loss: 3.9762, NLL: 3.9762, Coverage: 0.0000
  Batch 2470/4162, Loss: 4.2537, NLL: 4.2537, Coverage: 0.0000
  Batch 2480/4162, Loss: 4.4558, NLL: 4.4558, Coverage: 0.0000
  Batch 2490/4162, Loss: 4.1731, NLL: 4.1731, Coverage: 0.0000
  Batch 2500/4162, Loss: 4.0759, NLL: 4.0759, Coverage: 0.0000
  Batch 2510/4162, Loss: 4.2983, NLL: 4.2983, Coverage: 0.0000
  Batch 2520/4162, Loss: 4.7201, NLL: 4.7201, Coverage: 0.0000
  Batch 2530/4162, Loss: 4.1487, NLL: 4.1487, Coverage: 0.0000
  Batch 2540/4162, Loss: 4.3636, NLL: 4.3636, Coverage: 0.0000
  Batch 2550/4162, Loss: 4.1154, NLL: 4.1154, Coverage: 0.0000
  Batch 2560/4162, Loss: 4.1148, NLL: 4.1148, Coverage: 0.0000
  Batch 2570/4162, Loss: 4.0082, NLL: 4.0082, Coverage: 0.0000
  Batch 2580/4162, Loss: 4.3932, NLL: 4.3932, Coverage: 0.0000
  Batch 2590/4162, Loss: 4.4375, NLL: 4.4375, Coverage: 0.0000
  Batch 2600/4162, Loss: 4.0647, NLL: 4.0647, Coverage: 0.0000
  Batch 2610/4162, Loss: 3.8657, NLL: 3.8657, Coverage: 0.0000
  Batch 2620/4162, Loss: 4.0877, NLL: 4.0877, Coverage: 0.0000
  Batch 2630/4162, Loss: 4.2339, NLL: 4.2339, Coverage: 0.0000
  Batch 2640/4162, Loss: 4.0558, NLL: 4.0558, Coverage: 0.0000
  Batch 2650/4162, Loss: 4.7666, NLL: 4.7666, Coverage: 0.0000
  Batch 2660/4162, Loss: 4.5098, NLL: 4.5098, Coverage: 0.0000
  Batch 2670/4162, Loss: 4.1057, NLL: 4.1057, Coverage: 0.0000
  Batch 2680/4162, Loss: 4.1877, NLL: 4.1877, Coverage: 0.0000
  Batch 2690/4162, Loss: 4.2809, NLL: 4.2809, Coverage: 0.0000
  Batch 2700/4162, Loss: 4.5457, NLL: 4.5457, Coverage: 0.0000
  Batch 2710/4162, Loss: 4.0115, NLL: 4.0115, Coverage: 0.0000
  Batch 2720/4162, Loss: 4.4743, NLL: 4.4743, Coverage: 0.0000
  Batch 2730/4162, Loss: 4.3984, NLL: 4.3984, Coverage: 0.0000
  Batch 2740/4162, Loss: 4.2875, NLL: 4.2875, Coverage: 0.0000
  Batch 2750/4162, Loss: 4.2032, NLL: 4.2032, Coverage: 0.0000
  Batch 2760/4162, Loss: 4.3476, NLL: 4.3476, Coverage: 0.0000
  Batch 2770/4162, Loss: 3.6393, NLL: 3.6393, Coverage: 0.0000
  Batch 2780/4162, Loss: 3.9164, NLL: 3.9164, Coverage: 0.0000
  Batch 2790/4162, Loss: 4.3690, NLL: 4.3690, Coverage: 0.0000
  Batch 2800/4162, Loss: 4.2807, NLL: 4.2807, Coverage: 0.0000
  Batch 2810/4162, Loss: 3.8776, NLL: 3.8776, Coverage: 0.0000
  Batch 2820/4162, Loss: 4.1544, NLL: 4.1544, Coverage: 0.0000
  Batch 2830/4162, Loss: 4.1944, NLL: 4.1944, Coverage: 0.0000
  Batch 2840/4162, Loss: 3.9245, NLL: 3.9245, Coverage: 0.0000
  Batch 2850/4162, Loss: 3.9788, NLL: 3.9788, Coverage: 0.0000
  Batch 2860/4162, Loss: 4.4479, NLL: 4.4479, Coverage: 0.0000
  Batch 2870/4162, Loss: 4.5158, NLL: 4.5158, Coverage: 0.0000
  Batch 2880/4162, Loss: 4.4939, NLL: 4.4939, Coverage: 0.0000
  Batch 2890/4162, Loss: 4.3649, NLL: 4.3649, Coverage: 0.0000
  Batch 2900/4162, Loss: 4.0748, NLL: 4.0748, Coverage: 0.0000
  Batch 2910/4162, Loss: 4.5465, NLL: 4.5465, Coverage: 0.0000
  Batch 2920/4162, Loss: 4.5680, NLL: 4.5680, Coverage: 0.0000
  Batch 2930/4162, Loss: 4.2661, NLL: 4.2661, Coverage: 0.0000
  Batch 2940/4162, Loss: 3.5575, NLL: 3.5575, Coverage: 0.0000
  Batch 2950/4162, Loss: 4.4445, NLL: 4.4445, Coverage: 0.0000
  Batch 2960/4162, Loss: 4.3522, NLL: 4.3522, Coverage: 0.0000
  Batch 2970/4162, Loss: 4.3943, NLL: 4.3943, Coverage: 0.0000
  Batch 2980/4162, Loss: 4.4660, NLL: 4.4660, Coverage: 0.0000
  Batch 2990/4162, Loss: 4.1066, NLL: 4.1066, Coverage: 0.0000
  Batch 3000/4162, Loss: 4.5583, NLL: 4.5583, Coverage: 0.0000
  Batch 3010/4162, Loss: 4.4266, NLL: 4.4266, Coverage: 0.0000
  Batch 3020/4162, Loss: 4.5276, NLL: 4.5276, Coverage: 0.0000
  Batch 3030/4162, Loss: 3.8168, NLL: 3.8168, Coverage: 0.0000
  Batch 3040/4162, Loss: 4.0856, NLL: 4.0856, Coverage: 0.0000
  Batch 3050/4162, Loss: 4.1267, NLL: 4.1267, Coverage: 0.0000
  Batch 3060/4162, Loss: 3.7789, NLL: 3.7789, Coverage: 0.0000
  Batch 3070/4162, Loss: 4.2003, NLL: 4.2003, Coverage: 0.0000
  Batch 3080/4162, Loss: 4.2068, NLL: 4.2068, Coverage: 0.0000
  Batch 3090/4162, Loss: 4.5095, NLL: 4.5095, Coverage: 0.0000
  Batch 3100/4162, Loss: 4.4117, NLL: 4.4117, Coverage: 0.0000
  Batch 3110/4162, Loss: 4.4505, NLL: 4.4505, Coverage: 0.0000
  Batch 3120/4162, Loss: 4.3571, NLL: 4.3571, Coverage: 0.0000
  Batch 3130/4162, Loss: 4.3064, NLL: 4.3064, Coverage: 0.0000
  Batch 3140/4162, Loss: 4.9543, NLL: 4.9543, Coverage: 0.0000
  Batch 3150/4162, Loss: 3.9311, NLL: 3.9311, Coverage: 0.0000
  Batch 3160/4162, Loss: 4.4098, NLL: 4.4098, Coverage: 0.0000
  Batch 3170/4162, Loss: 4.4697, NLL: 4.4697, Coverage: 0.0000
  Batch 3180/4162, Loss: 4.3595, NLL: 4.3595, Coverage: 0.0000
  Batch 3190/4162, Loss: 4.5106, NLL: 4.5106, Coverage: 0.0000
  Batch 3200/4162, Loss: 3.9504, NLL: 3.9504, Coverage: 0.0000
  Batch 3210/4162, Loss: 4.2678, NLL: 4.2678, Coverage: 0.0000
  Batch 3220/4162, Loss: 3.3549, NLL: 3.3549, Coverage: 0.0000
  Batch 3230/4162, Loss: 4.0408, NLL: 4.0408, Coverage: 0.0000
  Batch 3240/4162, Loss: 4.2808, NLL: 4.2808, Coverage: 0.0000
  Batch 3250/4162, Loss: 3.7669, NLL: 3.7669, Coverage: 0.0000
  Batch 3260/4162, Loss: 4.6506, NLL: 4.6506, Coverage: 0.0000
  Batch 3270/4162, Loss: 4.4107, NLL: 4.4107, Coverage: 0.0000
  Batch 3280/4162, Loss: 4.5307, NLL: 4.5307, Coverage: 0.0000
  Batch 3290/4162, Loss: 4.2014, NLL: 4.2014, Coverage: 0.0000
  Batch 3300/4162, Loss: 4.2723, NLL: 4.2723, Coverage: 0.0000
  Batch 3310/4162, Loss: 4.1212, NLL: 4.1212, Coverage: 0.0000
  Batch 3320/4162, Loss: 4.6828, NLL: 4.6828, Coverage: 0.0000
  Batch 3330/4162, Loss: 4.0998, NLL: 4.0998, Coverage: 0.0000
  Batch 3340/4162, Loss: 3.9270, NLL: 3.9270, Coverage: 0.0000
  Batch 3350/4162, Loss: 4.8366, NLL: 4.8366, Coverage: 0.0000
  Batch 3360/4162, Loss: 4.5051, NLL: 4.5051, Coverage: 0.0000
  Batch 3370/4162, Loss: 4.3627, NLL: 4.3627, Coverage: 0.0000
  Batch 3380/4162, Loss: 4.3128, NLL: 4.3128, Coverage: 0.0000
  Batch 3390/4162, Loss: 3.8895, NLL: 3.8895, Coverage: 0.0000
  Batch 3400/4162, Loss: 3.9132, NLL: 3.9132, Coverage: 0.0000
  Batch 3410/4162, Loss: 3.7303, NLL: 3.7303, Coverage: 0.0000
  Batch 3420/4162, Loss: 3.4286, NLL: 3.4286, Coverage: 0.0000
  Batch 3430/4162, Loss: 4.5512, NLL: 4.5512, Coverage: 0.0000
  Batch 3440/4162, Loss: 4.4178, NLL: 4.4178, Coverage: 0.0000
  Batch 3450/4162, Loss: 4.2304, NLL: 4.2304, Coverage: 0.0000
  Batch 3460/4162, Loss: 4.3380, NLL: 4.3380, Coverage: 0.0000
  Batch 3470/4162, Loss: 4.3105, NLL: 4.3105, Coverage: 0.0000
  Batch 3480/4162, Loss: 4.9089, NLL: 4.9089, Coverage: 0.0000
  Batch 3490/4162, Loss: 4.0512, NLL: 4.0512, Coverage: 0.0000
  Batch 3500/4162, Loss: 4.2886, NLL: 4.2886, Coverage: 0.0000
  Batch 3510/4162, Loss: 4.5279, NLL: 4.5279, Coverage: 0.0000
  Batch 3520/4162, Loss: 4.3347, NLL: 4.3347, Coverage: 0.0000
  Batch 3530/4162, Loss: 3.7792, NLL: 3.7792, Coverage: 0.0000
  Batch 3540/4162, Loss: 4.1585, NLL: 4.1585, Coverage: 0.0000
  Batch 3550/4162, Loss: 4.8347, NLL: 4.8347, Coverage: 0.0000
  Batch 3560/4162, Loss: 4.1320, NLL: 4.1320, Coverage: 0.0000
  Batch 3570/4162, Loss: 3.8238, NLL: 3.8238, Coverage: 0.0000
  Batch 3580/4162, Loss: 4.4976, NLL: 4.4976, Coverage: 0.0000
  Batch 3590/4162, Loss: 4.0405, NLL: 4.0405, Coverage: 0.0000
  Batch 3600/4162, Loss: 4.3640, NLL: 4.3640, Coverage: 0.0000
  Batch 3610/4162, Loss: 4.1696, NLL: 4.1696, Coverage: 0.0000
  Batch 3620/4162, Loss: 4.1519, NLL: 4.1519, Coverage: 0.0000
  Batch 3630/4162, Loss: 3.9536, NLL: 3.9536, Coverage: 0.0000
  Batch 3640/4162, Loss: 4.4671, NLL: 4.4671, Coverage: 0.0000
  Batch 3650/4162, Loss: 4.5385, NLL: 4.5385, Coverage: 0.0000
  Batch 3660/4162, Loss: 4.7309, NLL: 4.7309, Coverage: 0.0000
  Batch 3670/4162, Loss: 4.1551, NLL: 4.1551, Coverage: 0.0000
  Batch 3680/4162, Loss: 4.4558, NLL: 4.4558, Coverage: 0.0000
  Batch 3690/4162, Loss: 4.2079, NLL: 4.2079, Coverage: 0.0000
  Batch 3700/4162, Loss: 4.3436, NLL: 4.3436, Coverage: 0.0000
  Batch 3710/4162, Loss: 4.3542, NLL: 4.3542, Coverage: 0.0000
  Batch 3720/4162, Loss: 4.4097, NLL: 4.4097, Coverage: 0.0000
  Batch 3730/4162, Loss: 4.1621, NLL: 4.1621, Coverage: 0.0000
  Batch 3740/4162, Loss: 4.8304, NLL: 4.8304, Coverage: 0.0000
  Batch 3750/4162, Loss: 3.9935, NLL: 3.9935, Coverage: 0.0000
  Batch 3760/4162, Loss: 4.1173, NLL: 4.1173, Coverage: 0.0000
  Batch 3770/4162, Loss: 4.1897, NLL: 4.1897, Coverage: 0.0000
  Batch 3780/4162, Loss: 4.5647, NLL: 4.5647, Coverage: 0.0000
  Batch 3790/4162, Loss: 4.7617, NLL: 4.7617, Coverage: 0.0000
  Batch 3800/4162, Loss: 4.1294, NLL: 4.1294, Coverage: 0.0000
  Batch 3810/4162, Loss: 3.9602, NLL: 3.9602, Coverage: 0.0000
  Batch 3820/4162, Loss: 4.1778, NLL: 4.1778, Coverage: 0.0000
  Batch 3830/4162, Loss: 4.6491, NLL: 4.6491, Coverage: 0.0000
  Batch 3840/4162, Loss: 4.0501, NLL: 4.0501, Coverage: 0.0000
  Batch 3850/4162, Loss: 4.5759, NLL: 4.5759, Coverage: 0.0000
  Batch 3860/4162, Loss: 4.2769, NLL: 4.2769, Coverage: 0.0000
  Batch 3870/4162, Loss: 4.2470, NLL: 4.2470, Coverage: 0.0000
  Batch 3880/4162, Loss: 4.3747, NLL: 4.3747, Coverage: 0.0000
  Batch 3890/4162, Loss: 4.4757, NLL: 4.4757, Coverage: 0.0000
  Batch 3900/4162, Loss: 4.2413, NLL: 4.2413, Coverage: 0.0000
  Batch 3910/4162, Loss: 4.8057, NLL: 4.8057, Coverage: 0.0000
  Batch 3920/4162, Loss: 4.4495, NLL: 4.4495, Coverage: 0.0000
  Batch 3930/4162, Loss: 4.1697, NLL: 4.1697, Coverage: 0.0000
  Batch 3940/4162, Loss: 4.4673, NLL: 4.4673, Coverage: 0.0000
  Batch 3950/4162, Loss: 4.3603, NLL: 4.3603, Coverage: 0.0000
  Batch 3960/4162, Loss: 4.3242, NLL: 4.3242, Coverage: 0.0000
  Batch 3970/4162, Loss: 4.0039, NLL: 4.0039, Coverage: 0.0000
  Batch 3980/4162, Loss: 3.6698, NLL: 3.6698, Coverage: 0.0000
  Batch 3990/4162, Loss: 4.4974, NLL: 4.4974, Coverage: 0.0000
  Batch 4000/4162, Loss: 4.2341, NLL: 4.2341, Coverage: 0.0000
  Batch 4010/4162, Loss: 4.2660, NLL: 4.2660, Coverage: 0.0000
  Batch 4020/4162, Loss: 4.0341, NLL: 4.0341, Coverage: 0.0000
  Batch 4030/4162, Loss: 4.1368, NLL: 4.1368, Coverage: 0.0000
  Batch 4040/4162, Loss: 4.3492, NLL: 4.3492, Coverage: 0.0000
  Batch 4050/4162, Loss: 4.4557, NLL: 4.4557, Coverage: 0.0000
  Batch 4060/4162, Loss: 4.1637, NLL: 4.1637, Coverage: 0.0000
  Batch 4070/4162, Loss: 4.5669, NLL: 4.5669, Coverage: 0.0000
  Batch 4080/4162, Loss: 4.2514, NLL: 4.2514, Coverage: 0.0000
  Batch 4090/4162, Loss: 3.9711, NLL: 3.9711, Coverage: 0.0000
  Batch 4100/4162, Loss: 4.1229, NLL: 4.1229, Coverage: 0.0000
  Batch 4110/4162, Loss: 4.4288, NLL: 4.4288, Coverage: 0.0000
  Batch 4120/4162, Loss: 3.7094, NLL: 3.7094, Coverage: 0.0000
  Batch 4130/4162, Loss: 4.0318, NLL: 4.0318, Coverage: 0.0000
  Batch 4140/4162, Loss: 4.6782, NLL: 4.6782, Coverage: 0.0000
  Batch 4150/4162, Loss: 4.4030, NLL: 4.4030, Coverage: 0.0000
  Batch 4160/4162, Loss: 3.8832, NLL: 3.8832, Coverage: 0.0000

  Train Loss: 4.2568 (NLL: 4.2568, Coverage: 0.0000)
  Val Loss: 6.3876 (NLL: 6.3876, Coverage: 0.0000)
  Time: 28m 4s

Epoch 8/20
----------------------------------------
  Batch 10/4162, Loss: 4.3260, NLL: 4.3260, Coverage: 0.0000
  Batch 20/4162, Loss: 4.1066, NLL: 4.1066, Coverage: 0.0000
  Batch 30/4162, Loss: 4.2595, NLL: 4.2595, Coverage: 0.0000
  Batch 40/4162, Loss: 4.3127, NLL: 4.3127, Coverage: 0.0000
  Batch 50/4162, Loss: 3.7932, NLL: 3.7932, Coverage: 0.0000
  Batch 60/4162, Loss: 4.0735, NLL: 4.0735, Coverage: 0.0000
  Batch 70/4162, Loss: 3.6789, NLL: 3.6789, Coverage: 0.0000
  Batch 80/4162, Loss: 3.7604, NLL: 3.7604, Coverage: 0.0000
  Batch 90/4162, Loss: 3.7935, NLL: 3.7935, Coverage: 0.0000
  Batch 100/4162, Loss: 4.0716, NLL: 4.0716, Coverage: 0.0000
  Batch 110/4162, Loss: 4.1554, NLL: 4.1554, Coverage: 0.0000
  Batch 120/4162, Loss: 4.1178, NLL: 4.1178, Coverage: 0.0000
  Batch 130/4162, Loss: 4.1890, NLL: 4.1890, Coverage: 0.0000
  Batch 140/4162, Loss: 4.2915, NLL: 4.2915, Coverage: 0.0000
  Batch 150/4162, Loss: 3.9128, NLL: 3.9128, Coverage: 0.0000
  Batch 160/4162, Loss: 3.9942, NLL: 3.9942, Coverage: 0.0000
  Batch 170/4162, Loss: 3.7046, NLL: 3.7046, Coverage: 0.0000
  Batch 180/4162, Loss: 3.9329, NLL: 3.9329, Coverage: 0.0000
  Batch 190/4162, Loss: 3.9983, NLL: 3.9983, Coverage: 0.0000
  Batch 200/4162, Loss: 4.4588, NLL: 4.4588, Coverage: 0.0000
  Batch 210/4162, Loss: 4.2356, NLL: 4.2356, Coverage: 0.0000
  Batch 220/4162, Loss: 3.8203, NLL: 3.8203, Coverage: 0.0000
  Batch 230/4162, Loss: 4.4582, NLL: 4.4582, Coverage: 0.0000
  Batch 240/4162, Loss: 4.1897, NLL: 4.1897, Coverage: 0.0000
  Batch 250/4162, Loss: 4.0092, NLL: 4.0092, Coverage: 0.0000
  Batch 260/4162, Loss: 4.4327, NLL: 4.4327, Coverage: 0.0000
  Batch 270/4162, Loss: 4.0552, NLL: 4.0552, Coverage: 0.0000
  Batch 280/4162, Loss: 4.1694, NLL: 4.1694, Coverage: 0.0000
  Batch 290/4162, Loss: 4.2201, NLL: 4.2201, Coverage: 0.0000
  Batch 300/4162, Loss: 4.1274, NLL: 4.1274, Coverage: 0.0000
  Batch 310/4162, Loss: 4.3559, NLL: 4.3559, Coverage: 0.0000
  Batch 320/4162, Loss: 4.0487, NLL: 4.0487, Coverage: 0.0000
  Batch 330/4162, Loss: 3.9601, NLL: 3.9601, Coverage: 0.0000
  Batch 340/4162, Loss: 3.8378, NLL: 3.8378, Coverage: 0.0000
  Batch 350/4162, Loss: 4.0928, NLL: 4.0928, Coverage: 0.0000
  Batch 360/4162, Loss: 4.2064, NLL: 4.2064, Coverage: 0.0000
  Batch 370/4162, Loss: 4.1500, NLL: 4.1500, Coverage: 0.0000
  Batch 380/4162, Loss: 4.1152, NLL: 4.1152, Coverage: 0.0000
  Batch 390/4162, Loss: 3.9470, NLL: 3.9470, Coverage: 0.0000
  Batch 400/4162, Loss: 4.2349, NLL: 4.2349, Coverage: 0.0000
  Batch 410/4162, Loss: 4.0998, NLL: 4.0998, Coverage: 0.0000
  Batch 420/4162, Loss: 4.2371, NLL: 4.2371, Coverage: 0.0000
  Batch 430/4162, Loss: 3.5359, NLL: 3.5359, Coverage: 0.0000
  Batch 440/4162, Loss: 3.8646, NLL: 3.8646, Coverage: 0.0000
  Batch 450/4162, Loss: 3.6862, NLL: 3.6862, Coverage: 0.0000
  Batch 460/4162, Loss: 4.2515, NLL: 4.2515, Coverage: 0.0000
  Batch 470/4162, Loss: 4.1554, NLL: 4.1554, Coverage: 0.0000
  Batch 480/4162, Loss: 4.2157, NLL: 4.2157, Coverage: 0.0000
  Batch 490/4162, Loss: 4.1210, NLL: 4.1210, Coverage: 0.0000
  Batch 500/4162, Loss: 3.8329, NLL: 3.8329, Coverage: 0.0000
  Batch 510/4162, Loss: 3.7809, NLL: 3.7809, Coverage: 0.0000
  Batch 520/4162, Loss: 4.2635, NLL: 4.2635, Coverage: 0.0000
  Batch 530/4162, Loss: 4.1128, NLL: 4.1128, Coverage: 0.0000
  Batch 540/4162, Loss: 4.1059, NLL: 4.1059, Coverage: 0.0000
  Batch 550/4162, Loss: 3.8362, NLL: 3.8362, Coverage: 0.0000
  Batch 560/4162, Loss: 3.7679, NLL: 3.7679, Coverage: 0.0000
  Batch 570/4162, Loss: 4.5215, NLL: 4.5215, Coverage: 0.0000
  Batch 580/4162, Loss: 4.2575, NLL: 4.2575, Coverage: 0.0000
  Batch 590/4162, Loss: 3.8793, NLL: 3.8793, Coverage: 0.0000
  Batch 600/4162, Loss: 4.2261, NLL: 4.2261, Coverage: 0.0000
  Batch 610/4162, Loss: 4.1239, NLL: 4.1239, Coverage: 0.0000
  Batch 620/4162, Loss: 4.3725, NLL: 4.3725, Coverage: 0.0000
  Batch 630/4162, Loss: 3.9230, NLL: 3.9230, Coverage: 0.0000
  Batch 640/4162, Loss: 4.1151, NLL: 4.1151, Coverage: 0.0000
  Batch 650/4162, Loss: 3.7356, NLL: 3.7356, Coverage: 0.0000
  Batch 660/4162, Loss: 4.0621, NLL: 4.0621, Coverage: 0.0000
  Batch 670/4162, Loss: 4.0276, NLL: 4.0276, Coverage: 0.0000
  Batch 680/4162, Loss: 3.5764, NLL: 3.5764, Coverage: 0.0000
  Batch 690/4162, Loss: 4.0579, NLL: 4.0579, Coverage: 0.0000
  Batch 700/4162, Loss: 4.6178, NLL: 4.6178, Coverage: 0.0000
  Batch 710/4162, Loss: 4.3858, NLL: 4.3858, Coverage: 0.0000
  Batch 720/4162, Loss: 3.8410, NLL: 3.8410, Coverage: 0.0000
  Batch 730/4162, Loss: 4.4945, NLL: 4.4945, Coverage: 0.0000
  Batch 740/4162, Loss: 3.8286, NLL: 3.8286, Coverage: 0.0000
  Batch 750/4162, Loss: 4.0663, NLL: 4.0663, Coverage: 0.0000
  Batch 760/4162, Loss: 4.0664, NLL: 4.0664, Coverage: 0.0000
  Batch 770/4162, Loss: 4.2041, NLL: 4.2041, Coverage: 0.0000
  Batch 780/4162, Loss: 4.5234, NLL: 4.5234, Coverage: 0.0000
  Batch 790/4162, Loss: 3.8990, NLL: 3.8990, Coverage: 0.0000
  Batch 800/4162, Loss: 4.1528, NLL: 4.1528, Coverage: 0.0000
  Batch 810/4162, Loss: 4.0906, NLL: 4.0906, Coverage: 0.0000
  Batch 820/4162, Loss: 3.9904, NLL: 3.9904, Coverage: 0.0000
  Batch 830/4162, Loss: 3.8907, NLL: 3.8907, Coverage: 0.0000
  Batch 840/4162, Loss: 4.5551, NLL: 4.5551, Coverage: 0.0000
  Batch 850/4162, Loss: 4.8794, NLL: 4.8794, Coverage: 0.0000
  Batch 860/4162, Loss: 4.0852, NLL: 4.0852, Coverage: 0.0000
  Batch 870/4162, Loss: 4.0925, NLL: 4.0925, Coverage: 0.0000
  Batch 880/4162, Loss: 3.9505, NLL: 3.9505, Coverage: 0.0000
  Batch 890/4162, Loss: 4.3030, NLL: 4.3030, Coverage: 0.0000
  Batch 900/4162, Loss: 3.9829, NLL: 3.9829, Coverage: 0.0000
  Batch 910/4162, Loss: 3.9229, NLL: 3.9229, Coverage: 0.0000
  Batch 920/4162, Loss: 4.0251, NLL: 4.0251, Coverage: 0.0000
  Batch 930/4162, Loss: 4.6509, NLL: 4.6509, Coverage: 0.0000
  Batch 940/4162, Loss: 4.0624, NLL: 4.0624, Coverage: 0.0000
  Batch 950/4162, Loss: 4.1165, NLL: 4.1165, Coverage: 0.0000
  Batch 960/4162, Loss: 4.1929, NLL: 4.1929, Coverage: 0.0000
  Batch 970/4162, Loss: 4.2382, NLL: 4.2382, Coverage: 0.0000
  Batch 980/4162, Loss: 3.9759, NLL: 3.9759, Coverage: 0.0000
  Batch 990/4162, Loss: 3.9536, NLL: 3.9536, Coverage: 0.0000
  Batch 1000/4162, Loss: 4.1350, NLL: 4.1350, Coverage: 0.0000
  Batch 1010/4162, Loss: 4.0854, NLL: 4.0854, Coverage: 0.0000
  Batch 1020/4162, Loss: 4.0991, NLL: 4.0991, Coverage: 0.0000
  Batch 1030/4162, Loss: 3.8909, NLL: 3.8909, Coverage: 0.0000
  Batch 1040/4162, Loss: 3.8543, NLL: 3.8543, Coverage: 0.0000
  Batch 1050/4162, Loss: 4.3499, NLL: 4.3499, Coverage: 0.0000
  Batch 1060/4162, Loss: 4.1468, NLL: 4.1468, Coverage: 0.0000
  Batch 1070/4162, Loss: 4.1742, NLL: 4.1742, Coverage: 0.0000
  Batch 1080/4162, Loss: 4.3612, NLL: 4.3612, Coverage: 0.0000
  Batch 1090/4162, Loss: 4.2771, NLL: 4.2771, Coverage: 0.0000
  Batch 1100/4162, Loss: 3.9338, NLL: 3.9338, Coverage: 0.0000
  Batch 1110/4162, Loss: 4.4078, NLL: 4.4078, Coverage: 0.0000
  Batch 1120/4162, Loss: 4.1267, NLL: 4.1267, Coverage: 0.0000
  Batch 1130/4162, Loss: 4.2448, NLL: 4.2448, Coverage: 0.0000
  Batch 1140/4162, Loss: 3.5465, NLL: 3.5465, Coverage: 0.0000
  Batch 1150/4162, Loss: 4.1978, NLL: 4.1978, Coverage: 0.0000
  Batch 1160/4162, Loss: 4.2812, NLL: 4.2812, Coverage: 0.0000
  Batch 1170/4162, Loss: 4.4099, NLL: 4.4099, Coverage: 0.0000
  Batch 1180/4162, Loss: 4.2387, NLL: 4.2387, Coverage: 0.0000
  Batch 1190/4162, Loss: 3.8414, NLL: 3.8414, Coverage: 0.0000
  Batch 1200/4162, Loss: 3.9620, NLL: 3.9620, Coverage: 0.0000
  Batch 1210/4162, Loss: 3.9493, NLL: 3.9493, Coverage: 0.0000
  Batch 1220/4162, Loss: 3.7143, NLL: 3.7143, Coverage: 0.0000
  Batch 1230/4162, Loss: 4.0753, NLL: 4.0753, Coverage: 0.0000
  Batch 1240/4162, Loss: 4.4990, NLL: 4.4990, Coverage: 0.0000
  Batch 1250/4162, Loss: 4.1662, NLL: 4.1662, Coverage: 0.0000
  Batch 1260/4162, Loss: 3.6168, NLL: 3.6168, Coverage: 0.0000
  Batch 1270/4162, Loss: 3.7957, NLL: 3.7957, Coverage: 0.0000
  Batch 1280/4162, Loss: 4.4599, NLL: 4.4599, Coverage: 0.0000
  Batch 1290/4162, Loss: 4.2714, NLL: 4.2714, Coverage: 0.0000
  Batch 1300/4162, Loss: 4.4124, NLL: 4.4124, Coverage: 0.0000
  Batch 1310/4162, Loss: 3.9653, NLL: 3.9653, Coverage: 0.0000
  Batch 1320/4162, Loss: 4.2398, NLL: 4.2398, Coverage: 0.0000
  Batch 1330/4162, Loss: 3.9845, NLL: 3.9845, Coverage: 0.0000
  Batch 1340/4162, Loss: 3.9692, NLL: 3.9692, Coverage: 0.0000
  Batch 1350/4162, Loss: 3.8723, NLL: 3.8723, Coverage: 0.0000
  Batch 1360/4162, Loss: 4.1908, NLL: 4.1908, Coverage: 0.0000
  Batch 1370/4162, Loss: 4.1464, NLL: 4.1464, Coverage: 0.0000
  Batch 1380/4162, Loss: 4.2429, NLL: 4.2429, Coverage: 0.0000
  Batch 1390/4162, Loss: 4.0540, NLL: 4.0540, Coverage: 0.0000
  Batch 1400/4162, Loss: 4.0605, NLL: 4.0605, Coverage: 0.0000
  Batch 1410/4162, Loss: 3.8782, NLL: 3.8782, Coverage: 0.0000
  Batch 1420/4162, Loss: 4.2542, NLL: 4.2542, Coverage: 0.0000
  Batch 1430/4162, Loss: 4.3891, NLL: 4.3891, Coverage: 0.0000
  Batch 1440/4162, Loss: 4.1236, NLL: 4.1236, Coverage: 0.0000
  Batch 1450/4162, Loss: 3.8755, NLL: 3.8755, Coverage: 0.0000
  Batch 1460/4162, Loss: 4.2087, NLL: 4.2087, Coverage: 0.0000
  Batch 1470/4162, Loss: 3.8668, NLL: 3.8668, Coverage: 0.0000
  Batch 1480/4162, Loss: 3.8487, NLL: 3.8487, Coverage: 0.0000
  Batch 1490/4162, Loss: 3.9125, NLL: 3.9125, Coverage: 0.0000
  Batch 1500/4162, Loss: 3.8730, NLL: 3.8730, Coverage: 0.0000
  Batch 1510/4162, Loss: 3.9795, NLL: 3.9795, Coverage: 0.0000
  Batch 1520/4162, Loss: 4.4246, NLL: 4.4246, Coverage: 0.0000
  Batch 1530/4162, Loss: 4.3657, NLL: 4.3657, Coverage: 0.0000
  Batch 1540/4162, Loss: 4.2140, NLL: 4.2140, Coverage: 0.0000
  Batch 1550/4162, Loss: 3.9525, NLL: 3.9525, Coverage: 0.0000
  Batch 1560/4162, Loss: 4.0188, NLL: 4.0188, Coverage: 0.0000
  Batch 1570/4162, Loss: 4.2155, NLL: 4.2155, Coverage: 0.0000
  Batch 1580/4162, Loss: 4.1160, NLL: 4.1160, Coverage: 0.0000
  Batch 1590/4162, Loss: 4.7400, NLL: 4.7400, Coverage: 0.0000
  Batch 1600/4162, Loss: 4.3808, NLL: 4.3808, Coverage: 0.0000
  Batch 1610/4162, Loss: 4.1513, NLL: 4.1513, Coverage: 0.0000
  Batch 1620/4162, Loss: 4.0646, NLL: 4.0646, Coverage: 0.0000
  Batch 1630/4162, Loss: 3.9327, NLL: 3.9327, Coverage: 0.0000
  Batch 1640/4162, Loss: 4.1160, NLL: 4.1160, Coverage: 0.0000
  Batch 1650/4162, Loss: 3.9469, NLL: 3.9469, Coverage: 0.0000
  Batch 1660/4162, Loss: 4.0293, NLL: 4.0293, Coverage: 0.0000
  Batch 1670/4162, Loss: 4.1173, NLL: 4.1173, Coverage: 0.0000
  Batch 1680/4162, Loss: 3.7145, NLL: 3.7145, Coverage: 0.0000
  Batch 1690/4162, Loss: 3.6943, NLL: 3.6943, Coverage: 0.0000
  Batch 1700/4162, Loss: 4.1515, NLL: 4.1515, Coverage: 0.0000
  Batch 1710/4162, Loss: 3.7210, NLL: 3.7210, Coverage: 0.0000
  Batch 1720/4162, Loss: 4.4360, NLL: 4.4360, Coverage: 0.0000
  Batch 1730/4162, Loss: 4.3272, NLL: 4.3272, Coverage: 0.0000
  Batch 1740/4162, Loss: 4.4860, NLL: 4.4860, Coverage: 0.0000
  Batch 1750/4162, Loss: 3.8079, NLL: 3.8079, Coverage: 0.0000
  Batch 1760/4162, Loss: 4.1603, NLL: 4.1603, Coverage: 0.0000
  Batch 1770/4162, Loss: 4.0907, NLL: 4.0907, Coverage: 0.0000
  Batch 1780/4162, Loss: 4.5164, NLL: 4.5164, Coverage: 0.0000
  Batch 1790/4162, Loss: 4.1211, NLL: 4.1211, Coverage: 0.0000
  Batch 1800/4162, Loss: 4.0050, NLL: 4.0050, Coverage: 0.0000
  Batch 1810/4162, Loss: 4.2693, NLL: 4.2693, Coverage: 0.0000
  Batch 1820/4162, Loss: 4.1816, NLL: 4.1816, Coverage: 0.0000
  Batch 1830/4162, Loss: 3.9065, NLL: 3.9065, Coverage: 0.0000
  Batch 1840/4162, Loss: 3.6299, NLL: 3.6299, Coverage: 0.0000
  Batch 1850/4162, Loss: 3.9497, NLL: 3.9497, Coverage: 0.0000
  Batch 1860/4162, Loss: 4.3840, NLL: 4.3840, Coverage: 0.0000
  Batch 1870/4162, Loss: 4.1454, NLL: 4.1454, Coverage: 0.0000
  Batch 1880/4162, Loss: 4.6367, NLL: 4.6367, Coverage: 0.0000
  Batch 1890/4162, Loss: 3.9865, NLL: 3.9865, Coverage: 0.0000
  Batch 1900/4162, Loss: 4.3297, NLL: 4.3297, Coverage: 0.0000
  Batch 1910/4162, Loss: 4.0941, NLL: 4.0941, Coverage: 0.0000
  Batch 1920/4162, Loss: 4.2230, NLL: 4.2230, Coverage: 0.0000
  Batch 1930/4162, Loss: 4.3609, NLL: 4.3609, Coverage: 0.0000
  Batch 1940/4162, Loss: 4.8244, NLL: 4.8244, Coverage: 0.0000
  Batch 1950/4162, Loss: 4.4926, NLL: 4.4926, Coverage: 0.0000
  Batch 1960/4162, Loss: 4.4393, NLL: 4.4393, Coverage: 0.0000
  Batch 1970/4162, Loss: 3.8152, NLL: 3.8152, Coverage: 0.0000
  Batch 1980/4162, Loss: 4.1583, NLL: 4.1583, Coverage: 0.0000
  Batch 1990/4162, Loss: 3.9644, NLL: 3.9644, Coverage: 0.0000
  Batch 2000/4162, Loss: 3.9003, NLL: 3.9003, Coverage: 0.0000
  Batch 2010/4162, Loss: 4.1325, NLL: 4.1325, Coverage: 0.0000
  Batch 2020/4162, Loss: 4.2292, NLL: 4.2292, Coverage: 0.0000
  Batch 2030/4162, Loss: 4.2250, NLL: 4.2250, Coverage: 0.0000
  Batch 2040/4162, Loss: 4.5306, NLL: 4.5306, Coverage: 0.0000
  Batch 2050/4162, Loss: 4.6568, NLL: 4.6568, Coverage: 0.0000
  Batch 2060/4162, Loss: 4.2091, NLL: 4.2091, Coverage: 0.0000
  Batch 2070/4162, Loss: 4.1807, NLL: 4.1807, Coverage: 0.0000
  Batch 2080/4162, Loss: 4.3867, NLL: 4.3867, Coverage: 0.0000
  Batch 2090/4162, Loss: 3.8614, NLL: 3.8614, Coverage: 0.0000
  Batch 2100/4162, Loss: 4.3827, NLL: 4.3827, Coverage: 0.0000
  Batch 2110/4162, Loss: 4.5834, NLL: 4.5834, Coverage: 0.0000
  Batch 2120/4162, Loss: 4.0707, NLL: 4.0707, Coverage: 0.0000
  Batch 2130/4162, Loss: 4.1108, NLL: 4.1108, Coverage: 0.0000
  Batch 2140/4162, Loss: 4.7967, NLL: 4.7967, Coverage: 0.0000
  Batch 2150/4162, Loss: 4.3533, NLL: 4.3533, Coverage: 0.0000
  Batch 2160/4162, Loss: 3.7805, NLL: 3.7805, Coverage: 0.0000
  Batch 2170/4162, Loss: 3.9567, NLL: 3.9567, Coverage: 0.0000
  Batch 2180/4162, Loss: 4.3457, NLL: 4.3457, Coverage: 0.0000
  Batch 2190/4162, Loss: 3.9310, NLL: 3.9310, Coverage: 0.0000
  Batch 2200/4162, Loss: 4.5368, NLL: 4.5368, Coverage: 0.0000
  Batch 2210/4162, Loss: 3.8083, NLL: 3.8083, Coverage: 0.0000
  Batch 2220/4162, Loss: 3.6105, NLL: 3.6105, Coverage: 0.0000
  Batch 2230/4162, Loss: 4.4093, NLL: 4.4093, Coverage: 0.0000
  Batch 2240/4162, Loss: 4.3893, NLL: 4.3893, Coverage: 0.0000
  Batch 2250/4162, Loss: 3.9396, NLL: 3.9396, Coverage: 0.0000
  Batch 2260/4162, Loss: 4.0151, NLL: 4.0151, Coverage: 0.0000
  Batch 2270/4162, Loss: 4.0254, NLL: 4.0254, Coverage: 0.0000
  Batch 2280/4162, Loss: 4.3962, NLL: 4.3962, Coverage: 0.0000
  Batch 2290/4162, Loss: 3.9365, NLL: 3.9365, Coverage: 0.0000
  Batch 2300/4162, Loss: 3.7697, NLL: 3.7697, Coverage: 0.0000
  Batch 2310/4162, Loss: 4.1524, NLL: 4.1524, Coverage: 0.0000
  Batch 2320/4162, Loss: 3.9173, NLL: 3.9173, Coverage: 0.0000
  Batch 2330/4162, Loss: 4.1651, NLL: 4.1651, Coverage: 0.0000
  Batch 2340/4162, Loss: 4.2542, NLL: 4.2542, Coverage: 0.0000
  Batch 2350/4162, Loss: 3.9118, NLL: 3.9118, Coverage: 0.0000
  Batch 2360/4162, Loss: 4.1259, NLL: 4.1259, Coverage: 0.0000
  Batch 2370/4162, Loss: 3.8231, NLL: 3.8231, Coverage: 0.0000
  Batch 2380/4162, Loss: 4.1994, NLL: 4.1994, Coverage: 0.0000
  Batch 2390/4162, Loss: 4.7837, NLL: 4.7837, Coverage: 0.0000
  Batch 2400/4162, Loss: 4.2497, NLL: 4.2497, Coverage: 0.0000
  Batch 2410/4162, Loss: 3.6734, NLL: 3.6734, Coverage: 0.0000
  Batch 2420/4162, Loss: 4.3225, NLL: 4.3225, Coverage: 0.0000
  Batch 2430/4162, Loss: 4.3915, NLL: 4.3915, Coverage: 0.0000
  Batch 2440/4162, Loss: 4.3505, NLL: 4.3505, Coverage: 0.0000
  Batch 2450/4162, Loss: 4.5066, NLL: 4.5066, Coverage: 0.0000
  Batch 2460/4162, Loss: 4.1085, NLL: 4.1085, Coverage: 0.0000
  Batch 2470/4162, Loss: 4.3084, NLL: 4.3084, Coverage: 0.0000
  Batch 2480/4162, Loss: 4.0375, NLL: 4.0375, Coverage: 0.0000
  Batch 2490/4162, Loss: 3.9176, NLL: 3.9176, Coverage: 0.0000
  Batch 2500/4162, Loss: 4.1631, NLL: 4.1631, Coverage: 0.0000
  Batch 2510/4162, Loss: 4.2938, NLL: 4.2938, Coverage: 0.0000
  Batch 2520/4162, Loss: 4.0017, NLL: 4.0017, Coverage: 0.0000
  Batch 2530/4162, Loss: 3.5775, NLL: 3.5775, Coverage: 0.0000
  Batch 2540/4162, Loss: 4.3570, NLL: 4.3570, Coverage: 0.0000
  Batch 2550/4162, Loss: 4.6062, NLL: 4.6062, Coverage: 0.0000
  Batch 2560/4162, Loss: 4.1721, NLL: 4.1721, Coverage: 0.0000
  Batch 2570/4162, Loss: 4.1207, NLL: 4.1207, Coverage: 0.0000
  Batch 2580/4162, Loss: 4.2591, NLL: 4.2591, Coverage: 0.0000
  Batch 2590/4162, Loss: 4.0598, NLL: 4.0598, Coverage: 0.0000
  Batch 2600/4162, Loss: 4.2252, NLL: 4.2252, Coverage: 0.0000
  Batch 2610/4162, Loss: 3.7729, NLL: 3.7729, Coverage: 0.0000
  Batch 2620/4162, Loss: 4.1567, NLL: 4.1567, Coverage: 0.0000
  Batch 2630/4162, Loss: 4.4287, NLL: 4.4287, Coverage: 0.0000
  Batch 2640/4162, Loss: 3.7872, NLL: 3.7872, Coverage: 0.0000
  Batch 2650/4162, Loss: 4.0313, NLL: 4.0313, Coverage: 0.0000
  Batch 2660/4162, Loss: 4.1933, NLL: 4.1933, Coverage: 0.0000
  Batch 2670/4162, Loss: 3.9374, NLL: 3.9374, Coverage: 0.0000
  Batch 2680/4162, Loss: 3.3788, NLL: 3.3788, Coverage: 0.0000
  Batch 2690/4162, Loss: 3.9980, NLL: 3.9980, Coverage: 0.0000
  Batch 2700/4162, Loss: 3.7894, NLL: 3.7894, Coverage: 0.0000
  Batch 2710/4162, Loss: 4.1123, NLL: 4.1123, Coverage: 0.0000
  Batch 2720/4162, Loss: 4.3817, NLL: 4.3817, Coverage: 0.0000
  Batch 2730/4162, Loss: 4.5866, NLL: 4.5866, Coverage: 0.0000
  Batch 2740/4162, Loss: 4.1941, NLL: 4.1941, Coverage: 0.0000
  Batch 2750/4162, Loss: 3.7191, NLL: 3.7191, Coverage: 0.0000
  Batch 2760/4162, Loss: 4.0856, NLL: 4.0856, Coverage: 0.0000
  Batch 2770/4162, Loss: 4.1445, NLL: 4.1445, Coverage: 0.0000
  Batch 2780/4162, Loss: 4.1063, NLL: 4.1063, Coverage: 0.0000
  Batch 2790/4162, Loss: 3.9415, NLL: 3.9415, Coverage: 0.0000
  Batch 2800/4162, Loss: 4.2758, NLL: 4.2758, Coverage: 0.0000
  Batch 2810/4162, Loss: 4.4343, NLL: 4.4343, Coverage: 0.0000
  Batch 2820/4162, Loss: 4.1067, NLL: 4.1067, Coverage: 0.0000
  Batch 2830/4162, Loss: 4.2301, NLL: 4.2301, Coverage: 0.0000
  Batch 2840/4162, Loss: 3.8134, NLL: 3.8134, Coverage: 0.0000
  Batch 2850/4162, Loss: 3.6474, NLL: 3.6474, Coverage: 0.0000
  Batch 2860/4162, Loss: 4.2550, NLL: 4.2550, Coverage: 0.0000
  Batch 2870/4162, Loss: 4.3338, NLL: 4.3338, Coverage: 0.0000
  Batch 2880/4162, Loss: 4.6200, NLL: 4.6200, Coverage: 0.0000
  Batch 2890/4162, Loss: 3.4087, NLL: 3.4087, Coverage: 0.0000
  Batch 2900/4162, Loss: 3.8930, NLL: 3.8930, Coverage: 0.0000
  Batch 2910/4162, Loss: 4.5091, NLL: 4.5091, Coverage: 0.0000
  Batch 2920/4162, Loss: 4.4177, NLL: 4.4177, Coverage: 0.0000
  Batch 2930/4162, Loss: 3.6350, NLL: 3.6350, Coverage: 0.0000
  Batch 2940/4162, Loss: 4.2288, NLL: 4.2288, Coverage: 0.0000
  Batch 2950/4162, Loss: 3.9663, NLL: 3.9663, Coverage: 0.0000
  Batch 2960/4162, Loss: 3.9589, NLL: 3.9589, Coverage: 0.0000
  Batch 2970/4162, Loss: 4.2622, NLL: 4.2622, Coverage: 0.0000
  Batch 2980/4162, Loss: 4.5732, NLL: 4.5732, Coverage: 0.0000
  Batch 2990/4162, Loss: 4.0829, NLL: 4.0829, Coverage: 0.0000
  Batch 3000/4162, Loss: 3.8775, NLL: 3.8775, Coverage: 0.0000
  Batch 3010/4162, Loss: 4.2257, NLL: 4.2257, Coverage: 0.0000
  Batch 3020/4162, Loss: 4.0058, NLL: 4.0058, Coverage: 0.0000
  Batch 3030/4162, Loss: 4.2329, NLL: 4.2329, Coverage: 0.0000
  Batch 3040/4162, Loss: 4.5568, NLL: 4.5568, Coverage: 0.0000
  Batch 3050/4162, Loss: 4.3250, NLL: 4.3250, Coverage: 0.0000
  Batch 3060/4162, Loss: 4.2230, NLL: 4.2230, Coverage: 0.0000
  Batch 3070/4162, Loss: 4.0124, NLL: 4.0124, Coverage: 0.0000
  Batch 3080/4162, Loss: 4.2861, NLL: 4.2861, Coverage: 0.0000
  Batch 3090/4162, Loss: 3.6294, NLL: 3.6294, Coverage: 0.0000
  Batch 3100/4162, Loss: 3.8687, NLL: 3.8687, Coverage: 0.0000
  Batch 3110/4162, Loss: 3.9235, NLL: 3.9235, Coverage: 0.0000
  Batch 3120/4162, Loss: 3.7770, NLL: 3.7770, Coverage: 0.0000
  Batch 3130/4162, Loss: 4.2124, NLL: 4.2124, Coverage: 0.0000
  Batch 3140/4162, Loss: 4.2222, NLL: 4.2222, Coverage: 0.0000
  Batch 3150/4162, Loss: 4.3647, NLL: 4.3647, Coverage: 0.0000
  Batch 3160/4162, Loss: 4.4364, NLL: 4.4364, Coverage: 0.0000
  Batch 3170/4162, Loss: 3.5347, NLL: 3.5347, Coverage: 0.0000
  Batch 3180/4162, Loss: 4.1184, NLL: 4.1184, Coverage: 0.0000
  Batch 3190/4162, Loss: 4.6717, NLL: 4.6717, Coverage: 0.0000
  Batch 3200/4162, Loss: 4.4945, NLL: 4.4945, Coverage: 0.0000
  Batch 3210/4162, Loss: 4.3343, NLL: 4.3343, Coverage: 0.0000
  Batch 3220/4162, Loss: 3.9536, NLL: 3.9536, Coverage: 0.0000
  Batch 3230/4162, Loss: 4.7654, NLL: 4.7654, Coverage: 0.0000
  Batch 3240/4162, Loss: 4.2317, NLL: 4.2317, Coverage: 0.0000
  Batch 3250/4162, Loss: 4.1652, NLL: 4.1652, Coverage: 0.0000
  Batch 3260/4162, Loss: 4.3268, NLL: 4.3268, Coverage: 0.0000
  Batch 3270/4162, Loss: 4.2379, NLL: 4.2379, Coverage: 0.0000
  Batch 3280/4162, Loss: 3.9584, NLL: 3.9584, Coverage: 0.0000
  Batch 3290/4162, Loss: 4.2309, NLL: 4.2309, Coverage: 0.0000
  Batch 3300/4162, Loss: 3.7863, NLL: 3.7863, Coverage: 0.0000
  Batch 3310/4162, Loss: 3.7767, NLL: 3.7767, Coverage: 0.0000
  Batch 3320/4162, Loss: 4.2573, NLL: 4.2573, Coverage: 0.0000
  Batch 3330/4162, Loss: 4.3190, NLL: 4.3190, Coverage: 0.0000
  Batch 3340/4162, Loss: 3.8476, NLL: 3.8476, Coverage: 0.0000
  Batch 3350/4162, Loss: 4.6580, NLL: 4.6580, Coverage: 0.0000
  Batch 3360/4162, Loss: 4.2319, NLL: 4.2319, Coverage: 0.0000
  Batch 3370/4162, Loss: 3.6996, NLL: 3.6996, Coverage: 0.0000
  Batch 3380/4162, Loss: 4.4470, NLL: 4.4470, Coverage: 0.0000
  Batch 3390/4162, Loss: 4.1357, NLL: 4.1357, Coverage: 0.0000
  Batch 3400/4162, Loss: 4.4990, NLL: 4.4990, Coverage: 0.0000
  Batch 3410/4162, Loss: 4.3675, NLL: 4.3675, Coverage: 0.0000
  Batch 3420/4162, Loss: 4.1371, NLL: 4.1371, Coverage: 0.0000
  Batch 3430/4162, Loss: 3.8695, NLL: 3.8695, Coverage: 0.0000
  Batch 3440/4162, Loss: 4.1740, NLL: 4.1740, Coverage: 0.0000
  Batch 3450/4162, Loss: 4.3100, NLL: 4.3100, Coverage: 0.0000
  Batch 3460/4162, Loss: 3.9924, NLL: 3.9924, Coverage: 0.0000
  Batch 3470/4162, Loss: 4.8047, NLL: 4.8047, Coverage: 0.0000
  Batch 3480/4162, Loss: 4.2991, NLL: 4.2991, Coverage: 0.0000
  Batch 3490/4162, Loss: 4.1988, NLL: 4.1988, Coverage: 0.0000
  Batch 3500/4162, Loss: 4.2739, NLL: 4.2739, Coverage: 0.0000
  Batch 3510/4162, Loss: 4.6337, NLL: 4.6337, Coverage: 0.0000
  Batch 3520/4162, Loss: 4.6124, NLL: 4.6124, Coverage: 0.0000
  Batch 3530/4162, Loss: 4.1221, NLL: 4.1221, Coverage: 0.0000
  Batch 3540/4162, Loss: 4.2227, NLL: 4.2227, Coverage: 0.0000
  Batch 3550/4162, Loss: 4.0229, NLL: 4.0229, Coverage: 0.0000
  Batch 3560/4162, Loss: 4.2552, NLL: 4.2552, Coverage: 0.0000
  Batch 3570/4162, Loss: 4.0661, NLL: 4.0661, Coverage: 0.0000
  Batch 3580/4162, Loss: 4.1432, NLL: 4.1432, Coverage: 0.0000
  Batch 3590/4162, Loss: 4.0454, NLL: 4.0454, Coverage: 0.0000
  Batch 3600/4162, Loss: 4.4044, NLL: 4.4044, Coverage: 0.0000
  Batch 3610/4162, Loss: 4.4955, NLL: 4.4955, Coverage: 0.0000
  Batch 3620/4162, Loss: 4.4219, NLL: 4.4219, Coverage: 0.0000
  Batch 3630/4162, Loss: 4.5184, NLL: 4.5184, Coverage: 0.0000
  Batch 3640/4162, Loss: 4.0334, NLL: 4.0334, Coverage: 0.0000
  Batch 3650/4162, Loss: 4.1351, NLL: 4.1351, Coverage: 0.0000
  Batch 3660/4162, Loss: 4.1383, NLL: 4.1383, Coverage: 0.0000
  Batch 3670/4162, Loss: 4.0313, NLL: 4.0313, Coverage: 0.0000
  Batch 3680/4162, Loss: 4.4544, NLL: 4.4544, Coverage: 0.0000
  Batch 3690/4162, Loss: 4.1685, NLL: 4.1685, Coverage: 0.0000
  Batch 3700/4162, Loss: 4.2451, NLL: 4.2451, Coverage: 0.0000
  Batch 3710/4162, Loss: 4.5979, NLL: 4.5979, Coverage: 0.0000
  Batch 3720/4162, Loss: 3.8141, NLL: 3.8141, Coverage: 0.0000
  Batch 3730/4162, Loss: 4.3260, NLL: 4.3260, Coverage: 0.0000
  Batch 3740/4162, Loss: 4.3929, NLL: 4.3929, Coverage: 0.0000
  Batch 3750/4162, Loss: 4.0574, NLL: 4.0574, Coverage: 0.0000
  Batch 3760/4162, Loss: 4.2495, NLL: 4.2495, Coverage: 0.0000
  Batch 3770/4162, Loss: 4.3957, NLL: 4.3957, Coverage: 0.0000
  Batch 3780/4162, Loss: 4.1472, NLL: 4.1472, Coverage: 0.0000
  Batch 3790/4162, Loss: 4.2851, NLL: 4.2851, Coverage: 0.0000
  Batch 3800/4162, Loss: 4.5256, NLL: 4.5256, Coverage: 0.0000
  Batch 3810/4162, Loss: 3.8924, NLL: 3.8924, Coverage: 0.0000
  Batch 3820/4162, Loss: 4.3539, NLL: 4.3539, Coverage: 0.0000
  Batch 3830/4162, Loss: 4.4731, NLL: 4.4731, Coverage: 0.0000
  Batch 3840/4162, Loss: 4.2376, NLL: 4.2376, Coverage: 0.0000
  Batch 3850/4162, Loss: 3.5973, NLL: 3.5973, Coverage: 0.0000
  Batch 3860/4162, Loss: 4.1816, NLL: 4.1816, Coverage: 0.0000
  Batch 3870/4162, Loss: 3.8168, NLL: 3.8168, Coverage: 0.0000
  Batch 3880/4162, Loss: 4.2673, NLL: 4.2673, Coverage: 0.0000
  Batch 3890/4162, Loss: 4.5289, NLL: 4.5289, Coverage: 0.0000
  Batch 3900/4162, Loss: 3.9577, NLL: 3.9577, Coverage: 0.0000
  Batch 3910/4162, Loss: 4.2532, NLL: 4.2532, Coverage: 0.0000
  Batch 3920/4162, Loss: 4.1209, NLL: 4.1209, Coverage: 0.0000
  Batch 3930/4162, Loss: 4.2860, NLL: 4.2860, Coverage: 0.0000
  Batch 3940/4162, Loss: 4.3961, NLL: 4.3961, Coverage: 0.0000
  Batch 3950/4162, Loss: 4.5378, NLL: 4.5378, Coverage: 0.0000
  Batch 3960/4162, Loss: 4.3309, NLL: 4.3309, Coverage: 0.0000
  Batch 3970/4162, Loss: 4.5938, NLL: 4.5938, Coverage: 0.0000
  Batch 3980/4162, Loss: 4.0085, NLL: 4.0085, Coverage: 0.0000
  Batch 3990/4162, Loss: 4.0028, NLL: 4.0028, Coverage: 0.0000
  Batch 4000/4162, Loss: 3.9781, NLL: 3.9781, Coverage: 0.0000
  Batch 4010/4162, Loss: 4.4192, NLL: 4.4192, Coverage: 0.0000
  Batch 4020/4162, Loss: 4.0852, NLL: 4.0852, Coverage: 0.0000
  Batch 4030/4162, Loss: 3.9792, NLL: 3.9792, Coverage: 0.0000
  Batch 4040/4162, Loss: 4.4499, NLL: 4.4499, Coverage: 0.0000
  Batch 4050/4162, Loss: 4.4325, NLL: 4.4325, Coverage: 0.0000
  Batch 4060/4162, Loss: 4.3335, NLL: 4.3335, Coverage: 0.0000
  Batch 4070/4162, Loss: 4.1453, NLL: 4.1453, Coverage: 0.0000
  Batch 4080/4162, Loss: 4.0754, NLL: 4.0754, Coverage: 0.0000
  Batch 4090/4162, Loss: 4.3025, NLL: 4.3025, Coverage: 0.0000
  Batch 4100/4162, Loss: 4.2139, NLL: 4.2139, Coverage: 0.0000
  Batch 4110/4162, Loss: 4.2899, NLL: 4.2899, Coverage: 0.0000
  Batch 4120/4162, Loss: 4.1233, NLL: 4.1233, Coverage: 0.0000
  Batch 4130/4162, Loss: 4.1429, NLL: 4.1429, Coverage: 0.0000
  Batch 4140/4162, Loss: 3.9859, NLL: 3.9859, Coverage: 0.0000
  Batch 4150/4162, Loss: 4.5143, NLL: 4.5143, Coverage: 0.0000
  Batch 4160/4162, Loss: 3.8243, NLL: 3.8243, Coverage: 0.0000

  Train Loss: 4.1703 (NLL: 4.1703, Coverage: 0.0000)
  Val Loss: 6.4073 (NLL: 6.4073, Coverage: 0.0000)
  Time: 28m 1s

Epoch 9/20
----------------------------------------
  Batch 10/4162, Loss: 3.7260, NLL: 3.7260, Coverage: 0.0000
  Batch 20/4162, Loss: 4.4392, NLL: 4.4392, Coverage: 0.0000
  Batch 30/4162, Loss: 4.0202, NLL: 4.0202, Coverage: 0.0000
  Batch 40/4162, Loss: 4.3444, NLL: 4.3444, Coverage: 0.0000
  Batch 50/4162, Loss: 3.9063, NLL: 3.9063, Coverage: 0.0000
  Batch 60/4162, Loss: 3.8381, NLL: 3.8381, Coverage: 0.0000
  Batch 70/4162, Loss: 4.1018, NLL: 4.1018, Coverage: 0.0000
  Batch 80/4162, Loss: 4.1484, NLL: 4.1484, Coverage: 0.0000
  Batch 90/4162, Loss: 4.2083, NLL: 4.2083, Coverage: 0.0000
  Batch 100/4162, Loss: 3.7321, NLL: 3.7321, Coverage: 0.0000
  Batch 110/4162, Loss: 4.2060, NLL: 4.2060, Coverage: 0.0000
  Batch 120/4162, Loss: 3.8919, NLL: 3.8919, Coverage: 0.0000
  Batch 130/4162, Loss: 3.9590, NLL: 3.9590, Coverage: 0.0000
  Batch 140/4162, Loss: 3.9372, NLL: 3.9372, Coverage: 0.0000
  Batch 150/4162, Loss: 3.9919, NLL: 3.9919, Coverage: 0.0000
  Batch 160/4162, Loss: 3.8533, NLL: 3.8533, Coverage: 0.0000
  Batch 170/4162, Loss: 4.1148, NLL: 4.1148, Coverage: 0.0000
  Batch 180/4162, Loss: 3.9280, NLL: 3.9280, Coverage: 0.0000
  Batch 190/4162, Loss: 4.1711, NLL: 4.1711, Coverage: 0.0000
  Batch 200/4162, Loss: 4.2808, NLL: 4.2808, Coverage: 0.0000
  Batch 210/4162, Loss: 4.3312, NLL: 4.3312, Coverage: 0.0000
  Batch 220/4162, Loss: 4.0683, NLL: 4.0683, Coverage: 0.0000
  Batch 230/4162, Loss: 3.9525, NLL: 3.9525, Coverage: 0.0000
  Batch 240/4162, Loss: 3.8599, NLL: 3.8599, Coverage: 0.0000
  Batch 250/4162, Loss: 4.0933, NLL: 4.0933, Coverage: 0.0000
  Batch 260/4162, Loss: 3.6724, NLL: 3.6724, Coverage: 0.0000
  Batch 270/4162, Loss: 4.1855, NLL: 4.1855, Coverage: 0.0000
  Batch 280/4162, Loss: 4.3276, NLL: 4.3276, Coverage: 0.0000
  Batch 290/4162, Loss: 3.6733, NLL: 3.6733, Coverage: 0.0000
  Batch 300/4162, Loss: 4.3428, NLL: 4.3428, Coverage: 0.0000
  Batch 310/4162, Loss: 4.6251, NLL: 4.6251, Coverage: 0.0000
  Batch 320/4162, Loss: 4.2005, NLL: 4.2005, Coverage: 0.0000
  Batch 330/4162, Loss: 4.1905, NLL: 4.1905, Coverage: 0.0000
  Batch 340/4162, Loss: 3.9083, NLL: 3.9083, Coverage: 0.0000
  Batch 350/4162, Loss: 4.3847, NLL: 4.3847, Coverage: 0.0000
  Batch 360/4162, Loss: 3.9970, NLL: 3.9970, Coverage: 0.0000
  Batch 370/4162, Loss: 4.0963, NLL: 4.0963, Coverage: 0.0000
  Batch 380/4162, Loss: 4.3868, NLL: 4.3868, Coverage: 0.0000
  Batch 390/4162, Loss: 3.9740, NLL: 3.9740, Coverage: 0.0000
  Batch 400/4162, Loss: 4.4251, NLL: 4.4251, Coverage: 0.0000
  Batch 410/4162, Loss: 4.4535, NLL: 4.4535, Coverage: 0.0000
  Batch 420/4162, Loss: 4.4212, NLL: 4.4212, Coverage: 0.0000
  Batch 430/4162, Loss: 4.1330, NLL: 4.1330, Coverage: 0.0000
  Batch 440/4162, Loss: 3.9854, NLL: 3.9854, Coverage: 0.0000
  Batch 450/4162, Loss: 4.5064, NLL: 4.5064, Coverage: 0.0000
  Batch 460/4162, Loss: 3.9793, NLL: 3.9793, Coverage: 0.0000
  Batch 470/4162, Loss: 4.4059, NLL: 4.4059, Coverage: 0.0000
  Batch 480/4162, Loss: 4.3884, NLL: 4.3884, Coverage: 0.0000
  Batch 490/4162, Loss: 4.3280, NLL: 4.3280, Coverage: 0.0000
  Batch 500/4162, Loss: 3.8024, NLL: 3.8024, Coverage: 0.0000
  Batch 510/4162, Loss: 3.9868, NLL: 3.9868, Coverage: 0.0000
  Batch 520/4162, Loss: 4.2939, NLL: 4.2939, Coverage: 0.0000
  Batch 530/4162, Loss: 3.3133, NLL: 3.3133, Coverage: 0.0000
  Batch 540/4162, Loss: 3.8479, NLL: 3.8479, Coverage: 0.0000
  Batch 550/4162, Loss: 3.9065, NLL: 3.9065, Coverage: 0.0000
  Batch 560/4162, Loss: 4.2406, NLL: 4.2406, Coverage: 0.0000
  Batch 570/4162, Loss: 4.0420, NLL: 4.0420, Coverage: 0.0000
  Batch 580/4162, Loss: 3.8057, NLL: 3.8057, Coverage: 0.0000
  Batch 590/4162, Loss: 3.8221, NLL: 3.8221, Coverage: 0.0000
  Batch 600/4162, Loss: 4.2199, NLL: 4.2199, Coverage: 0.0000
  Batch 610/4162, Loss: 3.9674, NLL: 3.9674, Coverage: 0.0000
  Batch 620/4162, Loss: 3.7399, NLL: 3.7399, Coverage: 0.0000
  Batch 630/4162, Loss: 3.9116, NLL: 3.9116, Coverage: 0.0000
  Batch 640/4162, Loss: 3.8367, NLL: 3.8367, Coverage: 0.0000
  Batch 650/4162, Loss: 3.7640, NLL: 3.7640, Coverage: 0.0000
  Batch 660/4162, Loss: 4.1331, NLL: 4.1331, Coverage: 0.0000
  Batch 670/4162, Loss: 4.0470, NLL: 4.0470, Coverage: 0.0000
  Batch 680/4162, Loss: 4.0509, NLL: 4.0509, Coverage: 0.0000
  Batch 690/4162, Loss: 4.0396, NLL: 4.0396, Coverage: 0.0000
  Batch 700/4162, Loss: 4.6960, NLL: 4.6960, Coverage: 0.0000
  Batch 710/4162, Loss: 4.0096, NLL: 4.0096, Coverage: 0.0000
  Batch 720/4162, Loss: 4.2573, NLL: 4.2573, Coverage: 0.0000
  Batch 730/4162, Loss: 4.1301, NLL: 4.1301, Coverage: 0.0000
  Batch 740/4162, Loss: 4.5539, NLL: 4.5539, Coverage: 0.0000
  Batch 750/4162, Loss: 4.1968, NLL: 4.1968, Coverage: 0.0000
  Batch 760/4162, Loss: 3.7019, NLL: 3.7019, Coverage: 0.0000
  Batch 770/4162, Loss: 4.1387, NLL: 4.1387, Coverage: 0.0000
  Batch 780/4162, Loss: 3.7651, NLL: 3.7651, Coverage: 0.0000
  Batch 790/4162, Loss: 4.4899, NLL: 4.4899, Coverage: 0.0000
  Batch 800/4162, Loss: 3.9773, NLL: 3.9773, Coverage: 0.0000
  Batch 810/4162, Loss: 3.6487, NLL: 3.6487, Coverage: 0.0000
  Batch 820/4162, Loss: 4.0983, NLL: 4.0983, Coverage: 0.0000
  Batch 830/4162, Loss: 4.3948, NLL: 4.3948, Coverage: 0.0000
  Batch 840/4162, Loss: 4.4215, NLL: 4.4215, Coverage: 0.0000
  Batch 850/4162, Loss: 4.2321, NLL: 4.2321, Coverage: 0.0000
  Batch 860/4162, Loss: 4.1868, NLL: 4.1868, Coverage: 0.0000
  Batch 870/4162, Loss: 4.2614, NLL: 4.2614, Coverage: 0.0000
  Batch 880/4162, Loss: 4.6216, NLL: 4.6216, Coverage: 0.0000
  Batch 890/4162, Loss: 4.0583, NLL: 4.0583, Coverage: 0.0000
  Batch 900/4162, Loss: 4.7596, NLL: 4.7596, Coverage: 0.0000
  Batch 910/4162, Loss: 3.7154, NLL: 3.7154, Coverage: 0.0000
  Batch 920/4162, Loss: 3.7542, NLL: 3.7542, Coverage: 0.0000
  Batch 930/4162, Loss: 4.2996, NLL: 4.2996, Coverage: 0.0000
  Batch 940/4162, Loss: 3.9808, NLL: 3.9808, Coverage: 0.0000
  Batch 950/4162, Loss: 4.2549, NLL: 4.2549, Coverage: 0.0000
  Batch 960/4162, Loss: 3.8515, NLL: 3.8515, Coverage: 0.0000
  Batch 970/4162, Loss: 4.1773, NLL: 4.1773, Coverage: 0.0000
  Batch 980/4162, Loss: 4.0251, NLL: 4.0251, Coverage: 0.0000
  Batch 990/4162, Loss: 4.1111, NLL: 4.1111, Coverage: 0.0000
  Batch 1000/4162, Loss: 4.1536, NLL: 4.1536, Coverage: 0.0000
  Batch 1010/4162, Loss: 3.6990, NLL: 3.6990, Coverage: 0.0000
  Batch 1020/4162, Loss: 3.7352, NLL: 3.7352, Coverage: 0.0000
  Batch 1030/4162, Loss: 4.0658, NLL: 4.0658, Coverage: 0.0000
  Batch 1040/4162, Loss: 4.3761, NLL: 4.3761, Coverage: 0.0000
  Batch 1050/4162, Loss: 3.7758, NLL: 3.7758, Coverage: 0.0000
  Batch 1060/4162, Loss: 3.3498, NLL: 3.3498, Coverage: 0.0000
  Batch 1070/4162, Loss: 3.9237, NLL: 3.9237, Coverage: 0.0000
  Batch 1080/4162, Loss: 3.8058, NLL: 3.8058, Coverage: 0.0000
  Batch 1090/4162, Loss: 4.2854, NLL: 4.2854, Coverage: 0.0000
  Batch 1100/4162, Loss: 4.2733, NLL: 4.2733, Coverage: 0.0000
  Batch 1110/4162, Loss: 3.9667, NLL: 3.9667, Coverage: 0.0000
  Batch 1120/4162, Loss: 3.9777, NLL: 3.9777, Coverage: 0.0000
  Batch 1130/4162, Loss: 4.1214, NLL: 4.1214, Coverage: 0.0000
  Batch 1140/4162, Loss: 4.2129, NLL: 4.2129, Coverage: 0.0000
  Batch 1150/4162, Loss: 4.3885, NLL: 4.3885, Coverage: 0.0000
  Batch 1160/4162, Loss: 4.4651, NLL: 4.4651, Coverage: 0.0000
  Batch 1170/4162, Loss: 4.4442, NLL: 4.4442, Coverage: 0.0000
  Batch 1180/4162, Loss: 3.5834, NLL: 3.5834, Coverage: 0.0000
  Batch 1190/4162, Loss: 3.9811, NLL: 3.9811, Coverage: 0.0000
  Batch 1200/4162, Loss: 4.0792, NLL: 4.0792, Coverage: 0.0000
  Batch 1210/4162, Loss: 4.1473, NLL: 4.1473, Coverage: 0.0000
  Batch 1220/4162, Loss: 4.5265, NLL: 4.5265, Coverage: 0.0000
  Batch 1230/4162, Loss: 4.2709, NLL: 4.2709, Coverage: 0.0000
  Batch 1240/4162, Loss: 4.0889, NLL: 4.0889, Coverage: 0.0000
  Batch 1250/4162, Loss: 4.2056, NLL: 4.2056, Coverage: 0.0000
  Batch 1260/4162, Loss: 3.9065, NLL: 3.9065, Coverage: 0.0000
  Batch 1270/4162, Loss: 4.2743, NLL: 4.2743, Coverage: 0.0000
  Batch 1280/4162, Loss: 4.4518, NLL: 4.4518, Coverage: 0.0000
  Batch 1290/4162, Loss: 4.4988, NLL: 4.4988, Coverage: 0.0000
  Batch 1300/4162, Loss: 4.2658, NLL: 4.2658, Coverage: 0.0000
  Batch 1310/4162, Loss: 4.0439, NLL: 4.0439, Coverage: 0.0000
  Batch 1320/4162, Loss: 4.0793, NLL: 4.0793, Coverage: 0.0000
  Batch 1330/4162, Loss: 4.2230, NLL: 4.2230, Coverage: 0.0000
  Batch 1340/4162, Loss: 3.9517, NLL: 3.9517, Coverage: 0.0000
  Batch 1350/4162, Loss: 4.1086, NLL: 4.1086, Coverage: 0.0000
  Batch 1360/4162, Loss: 4.1204, NLL: 4.1204, Coverage: 0.0000
  Batch 1370/4162, Loss: 3.9605, NLL: 3.9605, Coverage: 0.0000
  Batch 1380/4162, Loss: 4.4190, NLL: 4.4190, Coverage: 0.0000
  Batch 1390/4162, Loss: 4.6764, NLL: 4.6764, Coverage: 0.0000
  Batch 1400/4162, Loss: 4.0981, NLL: 4.0981, Coverage: 0.0000
  Batch 1410/4162, Loss: 4.0744, NLL: 4.0744, Coverage: 0.0000
  Batch 1420/4162, Loss: 3.8369, NLL: 3.8369, Coverage: 0.0000
  Batch 1430/4162, Loss: 4.0254, NLL: 4.0254, Coverage: 0.0000
  Batch 1440/4162, Loss: 3.9720, NLL: 3.9720, Coverage: 0.0000
  Batch 1450/4162, Loss: 4.2517, NLL: 4.2517, Coverage: 0.0000
  Batch 1460/4162, Loss: 3.9738, NLL: 3.9738, Coverage: 0.0000
  Batch 1470/4162, Loss: 4.0438, NLL: 4.0438, Coverage: 0.0000
  Batch 1480/4162, Loss: 4.3079, NLL: 4.3079, Coverage: 0.0000
  Batch 1490/4162, Loss: 4.6397, NLL: 4.6397, Coverage: 0.0000
  Batch 1500/4162, Loss: 4.1449, NLL: 4.1449, Coverage: 0.0000
  Batch 1510/4162, Loss: 3.8015, NLL: 3.8015, Coverage: 0.0000
  Batch 1520/4162, Loss: 3.9653, NLL: 3.9653, Coverage: 0.0000
  Batch 1530/4162, Loss: 4.0293, NLL: 4.0293, Coverage: 0.0000
  Batch 1540/4162, Loss: 4.5795, NLL: 4.5795, Coverage: 0.0000
  Batch 1550/4162, Loss: 4.2023, NLL: 4.2023, Coverage: 0.0000
  Batch 1560/4162, Loss: 3.9905, NLL: 3.9905, Coverage: 0.0000
  Batch 1570/4162, Loss: 4.0998, NLL: 4.0998, Coverage: 0.0000
  Batch 1580/4162, Loss: 4.2549, NLL: 4.2549, Coverage: 0.0000
  Batch 1590/4162, Loss: 4.0595, NLL: 4.0595, Coverage: 0.0000
  Batch 1600/4162, Loss: 4.3707, NLL: 4.3707, Coverage: 0.0000
  Batch 1610/4162, Loss: 4.5035, NLL: 4.5035, Coverage: 0.0000
  Batch 1620/4162, Loss: 4.1552, NLL: 4.1552, Coverage: 0.0000
  Batch 1630/4162, Loss: 4.2376, NLL: 4.2376, Coverage: 0.0000
  Batch 1640/4162, Loss: 4.2226, NLL: 4.2226, Coverage: 0.0000
  Batch 1650/4162, Loss: 3.9407, NLL: 3.9407, Coverage: 0.0000
  Batch 1660/4162, Loss: 4.3832, NLL: 4.3832, Coverage: 0.0000
  Batch 1670/4162, Loss: 4.1914, NLL: 4.1914, Coverage: 0.0000
  Batch 1680/4162, Loss: 4.7264, NLL: 4.7264, Coverage: 0.0000
  Batch 1690/4162, Loss: 4.0440, NLL: 4.0440, Coverage: 0.0000
  Batch 1700/4162, Loss: 4.1495, NLL: 4.1495, Coverage: 0.0000
  Batch 1710/4162, Loss: 4.2072, NLL: 4.2072, Coverage: 0.0000
  Batch 1720/4162, Loss: 4.0924, NLL: 4.0924, Coverage: 0.0000
  Batch 1730/4162, Loss: 4.3765, NLL: 4.3765, Coverage: 0.0000
  Batch 1740/4162, Loss: 4.4893, NLL: 4.4893, Coverage: 0.0000
  Batch 1750/4162, Loss: 3.4509, NLL: 3.4509, Coverage: 0.0000
  Batch 1760/4162, Loss: 4.1200, NLL: 4.1200, Coverage: 0.0000
  Batch 1770/4162, Loss: 4.0414, NLL: 4.0414, Coverage: 0.0000
  Batch 1780/4162, Loss: 3.7205, NLL: 3.7205, Coverage: 0.0000
  Batch 1790/4162, Loss: 3.7985, NLL: 3.7985, Coverage: 0.0000
  Batch 1800/4162, Loss: 4.3788, NLL: 4.3788, Coverage: 0.0000
  Batch 1810/4162, Loss: 4.6434, NLL: 4.6434, Coverage: 0.0000
  Batch 1820/4162, Loss: 4.1203, NLL: 4.1203, Coverage: 0.0000
  Batch 1830/4162, Loss: 3.9327, NLL: 3.9327, Coverage: 0.0000
  Batch 1840/4162, Loss: 4.4594, NLL: 4.4594, Coverage: 0.0000
  Batch 1850/4162, Loss: 4.2564, NLL: 4.2564, Coverage: 0.0000
  Batch 1860/4162, Loss: 3.9559, NLL: 3.9559, Coverage: 0.0000
  Batch 1870/4162, Loss: 4.0926, NLL: 4.0926, Coverage: 0.0000
  Batch 1880/4162, Loss: 3.9217, NLL: 3.9217, Coverage: 0.0000
  Batch 1890/4162, Loss: 4.2484, NLL: 4.2484, Coverage: 0.0000
  Batch 1900/4162, Loss: 3.7011, NLL: 3.7011, Coverage: 0.0000
  Batch 1910/4162, Loss: 3.6998, NLL: 3.6998, Coverage: 0.0000
  Batch 1920/4162, Loss: 4.0520, NLL: 4.0520, Coverage: 0.0000
  Batch 1930/4162, Loss: 4.3121, NLL: 4.3121, Coverage: 0.0000
  Batch 1940/4162, Loss: 4.2997, NLL: 4.2997, Coverage: 0.0000
  Batch 1950/4162, Loss: 4.0891, NLL: 4.0891, Coverage: 0.0000
  Batch 1960/4162, Loss: 3.9329, NLL: 3.9329, Coverage: 0.0000
  Batch 1970/4162, Loss: 3.9590, NLL: 3.9590, Coverage: 0.0000
  Batch 1980/4162, Loss: 4.2286, NLL: 4.2286, Coverage: 0.0000
  Batch 1990/4162, Loss: 4.3765, NLL: 4.3765, Coverage: 0.0000
  Batch 2000/4162, Loss: 4.0595, NLL: 4.0595, Coverage: 0.0000
  Batch 2010/4162, Loss: 4.2820, NLL: 4.2820, Coverage: 0.0000
  Batch 2020/4162, Loss: 3.8091, NLL: 3.8091, Coverage: 0.0000
  Batch 2030/4162, Loss: 4.0573, NLL: 4.0573, Coverage: 0.0000
  Batch 2040/4162, Loss: 3.9991, NLL: 3.9991, Coverage: 0.0000
  Batch 2050/4162, Loss: 4.1665, NLL: 4.1665, Coverage: 0.0000
  Batch 2060/4162, Loss: 4.1828, NLL: 4.1828, Coverage: 0.0000
  Batch 2070/4162, Loss: 4.1011, NLL: 4.1011, Coverage: 0.0000
  Batch 2080/4162, Loss: 4.2875, NLL: 4.2875, Coverage: 0.0000
  Batch 2090/4162, Loss: 4.3517, NLL: 4.3517, Coverage: 0.0000
  Batch 2100/4162, Loss: 4.1634, NLL: 4.1634, Coverage: 0.0000
  Batch 2110/4162, Loss: 4.5380, NLL: 4.5380, Coverage: 0.0000
  Batch 2120/4162, Loss: 3.5229, NLL: 3.5229, Coverage: 0.0000
  Batch 2130/4162, Loss: 4.2073, NLL: 4.2073, Coverage: 0.0000
  Batch 2140/4162, Loss: 4.2865, NLL: 4.2865, Coverage: 0.0000
  Batch 2150/4162, Loss: 4.4912, NLL: 4.4912, Coverage: 0.0000
  Batch 2160/4162, Loss: 4.4795, NLL: 4.4795, Coverage: 0.0000
  Batch 2170/4162, Loss: 4.1950, NLL: 4.1950, Coverage: 0.0000
  Batch 2180/4162, Loss: 4.5182, NLL: 4.5182, Coverage: 0.0000
  Batch 2190/4162, Loss: 4.0347, NLL: 4.0347, Coverage: 0.0000
  Batch 2200/4162, Loss: 4.3015, NLL: 4.3015, Coverage: 0.0000
  Batch 2210/4162, Loss: 4.5909, NLL: 4.5909, Coverage: 0.0000
  Batch 2220/4162, Loss: 3.8643, NLL: 3.8643, Coverage: 0.0000
  Batch 2230/4162, Loss: 4.7855, NLL: 4.7855, Coverage: 0.0000
  Batch 2240/4162, Loss: 4.0625, NLL: 4.0625, Coverage: 0.0000
  Batch 2250/4162, Loss: 3.8249, NLL: 3.8249, Coverage: 0.0000
  Batch 2260/4162, Loss: 4.4537, NLL: 4.4537, Coverage: 0.0000
  Batch 2270/4162, Loss: 3.9388, NLL: 3.9388, Coverage: 0.0000
  Batch 2280/4162, Loss: 4.3966, NLL: 4.3966, Coverage: 0.0000
  Batch 2290/4162, Loss: 4.4638, NLL: 4.4638, Coverage: 0.0000
  Batch 2300/4162, Loss: 4.1836, NLL: 4.1836, Coverage: 0.0000
  Batch 2310/4162, Loss: 3.8756, NLL: 3.8756, Coverage: 0.0000
  Batch 2320/4162, Loss: 3.9577, NLL: 3.9577, Coverage: 0.0000
  Batch 2330/4162, Loss: 4.7484, NLL: 4.7484, Coverage: 0.0000
  Batch 2340/4162, Loss: 4.1408, NLL: 4.1408, Coverage: 0.0000
  Batch 2350/4162, Loss: 3.9292, NLL: 3.9292, Coverage: 0.0000
  Batch 2360/4162, Loss: 3.7934, NLL: 3.7934, Coverage: 0.0000
  Batch 2370/4162, Loss: 4.0069, NLL: 4.0069, Coverage: 0.0000
  Batch 2380/4162, Loss: 4.1094, NLL: 4.1094, Coverage: 0.0000
  Batch 2390/4162, Loss: 4.1162, NLL: 4.1162, Coverage: 0.0000
  Batch 2400/4162, Loss: 4.1803, NLL: 4.1803, Coverage: 0.0000
  Batch 2410/4162, Loss: 4.1580, NLL: 4.1580, Coverage: 0.0000
  Batch 2420/4162, Loss: 3.9043, NLL: 3.9043, Coverage: 0.0000
  Batch 2430/4162, Loss: 3.8390, NLL: 3.8390, Coverage: 0.0000
  Batch 2440/4162, Loss: 4.0570, NLL: 4.0570, Coverage: 0.0000
  Batch 2450/4162, Loss: 4.0735, NLL: 4.0735, Coverage: 0.0000
  Batch 2460/4162, Loss: 4.2053, NLL: 4.2053, Coverage: 0.0000
  Batch 2470/4162, Loss: 4.1790, NLL: 4.1790, Coverage: 0.0000
  Batch 2480/4162, Loss: 4.3671, NLL: 4.3671, Coverage: 0.0000
  Batch 2490/4162, Loss: 4.0421, NLL: 4.0421, Coverage: 0.0000
  Batch 2500/4162, Loss: 4.3545, NLL: 4.3545, Coverage: 0.0000
  Batch 2510/4162, Loss: 3.9699, NLL: 3.9699, Coverage: 0.0000
  Batch 2520/4162, Loss: 4.0940, NLL: 4.0940, Coverage: 0.0000
  Batch 2530/4162, Loss: 4.4884, NLL: 4.4884, Coverage: 0.0000
  Batch 2540/4162, Loss: 4.2887, NLL: 4.2887, Coverage: 0.0000
  Batch 2550/4162, Loss: 4.1461, NLL: 4.1461, Coverage: 0.0000
  Batch 2560/4162, Loss: 4.4717, NLL: 4.4717, Coverage: 0.0000
  Batch 2570/4162, Loss: 4.1115, NLL: 4.1115, Coverage: 0.0000
  Batch 2580/4162, Loss: 3.8797, NLL: 3.8797, Coverage: 0.0000
  Batch 2590/4162, Loss: 4.3918, NLL: 4.3918, Coverage: 0.0000
  Batch 2600/4162, Loss: 4.4831, NLL: 4.4831, Coverage: 0.0000
  Batch 2610/4162, Loss: 4.3997, NLL: 4.3997, Coverage: 0.0000
  Batch 2620/4162, Loss: 4.4966, NLL: 4.4966, Coverage: 0.0000
  Batch 2630/4162, Loss: 4.0833, NLL: 4.0833, Coverage: 0.0000
  Batch 2640/4162, Loss: 3.8718, NLL: 3.8718, Coverage: 0.0000
  Batch 2650/4162, Loss: 4.0747, NLL: 4.0747, Coverage: 0.0000
  Batch 2660/4162, Loss: 4.0383, NLL: 4.0383, Coverage: 0.0000
  Batch 2670/4162, Loss: 4.3484, NLL: 4.3484, Coverage: 0.0000
  Batch 2680/4162, Loss: 4.3341, NLL: 4.3341, Coverage: 0.0000
  Batch 2690/4162, Loss: 3.8258, NLL: 3.8258, Coverage: 0.0000
  Batch 2700/4162, Loss: 4.1800, NLL: 4.1800, Coverage: 0.0000
  Batch 2710/4162, Loss: 4.1462, NLL: 4.1462, Coverage: 0.0000
  Batch 2720/4162, Loss: 4.1575, NLL: 4.1575, Coverage: 0.0000
  Batch 2730/4162, Loss: 3.5914, NLL: 3.5914, Coverage: 0.0000
  Batch 2740/4162, Loss: 4.3058, NLL: 4.3058, Coverage: 0.0000
  Batch 2750/4162, Loss: 4.0555, NLL: 4.0555, Coverage: 0.0000
  Batch 2760/4162, Loss: 4.4311, NLL: 4.4311, Coverage: 0.0000
  Batch 2770/4162, Loss: 4.2835, NLL: 4.2835, Coverage: 0.0000
  Batch 2780/4162, Loss: 4.1635, NLL: 4.1635, Coverage: 0.0000
  Batch 2790/4162, Loss: 3.8962, NLL: 3.8962, Coverage: 0.0000
  Batch 2800/4162, Loss: 4.4331, NLL: 4.4331, Coverage: 0.0000
  Batch 2810/4162, Loss: 3.9088, NLL: 3.9088, Coverage: 0.0000
  Batch 2820/4162, Loss: 4.3748, NLL: 4.3748, Coverage: 0.0000
  Batch 2830/4162, Loss: 4.1955, NLL: 4.1955, Coverage: 0.0000
  Batch 2840/4162, Loss: 4.2213, NLL: 4.2213, Coverage: 0.0000
  Batch 2850/4162, Loss: 3.8652, NLL: 3.8652, Coverage: 0.0000
  Batch 2860/4162, Loss: 3.8201, NLL: 3.8201, Coverage: 0.0000
  Batch 2870/4162, Loss: 3.2379, NLL: 3.2379, Coverage: 0.0000
  Batch 2880/4162, Loss: 3.9231, NLL: 3.9231, Coverage: 0.0000
  Batch 2890/4162, Loss: 4.4305, NLL: 4.4305, Coverage: 0.0000
  Batch 2900/4162, Loss: 3.7458, NLL: 3.7458, Coverage: 0.0000
  Batch 2910/4162, Loss: 4.2336, NLL: 4.2336, Coverage: 0.0000
  Batch 2920/4162, Loss: 4.2806, NLL: 4.2806, Coverage: 0.0000
  Batch 2930/4162, Loss: 3.5642, NLL: 3.5642, Coverage: 0.0000
  Batch 2940/4162, Loss: 4.6921, NLL: 4.6921, Coverage: 0.0000
  Batch 2950/4162, Loss: 4.4952, NLL: 4.4952, Coverage: 0.0000
  Batch 2960/4162, Loss: 4.5320, NLL: 4.5320, Coverage: 0.0000
  Batch 2970/4162, Loss: 4.5969, NLL: 4.5969, Coverage: 0.0000
  Batch 2980/4162, Loss: 4.3034, NLL: 4.3034, Coverage: 0.0000
  Batch 2990/4162, Loss: 4.4478, NLL: 4.4478, Coverage: 0.0000
  Batch 3000/4162, Loss: 3.7294, NLL: 3.7294, Coverage: 0.0000
  Batch 3010/4162, Loss: 4.3540, NLL: 4.3540, Coverage: 0.0000
  Batch 3020/4162, Loss: 4.1562, NLL: 4.1562, Coverage: 0.0000
  Batch 3030/4162, Loss: 3.7348, NLL: 3.7348, Coverage: 0.0000
  Batch 3040/4162, Loss: 4.2376, NLL: 4.2376, Coverage: 0.0000
  Batch 3050/4162, Loss: 4.3734, NLL: 4.3734, Coverage: 0.0000
  Batch 3060/4162, Loss: 4.1772, NLL: 4.1772, Coverage: 0.0000
  Batch 3070/4162, Loss: 4.2891, NLL: 4.2891, Coverage: 0.0000
  Batch 3080/4162, Loss: 3.8018, NLL: 3.8018, Coverage: 0.0000
  Batch 3090/4162, Loss: 4.2290, NLL: 4.2290, Coverage: 0.0000
  Batch 3100/4162, Loss: 4.1246, NLL: 4.1246, Coverage: 0.0000
  Batch 3110/4162, Loss: 4.0022, NLL: 4.0022, Coverage: 0.0000
  Batch 3120/4162, Loss: 3.9709, NLL: 3.9709, Coverage: 0.0000
  Batch 3130/4162, Loss: 3.7812, NLL: 3.7812, Coverage: 0.0000
  Batch 3140/4162, Loss: 4.0073, NLL: 4.0073, Coverage: 0.0000
  Batch 3150/4162, Loss: 4.0627, NLL: 4.0627, Coverage: 0.0000
  Batch 3160/4162, Loss: 3.8815, NLL: 3.8815, Coverage: 0.0000
  Batch 3170/4162, Loss: 4.2754, NLL: 4.2754, Coverage: 0.0000
  Batch 3180/4162, Loss: 4.4145, NLL: 4.4145, Coverage: 0.0000
  Batch 3190/4162, Loss: 4.1287, NLL: 4.1287, Coverage: 0.0000
  Batch 3200/4162, Loss: 4.5819, NLL: 4.5819, Coverage: 0.0000
  Batch 3210/4162, Loss: 3.8260, NLL: 3.8260, Coverage: 0.0000
  Batch 3220/4162, Loss: 4.1152, NLL: 4.1152, Coverage: 0.0000
  Batch 3230/4162, Loss: 3.7081, NLL: 3.7081, Coverage: 0.0000
  Batch 3240/4162, Loss: 3.8488, NLL: 3.8488, Coverage: 0.0000
  Batch 3250/4162, Loss: 3.8045, NLL: 3.8045, Coverage: 0.0000
  Batch 3260/4162, Loss: 4.5927, NLL: 4.5927, Coverage: 0.0000
  Batch 3270/4162, Loss: 4.2724, NLL: 4.2724, Coverage: 0.0000
  Batch 3280/4162, Loss: 3.7438, NLL: 3.7438, Coverage: 0.0000
  Batch 3290/4162, Loss: 4.2941, NLL: 4.2941, Coverage: 0.0000
  Batch 3300/4162, Loss: 4.3391, NLL: 4.3391, Coverage: 0.0000
  Batch 3310/4162, Loss: 4.4769, NLL: 4.4769, Coverage: 0.0000
  Batch 3320/4162, Loss: 3.5997, NLL: 3.5997, Coverage: 0.0000
  Batch 3330/4162, Loss: 4.1305, NLL: 4.1305, Coverage: 0.0000
  Batch 3340/4162, Loss: 3.5987, NLL: 3.5987, Coverage: 0.0000
  Batch 3350/4162, Loss: 3.6296, NLL: 3.6296, Coverage: 0.0000
  Batch 3360/4162, Loss: 4.2658, NLL: 4.2658, Coverage: 0.0000
  Batch 3370/4162, Loss: 4.3054, NLL: 4.3054, Coverage: 0.0000
  Batch 3380/4162, Loss: 4.4109, NLL: 4.4109, Coverage: 0.0000
  Batch 3390/4162, Loss: 4.0356, NLL: 4.0356, Coverage: 0.0000
  Batch 3400/4162, Loss: 4.4845, NLL: 4.4845, Coverage: 0.0000
  Batch 3410/4162, Loss: 4.1261, NLL: 4.1261, Coverage: 0.0000
  Batch 3420/4162, Loss: 3.9142, NLL: 3.9142, Coverage: 0.0000
  Batch 3430/4162, Loss: 4.8176, NLL: 4.8176, Coverage: 0.0000
  Batch 3440/4162, Loss: 4.0619, NLL: 4.0619, Coverage: 0.0000
  Batch 3450/4162, Loss: 4.3924, NLL: 4.3924, Coverage: 0.0000
  Batch 3460/4162, Loss: 4.4863, NLL: 4.4863, Coverage: 0.0000
  Batch 3470/4162, Loss: 4.1171, NLL: 4.1171, Coverage: 0.0000
  Batch 3480/4162, Loss: 3.6879, NLL: 3.6879, Coverage: 0.0000
  Batch 3490/4162, Loss: 4.1203, NLL: 4.1203, Coverage: 0.0000
  Batch 3500/4162, Loss: 4.6525, NLL: 4.6525, Coverage: 0.0000
  Batch 3510/4162, Loss: 4.1611, NLL: 4.1611, Coverage: 0.0000
  Batch 3520/4162, Loss: 4.0387, NLL: 4.0387, Coverage: 0.0000
  Batch 3530/4162, Loss: 4.2127, NLL: 4.2127, Coverage: 0.0000
  Batch 3540/4162, Loss: 4.1183, NLL: 4.1183, Coverage: 0.0000
  Batch 3550/4162, Loss: 4.2191, NLL: 4.2191, Coverage: 0.0000
  Batch 3560/4162, Loss: 4.2084, NLL: 4.2084, Coverage: 0.0000
  Batch 3570/4162, Loss: 4.3968, NLL: 4.3968, Coverage: 0.0000
  Batch 3580/4162, Loss: 4.0352, NLL: 4.0352, Coverage: 0.0000
  Batch 3590/4162, Loss: 5.0650, NLL: 5.0650, Coverage: 0.0000
  Batch 3600/4162, Loss: 4.2817, NLL: 4.2817, Coverage: 0.0000
  Batch 3610/4162, Loss: 4.2700, NLL: 4.2700, Coverage: 0.0000
  Batch 3620/4162, Loss: 4.2105, NLL: 4.2105, Coverage: 0.0000
  Batch 3630/4162, Loss: 3.9815, NLL: 3.9815, Coverage: 0.0000
  Batch 3640/4162, Loss: 3.9263, NLL: 3.9263, Coverage: 0.0000
  Batch 3650/4162, Loss: 4.0546, NLL: 4.0546, Coverage: 0.0000
  Batch 3660/4162, Loss: 4.6990, NLL: 4.6990, Coverage: 0.0000
  Batch 3670/4162, Loss: 4.0459, NLL: 4.0459, Coverage: 0.0000
  Batch 3680/4162, Loss: 4.4143, NLL: 4.4143, Coverage: 0.0000
  Batch 3690/4162, Loss: 4.1900, NLL: 4.1900, Coverage: 0.0000
  Batch 3700/4162, Loss: 3.9296, NLL: 3.9296, Coverage: 0.0000
  Batch 3710/4162, Loss: 4.0813, NLL: 4.0813, Coverage: 0.0000
  Batch 3720/4162, Loss: 3.9731, NLL: 3.9731, Coverage: 0.0000
  Batch 3730/4162, Loss: 4.3350, NLL: 4.3350, Coverage: 0.0000
  Batch 3740/4162, Loss: 4.0673, NLL: 4.0673, Coverage: 0.0000
  Batch 3750/4162, Loss: 4.0134, NLL: 4.0134, Coverage: 0.0000
  Batch 3760/4162, Loss: 4.5481, NLL: 4.5481, Coverage: 0.0000
  Batch 3770/4162, Loss: 4.3305, NLL: 4.3305, Coverage: 0.0000
  Batch 3780/4162, Loss: 4.3368, NLL: 4.3368, Coverage: 0.0000
  Batch 3790/4162, Loss: 4.3362, NLL: 4.3362, Coverage: 0.0000
  Batch 3800/4162, Loss: 4.1969, NLL: 4.1969, Coverage: 0.0000
  Batch 3810/4162, Loss: 3.7368, NLL: 3.7368, Coverage: 0.0000
  Batch 3820/4162, Loss: 3.8236, NLL: 3.8236, Coverage: 0.0000
  Batch 3830/4162, Loss: 4.3184, NLL: 4.3184, Coverage: 0.0000
  Batch 3840/4162, Loss: 3.8591, NLL: 3.8591, Coverage: 0.0000
  Batch 3850/4162, Loss: 4.3844, NLL: 4.3844, Coverage: 0.0000
  Batch 3860/4162, Loss: 4.1646, NLL: 4.1646, Coverage: 0.0000
  Batch 3870/4162, Loss: 4.7614, NLL: 4.7614, Coverage: 0.0000
  Batch 3880/4162, Loss: 4.6153, NLL: 4.6153, Coverage: 0.0000
  Batch 3890/4162, Loss: 3.8907, NLL: 3.8907, Coverage: 0.0000
  Batch 3900/4162, Loss: 4.0000, NLL: 4.0000, Coverage: 0.0000
  Batch 3910/4162, Loss: 4.5070, NLL: 4.5070, Coverage: 0.0000
  Batch 3920/4162, Loss: 4.0817, NLL: 4.0817, Coverage: 0.0000
  Batch 3930/4162, Loss: 4.0027, NLL: 4.0027, Coverage: 0.0000
  Batch 3940/4162, Loss: 4.1061, NLL: 4.1061, Coverage: 0.0000
  Batch 3950/4162, Loss: 3.8920, NLL: 3.8920, Coverage: 0.0000
  Batch 3960/4162, Loss: 4.2832, NLL: 4.2832, Coverage: 0.0000
  Batch 3970/4162, Loss: 4.3042, NLL: 4.3042, Coverage: 0.0000
  Batch 3980/4162, Loss: 3.7599, NLL: 3.7599, Coverage: 0.0000
  Batch 3990/4162, Loss: 4.6197, NLL: 4.6197, Coverage: 0.0000
  Batch 4000/4162, Loss: 4.1841, NLL: 4.1841, Coverage: 0.0000
  Batch 4010/4162, Loss: 4.7428, NLL: 4.7428, Coverage: 0.0000
  Batch 4020/4162, Loss: 4.0308, NLL: 4.0308, Coverage: 0.0000
  Batch 4030/4162, Loss: 3.8149, NLL: 3.8149, Coverage: 0.0000
  Batch 4040/4162, Loss: 4.2225, NLL: 4.2225, Coverage: 0.0000
  Batch 4050/4162, Loss: 4.3150, NLL: 4.3150, Coverage: 0.0000
  Batch 4060/4162, Loss: 3.9834, NLL: 3.9834, Coverage: 0.0000
  Batch 4070/4162, Loss: 4.2042, NLL: 4.2042, Coverage: 0.0000
  Batch 4080/4162, Loss: 3.8709, NLL: 3.8709, Coverage: 0.0000
  Batch 4090/4162, Loss: 4.1469, NLL: 4.1469, Coverage: 0.0000
  Batch 4100/4162, Loss: 4.3067, NLL: 4.3067, Coverage: 0.0000
  Batch 4110/4162, Loss: 4.2131, NLL: 4.2131, Coverage: 0.0000
  Batch 4120/4162, Loss: 4.6749, NLL: 4.6749, Coverage: 0.0000
  Batch 4130/4162, Loss: 4.0195, NLL: 4.0195, Coverage: 0.0000
  Batch 4140/4162, Loss: 3.5433, NLL: 3.5433, Coverage: 0.0000
  Batch 4150/4162, Loss: 3.4404, NLL: 3.4404, Coverage: 0.0000
  Batch 4160/4162, Loss: 4.0430, NLL: 4.0430, Coverage: 0.0000

  Train Loss: 4.1377 (NLL: 4.1377, Coverage: 0.0000)
  Val Loss: 6.4356 (NLL: 6.4356, Coverage: 0.0000)
  Time: 27m 58s

Epoch 10/20
----------------------------------------
  Batch 10/4162, Loss: 4.0468, NLL: 4.0468, Coverage: 0.0000
  Batch 20/4162, Loss: 4.3210, NLL: 4.3210, Coverage: 0.0000
  Batch 30/4162, Loss: 4.1460, NLL: 4.1460, Coverage: 0.0000
  Batch 40/4162, Loss: 4.0059, NLL: 4.0059, Coverage: 0.0000
  Batch 50/4162, Loss: 4.1641, NLL: 4.1641, Coverage: 0.0000
  Batch 60/4162, Loss: 4.3958, NLL: 4.3958, Coverage: 0.0000
  Batch 70/4162, Loss: 4.6846, NLL: 4.6846, Coverage: 0.0000
  Batch 80/4162, Loss: 3.8453, NLL: 3.8453, Coverage: 0.0000
  Batch 90/4162, Loss: 4.0702, NLL: 4.0702, Coverage: 0.0000
  Batch 100/4162, Loss: 3.7748, NLL: 3.7748, Coverage: 0.0000
  Batch 110/4162, Loss: 4.1747, NLL: 4.1747, Coverage: 0.0000
  Batch 120/4162, Loss: 3.6470, NLL: 3.6470, Coverage: 0.0000
  Batch 130/4162, Loss: 4.1089, NLL: 4.1089, Coverage: 0.0000
  Batch 140/4162, Loss: 3.7703, NLL: 3.7703, Coverage: 0.0000
  Batch 150/4162, Loss: 4.0605, NLL: 4.0605, Coverage: 0.0000
  Batch 160/4162, Loss: 3.9257, NLL: 3.9257, Coverage: 0.0000
  Batch 170/4162, Loss: 4.1522, NLL: 4.1522, Coverage: 0.0000
  Batch 180/4162, Loss: 4.0414, NLL: 4.0414, Coverage: 0.0000
  Batch 190/4162, Loss: 4.0888, NLL: 4.0888, Coverage: 0.0000
  Batch 200/4162, Loss: 3.9831, NLL: 3.9831, Coverage: 0.0000
  Batch 210/4162, Loss: 4.6963, NLL: 4.6963, Coverage: 0.0000
  Batch 220/4162, Loss: 4.8082, NLL: 4.8082, Coverage: 0.0000
  Batch 230/4162, Loss: 3.7938, NLL: 3.7938, Coverage: 0.0000
  Batch 240/4162, Loss: 3.7982, NLL: 3.7982, Coverage: 0.0000
  Batch 250/4162, Loss: 3.9582, NLL: 3.9582, Coverage: 0.0000
  Batch 260/4162, Loss: 3.8611, NLL: 3.8611, Coverage: 0.0000
  Batch 270/4162, Loss: 4.1433, NLL: 4.1433, Coverage: 0.0000
  Batch 280/4162, Loss: 4.2885, NLL: 4.2885, Coverage: 0.0000
  Batch 290/4162, Loss: 3.8542, NLL: 3.8542, Coverage: 0.0000
  Batch 300/4162, Loss: 4.1754, NLL: 4.1754, Coverage: 0.0000
  Batch 310/4162, Loss: 3.6897, NLL: 3.6897, Coverage: 0.0000
  Batch 320/4162, Loss: 4.3553, NLL: 4.3553, Coverage: 0.0000
  Batch 330/4162, Loss: 4.4006, NLL: 4.4006, Coverage: 0.0000
  Batch 340/4162, Loss: 3.6440, NLL: 3.6440, Coverage: 0.0000
  Batch 350/4162, Loss: 3.9097, NLL: 3.9097, Coverage: 0.0000
  Batch 360/4162, Loss: 3.9496, NLL: 3.9496, Coverage: 0.0000
  Batch 370/4162, Loss: 4.3564, NLL: 4.3564, Coverage: 0.0000
  Batch 380/4162, Loss: 4.0269, NLL: 4.0269, Coverage: 0.0000
  Batch 390/4162, Loss: 4.1934, NLL: 4.1934, Coverage: 0.0000
  Batch 400/4162, Loss: 4.0332, NLL: 4.0332, Coverage: 0.0000
  Batch 410/4162, Loss: 4.0743, NLL: 4.0743, Coverage: 0.0000
  Batch 420/4162, Loss: 4.2302, NLL: 4.2302, Coverage: 0.0000
  Batch 430/4162, Loss: 4.1361, NLL: 4.1361, Coverage: 0.0000
  Batch 440/4162, Loss: 4.1479, NLL: 4.1479, Coverage: 0.0000
  Batch 450/4162, Loss: 3.7830, NLL: 3.7830, Coverage: 0.0000
  Batch 460/4162, Loss: 4.4135, NLL: 4.4135, Coverage: 0.0000
  Batch 470/4162, Loss: 3.6262, NLL: 3.6262, Coverage: 0.0000
  Batch 480/4162, Loss: 3.7001, NLL: 3.7001, Coverage: 0.0000
  Batch 490/4162, Loss: 3.9860, NLL: 3.9860, Coverage: 0.0000
  Batch 500/4162, Loss: 4.4870, NLL: 4.4870, Coverage: 0.0000
  Batch 510/4162, Loss: 3.7210, NLL: 3.7210, Coverage: 0.0000
  Batch 520/4162, Loss: 4.1135, NLL: 4.1135, Coverage: 0.0000
  Batch 530/4162, Loss: 4.1706, NLL: 4.1706, Coverage: 0.0000
  Batch 540/4162, Loss: 4.0717, NLL: 4.0717, Coverage: 0.0000
  Batch 550/4162, Loss: 4.0176, NLL: 4.0176, Coverage: 0.0000
  Batch 560/4162, Loss: 4.0796, NLL: 4.0796, Coverage: 0.0000
  Batch 570/4162, Loss: 4.1733, NLL: 4.1733, Coverage: 0.0000
  Batch 580/4162, Loss: 4.2817, NLL: 4.2817, Coverage: 0.0000
  Batch 590/4162, Loss: 3.8632, NLL: 3.8632, Coverage: 0.0000
  Batch 600/4162, Loss: 3.6911, NLL: 3.6911, Coverage: 0.0000
  Batch 610/4162, Loss: 4.0597, NLL: 4.0597, Coverage: 0.0000
  Batch 620/4162, Loss: 4.7426, NLL: 4.7426, Coverage: 0.0000
  Batch 630/4162, Loss: 4.5912, NLL: 4.5912, Coverage: 0.0000
  Batch 640/4162, Loss: 3.9176, NLL: 3.9176, Coverage: 0.0000
  Batch 650/4162, Loss: 4.2009, NLL: 4.2009, Coverage: 0.0000
  Batch 660/4162, Loss: 4.1514, NLL: 4.1514, Coverage: 0.0000
  Batch 670/4162, Loss: 4.0917, NLL: 4.0917, Coverage: 0.0000
  Batch 680/4162, Loss: 4.0204, NLL: 4.0204, Coverage: 0.0000
  Batch 690/4162, Loss: 3.9246, NLL: 3.9246, Coverage: 0.0000
  Batch 700/4162, Loss: 4.2584, NLL: 4.2584, Coverage: 0.0000
  Batch 710/4162, Loss: 3.9847, NLL: 3.9847, Coverage: 0.0000
  Batch 720/4162, Loss: 3.9858, NLL: 3.9858, Coverage: 0.0000
  Batch 730/4162, Loss: 4.0493, NLL: 4.0493, Coverage: 0.0000
  Batch 740/4162, Loss: 4.2691, NLL: 4.2691, Coverage: 0.0000
  Batch 750/4162, Loss: 4.3907, NLL: 4.3907, Coverage: 0.0000
  Batch 760/4162, Loss: 3.9216, NLL: 3.9216, Coverage: 0.0000
  Batch 770/4162, Loss: 4.3968, NLL: 4.3968, Coverage: 0.0000
  Batch 780/4162, Loss: 3.9241, NLL: 3.9241, Coverage: 0.0000
  Batch 790/4162, Loss: 4.6665, NLL: 4.6665, Coverage: 0.0000
  Batch 800/4162, Loss: 4.2924, NLL: 4.2924, Coverage: 0.0000
  Batch 810/4162, Loss: 3.9658, NLL: 3.9658, Coverage: 0.0000
  Batch 820/4162, Loss: 4.4360, NLL: 4.4360, Coverage: 0.0000
  Batch 830/4162, Loss: 3.9349, NLL: 3.9349, Coverage: 0.0000
  Batch 840/4162, Loss: 4.3054, NLL: 4.3054, Coverage: 0.0000
  Batch 850/4162, Loss: 3.9972, NLL: 3.9972, Coverage: 0.0000
  Batch 860/4162, Loss: 4.2426, NLL: 4.2426, Coverage: 0.0000
  Batch 870/4162, Loss: 4.2593, NLL: 4.2593, Coverage: 0.0000
  Batch 880/4162, Loss: 4.2699, NLL: 4.2699, Coverage: 0.0000
  Batch 890/4162, Loss: 4.2141, NLL: 4.2141, Coverage: 0.0000
  Batch 900/4162, Loss: 4.1518, NLL: 4.1518, Coverage: 0.0000
  Batch 910/4162, Loss: 3.9867, NLL: 3.9867, Coverage: 0.0000
  Batch 920/4162, Loss: 3.9066, NLL: 3.9066, Coverage: 0.0000
  Batch 930/4162, Loss: 4.3204, NLL: 4.3204, Coverage: 0.0000
  Batch 940/4162, Loss: 4.3120, NLL: 4.3120, Coverage: 0.0000
  Batch 950/4162, Loss: 4.5574, NLL: 4.5574, Coverage: 0.0000
  Batch 960/4162, Loss: 3.7857, NLL: 3.7857, Coverage: 0.0000
  Batch 970/4162, Loss: 4.1313, NLL: 4.1313, Coverage: 0.0000
  Batch 980/4162, Loss: 4.6703, NLL: 4.6703, Coverage: 0.0000
  Batch 990/4162, Loss: 4.1286, NLL: 4.1286, Coverage: 0.0000
  Batch 1000/4162, Loss: 4.2245, NLL: 4.2245, Coverage: 0.0000
  Batch 1010/4162, Loss: 3.9276, NLL: 3.9276, Coverage: 0.0000
  Batch 1020/4162, Loss: 4.2739, NLL: 4.2739, Coverage: 0.0000
  Batch 1030/4162, Loss: 3.7345, NLL: 3.7345, Coverage: 0.0000
  Batch 1040/4162, Loss: 3.9304, NLL: 3.9304, Coverage: 0.0000
  Batch 1050/4162, Loss: 4.2263, NLL: 4.2263, Coverage: 0.0000
  Batch 1060/4162, Loss: 4.2149, NLL: 4.2149, Coverage: 0.0000
  Batch 1070/4162, Loss: 3.7181, NLL: 3.7181, Coverage: 0.0000
  Batch 1080/4162, Loss: 3.9350, NLL: 3.9350, Coverage: 0.0000
  Batch 1090/4162, Loss: 4.5213, NLL: 4.5213, Coverage: 0.0000
  Batch 1100/4162, Loss: 4.1756, NLL: 4.1756, Coverage: 0.0000
  Batch 1110/4162, Loss: 4.0320, NLL: 4.0320, Coverage: 0.0000
  Batch 1120/4162, Loss: 4.0250, NLL: 4.0250, Coverage: 0.0000
  Batch 1130/4162, Loss: 3.8618, NLL: 3.8618, Coverage: 0.0000
  Batch 1140/4162, Loss: 4.1168, NLL: 4.1168, Coverage: 0.0000
  Batch 1150/4162, Loss: 4.2977, NLL: 4.2977, Coverage: 0.0000
  Batch 1160/4162, Loss: 4.1550, NLL: 4.1550, Coverage: 0.0000
  Batch 1170/4162, Loss: 4.0177, NLL: 4.0177, Coverage: 0.0000
  Batch 1180/4162, Loss: 4.1410, NLL: 4.1410, Coverage: 0.0000
  Batch 1190/4162, Loss: 3.8075, NLL: 3.8075, Coverage: 0.0000
  Batch 1200/4162, Loss: 3.9843, NLL: 3.9843, Coverage: 0.0000
  Batch 1210/4162, Loss: 4.4462, NLL: 4.4462, Coverage: 0.0000
  Batch 1220/4162, Loss: 3.8943, NLL: 3.8943, Coverage: 0.0000
  Batch 1230/4162, Loss: 3.9159, NLL: 3.9159, Coverage: 0.0000
  Batch 1240/4162, Loss: 4.4629, NLL: 4.4629, Coverage: 0.0000
  Batch 1250/4162, Loss: 4.2667, NLL: 4.2667, Coverage: 0.0000
  Batch 1260/4162, Loss: 4.2194, NLL: 4.2194, Coverage: 0.0000
  Batch 1270/4162, Loss: 3.6591, NLL: 3.6591, Coverage: 0.0000
  Batch 1280/4162, Loss: 3.8708, NLL: 3.8708, Coverage: 0.0000
  Batch 1290/4162, Loss: 4.3871, NLL: 4.3871, Coverage: 0.0000
  Batch 1300/4162, Loss: 4.1903, NLL: 4.1903, Coverage: 0.0000
  Batch 1310/4162, Loss: 4.3497, NLL: 4.3497, Coverage: 0.0000
  Batch 1320/4162, Loss: 4.6166, NLL: 4.6166, Coverage: 0.0000
  Batch 1330/4162, Loss: 3.7019, NLL: 3.7019, Coverage: 0.0000
  Batch 1340/4162, Loss: 4.3997, NLL: 4.3997, Coverage: 0.0000
  Batch 1350/4162, Loss: 4.0827, NLL: 4.0827, Coverage: 0.0000
  Batch 1360/4162, Loss: 3.9503, NLL: 3.9503, Coverage: 0.0000
  Batch 1370/4162, Loss: 4.2591, NLL: 4.2591, Coverage: 0.0000
  Batch 1380/4162, Loss: 4.0746, NLL: 4.0746, Coverage: 0.0000
  Batch 1390/4162, Loss: 4.2532, NLL: 4.2532, Coverage: 0.0000
  Batch 1400/4162, Loss: 3.8408, NLL: 3.8408, Coverage: 0.0000
  Batch 1410/4162, Loss: 3.9015, NLL: 3.9015, Coverage: 0.0000
  Batch 1420/4162, Loss: 4.4090, NLL: 4.4090, Coverage: 0.0000
  Batch 1430/4162, Loss: 4.0548, NLL: 4.0548, Coverage: 0.0000
  Batch 1440/4162, Loss: 4.5073, NLL: 4.5073, Coverage: 0.0000
  Batch 1450/4162, Loss: 4.0504, NLL: 4.0504, Coverage: 0.0000
  Batch 1460/4162, Loss: 4.1270, NLL: 4.1270, Coverage: 0.0000
  Batch 1470/4162, Loss: 4.0609, NLL: 4.0609, Coverage: 0.0000
  Batch 1480/4162, Loss: 4.2935, NLL: 4.2935, Coverage: 0.0000
  Batch 1490/4162, Loss: 3.8310, NLL: 3.8310, Coverage: 0.0000
  Batch 1500/4162, Loss: 3.9707, NLL: 3.9707, Coverage: 0.0000
  Batch 1510/4162, Loss: 4.2179, NLL: 4.2179, Coverage: 0.0000
  Batch 1520/4162, Loss: 4.2930, NLL: 4.2930, Coverage: 0.0000
  Batch 1530/4162, Loss: 3.8846, NLL: 3.8846, Coverage: 0.0000
  Batch 1540/4162, Loss: 4.3704, NLL: 4.3704, Coverage: 0.0000
  Batch 1550/4162, Loss: 4.7091, NLL: 4.7091, Coverage: 0.0000
  Batch 1560/4162, Loss: 4.0757, NLL: 4.0757, Coverage: 0.0000
  Batch 1570/4162, Loss: 4.1916, NLL: 4.1916, Coverage: 0.0000
  Batch 1580/4162, Loss: 4.2530, NLL: 4.2530, Coverage: 0.0000
  Batch 1590/4162, Loss: 4.2566, NLL: 4.2566, Coverage: 0.0000
  Batch 1600/4162, Loss: 4.3371, NLL: 4.3371, Coverage: 0.0000
  Batch 1610/4162, Loss: 4.0451, NLL: 4.0451, Coverage: 0.0000
  Batch 1620/4162, Loss: 3.6598, NLL: 3.6598, Coverage: 0.0000
  Batch 1630/4162, Loss: 4.3121, NLL: 4.3121, Coverage: 0.0000
  Batch 1640/4162, Loss: 4.0391, NLL: 4.0391, Coverage: 0.0000
  Batch 1650/4162, Loss: 3.9645, NLL: 3.9645, Coverage: 0.0000
  Batch 1660/4162, Loss: 4.0500, NLL: 4.0500, Coverage: 0.0000
  Batch 1670/4162, Loss: 4.3159, NLL: 4.3159, Coverage: 0.0000
  Batch 1680/4162, Loss: 3.9238, NLL: 3.9238, Coverage: 0.0000
  Batch 1690/4162, Loss: 4.2001, NLL: 4.2001, Coverage: 0.0000
  Batch 1700/4162, Loss: 3.9832, NLL: 3.9832, Coverage: 0.0000
  Batch 1710/4162, Loss: 4.3559, NLL: 4.3559, Coverage: 0.0000
  Batch 1720/4162, Loss: 4.1813, NLL: 4.1813, Coverage: 0.0000
  Batch 1730/4162, Loss: 3.8047, NLL: 3.8047, Coverage: 0.0000
  Batch 1740/4162, Loss: 3.8996, NLL: 3.8996, Coverage: 0.0000
  Batch 1750/4162, Loss: 3.8808, NLL: 3.8808, Coverage: 0.0000
  Batch 1760/4162, Loss: 4.5398, NLL: 4.5398, Coverage: 0.0000
  Batch 1770/4162, Loss: 4.1205, NLL: 4.1205, Coverage: 0.0000
  Batch 1780/4162, Loss: 4.1959, NLL: 4.1959, Coverage: 0.0000
  Batch 1790/4162, Loss: 3.7905, NLL: 3.7905, Coverage: 0.0000
  Batch 1800/4162, Loss: 3.7902, NLL: 3.7902, Coverage: 0.0000
  Batch 1810/4162, Loss: 4.2173, NLL: 4.2173, Coverage: 0.0000
  Batch 1820/4162, Loss: 4.0164, NLL: 4.0164, Coverage: 0.0000
  Batch 1830/4162, Loss: 4.0905, NLL: 4.0905, Coverage: 0.0000
  Batch 1840/4162, Loss: 3.8409, NLL: 3.8409, Coverage: 0.0000
  Batch 1850/4162, Loss: 3.9557, NLL: 3.9557, Coverage: 0.0000
  Batch 1860/4162, Loss: 4.1069, NLL: 4.1069, Coverage: 0.0000
  Batch 1870/4162, Loss: 4.3997, NLL: 4.3997, Coverage: 0.0000
  Batch 1880/4162, Loss: 4.4364, NLL: 4.4364, Coverage: 0.0000
  Batch 1890/4162, Loss: 4.1138, NLL: 4.1138, Coverage: 0.0000
  Batch 1900/4162, Loss: 4.0647, NLL: 4.0647, Coverage: 0.0000
  Batch 1910/4162, Loss: 4.3762, NLL: 4.3762, Coverage: 0.0000
  Batch 1920/4162, Loss: 3.9916, NLL: 3.9916, Coverage: 0.0000
  Batch 1930/4162, Loss: 3.8788, NLL: 3.8788, Coverage: 0.0000
  Batch 1940/4162, Loss: 4.2804, NLL: 4.2804, Coverage: 0.0000
  Batch 1950/4162, Loss: 4.3779, NLL: 4.3779, Coverage: 0.0000
  Batch 1960/4162, Loss: 4.2346, NLL: 4.2346, Coverage: 0.0000
  Batch 1970/4162, Loss: 3.7542, NLL: 3.7542, Coverage: 0.0000
  Batch 1980/4162, Loss: 4.3204, NLL: 4.3204, Coverage: 0.0000
  Batch 1990/4162, Loss: 4.3914, NLL: 4.3914, Coverage: 0.0000
  Batch 2000/4162, Loss: 4.2723, NLL: 4.2723, Coverage: 0.0000
  Batch 2010/4162, Loss: 3.9955, NLL: 3.9955, Coverage: 0.0000
  Batch 2020/4162, Loss: 4.3874, NLL: 4.3874, Coverage: 0.0000
  Batch 2030/4162, Loss: 3.9888, NLL: 3.9888, Coverage: 0.0000
  Batch 2040/4162, Loss: 4.3468, NLL: 4.3468, Coverage: 0.0000
  Batch 2050/4162, Loss: 3.5664, NLL: 3.5664, Coverage: 0.0000
  Batch 2060/4162, Loss: 4.1163, NLL: 4.1163, Coverage: 0.0000
  Batch 2070/4162, Loss: 3.9883, NLL: 3.9883, Coverage: 0.0000
  Batch 2080/4162, Loss: 3.8401, NLL: 3.8401, Coverage: 0.0000
  Batch 2090/4162, Loss: 4.2563, NLL: 4.2563, Coverage: 0.0000
  Batch 2100/4162, Loss: 4.3910, NLL: 4.3910, Coverage: 0.0000
  Batch 2110/4162, Loss: 4.0036, NLL: 4.0036, Coverage: 0.0000
  Batch 2120/4162, Loss: 4.1051, NLL: 4.1051, Coverage: 0.0000
  Batch 2130/4162, Loss: 3.8519, NLL: 3.8519, Coverage: 0.0000
  Batch 2140/4162, Loss: 3.7603, NLL: 3.7603, Coverage: 0.0000
  Batch 2150/4162, Loss: 4.0405, NLL: 4.0405, Coverage: 0.0000
  Batch 2160/4162, Loss: 4.1506, NLL: 4.1506, Coverage: 0.0000
  Batch 2170/4162, Loss: 4.2748, NLL: 4.2748, Coverage: 0.0000
  Batch 2180/4162, Loss: 4.0636, NLL: 4.0636, Coverage: 0.0000
  Batch 2190/4162, Loss: 3.8326, NLL: 3.8326, Coverage: 0.0000
  Batch 2200/4162, Loss: 3.9695, NLL: 3.9695, Coverage: 0.0000
  Batch 2210/4162, Loss: 3.9095, NLL: 3.9095, Coverage: 0.0000
  Batch 2220/4162, Loss: 4.3824, NLL: 4.3824, Coverage: 0.0000
  Batch 2230/4162, Loss: 4.1891, NLL: 4.1891, Coverage: 0.0000
  Batch 2240/4162, Loss: 3.8212, NLL: 3.8212, Coverage: 0.0000
  Batch 2250/4162, Loss: 4.4702, NLL: 4.4702, Coverage: 0.0000
  Batch 2260/4162, Loss: 4.0061, NLL: 4.0061, Coverage: 0.0000
  Batch 2270/4162, Loss: 4.2981, NLL: 4.2981, Coverage: 0.0000
  Batch 2280/4162, Loss: 3.9579, NLL: 3.9579, Coverage: 0.0000
  Batch 2290/4162, Loss: 4.4030, NLL: 4.4030, Coverage: 0.0000
  Batch 2300/4162, Loss: 3.7041, NLL: 3.7041, Coverage: 0.0000
  Batch 2310/4162, Loss: 3.9711, NLL: 3.9711, Coverage: 0.0000
  Batch 2320/4162, Loss: 3.9472, NLL: 3.9472, Coverage: 0.0000
  Batch 2330/4162, Loss: 4.0443, NLL: 4.0443, Coverage: 0.0000
  Batch 2340/4162, Loss: 4.2795, NLL: 4.2795, Coverage: 0.0000
  Batch 2350/4162, Loss: 4.0210, NLL: 4.0210, Coverage: 0.0000
  Batch 2360/4162, Loss: 4.1321, NLL: 4.1321, Coverage: 0.0000
  Batch 2370/4162, Loss: 4.3238, NLL: 4.3238, Coverage: 0.0000
  Batch 2380/4162, Loss: 4.1286, NLL: 4.1286, Coverage: 0.0000
  Batch 2390/4162, Loss: 4.1523, NLL: 4.1523, Coverage: 0.0000
  Batch 2400/4162, Loss: 3.7257, NLL: 3.7257, Coverage: 0.0000
  Batch 2410/4162, Loss: 4.2608, NLL: 4.2608, Coverage: 0.0000
  Batch 2420/4162, Loss: 3.8339, NLL: 3.8339, Coverage: 0.0000
  Batch 2430/4162, Loss: 3.9371, NLL: 3.9371, Coverage: 0.0000
  Batch 2440/4162, Loss: 4.4048, NLL: 4.4048, Coverage: 0.0000
  Batch 2450/4162, Loss: 4.2900, NLL: 4.2900, Coverage: 0.0000
  Batch 2460/4162, Loss: 4.2154, NLL: 4.2154, Coverage: 0.0000
  Batch 2470/4162, Loss: 3.6936, NLL: 3.6936, Coverage: 0.0000
  Batch 2480/4162, Loss: 4.2277, NLL: 4.2277, Coverage: 0.0000
  Batch 2490/4162, Loss: 3.8363, NLL: 3.8363, Coverage: 0.0000
  Batch 2500/4162, Loss: 3.9806, NLL: 3.9806, Coverage: 0.0000
  Batch 2510/4162, Loss: 3.8450, NLL: 3.8450, Coverage: 0.0000
  Batch 2520/4162, Loss: 4.4003, NLL: 4.4003, Coverage: 0.0000
  Batch 2530/4162, Loss: 3.9522, NLL: 3.9522, Coverage: 0.0000
  Batch 2540/4162, Loss: 4.1020, NLL: 4.1020, Coverage: 0.0000
  Batch 2550/4162, Loss: 3.8708, NLL: 3.8708, Coverage: 0.0000
  Batch 2560/4162, Loss: 3.7686, NLL: 3.7686, Coverage: 0.0000
  Batch 2570/4162, Loss: 4.2571, NLL: 4.2571, Coverage: 0.0000
  Batch 2580/4162, Loss: 4.4674, NLL: 4.4674, Coverage: 0.0000
  Batch 2590/4162, Loss: 4.3655, NLL: 4.3655, Coverage: 0.0000
  Batch 2600/4162, Loss: 4.0493, NLL: 4.0493, Coverage: 0.0000
  Batch 2610/4162, Loss: 3.9208, NLL: 3.9208, Coverage: 0.0000
  Batch 2620/4162, Loss: 3.7717, NLL: 3.7717, Coverage: 0.0000
  Batch 2630/4162, Loss: 3.9673, NLL: 3.9673, Coverage: 0.0000
  Batch 2640/4162, Loss: 3.7007, NLL: 3.7007, Coverage: 0.0000
  Batch 2650/4162, Loss: 4.6625, NLL: 4.6625, Coverage: 0.0000
  Batch 2660/4162, Loss: 3.8809, NLL: 3.8809, Coverage: 0.0000
  Batch 2670/4162, Loss: 4.1231, NLL: 4.1231, Coverage: 0.0000
  Batch 2680/4162, Loss: 4.3796, NLL: 4.3796, Coverage: 0.0000
  Batch 2690/4162, Loss: 3.8538, NLL: 3.8538, Coverage: 0.0000
  Batch 2700/4162, Loss: 3.9829, NLL: 3.9829, Coverage: 0.0000
  Batch 2710/4162, Loss: 4.4270, NLL: 4.4270, Coverage: 0.0000
  Batch 2720/4162, Loss: 4.0375, NLL: 4.0375, Coverage: 0.0000
  Batch 2730/4162, Loss: 4.4225, NLL: 4.4225, Coverage: 0.0000
  Batch 2740/4162, Loss: 3.8784, NLL: 3.8784, Coverage: 0.0000
  Batch 2750/4162, Loss: 4.6354, NLL: 4.6354, Coverage: 0.0000
  Batch 2760/4162, Loss: 4.3727, NLL: 4.3727, Coverage: 0.0000
  Batch 2770/4162, Loss: 3.9330, NLL: 3.9330, Coverage: 0.0000
  Batch 2780/4162, Loss: 4.0356, NLL: 4.0356, Coverage: 0.0000
  Batch 2790/4162, Loss: 4.3410, NLL: 4.3410, Coverage: 0.0000
  Batch 2800/4162, Loss: 4.0451, NLL: 4.0451, Coverage: 0.0000
  Batch 2810/4162, Loss: 3.8979, NLL: 3.8979, Coverage: 0.0000
  Batch 2820/4162, Loss: 4.1688, NLL: 4.1688, Coverage: 0.0000
  Batch 2830/4162, Loss: 4.5099, NLL: 4.5099, Coverage: 0.0000
  Batch 2840/4162, Loss: 4.0660, NLL: 4.0660, Coverage: 0.0000
  Batch 2850/4162, Loss: 3.8650, NLL: 3.8650, Coverage: 0.0000
  Batch 2860/4162, Loss: 4.3886, NLL: 4.3886, Coverage: 0.0000
  Batch 2870/4162, Loss: 4.0090, NLL: 4.0090, Coverage: 0.0000
  Batch 2880/4162, Loss: 4.1488, NLL: 4.1488, Coverage: 0.0000
  Batch 2890/4162, Loss: 3.5886, NLL: 3.5886, Coverage: 0.0000
  Batch 2900/4162, Loss: 3.5292, NLL: 3.5292, Coverage: 0.0000
  Batch 2910/4162, Loss: 4.0031, NLL: 4.0031, Coverage: 0.0000
  Batch 2920/4162, Loss: 4.3837, NLL: 4.3837, Coverage: 0.0000
  Batch 2930/4162, Loss: 4.1968, NLL: 4.1968, Coverage: 0.0000
  Batch 2940/4162, Loss: 4.0328, NLL: 4.0328, Coverage: 0.0000
  Batch 2950/4162, Loss: 4.4927, NLL: 4.4927, Coverage: 0.0000
  Batch 2960/4162, Loss: 4.1287, NLL: 4.1287, Coverage: 0.0000
  Batch 2970/4162, Loss: 3.8532, NLL: 3.8532, Coverage: 0.0000
  Batch 2980/4162, Loss: 4.0838, NLL: 4.0838, Coverage: 0.0000
  Batch 2990/4162, Loss: 4.4799, NLL: 4.4799, Coverage: 0.0000
  Batch 3000/4162, Loss: 3.7782, NLL: 3.7782, Coverage: 0.0000
  Batch 3010/4162, Loss: 4.0732, NLL: 4.0732, Coverage: 0.0000
  Batch 3020/4162, Loss: 3.9123, NLL: 3.9123, Coverage: 0.0000
  Batch 3030/4162, Loss: 3.7629, NLL: 3.7629, Coverage: 0.0000
  Batch 3040/4162, Loss: 3.8841, NLL: 3.8841, Coverage: 0.0000
  Batch 3050/4162, Loss: 4.0818, NLL: 4.0818, Coverage: 0.0000
  Batch 3060/4162, Loss: 3.5171, NLL: 3.5171, Coverage: 0.0000
  Batch 3070/4162, Loss: 3.9097, NLL: 3.9097, Coverage: 0.0000
  Batch 3080/4162, Loss: 4.0359, NLL: 4.0359, Coverage: 0.0000
  Batch 3090/4162, Loss: 4.2917, NLL: 4.2917, Coverage: 0.0000
  Batch 3100/4162, Loss: 4.3230, NLL: 4.3230, Coverage: 0.0000
  Batch 3110/4162, Loss: 3.8334, NLL: 3.8334, Coverage: 0.0000
  Batch 3120/4162, Loss: 4.1593, NLL: 4.1593, Coverage: 0.0000
  Batch 3130/4162, Loss: 4.3604, NLL: 4.3604, Coverage: 0.0000
  Batch 3140/4162, Loss: 4.0587, NLL: 4.0587, Coverage: 0.0000
  Batch 3150/4162, Loss: 3.8680, NLL: 3.8680, Coverage: 0.0000
  Batch 3160/4162, Loss: 3.7111, NLL: 3.7111, Coverage: 0.0000
  Batch 3170/4162, Loss: 4.2968, NLL: 4.2968, Coverage: 0.0000
  Batch 3180/4162, Loss: 3.9384, NLL: 3.9384, Coverage: 0.0000
  Batch 3190/4162, Loss: 4.1508, NLL: 4.1508, Coverage: 0.0000
  Batch 3200/4162, Loss: 4.5379, NLL: 4.5379, Coverage: 0.0000
  Batch 3210/4162, Loss: 4.1596, NLL: 4.1596, Coverage: 0.0000
  Batch 3220/4162, Loss: 4.0961, NLL: 4.0961, Coverage: 0.0000
  Batch 3230/4162, Loss: 4.1217, NLL: 4.1217, Coverage: 0.0000
  Batch 3240/4162, Loss: 4.0336, NLL: 4.0336, Coverage: 0.0000
  Batch 3250/4162, Loss: 3.8011, NLL: 3.8011, Coverage: 0.0000
  Batch 3260/4162, Loss: 4.2621, NLL: 4.2621, Coverage: 0.0000
  Batch 3270/4162, Loss: 3.7566, NLL: 3.7566, Coverage: 0.0000
  Batch 3280/4162, Loss: 3.5553, NLL: 3.5553, Coverage: 0.0000
  Batch 3290/4162, Loss: 4.1126, NLL: 4.1126, Coverage: 0.0000
  Batch 3300/4162, Loss: 4.1580, NLL: 4.1580, Coverage: 0.0000
  Batch 3310/4162, Loss: 4.2512, NLL: 4.2512, Coverage: 0.0000
  Batch 3320/4162, Loss: 3.8243, NLL: 3.8243, Coverage: 0.0000
  Batch 3330/4162, Loss: 3.9107, NLL: 3.9107, Coverage: 0.0000
  Batch 3340/4162, Loss: 4.1191, NLL: 4.1191, Coverage: 0.0000
  Batch 3350/4162, Loss: 4.2447, NLL: 4.2447, Coverage: 0.0000
  Batch 3360/4162, Loss: 4.4684, NLL: 4.4684, Coverage: 0.0000
  Batch 3370/4162, Loss: 4.6138, NLL: 4.6138, Coverage: 0.0000
  Batch 3380/4162, Loss: 3.9469, NLL: 3.9469, Coverage: 0.0000
  Batch 3390/4162, Loss: 4.5078, NLL: 4.5078, Coverage: 0.0000
  Batch 3400/4162, Loss: 3.9043, NLL: 3.9043, Coverage: 0.0000
  Batch 3410/4162, Loss: 3.8742, NLL: 3.8742, Coverage: 0.0000
  Batch 3420/4162, Loss: 4.0137, NLL: 4.0137, Coverage: 0.0000
  Batch 3430/4162, Loss: 3.8467, NLL: 3.8467, Coverage: 0.0000
  Batch 3440/4162, Loss: 4.1642, NLL: 4.1642, Coverage: 0.0000
  Batch 3450/4162, Loss: 3.8405, NLL: 3.8405, Coverage: 0.0000
  Batch 3460/4162, Loss: 4.3651, NLL: 4.3651, Coverage: 0.0000
  Batch 3470/4162, Loss: 3.9851, NLL: 3.9851, Coverage: 0.0000
  Batch 3480/4162, Loss: 4.6487, NLL: 4.6487, Coverage: 0.0000
  Batch 3490/4162, Loss: 3.9451, NLL: 3.9451, Coverage: 0.0000
  Batch 3500/4162, Loss: 4.5392, NLL: 4.5392, Coverage: 0.0000
  Batch 3510/4162, Loss: 4.2003, NLL: 4.2003, Coverage: 0.0000
  Batch 3520/4162, Loss: 3.9424, NLL: 3.9424, Coverage: 0.0000
  Batch 3530/4162, Loss: 3.7393, NLL: 3.7393, Coverage: 0.0000
  Batch 3540/4162, Loss: 4.4082, NLL: 4.4082, Coverage: 0.0000
  Batch 3550/4162, Loss: 4.5186, NLL: 4.5186, Coverage: 0.0000
  Batch 3560/4162, Loss: 4.8664, NLL: 4.8664, Coverage: 0.0000
  Batch 3570/4162, Loss: 4.0877, NLL: 4.0877, Coverage: 0.0000
  Batch 3580/4162, Loss: 3.8066, NLL: 3.8066, Coverage: 0.0000
  Batch 3590/4162, Loss: 4.1193, NLL: 4.1193, Coverage: 0.0000
  Batch 3600/4162, Loss: 4.0337, NLL: 4.0337, Coverage: 0.0000
  Batch 3610/4162, Loss: 4.0026, NLL: 4.0026, Coverage: 0.0000
  Batch 3620/4162, Loss: 4.4251, NLL: 4.4251, Coverage: 0.0000
  Batch 3630/4162, Loss: 3.8982, NLL: 3.8982, Coverage: 0.0000
  Batch 3640/4162, Loss: 3.9735, NLL: 3.9735, Coverage: 0.0000
  Batch 3650/4162, Loss: 3.9471, NLL: 3.9471, Coverage: 0.0000
  Batch 3660/4162, Loss: 3.9506, NLL: 3.9506, Coverage: 0.0000
  Batch 3670/4162, Loss: 4.3418, NLL: 4.3418, Coverage: 0.0000
  Batch 3680/4162, Loss: 4.2088, NLL: 4.2088, Coverage: 0.0000
  Batch 3690/4162, Loss: 3.9763, NLL: 3.9763, Coverage: 0.0000
  Batch 3700/4162, Loss: 4.1897, NLL: 4.1897, Coverage: 0.0000
  Batch 3710/4162, Loss: 4.3343, NLL: 4.3343, Coverage: 0.0000
  Batch 3720/4162, Loss: 4.6132, NLL: 4.6132, Coverage: 0.0000
  Batch 3730/4162, Loss: 4.1195, NLL: 4.1195, Coverage: 0.0000
  Batch 3740/4162, Loss: 4.0330, NLL: 4.0330, Coverage: 0.0000
  Batch 3750/4162, Loss: 4.2756, NLL: 4.2756, Coverage: 0.0000
  Batch 3760/4162, Loss: 4.1503, NLL: 4.1503, Coverage: 0.0000
  Batch 3770/4162, Loss: 3.7256, NLL: 3.7256, Coverage: 0.0000
  Batch 3780/4162, Loss: 4.4564, NLL: 4.4564, Coverage: 0.0000
  Batch 3790/4162, Loss: 3.9044, NLL: 3.9044, Coverage: 0.0000
  Batch 3800/4162, Loss: 3.9126, NLL: 3.9126, Coverage: 0.0000
  Batch 3810/4162, Loss: 4.5798, NLL: 4.5798, Coverage: 0.0000
  Batch 3820/4162, Loss: 3.8483, NLL: 3.8483, Coverage: 0.0000
  Batch 3830/4162, Loss: 4.0751, NLL: 4.0751, Coverage: 0.0000
  Batch 3840/4162, Loss: 4.1735, NLL: 4.1735, Coverage: 0.0000
  Batch 3850/4162, Loss: 4.5000, NLL: 4.5000, Coverage: 0.0000
  Batch 3860/4162, Loss: 4.0726, NLL: 4.0726, Coverage: 0.0000
  Batch 3870/4162, Loss: 3.7352, NLL: 3.7352, Coverage: 0.0000
  Batch 3880/4162, Loss: 3.5342, NLL: 3.5342, Coverage: 0.0000
  Batch 3890/4162, Loss: 3.8063, NLL: 3.8063, Coverage: 0.0000
  Batch 3900/4162, Loss: 4.4135, NLL: 4.4135, Coverage: 0.0000
  Batch 3910/4162, Loss: 4.1975, NLL: 4.1975, Coverage: 0.0000
  Batch 3920/4162, Loss: 4.2845, NLL: 4.2845, Coverage: 0.0000
  Batch 3930/4162, Loss: 4.2928, NLL: 4.2928, Coverage: 0.0000
  Batch 3940/4162, Loss: 3.8207, NLL: 3.8207, Coverage: 0.0000
  Batch 3950/4162, Loss: 4.0582, NLL: 4.0582, Coverage: 0.0000
  Batch 3960/4162, Loss: 3.9810, NLL: 3.9810, Coverage: 0.0000
  Batch 3970/4162, Loss: 3.9770, NLL: 3.9770, Coverage: 0.0000
  Batch 3980/4162, Loss: 3.7673, NLL: 3.7673, Coverage: 0.0000
  Batch 3990/4162, Loss: 4.1226, NLL: 4.1226, Coverage: 0.0000
  Batch 4000/4162, Loss: 4.1334, NLL: 4.1334, Coverage: 0.0000
  Batch 4010/4162, Loss: 4.2100, NLL: 4.2100, Coverage: 0.0000
  Batch 4020/4162, Loss: 4.1175, NLL: 4.1175, Coverage: 0.0000
  Batch 4030/4162, Loss: 3.9991, NLL: 3.9991, Coverage: 0.0000
  Batch 4040/4162, Loss: 4.2927, NLL: 4.2927, Coverage: 0.0000
  Batch 4050/4162, Loss: 4.4179, NLL: 4.4179, Coverage: 0.0000
  Batch 4060/4162, Loss: 4.6939, NLL: 4.6939, Coverage: 0.0000
  Batch 4070/4162, Loss: 4.0063, NLL: 4.0063, Coverage: 0.0000
  Batch 4080/4162, Loss: 3.5293, NLL: 3.5293, Coverage: 0.0000
  Batch 4090/4162, Loss: 4.2060, NLL: 4.2060, Coverage: 0.0000
  Batch 4100/4162, Loss: 4.3462, NLL: 4.3462, Coverage: 0.0000
  Batch 4110/4162, Loss: 3.9469, NLL: 3.9469, Coverage: 0.0000
  Batch 4120/4162, Loss: 4.0130, NLL: 4.0130, Coverage: 0.0000
  Batch 4130/4162, Loss: 4.2495, NLL: 4.2495, Coverage: 0.0000
  Batch 4140/4162, Loss: 4.2063, NLL: 4.2063, Coverage: 0.0000
  Batch 4150/4162, Loss: 4.0949, NLL: 4.0949, Coverage: 0.0000
  Batch 4160/4162, Loss: 4.1852, NLL: 4.1852, Coverage: 0.0000

  Train Loss: 4.1074 (NLL: 4.1074, Coverage: 0.0000)
  Val Loss: 6.4483 (NLL: 6.4483, Coverage: 0.0000)
  Time: 31m 18s
  ✓ Saved checkpoint to /scratch/aitordiez/News2Stock/summaries/pointer_generator_fasttext/checkpoints/checkpoint_epoch_10.pt

Epoch 11/20
----------------------------------------
  Batch 10/4162, Loss: 4.5145, NLL: 4.5145, Coverage: 0.0000
  Batch 20/4162, Loss: 3.8042, NLL: 3.8042, Coverage: 0.0000
  Batch 30/4162, Loss: 3.5939, NLL: 3.5939, Coverage: 0.0000
  Batch 40/4162, Loss: 3.7620, NLL: 3.7620, Coverage: 0.0000
  Batch 50/4162, Loss: 4.0371, NLL: 4.0371, Coverage: 0.0000
  Batch 60/4162, Loss: 4.0403, NLL: 4.0403, Coverage: 0.0000
  Batch 70/4162, Loss: 4.2930, NLL: 4.2930, Coverage: 0.0000
  Batch 80/4162, Loss: 3.9815, NLL: 3.9815, Coverage: 0.0000
  Batch 90/4162, Loss: 4.3081, NLL: 4.3081, Coverage: 0.0000
  Batch 100/4162, Loss: 3.7204, NLL: 3.7204, Coverage: 0.0000
  Batch 110/4162, Loss: 3.8833, NLL: 3.8833, Coverage: 0.0000
  Batch 120/4162, Loss: 3.8043, NLL: 3.8043, Coverage: 0.0000
  Batch 130/4162, Loss: 4.0415, NLL: 4.0415, Coverage: 0.0000
  Batch 140/4162, Loss: 3.8097, NLL: 3.8097, Coverage: 0.0000
  Batch 150/4162, Loss: 4.1855, NLL: 4.1855, Coverage: 0.0000
  Batch 160/4162, Loss: 4.4655, NLL: 4.4655, Coverage: 0.0000
  Batch 170/4162, Loss: 4.4197, NLL: 4.4197, Coverage: 0.0000
  Batch 180/4162, Loss: 4.1044, NLL: 4.1044, Coverage: 0.0000
  Batch 190/4162, Loss: 3.8311, NLL: 3.8311, Coverage: 0.0000
  Batch 200/4162, Loss: 4.1739, NLL: 4.1739, Coverage: 0.0000
  Batch 210/4162, Loss: 4.4056, NLL: 4.4056, Coverage: 0.0000
  Batch 220/4162, Loss: 4.3182, NLL: 4.3182, Coverage: 0.0000
  Batch 230/4162, Loss: 4.2452, NLL: 4.2452, Coverage: 0.0000
  Batch 240/4162, Loss: 4.1197, NLL: 4.1197, Coverage: 0.0000
  Batch 250/4162, Loss: 4.0755, NLL: 4.0755, Coverage: 0.0000
  Batch 260/4162, Loss: 4.0696, NLL: 4.0696, Coverage: 0.0000
  Batch 270/4162, Loss: 4.0524, NLL: 4.0524, Coverage: 0.0000
  Batch 280/4162, Loss: 3.9803, NLL: 3.9803, Coverage: 0.0000
  Batch 290/4162, Loss: 4.1143, NLL: 4.1143, Coverage: 0.0000
  Batch 300/4162, Loss: 4.1316, NLL: 4.1316, Coverage: 0.0000
  Batch 310/4162, Loss: 4.0363, NLL: 4.0363, Coverage: 0.0000
  Batch 320/4162, Loss: 4.1307, NLL: 4.1307, Coverage: 0.0000
  Batch 330/4162, Loss: 4.4450, NLL: 4.4450, Coverage: 0.0000
  Batch 340/4162, Loss: 4.0321, NLL: 4.0321, Coverage: 0.0000
  Batch 350/4162, Loss: 4.2505, NLL: 4.2505, Coverage: 0.0000
  Batch 360/4162, Loss: 4.1781, NLL: 4.1781, Coverage: 0.0000
  Batch 370/4162, Loss: 4.2674, NLL: 4.2674, Coverage: 0.0000
  Batch 380/4162, Loss: 4.0499, NLL: 4.0499, Coverage: 0.0000
  Batch 390/4162, Loss: 4.0880, NLL: 4.0880, Coverage: 0.0000
  Batch 400/4162, Loss: 4.3297, NLL: 4.3297, Coverage: 0.0000
  Batch 410/4162, Loss: 4.1247, NLL: 4.1247, Coverage: 0.0000
  Batch 420/4162, Loss: 3.9662, NLL: 3.9662, Coverage: 0.0000
  Batch 430/4162, Loss: 4.1359, NLL: 4.1359, Coverage: 0.0000
  Batch 440/4162, Loss: 4.3799, NLL: 4.3799, Coverage: 0.0000
  Batch 450/4162, Loss: 3.7825, NLL: 3.7825, Coverage: 0.0000
  Batch 460/4162, Loss: 4.4119, NLL: 4.4119, Coverage: 0.0000
  Batch 470/4162, Loss: 3.8480, NLL: 3.8480, Coverage: 0.0000
  Batch 480/4162, Loss: 4.1833, NLL: 4.1833, Coverage: 0.0000
  Batch 490/4162, Loss: 3.7247, NLL: 3.7247, Coverage: 0.0000
  Batch 500/4162, Loss: 4.1263, NLL: 4.1263, Coverage: 0.0000
  Batch 510/4162, Loss: 3.9013, NLL: 3.9013, Coverage: 0.0000
  Batch 520/4162, Loss: 4.4548, NLL: 4.4548, Coverage: 0.0000
  Batch 530/4162, Loss: 3.9285, NLL: 3.9285, Coverage: 0.0000
  Batch 540/4162, Loss: 3.9830, NLL: 3.9830, Coverage: 0.0000
  Batch 550/4162, Loss: 4.2906, NLL: 4.2906, Coverage: 0.0000
  Batch 560/4162, Loss: 3.5759, NLL: 3.5759, Coverage: 0.0000
  Batch 570/4162, Loss: 4.0325, NLL: 4.0325, Coverage: 0.0000
  Batch 580/4162, Loss: 3.9228, NLL: 3.9228, Coverage: 0.0000
  Batch 590/4162, Loss: 4.0639, NLL: 4.0639, Coverage: 0.0000
  Batch 600/4162, Loss: 4.0534, NLL: 4.0534, Coverage: 0.0000
  Batch 610/4162, Loss: 4.4430, NLL: 4.4430, Coverage: 0.0000
  Batch 620/4162, Loss: 4.4708, NLL: 4.4708, Coverage: 0.0000
  Batch 630/4162, Loss: 4.0967, NLL: 4.0967, Coverage: 0.0000
  Batch 640/4162, Loss: 3.8224, NLL: 3.8224, Coverage: 0.0000
  Batch 650/4162, Loss: 4.0635, NLL: 4.0635, Coverage: 0.0000
  Batch 660/4162, Loss: 3.1950, NLL: 3.1950, Coverage: 0.0000
  Batch 670/4162, Loss: 3.8187, NLL: 3.8187, Coverage: 0.0000
  Batch 680/4162, Loss: 4.3560, NLL: 4.3560, Coverage: 0.0000
  Batch 690/4162, Loss: 4.0122, NLL: 4.0122, Coverage: 0.0000
  Batch 700/4162, Loss: 4.2624, NLL: 4.2624, Coverage: 0.0000
  Batch 710/4162, Loss: 4.0754, NLL: 4.0754, Coverage: 0.0000
  Batch 720/4162, Loss: 4.2045, NLL: 4.2045, Coverage: 0.0000
  Batch 730/4162, Loss: 3.7967, NLL: 3.7967, Coverage: 0.0000
  Batch 740/4162, Loss: 4.0689, NLL: 4.0689, Coverage: 0.0000
  Batch 750/4162, Loss: 3.7266, NLL: 3.7266, Coverage: 0.0000
  Batch 760/4162, Loss: 4.3238, NLL: 4.3238, Coverage: 0.0000
  Batch 770/4162, Loss: 3.6764, NLL: 3.6764, Coverage: 0.0000
  Batch 780/4162, Loss: 4.3551, NLL: 4.3551, Coverage: 0.0000
  Batch 790/4162, Loss: 4.6663, NLL: 4.6663, Coverage: 0.0000
  Batch 800/4162, Loss: 4.1485, NLL: 4.1485, Coverage: 0.0000
  Batch 810/4162, Loss: 4.0131, NLL: 4.0131, Coverage: 0.0000
  Batch 820/4162, Loss: 4.0893, NLL: 4.0893, Coverage: 0.0000
  Batch 830/4162, Loss: 4.1176, NLL: 4.1176, Coverage: 0.0000
  Batch 840/4162, Loss: 4.2526, NLL: 4.2526, Coverage: 0.0000
  Batch 850/4162, Loss: 4.4339, NLL: 4.4339, Coverage: 0.0000
  Batch 860/4162, Loss: 3.6743, NLL: 3.6743, Coverage: 0.0000
  Batch 870/4162, Loss: 3.8766, NLL: 3.8766, Coverage: 0.0000
  Batch 880/4162, Loss: 4.4289, NLL: 4.4289, Coverage: 0.0000
  Batch 890/4162, Loss: 3.8485, NLL: 3.8485, Coverage: 0.0000
  Batch 900/4162, Loss: 3.6089, NLL: 3.6089, Coverage: 0.0000
  Batch 910/4162, Loss: 4.3395, NLL: 4.3395, Coverage: 0.0000
  Batch 920/4162, Loss: 3.9023, NLL: 3.9023, Coverage: 0.0000
  Batch 930/4162, Loss: 3.5967, NLL: 3.5967, Coverage: 0.0000
  Batch 940/4162, Loss: 4.1809, NLL: 4.1809, Coverage: 0.0000
  Batch 950/4162, Loss: 4.2897, NLL: 4.2897, Coverage: 0.0000
  Batch 960/4162, Loss: 3.9722, NLL: 3.9722, Coverage: 0.0000
  Batch 970/4162, Loss: 4.0151, NLL: 4.0151, Coverage: 0.0000
  Batch 980/4162, Loss: 4.0180, NLL: 4.0180, Coverage: 0.0000
  Batch 990/4162, Loss: 3.8974, NLL: 3.8974, Coverage: 0.0000
  Batch 1000/4162, Loss: 3.8719, NLL: 3.8719, Coverage: 0.0000
  Batch 1010/4162, Loss: 3.7622, NLL: 3.7622, Coverage: 0.0000
  Batch 1020/4162, Loss: 3.9324, NLL: 3.9324, Coverage: 0.0000
  Batch 1030/4162, Loss: 4.2421, NLL: 4.2421, Coverage: 0.0000
  Batch 1040/4162, Loss: 4.1710, NLL: 4.1710, Coverage: 0.0000
  Batch 1050/4162, Loss: 4.2021, NLL: 4.2021, Coverage: 0.0000
  Batch 1060/4162, Loss: 4.2588, NLL: 4.2588, Coverage: 0.0000
  Batch 1070/4162, Loss: 3.8827, NLL: 3.8827, Coverage: 0.0000
  Batch 1080/4162, Loss: 3.8516, NLL: 3.8516, Coverage: 0.0000
  Batch 1090/4162, Loss: 3.9122, NLL: 3.9122, Coverage: 0.0000
  Batch 1100/4162, Loss: 4.0358, NLL: 4.0358, Coverage: 0.0000
  Batch 1110/4162, Loss: 4.3462, NLL: 4.3462, Coverage: 0.0000
  Batch 1120/4162, Loss: 4.1412, NLL: 4.1412, Coverage: 0.0000
  Batch 1130/4162, Loss: 3.7047, NLL: 3.7047, Coverage: 0.0000
  Batch 1140/4162, Loss: 3.6735, NLL: 3.6735, Coverage: 0.0000
  Batch 1150/4162, Loss: 4.1523, NLL: 4.1523, Coverage: 0.0000
  Batch 1160/4162, Loss: 3.8398, NLL: 3.8398, Coverage: 0.0000
  Batch 1170/4162, Loss: 4.3516, NLL: 4.3516, Coverage: 0.0000
  Batch 1180/4162, Loss: 4.0873, NLL: 4.0873, Coverage: 0.0000
  Batch 1190/4162, Loss: 4.3100, NLL: 4.3100, Coverage: 0.0000
  Batch 1200/4162, Loss: 4.1338, NLL: 4.1338, Coverage: 0.0000
  Batch 1210/4162, Loss: 3.7835, NLL: 3.7835, Coverage: 0.0000
  Batch 1220/4162, Loss: 3.9884, NLL: 3.9884, Coverage: 0.0000
  Batch 1230/4162, Loss: 3.6122, NLL: 3.6122, Coverage: 0.0000
  Batch 1240/4162, Loss: 4.1740, NLL: 4.1740, Coverage: 0.0000
  Batch 1250/4162, Loss: 4.4787, NLL: 4.4787, Coverage: 0.0000
  Batch 1260/4162, Loss: 4.5900, NLL: 4.5900, Coverage: 0.0000
  Batch 1270/4162, Loss: 4.1687, NLL: 4.1687, Coverage: 0.0000
  Batch 1280/4162, Loss: 4.2642, NLL: 4.2642, Coverage: 0.0000
  Batch 1290/4162, Loss: 4.1316, NLL: 4.1316, Coverage: 0.0000
  Batch 1300/4162, Loss: 3.7694, NLL: 3.7694, Coverage: 0.0000
  Batch 1310/4162, Loss: 3.8909, NLL: 3.8909, Coverage: 0.0000
  Batch 1320/4162, Loss: 4.0094, NLL: 4.0094, Coverage: 0.0000
  Batch 1330/4162, Loss: 4.3030, NLL: 4.3030, Coverage: 0.0000
  Batch 1340/4162, Loss: 3.9379, NLL: 3.9379, Coverage: 0.0000
  Batch 1350/4162, Loss: 4.4932, NLL: 4.4932, Coverage: 0.0000
  Batch 1360/4162, Loss: 4.1593, NLL: 4.1593, Coverage: 0.0000
  Batch 1370/4162, Loss: 3.7664, NLL: 3.7664, Coverage: 0.0000
  Batch 1380/4162, Loss: 3.9342, NLL: 3.9342, Coverage: 0.0000
  Batch 1390/4162, Loss: 4.0666, NLL: 4.0666, Coverage: 0.0000
  Batch 1400/4162, Loss: 3.9479, NLL: 3.9479, Coverage: 0.0000
  Batch 1410/4162, Loss: 3.9956, NLL: 3.9956, Coverage: 0.0000
  Batch 1420/4162, Loss: 3.7352, NLL: 3.7352, Coverage: 0.0000
  Batch 1430/4162, Loss: 3.5750, NLL: 3.5750, Coverage: 0.0000
  Batch 1440/4162, Loss: 4.1001, NLL: 4.1001, Coverage: 0.0000
  Batch 1450/4162, Loss: 4.1166, NLL: 4.1166, Coverage: 0.0000
  Batch 1460/4162, Loss: 3.3983, NLL: 3.3983, Coverage: 0.0000
  Batch 1470/4162, Loss: 3.9050, NLL: 3.9050, Coverage: 0.0000
  Batch 1480/4162, Loss: 3.9632, NLL: 3.9632, Coverage: 0.0000
  Batch 1490/4162, Loss: 4.3182, NLL: 4.3182, Coverage: 0.0000
  Batch 1500/4162, Loss: 4.2042, NLL: 4.2042, Coverage: 0.0000
  Batch 1510/4162, Loss: 3.8918, NLL: 3.8918, Coverage: 0.0000
  Batch 1520/4162, Loss: 4.3373, NLL: 4.3373, Coverage: 0.0000
  Batch 1530/4162, Loss: 3.8436, NLL: 3.8436, Coverage: 0.0000
  Batch 1540/4162, Loss: 3.7191, NLL: 3.7191, Coverage: 0.0000
  Batch 1550/4162, Loss: 4.3076, NLL: 4.3076, Coverage: 0.0000
  Batch 1560/4162, Loss: 4.1665, NLL: 4.1665, Coverage: 0.0000
  Batch 1570/4162, Loss: 4.2117, NLL: 4.2117, Coverage: 0.0000
  Batch 1580/4162, Loss: 4.1581, NLL: 4.1581, Coverage: 0.0000
  Batch 1590/4162, Loss: 3.9068, NLL: 3.9068, Coverage: 0.0000
  Batch 1600/4162, Loss: 3.8147, NLL: 3.8147, Coverage: 0.0000
  Batch 1610/4162, Loss: 3.9728, NLL: 3.9728, Coverage: 0.0000
  Batch 1620/4162, Loss: 4.0463, NLL: 4.0463, Coverage: 0.0000
  Batch 1630/4162, Loss: 4.3203, NLL: 4.3203, Coverage: 0.0000
  Batch 1640/4162, Loss: 3.8036, NLL: 3.8036, Coverage: 0.0000
  Batch 1650/4162, Loss: 4.2346, NLL: 4.2346, Coverage: 0.0000
  Batch 1660/4162, Loss: 4.1058, NLL: 4.1058, Coverage: 0.0000
  Batch 1670/4162, Loss: 4.2758, NLL: 4.2758, Coverage: 0.0000
  Batch 1680/4162, Loss: 3.8569, NLL: 3.8569, Coverage: 0.0000
  Batch 1690/4162, Loss: 3.8146, NLL: 3.8146, Coverage: 0.0000
  Batch 1700/4162, Loss: 4.4736, NLL: 4.4736, Coverage: 0.0000
  Batch 1710/4162, Loss: 4.5932, NLL: 4.5932, Coverage: 0.0000
  Batch 1720/4162, Loss: 3.9922, NLL: 3.9922, Coverage: 0.0000
  Batch 1730/4162, Loss: 4.2048, NLL: 4.2048, Coverage: 0.0000
  Batch 1740/4162, Loss: 4.2918, NLL: 4.2918, Coverage: 0.0000
  Batch 1750/4162, Loss: 3.9757, NLL: 3.9757, Coverage: 0.0000
  Batch 1760/4162, Loss: 4.2714, NLL: 4.2714, Coverage: 0.0000
  Batch 1770/4162, Loss: 3.8631, NLL: 3.8631, Coverage: 0.0000
  Batch 1780/4162, Loss: 4.0554, NLL: 4.0554, Coverage: 0.0000
  Batch 1790/4162, Loss: 4.4009, NLL: 4.4009, Coverage: 0.0000
  Batch 1800/4162, Loss: 3.8413, NLL: 3.8413, Coverage: 0.0000
  Batch 1810/4162, Loss: 3.8032, NLL: 3.8032, Coverage: 0.0000
  Batch 1820/4162, Loss: 3.2332, NLL: 3.2332, Coverage: 0.0000
  Batch 1830/4162, Loss: 4.0891, NLL: 4.0891, Coverage: 0.0000
  Batch 1840/4162, Loss: 4.0043, NLL: 4.0043, Coverage: 0.0000
  Batch 1850/4162, Loss: 3.7081, NLL: 3.7081, Coverage: 0.0000
  Batch 1860/4162, Loss: 3.9331, NLL: 3.9331, Coverage: 0.0000
  Batch 1870/4162, Loss: 3.9702, NLL: 3.9702, Coverage: 0.0000
  Batch 1880/4162, Loss: 4.1571, NLL: 4.1571, Coverage: 0.0000
  Batch 1890/4162, Loss: 3.8153, NLL: 3.8153, Coverage: 0.0000
  Batch 1900/4162, Loss: 4.1188, NLL: 4.1188, Coverage: 0.0000
  Batch 1910/4162, Loss: 4.2028, NLL: 4.2028, Coverage: 0.0000
  Batch 1920/4162, Loss: 4.0709, NLL: 4.0709, Coverage: 0.0000
  Batch 1930/4162, Loss: 4.4326, NLL: 4.4326, Coverage: 0.0000
  Batch 1940/4162, Loss: 4.0251, NLL: 4.0251, Coverage: 0.0000
  Batch 1950/4162, Loss: 3.8424, NLL: 3.8424, Coverage: 0.0000
  Batch 1960/4162, Loss: 3.8814, NLL: 3.8814, Coverage: 0.0000
  Batch 1970/4162, Loss: 4.5028, NLL: 4.5028, Coverage: 0.0000
  Batch 1980/4162, Loss: 4.3051, NLL: 4.3051, Coverage: 0.0000
  Batch 1990/4162, Loss: 4.3576, NLL: 4.3576, Coverage: 0.0000
  Batch 2000/4162, Loss: 4.1001, NLL: 4.1001, Coverage: 0.0000
  Batch 2010/4162, Loss: 4.1328, NLL: 4.1328, Coverage: 0.0000
  Batch 2020/4162, Loss: 4.1414, NLL: 4.1414, Coverage: 0.0000
  Batch 2030/4162, Loss: 3.7932, NLL: 3.7932, Coverage: 0.0000
  Batch 2040/4162, Loss: 4.0220, NLL: 4.0220, Coverage: 0.0000
  Batch 2050/4162, Loss: 3.8156, NLL: 3.8156, Coverage: 0.0000
  Batch 2060/4162, Loss: 4.3375, NLL: 4.3375, Coverage: 0.0000
  Batch 2070/4162, Loss: 4.4883, NLL: 4.4883, Coverage: 0.0000
  Batch 2080/4162, Loss: 3.6098, NLL: 3.6098, Coverage: 0.0000
  Batch 2090/4162, Loss: 4.3365, NLL: 4.3365, Coverage: 0.0000
  Batch 2100/4162, Loss: 3.9425, NLL: 3.9425, Coverage: 0.0000
  Batch 2110/4162, Loss: 3.8148, NLL: 3.8148, Coverage: 0.0000
  Batch 2120/4162, Loss: 4.2568, NLL: 4.2568, Coverage: 0.0000
  Batch 2130/4162, Loss: 3.9140, NLL: 3.9140, Coverage: 0.0000
  Batch 2140/4162, Loss: 3.7344, NLL: 3.7344, Coverage: 0.0000
  Batch 2150/4162, Loss: 3.6562, NLL: 3.6562, Coverage: 0.0000
  Batch 2160/4162, Loss: 4.9129, NLL: 4.9129, Coverage: 0.0000
  Batch 2170/4162, Loss: 4.2051, NLL: 4.2051, Coverage: 0.0000
  Batch 2180/4162, Loss: 4.1182, NLL: 4.1182, Coverage: 0.0000
  Batch 2190/4162, Loss: 3.5920, NLL: 3.5920, Coverage: 0.0000
  Batch 2200/4162, Loss: 3.9191, NLL: 3.9191, Coverage: 0.0000
  Batch 2210/4162, Loss: 4.3534, NLL: 4.3534, Coverage: 0.0000
  Batch 2220/4162, Loss: 4.3733, NLL: 4.3733, Coverage: 0.0000
  Batch 2230/4162, Loss: 4.0664, NLL: 4.0664, Coverage: 0.0000
  Batch 2240/4162, Loss: 4.1511, NLL: 4.1511, Coverage: 0.0000
  Batch 2250/4162, Loss: 3.4982, NLL: 3.4982, Coverage: 0.0000
  Batch 2260/4162, Loss: 4.5420, NLL: 4.5420, Coverage: 0.0000
  Batch 2270/4162, Loss: 4.3661, NLL: 4.3661, Coverage: 0.0000
  Batch 2280/4162, Loss: 3.6714, NLL: 3.6714, Coverage: 0.0000
  Batch 2290/4162, Loss: 4.0517, NLL: 4.0517, Coverage: 0.0000
  Batch 2300/4162, Loss: 3.3534, NLL: 3.3534, Coverage: 0.0000
  Batch 2310/4162, Loss: 4.0489, NLL: 4.0489, Coverage: 0.0000
  Batch 2320/4162, Loss: 4.2979, NLL: 4.2979, Coverage: 0.0000
  Batch 2330/4162, Loss: 4.1954, NLL: 4.1954, Coverage: 0.0000
  Batch 2340/4162, Loss: 4.0224, NLL: 4.0224, Coverage: 0.0000
  Batch 2350/4162, Loss: 4.6199, NLL: 4.6199, Coverage: 0.0000
  Batch 2360/4162, Loss: 3.8501, NLL: 3.8501, Coverage: 0.0000
  Batch 2370/4162, Loss: 3.9155, NLL: 3.9155, Coverage: 0.0000
  Batch 2380/4162, Loss: 3.9512, NLL: 3.9512, Coverage: 0.0000
  Batch 2390/4162, Loss: 4.1268, NLL: 4.1268, Coverage: 0.0000
  Batch 2400/4162, Loss: 3.8603, NLL: 3.8603, Coverage: 0.0000
  Batch 2410/4162, Loss: 3.9697, NLL: 3.9697, Coverage: 0.0000
  Batch 2420/4162, Loss: 4.0931, NLL: 4.0931, Coverage: 0.0000
  Batch 2430/4162, Loss: 4.5151, NLL: 4.5151, Coverage: 0.0000
  Batch 2440/4162, Loss: 3.9608, NLL: 3.9608, Coverage: 0.0000
  Batch 2450/4162, Loss: 3.7739, NLL: 3.7739, Coverage: 0.0000
  Batch 2460/4162, Loss: 3.9014, NLL: 3.9014, Coverage: 0.0000
  Batch 2470/4162, Loss: 3.9294, NLL: 3.9294, Coverage: 0.0000
  Batch 2480/4162, Loss: 3.9209, NLL: 3.9209, Coverage: 0.0000
  Batch 2490/4162, Loss: 4.2364, NLL: 4.2364, Coverage: 0.0000
  Batch 2500/4162, Loss: 3.9368, NLL: 3.9368, Coverage: 0.0000
  Batch 2510/4162, Loss: 4.0875, NLL: 4.0875, Coverage: 0.0000
  Batch 2520/4162, Loss: 3.9757, NLL: 3.9757, Coverage: 0.0000
  Batch 2530/4162, Loss: 4.1737, NLL: 4.1737, Coverage: 0.0000
  Batch 2540/4162, Loss: 4.7625, NLL: 4.7625, Coverage: 0.0000
  Batch 2550/4162, Loss: 3.7307, NLL: 3.7307, Coverage: 0.0000
  Batch 2560/4162, Loss: 4.3091, NLL: 4.3091, Coverage: 0.0000
  Batch 2570/4162, Loss: 4.4567, NLL: 4.4567, Coverage: 0.0000
  Batch 2580/4162, Loss: 3.7931, NLL: 3.7931, Coverage: 0.0000
  Batch 2590/4162, Loss: 3.6149, NLL: 3.6149, Coverage: 0.0000
  Batch 2600/4162, Loss: 3.8308, NLL: 3.8308, Coverage: 0.0000
  Batch 2610/4162, Loss: 3.9116, NLL: 3.9116, Coverage: 0.0000
  Batch 2620/4162, Loss: 4.0660, NLL: 4.0660, Coverage: 0.0000
  Batch 2630/4162, Loss: 3.9482, NLL: 3.9482, Coverage: 0.0000
  Batch 2640/4162, Loss: 3.6194, NLL: 3.6194, Coverage: 0.0000
  Batch 2650/4162, Loss: 3.8734, NLL: 3.8734, Coverage: 0.0000
  Batch 2660/4162, Loss: 4.3148, NLL: 4.3148, Coverage: 0.0000
  Batch 2670/4162, Loss: 3.9740, NLL: 3.9740, Coverage: 0.0000
  Batch 2680/4162, Loss: 4.0912, NLL: 4.0912, Coverage: 0.0000
  Batch 2690/4162, Loss: 4.2739, NLL: 4.2739, Coverage: 0.0000
  Batch 2700/4162, Loss: 4.2650, NLL: 4.2650, Coverage: 0.0000
  Batch 2710/4162, Loss: 4.1564, NLL: 4.1564, Coverage: 0.0000
  Batch 2720/4162, Loss: 3.8904, NLL: 3.8904, Coverage: 0.0000
  Batch 2730/4162, Loss: 4.3306, NLL: 4.3306, Coverage: 0.0000
  Batch 2740/4162, Loss: 4.2375, NLL: 4.2375, Coverage: 0.0000
  Batch 2750/4162, Loss: 4.0000, NLL: 4.0000, Coverage: 0.0000
  Batch 2760/4162, Loss: 4.2162, NLL: 4.2162, Coverage: 0.0000
  Batch 2770/4162, Loss: 3.4689, NLL: 3.4689, Coverage: 0.0000
  Batch 2780/4162, Loss: 4.1907, NLL: 4.1907, Coverage: 0.0000
  Batch 2790/4162, Loss: 4.2742, NLL: 4.2742, Coverage: 0.0000
  Batch 2800/4162, Loss: 4.2862, NLL: 4.2862, Coverage: 0.0000
  Batch 2810/4162, Loss: 3.3747, NLL: 3.3747, Coverage: 0.0000
  Batch 2820/4162, Loss: 4.0733, NLL: 4.0733, Coverage: 0.0000
  Batch 2830/4162, Loss: 3.6660, NLL: 3.6660, Coverage: 0.0000
  Batch 2840/4162, Loss: 3.8940, NLL: 3.8940, Coverage: 0.0000
  Batch 2850/4162, Loss: 3.6835, NLL: 3.6835, Coverage: 0.0000
  Batch 2860/4162, Loss: 4.1144, NLL: 4.1144, Coverage: 0.0000
  Batch 2870/4162, Loss: 3.7616, NLL: 3.7616, Coverage: 0.0000
  Batch 2880/4162, Loss: 3.7704, NLL: 3.7704, Coverage: 0.0000
  Batch 2890/4162, Loss: 4.3382, NLL: 4.3382, Coverage: 0.0000
  Batch 2900/4162, Loss: 3.7649, NLL: 3.7649, Coverage: 0.0000
  Batch 2910/4162, Loss: 4.3254, NLL: 4.3254, Coverage: 0.0000
  Batch 2920/4162, Loss: 4.2969, NLL: 4.2969, Coverage: 0.0000
  Batch 2930/4162, Loss: 4.2561, NLL: 4.2561, Coverage: 0.0000
  Batch 2940/4162, Loss: 4.4682, NLL: 4.4682, Coverage: 0.0000
  Batch 2950/4162, Loss: 3.9099, NLL: 3.9099, Coverage: 0.0000
  Batch 2960/4162, Loss: 4.0580, NLL: 4.0580, Coverage: 0.0000
  Batch 2970/4162, Loss: 4.2227, NLL: 4.2227, Coverage: 0.0000
  Batch 2980/4162, Loss: 3.8953, NLL: 3.8953, Coverage: 0.0000
  Batch 2990/4162, Loss: 3.7574, NLL: 3.7574, Coverage: 0.0000
  Batch 3000/4162, Loss: 4.1909, NLL: 4.1909, Coverage: 0.0000
  Batch 3010/4162, Loss: 4.3924, NLL: 4.3924, Coverage: 0.0000
  Batch 3020/4162, Loss: 4.1782, NLL: 4.1782, Coverage: 0.0000
  Batch 3030/4162, Loss: 3.9206, NLL: 3.9206, Coverage: 0.0000
  Batch 3040/4162, Loss: 4.0998, NLL: 4.0998, Coverage: 0.0000
  Batch 3050/4162, Loss: 3.6818, NLL: 3.6818, Coverage: 0.0000
  Batch 3060/4162, Loss: 4.1650, NLL: 4.1650, Coverage: 0.0000
  Batch 3070/4162, Loss: 4.6313, NLL: 4.6313, Coverage: 0.0000
  Batch 3080/4162, Loss: 3.9494, NLL: 3.9494, Coverage: 0.0000
  Batch 3090/4162, Loss: 3.8861, NLL: 3.8861, Coverage: 0.0000
  Batch 3100/4162, Loss: 3.7012, NLL: 3.7012, Coverage: 0.0000
  Batch 3110/4162, Loss: 4.2362, NLL: 4.2362, Coverage: 0.0000
  Batch 3120/4162, Loss: 4.4430, NLL: 4.4430, Coverage: 0.0000
  Batch 3130/4162, Loss: 3.7969, NLL: 3.7969, Coverage: 0.0000
  Batch 3140/4162, Loss: 3.9356, NLL: 3.9356, Coverage: 0.0000
  Batch 3150/4162, Loss: 3.6462, NLL: 3.6462, Coverage: 0.0000
  Batch 3160/4162, Loss: 4.3185, NLL: 4.3185, Coverage: 0.0000
  Batch 3170/4162, Loss: 4.2174, NLL: 4.2174, Coverage: 0.0000
  Batch 3180/4162, Loss: 4.1658, NLL: 4.1658, Coverage: 0.0000
  Batch 3190/4162, Loss: 3.7340, NLL: 3.7340, Coverage: 0.0000
  Batch 3200/4162, Loss: 4.3072, NLL: 4.3072, Coverage: 0.0000
  Batch 3210/4162, Loss: 4.8082, NLL: 4.8082, Coverage: 0.0000
  Batch 3220/4162, Loss: 3.6466, NLL: 3.6466, Coverage: 0.0000
  Batch 3230/4162, Loss: 4.3478, NLL: 4.3478, Coverage: 0.0000
  Batch 3240/4162, Loss: 4.4385, NLL: 4.4385, Coverage: 0.0000
  Batch 3250/4162, Loss: 4.4591, NLL: 4.4591, Coverage: 0.0000
  Batch 3260/4162, Loss: 4.1086, NLL: 4.1086, Coverage: 0.0000
  Batch 3270/4162, Loss: 4.4419, NLL: 4.4419, Coverage: 0.0000
  Batch 3280/4162, Loss: 4.1334, NLL: 4.1334, Coverage: 0.0000
  Batch 3290/4162, Loss: 3.4621, NLL: 3.4621, Coverage: 0.0000
  Batch 3300/4162, Loss: 4.0444, NLL: 4.0444, Coverage: 0.0000
  Batch 3310/4162, Loss: 4.4201, NLL: 4.4201, Coverage: 0.0000
  Batch 3320/4162, Loss: 3.9170, NLL: 3.9170, Coverage: 0.0000
  Batch 3330/4162, Loss: 4.1723, NLL: 4.1723, Coverage: 0.0000
  Batch 3340/4162, Loss: 3.6741, NLL: 3.6741, Coverage: 0.0000
  Batch 3350/4162, Loss: 4.2013, NLL: 4.2013, Coverage: 0.0000
  Batch 3360/4162, Loss: 4.3229, NLL: 4.3229, Coverage: 0.0000
  Batch 3370/4162, Loss: 4.3201, NLL: 4.3201, Coverage: 0.0000
  Batch 3380/4162, Loss: 4.3532, NLL: 4.3532, Coverage: 0.0000
  Batch 3390/4162, Loss: 4.0370, NLL: 4.0370, Coverage: 0.0000
  Batch 3400/4162, Loss: 3.7940, NLL: 3.7940, Coverage: 0.0000
  Batch 3410/4162, Loss: 3.9815, NLL: 3.9815, Coverage: 0.0000
  Batch 3420/4162, Loss: 3.8047, NLL: 3.8047, Coverage: 0.0000
  Batch 3430/4162, Loss: 4.2397, NLL: 4.2397, Coverage: 0.0000
  Batch 3440/4162, Loss: 3.7560, NLL: 3.7560, Coverage: 0.0000
  Batch 3450/4162, Loss: 4.4108, NLL: 4.4108, Coverage: 0.0000
  Batch 3460/4162, Loss: 3.9323, NLL: 3.9323, Coverage: 0.0000
  Batch 3470/4162, Loss: 3.9625, NLL: 3.9625, Coverage: 0.0000
  Batch 3480/4162, Loss: 4.2525, NLL: 4.2525, Coverage: 0.0000
  Batch 3490/4162, Loss: 3.7521, NLL: 3.7521, Coverage: 0.0000
  Batch 3500/4162, Loss: 4.1065, NLL: 4.1065, Coverage: 0.0000
  Batch 3510/4162, Loss: 4.2293, NLL: 4.2293, Coverage: 0.0000
  Batch 3520/4162, Loss: 4.3089, NLL: 4.3089, Coverage: 0.0000
  Batch 3530/4162, Loss: 4.1138, NLL: 4.1138, Coverage: 0.0000
  Batch 3540/4162, Loss: 4.1423, NLL: 4.1423, Coverage: 0.0000
  Batch 3550/4162, Loss: 4.3142, NLL: 4.3142, Coverage: 0.0000
  Batch 3560/4162, Loss: 4.6248, NLL: 4.6248, Coverage: 0.0000
  Batch 3570/4162, Loss: 4.2084, NLL: 4.2084, Coverage: 0.0000
  Batch 3580/4162, Loss: 4.2982, NLL: 4.2982, Coverage: 0.0000
  Batch 3590/4162, Loss: 4.2207, NLL: 4.2207, Coverage: 0.0000
  Batch 3600/4162, Loss: 4.0333, NLL: 4.0333, Coverage: 0.0000
  Batch 3610/4162, Loss: 3.6842, NLL: 3.6842, Coverage: 0.0000
  Batch 3620/4162, Loss: 3.9927, NLL: 3.9927, Coverage: 0.0000
  Batch 3630/4162, Loss: 4.2913, NLL: 4.2913, Coverage: 0.0000
  Batch 3640/4162, Loss: 4.3185, NLL: 4.3185, Coverage: 0.0000
  Batch 3650/4162, Loss: 3.9500, NLL: 3.9500, Coverage: 0.0000
  Batch 3660/4162, Loss: 3.7220, NLL: 3.7220, Coverage: 0.0000
  Batch 3670/4162, Loss: 3.9277, NLL: 3.9277, Coverage: 0.0000
  Batch 3680/4162, Loss: 4.0822, NLL: 4.0822, Coverage: 0.0000
  Batch 3690/4162, Loss: 3.5720, NLL: 3.5720, Coverage: 0.0000
  Batch 3700/4162, Loss: 4.3449, NLL: 4.3449, Coverage: 0.0000
  Batch 3710/4162, Loss: 4.0069, NLL: 4.0069, Coverage: 0.0000
  Batch 3720/4162, Loss: 4.3004, NLL: 4.3004, Coverage: 0.0000
  Batch 3730/4162, Loss: 3.8354, NLL: 3.8354, Coverage: 0.0000
  Batch 3740/4162, Loss: 3.9206, NLL: 3.9206, Coverage: 0.0000
  Batch 3750/4162, Loss: 4.0567, NLL: 4.0567, Coverage: 0.0000
  Batch 3760/4162, Loss: 3.9915, NLL: 3.9915, Coverage: 0.0000
  Batch 3770/4162, Loss: 3.8011, NLL: 3.8011, Coverage: 0.0000
  Batch 3780/4162, Loss: 4.2611, NLL: 4.2611, Coverage: 0.0000
  Batch 3790/4162, Loss: 3.6048, NLL: 3.6048, Coverage: 0.0000
  Batch 3800/4162, Loss: 4.3535, NLL: 4.3535, Coverage: 0.0000
  Batch 3810/4162, Loss: 3.9957, NLL: 3.9957, Coverage: 0.0000
  Batch 3820/4162, Loss: 3.8445, NLL: 3.8445, Coverage: 0.0000
  Batch 3830/4162, Loss: 4.2292, NLL: 4.2292, Coverage: 0.0000
  Batch 3840/4162, Loss: 4.1893, NLL: 4.1893, Coverage: 0.0000
  Batch 3850/4162, Loss: 3.7031, NLL: 3.7031, Coverage: 0.0000
  Batch 3860/4162, Loss: 3.9742, NLL: 3.9742, Coverage: 0.0000
  Batch 3870/4162, Loss: 4.3405, NLL: 4.3405, Coverage: 0.0000
  Batch 3880/4162, Loss: 4.5652, NLL: 4.5652, Coverage: 0.0000
  Batch 3890/4162, Loss: 4.0540, NLL: 4.0540, Coverage: 0.0000
  Batch 3900/4162, Loss: 3.7855, NLL: 3.7855, Coverage: 0.0000
  Batch 3910/4162, Loss: 4.0310, NLL: 4.0310, Coverage: 0.0000
  Batch 3920/4162, Loss: 4.3241, NLL: 4.3241, Coverage: 0.0000
  Batch 3930/4162, Loss: 4.2231, NLL: 4.2231, Coverage: 0.0000
  Batch 3940/4162, Loss: 4.4979, NLL: 4.4979, Coverage: 0.0000
  Batch 3950/4162, Loss: 3.9494, NLL: 3.9494, Coverage: 0.0000
  Batch 3960/4162, Loss: 3.6689, NLL: 3.6689, Coverage: 0.0000
  Batch 3970/4162, Loss: 4.1272, NLL: 4.1272, Coverage: 0.0000
  Batch 3980/4162, Loss: 3.8119, NLL: 3.8119, Coverage: 0.0000
  Batch 3990/4162, Loss: 4.0981, NLL: 4.0981, Coverage: 0.0000
  Batch 4000/4162, Loss: 3.4417, NLL: 3.4417, Coverage: 0.0000
  Batch 4010/4162, Loss: 3.8266, NLL: 3.8266, Coverage: 0.0000
  Batch 4020/4162, Loss: 3.6085, NLL: 3.6085, Coverage: 0.0000
  Batch 4030/4162, Loss: 4.1169, NLL: 4.1169, Coverage: 0.0000
  Batch 4040/4162, Loss: 4.5283, NLL: 4.5283, Coverage: 0.0000
  Batch 4050/4162, Loss: 4.0629, NLL: 4.0629, Coverage: 0.0000
  Batch 4060/4162, Loss: 4.0048, NLL: 4.0048, Coverage: 0.0000
  Batch 4070/4162, Loss: 3.3462, NLL: 3.3462, Coverage: 0.0000
  Batch 4080/4162, Loss: 4.4420, NLL: 4.4420, Coverage: 0.0000
  Batch 4090/4162, Loss: 4.0684, NLL: 4.0684, Coverage: 0.0000
  Batch 4100/4162, Loss: 3.9740, NLL: 3.9740, Coverage: 0.0000
  Batch 4110/4162, Loss: 3.8880, NLL: 3.8880, Coverage: 0.0000
  Batch 4120/4162, Loss: 4.3724, NLL: 4.3724, Coverage: 0.0000
  Batch 4130/4162, Loss: 4.1333, NLL: 4.1333, Coverage: 0.0000
  Batch 4140/4162, Loss: 3.9364, NLL: 3.9364, Coverage: 0.0000
  Batch 4150/4162, Loss: 4.3499, NLL: 4.3499, Coverage: 0.0000
  Batch 4160/4162, Loss: 3.9316, NLL: 3.9316, Coverage: 0.0000

  Train Loss: 4.0600 (NLL: 4.0600, Coverage: 0.0000)
  Val Loss: 6.4721 (NLL: 6.4721, Coverage: 0.0000)
  Time: 31m 55s

Epoch 12/20
----------------------------------------
  Batch 10/4162, Loss: 3.6895, NLL: 3.6895, Coverage: 0.0000
  Batch 20/4162, Loss: 4.0330, NLL: 4.0330, Coverage: 0.0000
  Batch 30/4162, Loss: 3.7991, NLL: 3.7991, Coverage: 0.0000
  Batch 40/4162, Loss: 4.3239, NLL: 4.3239, Coverage: 0.0000
  Batch 50/4162, Loss: 4.1229, NLL: 4.1229, Coverage: 0.0000
  Batch 60/4162, Loss: 3.7757, NLL: 3.7757, Coverage: 0.0000
  Batch 70/4162, Loss: 4.2929, NLL: 4.2929, Coverage: 0.0000
  Batch 80/4162, Loss: 4.1617, NLL: 4.1617, Coverage: 0.0000
  Batch 90/4162, Loss: 4.2101, NLL: 4.2101, Coverage: 0.0000
  Batch 100/4162, Loss: 3.8229, NLL: 3.8229, Coverage: 0.0000
  Batch 110/4162, Loss: 4.0206, NLL: 4.0206, Coverage: 0.0000
  Batch 120/4162, Loss: 3.8981, NLL: 3.8981, Coverage: 0.0000
  Batch 130/4162, Loss: 4.0037, NLL: 4.0037, Coverage: 0.0000
  Batch 140/4162, Loss: 3.8150, NLL: 3.8150, Coverage: 0.0000
  Batch 150/4162, Loss: 3.8188, NLL: 3.8188, Coverage: 0.0000
  Batch 160/4162, Loss: 3.8837, NLL: 3.8837, Coverage: 0.0000
  Batch 170/4162, Loss: 4.0985, NLL: 4.0985, Coverage: 0.0000
  Batch 180/4162, Loss: 3.9910, NLL: 3.9910, Coverage: 0.0000
  Batch 190/4162, Loss: 3.9068, NLL: 3.9068, Coverage: 0.0000
  Batch 200/4162, Loss: 4.3326, NLL: 4.3326, Coverage: 0.0000
  Batch 210/4162, Loss: 4.1505, NLL: 4.1505, Coverage: 0.0000
  Batch 220/4162, Loss: 3.9880, NLL: 3.9880, Coverage: 0.0000
  Batch 230/4162, Loss: 3.9276, NLL: 3.9276, Coverage: 0.0000
  Batch 240/4162, Loss: 3.7690, NLL: 3.7690, Coverage: 0.0000
  Batch 250/4162, Loss: 4.1405, NLL: 4.1405, Coverage: 0.0000
  Batch 260/4162, Loss: 3.8804, NLL: 3.8804, Coverage: 0.0000
  Batch 270/4162, Loss: 4.2884, NLL: 4.2884, Coverage: 0.0000
  Batch 280/4162, Loss: 4.1969, NLL: 4.1969, Coverage: 0.0000
  Batch 290/4162, Loss: 4.0354, NLL: 4.0354, Coverage: 0.0000
  Batch 300/4162, Loss: 4.3458, NLL: 4.3458, Coverage: 0.0000
  Batch 310/4162, Loss: 3.9676, NLL: 3.9676, Coverage: 0.0000
  Batch 320/4162, Loss: 3.9214, NLL: 3.9214, Coverage: 0.0000
  Batch 330/4162, Loss: 3.4413, NLL: 3.4413, Coverage: 0.0000
  Batch 340/4162, Loss: 4.0341, NLL: 4.0341, Coverage: 0.0000
  Batch 350/4162, Loss: 3.6706, NLL: 3.6706, Coverage: 0.0000
  Batch 360/4162, Loss: 3.9754, NLL: 3.9754, Coverage: 0.0000
  Batch 370/4162, Loss: 4.0152, NLL: 4.0152, Coverage: 0.0000
  Batch 380/4162, Loss: 4.5768, NLL: 4.5768, Coverage: 0.0000
  Batch 390/4162, Loss: 4.2569, NLL: 4.2569, Coverage: 0.0000
  Batch 400/4162, Loss: 3.7852, NLL: 3.7852, Coverage: 0.0000
  Batch 410/4162, Loss: 4.1282, NLL: 4.1282, Coverage: 0.0000
  Batch 420/4162, Loss: 3.9854, NLL: 3.9854, Coverage: 0.0000
  Batch 430/4162, Loss: 4.0717, NLL: 4.0717, Coverage: 0.0000
  Batch 440/4162, Loss: 4.2884, NLL: 4.2884, Coverage: 0.0000
  Batch 450/4162, Loss: 4.0950, NLL: 4.0950, Coverage: 0.0000
  Batch 460/4162, Loss: 3.6337, NLL: 3.6337, Coverage: 0.0000
  Batch 470/4162, Loss: 4.2664, NLL: 4.2664, Coverage: 0.0000
  Batch 480/4162, Loss: 4.5441, NLL: 4.5441, Coverage: 0.0000
  Batch 490/4162, Loss: 4.2843, NLL: 4.2843, Coverage: 0.0000
  Batch 500/4162, Loss: 4.0856, NLL: 4.0856, Coverage: 0.0000
  Batch 510/4162, Loss: 4.3269, NLL: 4.3269, Coverage: 0.0000
  Batch 520/4162, Loss: 4.3812, NLL: 4.3812, Coverage: 0.0000
  Batch 530/4162, Loss: 3.8518, NLL: 3.8518, Coverage: 0.0000
  Batch 540/4162, Loss: 3.9872, NLL: 3.9872, Coverage: 0.0000
  Batch 550/4162, Loss: 4.0428, NLL: 4.0428, Coverage: 0.0000
  Batch 560/4162, Loss: 4.3139, NLL: 4.3139, Coverage: 0.0000
  Batch 570/4162, Loss: 4.0711, NLL: 4.0711, Coverage: 0.0000
  Batch 580/4162, Loss: 4.1839, NLL: 4.1839, Coverage: 0.0000
  Batch 590/4162, Loss: 3.6693, NLL: 3.6693, Coverage: 0.0000
  Batch 600/4162, Loss: 4.0854, NLL: 4.0854, Coverage: 0.0000
  Batch 610/4162, Loss: 4.1852, NLL: 4.1852, Coverage: 0.0000
  Batch 620/4162, Loss: 4.1758, NLL: 4.1758, Coverage: 0.0000
  Batch 630/4162, Loss: 4.3434, NLL: 4.3434, Coverage: 0.0000
  Batch 640/4162, Loss: 4.3535, NLL: 4.3535, Coverage: 0.0000
  Batch 650/4162, Loss: 4.1743, NLL: 4.1743, Coverage: 0.0000
  Batch 660/4162, Loss: 4.1604, NLL: 4.1604, Coverage: 0.0000
  Batch 670/4162, Loss: 4.0913, NLL: 4.0913, Coverage: 0.0000
  Batch 680/4162, Loss: 4.0153, NLL: 4.0153, Coverage: 0.0000
  Batch 690/4162, Loss: 4.0487, NLL: 4.0487, Coverage: 0.0000
  Batch 700/4162, Loss: 4.1954, NLL: 4.1954, Coverage: 0.0000
  Batch 710/4162, Loss: 4.9400, NLL: 4.9400, Coverage: 0.0000
  Batch 720/4162, Loss: 4.2312, NLL: 4.2312, Coverage: 0.0000
  Batch 730/4162, Loss: 3.7578, NLL: 3.7578, Coverage: 0.0000
  Batch 740/4162, Loss: 4.2193, NLL: 4.2193, Coverage: 0.0000
  Batch 750/4162, Loss: 4.0844, NLL: 4.0844, Coverage: 0.0000
  Batch 760/4162, Loss: 4.5815, NLL: 4.5815, Coverage: 0.0000
  Batch 770/4162, Loss: 4.0120, NLL: 4.0120, Coverage: 0.0000
  Batch 780/4162, Loss: 3.6198, NLL: 3.6198, Coverage: 0.0000
  Batch 790/4162, Loss: 4.4765, NLL: 4.4765, Coverage: 0.0000
  Batch 800/4162, Loss: 4.4961, NLL: 4.4961, Coverage: 0.0000
  Batch 810/4162, Loss: 4.1135, NLL: 4.1135, Coverage: 0.0000
  Batch 820/4162, Loss: 4.2516, NLL: 4.2516, Coverage: 0.0000
  Batch 830/4162, Loss: 4.3995, NLL: 4.3995, Coverage: 0.0000
  Batch 840/4162, Loss: 3.9150, NLL: 3.9150, Coverage: 0.0000
  Batch 850/4162, Loss: 4.1539, NLL: 4.1539, Coverage: 0.0000
  Batch 860/4162, Loss: 3.9902, NLL: 3.9902, Coverage: 0.0000
  Batch 870/4162, Loss: 3.9222, NLL: 3.9222, Coverage: 0.0000
  Batch 880/4162, Loss: 3.8355, NLL: 3.8355, Coverage: 0.0000
  Batch 890/4162, Loss: 3.5289, NLL: 3.5289, Coverage: 0.0000
  Batch 900/4162, Loss: 4.3714, NLL: 4.3714, Coverage: 0.0000
  Batch 910/4162, Loss: 3.8689, NLL: 3.8689, Coverage: 0.0000
  Batch 920/4162, Loss: 4.2120, NLL: 4.2120, Coverage: 0.0000
  Batch 930/4162, Loss: 4.0612, NLL: 4.0612, Coverage: 0.0000
  Batch 940/4162, Loss: 4.1449, NLL: 4.1449, Coverage: 0.0000
  Batch 950/4162, Loss: 4.0435, NLL: 4.0435, Coverage: 0.0000
  Batch 960/4162, Loss: 3.7964, NLL: 3.7964, Coverage: 0.0000
  Batch 970/4162, Loss: 4.1891, NLL: 4.1891, Coverage: 0.0000
  Batch 980/4162, Loss: 4.4103, NLL: 4.4103, Coverage: 0.0000
  Batch 990/4162, Loss: 4.2533, NLL: 4.2533, Coverage: 0.0000
  Batch 1000/4162, Loss: 4.1206, NLL: 4.1206, Coverage: 0.0000
  Batch 1010/4162, Loss: 3.8084, NLL: 3.8084, Coverage: 0.0000
  Batch 1020/4162, Loss: 3.9607, NLL: 3.9607, Coverage: 0.0000
  Batch 1030/4162, Loss: 3.9649, NLL: 3.9649, Coverage: 0.0000
  Batch 1040/4162, Loss: 3.6615, NLL: 3.6615, Coverage: 0.0000
  Batch 1050/4162, Loss: 4.3948, NLL: 4.3948, Coverage: 0.0000
  Batch 1060/4162, Loss: 3.8189, NLL: 3.8189, Coverage: 0.0000
  Batch 1070/4162, Loss: 3.8323, NLL: 3.8323, Coverage: 0.0000
  Batch 1080/4162, Loss: 4.2857, NLL: 4.2857, Coverage: 0.0000
  Batch 1090/4162, Loss: 3.9614, NLL: 3.9614, Coverage: 0.0000
  Batch 1100/4162, Loss: 4.0632, NLL: 4.0632, Coverage: 0.0000
  Batch 1110/4162, Loss: 3.9412, NLL: 3.9412, Coverage: 0.0000
  Batch 1120/4162, Loss: 4.6271, NLL: 4.6271, Coverage: 0.0000
  Batch 1130/4162, Loss: 3.5631, NLL: 3.5631, Coverage: 0.0000
  Batch 1140/4162, Loss: 3.6728, NLL: 3.6728, Coverage: 0.0000
  Batch 1150/4162, Loss: 4.1481, NLL: 4.1481, Coverage: 0.0000
  Batch 1160/4162, Loss: 4.1158, NLL: 4.1158, Coverage: 0.0000
  Batch 1170/4162, Loss: 4.0439, NLL: 4.0439, Coverage: 0.0000
  Batch 1180/4162, Loss: 4.5139, NLL: 4.5139, Coverage: 0.0000
  Batch 1190/4162, Loss: 3.6456, NLL: 3.6456, Coverage: 0.0000
  Batch 1200/4162, Loss: 4.4158, NLL: 4.4158, Coverage: 0.0000
  Batch 1210/4162, Loss: 4.4714, NLL: 4.4714, Coverage: 0.0000
  Batch 1220/4162, Loss: 4.2715, NLL: 4.2715, Coverage: 0.0000
  Batch 1230/4162, Loss: 4.1104, NLL: 4.1104, Coverage: 0.0000
  Batch 1240/4162, Loss: 4.2019, NLL: 4.2019, Coverage: 0.0000
  Batch 1250/4162, Loss: 4.4659, NLL: 4.4659, Coverage: 0.0000
  Batch 1260/4162, Loss: 4.2693, NLL: 4.2693, Coverage: 0.0000
  Batch 1270/4162, Loss: 4.2853, NLL: 4.2853, Coverage: 0.0000
  Batch 1280/4162, Loss: 4.1202, NLL: 4.1202, Coverage: 0.0000
  Batch 1290/4162, Loss: 3.7262, NLL: 3.7262, Coverage: 0.0000
  Batch 1300/4162, Loss: 4.7977, NLL: 4.7977, Coverage: 0.0000
  Batch 1310/4162, Loss: 3.9269, NLL: 3.9269, Coverage: 0.0000
  Batch 1320/4162, Loss: 3.8423, NLL: 3.8423, Coverage: 0.0000
  Batch 1330/4162, Loss: 3.5754, NLL: 3.5754, Coverage: 0.0000
  Batch 1340/4162, Loss: 4.0897, NLL: 4.0897, Coverage: 0.0000
  Batch 1350/4162, Loss: 3.8488, NLL: 3.8488, Coverage: 0.0000
  Batch 1360/4162, Loss: 3.7010, NLL: 3.7010, Coverage: 0.0000
  Batch 1370/4162, Loss: 4.1278, NLL: 4.1278, Coverage: 0.0000
  Batch 1380/4162, Loss: 3.6978, NLL: 3.6978, Coverage: 0.0000
  Batch 1390/4162, Loss: 4.3704, NLL: 4.3704, Coverage: 0.0000
  Batch 1400/4162, Loss: 3.8142, NLL: 3.8142, Coverage: 0.0000
  Batch 1410/4162, Loss: 4.3083, NLL: 4.3083, Coverage: 0.0000
  Batch 1420/4162, Loss: 3.9932, NLL: 3.9932, Coverage: 0.0000
  Batch 1430/4162, Loss: 4.5054, NLL: 4.5054, Coverage: 0.0000
  Batch 1440/4162, Loss: 4.0168, NLL: 4.0168, Coverage: 0.0000
  Batch 1450/4162, Loss: 3.9539, NLL: 3.9539, Coverage: 0.0000
  Batch 1460/4162, Loss: 4.2203, NLL: 4.2203, Coverage: 0.0000
  Batch 1470/4162, Loss: 3.8552, NLL: 3.8552, Coverage: 0.0000
  Batch 1480/4162, Loss: 3.8209, NLL: 3.8209, Coverage: 0.0000
  Batch 1490/4162, Loss: 4.3529, NLL: 4.3529, Coverage: 0.0000
  Batch 1500/4162, Loss: 4.1995, NLL: 4.1995, Coverage: 0.0000
  Batch 1510/4162, Loss: 3.7344, NLL: 3.7344, Coverage: 0.0000
  Batch 1520/4162, Loss: 4.0293, NLL: 4.0293, Coverage: 0.0000
  Batch 1530/4162, Loss: 3.5480, NLL: 3.5480, Coverage: 0.0000
  Batch 1540/4162, Loss: 3.9140, NLL: 3.9140, Coverage: 0.0000
  Batch 1550/4162, Loss: 4.1399, NLL: 4.1399, Coverage: 0.0000
  Batch 1560/4162, Loss: 3.9100, NLL: 3.9100, Coverage: 0.0000
  Batch 1570/4162, Loss: 3.7766, NLL: 3.7766, Coverage: 0.0000
  Batch 1580/4162, Loss: 4.1744, NLL: 4.1744, Coverage: 0.0000
  Batch 1590/4162, Loss: 4.6122, NLL: 4.6122, Coverage: 0.0000
  Batch 1600/4162, Loss: 3.8797, NLL: 3.8797, Coverage: 0.0000
  Batch 1610/4162, Loss: 4.3843, NLL: 4.3843, Coverage: 0.0000
  Batch 1620/4162, Loss: 4.0559, NLL: 4.0559, Coverage: 0.0000
  Batch 1630/4162, Loss: 4.2638, NLL: 4.2638, Coverage: 0.0000
  Batch 1640/4162, Loss: 3.8518, NLL: 3.8518, Coverage: 0.0000
  Batch 1650/4162, Loss: 4.0380, NLL: 4.0380, Coverage: 0.0000
  Batch 1660/4162, Loss: 3.7622, NLL: 3.7622, Coverage: 0.0000
  Batch 1670/4162, Loss: 3.6076, NLL: 3.6076, Coverage: 0.0000
  Batch 1680/4162, Loss: 4.0147, NLL: 4.0147, Coverage: 0.0000
  Batch 1690/4162, Loss: 4.0271, NLL: 4.0271, Coverage: 0.0000
  Batch 1700/4162, Loss: 4.0637, NLL: 4.0637, Coverage: 0.0000
  Batch 1710/4162, Loss: 3.5750, NLL: 3.5750, Coverage: 0.0000
  Batch 1720/4162, Loss: 4.2452, NLL: 4.2452, Coverage: 0.0000
  Batch 1730/4162, Loss: 3.7800, NLL: 3.7800, Coverage: 0.0000
  Batch 1740/4162, Loss: 3.7284, NLL: 3.7284, Coverage: 0.0000
  Batch 1750/4162, Loss: 4.1517, NLL: 4.1517, Coverage: 0.0000
  Batch 1760/4162, Loss: 4.0943, NLL: 4.0943, Coverage: 0.0000
  Batch 1770/4162, Loss: 4.4175, NLL: 4.4175, Coverage: 0.0000
  Batch 1780/4162, Loss: 4.3976, NLL: 4.3976, Coverage: 0.0000
  Batch 1790/4162, Loss: 3.6986, NLL: 3.6986, Coverage: 0.0000
  Batch 1800/4162, Loss: 4.4543, NLL: 4.4543, Coverage: 0.0000
  Batch 1810/4162, Loss: 3.8847, NLL: 3.8847, Coverage: 0.0000
  Batch 1820/4162, Loss: 4.0397, NLL: 4.0397, Coverage: 0.0000
  Batch 1830/4162, Loss: 4.3815, NLL: 4.3815, Coverage: 0.0000
  Batch 1840/4162, Loss: 3.8622, NLL: 3.8622, Coverage: 0.0000
  Batch 1850/4162, Loss: 4.4135, NLL: 4.4135, Coverage: 0.0000
  Batch 1860/4162, Loss: 4.8076, NLL: 4.8076, Coverage: 0.0000
  Batch 1870/4162, Loss: 4.4899, NLL: 4.4899, Coverage: 0.0000
  Batch 1880/4162, Loss: 3.9415, NLL: 3.9415, Coverage: 0.0000
  Batch 1890/4162, Loss: 3.5013, NLL: 3.5013, Coverage: 0.0000
  Batch 1900/4162, Loss: 4.1420, NLL: 4.1420, Coverage: 0.0000
  Batch 1910/4162, Loss: 3.9878, NLL: 3.9878, Coverage: 0.0000
  Batch 1920/4162, Loss: 3.9490, NLL: 3.9490, Coverage: 0.0000
  Batch 1930/4162, Loss: 3.7189, NLL: 3.7189, Coverage: 0.0000
  Batch 1940/4162, Loss: 3.9147, NLL: 3.9147, Coverage: 0.0000
  Batch 1950/4162, Loss: 4.1028, NLL: 4.1028, Coverage: 0.0000
  Batch 1960/4162, Loss: 4.1565, NLL: 4.1565, Coverage: 0.0000
  Batch 1970/4162, Loss: 3.9647, NLL: 3.9647, Coverage: 0.0000
  Batch 1980/4162, Loss: 4.1804, NLL: 4.1804, Coverage: 0.0000
  Batch 1990/4162, Loss: 4.3334, NLL: 4.3334, Coverage: 0.0000
  Batch 2000/4162, Loss: 4.0395, NLL: 4.0395, Coverage: 0.0000
  Batch 2010/4162, Loss: 3.8269, NLL: 3.8269, Coverage: 0.0000
  Batch 2020/4162, Loss: 4.5263, NLL: 4.5263, Coverage: 0.0000
  Batch 2030/4162, Loss: 3.7847, NLL: 3.7847, Coverage: 0.0000
  Batch 2040/4162, Loss: 4.2051, NLL: 4.2051, Coverage: 0.0000
  Batch 2050/4162, Loss: 4.1527, NLL: 4.1527, Coverage: 0.0000
  Batch 2060/4162, Loss: 3.7720, NLL: 3.7720, Coverage: 0.0000
  Batch 2070/4162, Loss: 4.2124, NLL: 4.2124, Coverage: 0.0000
  Batch 2080/4162, Loss: 4.0369, NLL: 4.0369, Coverage: 0.0000
  Batch 2090/4162, Loss: 4.2071, NLL: 4.2071, Coverage: 0.0000
  Batch 2100/4162, Loss: 4.2888, NLL: 4.2888, Coverage: 0.0000
  Batch 2110/4162, Loss: 4.1509, NLL: 4.1509, Coverage: 0.0000
  Batch 2120/4162, Loss: 4.0573, NLL: 4.0573, Coverage: 0.0000
  Batch 2130/4162, Loss: 4.4396, NLL: 4.4396, Coverage: 0.0000
  Batch 2140/4162, Loss: 3.5914, NLL: 3.5914, Coverage: 0.0000
  Batch 2150/4162, Loss: 4.1864, NLL: 4.1864, Coverage: 0.0000
  Batch 2160/4162, Loss: 4.0777, NLL: 4.0777, Coverage: 0.0000
  Batch 2170/4162, Loss: 4.4058, NLL: 4.4058, Coverage: 0.0000
  Batch 2180/4162, Loss: 3.6836, NLL: 3.6836, Coverage: 0.0000
  Batch 2190/4162, Loss: 4.1841, NLL: 4.1841, Coverage: 0.0000
  Batch 2200/4162, Loss: 4.1030, NLL: 4.1030, Coverage: 0.0000
  Batch 2210/4162, Loss: 4.3519, NLL: 4.3519, Coverage: 0.0000
  Batch 2220/4162, Loss: 3.9208, NLL: 3.9208, Coverage: 0.0000
  Batch 2230/4162, Loss: 3.9336, NLL: 3.9336, Coverage: 0.0000
  Batch 2240/4162, Loss: 3.9411, NLL: 3.9411, Coverage: 0.0000
  Batch 2250/4162, Loss: 4.3452, NLL: 4.3452, Coverage: 0.0000
  Batch 2260/4162, Loss: 4.0841, NLL: 4.0841, Coverage: 0.0000
  Batch 2270/4162, Loss: 4.1236, NLL: 4.1236, Coverage: 0.0000
  Batch 2280/4162, Loss: 4.3286, NLL: 4.3286, Coverage: 0.0000
  Batch 2290/4162, Loss: 3.9162, NLL: 3.9162, Coverage: 0.0000
  Batch 2300/4162, Loss: 4.3170, NLL: 4.3170, Coverage: 0.0000
  Batch 2310/4162, Loss: 4.0528, NLL: 4.0528, Coverage: 0.0000
  Batch 2320/4162, Loss: 3.8651, NLL: 3.8651, Coverage: 0.0000
  Batch 2330/4162, Loss: 4.0607, NLL: 4.0607, Coverage: 0.0000
  Batch 2340/4162, Loss: 4.0577, NLL: 4.0577, Coverage: 0.0000
  Batch 2350/4162, Loss: 4.4544, NLL: 4.4544, Coverage: 0.0000
  Batch 2360/4162, Loss: 4.0285, NLL: 4.0285, Coverage: 0.0000
  Batch 2370/4162, Loss: 3.6340, NLL: 3.6340, Coverage: 0.0000
  Batch 2380/4162, Loss: 3.9521, NLL: 3.9521, Coverage: 0.0000
  Batch 2390/4162, Loss: 4.0049, NLL: 4.0049, Coverage: 0.0000
  Batch 2400/4162, Loss: 4.6041, NLL: 4.6041, Coverage: 0.0000
  Batch 2410/4162, Loss: 3.9384, NLL: 3.9384, Coverage: 0.0000
  Batch 2420/4162, Loss: 4.1382, NLL: 4.1382, Coverage: 0.0000
  Batch 2430/4162, Loss: 3.7962, NLL: 3.7962, Coverage: 0.0000
  Batch 2440/4162, Loss: 4.0071, NLL: 4.0071, Coverage: 0.0000
  Batch 2450/4162, Loss: 4.1350, NLL: 4.1350, Coverage: 0.0000
  Batch 2460/4162, Loss: 4.2392, NLL: 4.2392, Coverage: 0.0000
  Batch 2470/4162, Loss: 4.3154, NLL: 4.3154, Coverage: 0.0000
  Batch 2480/4162, Loss: 4.1122, NLL: 4.1122, Coverage: 0.0000
  Batch 2490/4162, Loss: 4.1934, NLL: 4.1934, Coverage: 0.0000
  Batch 2500/4162, Loss: 3.8086, NLL: 3.8086, Coverage: 0.0000
  Batch 2510/4162, Loss: 4.1026, NLL: 4.1026, Coverage: 0.0000
  Batch 2520/4162, Loss: 4.0604, NLL: 4.0604, Coverage: 0.0000
  Batch 2530/4162, Loss: 4.1410, NLL: 4.1410, Coverage: 0.0000
  Batch 2540/4162, Loss: 4.0373, NLL: 4.0373, Coverage: 0.0000
  Batch 2550/4162, Loss: 3.8257, NLL: 3.8257, Coverage: 0.0000
  Batch 2560/4162, Loss: 4.0492, NLL: 4.0492, Coverage: 0.0000
  Batch 2570/4162, Loss: 4.0387, NLL: 4.0387, Coverage: 0.0000
  Batch 2580/4162, Loss: 3.9710, NLL: 3.9710, Coverage: 0.0000
  Batch 2590/4162, Loss: 4.2844, NLL: 4.2844, Coverage: 0.0000
  Batch 2600/4162, Loss: 4.2196, NLL: 4.2196, Coverage: 0.0000
  Batch 2610/4162, Loss: 4.0852, NLL: 4.0852, Coverage: 0.0000
  Batch 2620/4162, Loss: 3.8359, NLL: 3.8359, Coverage: 0.0000
  Batch 2630/4162, Loss: 3.9950, NLL: 3.9950, Coverage: 0.0000
  Batch 2640/4162, Loss: 4.0901, NLL: 4.0901, Coverage: 0.0000
  Batch 2650/4162, Loss: 4.1922, NLL: 4.1922, Coverage: 0.0000
  Batch 2660/4162, Loss: 4.1855, NLL: 4.1855, Coverage: 0.0000
  Batch 2670/4162, Loss: 4.1043, NLL: 4.1043, Coverage: 0.0000
  Batch 2680/4162, Loss: 4.5423, NLL: 4.5423, Coverage: 0.0000
  Batch 2690/4162, Loss: 3.9197, NLL: 3.9197, Coverage: 0.0000
  Batch 2700/4162, Loss: 4.3657, NLL: 4.3657, Coverage: 0.0000
  Batch 2710/4162, Loss: 3.5196, NLL: 3.5196, Coverage: 0.0000
  Batch 2720/4162, Loss: 4.3503, NLL: 4.3503, Coverage: 0.0000
  Batch 2730/4162, Loss: 3.8476, NLL: 3.8476, Coverage: 0.0000
  Batch 2740/4162, Loss: 4.3165, NLL: 4.3165, Coverage: 0.0000
  Batch 2750/4162, Loss: 3.7275, NLL: 3.7275, Coverage: 0.0000
  Batch 2760/4162, Loss: 3.9543, NLL: 3.9543, Coverage: 0.0000
  Batch 2770/4162, Loss: 4.1571, NLL: 4.1571, Coverage: 0.0000
  Batch 2780/4162, Loss: 4.0623, NLL: 4.0623, Coverage: 0.0000
  Batch 2790/4162, Loss: 4.0824, NLL: 4.0824, Coverage: 0.0000
  Batch 2800/4162, Loss: 4.1099, NLL: 4.1099, Coverage: 0.0000
  Batch 2810/4162, Loss: 4.5478, NLL: 4.5478, Coverage: 0.0000
  Batch 2820/4162, Loss: 4.0152, NLL: 4.0152, Coverage: 0.0000
  Batch 2830/4162, Loss: 3.9186, NLL: 3.9186, Coverage: 0.0000
  Batch 2840/4162, Loss: 4.3973, NLL: 4.3973, Coverage: 0.0000
  Batch 2850/4162, Loss: 3.5365, NLL: 3.5365, Coverage: 0.0000
  Batch 2860/4162, Loss: 3.9020, NLL: 3.9020, Coverage: 0.0000
  Batch 2870/4162, Loss: 4.1728, NLL: 4.1728, Coverage: 0.0000
  Batch 2880/4162, Loss: 3.8897, NLL: 3.8897, Coverage: 0.0000
  Batch 2890/4162, Loss: 3.7254, NLL: 3.7254, Coverage: 0.0000
  Batch 2900/4162, Loss: 4.2175, NLL: 4.2175, Coverage: 0.0000
  Batch 2910/4162, Loss: 4.6733, NLL: 4.6733, Coverage: 0.0000
  Batch 2920/4162, Loss: 3.5210, NLL: 3.5210, Coverage: 0.0000
  Batch 2930/4162, Loss: 4.2020, NLL: 4.2020, Coverage: 0.0000
  Batch 2940/4162, Loss: 3.7048, NLL: 3.7048, Coverage: 0.0000
  Batch 2950/4162, Loss: 3.6151, NLL: 3.6151, Coverage: 0.0000
  Batch 2960/4162, Loss: 4.4733, NLL: 4.4733, Coverage: 0.0000
  Batch 2970/4162, Loss: 4.2889, NLL: 4.2889, Coverage: 0.0000
  Batch 2980/4162, Loss: 4.0349, NLL: 4.0349, Coverage: 0.0000
  Batch 2990/4162, Loss: 3.6935, NLL: 3.6935, Coverage: 0.0000
  Batch 3000/4162, Loss: 4.2167, NLL: 4.2167, Coverage: 0.0000
  Batch 3010/4162, Loss: 4.0653, NLL: 4.0653, Coverage: 0.0000
  Batch 3020/4162, Loss: 4.5027, NLL: 4.5027, Coverage: 0.0000
  Batch 3030/4162, Loss: 4.3800, NLL: 4.3800, Coverage: 0.0000
  Batch 3040/4162, Loss: 4.2178, NLL: 4.2178, Coverage: 0.0000
  Batch 3050/4162, Loss: 3.7866, NLL: 3.7866, Coverage: 0.0000
  Batch 3060/4162, Loss: 3.6666, NLL: 3.6666, Coverage: 0.0000
  Batch 3070/4162, Loss: 3.8785, NLL: 3.8785, Coverage: 0.0000
  Batch 3080/4162, Loss: 4.1102, NLL: 4.1102, Coverage: 0.0000
  Batch 3090/4162, Loss: 3.6981, NLL: 3.6981, Coverage: 0.0000
  Batch 3100/4162, Loss: 4.1702, NLL: 4.1702, Coverage: 0.0000
  Batch 3110/4162, Loss: 4.0118, NLL: 4.0118, Coverage: 0.0000
  Batch 3120/4162, Loss: 3.9753, NLL: 3.9753, Coverage: 0.0000
  Batch 3130/4162, Loss: 4.1991, NLL: 4.1991, Coverage: 0.0000
  Batch 3140/4162, Loss: 3.9491, NLL: 3.9491, Coverage: 0.0000
  Batch 3150/4162, Loss: 4.0314, NLL: 4.0314, Coverage: 0.0000
  Batch 3160/4162, Loss: 3.7582, NLL: 3.7582, Coverage: 0.0000
  Batch 3170/4162, Loss: 4.1077, NLL: 4.1077, Coverage: 0.0000
  Batch 3180/4162, Loss: 3.4833, NLL: 3.4833, Coverage: 0.0000
  Batch 3190/4162, Loss: 4.3389, NLL: 4.3389, Coverage: 0.0000
  Batch 3200/4162, Loss: 4.0484, NLL: 4.0484, Coverage: 0.0000
  Batch 3210/4162, Loss: 3.9462, NLL: 3.9462, Coverage: 0.0000
  Batch 3220/4162, Loss: 4.1683, NLL: 4.1683, Coverage: 0.0000
  Batch 3230/4162, Loss: 4.1980, NLL: 4.1980, Coverage: 0.0000
  Batch 3240/4162, Loss: 3.9785, NLL: 3.9785, Coverage: 0.0000
  Batch 3250/4162, Loss: 3.6880, NLL: 3.6880, Coverage: 0.0000
  Batch 3260/4162, Loss: 3.9682, NLL: 3.9682, Coverage: 0.0000
  Batch 3270/4162, Loss: 4.1518, NLL: 4.1518, Coverage: 0.0000
  Batch 3280/4162, Loss: 3.8106, NLL: 3.8106, Coverage: 0.0000
  Batch 3290/4162, Loss: 4.0358, NLL: 4.0358, Coverage: 0.0000
  Batch 3300/4162, Loss: 3.9545, NLL: 3.9545, Coverage: 0.0000
  Batch 3310/4162, Loss: 3.7619, NLL: 3.7619, Coverage: 0.0000
  Batch 3320/4162, Loss: 3.7367, NLL: 3.7367, Coverage: 0.0000
  Batch 3330/4162, Loss: 3.7131, NLL: 3.7131, Coverage: 0.0000
  Batch 3340/4162, Loss: 4.2138, NLL: 4.2138, Coverage: 0.0000
  Batch 3350/4162, Loss: 4.0003, NLL: 4.0003, Coverage: 0.0000
  Batch 3360/4162, Loss: 4.1587, NLL: 4.1587, Coverage: 0.0000
  Batch 3370/4162, Loss: 4.0546, NLL: 4.0546, Coverage: 0.0000
  Batch 3380/4162, Loss: 3.9147, NLL: 3.9147, Coverage: 0.0000
  Batch 3390/4162, Loss: 3.9783, NLL: 3.9783, Coverage: 0.0000
  Batch 3400/4162, Loss: 4.2397, NLL: 4.2397, Coverage: 0.0000
  Batch 3410/4162, Loss: 3.5109, NLL: 3.5109, Coverage: 0.0000
  Batch 3420/4162, Loss: 3.7730, NLL: 3.7730, Coverage: 0.0000
  Batch 3430/4162, Loss: 3.6205, NLL: 3.6205, Coverage: 0.0000
  Batch 3440/4162, Loss: 3.4971, NLL: 3.4971, Coverage: 0.0000
  Batch 3450/4162, Loss: 3.9572, NLL: 3.9572, Coverage: 0.0000
  Batch 3460/4162, Loss: 3.6542, NLL: 3.6542, Coverage: 0.0000
  Batch 3470/4162, Loss: 4.0124, NLL: 4.0124, Coverage: 0.0000
  Batch 3480/4162, Loss: 4.1861, NLL: 4.1861, Coverage: 0.0000
  Batch 3490/4162, Loss: 4.2902, NLL: 4.2902, Coverage: 0.0000
  Batch 3500/4162, Loss: 4.2394, NLL: 4.2394, Coverage: 0.0000
  Batch 3510/4162, Loss: 3.9815, NLL: 3.9815, Coverage: 0.0000
  Batch 3520/4162, Loss: 3.9512, NLL: 3.9512, Coverage: 0.0000
  Batch 3530/4162, Loss: 3.9029, NLL: 3.9029, Coverage: 0.0000
  Batch 3540/4162, Loss: 3.9072, NLL: 3.9072, Coverage: 0.0000
  Batch 3550/4162, Loss: 4.3222, NLL: 4.3222, Coverage: 0.0000
  Batch 3560/4162, Loss: 3.6921, NLL: 3.6921, Coverage: 0.0000
  Batch 3570/4162, Loss: 3.9769, NLL: 3.9769, Coverage: 0.0000
  Batch 3580/4162, Loss: 3.8487, NLL: 3.8487, Coverage: 0.0000
  Batch 3590/4162, Loss: 4.0227, NLL: 4.0227, Coverage: 0.0000
  Batch 3600/4162, Loss: 4.0506, NLL: 4.0506, Coverage: 0.0000
  Batch 3610/4162, Loss: 4.0998, NLL: 4.0998, Coverage: 0.0000
  Batch 3620/4162, Loss: 4.1574, NLL: 4.1574, Coverage: 0.0000
  Batch 3630/4162, Loss: 4.0373, NLL: 4.0373, Coverage: 0.0000
  Batch 3640/4162, Loss: 4.2810, NLL: 4.2810, Coverage: 0.0000
  Batch 3650/4162, Loss: 3.8484, NLL: 3.8484, Coverage: 0.0000
  Batch 3660/4162, Loss: 3.6934, NLL: 3.6934, Coverage: 0.0000
  Batch 3670/4162, Loss: 4.1088, NLL: 4.1088, Coverage: 0.0000
  Batch 3680/4162, Loss: 4.1300, NLL: 4.1300, Coverage: 0.0000
  Batch 3690/4162, Loss: 4.2669, NLL: 4.2669, Coverage: 0.0000
  Batch 3700/4162, Loss: 3.9994, NLL: 3.9994, Coverage: 0.0000
  Batch 3710/4162, Loss: 4.2392, NLL: 4.2392, Coverage: 0.0000
  Batch 3720/4162, Loss: 3.8154, NLL: 3.8154, Coverage: 0.0000
  Batch 3730/4162, Loss: 3.9780, NLL: 3.9780, Coverage: 0.0000
  Batch 3740/4162, Loss: 4.0084, NLL: 4.0084, Coverage: 0.0000
  Batch 3750/4162, Loss: 4.1432, NLL: 4.1432, Coverage: 0.0000
  Batch 3760/4162, Loss: 3.8415, NLL: 3.8415, Coverage: 0.0000
  Batch 3770/4162, Loss: 4.1650, NLL: 4.1650, Coverage: 0.0000
  Batch 3780/4162, Loss: 4.2708, NLL: 4.2708, Coverage: 0.0000
  Batch 3790/4162, Loss: 3.7808, NLL: 3.7808, Coverage: 0.0000
  Batch 3800/4162, Loss: 4.3419, NLL: 4.3419, Coverage: 0.0000
  Batch 3810/4162, Loss: 4.1862, NLL: 4.1862, Coverage: 0.0000
  Batch 3820/4162, Loss: 4.1818, NLL: 4.1818, Coverage: 0.0000
  Batch 3830/4162, Loss: 3.4903, NLL: 3.4903, Coverage: 0.0000
  Batch 3840/4162, Loss: 3.9287, NLL: 3.9287, Coverage: 0.0000
  Batch 3850/4162, Loss: 3.5691, NLL: 3.5691, Coverage: 0.0000
  Batch 3860/4162, Loss: 4.2456, NLL: 4.2456, Coverage: 0.0000
  Batch 3870/4162, Loss: 4.2380, NLL: 4.2380, Coverage: 0.0000
  Batch 3880/4162, Loss: 4.1665, NLL: 4.1665, Coverage: 0.0000
  Batch 3890/4162, Loss: 4.1279, NLL: 4.1279, Coverage: 0.0000
  Batch 3900/4162, Loss: 4.3965, NLL: 4.3965, Coverage: 0.0000
  Batch 3910/4162, Loss: 4.3066, NLL: 4.3066, Coverage: 0.0000
  Batch 3920/4162, Loss: 4.2127, NLL: 4.2127, Coverage: 0.0000
  Batch 3930/4162, Loss: 4.2027, NLL: 4.2027, Coverage: 0.0000
  Batch 3940/4162, Loss: 3.8624, NLL: 3.8624, Coverage: 0.0000
  Batch 3950/4162, Loss: 4.1970, NLL: 4.1970, Coverage: 0.0000
  Batch 3960/4162, Loss: 4.5096, NLL: 4.5096, Coverage: 0.0000
  Batch 3970/4162, Loss: 4.0999, NLL: 4.0999, Coverage: 0.0000
  Batch 3980/4162, Loss: 4.1640, NLL: 4.1640, Coverage: 0.0000
  Batch 3990/4162, Loss: 3.6266, NLL: 3.6266, Coverage: 0.0000
  Batch 4000/4162, Loss: 4.0267, NLL: 4.0267, Coverage: 0.0000
  Batch 4010/4162, Loss: 4.0431, NLL: 4.0431, Coverage: 0.0000
  Batch 4020/4162, Loss: 4.1769, NLL: 4.1769, Coverage: 0.0000
  Batch 4030/4162, Loss: 3.6623, NLL: 3.6623, Coverage: 0.0000
  Batch 4040/4162, Loss: 3.8207, NLL: 3.8207, Coverage: 0.0000
  Batch 4050/4162, Loss: 3.9729, NLL: 3.9729, Coverage: 0.0000
  Batch 4060/4162, Loss: 4.3812, NLL: 4.3812, Coverage: 0.0000
  Batch 4070/4162, Loss: 3.8605, NLL: 3.8605, Coverage: 0.0000
  Batch 4080/4162, Loss: 4.3568, NLL: 4.3568, Coverage: 0.0000
  Batch 4090/4162, Loss: 4.1667, NLL: 4.1667, Coverage: 0.0000
  Batch 4100/4162, Loss: 4.0674, NLL: 4.0674, Coverage: 0.0000
  Batch 4110/4162, Loss: 3.9663, NLL: 3.9663, Coverage: 0.0000
  Batch 4120/4162, Loss: 4.5825, NLL: 4.5825, Coverage: 0.0000
  Batch 4130/4162, Loss: 4.1135, NLL: 4.1135, Coverage: 0.0000
  Batch 4140/4162, Loss: 4.0331, NLL: 4.0331, Coverage: 0.0000
  Batch 4150/4162, Loss: 4.0834, NLL: 4.0834, Coverage: 0.0000
  Batch 4160/4162, Loss: 3.7944, NLL: 3.7944, Coverage: 0.0000

  Train Loss: 4.0395 (NLL: 4.0395, Coverage: 0.0000)
  Val Loss: 6.4798 (NLL: 6.4798, Coverage: 0.0000)
  Time: 31m 8s

Epoch 13/20
----------------------------------------
  Batch 10/4162, Loss: 3.9279, NLL: 3.9279, Coverage: 0.0000
  Batch 20/4162, Loss: 4.0163, NLL: 4.0163, Coverage: 0.0000
  Batch 30/4162, Loss: 3.7519, NLL: 3.7519, Coverage: 0.0000
  Batch 40/4162, Loss: 4.1095, NLL: 4.1095, Coverage: 0.0000
  Batch 50/4162, Loss: 3.3483, NLL: 3.3483, Coverage: 0.0000
  Batch 60/4162, Loss: 3.7310, NLL: 3.7310, Coverage: 0.0000
  Batch 70/4162, Loss: 3.8125, NLL: 3.8125, Coverage: 0.0000
  Batch 80/4162, Loss: 3.9257, NLL: 3.9257, Coverage: 0.0000
  Batch 90/4162, Loss: 3.7696, NLL: 3.7696, Coverage: 0.0000
  Batch 100/4162, Loss: 3.7989, NLL: 3.7989, Coverage: 0.0000
  Batch 110/4162, Loss: 3.9493, NLL: 3.9493, Coverage: 0.0000
  Batch 120/4162, Loss: 4.5283, NLL: 4.5283, Coverage: 0.0000
  Batch 130/4162, Loss: 4.2399, NLL: 4.2399, Coverage: 0.0000
  Batch 140/4162, Loss: 4.0282, NLL: 4.0282, Coverage: 0.0000
  Batch 150/4162, Loss: 3.9012, NLL: 3.9012, Coverage: 0.0000
  Batch 160/4162, Loss: 3.4740, NLL: 3.4740, Coverage: 0.0000
  Batch 170/4162, Loss: 3.9021, NLL: 3.9021, Coverage: 0.0000
  Batch 180/4162, Loss: 3.8320, NLL: 3.8320, Coverage: 0.0000
  Batch 190/4162, Loss: 3.8679, NLL: 3.8679, Coverage: 0.0000
  Batch 200/4162, Loss: 3.7790, NLL: 3.7790, Coverage: 0.0000
  Batch 210/4162, Loss: 3.7693, NLL: 3.7693, Coverage: 0.0000
  Batch 220/4162, Loss: 4.3128, NLL: 4.3128, Coverage: 0.0000
  Batch 230/4162, Loss: 4.1476, NLL: 4.1476, Coverage: 0.0000
  Batch 240/4162, Loss: 3.9784, NLL: 3.9784, Coverage: 0.0000
  Batch 250/4162, Loss: 4.2164, NLL: 4.2164, Coverage: 0.0000
  Batch 260/4162, Loss: 4.1855, NLL: 4.1855, Coverage: 0.0000
  Batch 270/4162, Loss: 4.0112, NLL: 4.0112, Coverage: 0.0000
  Batch 280/4162, Loss: 4.0481, NLL: 4.0481, Coverage: 0.0000
  Batch 290/4162, Loss: 3.9177, NLL: 3.9177, Coverage: 0.0000
  Batch 300/4162, Loss: 4.1625, NLL: 4.1625, Coverage: 0.0000
  Batch 310/4162, Loss: 3.8072, NLL: 3.8072, Coverage: 0.0000
  Batch 320/4162, Loss: 3.8295, NLL: 3.8295, Coverage: 0.0000
  Batch 330/4162, Loss: 3.9820, NLL: 3.9820, Coverage: 0.0000
  Batch 340/4162, Loss: 4.3609, NLL: 4.3609, Coverage: 0.0000
  Batch 350/4162, Loss: 4.4721, NLL: 4.4721, Coverage: 0.0000
  Batch 360/4162, Loss: 3.7311, NLL: 3.7311, Coverage: 0.0000
  Batch 370/4162, Loss: 3.6785, NLL: 3.6785, Coverage: 0.0000
  Batch 380/4162, Loss: 4.0972, NLL: 4.0972, Coverage: 0.0000
  Batch 390/4162, Loss: 3.8418, NLL: 3.8418, Coverage: 0.0000
  Batch 400/4162, Loss: 4.2869, NLL: 4.2869, Coverage: 0.0000
  Batch 410/4162, Loss: 3.5961, NLL: 3.5961, Coverage: 0.0000
  Batch 420/4162, Loss: 3.9603, NLL: 3.9603, Coverage: 0.0000
  Batch 430/4162, Loss: 4.1850, NLL: 4.1850, Coverage: 0.0000
  Batch 440/4162, Loss: 4.0341, NLL: 4.0341, Coverage: 0.0000
  Batch 450/4162, Loss: 4.2529, NLL: 4.2529, Coverage: 0.0000
  Batch 460/4162, Loss: 3.9025, NLL: 3.9025, Coverage: 0.0000
  Batch 470/4162, Loss: 4.0595, NLL: 4.0595, Coverage: 0.0000
  Batch 480/4162, Loss: 3.8413, NLL: 3.8413, Coverage: 0.0000
  Batch 490/4162, Loss: 3.7672, NLL: 3.7672, Coverage: 0.0000
  Batch 500/4162, Loss: 4.2775, NLL: 4.2775, Coverage: 0.0000
  Batch 510/4162, Loss: 4.1817, NLL: 4.1817, Coverage: 0.0000
  Batch 520/4162, Loss: 3.6664, NLL: 3.6664, Coverage: 0.0000
  Batch 530/4162, Loss: 3.3666, NLL: 3.3666, Coverage: 0.0000
  Batch 540/4162, Loss: 4.0793, NLL: 4.0793, Coverage: 0.0000
  Batch 550/4162, Loss: 4.0962, NLL: 4.0962, Coverage: 0.0000
  Batch 560/4162, Loss: 4.3542, NLL: 4.3542, Coverage: 0.0000
  Batch 570/4162, Loss: 3.9871, NLL: 3.9871, Coverage: 0.0000
  Batch 580/4162, Loss: 4.3624, NLL: 4.3624, Coverage: 0.0000
  Batch 590/4162, Loss: 4.4673, NLL: 4.4673, Coverage: 0.0000
  Batch 600/4162, Loss: 4.0624, NLL: 4.0624, Coverage: 0.0000
  Batch 610/4162, Loss: 4.2996, NLL: 4.2996, Coverage: 0.0000
  Batch 620/4162, Loss: 3.6994, NLL: 3.6994, Coverage: 0.0000
  Batch 630/4162, Loss: 4.0070, NLL: 4.0070, Coverage: 0.0000
  Batch 640/4162, Loss: 3.8982, NLL: 3.8982, Coverage: 0.0000
  Batch 650/4162, Loss: 4.2053, NLL: 4.2053, Coverage: 0.0000
  Batch 660/4162, Loss: 4.2775, NLL: 4.2775, Coverage: 0.0000
  Batch 670/4162, Loss: 4.0966, NLL: 4.0966, Coverage: 0.0000
  Batch 680/4162, Loss: 3.8934, NLL: 3.8934, Coverage: 0.0000
  Batch 690/4162, Loss: 4.1205, NLL: 4.1205, Coverage: 0.0000
  Batch 700/4162, Loss: 4.0773, NLL: 4.0773, Coverage: 0.0000
  Batch 710/4162, Loss: 4.2075, NLL: 4.2075, Coverage: 0.0000
  Batch 720/4162, Loss: 4.4083, NLL: 4.4083, Coverage: 0.0000
  Batch 730/4162, Loss: 3.8841, NLL: 3.8841, Coverage: 0.0000
  Batch 740/4162, Loss: 4.0952, NLL: 4.0952, Coverage: 0.0000
  Batch 750/4162, Loss: 3.8241, NLL: 3.8241, Coverage: 0.0000
  Batch 760/4162, Loss: 3.9678, NLL: 3.9678, Coverage: 0.0000
  Batch 770/4162, Loss: 4.2616, NLL: 4.2616, Coverage: 0.0000
  Batch 780/4162, Loss: 3.9115, NLL: 3.9115, Coverage: 0.0000
  Batch 790/4162, Loss: 4.0048, NLL: 4.0048, Coverage: 0.0000
  Batch 800/4162, Loss: 4.2274, NLL: 4.2274, Coverage: 0.0000
  Batch 810/4162, Loss: 3.9552, NLL: 3.9552, Coverage: 0.0000
  Batch 820/4162, Loss: 4.1375, NLL: 4.1375, Coverage: 0.0000
  Batch 830/4162, Loss: 4.0592, NLL: 4.0592, Coverage: 0.0000
  Batch 840/4162, Loss: 4.5972, NLL: 4.5972, Coverage: 0.0000
  Batch 850/4162, Loss: 4.3019, NLL: 4.3019, Coverage: 0.0000
  Batch 860/4162, Loss: 4.1519, NLL: 4.1519, Coverage: 0.0000
  Batch 870/4162, Loss: 3.9881, NLL: 3.9881, Coverage: 0.0000
  Batch 880/4162, Loss: 3.7902, NLL: 3.7902, Coverage: 0.0000
  Batch 890/4162, Loss: 3.9747, NLL: 3.9747, Coverage: 0.0000
  Batch 900/4162, Loss: 3.6558, NLL: 3.6558, Coverage: 0.0000
  Batch 910/4162, Loss: 3.9310, NLL: 3.9310, Coverage: 0.0000
  Batch 920/4162, Loss: 4.0135, NLL: 4.0135, Coverage: 0.0000
  Batch 930/4162, Loss: 4.0209, NLL: 4.0209, Coverage: 0.0000
  Batch 940/4162, Loss: 3.9268, NLL: 3.9268, Coverage: 0.0000
  Batch 950/4162, Loss: 4.1887, NLL: 4.1887, Coverage: 0.0000
  Batch 960/4162, Loss: 4.0601, NLL: 4.0601, Coverage: 0.0000
  Batch 970/4162, Loss: 4.0310, NLL: 4.0310, Coverage: 0.0000
  Batch 980/4162, Loss: 3.9655, NLL: 3.9655, Coverage: 0.0000
  Batch 990/4162, Loss: 4.4113, NLL: 4.4113, Coverage: 0.0000
  Batch 1000/4162, Loss: 3.9610, NLL: 3.9610, Coverage: 0.0000
  Batch 1010/4162, Loss: 4.0795, NLL: 4.0795, Coverage: 0.0000
  Batch 1020/4162, Loss: 3.6296, NLL: 3.6296, Coverage: 0.0000
  Batch 1030/4162, Loss: 4.4583, NLL: 4.4583, Coverage: 0.0000
  Batch 1040/4162, Loss: 3.8896, NLL: 3.8896, Coverage: 0.0000
  Batch 1050/4162, Loss: 4.0833, NLL: 4.0833, Coverage: 0.0000
  Batch 1060/4162, Loss: 4.4777, NLL: 4.4777, Coverage: 0.0000
  Batch 1070/4162, Loss: 3.9107, NLL: 3.9107, Coverage: 0.0000
  Batch 1080/4162, Loss: 4.8348, NLL: 4.8348, Coverage: 0.0000
  Batch 1090/4162, Loss: 3.9624, NLL: 3.9624, Coverage: 0.0000
  Batch 1100/4162, Loss: 4.2316, NLL: 4.2316, Coverage: 0.0000
  Batch 1110/4162, Loss: 3.5846, NLL: 3.5846, Coverage: 0.0000
  Batch 1120/4162, Loss: 4.0503, NLL: 4.0503, Coverage: 0.0000
  Batch 1130/4162, Loss: 4.0342, NLL: 4.0342, Coverage: 0.0000
  Batch 1140/4162, Loss: 4.4691, NLL: 4.4691, Coverage: 0.0000
  Batch 1150/4162, Loss: 4.2056, NLL: 4.2056, Coverage: 0.0000
  Batch 1160/4162, Loss: 3.9729, NLL: 3.9729, Coverage: 0.0000
  Batch 1170/4162, Loss: 3.5697, NLL: 3.5697, Coverage: 0.0000
  Batch 1180/4162, Loss: 4.2274, NLL: 4.2274, Coverage: 0.0000
  Batch 1190/4162, Loss: 4.4940, NLL: 4.4940, Coverage: 0.0000
  Batch 1200/4162, Loss: 4.0172, NLL: 4.0172, Coverage: 0.0000
  Batch 1210/4162, Loss: 4.4831, NLL: 4.4831, Coverage: 0.0000
  Batch 1220/4162, Loss: 4.4143, NLL: 4.4143, Coverage: 0.0000
  Batch 1230/4162, Loss: 4.2818, NLL: 4.2818, Coverage: 0.0000
  Batch 1240/4162, Loss: 3.7650, NLL: 3.7650, Coverage: 0.0000
  Batch 1250/4162, Loss: 4.1596, NLL: 4.1596, Coverage: 0.0000
  Batch 1260/4162, Loss: 4.2733, NLL: 4.2733, Coverage: 0.0000
  Batch 1270/4162, Loss: 4.1364, NLL: 4.1364, Coverage: 0.0000
  Batch 1280/4162, Loss: 4.1071, NLL: 4.1071, Coverage: 0.0000
  Batch 1290/4162, Loss: 4.0439, NLL: 4.0439, Coverage: 0.0000
  Batch 1300/4162, Loss: 3.9768, NLL: 3.9768, Coverage: 0.0000
  Batch 1310/4162, Loss: 4.0307, NLL: 4.0307, Coverage: 0.0000
  Batch 1320/4162, Loss: 3.8253, NLL: 3.8253, Coverage: 0.0000
  Batch 1330/4162, Loss: 3.9209, NLL: 3.9209, Coverage: 0.0000
  Batch 1340/4162, Loss: 3.9257, NLL: 3.9257, Coverage: 0.0000
  Batch 1350/4162, Loss: 4.1775, NLL: 4.1775, Coverage: 0.0000
  Batch 1360/4162, Loss: 4.0551, NLL: 4.0551, Coverage: 0.0000
  Batch 1370/4162, Loss: 3.9441, NLL: 3.9441, Coverage: 0.0000
  Batch 1380/4162, Loss: 3.9345, NLL: 3.9345, Coverage: 0.0000
  Batch 1390/4162, Loss: 4.1831, NLL: 4.1831, Coverage: 0.0000
  Batch 1400/4162, Loss: 3.7005, NLL: 3.7005, Coverage: 0.0000
  Batch 1410/4162, Loss: 3.8830, NLL: 3.8830, Coverage: 0.0000
  Batch 1420/4162, Loss: 4.3138, NLL: 4.3138, Coverage: 0.0000
  Batch 1430/4162, Loss: 4.1565, NLL: 4.1565, Coverage: 0.0000
  Batch 1440/4162, Loss: 3.8051, NLL: 3.8051, Coverage: 0.0000
  Batch 1450/4162, Loss: 4.0458, NLL: 4.0458, Coverage: 0.0000
  Batch 1460/4162, Loss: 3.6179, NLL: 3.6179, Coverage: 0.0000
  Batch 1470/4162, Loss: 3.5434, NLL: 3.5434, Coverage: 0.0000
  Batch 1480/4162, Loss: 3.9102, NLL: 3.9102, Coverage: 0.0000
  Batch 1490/4162, Loss: 4.3503, NLL: 4.3503, Coverage: 0.0000
  Batch 1500/4162, Loss: 3.4328, NLL: 3.4328, Coverage: 0.0000
  Batch 1510/4162, Loss: 4.3237, NLL: 4.3237, Coverage: 0.0000
  Batch 1520/4162, Loss: 4.1565, NLL: 4.1565, Coverage: 0.0000
  Batch 1530/4162, Loss: 3.6637, NLL: 3.6637, Coverage: 0.0000
  Batch 1540/4162, Loss: 4.1579, NLL: 4.1579, Coverage: 0.0000
  Batch 1550/4162, Loss: 4.1368, NLL: 4.1368, Coverage: 0.0000
  Batch 1560/4162, Loss: 4.1193, NLL: 4.1193, Coverage: 0.0000
  Batch 1570/4162, Loss: 4.4899, NLL: 4.4899, Coverage: 0.0000
  Batch 1580/4162, Loss: 3.8014, NLL: 3.8014, Coverage: 0.0000
  Batch 1590/4162, Loss: 4.3142, NLL: 4.3142, Coverage: 0.0000
  Batch 1600/4162, Loss: 4.0464, NLL: 4.0464, Coverage: 0.0000
  Batch 1610/4162, Loss: 3.3484, NLL: 3.3484, Coverage: 0.0000
  Batch 1620/4162, Loss: 4.4370, NLL: 4.4370, Coverage: 0.0000
  Batch 1630/4162, Loss: 4.5560, NLL: 4.5560, Coverage: 0.0000
  Batch 1640/4162, Loss: 4.2123, NLL: 4.2123, Coverage: 0.0000
  Batch 1650/4162, Loss: 3.6267, NLL: 3.6267, Coverage: 0.0000
  Batch 1660/4162, Loss: 4.0770, NLL: 4.0770, Coverage: 0.0000
  Batch 1670/4162, Loss: 4.5197, NLL: 4.5197, Coverage: 0.0000
  Batch 1680/4162, Loss: 3.7930, NLL: 3.7930, Coverage: 0.0000
  Batch 1690/4162, Loss: 3.7172, NLL: 3.7172, Coverage: 0.0000
  Batch 1700/4162, Loss: 3.9684, NLL: 3.9684, Coverage: 0.0000
  Batch 1710/4162, Loss: 4.0803, NLL: 4.0803, Coverage: 0.0000
  Batch 1720/4162, Loss: 4.0294, NLL: 4.0294, Coverage: 0.0000
  Batch 1730/4162, Loss: 4.1050, NLL: 4.1050, Coverage: 0.0000
  Batch 1740/4162, Loss: 4.0273, NLL: 4.0273, Coverage: 0.0000
  Batch 1750/4162, Loss: 3.9251, NLL: 3.9251, Coverage: 0.0000
  Batch 1760/4162, Loss: 3.6922, NLL: 3.6922, Coverage: 0.0000
  Batch 1770/4162, Loss: 4.0755, NLL: 4.0755, Coverage: 0.0000
  Batch 1780/4162, Loss: 3.9699, NLL: 3.9699, Coverage: 0.0000
  Batch 1790/4162, Loss: 4.1243, NLL: 4.1243, Coverage: 0.0000
  Batch 1800/4162, Loss: 4.2493, NLL: 4.2493, Coverage: 0.0000
  Batch 1810/4162, Loss: 3.3519, NLL: 3.3519, Coverage: 0.0000
  Batch 1820/4162, Loss: 3.9165, NLL: 3.9165, Coverage: 0.0000
  Batch 1830/4162, Loss: 3.5545, NLL: 3.5545, Coverage: 0.0000
  Batch 1840/4162, Loss: 3.9070, NLL: 3.9070, Coverage: 0.0000
  Batch 1850/4162, Loss: 4.3038, NLL: 4.3038, Coverage: 0.0000
  Batch 1860/4162, Loss: 4.1413, NLL: 4.1413, Coverage: 0.0000
  Batch 1870/4162, Loss: 4.0150, NLL: 4.0150, Coverage: 0.0000
  Batch 1880/4162, Loss: 4.1158, NLL: 4.1158, Coverage: 0.0000
  Batch 1890/4162, Loss: 3.9392, NLL: 3.9392, Coverage: 0.0000
  Batch 1900/4162, Loss: 4.2664, NLL: 4.2664, Coverage: 0.0000
  Batch 1910/4162, Loss: 4.2636, NLL: 4.2636, Coverage: 0.0000
  Batch 1920/4162, Loss: 3.7064, NLL: 3.7064, Coverage: 0.0000
  Batch 1930/4162, Loss: 3.7829, NLL: 3.7829, Coverage: 0.0000
  Batch 1940/4162, Loss: 4.4157, NLL: 4.4157, Coverage: 0.0000
  Batch 1950/4162, Loss: 4.0814, NLL: 4.0814, Coverage: 0.0000
  Batch 1960/4162, Loss: 3.6494, NLL: 3.6494, Coverage: 0.0000
  Batch 1970/4162, Loss: 3.8014, NLL: 3.8014, Coverage: 0.0000
  Batch 1980/4162, Loss: 4.3232, NLL: 4.3232, Coverage: 0.0000
  Batch 1990/4162, Loss: 3.9149, NLL: 3.9149, Coverage: 0.0000
  Batch 2000/4162, Loss: 3.9874, NLL: 3.9874, Coverage: 0.0000
  Batch 2010/4162, Loss: 4.6042, NLL: 4.6042, Coverage: 0.0000
  Batch 2020/4162, Loss: 4.0684, NLL: 4.0684, Coverage: 0.0000
  Batch 2030/4162, Loss: 4.3074, NLL: 4.3074, Coverage: 0.0000
  Batch 2040/4162, Loss: 3.9082, NLL: 3.9082, Coverage: 0.0000
  Batch 2050/4162, Loss: 3.8498, NLL: 3.8498, Coverage: 0.0000
  Batch 2060/4162, Loss: 4.1669, NLL: 4.1669, Coverage: 0.0000
  Batch 2070/4162, Loss: 4.1305, NLL: 4.1305, Coverage: 0.0000
  Batch 2080/4162, Loss: 4.0527, NLL: 4.0527, Coverage: 0.0000
  Batch 2090/4162, Loss: 3.9601, NLL: 3.9601, Coverage: 0.0000
  Batch 2100/4162, Loss: 3.9230, NLL: 3.9230, Coverage: 0.0000
  Batch 2110/4162, Loss: 3.9634, NLL: 3.9634, Coverage: 0.0000
  Batch 2120/4162, Loss: 4.2235, NLL: 4.2235, Coverage: 0.0000
  Batch 2130/4162, Loss: 4.2459, NLL: 4.2459, Coverage: 0.0000
  Batch 2140/4162, Loss: 3.9683, NLL: 3.9683, Coverage: 0.0000
  Batch 2150/4162, Loss: 4.4885, NLL: 4.4885, Coverage: 0.0000
  Batch 2160/4162, Loss: 4.2011, NLL: 4.2011, Coverage: 0.0000
  Batch 2170/4162, Loss: 4.1545, NLL: 4.1545, Coverage: 0.0000
  Batch 2180/4162, Loss: 3.9144, NLL: 3.9144, Coverage: 0.0000
  Batch 2190/4162, Loss: 4.0979, NLL: 4.0979, Coverage: 0.0000
  Batch 2200/4162, Loss: 4.1168, NLL: 4.1168, Coverage: 0.0000
  Batch 2210/4162, Loss: 3.8302, NLL: 3.8302, Coverage: 0.0000
  Batch 2220/4162, Loss: 4.1253, NLL: 4.1253, Coverage: 0.0000
  Batch 2230/4162, Loss: 4.0431, NLL: 4.0431, Coverage: 0.0000
  Batch 2240/4162, Loss: 3.9555, NLL: 3.9555, Coverage: 0.0000
  Batch 2250/4162, Loss: 4.1062, NLL: 4.1062, Coverage: 0.0000
  Batch 2260/4162, Loss: 4.0390, NLL: 4.0390, Coverage: 0.0000
  Batch 2270/4162, Loss: 3.6922, NLL: 3.6922, Coverage: 0.0000
  Batch 2280/4162, Loss: 3.9399, NLL: 3.9399, Coverage: 0.0000
  Batch 2290/4162, Loss: 4.3393, NLL: 4.3393, Coverage: 0.0000
  Batch 2300/4162, Loss: 3.9916, NLL: 3.9916, Coverage: 0.0000
  Batch 2310/4162, Loss: 4.1530, NLL: 4.1530, Coverage: 0.0000
  Batch 2320/4162, Loss: 4.0454, NLL: 4.0454, Coverage: 0.0000
  Batch 2330/4162, Loss: 3.7912, NLL: 3.7912, Coverage: 0.0000
  Batch 2340/4162, Loss: 3.7926, NLL: 3.7926, Coverage: 0.0000
  Batch 2350/4162, Loss: 4.2668, NLL: 4.2668, Coverage: 0.0000
  Batch 2360/4162, Loss: 3.8190, NLL: 3.8190, Coverage: 0.0000
  Batch 2370/4162, Loss: 4.3197, NLL: 4.3197, Coverage: 0.0000
  Batch 2380/4162, Loss: 4.0699, NLL: 4.0699, Coverage: 0.0000
  Batch 2390/4162, Loss: 3.6224, NLL: 3.6224, Coverage: 0.0000
  Batch 2400/4162, Loss: 3.7366, NLL: 3.7366, Coverage: 0.0000
  Batch 2410/4162, Loss: 4.0922, NLL: 4.0922, Coverage: 0.0000
  Batch 2420/4162, Loss: 4.0704, NLL: 4.0704, Coverage: 0.0000
  Batch 2430/4162, Loss: 4.1882, NLL: 4.1882, Coverage: 0.0000
  Batch 2440/4162, Loss: 3.7909, NLL: 3.7909, Coverage: 0.0000
  Batch 2450/4162, Loss: 3.5952, NLL: 3.5952, Coverage: 0.0000
  Batch 2460/4162, Loss: 3.8388, NLL: 3.8388, Coverage: 0.0000
  Batch 2470/4162, Loss: 4.2272, NLL: 4.2272, Coverage: 0.0000
  Batch 2480/4162, Loss: 4.1155, NLL: 4.1155, Coverage: 0.0000
  Batch 2490/4162, Loss: 3.8004, NLL: 3.8004, Coverage: 0.0000
  Batch 2500/4162, Loss: 4.1096, NLL: 4.1096, Coverage: 0.0000
  Batch 2510/4162, Loss: 4.0236, NLL: 4.0236, Coverage: 0.0000
  Batch 2520/4162, Loss: 4.4642, NLL: 4.4642, Coverage: 0.0000
  Batch 2530/4162, Loss: 3.4444, NLL: 3.4444, Coverage: 0.0000
  Batch 2540/4162, Loss: 4.2754, NLL: 4.2754, Coverage: 0.0000
  Batch 2550/4162, Loss: 4.0434, NLL: 4.0434, Coverage: 0.0000
  Batch 2560/4162, Loss: 4.1484, NLL: 4.1484, Coverage: 0.0000
  Batch 2570/4162, Loss: 4.3853, NLL: 4.3853, Coverage: 0.0000
  Batch 2580/4162, Loss: 4.3012, NLL: 4.3012, Coverage: 0.0000
  Batch 2590/4162, Loss: 4.4105, NLL: 4.4105, Coverage: 0.0000
  Batch 2600/4162, Loss: 3.5971, NLL: 3.5971, Coverage: 0.0000
  Batch 2610/4162, Loss: 4.0541, NLL: 4.0541, Coverage: 0.0000
  Batch 2620/4162, Loss: 4.2017, NLL: 4.2017, Coverage: 0.0000
  Batch 2630/4162, Loss: 3.9948, NLL: 3.9948, Coverage: 0.0000
  Batch 2640/4162, Loss: 4.1514, NLL: 4.1514, Coverage: 0.0000
  Batch 2650/4162, Loss: 3.8604, NLL: 3.8604, Coverage: 0.0000
  Batch 2660/4162, Loss: 3.8819, NLL: 3.8819, Coverage: 0.0000
  Batch 2670/4162, Loss: 4.1787, NLL: 4.1787, Coverage: 0.0000
  Batch 2680/4162, Loss: 3.5064, NLL: 3.5064, Coverage: 0.0000
  Batch 2690/4162, Loss: 3.9923, NLL: 3.9923, Coverage: 0.0000
  Batch 2700/4162, Loss: 4.0536, NLL: 4.0536, Coverage: 0.0000
  Batch 2710/4162, Loss: 4.0479, NLL: 4.0479, Coverage: 0.0000
  Batch 2720/4162, Loss: 3.4019, NLL: 3.4019, Coverage: 0.0000
  Batch 2730/4162, Loss: 4.3905, NLL: 4.3905, Coverage: 0.0000
  Batch 2740/4162, Loss: 3.7187, NLL: 3.7187, Coverage: 0.0000
  Batch 2750/4162, Loss: 4.2271, NLL: 4.2271, Coverage: 0.0000
  Batch 2760/4162, Loss: 4.1227, NLL: 4.1227, Coverage: 0.0000
  Batch 2770/4162, Loss: 4.1250, NLL: 4.1250, Coverage: 0.0000
  Batch 2780/4162, Loss: 3.8770, NLL: 3.8770, Coverage: 0.0000
  Batch 2790/4162, Loss: 4.0368, NLL: 4.0368, Coverage: 0.0000
  Batch 2800/4162, Loss: 4.2935, NLL: 4.2935, Coverage: 0.0000
  Batch 2810/4162, Loss: 4.1200, NLL: 4.1200, Coverage: 0.0000
  Batch 2820/4162, Loss: 3.8032, NLL: 3.8032, Coverage: 0.0000
  Batch 2830/4162, Loss: 3.8022, NLL: 3.8022, Coverage: 0.0000
  Batch 2840/4162, Loss: 4.3117, NLL: 4.3117, Coverage: 0.0000
  Batch 2850/4162, Loss: 3.7826, NLL: 3.7826, Coverage: 0.0000
  Batch 2860/4162, Loss: 4.1493, NLL: 4.1493, Coverage: 0.0000
  Batch 2870/4162, Loss: 3.6401, NLL: 3.6401, Coverage: 0.0000
  Batch 2880/4162, Loss: 3.9913, NLL: 3.9913, Coverage: 0.0000
  Batch 2890/4162, Loss: 3.5496, NLL: 3.5496, Coverage: 0.0000
  Batch 2900/4162, Loss: 3.9584, NLL: 3.9584, Coverage: 0.0000
  Batch 2910/4162, Loss: 4.4830, NLL: 4.4830, Coverage: 0.0000
  Batch 2920/4162, Loss: 4.0864, NLL: 4.0864, Coverage: 0.0000
  Batch 2930/4162, Loss: 3.9247, NLL: 3.9247, Coverage: 0.0000
  Batch 2940/4162, Loss: 4.2924, NLL: 4.2924, Coverage: 0.0000
  Batch 2950/4162, Loss: 3.7077, NLL: 3.7077, Coverage: 0.0000
  Batch 2960/4162, Loss: 3.8859, NLL: 3.8859, Coverage: 0.0000
  Batch 2970/4162, Loss: 3.9809, NLL: 3.9809, Coverage: 0.0000
  Batch 2980/4162, Loss: 4.0483, NLL: 4.0483, Coverage: 0.0000
  Batch 2990/4162, Loss: 3.9696, NLL: 3.9696, Coverage: 0.0000
  Batch 3000/4162, Loss: 3.7579, NLL: 3.7579, Coverage: 0.0000
  Batch 3010/4162, Loss: 4.1597, NLL: 4.1597, Coverage: 0.0000
  Batch 3020/4162, Loss: 4.2753, NLL: 4.2753, Coverage: 0.0000
  Batch 3030/4162, Loss: 4.1221, NLL: 4.1221, Coverage: 0.0000
  Batch 3040/4162, Loss: 3.6904, NLL: 3.6904, Coverage: 0.0000
  Batch 3050/4162, Loss: 4.1149, NLL: 4.1149, Coverage: 0.0000
  Batch 3060/4162, Loss: 4.2308, NLL: 4.2308, Coverage: 0.0000
  Batch 3070/4162, Loss: 3.6887, NLL: 3.6887, Coverage: 0.0000
  Batch 3080/4162, Loss: 3.6229, NLL: 3.6229, Coverage: 0.0000
  Batch 3090/4162, Loss: 3.9525, NLL: 3.9525, Coverage: 0.0000
  Batch 3100/4162, Loss: 4.1591, NLL: 4.1591, Coverage: 0.0000
  Batch 3110/4162, Loss: 4.1217, NLL: 4.1217, Coverage: 0.0000
  Batch 3120/4162, Loss: 4.3627, NLL: 4.3627, Coverage: 0.0000
  Batch 3130/4162, Loss: 3.4351, NLL: 3.4351, Coverage: 0.0000
  Batch 3140/4162, Loss: 3.8524, NLL: 3.8524, Coverage: 0.0000
  Batch 3150/4162, Loss: 4.2123, NLL: 4.2123, Coverage: 0.0000
  Batch 3160/4162, Loss: 3.7703, NLL: 3.7703, Coverage: 0.0000
  Batch 3170/4162, Loss: 3.7431, NLL: 3.7431, Coverage: 0.0000
  Batch 3180/4162, Loss: 3.9118, NLL: 3.9118, Coverage: 0.0000
  Batch 3190/4162, Loss: 3.9035, NLL: 3.9035, Coverage: 0.0000
  Batch 3200/4162, Loss: 3.7420, NLL: 3.7420, Coverage: 0.0000
  Batch 3210/4162, Loss: 3.6515, NLL: 3.6515, Coverage: 0.0000
  Batch 3220/4162, Loss: 4.2444, NLL: 4.2444, Coverage: 0.0000
  Batch 3230/4162, Loss: 3.9607, NLL: 3.9607, Coverage: 0.0000
  Batch 3240/4162, Loss: 4.1031, NLL: 4.1031, Coverage: 0.0000
  Batch 3250/4162, Loss: 4.3142, NLL: 4.3142, Coverage: 0.0000
  Batch 3260/4162, Loss: 4.5153, NLL: 4.5153, Coverage: 0.0000
  Batch 3270/4162, Loss: 4.3117, NLL: 4.3117, Coverage: 0.0000
  Batch 3280/4162, Loss: 4.1094, NLL: 4.1094, Coverage: 0.0000
  Batch 3290/4162, Loss: 4.5861, NLL: 4.5861, Coverage: 0.0000
  Batch 3300/4162, Loss: 3.9342, NLL: 3.9342, Coverage: 0.0000
  Batch 3310/4162, Loss: 4.7999, NLL: 4.7999, Coverage: 0.0000
  Batch 3320/4162, Loss: 3.6073, NLL: 3.6073, Coverage: 0.0000
  Batch 3330/4162, Loss: 4.3054, NLL: 4.3054, Coverage: 0.0000
  Batch 3340/4162, Loss: 4.3514, NLL: 4.3514, Coverage: 0.0000
  Batch 3350/4162, Loss: 4.1759, NLL: 4.1759, Coverage: 0.0000
  Batch 3360/4162, Loss: 4.2646, NLL: 4.2646, Coverage: 0.0000
  Batch 3370/4162, Loss: 3.9865, NLL: 3.9865, Coverage: 0.0000
  Batch 3380/4162, Loss: 4.0989, NLL: 4.0989, Coverage: 0.0000
  Batch 3390/4162, Loss: 3.4454, NLL: 3.4454, Coverage: 0.0000
  Batch 3400/4162, Loss: 3.8506, NLL: 3.8506, Coverage: 0.0000
  Batch 3410/4162, Loss: 3.9516, NLL: 3.9516, Coverage: 0.0000
  Batch 3420/4162, Loss: 4.0198, NLL: 4.0198, Coverage: 0.0000
  Batch 3430/4162, Loss: 3.5916, NLL: 3.5916, Coverage: 0.0000
  Batch 3440/4162, Loss: 4.2876, NLL: 4.2876, Coverage: 0.0000
  Batch 3450/4162, Loss: 4.1260, NLL: 4.1260, Coverage: 0.0000
  Batch 3460/4162, Loss: 3.2204, NLL: 3.2204, Coverage: 0.0000
  Batch 3470/4162, Loss: 3.9806, NLL: 3.9806, Coverage: 0.0000
  Batch 3480/4162, Loss: 4.0669, NLL: 4.0669, Coverage: 0.0000
  Batch 3490/4162, Loss: 4.0713, NLL: 4.0713, Coverage: 0.0000
  Batch 3500/4162, Loss: 3.7695, NLL: 3.7695, Coverage: 0.0000
  Batch 3510/4162, Loss: 4.0276, NLL: 4.0276, Coverage: 0.0000
  Batch 3520/4162, Loss: 3.7215, NLL: 3.7215, Coverage: 0.0000
  Batch 3530/4162, Loss: 4.0550, NLL: 4.0550, Coverage: 0.0000
  Batch 3540/4162, Loss: 4.1728, NLL: 4.1728, Coverage: 0.0000
  Batch 3550/4162, Loss: 4.1919, NLL: 4.1919, Coverage: 0.0000
  Batch 3560/4162, Loss: 4.0171, NLL: 4.0171, Coverage: 0.0000
  Batch 3570/4162, Loss: 4.5269, NLL: 4.5269, Coverage: 0.0000
  Batch 3580/4162, Loss: 4.4121, NLL: 4.4121, Coverage: 0.0000
  Batch 3590/4162, Loss: 4.3243, NLL: 4.3243, Coverage: 0.0000
  Batch 3600/4162, Loss: 4.3019, NLL: 4.3019, Coverage: 0.0000
  Batch 3610/4162, Loss: 4.1327, NLL: 4.1327, Coverage: 0.0000
  Batch 3620/4162, Loss: 3.8628, NLL: 3.8628, Coverage: 0.0000
  Batch 3630/4162, Loss: 3.5427, NLL: 3.5427, Coverage: 0.0000
  Batch 3640/4162, Loss: 4.1972, NLL: 4.1972, Coverage: 0.0000
  Batch 3650/4162, Loss: 3.6260, NLL: 3.6260, Coverage: 0.0000
  Batch 3660/4162, Loss: 4.0327, NLL: 4.0327, Coverage: 0.0000
  Batch 3670/4162, Loss: 4.0260, NLL: 4.0260, Coverage: 0.0000
  Batch 3680/4162, Loss: 3.8881, NLL: 3.8881, Coverage: 0.0000
  Batch 3690/4162, Loss: 4.0737, NLL: 4.0737, Coverage: 0.0000
  Batch 3700/4162, Loss: 3.5922, NLL: 3.5922, Coverage: 0.0000
  Batch 3710/4162, Loss: 4.0970, NLL: 4.0970, Coverage: 0.0000
  Batch 3720/4162, Loss: 3.4713, NLL: 3.4713, Coverage: 0.0000
  Batch 3730/4162, Loss: 3.7408, NLL: 3.7408, Coverage: 0.0000
  Batch 3740/4162, Loss: 3.7090, NLL: 3.7090, Coverage: 0.0000
  Batch 3750/4162, Loss: 3.9489, NLL: 3.9489, Coverage: 0.0000
  Batch 3760/4162, Loss: 4.1204, NLL: 4.1204, Coverage: 0.0000
  Batch 3770/4162, Loss: 3.8499, NLL: 3.8499, Coverage: 0.0000
  Batch 3780/4162, Loss: 4.2407, NLL: 4.2407, Coverage: 0.0000
  Batch 3790/4162, Loss: 4.1298, NLL: 4.1298, Coverage: 0.0000
  Batch 3800/4162, Loss: 4.0434, NLL: 4.0434, Coverage: 0.0000
  Batch 3810/4162, Loss: 3.5106, NLL: 3.5106, Coverage: 0.0000
  Batch 3820/4162, Loss: 3.6636, NLL: 3.6636, Coverage: 0.0000
  Batch 3830/4162, Loss: 3.9074, NLL: 3.9074, Coverage: 0.0000
  Batch 3840/4162, Loss: 3.8306, NLL: 3.8306, Coverage: 0.0000
  Batch 3850/4162, Loss: 4.1775, NLL: 4.1775, Coverage: 0.0000
  Batch 3860/4162, Loss: 4.1899, NLL: 4.1899, Coverage: 0.0000
  Batch 3870/4162, Loss: 4.1544, NLL: 4.1544, Coverage: 0.0000
  Batch 3880/4162, Loss: 4.0492, NLL: 4.0492, Coverage: 0.0000
  Batch 3890/4162, Loss: 3.8761, NLL: 3.8761, Coverage: 0.0000
  Batch 3900/4162, Loss: 4.2099, NLL: 4.2099, Coverage: 0.0000
  Batch 3910/4162, Loss: 4.1587, NLL: 4.1587, Coverage: 0.0000
  Batch 3920/4162, Loss: 3.6852, NLL: 3.6852, Coverage: 0.0000
  Batch 3930/4162, Loss: 4.0872, NLL: 4.0872, Coverage: 0.0000
  Batch 3940/4162, Loss: 4.0154, NLL: 4.0154, Coverage: 0.0000
  Batch 3950/4162, Loss: 4.0437, NLL: 4.0437, Coverage: 0.0000
  Batch 3960/4162, Loss: 4.2962, NLL: 4.2962, Coverage: 0.0000
  Batch 3970/4162, Loss: 4.3184, NLL: 4.3184, Coverage: 0.0000
  Batch 3980/4162, Loss: 3.7494, NLL: 3.7494, Coverage: 0.0000
  Batch 3990/4162, Loss: 3.9227, NLL: 3.9227, Coverage: 0.0000
  Batch 4000/4162, Loss: 4.1715, NLL: 4.1715, Coverage: 0.0000
  Batch 4010/4162, Loss: 3.9825, NLL: 3.9825, Coverage: 0.0000
  Batch 4020/4162, Loss: 4.1480, NLL: 4.1480, Coverage: 0.0000
  Batch 4030/4162, Loss: 4.3208, NLL: 4.3208, Coverage: 0.0000
  Batch 4040/4162, Loss: 3.9884, NLL: 3.9884, Coverage: 0.0000
  Batch 4050/4162, Loss: 4.0633, NLL: 4.0633, Coverage: 0.0000
  Batch 4060/4162, Loss: 4.0090, NLL: 4.0090, Coverage: 0.0000
  Batch 4070/4162, Loss: 4.0857, NLL: 4.0857, Coverage: 0.0000
  Batch 4080/4162, Loss: 4.1059, NLL: 4.1059, Coverage: 0.0000
  Batch 4090/4162, Loss: 3.8651, NLL: 3.8651, Coverage: 0.0000
  Batch 4100/4162, Loss: 3.7770, NLL: 3.7770, Coverage: 0.0000
  Batch 4110/4162, Loss: 4.2393, NLL: 4.2393, Coverage: 0.0000
  Batch 4120/4162, Loss: 4.0489, NLL: 4.0489, Coverage: 0.0000
  Batch 4130/4162, Loss: 3.7642, NLL: 3.7642, Coverage: 0.0000
  Batch 4140/4162, Loss: 4.0750, NLL: 4.0750, Coverage: 0.0000
  Batch 4150/4162, Loss: 3.6423, NLL: 3.6423, Coverage: 0.0000
  Batch 4160/4162, Loss: 4.0976, NLL: 4.0976, Coverage: 0.0000

  Train Loss: 4.0321 (NLL: 4.0321, Coverage: 0.0000)
  Val Loss: 6.4651 (NLL: 6.4651, Coverage: 0.0000)
  Time: 28m 14s

Epoch 14/20
----------------------------------------
  Batch 10/4162, Loss: 3.9950, NLL: 3.9950, Coverage: 0.0000
  Batch 20/4162, Loss: 3.9983, NLL: 3.9983, Coverage: 0.0000
  Batch 30/4162, Loss: 4.0329, NLL: 4.0329, Coverage: 0.0000
  Batch 40/4162, Loss: 3.9686, NLL: 3.9686, Coverage: 0.0000
  Batch 50/4162, Loss: 4.3137, NLL: 4.3137, Coverage: 0.0000
  Batch 60/4162, Loss: 3.7240, NLL: 3.7240, Coverage: 0.0000
  Batch 70/4162, Loss: 4.0843, NLL: 4.0843, Coverage: 0.0000
  Batch 80/4162, Loss: 3.8975, NLL: 3.8975, Coverage: 0.0000
  Batch 90/4162, Loss: 4.0002, NLL: 4.0002, Coverage: 0.0000
  Batch 100/4162, Loss: 3.9569, NLL: 3.9569, Coverage: 0.0000
  Batch 110/4162, Loss: 3.9626, NLL: 3.9626, Coverage: 0.0000
  Batch 120/4162, Loss: 4.2192, NLL: 4.2192, Coverage: 0.0000
  Batch 130/4162, Loss: 3.7444, NLL: 3.7444, Coverage: 0.0000
  Batch 140/4162, Loss: 3.6265, NLL: 3.6265, Coverage: 0.0000
  Batch 150/4162, Loss: 3.8134, NLL: 3.8134, Coverage: 0.0000
  Batch 160/4162, Loss: 3.7791, NLL: 3.7791, Coverage: 0.0000
  Batch 170/4162, Loss: 3.8505, NLL: 3.8505, Coverage: 0.0000
  Batch 180/4162, Loss: 4.0923, NLL: 4.0923, Coverage: 0.0000
  Batch 190/4162, Loss: 4.3412, NLL: 4.3412, Coverage: 0.0000
  Batch 200/4162, Loss: 4.5976, NLL: 4.5976, Coverage: 0.0000
  Batch 210/4162, Loss: 3.9588, NLL: 3.9588, Coverage: 0.0000
  Batch 220/4162, Loss: 3.7310, NLL: 3.7310, Coverage: 0.0000
  Batch 230/4162, Loss: 4.3308, NLL: 4.3308, Coverage: 0.0000
  Batch 240/4162, Loss: 4.0020, NLL: 4.0020, Coverage: 0.0000
  Batch 250/4162, Loss: 4.1000, NLL: 4.1000, Coverage: 0.0000
  Batch 260/4162, Loss: 4.4386, NLL: 4.4386, Coverage: 0.0000
  Batch 270/4162, Loss: 3.9850, NLL: 3.9850, Coverage: 0.0000
  Batch 280/4162, Loss: 3.9659, NLL: 3.9659, Coverage: 0.0000
  Batch 290/4162, Loss: 3.4121, NLL: 3.4121, Coverage: 0.0000
  Batch 300/4162, Loss: 4.3046, NLL: 4.3046, Coverage: 0.0000
  Batch 310/4162, Loss: 4.3084, NLL: 4.3084, Coverage: 0.0000
  Batch 320/4162, Loss: 4.3752, NLL: 4.3752, Coverage: 0.0000
  Batch 330/4162, Loss: 3.9559, NLL: 3.9559, Coverage: 0.0000
  Batch 340/4162, Loss: 3.4020, NLL: 3.4020, Coverage: 0.0000
  Batch 350/4162, Loss: 3.6484, NLL: 3.6484, Coverage: 0.0000
  Batch 360/4162, Loss: 4.1140, NLL: 4.1140, Coverage: 0.0000
  Batch 370/4162, Loss: 4.4706, NLL: 4.4706, Coverage: 0.0000
  Batch 380/4162, Loss: 4.0209, NLL: 4.0209, Coverage: 0.0000
  Batch 390/4162, Loss: 3.9842, NLL: 3.9842, Coverage: 0.0000
  Batch 400/4162, Loss: 3.7392, NLL: 3.7392, Coverage: 0.0000
  Batch 410/4162, Loss: 4.0301, NLL: 4.0301, Coverage: 0.0000
  Batch 420/4162, Loss: 4.0111, NLL: 4.0111, Coverage: 0.0000
  Batch 430/4162, Loss: 3.9452, NLL: 3.9452, Coverage: 0.0000
  Batch 440/4162, Loss: 4.1928, NLL: 4.1928, Coverage: 0.0000
  Batch 450/4162, Loss: 4.2005, NLL: 4.2005, Coverage: 0.0000
  Batch 460/4162, Loss: 3.6035, NLL: 3.6035, Coverage: 0.0000
  Batch 470/4162, Loss: 4.2940, NLL: 4.2940, Coverage: 0.0000
  Batch 480/4162, Loss: 4.3260, NLL: 4.3260, Coverage: 0.0000
  Batch 490/4162, Loss: 3.8949, NLL: 3.8949, Coverage: 0.0000
  Batch 500/4162, Loss: 4.0078, NLL: 4.0078, Coverage: 0.0000
  Batch 510/4162, Loss: 4.0676, NLL: 4.0676, Coverage: 0.0000
  Batch 520/4162, Loss: 4.0801, NLL: 4.0801, Coverage: 0.0000
  Batch 530/4162, Loss: 3.7721, NLL: 3.7721, Coverage: 0.0000
  Batch 540/4162, Loss: 3.8190, NLL: 3.8190, Coverage: 0.0000
  Batch 550/4162, Loss: 3.6984, NLL: 3.6984, Coverage: 0.0000
  Batch 560/4162, Loss: 3.9268, NLL: 3.9268, Coverage: 0.0000
  Batch 570/4162, Loss: 3.9771, NLL: 3.9771, Coverage: 0.0000
  Batch 580/4162, Loss: 4.2431, NLL: 4.2431, Coverage: 0.0000
  Batch 590/4162, Loss: 4.1373, NLL: 4.1373, Coverage: 0.0000
  Batch 600/4162, Loss: 3.3059, NLL: 3.3059, Coverage: 0.0000
  Batch 610/4162, Loss: 3.9613, NLL: 3.9613, Coverage: 0.0000
  Batch 620/4162, Loss: 3.9797, NLL: 3.9797, Coverage: 0.0000
  Batch 630/4162, Loss: 4.1139, NLL: 4.1139, Coverage: 0.0000
  Batch 640/4162, Loss: 3.7562, NLL: 3.7562, Coverage: 0.0000
  Batch 650/4162, Loss: 4.0200, NLL: 4.0200, Coverage: 0.0000
  Batch 660/4162, Loss: 3.9794, NLL: 3.9794, Coverage: 0.0000
  Batch 670/4162, Loss: 4.5091, NLL: 4.5091, Coverage: 0.0000
  Batch 680/4162, Loss: 3.5098, NLL: 3.5098, Coverage: 0.0000
  Batch 690/4162, Loss: 3.7705, NLL: 3.7705, Coverage: 0.0000
  Batch 700/4162, Loss: 4.0601, NLL: 4.0601, Coverage: 0.0000
  Batch 710/4162, Loss: 3.8553, NLL: 3.8553, Coverage: 0.0000
  Batch 720/4162, Loss: 4.4094, NLL: 4.4094, Coverage: 0.0000
  Batch 730/4162, Loss: 3.6560, NLL: 3.6560, Coverage: 0.0000
  Batch 740/4162, Loss: 3.7236, NLL: 3.7236, Coverage: 0.0000
  Batch 750/4162, Loss: 3.7170, NLL: 3.7170, Coverage: 0.0000
  Batch 760/4162, Loss: 4.3081, NLL: 4.3081, Coverage: 0.0000
  Batch 770/4162, Loss: 3.9451, NLL: 3.9451, Coverage: 0.0000
  Batch 780/4162, Loss: 3.9429, NLL: 3.9429, Coverage: 0.0000
  Batch 790/4162, Loss: 4.0879, NLL: 4.0879, Coverage: 0.0000
  Batch 800/4162, Loss: 4.0317, NLL: 4.0317, Coverage: 0.0000
  Batch 810/4162, Loss: 4.2394, NLL: 4.2394, Coverage: 0.0000
  Batch 820/4162, Loss: 4.3414, NLL: 4.3414, Coverage: 0.0000
  Batch 830/4162, Loss: 4.5492, NLL: 4.5492, Coverage: 0.0000
  Batch 840/4162, Loss: 4.3548, NLL: 4.3548, Coverage: 0.0000
  Batch 850/4162, Loss: 4.4968, NLL: 4.4968, Coverage: 0.0000
  Batch 860/4162, Loss: 3.9578, NLL: 3.9578, Coverage: 0.0000
  Batch 870/4162, Loss: 3.7844, NLL: 3.7844, Coverage: 0.0000
  Batch 880/4162, Loss: 3.5218, NLL: 3.5218, Coverage: 0.0000
  Batch 890/4162, Loss: 4.6275, NLL: 4.6275, Coverage: 0.0000
  Batch 900/4162, Loss: 3.4714, NLL: 3.4714, Coverage: 0.0000
  Batch 910/4162, Loss: 3.7018, NLL: 3.7018, Coverage: 0.0000
  Batch 920/4162, Loss: 3.7380, NLL: 3.7380, Coverage: 0.0000
  Batch 930/4162, Loss: 3.7540, NLL: 3.7540, Coverage: 0.0000
  Batch 940/4162, Loss: 4.4895, NLL: 4.4895, Coverage: 0.0000
  Batch 950/4162, Loss: 3.9272, NLL: 3.9272, Coverage: 0.0000
  Batch 960/4162, Loss: 3.5318, NLL: 3.5318, Coverage: 0.0000
  Batch 970/4162, Loss: 3.9906, NLL: 3.9906, Coverage: 0.0000
  Batch 980/4162, Loss: 4.1906, NLL: 4.1906, Coverage: 0.0000
  Batch 990/4162, Loss: 3.9379, NLL: 3.9379, Coverage: 0.0000
  Batch 1000/4162, Loss: 3.4468, NLL: 3.4468, Coverage: 0.0000
  Batch 1010/4162, Loss: 3.9737, NLL: 3.9737, Coverage: 0.0000
  Batch 1020/4162, Loss: 3.8628, NLL: 3.8628, Coverage: 0.0000
  Batch 1030/4162, Loss: 3.9224, NLL: 3.9224, Coverage: 0.0000
  Batch 1040/4162, Loss: 4.1446, NLL: 4.1446, Coverage: 0.0000
  Batch 1050/4162, Loss: 4.3993, NLL: 4.3993, Coverage: 0.0000
  Batch 1060/4162, Loss: 3.5098, NLL: 3.5098, Coverage: 0.0000
  Batch 1070/4162, Loss: 3.7626, NLL: 3.7626, Coverage: 0.0000
  Batch 1080/4162, Loss: 3.9295, NLL: 3.9295, Coverage: 0.0000
  Batch 1090/4162, Loss: 4.3145, NLL: 4.3145, Coverage: 0.0000
  Batch 1100/4162, Loss: 3.6937, NLL: 3.6937, Coverage: 0.0000
  Batch 1110/4162, Loss: 3.9516, NLL: 3.9516, Coverage: 0.0000
  Batch 1120/4162, Loss: 4.0815, NLL: 4.0815, Coverage: 0.0000
  Batch 1130/4162, Loss: 3.4972, NLL: 3.4972, Coverage: 0.0000
  Batch 1140/4162, Loss: 3.9238, NLL: 3.9238, Coverage: 0.0000
  Batch 1150/4162, Loss: 4.1990, NLL: 4.1990, Coverage: 0.0000
  Batch 1160/4162, Loss: 3.9793, NLL: 3.9793, Coverage: 0.0000
  Batch 1170/4162, Loss: 3.5639, NLL: 3.5639, Coverage: 0.0000
  Batch 1180/4162, Loss: 4.1015, NLL: 4.1015, Coverage: 0.0000
  Batch 1190/4162, Loss: 4.3748, NLL: 4.3748, Coverage: 0.0000
  Batch 1200/4162, Loss: 4.0456, NLL: 4.0456, Coverage: 0.0000
  Batch 1210/4162, Loss: 3.4649, NLL: 3.4649, Coverage: 0.0000
  Batch 1220/4162, Loss: 3.9277, NLL: 3.9277, Coverage: 0.0000
  Batch 1230/4162, Loss: 3.5635, NLL: 3.5635, Coverage: 0.0000
  Batch 1240/4162, Loss: 3.6721, NLL: 3.6721, Coverage: 0.0000
  Batch 1250/4162, Loss: 3.7986, NLL: 3.7986, Coverage: 0.0000
  Batch 1260/4162, Loss: 4.2212, NLL: 4.2212, Coverage: 0.0000
  Batch 1270/4162, Loss: 3.8749, NLL: 3.8749, Coverage: 0.0000
  Batch 1280/4162, Loss: 4.2973, NLL: 4.2973, Coverage: 0.0000
  Batch 1290/4162, Loss: 4.1338, NLL: 4.1338, Coverage: 0.0000
  Batch 1300/4162, Loss: 4.0486, NLL: 4.0486, Coverage: 0.0000
  Batch 1310/4162, Loss: 3.6279, NLL: 3.6279, Coverage: 0.0000
  Batch 1320/4162, Loss: 3.9322, NLL: 3.9322, Coverage: 0.0000
  Batch 1330/4162, Loss: 3.7472, NLL: 3.7472, Coverage: 0.0000
  Batch 1340/4162, Loss: 3.8929, NLL: 3.8929, Coverage: 0.0000
  Batch 1350/4162, Loss: 4.1537, NLL: 4.1537, Coverage: 0.0000
  Batch 1360/4162, Loss: 3.5704, NLL: 3.5704, Coverage: 0.0000
  Batch 1370/4162, Loss: 3.7600, NLL: 3.7600, Coverage: 0.0000
  Batch 1380/4162, Loss: 4.1355, NLL: 4.1355, Coverage: 0.0000
  Batch 1390/4162, Loss: 3.8905, NLL: 3.8905, Coverage: 0.0000
  Batch 1400/4162, Loss: 3.7518, NLL: 3.7518, Coverage: 0.0000
  Batch 1410/4162, Loss: 4.3099, NLL: 4.3099, Coverage: 0.0000
  Batch 1420/4162, Loss: 3.7043, NLL: 3.7043, Coverage: 0.0000
  Batch 1430/4162, Loss: 4.2266, NLL: 4.2266, Coverage: 0.0000
  Batch 1440/4162, Loss: 3.7124, NLL: 3.7124, Coverage: 0.0000
  Batch 1450/4162, Loss: 4.0004, NLL: 4.0004, Coverage: 0.0000
  Batch 1460/4162, Loss: 4.0146, NLL: 4.0146, Coverage: 0.0000
  Batch 1470/4162, Loss: 3.9437, NLL: 3.9437, Coverage: 0.0000
  Batch 1480/4162, Loss: 3.4294, NLL: 3.4294, Coverage: 0.0000
  Batch 1490/4162, Loss: 3.9397, NLL: 3.9397, Coverage: 0.0000
  Batch 1500/4162, Loss: 3.9885, NLL: 3.9885, Coverage: 0.0000
  Batch 1510/4162, Loss: 3.7195, NLL: 3.7195, Coverage: 0.0000
  Batch 1520/4162, Loss: 4.2182, NLL: 4.2182, Coverage: 0.0000
  Batch 1530/4162, Loss: 4.5176, NLL: 4.5176, Coverage: 0.0000
  Batch 1540/4162, Loss: 3.8943, NLL: 3.8943, Coverage: 0.0000
  Batch 1550/4162, Loss: 3.6824, NLL: 3.6824, Coverage: 0.0000
  Batch 1560/4162, Loss: 3.9129, NLL: 3.9129, Coverage: 0.0000
  Batch 1570/4162, Loss: 4.0742, NLL: 4.0742, Coverage: 0.0000
  Batch 1580/4162, Loss: 3.9426, NLL: 3.9426, Coverage: 0.0000
  Batch 1590/4162, Loss: 4.1150, NLL: 4.1150, Coverage: 0.0000
  Batch 1600/4162, Loss: 3.9871, NLL: 3.9871, Coverage: 0.0000
  Batch 1610/4162, Loss: 3.7782, NLL: 3.7782, Coverage: 0.0000
  Batch 1620/4162, Loss: 3.9798, NLL: 3.9798, Coverage: 0.0000
  Batch 1630/4162, Loss: 4.6586, NLL: 4.6586, Coverage: 0.0000
  Batch 1640/4162, Loss: 3.5237, NLL: 3.5237, Coverage: 0.0000
  Batch 1650/4162, Loss: 4.0604, NLL: 4.0604, Coverage: 0.0000
  Batch 1660/4162, Loss: 3.7484, NLL: 3.7484, Coverage: 0.0000
  Batch 1670/4162, Loss: 3.6878, NLL: 3.6878, Coverage: 0.0000
  Batch 1680/4162, Loss: 4.3025, NLL: 4.3025, Coverage: 0.0000
  Batch 1690/4162, Loss: 3.7667, NLL: 3.7667, Coverage: 0.0000
  Batch 1700/4162, Loss: 4.1109, NLL: 4.1109, Coverage: 0.0000
  Batch 1710/4162, Loss: 4.3080, NLL: 4.3080, Coverage: 0.0000
  Batch 1720/4162, Loss: 3.7164, NLL: 3.7164, Coverage: 0.0000
  Batch 1730/4162, Loss: 3.8779, NLL: 3.8779, Coverage: 0.0000
  Batch 1740/4162, Loss: 3.9436, NLL: 3.9436, Coverage: 0.0000
  Batch 1750/4162, Loss: 4.1407, NLL: 4.1407, Coverage: 0.0000
  Batch 1760/4162, Loss: 4.2897, NLL: 4.2897, Coverage: 0.0000
  Batch 1770/4162, Loss: 3.9507, NLL: 3.9507, Coverage: 0.0000
  Batch 1780/4162, Loss: 3.9971, NLL: 3.9971, Coverage: 0.0000
  Batch 1790/4162, Loss: 4.3421, NLL: 4.3421, Coverage: 0.0000
  Batch 1800/4162, Loss: 4.1048, NLL: 4.1048, Coverage: 0.0000
  Batch 1810/4162, Loss: 3.7927, NLL: 3.7927, Coverage: 0.0000
  Batch 1820/4162, Loss: 3.7311, NLL: 3.7311, Coverage: 0.0000
  Batch 1830/4162, Loss: 3.8288, NLL: 3.8288, Coverage: 0.0000
  Batch 1840/4162, Loss: 4.3577, NLL: 4.3577, Coverage: 0.0000
  Batch 1850/4162, Loss: 4.4039, NLL: 4.4039, Coverage: 0.0000
  Batch 1860/4162, Loss: 3.9970, NLL: 3.9970, Coverage: 0.0000
  Batch 1870/4162, Loss: 4.1246, NLL: 4.1246, Coverage: 0.0000
  Batch 1880/4162, Loss: 4.1072, NLL: 4.1072, Coverage: 0.0000
  Batch 1890/4162, Loss: 4.0784, NLL: 4.0784, Coverage: 0.0000
  Batch 1900/4162, Loss: 3.9442, NLL: 3.9442, Coverage: 0.0000
  Batch 1910/4162, Loss: 3.9008, NLL: 3.9008, Coverage: 0.0000
  Batch 1920/4162, Loss: 3.9725, NLL: 3.9725, Coverage: 0.0000
  Batch 1930/4162, Loss: 3.7180, NLL: 3.7180, Coverage: 0.0000
  Batch 1940/4162, Loss: 4.0166, NLL: 4.0166, Coverage: 0.0000
  Batch 1950/4162, Loss: 4.1999, NLL: 4.1999, Coverage: 0.0000
  Batch 1960/4162, Loss: 3.7972, NLL: 3.7972, Coverage: 0.0000
  Batch 1970/4162, Loss: 3.9004, NLL: 3.9004, Coverage: 0.0000
  Batch 1980/4162, Loss: 4.3245, NLL: 4.3245, Coverage: 0.0000
  Batch 1990/4162, Loss: 4.2770, NLL: 4.2770, Coverage: 0.0000
  Batch 2000/4162, Loss: 4.0766, NLL: 4.0766, Coverage: 0.0000
  Batch 2010/4162, Loss: 4.0982, NLL: 4.0982, Coverage: 0.0000
  Batch 2020/4162, Loss: 3.9370, NLL: 3.9370, Coverage: 0.0000
  Batch 2030/4162, Loss: 3.9269, NLL: 3.9269, Coverage: 0.0000
  Batch 2040/4162, Loss: 4.3951, NLL: 4.3951, Coverage: 0.0000
  Batch 2050/4162, Loss: 4.1711, NLL: 4.1711, Coverage: 0.0000
  Batch 2060/4162, Loss: 3.9641, NLL: 3.9641, Coverage: 0.0000
  Batch 2070/4162, Loss: 3.7259, NLL: 3.7259, Coverage: 0.0000
  Batch 2080/4162, Loss: 4.1814, NLL: 4.1814, Coverage: 0.0000
  Batch 2090/4162, Loss: 4.1161, NLL: 4.1161, Coverage: 0.0000
  Batch 2100/4162, Loss: 4.1434, NLL: 4.1434, Coverage: 0.0000
  Batch 2110/4162, Loss: 3.7250, NLL: 3.7250, Coverage: 0.0000
  Batch 2120/4162, Loss: 3.9886, NLL: 3.9886, Coverage: 0.0000
  Batch 2130/4162, Loss: 4.2893, NLL: 4.2893, Coverage: 0.0000
  Batch 2140/4162, Loss: 3.4509, NLL: 3.4509, Coverage: 0.0000
  Batch 2150/4162, Loss: 3.9564, NLL: 3.9564, Coverage: 0.0000
  Batch 2160/4162, Loss: 3.5575, NLL: 3.5575, Coverage: 0.0000
  Batch 2170/4162, Loss: 4.3609, NLL: 4.3609, Coverage: 0.0000
  Batch 2180/4162, Loss: 3.8568, NLL: 3.8568, Coverage: 0.0000
  Batch 2190/4162, Loss: 4.1978, NLL: 4.1978, Coverage: 0.0000
  Batch 2200/4162, Loss: 4.2253, NLL: 4.2253, Coverage: 0.0000
  Batch 2210/4162, Loss: 3.8954, NLL: 3.8954, Coverage: 0.0000
  Batch 2220/4162, Loss: 4.2257, NLL: 4.2257, Coverage: 0.0000
  Batch 2230/4162, Loss: 4.1404, NLL: 4.1404, Coverage: 0.0000
  Batch 2240/4162, Loss: 3.5407, NLL: 3.5407, Coverage: 0.0000
  Batch 2250/4162, Loss: 4.2582, NLL: 4.2582, Coverage: 0.0000
  Batch 2260/4162, Loss: 4.1229, NLL: 4.1229, Coverage: 0.0000
  Batch 2270/4162, Loss: 3.8416, NLL: 3.8416, Coverage: 0.0000
  Batch 2280/4162, Loss: 3.8352, NLL: 3.8352, Coverage: 0.0000
  Batch 2290/4162, Loss: 3.7104, NLL: 3.7104, Coverage: 0.0000
  Batch 2300/4162, Loss: 4.1676, NLL: 4.1676, Coverage: 0.0000
  Batch 2310/4162, Loss: 3.8707, NLL: 3.8707, Coverage: 0.0000
  Batch 2320/4162, Loss: 4.0562, NLL: 4.0562, Coverage: 0.0000
  Batch 2330/4162, Loss: 3.6324, NLL: 3.6324, Coverage: 0.0000
  Batch 2340/4162, Loss: 4.0407, NLL: 4.0407, Coverage: 0.0000
  Batch 2350/4162, Loss: 4.1071, NLL: 4.1071, Coverage: 0.0000
  Batch 2360/4162, Loss: 3.6541, NLL: 3.6541, Coverage: 0.0000
  Batch 2370/4162, Loss: 4.4434, NLL: 4.4434, Coverage: 0.0000
  Batch 2380/4162, Loss: 4.1407, NLL: 4.1407, Coverage: 0.0000
  Batch 2390/4162, Loss: 4.1594, NLL: 4.1594, Coverage: 0.0000
  Batch 2400/4162, Loss: 3.5920, NLL: 3.5920, Coverage: 0.0000
  Batch 2410/4162, Loss: 4.0104, NLL: 4.0104, Coverage: 0.0000
  Batch 2420/4162, Loss: 3.9594, NLL: 3.9594, Coverage: 0.0000
  Batch 2430/4162, Loss: 3.5718, NLL: 3.5718, Coverage: 0.0000
  Batch 2440/4162, Loss: 3.6678, NLL: 3.6678, Coverage: 0.0000
  Batch 2450/4162, Loss: 3.6611, NLL: 3.6611, Coverage: 0.0000
  Batch 2460/4162, Loss: 3.9702, NLL: 3.9702, Coverage: 0.0000
  Batch 2470/4162, Loss: 4.1525, NLL: 4.1525, Coverage: 0.0000
  Batch 2480/4162, Loss: 4.0333, NLL: 4.0333, Coverage: 0.0000
  Batch 2490/4162, Loss: 3.8744, NLL: 3.8744, Coverage: 0.0000
  Batch 2500/4162, Loss: 3.8191, NLL: 3.8191, Coverage: 0.0000
  Batch 2510/4162, Loss: 3.6170, NLL: 3.6170, Coverage: 0.0000
  Batch 2520/4162, Loss: 4.0082, NLL: 4.0082, Coverage: 0.0000
  Batch 2530/4162, Loss: 3.8656, NLL: 3.8656, Coverage: 0.0000
  Batch 2540/4162, Loss: 4.5953, NLL: 4.5953, Coverage: 0.0000
  Batch 2550/4162, Loss: 4.2970, NLL: 4.2970, Coverage: 0.0000
  Batch 2560/4162, Loss: 3.6686, NLL: 3.6686, Coverage: 0.0000
  Batch 2570/4162, Loss: 4.1036, NLL: 4.1036, Coverage: 0.0000
  Batch 2580/4162, Loss: 4.0911, NLL: 4.0911, Coverage: 0.0000
  Batch 2590/4162, Loss: 3.6638, NLL: 3.6638, Coverage: 0.0000
  Batch 2600/4162, Loss: 4.1555, NLL: 4.1555, Coverage: 0.0000
  Batch 2610/4162, Loss: 4.0263, NLL: 4.0263, Coverage: 0.0000
  Batch 2620/4162, Loss: 3.6248, NLL: 3.6248, Coverage: 0.0000
  Batch 2630/4162, Loss: 3.9782, NLL: 3.9782, Coverage: 0.0000
  Batch 2640/4162, Loss: 4.1183, NLL: 4.1183, Coverage: 0.0000
  Batch 2650/4162, Loss: 3.5538, NLL: 3.5538, Coverage: 0.0000
  Batch 2660/4162, Loss: 3.7716, NLL: 3.7716, Coverage: 0.0000
  Batch 2670/4162, Loss: 4.0599, NLL: 4.0599, Coverage: 0.0000
  Batch 2680/4162, Loss: 4.3077, NLL: 4.3077, Coverage: 0.0000
  Batch 2690/4162, Loss: 3.7532, NLL: 3.7532, Coverage: 0.0000
  Batch 2700/4162, Loss: 3.6498, NLL: 3.6498, Coverage: 0.0000
  Batch 2710/4162, Loss: 3.6988, NLL: 3.6988, Coverage: 0.0000
  Batch 2720/4162, Loss: 4.2616, NLL: 4.2616, Coverage: 0.0000
  Batch 2730/4162, Loss: 4.0050, NLL: 4.0050, Coverage: 0.0000
  Batch 2740/4162, Loss: 3.8053, NLL: 3.8053, Coverage: 0.0000
  Batch 2750/4162, Loss: 3.6210, NLL: 3.6210, Coverage: 0.0000
  Batch 2760/4162, Loss: 4.3171, NLL: 4.3171, Coverage: 0.0000
  Batch 2770/4162, Loss: 3.4301, NLL: 3.4301, Coverage: 0.0000
  Batch 2780/4162, Loss: 4.0172, NLL: 4.0172, Coverage: 0.0000
  Batch 2790/4162, Loss: 4.0007, NLL: 4.0007, Coverage: 0.0000
  Batch 2800/4162, Loss: 3.8599, NLL: 3.8599, Coverage: 0.0000
  Batch 2810/4162, Loss: 3.8353, NLL: 3.8353, Coverage: 0.0000
  Batch 2820/4162, Loss: 3.9872, NLL: 3.9872, Coverage: 0.0000
  Batch 2830/4162, Loss: 4.1109, NLL: 4.1109, Coverage: 0.0000
  Batch 2840/4162, Loss: 4.0957, NLL: 4.0957, Coverage: 0.0000
  Batch 2850/4162, Loss: 3.9201, NLL: 3.9201, Coverage: 0.0000
  Batch 2860/4162, Loss: 4.3674, NLL: 4.3674, Coverage: 0.0000
  Batch 2870/4162, Loss: 3.7190, NLL: 3.7190, Coverage: 0.0000
  Batch 2880/4162, Loss: 3.8883, NLL: 3.8883, Coverage: 0.0000
  Batch 2890/4162, Loss: 4.4382, NLL: 4.4382, Coverage: 0.0000
  Batch 2900/4162, Loss: 4.3130, NLL: 4.3130, Coverage: 0.0000
  Batch 2910/4162, Loss: 4.0751, NLL: 4.0751, Coverage: 0.0000
  Batch 2920/4162, Loss: 3.8827, NLL: 3.8827, Coverage: 0.0000
  Batch 2930/4162, Loss: 4.3411, NLL: 4.3411, Coverage: 0.0000
  Batch 2940/4162, Loss: 3.8289, NLL: 3.8289, Coverage: 0.0000
  Batch 2950/4162, Loss: 4.0759, NLL: 4.0759, Coverage: 0.0000
  Batch 2960/4162, Loss: 3.6543, NLL: 3.6543, Coverage: 0.0000
  Batch 2970/4162, Loss: 4.2266, NLL: 4.2266, Coverage: 0.0000
  Batch 2980/4162, Loss: 3.9657, NLL: 3.9657, Coverage: 0.0000
  Batch 2990/4162, Loss: 4.0467, NLL: 4.0467, Coverage: 0.0000
  Batch 3000/4162, Loss: 3.5118, NLL: 3.5118, Coverage: 0.0000
  Batch 3010/4162, Loss: 3.9349, NLL: 3.9349, Coverage: 0.0000
  Batch 3020/4162, Loss: 4.0918, NLL: 4.0918, Coverage: 0.0000
  Batch 3030/4162, Loss: 3.8551, NLL: 3.8551, Coverage: 0.0000
  Batch 3040/4162, Loss: 4.0925, NLL: 4.0925, Coverage: 0.0000
  Batch 3050/4162, Loss: 4.1866, NLL: 4.1866, Coverage: 0.0000
  Batch 3060/4162, Loss: 4.4331, NLL: 4.4331, Coverage: 0.0000
  Batch 3070/4162, Loss: 3.9173, NLL: 3.9173, Coverage: 0.0000
  Batch 3080/4162, Loss: 4.2425, NLL: 4.2425, Coverage: 0.0000
  Batch 3090/4162, Loss: 3.5984, NLL: 3.5984, Coverage: 0.0000
  Batch 3100/4162, Loss: 3.7164, NLL: 3.7164, Coverage: 0.0000
  Batch 3110/4162, Loss: 4.3704, NLL: 4.3704, Coverage: 0.0000
  Batch 3120/4162, Loss: 3.8883, NLL: 3.8883, Coverage: 0.0000
  Batch 3130/4162, Loss: 4.2942, NLL: 4.2942, Coverage: 0.0000
  Batch 3140/4162, Loss: 4.0218, NLL: 4.0218, Coverage: 0.0000
  Batch 3150/4162, Loss: 4.2890, NLL: 4.2890, Coverage: 0.0000
  Batch 3160/4162, Loss: 4.0371, NLL: 4.0371, Coverage: 0.0000
  Batch 3170/4162, Loss: 4.1705, NLL: 4.1705, Coverage: 0.0000
  Batch 3180/4162, Loss: 3.5836, NLL: 3.5836, Coverage: 0.0000
  Batch 3190/4162, Loss: 3.9849, NLL: 3.9849, Coverage: 0.0000
  Batch 3200/4162, Loss: 4.1259, NLL: 4.1259, Coverage: 0.0000
  Batch 3210/4162, Loss: 3.8248, NLL: 3.8248, Coverage: 0.0000
  Batch 3220/4162, Loss: 4.3488, NLL: 4.3488, Coverage: 0.0000
  Batch 3230/4162, Loss: 3.8316, NLL: 3.8316, Coverage: 0.0000
  Batch 3240/4162, Loss: 3.7222, NLL: 3.7222, Coverage: 0.0000
  Batch 3250/4162, Loss: 3.8576, NLL: 3.8576, Coverage: 0.0000
  Batch 3260/4162, Loss: 3.9960, NLL: 3.9960, Coverage: 0.0000
  Batch 3270/4162, Loss: 3.5991, NLL: 3.5991, Coverage: 0.0000
  Batch 3280/4162, Loss: 4.1487, NLL: 4.1487, Coverage: 0.0000
  Batch 3290/4162, Loss: 4.3057, NLL: 4.3057, Coverage: 0.0000
  Batch 3300/4162, Loss: 4.0371, NLL: 4.0371, Coverage: 0.0000
  Batch 3310/4162, Loss: 4.4402, NLL: 4.4402, Coverage: 0.0000
  Batch 3320/4162, Loss: 4.4530, NLL: 4.4530, Coverage: 0.0000
  Batch 3330/4162, Loss: 3.5500, NLL: 3.5500, Coverage: 0.0000
  Batch 3340/4162, Loss: 3.5773, NLL: 3.5773, Coverage: 0.0000
  Batch 3350/4162, Loss: 4.2678, NLL: 4.2678, Coverage: 0.0000
  Batch 3360/4162, Loss: 4.3903, NLL: 4.3903, Coverage: 0.0000
  Batch 3370/4162, Loss: 3.9743, NLL: 3.9743, Coverage: 0.0000
  Batch 3380/4162, Loss: 3.5866, NLL: 3.5866, Coverage: 0.0000
  Batch 3390/4162, Loss: 4.2022, NLL: 4.2022, Coverage: 0.0000
  Batch 3400/4162, Loss: 3.8535, NLL: 3.8535, Coverage: 0.0000
  Batch 3410/4162, Loss: 4.2803, NLL: 4.2803, Coverage: 0.0000
  Batch 3420/4162, Loss: 3.5895, NLL: 3.5895, Coverage: 0.0000
  Batch 3430/4162, Loss: 3.5400, NLL: 3.5400, Coverage: 0.0000
  Batch 3440/4162, Loss: 4.0635, NLL: 4.0635, Coverage: 0.0000
  Batch 3450/4162, Loss: 3.7597, NLL: 3.7597, Coverage: 0.0000
  Batch 3460/4162, Loss: 3.6983, NLL: 3.6983, Coverage: 0.0000
  Batch 3470/4162, Loss: 3.7685, NLL: 3.7685, Coverage: 0.0000
  Batch 3480/4162, Loss: 4.7075, NLL: 4.7075, Coverage: 0.0000
  Batch 3490/4162, Loss: 4.5375, NLL: 4.5375, Coverage: 0.0000
  Batch 3500/4162, Loss: 4.1225, NLL: 4.1225, Coverage: 0.0000
  Batch 3510/4162, Loss: 3.9971, NLL: 3.9971, Coverage: 0.0000
  Batch 3520/4162, Loss: 4.0914, NLL: 4.0914, Coverage: 0.0000
  Batch 3530/4162, Loss: 4.1876, NLL: 4.1876, Coverage: 0.0000
  Batch 3540/4162, Loss: 4.4000, NLL: 4.4000, Coverage: 0.0000
  Batch 3550/4162, Loss: 3.9942, NLL: 3.9942, Coverage: 0.0000
  Batch 3560/4162, Loss: 3.9124, NLL: 3.9124, Coverage: 0.0000
  Batch 3570/4162, Loss: 4.4740, NLL: 4.4740, Coverage: 0.0000
  Batch 3580/4162, Loss: 4.1806, NLL: 4.1806, Coverage: 0.0000
  Batch 3590/4162, Loss: 4.1765, NLL: 4.1765, Coverage: 0.0000
  Batch 3600/4162, Loss: 4.6082, NLL: 4.6082, Coverage: 0.0000
  Batch 3610/4162, Loss: 3.6974, NLL: 3.6974, Coverage: 0.0000
  Batch 3620/4162, Loss: 4.0586, NLL: 4.0586, Coverage: 0.0000
  Batch 3630/4162, Loss: 4.1064, NLL: 4.1064, Coverage: 0.0000
  Batch 3640/4162, Loss: 4.0705, NLL: 4.0705, Coverage: 0.0000
  Batch 3650/4162, Loss: 4.0903, NLL: 4.0903, Coverage: 0.0000
  Batch 3660/4162, Loss: 3.7893, NLL: 3.7893, Coverage: 0.0000
  Batch 3670/4162, Loss: 4.5087, NLL: 4.5087, Coverage: 0.0000
  Batch 3680/4162, Loss: 4.3417, NLL: 4.3417, Coverage: 0.0000
  Batch 3690/4162, Loss: 4.1316, NLL: 4.1316, Coverage: 0.0000
  Batch 3700/4162, Loss: 3.8324, NLL: 3.8324, Coverage: 0.0000
  Batch 3710/4162, Loss: 4.4720, NLL: 4.4720, Coverage: 0.0000
  Batch 3720/4162, Loss: 4.0644, NLL: 4.0644, Coverage: 0.0000
  Batch 3730/4162, Loss: 3.8260, NLL: 3.8260, Coverage: 0.0000
  Batch 3740/4162, Loss: 4.1558, NLL: 4.1558, Coverage: 0.0000
  Batch 3750/4162, Loss: 4.2838, NLL: 4.2838, Coverage: 0.0000
  Batch 3760/4162, Loss: 3.7993, NLL: 3.7993, Coverage: 0.0000
  Batch 3770/4162, Loss: 4.0320, NLL: 4.0320, Coverage: 0.0000
  Batch 3780/4162, Loss: 4.0381, NLL: 4.0381, Coverage: 0.0000
  Batch 3790/4162, Loss: 4.1489, NLL: 4.1489, Coverage: 0.0000
  Batch 3800/4162, Loss: 3.6417, NLL: 3.6417, Coverage: 0.0000
  Batch 3810/4162, Loss: 3.8091, NLL: 3.8091, Coverage: 0.0000
  Batch 3820/4162, Loss: 4.1027, NLL: 4.1027, Coverage: 0.0000
  Batch 3830/4162, Loss: 4.1639, NLL: 4.1639, Coverage: 0.0000
  Batch 3840/4162, Loss: 3.8264, NLL: 3.8264, Coverage: 0.0000
  Batch 3850/4162, Loss: 4.2901, NLL: 4.2901, Coverage: 0.0000
  Batch 3860/4162, Loss: 3.7252, NLL: 3.7252, Coverage: 0.0000
  Batch 3870/4162, Loss: 3.6356, NLL: 3.6356, Coverage: 0.0000
  Batch 3880/4162, Loss: 4.2273, NLL: 4.2273, Coverage: 0.0000
  Batch 3890/4162, Loss: 3.7125, NLL: 3.7125, Coverage: 0.0000
  Batch 3900/4162, Loss: 3.9001, NLL: 3.9001, Coverage: 0.0000
  Batch 3910/4162, Loss: 3.9921, NLL: 3.9921, Coverage: 0.0000
  Batch 3920/4162, Loss: 4.2707, NLL: 4.2707, Coverage: 0.0000
  Batch 3930/4162, Loss: 3.7355, NLL: 3.7355, Coverage: 0.0000
  Batch 3940/4162, Loss: 4.1205, NLL: 4.1205, Coverage: 0.0000
  Batch 3950/4162, Loss: 3.9946, NLL: 3.9946, Coverage: 0.0000
  Batch 3960/4162, Loss: 3.9193, NLL: 3.9193, Coverage: 0.0000
  Batch 3970/4162, Loss: 3.9305, NLL: 3.9305, Coverage: 0.0000
  Batch 3980/4162, Loss: 4.3327, NLL: 4.3327, Coverage: 0.0000
  Batch 3990/4162, Loss: 3.8789, NLL: 3.8789, Coverage: 0.0000
  Batch 4000/4162, Loss: 3.9458, NLL: 3.9458, Coverage: 0.0000
  Batch 4010/4162, Loss: 4.3650, NLL: 4.3650, Coverage: 0.0000
  Batch 4020/4162, Loss: 3.9736, NLL: 3.9736, Coverage: 0.0000
  Batch 4030/4162, Loss: 3.9350, NLL: 3.9350, Coverage: 0.0000
  Batch 4040/4162, Loss: 3.9382, NLL: 3.9382, Coverage: 0.0000
  Batch 4050/4162, Loss: 3.7060, NLL: 3.7060, Coverage: 0.0000
  Batch 4060/4162, Loss: 4.1282, NLL: 4.1282, Coverage: 0.0000
  Batch 4070/4162, Loss: 4.4965, NLL: 4.4965, Coverage: 0.0000
  Batch 4080/4162, Loss: 3.5765, NLL: 3.5765, Coverage: 0.0000
  Batch 4090/4162, Loss: 3.8499, NLL: 3.8499, Coverage: 0.0000
  Batch 4100/4162, Loss: 4.6072, NLL: 4.6072, Coverage: 0.0000
  Batch 4110/4162, Loss: 3.8157, NLL: 3.8157, Coverage: 0.0000
  Batch 4120/4162, Loss: 4.3025, NLL: 4.3025, Coverage: 0.0000
  Batch 4130/4162, Loss: 4.1893, NLL: 4.1893, Coverage: 0.0000
  Batch 4140/4162, Loss: 3.5588, NLL: 3.5588, Coverage: 0.0000
  Batch 4150/4162, Loss: 4.1117, NLL: 4.1117, Coverage: 0.0000
  Batch 4160/4162, Loss: 3.8846, NLL: 3.8846, Coverage: 0.0000

  Train Loss: 4.0047 (NLL: 4.0047, Coverage: 0.0000)
  Val Loss: 6.4591 (NLL: 6.4591, Coverage: 0.0000)
  Time: 30m 55s

Epoch 15/20
----------------------------------------
  Batch 10/4162, Loss: 4.1074, NLL: 4.1074, Coverage: 0.0000
  Batch 20/4162, Loss: 3.7604, NLL: 3.7604, Coverage: 0.0000
  Batch 30/4162, Loss: 3.9842, NLL: 3.9842, Coverage: 0.0000
  Batch 40/4162, Loss: 4.1368, NLL: 4.1368, Coverage: 0.0000
  Batch 50/4162, Loss: 3.7566, NLL: 3.7566, Coverage: 0.0000
  Batch 60/4162, Loss: 3.9539, NLL: 3.9539, Coverage: 0.0000
  Batch 70/4162, Loss: 4.3679, NLL: 4.3679, Coverage: 0.0000
  Batch 80/4162, Loss: 3.8709, NLL: 3.8709, Coverage: 0.0000
  Batch 90/4162, Loss: 4.2122, NLL: 4.2122, Coverage: 0.0000
  Batch 100/4162, Loss: 3.7221, NLL: 3.7221, Coverage: 0.0000
  Batch 110/4162, Loss: 4.6282, NLL: 4.6282, Coverage: 0.0000
  Batch 120/4162, Loss: 3.5127, NLL: 3.5127, Coverage: 0.0000
  Batch 130/4162, Loss: 3.7017, NLL: 3.7017, Coverage: 0.0000
  Batch 140/4162, Loss: 4.3301, NLL: 4.3301, Coverage: 0.0000
  Batch 150/4162, Loss: 3.9194, NLL: 3.9194, Coverage: 0.0000
  Batch 160/4162, Loss: 3.9714, NLL: 3.9714, Coverage: 0.0000
  Batch 170/4162, Loss: 3.9844, NLL: 3.9844, Coverage: 0.0000
  Batch 180/4162, Loss: 4.0315, NLL: 4.0315, Coverage: 0.0000
  Batch 190/4162, Loss: 4.0654, NLL: 4.0654, Coverage: 0.0000
  Batch 200/4162, Loss: 3.6276, NLL: 3.6276, Coverage: 0.0000
  Batch 210/4162, Loss: 4.4423, NLL: 4.4423, Coverage: 0.0000
  Batch 220/4162, Loss: 3.6751, NLL: 3.6751, Coverage: 0.0000
  Batch 230/4162, Loss: 3.6498, NLL: 3.6498, Coverage: 0.0000
  Batch 240/4162, Loss: 3.8908, NLL: 3.8908, Coverage: 0.0000
  Batch 250/4162, Loss: 3.8324, NLL: 3.8324, Coverage: 0.0000
  Batch 260/4162, Loss: 4.0853, NLL: 4.0853, Coverage: 0.0000
  Batch 270/4162, Loss: 3.6262, NLL: 3.6262, Coverage: 0.0000
  Batch 280/4162, Loss: 3.8433, NLL: 3.8433, Coverage: 0.0000
  Batch 290/4162, Loss: 4.1624, NLL: 4.1624, Coverage: 0.0000
  Batch 300/4162, Loss: 3.8336, NLL: 3.8336, Coverage: 0.0000
  Batch 310/4162, Loss: 3.9925, NLL: 3.9925, Coverage: 0.0000
  Batch 320/4162, Loss: 3.6989, NLL: 3.6989, Coverage: 0.0000
  Batch 330/4162, Loss: 3.9568, NLL: 3.9568, Coverage: 0.0000
  Batch 340/4162, Loss: 4.2767, NLL: 4.2767, Coverage: 0.0000
  Batch 350/4162, Loss: 3.9585, NLL: 3.9585, Coverage: 0.0000
  Batch 360/4162, Loss: 4.0740, NLL: 4.0740, Coverage: 0.0000
  Batch 370/4162, Loss: 4.0506, NLL: 4.0506, Coverage: 0.0000
  Batch 380/4162, Loss: 4.0936, NLL: 4.0936, Coverage: 0.0000
  Batch 390/4162, Loss: 4.1446, NLL: 4.1446, Coverage: 0.0000
  Batch 400/4162, Loss: 3.8962, NLL: 3.8962, Coverage: 0.0000
  Batch 410/4162, Loss: 4.0753, NLL: 4.0753, Coverage: 0.0000
  Batch 420/4162, Loss: 3.5500, NLL: 3.5500, Coverage: 0.0000
  Batch 430/4162, Loss: 4.2354, NLL: 4.2354, Coverage: 0.0000
  Batch 440/4162, Loss: 3.8377, NLL: 3.8377, Coverage: 0.0000
  Batch 450/4162, Loss: 4.5129, NLL: 4.5129, Coverage: 0.0000
  Batch 460/4162, Loss: 4.2173, NLL: 4.2173, Coverage: 0.0000
  Batch 470/4162, Loss: 4.1226, NLL: 4.1226, Coverage: 0.0000
  Batch 480/4162, Loss: 3.6057, NLL: 3.6057, Coverage: 0.0000
  Batch 490/4162, Loss: 3.6092, NLL: 3.6092, Coverage: 0.0000
  Batch 500/4162, Loss: 4.1228, NLL: 4.1228, Coverage: 0.0000
  Batch 510/4162, Loss: 4.0139, NLL: 4.0139, Coverage: 0.0000
  Batch 520/4162, Loss: 3.8916, NLL: 3.8916, Coverage: 0.0000
  Batch 530/4162, Loss: 4.1961, NLL: 4.1961, Coverage: 0.0000
  Batch 540/4162, Loss: 4.2310, NLL: 4.2310, Coverage: 0.0000
  Batch 550/4162, Loss: 3.9683, NLL: 3.9683, Coverage: 0.0000
  Batch 560/4162, Loss: 3.6039, NLL: 3.6039, Coverage: 0.0000
  Batch 570/4162, Loss: 4.2238, NLL: 4.2238, Coverage: 0.0000
  Batch 580/4162, Loss: 4.0685, NLL: 4.0685, Coverage: 0.0000
  Batch 590/4162, Loss: 3.7491, NLL: 3.7491, Coverage: 0.0000
  Batch 600/4162, Loss: 3.7165, NLL: 3.7165, Coverage: 0.0000
  Batch 610/4162, Loss: 4.0239, NLL: 4.0239, Coverage: 0.0000
  Batch 620/4162, Loss: 4.0841, NLL: 4.0841, Coverage: 0.0000
  Batch 630/4162, Loss: 3.4639, NLL: 3.4639, Coverage: 0.0000
  Batch 640/4162, Loss: 4.2838, NLL: 4.2838, Coverage: 0.0000
  Batch 650/4162, Loss: 4.0132, NLL: 4.0132, Coverage: 0.0000
  Batch 660/4162, Loss: 4.3029, NLL: 4.3029, Coverage: 0.0000
  Batch 670/4162, Loss: 4.1371, NLL: 4.1371, Coverage: 0.0000
  Batch 680/4162, Loss: 3.8320, NLL: 3.8320, Coverage: 0.0000
  Batch 690/4162, Loss: 3.6686, NLL: 3.6686, Coverage: 0.0000
  Batch 700/4162, Loss: 4.3065, NLL: 4.3065, Coverage: 0.0000
  Batch 710/4162, Loss: 4.0879, NLL: 4.0879, Coverage: 0.0000
  Batch 720/4162, Loss: 4.1486, NLL: 4.1486, Coverage: 0.0000
  Batch 730/4162, Loss: 3.8091, NLL: 3.8091, Coverage: 0.0000
  Batch 740/4162, Loss: 3.8489, NLL: 3.8489, Coverage: 0.0000
  Batch 750/4162, Loss: 4.0199, NLL: 4.0199, Coverage: 0.0000
  Batch 760/4162, Loss: 3.6755, NLL: 3.6755, Coverage: 0.0000
  Batch 770/4162, Loss: 4.3624, NLL: 4.3624, Coverage: 0.0000
  Batch 780/4162, Loss: 3.9575, NLL: 3.9575, Coverage: 0.0000
  Batch 790/4162, Loss: 3.8056, NLL: 3.8056, Coverage: 0.0000
  Batch 800/4162, Loss: 4.1378, NLL: 4.1378, Coverage: 0.0000
  Batch 810/4162, Loss: 4.3647, NLL: 4.3647, Coverage: 0.0000
  Batch 820/4162, Loss: 4.0251, NLL: 4.0251, Coverage: 0.0000
  Batch 830/4162, Loss: 4.2701, NLL: 4.2701, Coverage: 0.0000
  Batch 840/4162, Loss: 3.9168, NLL: 3.9168, Coverage: 0.0000
  Batch 850/4162, Loss: 4.3507, NLL: 4.3507, Coverage: 0.0000
  Batch 860/4162, Loss: 4.1140, NLL: 4.1140, Coverage: 0.0000
  Batch 870/4162, Loss: 4.3666, NLL: 4.3666, Coverage: 0.0000
  Batch 880/4162, Loss: 4.1779, NLL: 4.1779, Coverage: 0.0000
  Batch 890/4162, Loss: 3.4956, NLL: 3.4956, Coverage: 0.0000
  Batch 900/4162, Loss: 3.8948, NLL: 3.8948, Coverage: 0.0000
  Batch 910/4162, Loss: 4.2334, NLL: 4.2334, Coverage: 0.0000
  Batch 920/4162, Loss: 4.0036, NLL: 4.0036, Coverage: 0.0000
  Batch 930/4162, Loss: 3.8709, NLL: 3.8709, Coverage: 0.0000
  Batch 940/4162, Loss: 3.7133, NLL: 3.7133, Coverage: 0.0000
  Batch 950/4162, Loss: 3.9114, NLL: 3.9114, Coverage: 0.0000
  Batch 960/4162, Loss: 3.9706, NLL: 3.9706, Coverage: 0.0000
  Batch 970/4162, Loss: 4.2633, NLL: 4.2633, Coverage: 0.0000
  Batch 980/4162, Loss: 3.9416, NLL: 3.9416, Coverage: 0.0000
  Batch 990/4162, Loss: 4.1009, NLL: 4.1009, Coverage: 0.0000
  Batch 1000/4162, Loss: 4.1907, NLL: 4.1907, Coverage: 0.0000
  Batch 1010/4162, Loss: 4.3463, NLL: 4.3463, Coverage: 0.0000
  Batch 1020/4162, Loss: 4.0399, NLL: 4.0399, Coverage: 0.0000
  Batch 1030/4162, Loss: 3.2725, NLL: 3.2725, Coverage: 0.0000
  Batch 1040/4162, Loss: 4.0819, NLL: 4.0819, Coverage: 0.0000
  Batch 1050/4162, Loss: 4.1290, NLL: 4.1290, Coverage: 0.0000
  Batch 1060/4162, Loss: 4.4699, NLL: 4.4699, Coverage: 0.0000
  Batch 1070/4162, Loss: 3.7964, NLL: 3.7964, Coverage: 0.0000
  Batch 1080/4162, Loss: 4.4944, NLL: 4.4944, Coverage: 0.0000
  Batch 1090/4162, Loss: 4.0072, NLL: 4.0072, Coverage: 0.0000
  Batch 1100/4162, Loss: 3.9411, NLL: 3.9411, Coverage: 0.0000
  Batch 1110/4162, Loss: 3.9429, NLL: 3.9429, Coverage: 0.0000
  Batch 1120/4162, Loss: 4.0379, NLL: 4.0379, Coverage: 0.0000
  Batch 1130/4162, Loss: 3.8817, NLL: 3.8817, Coverage: 0.0000
  Batch 1140/4162, Loss: 3.9875, NLL: 3.9875, Coverage: 0.0000
  Batch 1150/4162, Loss: 3.9853, NLL: 3.9853, Coverage: 0.0000
  Batch 1160/4162, Loss: 3.6815, NLL: 3.6815, Coverage: 0.0000
  Batch 1170/4162, Loss: 3.9081, NLL: 3.9081, Coverage: 0.0000
  Batch 1180/4162, Loss: 4.1166, NLL: 4.1166, Coverage: 0.0000
  Batch 1190/4162, Loss: 3.9707, NLL: 3.9707, Coverage: 0.0000
  Batch 1200/4162, Loss: 3.9717, NLL: 3.9717, Coverage: 0.0000
  Batch 1210/4162, Loss: 4.1351, NLL: 4.1351, Coverage: 0.0000
  Batch 1220/4162, Loss: 3.8710, NLL: 3.8710, Coverage: 0.0000
  Batch 1230/4162, Loss: 3.8676, NLL: 3.8676, Coverage: 0.0000
  Batch 1240/4162, Loss: 3.9151, NLL: 3.9151, Coverage: 0.0000
  Batch 1250/4162, Loss: 3.8106, NLL: 3.8106, Coverage: 0.0000
  Batch 1260/4162, Loss: 4.1980, NLL: 4.1980, Coverage: 0.0000
  Batch 1270/4162, Loss: 4.2628, NLL: 4.2628, Coverage: 0.0000
  Batch 1280/4162, Loss: 4.0884, NLL: 4.0884, Coverage: 0.0000
  Batch 1290/4162, Loss: 3.9247, NLL: 3.9247, Coverage: 0.0000
  Batch 1300/4162, Loss: 4.1857, NLL: 4.1857, Coverage: 0.0000
  Batch 1310/4162, Loss: 3.9887, NLL: 3.9887, Coverage: 0.0000
  Batch 1320/4162, Loss: 4.1184, NLL: 4.1184, Coverage: 0.0000
  Batch 1330/4162, Loss: 3.9331, NLL: 3.9331, Coverage: 0.0000
  Batch 1340/4162, Loss: 4.0275, NLL: 4.0275, Coverage: 0.0000
  Batch 1350/4162, Loss: 4.3874, NLL: 4.3874, Coverage: 0.0000
  Batch 1360/4162, Loss: 4.2937, NLL: 4.2937, Coverage: 0.0000
  Batch 1370/4162, Loss: 3.7059, NLL: 3.7059, Coverage: 0.0000
  Batch 1380/4162, Loss: 3.8941, NLL: 3.8941, Coverage: 0.0000
  Batch 1390/4162, Loss: 4.1290, NLL: 4.1290, Coverage: 0.0000
  Batch 1400/4162, Loss: 3.7006, NLL: 3.7006, Coverage: 0.0000
  Batch 1410/4162, Loss: 4.1232, NLL: 4.1232, Coverage: 0.0000
  Batch 1420/4162, Loss: 3.9366, NLL: 3.9366, Coverage: 0.0000
  Batch 1430/4162, Loss: 4.2303, NLL: 4.2303, Coverage: 0.0000
  Batch 1440/4162, Loss: 3.6420, NLL: 3.6420, Coverage: 0.0000
  Batch 1450/4162, Loss: 3.8580, NLL: 3.8580, Coverage: 0.0000
  Batch 1460/4162, Loss: 3.4978, NLL: 3.4978, Coverage: 0.0000
  Batch 1470/4162, Loss: 3.5356, NLL: 3.5356, Coverage: 0.0000
  Batch 1480/4162, Loss: 4.2474, NLL: 4.2474, Coverage: 0.0000
  Batch 1490/4162, Loss: 3.7993, NLL: 3.7993, Coverage: 0.0000
  Batch 1500/4162, Loss: 4.1324, NLL: 4.1324, Coverage: 0.0000
  Batch 1510/4162, Loss: 3.4970, NLL: 3.4970, Coverage: 0.0000
  Batch 1520/4162, Loss: 4.5809, NLL: 4.5809, Coverage: 0.0000
  Batch 1530/4162, Loss: 3.8086, NLL: 3.8086, Coverage: 0.0000
  Batch 1540/4162, Loss: 3.7575, NLL: 3.7575, Coverage: 0.0000
  Batch 1550/4162, Loss: 4.3742, NLL: 4.3742, Coverage: 0.0000
  Batch 1560/4162, Loss: 3.3859, NLL: 3.3859, Coverage: 0.0000
  Batch 1570/4162, Loss: 4.3062, NLL: 4.3062, Coverage: 0.0000
  Batch 1580/4162, Loss: 3.8608, NLL: 3.8608, Coverage: 0.0000
  Batch 1590/4162, Loss: 4.0012, NLL: 4.0012, Coverage: 0.0000
  Batch 1600/4162, Loss: 3.4322, NLL: 3.4322, Coverage: 0.0000
  Batch 1610/4162, Loss: 3.8470, NLL: 3.8470, Coverage: 0.0000
  Batch 1620/4162, Loss: 3.5426, NLL: 3.5426, Coverage: 0.0000
  Batch 1630/4162, Loss: 3.7572, NLL: 3.7572, Coverage: 0.0000
  Batch 1640/4162, Loss: 3.9065, NLL: 3.9065, Coverage: 0.0000
  Batch 1650/4162, Loss: 4.0489, NLL: 4.0489, Coverage: 0.0000
  Batch 1660/4162, Loss: 4.0422, NLL: 4.0422, Coverage: 0.0000
  Batch 1670/4162, Loss: 4.5513, NLL: 4.5513, Coverage: 0.0000
  Batch 1680/4162, Loss: 3.8725, NLL: 3.8725, Coverage: 0.0000
  Batch 1690/4162, Loss: 3.9405, NLL: 3.9405, Coverage: 0.0000
  Batch 1700/4162, Loss: 4.1919, NLL: 4.1919, Coverage: 0.0000
  Batch 1710/4162, Loss: 4.2900, NLL: 4.2900, Coverage: 0.0000
  Batch 1720/4162, Loss: 3.8335, NLL: 3.8335, Coverage: 0.0000
  Batch 1730/4162, Loss: 3.6807, NLL: 3.6807, Coverage: 0.0000
  Batch 1740/4162, Loss: 4.0348, NLL: 4.0348, Coverage: 0.0000
  Batch 1750/4162, Loss: 3.9767, NLL: 3.9767, Coverage: 0.0000
  Batch 1760/4162, Loss: 3.9928, NLL: 3.9928, Coverage: 0.0000
  Batch 1770/4162, Loss: 4.1441, NLL: 4.1441, Coverage: 0.0000
  Batch 1780/4162, Loss: 4.3396, NLL: 4.3396, Coverage: 0.0000
  Batch 1790/4162, Loss: 4.1827, NLL: 4.1827, Coverage: 0.0000
  Batch 1800/4162, Loss: 3.9475, NLL: 3.9475, Coverage: 0.0000
  Batch 1810/4162, Loss: 3.3037, NLL: 3.3037, Coverage: 0.0000
  Batch 1820/4162, Loss: 3.9766, NLL: 3.9766, Coverage: 0.0000
  Batch 1830/4162, Loss: 4.1303, NLL: 4.1303, Coverage: 0.0000
  Batch 1840/4162, Loss: 4.0530, NLL: 4.0530, Coverage: 0.0000
  Batch 1850/4162, Loss: 3.8486, NLL: 3.8486, Coverage: 0.0000
  Batch 1860/4162, Loss: 3.6602, NLL: 3.6602, Coverage: 0.0000
  Batch 1870/4162, Loss: 4.0909, NLL: 4.0909, Coverage: 0.0000
  Batch 1880/4162, Loss: 3.9766, NLL: 3.9766, Coverage: 0.0000
  Batch 1890/4162, Loss: 3.6560, NLL: 3.6560, Coverage: 0.0000
  Batch 1900/4162, Loss: 4.0876, NLL: 4.0876, Coverage: 0.0000
  Batch 1910/4162, Loss: 4.4131, NLL: 4.4131, Coverage: 0.0000
  Batch 1920/4162, Loss: 3.8756, NLL: 3.8756, Coverage: 0.0000
  Batch 1930/4162, Loss: 3.8603, NLL: 3.8603, Coverage: 0.0000
  Batch 1940/4162, Loss: 3.9170, NLL: 3.9170, Coverage: 0.0000
  Batch 1950/4162, Loss: 4.3375, NLL: 4.3375, Coverage: 0.0000
  Batch 1960/4162, Loss: 4.2834, NLL: 4.2834, Coverage: 0.0000
  Batch 1970/4162, Loss: 4.0358, NLL: 4.0358, Coverage: 0.0000
  Batch 1980/4162, Loss: 4.0796, NLL: 4.0796, Coverage: 0.0000
  Batch 1990/4162, Loss: 4.1522, NLL: 4.1522, Coverage: 0.0000
  Batch 2000/4162, Loss: 4.1125, NLL: 4.1125, Coverage: 0.0000
  Batch 2010/4162, Loss: 4.1491, NLL: 4.1491, Coverage: 0.0000
  Batch 2020/4162, Loss: 3.6604, NLL: 3.6604, Coverage: 0.0000
  Batch 2030/4162, Loss: 3.9947, NLL: 3.9947, Coverage: 0.0000
  Batch 2040/4162, Loss: 4.0365, NLL: 4.0365, Coverage: 0.0000
  Batch 2050/4162, Loss: 3.9908, NLL: 3.9908, Coverage: 0.0000
  Batch 2060/4162, Loss: 4.2703, NLL: 4.2703, Coverage: 0.0000
  Batch 2070/4162, Loss: 4.0440, NLL: 4.0440, Coverage: 0.0000
  Batch 2080/4162, Loss: 4.0742, NLL: 4.0742, Coverage: 0.0000
  Batch 2090/4162, Loss: 3.8956, NLL: 3.8956, Coverage: 0.0000
  Batch 2100/4162, Loss: 3.7611, NLL: 3.7611, Coverage: 0.0000
  Batch 2110/4162, Loss: 4.0372, NLL: 4.0372, Coverage: 0.0000
  Batch 2120/4162, Loss: 4.3310, NLL: 4.3310, Coverage: 0.0000
  Batch 2130/4162, Loss: 4.2259, NLL: 4.2259, Coverage: 0.0000
  Batch 2140/4162, Loss: 4.0244, NLL: 4.0244, Coverage: 0.0000
  Batch 2150/4162, Loss: 3.8054, NLL: 3.8054, Coverage: 0.0000
  Batch 2160/4162, Loss: 4.0941, NLL: 4.0941, Coverage: 0.0000
  Batch 2170/4162, Loss: 4.4280, NLL: 4.4280, Coverage: 0.0000
  Batch 2180/4162, Loss: 4.0004, NLL: 4.0004, Coverage: 0.0000
  Batch 2190/4162, Loss: 3.5862, NLL: 3.5862, Coverage: 0.0000
  Batch 2200/4162, Loss: 4.3234, NLL: 4.3234, Coverage: 0.0000
  Batch 2210/4162, Loss: 4.0145, NLL: 4.0145, Coverage: 0.0000
  Batch 2220/4162, Loss: 3.8076, NLL: 3.8076, Coverage: 0.0000
  Batch 2230/4162, Loss: 3.9668, NLL: 3.9668, Coverage: 0.0000
  Batch 2240/4162, Loss: 3.5099, NLL: 3.5099, Coverage: 0.0000
  Batch 2250/4162, Loss: 3.7765, NLL: 3.7765, Coverage: 0.0000
  Batch 2260/4162, Loss: 4.0051, NLL: 4.0051, Coverage: 0.0000
  Batch 2270/4162, Loss: 4.3625, NLL: 4.3625, Coverage: 0.0000
  Batch 2280/4162, Loss: 3.8725, NLL: 3.8725, Coverage: 0.0000
  Batch 2290/4162, Loss: 3.9933, NLL: 3.9933, Coverage: 0.0000
  Batch 2300/4162, Loss: 4.4139, NLL: 4.4139, Coverage: 0.0000
  Batch 2310/4162, Loss: 4.0389, NLL: 4.0389, Coverage: 0.0000
  Batch 2320/4162, Loss: 3.9833, NLL: 3.9833, Coverage: 0.0000
  Batch 2330/4162, Loss: 4.2415, NLL: 4.2415, Coverage: 0.0000
  Batch 2340/4162, Loss: 3.8988, NLL: 3.8988, Coverage: 0.0000
  Batch 2350/4162, Loss: 3.9064, NLL: 3.9064, Coverage: 0.0000
  Batch 2360/4162, Loss: 4.6175, NLL: 4.6175, Coverage: 0.0000
  Batch 2370/4162, Loss: 3.6567, NLL: 3.6567, Coverage: 0.0000
  Batch 2380/4162, Loss: 3.6089, NLL: 3.6089, Coverage: 0.0000
  Batch 2390/4162, Loss: 3.9380, NLL: 3.9380, Coverage: 0.0000
  Batch 2400/4162, Loss: 4.0050, NLL: 4.0050, Coverage: 0.0000
  Batch 2410/4162, Loss: 4.0484, NLL: 4.0484, Coverage: 0.0000
  Batch 2420/4162, Loss: 4.2184, NLL: 4.2184, Coverage: 0.0000
  Batch 2430/4162, Loss: 3.8693, NLL: 3.8693, Coverage: 0.0000
  Batch 2440/4162, Loss: 3.9540, NLL: 3.9540, Coverage: 0.0000
  Batch 2450/4162, Loss: 3.4521, NLL: 3.4521, Coverage: 0.0000
  Batch 2460/4162, Loss: 4.1350, NLL: 4.1350, Coverage: 0.0000
  Batch 2470/4162, Loss: 3.9916, NLL: 3.9916, Coverage: 0.0000
  Batch 2480/4162, Loss: 4.3363, NLL: 4.3363, Coverage: 0.0000
  Batch 2490/4162, Loss: 3.9020, NLL: 3.9020, Coverage: 0.0000
  Batch 2500/4162, Loss: 4.0178, NLL: 4.0178, Coverage: 0.0000
  Batch 2510/4162, Loss: 3.8635, NLL: 3.8635, Coverage: 0.0000
  Batch 2520/4162, Loss: 4.2840, NLL: 4.2840, Coverage: 0.0000
  Batch 2530/4162, Loss: 3.6203, NLL: 3.6203, Coverage: 0.0000
  Batch 2540/4162, Loss: 4.1301, NLL: 4.1301, Coverage: 0.0000
  Batch 2550/4162, Loss: 4.1207, NLL: 4.1207, Coverage: 0.0000
  Batch 2560/4162, Loss: 4.3412, NLL: 4.3412, Coverage: 0.0000
  Batch 2570/4162, Loss: 3.9890, NLL: 3.9890, Coverage: 0.0000
  Batch 2580/4162, Loss: 3.7788, NLL: 3.7788, Coverage: 0.0000
  Batch 2590/4162, Loss: 4.0076, NLL: 4.0076, Coverage: 0.0000
  Batch 2600/4162, Loss: 4.8721, NLL: 4.8721, Coverage: 0.0000
  Batch 2610/4162, Loss: 4.1497, NLL: 4.1497, Coverage: 0.0000
  Batch 2620/4162, Loss: 3.6901, NLL: 3.6901, Coverage: 0.0000
  Batch 2630/4162, Loss: 3.8252, NLL: 3.8252, Coverage: 0.0000
  Batch 2640/4162, Loss: 3.6398, NLL: 3.6398, Coverage: 0.0000
  Batch 2650/4162, Loss: 4.0148, NLL: 4.0148, Coverage: 0.0000
  Batch 2660/4162, Loss: 3.7548, NLL: 3.7548, Coverage: 0.0000
  Batch 2670/4162, Loss: 4.0074, NLL: 4.0074, Coverage: 0.0000
  Batch 2680/4162, Loss: 3.6073, NLL: 3.6073, Coverage: 0.0000
  Batch 2690/4162, Loss: 4.4125, NLL: 4.4125, Coverage: 0.0000
  Batch 2700/4162, Loss: 4.1928, NLL: 4.1928, Coverage: 0.0000
  Batch 2710/4162, Loss: 4.0871, NLL: 4.0871, Coverage: 0.0000
  Batch 2720/4162, Loss: 4.3714, NLL: 4.3714, Coverage: 0.0000
  Batch 2730/4162, Loss: 3.9332, NLL: 3.9332, Coverage: 0.0000
  Batch 2740/4162, Loss: 3.7779, NLL: 3.7779, Coverage: 0.0000
  Batch 2750/4162, Loss: 4.1263, NLL: 4.1263, Coverage: 0.0000
  Batch 2760/4162, Loss: 4.1733, NLL: 4.1733, Coverage: 0.0000
  Batch 2770/4162, Loss: 4.1316, NLL: 4.1316, Coverage: 0.0000
  Batch 2780/4162, Loss: 4.2648, NLL: 4.2648, Coverage: 0.0000
  Batch 2790/4162, Loss: 4.0568, NLL: 4.0568, Coverage: 0.0000
  Batch 2800/4162, Loss: 4.1600, NLL: 4.1600, Coverage: 0.0000
  Batch 2810/4162, Loss: 3.7840, NLL: 3.7840, Coverage: 0.0000
  Batch 2820/4162, Loss: 4.3727, NLL: 4.3727, Coverage: 0.0000
  Batch 2830/4162, Loss: 4.0939, NLL: 4.0939, Coverage: 0.0000
  Batch 2840/4162, Loss: 4.4178, NLL: 4.4178, Coverage: 0.0000
  Batch 2850/4162, Loss: 3.8742, NLL: 3.8742, Coverage: 0.0000
  Batch 2860/4162, Loss: 3.7893, NLL: 3.7893, Coverage: 0.0000
  Batch 2870/4162, Loss: 3.9728, NLL: 3.9728, Coverage: 0.0000
  Batch 2880/4162, Loss: 3.7666, NLL: 3.7666, Coverage: 0.0000
  Batch 2890/4162, Loss: 4.1944, NLL: 4.1944, Coverage: 0.0000
  Batch 2900/4162, Loss: 3.9216, NLL: 3.9216, Coverage: 0.0000
  Batch 2910/4162, Loss: 3.9045, NLL: 3.9045, Coverage: 0.0000
  Batch 2920/4162, Loss: 3.5913, NLL: 3.5913, Coverage: 0.0000
  Batch 2930/4162, Loss: 3.6780, NLL: 3.6780, Coverage: 0.0000
  Batch 2940/4162, Loss: 3.9685, NLL: 3.9685, Coverage: 0.0000
  Batch 2950/4162, Loss: 4.1044, NLL: 4.1044, Coverage: 0.0000
  Batch 2960/4162, Loss: 3.9883, NLL: 3.9883, Coverage: 0.0000
  Batch 2970/4162, Loss: 3.9639, NLL: 3.9639, Coverage: 0.0000
  Batch 2980/4162, Loss: 3.7541, NLL: 3.7541, Coverage: 0.0000
  Batch 2990/4162, Loss: 4.0058, NLL: 4.0058, Coverage: 0.0000
  Batch 3000/4162, Loss: 3.8925, NLL: 3.8925, Coverage: 0.0000
  Batch 3010/4162, Loss: 3.8461, NLL: 3.8461, Coverage: 0.0000
  Batch 3020/4162, Loss: 3.9374, NLL: 3.9374, Coverage: 0.0000
  Batch 3030/4162, Loss: 3.9519, NLL: 3.9519, Coverage: 0.0000
  Batch 3040/4162, Loss: 3.4852, NLL: 3.4852, Coverage: 0.0000
  Batch 3050/4162, Loss: 3.9535, NLL: 3.9535, Coverage: 0.0000
  Batch 3060/4162, Loss: 4.2041, NLL: 4.2041, Coverage: 0.0000
  Batch 3070/4162, Loss: 3.9553, NLL: 3.9553, Coverage: 0.0000
  Batch 3080/4162, Loss: 3.8496, NLL: 3.8496, Coverage: 0.0000
  Batch 3090/4162, Loss: 4.1858, NLL: 4.1858, Coverage: 0.0000
  Batch 3100/4162, Loss: 3.9409, NLL: 3.9409, Coverage: 0.0000
  Batch 3110/4162, Loss: 4.1437, NLL: 4.1437, Coverage: 0.0000
  Batch 3120/4162, Loss: 4.0240, NLL: 4.0240, Coverage: 0.0000
  Batch 3130/4162, Loss: 3.9458, NLL: 3.9458, Coverage: 0.0000
  Batch 3140/4162, Loss: 4.0983, NLL: 4.0983, Coverage: 0.0000
  Batch 3150/4162, Loss: 4.2530, NLL: 4.2530, Coverage: 0.0000
  Batch 3160/4162, Loss: 4.2452, NLL: 4.2452, Coverage: 0.0000
  Batch 3170/4162, Loss: 4.0367, NLL: 4.0367, Coverage: 0.0000
  Batch 3180/4162, Loss: 4.2764, NLL: 4.2764, Coverage: 0.0000
  Batch 3190/4162, Loss: 3.8346, NLL: 3.8346, Coverage: 0.0000
  Batch 3200/4162, Loss: 4.0631, NLL: 4.0631, Coverage: 0.0000
  Batch 3210/4162, Loss: 4.3927, NLL: 4.3927, Coverage: 0.0000
  Batch 3220/4162, Loss: 4.5163, NLL: 4.5163, Coverage: 0.0000
  Batch 3230/4162, Loss: 4.2761, NLL: 4.2761, Coverage: 0.0000
  Batch 3240/4162, Loss: 3.9804, NLL: 3.9804, Coverage: 0.0000
  Batch 3250/4162, Loss: 3.5281, NLL: 3.5281, Coverage: 0.0000
  Batch 3260/4162, Loss: 4.1713, NLL: 4.1713, Coverage: 0.0000
  Batch 3270/4162, Loss: 3.7373, NLL: 3.7373, Coverage: 0.0000
  Batch 3280/4162, Loss: 3.6480, NLL: 3.6480, Coverage: 0.0000
  Batch 3290/4162, Loss: 4.3905, NLL: 4.3905, Coverage: 0.0000
  Batch 3300/4162, Loss: 4.4034, NLL: 4.4034, Coverage: 0.0000
  Batch 3310/4162, Loss: 4.0132, NLL: 4.0132, Coverage: 0.0000
  Batch 3320/4162, Loss: 3.7255, NLL: 3.7255, Coverage: 0.0000
  Batch 3330/4162, Loss: 3.8051, NLL: 3.8051, Coverage: 0.0000
  Batch 3340/4162, Loss: 4.0098, NLL: 4.0098, Coverage: 0.0000
  Batch 3350/4162, Loss: 4.1834, NLL: 4.1834, Coverage: 0.0000
  Batch 3360/4162, Loss: 3.6184, NLL: 3.6184, Coverage: 0.0000
  Batch 3370/4162, Loss: 4.2810, NLL: 4.2810, Coverage: 0.0000
  Batch 3380/4162, Loss: 3.5273, NLL: 3.5273, Coverage: 0.0000
  Batch 3390/4162, Loss: 4.2197, NLL: 4.2197, Coverage: 0.0000
  Batch 3400/4162, Loss: 3.9564, NLL: 3.9564, Coverage: 0.0000
  Batch 3410/4162, Loss: 3.8646, NLL: 3.8646, Coverage: 0.0000
  Batch 3420/4162, Loss: 4.2327, NLL: 4.2327, Coverage: 0.0000
  Batch 3430/4162, Loss: 4.2076, NLL: 4.2076, Coverage: 0.0000
  Batch 3440/4162, Loss: 3.7534, NLL: 3.7534, Coverage: 0.0000
  Batch 3450/4162, Loss: 4.2427, NLL: 4.2427, Coverage: 0.0000
  Batch 3460/4162, Loss: 4.1365, NLL: 4.1365, Coverage: 0.0000
  Batch 3470/4162, Loss: 4.0093, NLL: 4.0093, Coverage: 0.0000
  Batch 3480/4162, Loss: 4.2330, NLL: 4.2330, Coverage: 0.0000
  Batch 3490/4162, Loss: 3.6587, NLL: 3.6587, Coverage: 0.0000
  Batch 3500/4162, Loss: 4.2037, NLL: 4.2037, Coverage: 0.0000
  Batch 3510/4162, Loss: 3.7351, NLL: 3.7351, Coverage: 0.0000
  Batch 3520/4162, Loss: 4.5884, NLL: 4.5884, Coverage: 0.0000
  Batch 3530/4162, Loss: 4.0452, NLL: 4.0452, Coverage: 0.0000
  Batch 3540/4162, Loss: 4.1489, NLL: 4.1489, Coverage: 0.0000
  Batch 3550/4162, Loss: 4.1611, NLL: 4.1611, Coverage: 0.0000
  Batch 3560/4162, Loss: 3.2963, NLL: 3.2963, Coverage: 0.0000
  Batch 3570/4162, Loss: 3.4781, NLL: 3.4781, Coverage: 0.0000
  Batch 3580/4162, Loss: 3.8585, NLL: 3.8585, Coverage: 0.0000
  Batch 3590/4162, Loss: 3.9706, NLL: 3.9706, Coverage: 0.0000
  Batch 3600/4162, Loss: 3.6130, NLL: 3.6130, Coverage: 0.0000
  Batch 3610/4162, Loss: 4.0215, NLL: 4.0215, Coverage: 0.0000
  Batch 3620/4162, Loss: 3.6592, NLL: 3.6592, Coverage: 0.0000
  Batch 3630/4162, Loss: 3.7362, NLL: 3.7362, Coverage: 0.0000
  Batch 3640/4162, Loss: 4.0959, NLL: 4.0959, Coverage: 0.0000
  Batch 3650/4162, Loss: 4.2395, NLL: 4.2395, Coverage: 0.0000
  Batch 3660/4162, Loss: 3.9251, NLL: 3.9251, Coverage: 0.0000
  Batch 3670/4162, Loss: 3.9882, NLL: 3.9882, Coverage: 0.0000
  Batch 3680/4162, Loss: 4.0936, NLL: 4.0936, Coverage: 0.0000
  Batch 3690/4162, Loss: 4.0236, NLL: 4.0236, Coverage: 0.0000
  Batch 3700/4162, Loss: 3.8288, NLL: 3.8288, Coverage: 0.0000
  Batch 3710/4162, Loss: 4.7412, NLL: 4.7412, Coverage: 0.0000
  Batch 3720/4162, Loss: 3.6422, NLL: 3.6422, Coverage: 0.0000
  Batch 3730/4162, Loss: 3.8032, NLL: 3.8032, Coverage: 0.0000
  Batch 3740/4162, Loss: 3.8997, NLL: 3.8997, Coverage: 0.0000
  Batch 3750/4162, Loss: 3.2968, NLL: 3.2968, Coverage: 0.0000
  Batch 3760/4162, Loss: 4.0692, NLL: 4.0692, Coverage: 0.0000
  Batch 3770/4162, Loss: 3.9601, NLL: 3.9601, Coverage: 0.0000
  Batch 3780/4162, Loss: 3.6476, NLL: 3.6476, Coverage: 0.0000
  Batch 3790/4162, Loss: 4.4384, NLL: 4.4384, Coverage: 0.0000
  Batch 3800/4162, Loss: 3.9719, NLL: 3.9719, Coverage: 0.0000
  Batch 3810/4162, Loss: 3.9349, NLL: 3.9349, Coverage: 0.0000
  Batch 3820/4162, Loss: 3.8805, NLL: 3.8805, Coverage: 0.0000
  Batch 3830/4162, Loss: 4.0190, NLL: 4.0190, Coverage: 0.0000
  Batch 3840/4162, Loss: 4.1961, NLL: 4.1961, Coverage: 0.0000
  Batch 3850/4162, Loss: 3.8290, NLL: 3.8290, Coverage: 0.0000
  Batch 3860/4162, Loss: 4.2316, NLL: 4.2316, Coverage: 0.0000
  Batch 3870/4162, Loss: 4.2749, NLL: 4.2749, Coverage: 0.0000
  Batch 3880/4162, Loss: 3.6940, NLL: 3.6940, Coverage: 0.0000
  Batch 3890/4162, Loss: 3.8426, NLL: 3.8426, Coverage: 0.0000
  Batch 3900/4162, Loss: 3.9722, NLL: 3.9722, Coverage: 0.0000
  Batch 3910/4162, Loss: 4.0711, NLL: 4.0711, Coverage: 0.0000
  Batch 3920/4162, Loss: 3.8943, NLL: 3.8943, Coverage: 0.0000
  Batch 3930/4162, Loss: 4.6361, NLL: 4.6361, Coverage: 0.0000
  Batch 3940/4162, Loss: 3.9048, NLL: 3.9048, Coverage: 0.0000
  Batch 3950/4162, Loss: 3.9062, NLL: 3.9062, Coverage: 0.0000
  Batch 3960/4162, Loss: 4.0047, NLL: 4.0047, Coverage: 0.0000
  Batch 3970/4162, Loss: 3.6793, NLL: 3.6793, Coverage: 0.0000
  Batch 3980/4162, Loss: 3.7927, NLL: 3.7927, Coverage: 0.0000
  Batch 3990/4162, Loss: 4.3770, NLL: 4.3770, Coverage: 0.0000
  Batch 4000/4162, Loss: 4.0560, NLL: 4.0560, Coverage: 0.0000
  Batch 4010/4162, Loss: 4.1538, NLL: 4.1538, Coverage: 0.0000
  Batch 4020/4162, Loss: 3.9301, NLL: 3.9301, Coverage: 0.0000
  Batch 4030/4162, Loss: 4.0808, NLL: 4.0808, Coverage: 0.0000
  Batch 4040/4162, Loss: 4.2622, NLL: 4.2622, Coverage: 0.0000
  Batch 4050/4162, Loss: 3.6111, NLL: 3.6111, Coverage: 0.0000
  Batch 4060/4162, Loss: 3.8274, NLL: 3.8274, Coverage: 0.0000
  Batch 4070/4162, Loss: 4.3593, NLL: 4.3593, Coverage: 0.0000
  Batch 4080/4162, Loss: 3.7328, NLL: 3.7328, Coverage: 0.0000
  Batch 4090/4162, Loss: 3.7522, NLL: 3.7522, Coverage: 0.0000
  Batch 4100/4162, Loss: 3.5953, NLL: 3.5953, Coverage: 0.0000
  Batch 4110/4162, Loss: 3.9531, NLL: 3.9531, Coverage: 0.0000
  Batch 4120/4162, Loss: 4.2443, NLL: 4.2443, Coverage: 0.0000
  Batch 4130/4162, Loss: 4.1331, NLL: 4.1331, Coverage: 0.0000
  Batch 4140/4162, Loss: 4.3256, NLL: 4.3256, Coverage: 0.0000
  Batch 4150/4162, Loss: 4.1741, NLL: 4.1741, Coverage: 0.0000
  Batch 4160/4162, Loss: 3.6418, NLL: 3.6418, Coverage: 0.0000

  Train Loss: 3.9967 (NLL: 3.9967, Coverage: 0.0000)
  Val Loss: 6.4654 (NLL: 6.4654, Coverage: 0.0000)
  Time: 28m 16s
  ✓ Saved checkpoint to /scratch/aitordiez/News2Stock/summaries/pointer_generator_fasttext/checkpoints/checkpoint_epoch_15.pt

Epoch 16/20
----------------------------------------
  Batch 10/4162, Loss: 3.7229, NLL: 3.7229, Coverage: 0.0000
  Batch 20/4162, Loss: 4.0731, NLL: 4.0731, Coverage: 0.0000
  Batch 30/4162, Loss: 3.8656, NLL: 3.8656, Coverage: 0.0000
  Batch 40/4162, Loss: 3.9726, NLL: 3.9726, Coverage: 0.0000
  Batch 50/4162, Loss: 4.0707, NLL: 4.0707, Coverage: 0.0000
  Batch 60/4162, Loss: 4.2032, NLL: 4.2032, Coverage: 0.0000
  Batch 70/4162, Loss: 3.6913, NLL: 3.6913, Coverage: 0.0000
  Batch 80/4162, Loss: 3.7338, NLL: 3.7338, Coverage: 0.0000
  Batch 90/4162, Loss: 4.1879, NLL: 4.1879, Coverage: 0.0000
  Batch 100/4162, Loss: 4.1894, NLL: 4.1894, Coverage: 0.0000
  Batch 110/4162, Loss: 4.1878, NLL: 4.1878, Coverage: 0.0000
  Batch 120/4162, Loss: 4.6002, NLL: 4.6002, Coverage: 0.0000
  Batch 130/4162, Loss: 4.0482, NLL: 4.0482, Coverage: 0.0000
  Batch 140/4162, Loss: 3.6854, NLL: 3.6854, Coverage: 0.0000
  Batch 150/4162, Loss: 4.0070, NLL: 4.0070, Coverage: 0.0000
  Batch 160/4162, Loss: 3.8754, NLL: 3.8754, Coverage: 0.0000
  Batch 170/4162, Loss: 3.9592, NLL: 3.9592, Coverage: 0.0000
  Batch 180/4162, Loss: 4.2654, NLL: 4.2654, Coverage: 0.0000
  Batch 190/4162, Loss: 3.5243, NLL: 3.5243, Coverage: 0.0000
  Batch 200/4162, Loss: 4.2204, NLL: 4.2204, Coverage: 0.0000
  Batch 210/4162, Loss: 3.7151, NLL: 3.7151, Coverage: 0.0000
  Batch 220/4162, Loss: 4.0087, NLL: 4.0087, Coverage: 0.0000
  Batch 230/4162, Loss: 3.9643, NLL: 3.9643, Coverage: 0.0000
  Batch 240/4162, Loss: 3.7767, NLL: 3.7767, Coverage: 0.0000
  Batch 250/4162, Loss: 3.7880, NLL: 3.7880, Coverage: 0.0000
  Batch 260/4162, Loss: 3.7060, NLL: 3.7060, Coverage: 0.0000
  Batch 270/4162, Loss: 4.0347, NLL: 4.0347, Coverage: 0.0000
  Batch 280/4162, Loss: 4.2942, NLL: 4.2942, Coverage: 0.0000
  Batch 290/4162, Loss: 4.1293, NLL: 4.1293, Coverage: 0.0000
  Batch 300/4162, Loss: 3.8584, NLL: 3.8584, Coverage: 0.0000
  Batch 310/4162, Loss: 4.3621, NLL: 4.3621, Coverage: 0.0000
  Batch 320/4162, Loss: 4.2720, NLL: 4.2720, Coverage: 0.0000
  Batch 330/4162, Loss: 4.0372, NLL: 4.0372, Coverage: 0.0000
  Batch 340/4162, Loss: 3.6342, NLL: 3.6342, Coverage: 0.0000
  Batch 350/4162, Loss: 4.3105, NLL: 4.3105, Coverage: 0.0000
  Batch 360/4162, Loss: 4.0061, NLL: 4.0061, Coverage: 0.0000
  Batch 370/4162, Loss: 4.2084, NLL: 4.2084, Coverage: 0.0000
  Batch 380/4162, Loss: 3.9555, NLL: 3.9555, Coverage: 0.0000
  Batch 390/4162, Loss: 4.0398, NLL: 4.0398, Coverage: 0.0000
  Batch 400/4162, Loss: 4.1366, NLL: 4.1366, Coverage: 0.0000
  Batch 410/4162, Loss: 3.6125, NLL: 3.6125, Coverage: 0.0000
  Batch 420/4162, Loss: 3.9194, NLL: 3.9194, Coverage: 0.0000
  Batch 430/4162, Loss: 3.8081, NLL: 3.8081, Coverage: 0.0000
  Batch 440/4162, Loss: 3.6462, NLL: 3.6462, Coverage: 0.0000
  Batch 450/4162, Loss: 3.5661, NLL: 3.5661, Coverage: 0.0000
  Batch 460/4162, Loss: 3.3867, NLL: 3.3867, Coverage: 0.0000
  Batch 470/4162, Loss: 3.6379, NLL: 3.6379, Coverage: 0.0000
  Batch 480/4162, Loss: 4.2392, NLL: 4.2392, Coverage: 0.0000
  Batch 490/4162, Loss: 3.8859, NLL: 3.8859, Coverage: 0.0000
  Batch 500/4162, Loss: 4.0477, NLL: 4.0477, Coverage: 0.0000
  Batch 510/4162, Loss: 3.9632, NLL: 3.9632, Coverage: 0.0000
  Batch 520/4162, Loss: 4.2865, NLL: 4.2865, Coverage: 0.0000
  Batch 530/4162, Loss: 4.2839, NLL: 4.2839, Coverage: 0.0000
  Batch 540/4162, Loss: 4.0846, NLL: 4.0846, Coverage: 0.0000
  Batch 550/4162, Loss: 3.8809, NLL: 3.8809, Coverage: 0.0000
  Batch 560/4162, Loss: 4.3884, NLL: 4.3884, Coverage: 0.0000
  Batch 570/4162, Loss: 3.9505, NLL: 3.9505, Coverage: 0.0000
  Batch 580/4162, Loss: 4.3083, NLL: 4.3083, Coverage: 0.0000
  Batch 590/4162, Loss: 3.9124, NLL: 3.9124, Coverage: 0.0000
  Batch 600/4162, Loss: 4.2533, NLL: 4.2533, Coverage: 0.0000
  Batch 610/4162, Loss: 4.0292, NLL: 4.0292, Coverage: 0.0000
  Batch 620/4162, Loss: 4.2462, NLL: 4.2462, Coverage: 0.0000
  Batch 630/4162, Loss: 3.2697, NLL: 3.2697, Coverage: 0.0000
  Batch 640/4162, Loss: 3.8905, NLL: 3.8905, Coverage: 0.0000
  Batch 650/4162, Loss: 3.7500, NLL: 3.7500, Coverage: 0.0000
  Batch 660/4162, Loss: 4.1057, NLL: 4.1057, Coverage: 0.0000
  Batch 670/4162, Loss: 3.7043, NLL: 3.7043, Coverage: 0.0000
  Batch 680/4162, Loss: 3.9284, NLL: 3.9284, Coverage: 0.0000
  Batch 690/4162, Loss: 3.8812, NLL: 3.8812, Coverage: 0.0000
  Batch 700/4162, Loss: 4.3305, NLL: 4.3305, Coverage: 0.0000
  Batch 710/4162, Loss: 4.0141, NLL: 4.0141, Coverage: 0.0000
  Batch 720/4162, Loss: 4.3761, NLL: 4.3761, Coverage: 0.0000
  Batch 730/4162, Loss: 4.1091, NLL: 4.1091, Coverage: 0.0000
  Batch 740/4162, Loss: 3.8248, NLL: 3.8248, Coverage: 0.0000
  Batch 750/4162, Loss: 4.0568, NLL: 4.0568, Coverage: 0.0000
  Batch 760/4162, Loss: 3.6742, NLL: 3.6742, Coverage: 0.0000
  Batch 770/4162, Loss: 4.2925, NLL: 4.2925, Coverage: 0.0000
  Batch 780/4162, Loss: 4.0546, NLL: 4.0546, Coverage: 0.0000
  Batch 790/4162, Loss: 3.7414, NLL: 3.7414, Coverage: 0.0000
  Batch 800/4162, Loss: 4.0278, NLL: 4.0278, Coverage: 0.0000
  Batch 810/4162, Loss: 3.3820, NLL: 3.3820, Coverage: 0.0000
  Batch 820/4162, Loss: 4.2161, NLL: 4.2161, Coverage: 0.0000
  Batch 830/4162, Loss: 4.0316, NLL: 4.0316, Coverage: 0.0000
  Batch 840/4162, Loss: 4.2904, NLL: 4.2904, Coverage: 0.0000
  Batch 850/4162, Loss: 3.7488, NLL: 3.7488, Coverage: 0.0000
  Batch 860/4162, Loss: 4.4467, NLL: 4.4467, Coverage: 0.0000
  Batch 870/4162, Loss: 3.9866, NLL: 3.9866, Coverage: 0.0000
  Batch 880/4162, Loss: 4.0085, NLL: 4.0085, Coverage: 0.0000
  Batch 890/4162, Loss: 3.9375, NLL: 3.9375, Coverage: 0.0000
  Batch 900/4162, Loss: 4.2696, NLL: 4.2696, Coverage: 0.0000
  Batch 910/4162, Loss: 4.2041, NLL: 4.2041, Coverage: 0.0000
  Batch 920/4162, Loss: 4.0323, NLL: 4.0323, Coverage: 0.0000
  Batch 930/4162, Loss: 3.8383, NLL: 3.8383, Coverage: 0.0000
  Batch 940/4162, Loss: 3.5249, NLL: 3.5249, Coverage: 0.0000
  Batch 950/4162, Loss: 4.1817, NLL: 4.1817, Coverage: 0.0000
  Batch 960/4162, Loss: 3.9612, NLL: 3.9612, Coverage: 0.0000
  Batch 970/4162, Loss: 4.0247, NLL: 4.0247, Coverage: 0.0000
  Batch 980/4162, Loss: 4.0034, NLL: 4.0034, Coverage: 0.0000
  Batch 990/4162, Loss: 3.7478, NLL: 3.7478, Coverage: 0.0000
  Batch 1000/4162, Loss: 3.9824, NLL: 3.9824, Coverage: 0.0000
  Batch 1010/4162, Loss: 4.2986, NLL: 4.2986, Coverage: 0.0000
  Batch 1020/4162, Loss: 4.1302, NLL: 4.1302, Coverage: 0.0000
  Batch 1030/4162, Loss: 4.2795, NLL: 4.2795, Coverage: 0.0000
  Batch 1040/4162, Loss: 4.0899, NLL: 4.0899, Coverage: 0.0000
  Batch 1050/4162, Loss: 4.2010, NLL: 4.2010, Coverage: 0.0000
  Batch 1060/4162, Loss: 3.8233, NLL: 3.8233, Coverage: 0.0000
  Batch 1070/4162, Loss: 4.3147, NLL: 4.3147, Coverage: 0.0000
  Batch 1080/4162, Loss: 3.9381, NLL: 3.9381, Coverage: 0.0000
  Batch 1090/4162, Loss: 4.2663, NLL: 4.2663, Coverage: 0.0000
  Batch 1100/4162, Loss: 4.1307, NLL: 4.1307, Coverage: 0.0000
  Batch 1110/4162, Loss: 3.7865, NLL: 3.7865, Coverage: 0.0000
  Batch 1120/4162, Loss: 3.9200, NLL: 3.9200, Coverage: 0.0000
  Batch 1130/4162, Loss: 3.8896, NLL: 3.8896, Coverage: 0.0000
  Batch 1140/4162, Loss: 4.3652, NLL: 4.3652, Coverage: 0.0000
  Batch 1150/4162, Loss: 3.8107, NLL: 3.8107, Coverage: 0.0000
  Batch 1160/4162, Loss: 4.1105, NLL: 4.1105, Coverage: 0.0000
  Batch 1170/4162, Loss: 3.6315, NLL: 3.6315, Coverage: 0.0000
  Batch 1180/4162, Loss: 4.1977, NLL: 4.1977, Coverage: 0.0000
  Batch 1190/4162, Loss: 4.0167, NLL: 4.0167, Coverage: 0.0000
  Batch 1200/4162, Loss: 4.3397, NLL: 4.3397, Coverage: 0.0000
  Batch 1210/4162, Loss: 3.4567, NLL: 3.4567, Coverage: 0.0000
  Batch 1220/4162, Loss: 4.2366, NLL: 4.2366, Coverage: 0.0000
  Batch 1230/4162, Loss: 4.0641, NLL: 4.0641, Coverage: 0.0000
  Batch 1240/4162, Loss: 4.1869, NLL: 4.1869, Coverage: 0.0000
  Batch 1250/4162, Loss: 4.1291, NLL: 4.1291, Coverage: 0.0000
  Batch 1260/4162, Loss: 4.2693, NLL: 4.2693, Coverage: 0.0000
  Batch 1270/4162, Loss: 3.9792, NLL: 3.9792, Coverage: 0.0000
  Batch 1280/4162, Loss: 3.9609, NLL: 3.9609, Coverage: 0.0000
  Batch 1290/4162, Loss: 3.9974, NLL: 3.9974, Coverage: 0.0000
  Batch 1300/4162, Loss: 4.3988, NLL: 4.3988, Coverage: 0.0000
  Batch 1310/4162, Loss: 3.9147, NLL: 3.9147, Coverage: 0.0000
  Batch 1320/4162, Loss: 4.1307, NLL: 4.1307, Coverage: 0.0000
  Batch 1330/4162, Loss: 3.5574, NLL: 3.5574, Coverage: 0.0000
  Batch 1340/4162, Loss: 4.0883, NLL: 4.0883, Coverage: 0.0000
  Batch 1350/4162, Loss: 3.7704, NLL: 3.7704, Coverage: 0.0000
  Batch 1360/4162, Loss: 3.8955, NLL: 3.8955, Coverage: 0.0000
  Batch 1370/4162, Loss: 4.1016, NLL: 4.1016, Coverage: 0.0000
  Batch 1380/4162, Loss: 3.8827, NLL: 3.8827, Coverage: 0.0000
  Batch 1390/4162, Loss: 4.3340, NLL: 4.3340, Coverage: 0.0000
  Batch 1400/4162, Loss: 3.9496, NLL: 3.9496, Coverage: 0.0000
  Batch 1410/4162, Loss: 4.4881, NLL: 4.4881, Coverage: 0.0000
  Batch 1420/4162, Loss: 3.9933, NLL: 3.9933, Coverage: 0.0000
  Batch 1430/4162, Loss: 3.5518, NLL: 3.5518, Coverage: 0.0000
  Batch 1440/4162, Loss: 3.9225, NLL: 3.9225, Coverage: 0.0000
  Batch 1450/4162, Loss: 3.7677, NLL: 3.7677, Coverage: 0.0000
  Batch 1460/4162, Loss: 3.8536, NLL: 3.8536, Coverage: 0.0000
  Batch 1470/4162, Loss: 4.0744, NLL: 4.0744, Coverage: 0.0000
  Batch 1480/4162, Loss: 3.4115, NLL: 3.4115, Coverage: 0.0000
  Batch 1490/4162, Loss: 4.3193, NLL: 4.3193, Coverage: 0.0000
  Batch 1500/4162, Loss: 3.5392, NLL: 3.5392, Coverage: 0.0000
  Batch 1510/4162, Loss: 4.1887, NLL: 4.1887, Coverage: 0.0000
  Batch 1520/4162, Loss: 4.3674, NLL: 4.3674, Coverage: 0.0000
  Batch 1530/4162, Loss: 3.7103, NLL: 3.7103, Coverage: 0.0000
  Batch 1540/4162, Loss: 4.2773, NLL: 4.2773, Coverage: 0.0000
  Batch 1550/4162, Loss: 3.9831, NLL: 3.9831, Coverage: 0.0000
  Batch 1560/4162, Loss: 3.8736, NLL: 3.8736, Coverage: 0.0000
  Batch 1570/4162, Loss: 3.8963, NLL: 3.8963, Coverage: 0.0000
  Batch 1580/4162, Loss: 4.1726, NLL: 4.1726, Coverage: 0.0000
  Batch 1590/4162, Loss: 3.5545, NLL: 3.5545, Coverage: 0.0000
  Batch 1600/4162, Loss: 3.8749, NLL: 3.8749, Coverage: 0.0000
  Batch 1610/4162, Loss: 3.9185, NLL: 3.9185, Coverage: 0.0000
  Batch 1620/4162, Loss: 3.6241, NLL: 3.6241, Coverage: 0.0000
  Batch 1630/4162, Loss: 4.0407, NLL: 4.0407, Coverage: 0.0000
  Batch 1640/4162, Loss: 4.2398, NLL: 4.2398, Coverage: 0.0000
  Batch 1650/4162, Loss: 4.0902, NLL: 4.0902, Coverage: 0.0000
  Batch 1660/4162, Loss: 3.9767, NLL: 3.9767, Coverage: 0.0000
  Batch 1670/4162, Loss: 3.5187, NLL: 3.5187, Coverage: 0.0000
  Batch 1680/4162, Loss: 4.0649, NLL: 4.0649, Coverage: 0.0000
  Batch 1690/4162, Loss: 4.0310, NLL: 4.0310, Coverage: 0.0000
  Batch 1700/4162, Loss: 3.6655, NLL: 3.6655, Coverage: 0.0000
  Batch 1710/4162, Loss: 3.8064, NLL: 3.8064, Coverage: 0.0000
  Batch 1720/4162, Loss: 3.9212, NLL: 3.9212, Coverage: 0.0000
  Batch 1730/4162, Loss: 3.9655, NLL: 3.9655, Coverage: 0.0000
  Batch 1740/4162, Loss: 3.9370, NLL: 3.9370, Coverage: 0.0000
  Batch 1750/4162, Loss: 4.0576, NLL: 4.0576, Coverage: 0.0000
  Batch 1760/4162, Loss: 4.0882, NLL: 4.0882, Coverage: 0.0000
  Batch 1770/4162, Loss: 3.8486, NLL: 3.8486, Coverage: 0.0000
  Batch 1780/4162, Loss: 3.6441, NLL: 3.6441, Coverage: 0.0000
  Batch 1790/4162, Loss: 3.9950, NLL: 3.9950, Coverage: 0.0000
  Batch 1800/4162, Loss: 3.6223, NLL: 3.6223, Coverage: 0.0000
  Batch 1810/4162, Loss: 3.7645, NLL: 3.7645, Coverage: 0.0000
  Batch 1820/4162, Loss: 4.0327, NLL: 4.0327, Coverage: 0.0000
  Batch 1830/4162, Loss: 4.2675, NLL: 4.2675, Coverage: 0.0000
  Batch 1840/4162, Loss: 3.9955, NLL: 3.9955, Coverage: 0.0000
  Batch 1850/4162, Loss: 3.7037, NLL: 3.7037, Coverage: 0.0000
  Batch 1860/4162, Loss: 3.5717, NLL: 3.5717, Coverage: 0.0000
  Batch 1870/4162, Loss: 4.6427, NLL: 4.6427, Coverage: 0.0000
  Batch 1880/4162, Loss: 4.1106, NLL: 4.1106, Coverage: 0.0000
  Batch 1890/4162, Loss: 3.9562, NLL: 3.9562, Coverage: 0.0000
  Batch 1900/4162, Loss: 4.1464, NLL: 4.1464, Coverage: 0.0000
  Batch 1910/4162, Loss: 4.3444, NLL: 4.3444, Coverage: 0.0000
  Batch 1920/4162, Loss: 4.6123, NLL: 4.6123, Coverage: 0.0000
  Batch 1930/4162, Loss: 4.0556, NLL: 4.0556, Coverage: 0.0000
  Batch 1940/4162, Loss: 4.2114, NLL: 4.2114, Coverage: 0.0000
  Batch 1950/4162, Loss: 4.3828, NLL: 4.3828, Coverage: 0.0000
  Batch 1960/4162, Loss: 3.6055, NLL: 3.6055, Coverage: 0.0000
  Batch 1970/4162, Loss: 4.1424, NLL: 4.1424, Coverage: 0.0000
  Batch 1980/4162, Loss: 4.0269, NLL: 4.0269, Coverage: 0.0000
  Batch 1990/4162, Loss: 3.8903, NLL: 3.8903, Coverage: 0.0000
  Batch 2000/4162, Loss: 4.5739, NLL: 4.5739, Coverage: 0.0000
  Batch 2010/4162, Loss: 3.9555, NLL: 3.9555, Coverage: 0.0000
  Batch 2020/4162, Loss: 4.3428, NLL: 4.3428, Coverage: 0.0000
  Batch 2030/4162, Loss: 3.4391, NLL: 3.4391, Coverage: 0.0000
  Batch 2040/4162, Loss: 3.9250, NLL: 3.9250, Coverage: 0.0000
  Batch 2050/4162, Loss: 4.3496, NLL: 4.3496, Coverage: 0.0000
  Batch 2060/4162, Loss: 3.6308, NLL: 3.6308, Coverage: 0.0000
  Batch 2070/4162, Loss: 3.5822, NLL: 3.5822, Coverage: 0.0000
  Batch 2080/4162, Loss: 4.0275, NLL: 4.0275, Coverage: 0.0000
  Batch 2090/4162, Loss: 3.9804, NLL: 3.9804, Coverage: 0.0000
  Batch 2100/4162, Loss: 4.1220, NLL: 4.1220, Coverage: 0.0000
  Batch 2110/4162, Loss: 4.2621, NLL: 4.2621, Coverage: 0.0000
  Batch 2120/4162, Loss: 4.1347, NLL: 4.1347, Coverage: 0.0000
  Batch 2130/4162, Loss: 4.0213, NLL: 4.0213, Coverage: 0.0000
  Batch 2140/4162, Loss: 3.8725, NLL: 3.8725, Coverage: 0.0000
  Batch 2150/4162, Loss: 4.1072, NLL: 4.1072, Coverage: 0.0000
  Batch 2160/4162, Loss: 3.8342, NLL: 3.8342, Coverage: 0.0000
  Batch 2170/4162, Loss: 3.8874, NLL: 3.8874, Coverage: 0.0000
  Batch 2180/4162, Loss: 4.3466, NLL: 4.3466, Coverage: 0.0000
  Batch 2190/4162, Loss: 4.0376, NLL: 4.0376, Coverage: 0.0000
  Batch 2200/4162, Loss: 3.7064, NLL: 3.7064, Coverage: 0.0000
  Batch 2210/4162, Loss: 3.8666, NLL: 3.8666, Coverage: 0.0000
  Batch 2220/4162, Loss: 4.4654, NLL: 4.4654, Coverage: 0.0000
  Batch 2230/4162, Loss: 3.9745, NLL: 3.9745, Coverage: 0.0000
  Batch 2240/4162, Loss: 3.9574, NLL: 3.9574, Coverage: 0.0000
  Batch 2250/4162, Loss: 3.6397, NLL: 3.6397, Coverage: 0.0000
  Batch 2260/4162, Loss: 3.6863, NLL: 3.6863, Coverage: 0.0000
  Batch 2270/4162, Loss: 4.0921, NLL: 4.0921, Coverage: 0.0000
  Batch 2280/4162, Loss: 3.8786, NLL: 3.8786, Coverage: 0.0000
  Batch 2290/4162, Loss: 3.8890, NLL: 3.8890, Coverage: 0.0000
  Batch 2300/4162, Loss: 3.9147, NLL: 3.9147, Coverage: 0.0000
  Batch 2310/4162, Loss: 4.3249, NLL: 4.3249, Coverage: 0.0000
  Batch 2320/4162, Loss: 4.0314, NLL: 4.0314, Coverage: 0.0000
  Batch 2330/4162, Loss: 4.0402, NLL: 4.0402, Coverage: 0.0000
  Batch 2340/4162, Loss: 3.6902, NLL: 3.6902, Coverage: 0.0000
  Batch 2350/4162, Loss: 3.9302, NLL: 3.9302, Coverage: 0.0000
  Batch 2360/4162, Loss: 3.9105, NLL: 3.9105, Coverage: 0.0000
  Batch 2370/4162, Loss: 3.8708, NLL: 3.8708, Coverage: 0.0000
  Batch 2380/4162, Loss: 3.9597, NLL: 3.9597, Coverage: 0.0000
  Batch 2390/4162, Loss: 3.5142, NLL: 3.5142, Coverage: 0.0000
  Batch 2400/4162, Loss: 4.0540, NLL: 4.0540, Coverage: 0.0000
  Batch 2410/4162, Loss: 4.0517, NLL: 4.0517, Coverage: 0.0000
  Batch 2420/4162, Loss: 4.4986, NLL: 4.4986, Coverage: 0.0000
  Batch 2430/4162, Loss: 4.3247, NLL: 4.3247, Coverage: 0.0000
  Batch 2440/4162, Loss: 4.4059, NLL: 4.4059, Coverage: 0.0000
  Batch 2450/4162, Loss: 4.0265, NLL: 4.0265, Coverage: 0.0000
  Batch 2460/4162, Loss: 4.3877, NLL: 4.3877, Coverage: 0.0000
  Batch 2470/4162, Loss: 4.2431, NLL: 4.2431, Coverage: 0.0000
  Batch 2480/4162, Loss: 4.1218, NLL: 4.1218, Coverage: 0.0000
  Batch 2490/4162, Loss: 4.0172, NLL: 4.0172, Coverage: 0.0000
  Batch 2500/4162, Loss: 3.6582, NLL: 3.6582, Coverage: 0.0000
  Batch 2510/4162, Loss: 3.9758, NLL: 3.9758, Coverage: 0.0000
  Batch 2520/4162, Loss: 4.1136, NLL: 4.1136, Coverage: 0.0000
  Batch 2530/4162, Loss: 3.8069, NLL: 3.8069, Coverage: 0.0000
  Batch 2540/4162, Loss: 3.7994, NLL: 3.7994, Coverage: 0.0000
  Batch 2550/4162, Loss: 4.1522, NLL: 4.1522, Coverage: 0.0000
  Batch 2560/4162, Loss: 3.7398, NLL: 3.7398, Coverage: 0.0000
  Batch 2570/4162, Loss: 3.8885, NLL: 3.8885, Coverage: 0.0000
  Batch 2580/4162, Loss: 4.1727, NLL: 4.1727, Coverage: 0.0000
  Batch 2590/4162, Loss: 4.0981, NLL: 4.0981, Coverage: 0.0000
  Batch 2600/4162, Loss: 4.0608, NLL: 4.0608, Coverage: 0.0000
  Batch 2610/4162, Loss: 4.2455, NLL: 4.2455, Coverage: 0.0000
  Batch 2620/4162, Loss: 3.7674, NLL: 3.7674, Coverage: 0.0000
  Batch 2630/4162, Loss: 3.8421, NLL: 3.8421, Coverage: 0.0000
  Batch 2640/4162, Loss: 3.8226, NLL: 3.8226, Coverage: 0.0000
  Batch 2650/4162, Loss: 3.8018, NLL: 3.8018, Coverage: 0.0000
  Batch 2660/4162, Loss: 3.8269, NLL: 3.8269, Coverage: 0.0000
  Batch 2670/4162, Loss: 3.9214, NLL: 3.9214, Coverage: 0.0000
  Batch 2680/4162, Loss: 4.2721, NLL: 4.2721, Coverage: 0.0000
  Batch 2690/4162, Loss: 4.0218, NLL: 4.0218, Coverage: 0.0000
  Batch 2700/4162, Loss: 3.7602, NLL: 3.7602, Coverage: 0.0000
  Batch 2710/4162, Loss: 3.8442, NLL: 3.8442, Coverage: 0.0000
  Batch 2720/4162, Loss: 4.1251, NLL: 4.1251, Coverage: 0.0000
  Batch 2730/4162, Loss: 3.6693, NLL: 3.6693, Coverage: 0.0000
  Batch 2740/4162, Loss: 4.1736, NLL: 4.1736, Coverage: 0.0000
  Batch 2750/4162, Loss: 3.5806, NLL: 3.5806, Coverage: 0.0000
  Batch 2760/4162, Loss: 3.8306, NLL: 3.8306, Coverage: 0.0000
  Batch 2770/4162, Loss: 3.8923, NLL: 3.8923, Coverage: 0.0000
  Batch 2780/4162, Loss: 3.7656, NLL: 3.7656, Coverage: 0.0000
  Batch 2790/4162, Loss: 4.0071, NLL: 4.0071, Coverage: 0.0000
  Batch 2800/4162, Loss: 4.2987, NLL: 4.2987, Coverage: 0.0000
  Batch 2810/4162, Loss: 3.7471, NLL: 3.7471, Coverage: 0.0000
  Batch 2820/4162, Loss: 3.8122, NLL: 3.8122, Coverage: 0.0000
  Batch 2830/4162, Loss: 3.8118, NLL: 3.8118, Coverage: 0.0000
  Batch 2840/4162, Loss: 3.5024, NLL: 3.5024, Coverage: 0.0000
  Batch 2850/4162, Loss: 3.9498, NLL: 3.9498, Coverage: 0.0000
  Batch 2860/4162, Loss: 4.0884, NLL: 4.0884, Coverage: 0.0000
  Batch 2870/4162, Loss: 3.9820, NLL: 3.9820, Coverage: 0.0000
  Batch 2880/4162, Loss: 3.8839, NLL: 3.8839, Coverage: 0.0000
  Batch 2890/4162, Loss: 4.1959, NLL: 4.1959, Coverage: 0.0000
  Batch 2900/4162, Loss: 4.2462, NLL: 4.2462, Coverage: 0.0000
  Batch 2910/4162, Loss: 4.1075, NLL: 4.1075, Coverage: 0.0000
  Batch 2920/4162, Loss: 4.0000, NLL: 4.0000, Coverage: 0.0000
  Batch 2930/4162, Loss: 4.0459, NLL: 4.0459, Coverage: 0.0000
  Batch 2940/4162, Loss: 3.6420, NLL: 3.6420, Coverage: 0.0000
  Batch 2950/4162, Loss: 4.2029, NLL: 4.2029, Coverage: 0.0000
  Batch 2960/4162, Loss: 3.9398, NLL: 3.9398, Coverage: 0.0000
  Batch 2970/4162, Loss: 4.3644, NLL: 4.3644, Coverage: 0.0000
  Batch 2980/4162, Loss: 4.3652, NLL: 4.3652, Coverage: 0.0000
  Batch 2990/4162, Loss: 3.5584, NLL: 3.5584, Coverage: 0.0000
  Batch 3000/4162, Loss: 3.7294, NLL: 3.7294, Coverage: 0.0000
  Batch 3010/4162, Loss: 3.9869, NLL: 3.9869, Coverage: 0.0000
  Batch 3020/4162, Loss: 3.8456, NLL: 3.8456, Coverage: 0.0000
  Batch 3030/4162, Loss: 3.5412, NLL: 3.5412, Coverage: 0.0000
  Batch 3040/4162, Loss: 3.9957, NLL: 3.9957, Coverage: 0.0000
  Batch 3050/4162, Loss: 4.2353, NLL: 4.2353, Coverage: 0.0000
  Batch 3060/4162, Loss: 3.5700, NLL: 3.5700, Coverage: 0.0000
  Batch 3070/4162, Loss: 4.1590, NLL: 4.1590, Coverage: 0.0000
  Batch 3080/4162, Loss: 3.9592, NLL: 3.9592, Coverage: 0.0000
  Batch 3090/4162, Loss: 4.3717, NLL: 4.3717, Coverage: 0.0000
  Batch 3100/4162, Loss: 4.0073, NLL: 4.0073, Coverage: 0.0000
  Batch 3110/4162, Loss: 3.8860, NLL: 3.8860, Coverage: 0.0000
  Batch 3120/4162, Loss: 3.8259, NLL: 3.8259, Coverage: 0.0000
  Batch 3130/4162, Loss: 3.4433, NLL: 3.4433, Coverage: 0.0000
  Batch 3140/4162, Loss: 4.1268, NLL: 4.1268, Coverage: 0.0000
  Batch 3150/4162, Loss: 4.1262, NLL: 4.1262, Coverage: 0.0000
  Batch 3160/4162, Loss: 4.1718, NLL: 4.1718, Coverage: 0.0000
  Batch 3170/4162, Loss: 4.3739, NLL: 4.3739, Coverage: 0.0000
  Batch 3180/4162, Loss: 3.5995, NLL: 3.5995, Coverage: 0.0000
  Batch 3190/4162, Loss: 4.0344, NLL: 4.0344, Coverage: 0.0000
  Batch 3200/4162, Loss: 3.9011, NLL: 3.9011, Coverage: 0.0000
  Batch 3210/4162, Loss: 3.9338, NLL: 3.9338, Coverage: 0.0000
  Batch 3220/4162, Loss: 3.9686, NLL: 3.9686, Coverage: 0.0000
  Batch 3230/4162, Loss: 3.8715, NLL: 3.8715, Coverage: 0.0000
  Batch 3240/4162, Loss: 3.9782, NLL: 3.9782, Coverage: 0.0000
  Batch 3250/4162, Loss: 3.9252, NLL: 3.9252, Coverage: 0.0000
  Batch 3260/4162, Loss: 4.1218, NLL: 4.1218, Coverage: 0.0000
  Batch 3270/4162, Loss: 3.5380, NLL: 3.5380, Coverage: 0.0000
  Batch 3280/4162, Loss: 4.0041, NLL: 4.0041, Coverage: 0.0000
  Batch 3290/4162, Loss: 4.2001, NLL: 4.2001, Coverage: 0.0000
  Batch 3300/4162, Loss: 3.9348, NLL: 3.9348, Coverage: 0.0000
  Batch 3310/4162, Loss: 4.0076, NLL: 4.0076, Coverage: 0.0000
  Batch 3320/4162, Loss: 4.0966, NLL: 4.0966, Coverage: 0.0000
  Batch 3330/4162, Loss: 3.9656, NLL: 3.9656, Coverage: 0.0000
  Batch 3340/4162, Loss: 3.7665, NLL: 3.7665, Coverage: 0.0000
  Batch 3350/4162, Loss: 4.1136, NLL: 4.1136, Coverage: 0.0000
  Batch 3360/4162, Loss: 4.0966, NLL: 4.0966, Coverage: 0.0000
  Batch 3370/4162, Loss: 4.0264, NLL: 4.0264, Coverage: 0.0000
  Batch 3380/4162, Loss: 3.9720, NLL: 3.9720, Coverage: 0.0000
  Batch 3390/4162, Loss: 3.9936, NLL: 3.9936, Coverage: 0.0000
  Batch 3400/4162, Loss: 4.0999, NLL: 4.0999, Coverage: 0.0000
  Batch 3410/4162, Loss: 4.0369, NLL: 4.0369, Coverage: 0.0000
  Batch 3420/4162, Loss: 3.8969, NLL: 3.8969, Coverage: 0.0000
  Batch 3430/4162, Loss: 3.8691, NLL: 3.8691, Coverage: 0.0000
  Batch 3440/4162, Loss: 4.0470, NLL: 4.0470, Coverage: 0.0000
  Batch 3450/4162, Loss: 3.9670, NLL: 3.9670, Coverage: 0.0000
  Batch 3460/4162, Loss: 4.2963, NLL: 4.2963, Coverage: 0.0000
  Batch 3470/4162, Loss: 4.0220, NLL: 4.0220, Coverage: 0.0000
  Batch 3480/4162, Loss: 4.0361, NLL: 4.0361, Coverage: 0.0000
  Batch 3490/4162, Loss: 4.0261, NLL: 4.0261, Coverage: 0.0000
  Batch 3500/4162, Loss: 3.6429, NLL: 3.6429, Coverage: 0.0000
  Batch 3510/4162, Loss: 3.3899, NLL: 3.3899, Coverage: 0.0000
  Batch 3520/4162, Loss: 4.0827, NLL: 4.0827, Coverage: 0.0000
  Batch 3530/4162, Loss: 3.8862, NLL: 3.8862, Coverage: 0.0000
  Batch 3540/4162, Loss: 4.2520, NLL: 4.2520, Coverage: 0.0000
  Batch 3550/4162, Loss: 4.2814, NLL: 4.2814, Coverage: 0.0000
  Batch 3560/4162, Loss: 4.2303, NLL: 4.2303, Coverage: 0.0000
  Batch 3570/4162, Loss: 4.0489, NLL: 4.0489, Coverage: 0.0000
  Batch 3580/4162, Loss: 3.8566, NLL: 3.8566, Coverage: 0.0000
  Batch 3590/4162, Loss: 4.1268, NLL: 4.1268, Coverage: 0.0000
  Batch 3600/4162, Loss: 3.6041, NLL: 3.6041, Coverage: 0.0000
  Batch 3610/4162, Loss: 4.3292, NLL: 4.3292, Coverage: 0.0000
  Batch 3620/4162, Loss: 4.0055, NLL: 4.0055, Coverage: 0.0000
  Batch 3630/4162, Loss: 3.8822, NLL: 3.8822, Coverage: 0.0000
  Batch 3640/4162, Loss: 4.5373, NLL: 4.5373, Coverage: 0.0000
  Batch 3650/4162, Loss: 3.9666, NLL: 3.9666, Coverage: 0.0000
  Batch 3660/4162, Loss: 4.1708, NLL: 4.1708, Coverage: 0.0000
  Batch 3670/4162, Loss: 3.7097, NLL: 3.7097, Coverage: 0.0000
  Batch 3680/4162, Loss: 3.6660, NLL: 3.6660, Coverage: 0.0000
  Batch 3690/4162, Loss: 3.6919, NLL: 3.6919, Coverage: 0.0000
  Batch 3700/4162, Loss: 4.2612, NLL: 4.2612, Coverage: 0.0000
  Batch 3710/4162, Loss: 3.7681, NLL: 3.7681, Coverage: 0.0000
  Batch 3720/4162, Loss: 3.9414, NLL: 3.9414, Coverage: 0.0000
  Batch 3730/4162, Loss: 4.1731, NLL: 4.1731, Coverage: 0.0000
  Batch 3740/4162, Loss: 3.9273, NLL: 3.9273, Coverage: 0.0000
  Batch 3750/4162, Loss: 3.5111, NLL: 3.5111, Coverage: 0.0000
  Batch 3760/4162, Loss: 4.1985, NLL: 4.1985, Coverage: 0.0000
  Batch 3770/4162, Loss: 3.8174, NLL: 3.8174, Coverage: 0.0000
  Batch 3780/4162, Loss: 4.0066, NLL: 4.0066, Coverage: 0.0000
  Batch 3790/4162, Loss: 4.3513, NLL: 4.3513, Coverage: 0.0000
  Batch 3800/4162, Loss: 4.2136, NLL: 4.2136, Coverage: 0.0000
  Batch 3810/4162, Loss: 3.8901, NLL: 3.8901, Coverage: 0.0000
  Batch 3820/4162, Loss: 4.3461, NLL: 4.3461, Coverage: 0.0000
  Batch 3830/4162, Loss: 3.4371, NLL: 3.4371, Coverage: 0.0000
  Batch 3840/4162, Loss: 3.8763, NLL: 3.8763, Coverage: 0.0000
  Batch 3850/4162, Loss: 3.7080, NLL: 3.7080, Coverage: 0.0000
  Batch 3860/4162, Loss: 3.6140, NLL: 3.6140, Coverage: 0.0000
  Batch 3870/4162, Loss: 3.5931, NLL: 3.5931, Coverage: 0.0000
  Batch 3880/4162, Loss: 3.9244, NLL: 3.9244, Coverage: 0.0000
  Batch 3890/4162, Loss: 4.2959, NLL: 4.2959, Coverage: 0.0000
  Batch 3900/4162, Loss: 3.4524, NLL: 3.4524, Coverage: 0.0000
  Batch 3910/4162, Loss: 4.3823, NLL: 4.3823, Coverage: 0.0000
  Batch 3920/4162, Loss: 4.3775, NLL: 4.3775, Coverage: 0.0000
  Batch 3930/4162, Loss: 4.1989, NLL: 4.1989, Coverage: 0.0000
  Batch 3940/4162, Loss: 3.5739, NLL: 3.5739, Coverage: 0.0000
  Batch 3950/4162, Loss: 3.9122, NLL: 3.9122, Coverage: 0.0000
  Batch 3960/4162, Loss: 4.1474, NLL: 4.1474, Coverage: 0.0000
  Batch 3970/4162, Loss: 4.0315, NLL: 4.0315, Coverage: 0.0000
  Batch 3980/4162, Loss: 4.3780, NLL: 4.3780, Coverage: 0.0000
  Batch 3990/4162, Loss: 3.8725, NLL: 3.8725, Coverage: 0.0000
  Batch 4000/4162, Loss: 4.1914, NLL: 4.1914, Coverage: 0.0000
  Batch 4010/4162, Loss: 3.5670, NLL: 3.5670, Coverage: 0.0000
  Batch 4020/4162, Loss: 4.0665, NLL: 4.0665, Coverage: 0.0000
  Batch 4030/4162, Loss: 3.0630, NLL: 3.0630, Coverage: 0.0000
  Batch 4040/4162, Loss: 4.0381, NLL: 4.0381, Coverage: 0.0000
  Batch 4050/4162, Loss: 4.5415, NLL: 4.5415, Coverage: 0.0000
  Batch 4060/4162, Loss: 4.1302, NLL: 4.1302, Coverage: 0.0000
  Batch 4070/4162, Loss: 4.2938, NLL: 4.2938, Coverage: 0.0000
  Batch 4080/4162, Loss: 3.9489, NLL: 3.9489, Coverage: 0.0000
  Batch 4090/4162, Loss: 4.0646, NLL: 4.0646, Coverage: 0.0000
  Batch 4100/4162, Loss: 4.4797, NLL: 4.4797, Coverage: 0.0000
  Batch 4110/4162, Loss: 3.9693, NLL: 3.9693, Coverage: 0.0000
  Batch 4120/4162, Loss: 4.3007, NLL: 4.3007, Coverage: 0.0000
  Batch 4130/4162, Loss: 4.0637, NLL: 4.0637, Coverage: 0.0000
  Batch 4140/4162, Loss: 4.2739, NLL: 4.2739, Coverage: 0.0000
  Batch 4150/4162, Loss: 4.0610, NLL: 4.0610, Coverage: 0.0000
  Batch 4160/4162, Loss: 4.5952, NLL: 4.5952, Coverage: 0.0000

  Train Loss: 3.9928 (NLL: 3.9928, Coverage: 0.0000)
  Val Loss: 6.4362 (NLL: 6.4362, Coverage: 0.0000)
  Time: 28m 56s

Epoch 17/20
----------------------------------------
  Batch 10/4162, Loss: 3.9275, NLL: 3.9275, Coverage: 0.0000
  Batch 20/4162, Loss: 3.8709, NLL: 3.8709, Coverage: 0.0000
  Batch 30/4162, Loss: 3.8633, NLL: 3.8633, Coverage: 0.0000
  Batch 40/4162, Loss: 4.0108, NLL: 4.0108, Coverage: 0.0000
  Batch 50/4162, Loss: 3.9228, NLL: 3.9228, Coverage: 0.0000
  Batch 60/4162, Loss: 3.6040, NLL: 3.6040, Coverage: 0.0000
  Batch 70/4162, Loss: 3.9226, NLL: 3.9226, Coverage: 0.0000
  Batch 80/4162, Loss: 4.0854, NLL: 4.0854, Coverage: 0.0000
  Batch 90/4162, Loss: 3.9478, NLL: 3.9478, Coverage: 0.0000
  Batch 100/4162, Loss: 3.7503, NLL: 3.7503, Coverage: 0.0000
  Batch 110/4162, Loss: 4.3016, NLL: 4.3016, Coverage: 0.0000
  Batch 120/4162, Loss: 3.9407, NLL: 3.9407, Coverage: 0.0000
  Batch 130/4162, Loss: 3.8638, NLL: 3.8638, Coverage: 0.0000
  Batch 140/4162, Loss: 3.9535, NLL: 3.9535, Coverage: 0.0000
  Batch 150/4162, Loss: 3.9068, NLL: 3.9068, Coverage: 0.0000
  Batch 160/4162, Loss: 3.8184, NLL: 3.8184, Coverage: 0.0000
  Batch 170/4162, Loss: 3.5108, NLL: 3.5108, Coverage: 0.0000
  Batch 180/4162, Loss: 3.7047, NLL: 3.7047, Coverage: 0.0000
  Batch 190/4162, Loss: 4.2794, NLL: 4.2794, Coverage: 0.0000
  Batch 200/4162, Loss: 4.2044, NLL: 4.2044, Coverage: 0.0000
  Batch 210/4162, Loss: 3.8853, NLL: 3.8853, Coverage: 0.0000
  Batch 220/4162, Loss: 4.0750, NLL: 4.0750, Coverage: 0.0000
  Batch 230/4162, Loss: 4.0003, NLL: 4.0003, Coverage: 0.0000
  Batch 240/4162, Loss: 4.1038, NLL: 4.1038, Coverage: 0.0000
  Batch 250/4162, Loss: 3.6109, NLL: 3.6109, Coverage: 0.0000
  Batch 260/4162, Loss: 4.0688, NLL: 4.0688, Coverage: 0.0000
  Batch 270/4162, Loss: 3.7271, NLL: 3.7271, Coverage: 0.0000
  Batch 280/4162, Loss: 3.7527, NLL: 3.7527, Coverage: 0.0000
  Batch 290/4162, Loss: 3.6841, NLL: 3.6841, Coverage: 0.0000
  Batch 300/4162, Loss: 3.6253, NLL: 3.6253, Coverage: 0.0000
  Batch 310/4162, Loss: 3.9202, NLL: 3.9202, Coverage: 0.0000
  Batch 320/4162, Loss: 4.1117, NLL: 4.1117, Coverage: 0.0000
  Batch 330/4162, Loss: 4.0885, NLL: 4.0885, Coverage: 0.0000
  Batch 340/4162, Loss: 3.9178, NLL: 3.9178, Coverage: 0.0000
  Batch 350/4162, Loss: 3.6921, NLL: 3.6921, Coverage: 0.0000
  Batch 360/4162, Loss: 3.5337, NLL: 3.5337, Coverage: 0.0000
  Batch 370/4162, Loss: 4.4273, NLL: 4.4273, Coverage: 0.0000
  Batch 380/4162, Loss: 3.5856, NLL: 3.5856, Coverage: 0.0000
  Batch 390/4162, Loss: 4.1460, NLL: 4.1460, Coverage: 0.0000
  Batch 400/4162, Loss: 3.9193, NLL: 3.9193, Coverage: 0.0000
  Batch 410/4162, Loss: 3.9415, NLL: 3.9415, Coverage: 0.0000
  Batch 420/4162, Loss: 3.8995, NLL: 3.8995, Coverage: 0.0000
  Batch 430/4162, Loss: 4.5963, NLL: 4.5963, Coverage: 0.0000
  Batch 440/4162, Loss: 4.0675, NLL: 4.0675, Coverage: 0.0000
  Batch 450/4162, Loss: 4.0730, NLL: 4.0730, Coverage: 0.0000
  Batch 460/4162, Loss: 3.9079, NLL: 3.9079, Coverage: 0.0000
  Batch 470/4162, Loss: 4.0867, NLL: 4.0867, Coverage: 0.0000
  Batch 480/4162, Loss: 3.9290, NLL: 3.9290, Coverage: 0.0000
  Batch 490/4162, Loss: 3.8988, NLL: 3.8988, Coverage: 0.0000
  Batch 500/4162, Loss: 3.7166, NLL: 3.7166, Coverage: 0.0000
  Batch 510/4162, Loss: 3.7751, NLL: 3.7751, Coverage: 0.0000
  Batch 520/4162, Loss: 4.0281, NLL: 4.0281, Coverage: 0.0000
  Batch 530/4162, Loss: 4.0781, NLL: 4.0781, Coverage: 0.0000
  Batch 540/4162, Loss: 4.5480, NLL: 4.5480, Coverage: 0.0000
  Batch 550/4162, Loss: 4.0574, NLL: 4.0574, Coverage: 0.0000
  Batch 560/4162, Loss: 4.0420, NLL: 4.0420, Coverage: 0.0000
  Batch 570/4162, Loss: 4.0611, NLL: 4.0611, Coverage: 0.0000
  Batch 580/4162, Loss: 4.7600, NLL: 4.7600, Coverage: 0.0000
  Batch 590/4162, Loss: 4.2071, NLL: 4.2071, Coverage: 0.0000
  Batch 600/4162, Loss: 3.7361, NLL: 3.7361, Coverage: 0.0000
  Batch 610/4162, Loss: 4.1373, NLL: 4.1373, Coverage: 0.0000
  Batch 620/4162, Loss: 3.8494, NLL: 3.8494, Coverage: 0.0000
  Batch 630/4162, Loss: 4.0308, NLL: 4.0308, Coverage: 0.0000
  Batch 640/4162, Loss: 4.2167, NLL: 4.2167, Coverage: 0.0000
  Batch 650/4162, Loss: 4.2936, NLL: 4.2936, Coverage: 0.0000
  Batch 660/4162, Loss: 4.1171, NLL: 4.1171, Coverage: 0.0000
  Batch 670/4162, Loss: 4.1810, NLL: 4.1810, Coverage: 0.0000
  Batch 680/4162, Loss: 3.6503, NLL: 3.6503, Coverage: 0.0000
  Batch 690/4162, Loss: 4.1945, NLL: 4.1945, Coverage: 0.0000
  Batch 700/4162, Loss: 3.6573, NLL: 3.6573, Coverage: 0.0000
  Batch 710/4162, Loss: 4.3117, NLL: 4.3117, Coverage: 0.0000
  Batch 720/4162, Loss: 4.0406, NLL: 4.0406, Coverage: 0.0000
  Batch 730/4162, Loss: 4.3941, NLL: 4.3941, Coverage: 0.0000
  Batch 740/4162, Loss: 3.8799, NLL: 3.8799, Coverage: 0.0000
  Batch 750/4162, Loss: 4.2227, NLL: 4.2227, Coverage: 0.0000
  Batch 760/4162, Loss: 4.2668, NLL: 4.2668, Coverage: 0.0000
  Batch 770/4162, Loss: 3.8921, NLL: 3.8921, Coverage: 0.0000
  Batch 780/4162, Loss: 4.1575, NLL: 4.1575, Coverage: 0.0000
  Batch 790/4162, Loss: 3.9374, NLL: 3.9374, Coverage: 0.0000
  Batch 800/4162, Loss: 3.7340, NLL: 3.7340, Coverage: 0.0000
  Batch 810/4162, Loss: 3.9152, NLL: 3.9152, Coverage: 0.0000
  Batch 820/4162, Loss: 3.9699, NLL: 3.9699, Coverage: 0.0000
  Batch 830/4162, Loss: 3.5635, NLL: 3.5635, Coverage: 0.0000
  Batch 840/4162, Loss: 3.5037, NLL: 3.5037, Coverage: 0.0000
  Batch 850/4162, Loss: 3.8059, NLL: 3.8059, Coverage: 0.0000
  Batch 860/4162, Loss: 3.7486, NLL: 3.7486, Coverage: 0.0000
  Batch 870/4162, Loss: 4.4376, NLL: 4.4376, Coverage: 0.0000
  Batch 880/4162, Loss: 3.7959, NLL: 3.7959, Coverage: 0.0000
  Batch 890/4162, Loss: 4.0211, NLL: 4.0211, Coverage: 0.0000
  Batch 900/4162, Loss: 3.8615, NLL: 3.8615, Coverage: 0.0000
  Batch 910/4162, Loss: 3.6295, NLL: 3.6295, Coverage: 0.0000
  Batch 920/4162, Loss: 3.6131, NLL: 3.6131, Coverage: 0.0000
  Batch 930/4162, Loss: 4.0606, NLL: 4.0606, Coverage: 0.0000
  Batch 940/4162, Loss: 4.3175, NLL: 4.3175, Coverage: 0.0000
  Batch 950/4162, Loss: 4.3760, NLL: 4.3760, Coverage: 0.0000
  Batch 960/4162, Loss: 3.9059, NLL: 3.9059, Coverage: 0.0000
  Batch 970/4162, Loss: 4.1503, NLL: 4.1503, Coverage: 0.0000
  Batch 980/4162, Loss: 3.5074, NLL: 3.5074, Coverage: 0.0000
  Batch 990/4162, Loss: 3.9872, NLL: 3.9872, Coverage: 0.0000
  Batch 1000/4162, Loss: 3.6726, NLL: 3.6726, Coverage: 0.0000
  Batch 1010/4162, Loss: 3.6490, NLL: 3.6490, Coverage: 0.0000
  Batch 1020/4162, Loss: 4.0986, NLL: 4.0986, Coverage: 0.0000
  Batch 1030/4162, Loss: 3.6281, NLL: 3.6281, Coverage: 0.0000
  Batch 1040/4162, Loss: 3.9967, NLL: 3.9967, Coverage: 0.0000
  Batch 1050/4162, Loss: 3.9435, NLL: 3.9435, Coverage: 0.0000
  Batch 1060/4162, Loss: 3.9594, NLL: 3.9594, Coverage: 0.0000
  Batch 1070/4162, Loss: 4.0749, NLL: 4.0749, Coverage: 0.0000
  Batch 1080/4162, Loss: 4.1875, NLL: 4.1875, Coverage: 0.0000
  Batch 1090/4162, Loss: 3.7605, NLL: 3.7605, Coverage: 0.0000
  Batch 1100/4162, Loss: 3.8683, NLL: 3.8683, Coverage: 0.0000
  Batch 1110/4162, Loss: 4.3804, NLL: 4.3804, Coverage: 0.0000
  Batch 1120/4162, Loss: 4.1816, NLL: 4.1816, Coverage: 0.0000
  Batch 1130/4162, Loss: 3.7583, NLL: 3.7583, Coverage: 0.0000
  Batch 1140/4162, Loss: 4.0956, NLL: 4.0956, Coverage: 0.0000
  Batch 1150/4162, Loss: 4.2227, NLL: 4.2227, Coverage: 0.0000
  Batch 1160/4162, Loss: 3.6907, NLL: 3.6907, Coverage: 0.0000
  Batch 1170/4162, Loss: 4.1124, NLL: 4.1124, Coverage: 0.0000
  Batch 1180/4162, Loss: 4.5284, NLL: 4.5284, Coverage: 0.0000
  Batch 1190/4162, Loss: 4.2284, NLL: 4.2284, Coverage: 0.0000
  Batch 1200/4162, Loss: 4.1096, NLL: 4.1096, Coverage: 0.0000
  Batch 1210/4162, Loss: 3.7362, NLL: 3.7362, Coverage: 0.0000
  Batch 1220/4162, Loss: 3.2699, NLL: 3.2699, Coverage: 0.0000
  Batch 1230/4162, Loss: 3.9106, NLL: 3.9106, Coverage: 0.0000
  Batch 1240/4162, Loss: 3.8428, NLL: 3.8428, Coverage: 0.0000
  Batch 1250/4162, Loss: 3.4585, NLL: 3.4585, Coverage: 0.0000
  Batch 1260/4162, Loss: 3.9921, NLL: 3.9921, Coverage: 0.0000
  Batch 1270/4162, Loss: 4.1240, NLL: 4.1240, Coverage: 0.0000
  Batch 1280/4162, Loss: 3.7277, NLL: 3.7277, Coverage: 0.0000
  Batch 1290/4162, Loss: 4.3811, NLL: 4.3811, Coverage: 0.0000
  Batch 1300/4162, Loss: 4.2386, NLL: 4.2386, Coverage: 0.0000
  Batch 1310/4162, Loss: 4.0825, NLL: 4.0825, Coverage: 0.0000
  Batch 1320/4162, Loss: 4.0988, NLL: 4.0988, Coverage: 0.0000
  Batch 1330/4162, Loss: 4.1124, NLL: 4.1124, Coverage: 0.0000
  Batch 1340/4162, Loss: 3.8515, NLL: 3.8515, Coverage: 0.0000
  Batch 1350/4162, Loss: 4.1074, NLL: 4.1074, Coverage: 0.0000
  Batch 1360/4162, Loss: 4.2357, NLL: 4.2357, Coverage: 0.0000
  Batch 1370/4162, Loss: 3.7554, NLL: 3.7554, Coverage: 0.0000
  Batch 1380/4162, Loss: 3.9359, NLL: 3.9359, Coverage: 0.0000
  Batch 1390/4162, Loss: 3.9672, NLL: 3.9672, Coverage: 0.0000
  Batch 1400/4162, Loss: 4.0278, NLL: 4.0278, Coverage: 0.0000
  Batch 1410/4162, Loss: 3.7292, NLL: 3.7292, Coverage: 0.0000
  Batch 1420/4162, Loss: 3.4440, NLL: 3.4440, Coverage: 0.0000
  Batch 1430/4162, Loss: 4.2089, NLL: 4.2089, Coverage: 0.0000
  Batch 1440/4162, Loss: 4.0241, NLL: 4.0241, Coverage: 0.0000
  Batch 1450/4162, Loss: 4.0044, NLL: 4.0044, Coverage: 0.0000
  Batch 1460/4162, Loss: 4.3332, NLL: 4.3332, Coverage: 0.0000
  Batch 1470/4162, Loss: 4.1620, NLL: 4.1620, Coverage: 0.0000
  Batch 1480/4162, Loss: 3.9811, NLL: 3.9811, Coverage: 0.0000
  Batch 1490/4162, Loss: 4.1268, NLL: 4.1268, Coverage: 0.0000
  Batch 1500/4162, Loss: 4.1759, NLL: 4.1759, Coverage: 0.0000
  Batch 1510/4162, Loss: 3.9631, NLL: 3.9631, Coverage: 0.0000
  Batch 1520/4162, Loss: 4.0799, NLL: 4.0799, Coverage: 0.0000
  Batch 1530/4162, Loss: 4.1243, NLL: 4.1243, Coverage: 0.0000
  Batch 1540/4162, Loss: 3.9368, NLL: 3.9368, Coverage: 0.0000
  Batch 1550/4162, Loss: 4.0490, NLL: 4.0490, Coverage: 0.0000
  Batch 1560/4162, Loss: 3.5653, NLL: 3.5653, Coverage: 0.0000
  Batch 1570/4162, Loss: 4.1834, NLL: 4.1834, Coverage: 0.0000
  Batch 1580/4162, Loss: 4.2963, NLL: 4.2963, Coverage: 0.0000
  Batch 1590/4162, Loss: 4.3965, NLL: 4.3965, Coverage: 0.0000
  Batch 1600/4162, Loss: 4.0758, NLL: 4.0758, Coverage: 0.0000
  Batch 1610/4162, Loss: 3.5637, NLL: 3.5637, Coverage: 0.0000
  Batch 1620/4162, Loss: 4.0466, NLL: 4.0466, Coverage: 0.0000
  Batch 1630/4162, Loss: 3.7519, NLL: 3.7519, Coverage: 0.0000
  Batch 1640/4162, Loss: 4.0250, NLL: 4.0250, Coverage: 0.0000
  Batch 1650/4162, Loss: 4.0294, NLL: 4.0294, Coverage: 0.0000
  Batch 1660/4162, Loss: 4.0653, NLL: 4.0653, Coverage: 0.0000
  Batch 1670/4162, Loss: 4.3011, NLL: 4.3011, Coverage: 0.0000
  Batch 1680/4162, Loss: 4.2670, NLL: 4.2670, Coverage: 0.0000
  Batch 1690/4162, Loss: 4.0468, NLL: 4.0468, Coverage: 0.0000
  Batch 1700/4162, Loss: 3.9570, NLL: 3.9570, Coverage: 0.0000
  Batch 1710/4162, Loss: 3.7821, NLL: 3.7821, Coverage: 0.0000
  Batch 1720/4162, Loss: 4.1004, NLL: 4.1004, Coverage: 0.0000
  Batch 1730/4162, Loss: 3.5609, NLL: 3.5609, Coverage: 0.0000
  Batch 1740/4162, Loss: 4.1987, NLL: 4.1987, Coverage: 0.0000
  Batch 1750/4162, Loss: 3.6669, NLL: 3.6669, Coverage: 0.0000
  Batch 1760/4162, Loss: 3.9151, NLL: 3.9151, Coverage: 0.0000
  Batch 1770/4162, Loss: 3.8180, NLL: 3.8180, Coverage: 0.0000
  Batch 1780/4162, Loss: 3.8768, NLL: 3.8768, Coverage: 0.0000
  Batch 1790/4162, Loss: 4.2971, NLL: 4.2971, Coverage: 0.0000
  Batch 1800/4162, Loss: 3.7645, NLL: 3.7645, Coverage: 0.0000
  Batch 1810/4162, Loss: 3.9789, NLL: 3.9789, Coverage: 0.0000
  Batch 1820/4162, Loss: 4.3188, NLL: 4.3188, Coverage: 0.0000
  Batch 1830/4162, Loss: 3.8393, NLL: 3.8393, Coverage: 0.0000
  Batch 1840/4162, Loss: 3.8371, NLL: 3.8371, Coverage: 0.0000
  Batch 1850/4162, Loss: 3.7870, NLL: 3.7870, Coverage: 0.0000
  Batch 1860/4162, Loss: 3.7857, NLL: 3.7857, Coverage: 0.0000
  Batch 1870/4162, Loss: 4.0118, NLL: 4.0118, Coverage: 0.0000
  Batch 1880/4162, Loss: 3.8240, NLL: 3.8240, Coverage: 0.0000
  Batch 1890/4162, Loss: 4.0581, NLL: 4.0581, Coverage: 0.0000
  Batch 1900/4162, Loss: 3.9952, NLL: 3.9952, Coverage: 0.0000
  Batch 1910/4162, Loss: 4.4533, NLL: 4.4533, Coverage: 0.0000
  Batch 1920/4162, Loss: 4.3245, NLL: 4.3245, Coverage: 0.0000
  Batch 1930/4162, Loss: 3.8841, NLL: 3.8841, Coverage: 0.0000
  Batch 1940/4162, Loss: 4.0776, NLL: 4.0776, Coverage: 0.0000
  Batch 1950/4162, Loss: 4.2885, NLL: 4.2885, Coverage: 0.0000
  Batch 1960/4162, Loss: 4.2563, NLL: 4.2563, Coverage: 0.0000
  Batch 1970/4162, Loss: 4.2262, NLL: 4.2262, Coverage: 0.0000
  Batch 1980/4162, Loss: 4.2033, NLL: 4.2033, Coverage: 0.0000
  Batch 1990/4162, Loss: 3.6967, NLL: 3.6967, Coverage: 0.0000
  Batch 2000/4162, Loss: 3.7662, NLL: 3.7662, Coverage: 0.0000
  Batch 2010/4162, Loss: 3.6511, NLL: 3.6511, Coverage: 0.0000
  Batch 2020/4162, Loss: 3.9915, NLL: 3.9915, Coverage: 0.0000
  Batch 2030/4162, Loss: 4.4121, NLL: 4.4121, Coverage: 0.0000
  Batch 2040/4162, Loss: 3.6262, NLL: 3.6262, Coverage: 0.0000
  Batch 2050/4162, Loss: 4.0886, NLL: 4.0886, Coverage: 0.0000
  Batch 2060/4162, Loss: 3.9590, NLL: 3.9590, Coverage: 0.0000
  Batch 2070/4162, Loss: 3.9355, NLL: 3.9355, Coverage: 0.0000
  Batch 2080/4162, Loss: 4.1929, NLL: 4.1929, Coverage: 0.0000
  Batch 2090/4162, Loss: 3.7753, NLL: 3.7753, Coverage: 0.0000
  Batch 2100/4162, Loss: 3.6609, NLL: 3.6609, Coverage: 0.0000
  Batch 2110/4162, Loss: 3.9595, NLL: 3.9595, Coverage: 0.0000
  Batch 2120/4162, Loss: 3.8322, NLL: 3.8322, Coverage: 0.0000
  Batch 2130/4162, Loss: 3.9306, NLL: 3.9306, Coverage: 0.0000
  Batch 2140/4162, Loss: 3.7897, NLL: 3.7897, Coverage: 0.0000
  Batch 2150/4162, Loss: 3.7655, NLL: 3.7655, Coverage: 0.0000
  Batch 2160/4162, Loss: 3.3807, NLL: 3.3807, Coverage: 0.0000
  Batch 2170/4162, Loss: 4.3347, NLL: 4.3347, Coverage: 0.0000
  Batch 2180/4162, Loss: 4.2443, NLL: 4.2443, Coverage: 0.0000
  Batch 2190/4162, Loss: 4.3531, NLL: 4.3531, Coverage: 0.0000
  Batch 2200/4162, Loss: 3.8348, NLL: 3.8348, Coverage: 0.0000
  Batch 2210/4162, Loss: 3.6005, NLL: 3.6005, Coverage: 0.0000
  Batch 2220/4162, Loss: 3.7135, NLL: 3.7135, Coverage: 0.0000
  Batch 2230/4162, Loss: 3.7811, NLL: 3.7811, Coverage: 0.0000
  Batch 2240/4162, Loss: 3.7544, NLL: 3.7544, Coverage: 0.0000
  Batch 2250/4162, Loss: 3.9756, NLL: 3.9756, Coverage: 0.0000
  Batch 2260/4162, Loss: 3.8394, NLL: 3.8394, Coverage: 0.0000
  Batch 2270/4162, Loss: 4.0157, NLL: 4.0157, Coverage: 0.0000
  Batch 2280/4162, Loss: 4.2242, NLL: 4.2242, Coverage: 0.0000
  Batch 2290/4162, Loss: 3.3881, NLL: 3.3881, Coverage: 0.0000
  Batch 2300/4162, Loss: 4.1407, NLL: 4.1407, Coverage: 0.0000
  Batch 2310/4162, Loss: 4.1575, NLL: 4.1575, Coverage: 0.0000
  Batch 2320/4162, Loss: 4.1819, NLL: 4.1819, Coverage: 0.0000
  Batch 2330/4162, Loss: 3.9966, NLL: 3.9966, Coverage: 0.0000
  Batch 2340/4162, Loss: 3.8128, NLL: 3.8128, Coverage: 0.0000
  Batch 2350/4162, Loss: 4.4984, NLL: 4.4984, Coverage: 0.0000
  Batch 2360/4162, Loss: 4.0145, NLL: 4.0145, Coverage: 0.0000
  Batch 2370/4162, Loss: 4.2806, NLL: 4.2806, Coverage: 0.0000
  Batch 2380/4162, Loss: 4.1434, NLL: 4.1434, Coverage: 0.0000
  Batch 2390/4162, Loss: 3.8859, NLL: 3.8859, Coverage: 0.0000
  Batch 2400/4162, Loss: 3.7240, NLL: 3.7240, Coverage: 0.0000
  Batch 2410/4162, Loss: 4.7657, NLL: 4.7657, Coverage: 0.0000
  Batch 2420/4162, Loss: 3.9204, NLL: 3.9204, Coverage: 0.0000
  Batch 2430/4162, Loss: 4.0537, NLL: 4.0537, Coverage: 0.0000
  Batch 2440/4162, Loss: 3.9480, NLL: 3.9480, Coverage: 0.0000
  Batch 2450/4162, Loss: 3.9257, NLL: 3.9257, Coverage: 0.0000
  Batch 2460/4162, Loss: 4.2429, NLL: 4.2429, Coverage: 0.0000
  Batch 2470/4162, Loss: 4.0089, NLL: 4.0089, Coverage: 0.0000
  Batch 2480/4162, Loss: 3.9049, NLL: 3.9049, Coverage: 0.0000
  Batch 2490/4162, Loss: 3.7672, NLL: 3.7672, Coverage: 0.0000
  Batch 2500/4162, Loss: 3.9470, NLL: 3.9470, Coverage: 0.0000
  Batch 2510/4162, Loss: 3.8859, NLL: 3.8859, Coverage: 0.0000
  Batch 2520/4162, Loss: 3.6783, NLL: 3.6783, Coverage: 0.0000
  Batch 2530/4162, Loss: 4.3339, NLL: 4.3339, Coverage: 0.0000
  Batch 2540/4162, Loss: 3.6958, NLL: 3.6958, Coverage: 0.0000
  Batch 2550/4162, Loss: 4.6912, NLL: 4.6912, Coverage: 0.0000
  Batch 2560/4162, Loss: 4.0311, NLL: 4.0311, Coverage: 0.0000
  Batch 2570/4162, Loss: 4.5148, NLL: 4.5148, Coverage: 0.0000
  Batch 2580/4162, Loss: 3.6270, NLL: 3.6270, Coverage: 0.0000
  Batch 2590/4162, Loss: 4.5289, NLL: 4.5289, Coverage: 0.0000
  Batch 2600/4162, Loss: 3.7267, NLL: 3.7267, Coverage: 0.0000
  Batch 2610/4162, Loss: 3.7553, NLL: 3.7553, Coverage: 0.0000
  Batch 2620/4162, Loss: 3.9334, NLL: 3.9334, Coverage: 0.0000
  Batch 2630/4162, Loss: 3.7205, NLL: 3.7205, Coverage: 0.0000
  Batch 2640/4162, Loss: 4.2297, NLL: 4.2297, Coverage: 0.0000
  Batch 2650/4162, Loss: 4.0448, NLL: 4.0448, Coverage: 0.0000
  Batch 2660/4162, Loss: 3.6898, NLL: 3.6898, Coverage: 0.0000
  Batch 2670/4162, Loss: 3.8300, NLL: 3.8300, Coverage: 0.0000
  Batch 2680/4162, Loss: 3.6294, NLL: 3.6294, Coverage: 0.0000
  Batch 2690/4162, Loss: 4.4724, NLL: 4.4724, Coverage: 0.0000
  Batch 2700/4162, Loss: 3.6899, NLL: 3.6899, Coverage: 0.0000
  Batch 2710/4162, Loss: 3.9724, NLL: 3.9724, Coverage: 0.0000
  Batch 2720/4162, Loss: 3.8350, NLL: 3.8350, Coverage: 0.0000
  Batch 2730/4162, Loss: 4.1936, NLL: 4.1936, Coverage: 0.0000
  Batch 2740/4162, Loss: 3.7643, NLL: 3.7643, Coverage: 0.0000
  Batch 2750/4162, Loss: 3.6931, NLL: 3.6931, Coverage: 0.0000
  Batch 2760/4162, Loss: 3.9463, NLL: 3.9463, Coverage: 0.0000
  Batch 2770/4162, Loss: 4.3568, NLL: 4.3568, Coverage: 0.0000
  Batch 2780/4162, Loss: 3.8875, NLL: 3.8875, Coverage: 0.0000
  Batch 2790/4162, Loss: 4.0369, NLL: 4.0369, Coverage: 0.0000
  Batch 2800/4162, Loss: 3.4874, NLL: 3.4874, Coverage: 0.0000
  Batch 2810/4162, Loss: 3.6719, NLL: 3.6719, Coverage: 0.0000
  Batch 2820/4162, Loss: 4.1541, NLL: 4.1541, Coverage: 0.0000
  Batch 2830/4162, Loss: 4.0615, NLL: 4.0615, Coverage: 0.0000
  Batch 2840/4162, Loss: 4.1986, NLL: 4.1986, Coverage: 0.0000
  Batch 2850/4162, Loss: 3.9866, NLL: 3.9866, Coverage: 0.0000
  Batch 2860/4162, Loss: 3.9806, NLL: 3.9806, Coverage: 0.0000
  Batch 2870/4162, Loss: 3.5440, NLL: 3.5440, Coverage: 0.0000
  Batch 2880/4162, Loss: 4.0072, NLL: 4.0072, Coverage: 0.0000
  Batch 2890/4162, Loss: 3.6686, NLL: 3.6686, Coverage: 0.0000
  Batch 2900/4162, Loss: 4.0560, NLL: 4.0560, Coverage: 0.0000
  Batch 2910/4162, Loss: 3.9525, NLL: 3.9525, Coverage: 0.0000
  Batch 2920/4162, Loss: 4.1781, NLL: 4.1781, Coverage: 0.0000
  Batch 2930/4162, Loss: 4.3205, NLL: 4.3205, Coverage: 0.0000
  Batch 2940/4162, Loss: 3.7683, NLL: 3.7683, Coverage: 0.0000
  Batch 2950/4162, Loss: 3.8545, NLL: 3.8545, Coverage: 0.0000
  Batch 2960/4162, Loss: 4.1568, NLL: 4.1568, Coverage: 0.0000
  Batch 2970/4162, Loss: 4.6917, NLL: 4.6917, Coverage: 0.0000
  Batch 2980/4162, Loss: 3.9876, NLL: 3.9876, Coverage: 0.0000
  Batch 2990/4162, Loss: 3.8515, NLL: 3.8515, Coverage: 0.0000
  Batch 3000/4162, Loss: 3.8853, NLL: 3.8853, Coverage: 0.0000
  Batch 3010/4162, Loss: 4.2340, NLL: 4.2340, Coverage: 0.0000
  Batch 3020/4162, Loss: 3.8419, NLL: 3.8419, Coverage: 0.0000
  Batch 3030/4162, Loss: 3.8290, NLL: 3.8290, Coverage: 0.0000
  Batch 3040/4162, Loss: 3.9110, NLL: 3.9110, Coverage: 0.0000
  Batch 3050/4162, Loss: 4.2987, NLL: 4.2987, Coverage: 0.0000
  Batch 3060/4162, Loss: 4.1610, NLL: 4.1610, Coverage: 0.0000
  Batch 3070/4162, Loss: 4.0969, NLL: 4.0969, Coverage: 0.0000
  Batch 3080/4162, Loss: 3.8212, NLL: 3.8212, Coverage: 0.0000
  Batch 3090/4162, Loss: 3.8713, NLL: 3.8713, Coverage: 0.0000
  Batch 3100/4162, Loss: 4.1554, NLL: 4.1554, Coverage: 0.0000
  Batch 3110/4162, Loss: 3.9559, NLL: 3.9559, Coverage: 0.0000
  Batch 3120/4162, Loss: 3.7701, NLL: 3.7701, Coverage: 0.0000
  Batch 3130/4162, Loss: 3.6937, NLL: 3.6937, Coverage: 0.0000
  Batch 3140/4162, Loss: 3.7281, NLL: 3.7281, Coverage: 0.0000
  Batch 3150/4162, Loss: 4.4028, NLL: 4.4028, Coverage: 0.0000
  Batch 3160/4162, Loss: 4.2440, NLL: 4.2440, Coverage: 0.0000
  Batch 3170/4162, Loss: 4.1549, NLL: 4.1549, Coverage: 0.0000
  Batch 3180/4162, Loss: 4.6315, NLL: 4.6315, Coverage: 0.0000
  Batch 3190/4162, Loss: 3.9304, NLL: 3.9304, Coverage: 0.0000
  Batch 3200/4162, Loss: 3.7463, NLL: 3.7463, Coverage: 0.0000
  Batch 3210/4162, Loss: 3.8276, NLL: 3.8276, Coverage: 0.0000
  Batch 3220/4162, Loss: 3.8731, NLL: 3.8731, Coverage: 0.0000
  Batch 3230/4162, Loss: 3.6975, NLL: 3.6975, Coverage: 0.0000
  Batch 3240/4162, Loss: 3.6274, NLL: 3.6274, Coverage: 0.0000
  Batch 3250/4162, Loss: 3.8238, NLL: 3.8238, Coverage: 0.0000
  Batch 3260/4162, Loss: 3.8983, NLL: 3.8983, Coverage: 0.0000
  Batch 3270/4162, Loss: 4.1506, NLL: 4.1506, Coverage: 0.0000
  Batch 3280/4162, Loss: 3.7927, NLL: 3.7927, Coverage: 0.0000
  Batch 3290/4162, Loss: 4.1712, NLL: 4.1712, Coverage: 0.0000
  Batch 3300/4162, Loss: 4.2430, NLL: 4.2430, Coverage: 0.0000
  Batch 3310/4162, Loss: 3.5878, NLL: 3.5878, Coverage: 0.0000
  Batch 3320/4162, Loss: 4.1189, NLL: 4.1189, Coverage: 0.0000
  Batch 3330/4162, Loss: 3.9785, NLL: 3.9785, Coverage: 0.0000
  Batch 3340/4162, Loss: 3.9794, NLL: 3.9794, Coverage: 0.0000
  Batch 3350/4162, Loss: 4.2458, NLL: 4.2458, Coverage: 0.0000
  Batch 3360/4162, Loss: 4.2917, NLL: 4.2917, Coverage: 0.0000
  Batch 3370/4162, Loss: 3.5028, NLL: 3.5028, Coverage: 0.0000
  Batch 3380/4162, Loss: 3.8091, NLL: 3.8091, Coverage: 0.0000
  Batch 3390/4162, Loss: 3.7281, NLL: 3.7281, Coverage: 0.0000
  Batch 3400/4162, Loss: 3.9453, NLL: 3.9453, Coverage: 0.0000
  Batch 3410/4162, Loss: 4.2044, NLL: 4.2044, Coverage: 0.0000
  Batch 3420/4162, Loss: 3.6874, NLL: 3.6874, Coverage: 0.0000
  Batch 3430/4162, Loss: 4.4512, NLL: 4.4512, Coverage: 0.0000
  Batch 3440/4162, Loss: 3.9112, NLL: 3.9112, Coverage: 0.0000
  Batch 3450/4162, Loss: 3.7955, NLL: 3.7955, Coverage: 0.0000
  Batch 3460/4162, Loss: 3.8706, NLL: 3.8706, Coverage: 0.0000
  Batch 3470/4162, Loss: 3.7398, NLL: 3.7398, Coverage: 0.0000
  Batch 3480/4162, Loss: 3.6194, NLL: 3.6194, Coverage: 0.0000
  Batch 3490/4162, Loss: 4.0338, NLL: 4.0338, Coverage: 0.0000
  Batch 3500/4162, Loss: 3.8875, NLL: 3.8875, Coverage: 0.0000
  Batch 3510/4162, Loss: 4.2447, NLL: 4.2447, Coverage: 0.0000
  Batch 3520/4162, Loss: 3.9108, NLL: 3.9108, Coverage: 0.0000
  Batch 3530/4162, Loss: 3.7108, NLL: 3.7108, Coverage: 0.0000
  Batch 3540/4162, Loss: 3.7681, NLL: 3.7681, Coverage: 0.0000
  Batch 3550/4162, Loss: 4.4805, NLL: 4.4805, Coverage: 0.0000
  Batch 3560/4162, Loss: 4.0179, NLL: 4.0179, Coverage: 0.0000
  Batch 3570/4162, Loss: 3.7202, NLL: 3.7202, Coverage: 0.0000
  Batch 3580/4162, Loss: 3.8290, NLL: 3.8290, Coverage: 0.0000
  Batch 3590/4162, Loss: 4.1430, NLL: 4.1430, Coverage: 0.0000
  Batch 3600/4162, Loss: 4.2230, NLL: 4.2230, Coverage: 0.0000
  Batch 3610/4162, Loss: 3.7823, NLL: 3.7823, Coverage: 0.0000
  Batch 3620/4162, Loss: 4.5642, NLL: 4.5642, Coverage: 0.0000
  Batch 3630/4162, Loss: 4.3743, NLL: 4.3743, Coverage: 0.0000
  Batch 3640/4162, Loss: 4.0588, NLL: 4.0588, Coverage: 0.0000
  Batch 3650/4162, Loss: 3.7708, NLL: 3.7708, Coverage: 0.0000
  Batch 3660/4162, Loss: 3.7839, NLL: 3.7839, Coverage: 0.0000
  Batch 3670/4162, Loss: 4.2010, NLL: 4.2010, Coverage: 0.0000
  Batch 3680/4162, Loss: 3.8320, NLL: 3.8320, Coverage: 0.0000
  Batch 3690/4162, Loss: 4.4282, NLL: 4.4282, Coverage: 0.0000
  Batch 3700/4162, Loss: 3.9940, NLL: 3.9940, Coverage: 0.0000
  Batch 3710/4162, Loss: 4.1504, NLL: 4.1504, Coverage: 0.0000
  Batch 3720/4162, Loss: 3.8691, NLL: 3.8691, Coverage: 0.0000
  Batch 3730/4162, Loss: 3.5901, NLL: 3.5901, Coverage: 0.0000
  Batch 3740/4162, Loss: 4.2612, NLL: 4.2612, Coverage: 0.0000
  Batch 3750/4162, Loss: 4.0022, NLL: 4.0022, Coverage: 0.0000
  Batch 3760/4162, Loss: 3.7070, NLL: 3.7070, Coverage: 0.0000
  Batch 3770/4162, Loss: 4.5326, NLL: 4.5326, Coverage: 0.0000
  Batch 3780/4162, Loss: 4.0784, NLL: 4.0784, Coverage: 0.0000
  Batch 3790/4162, Loss: 3.6803, NLL: 3.6803, Coverage: 0.0000
  Batch 3800/4162, Loss: 4.3835, NLL: 4.3835, Coverage: 0.0000
  Batch 3810/4162, Loss: 4.0611, NLL: 4.0611, Coverage: 0.0000
  Batch 3820/4162, Loss: 3.8686, NLL: 3.8686, Coverage: 0.0000
  Batch 3830/4162, Loss: 4.0697, NLL: 4.0697, Coverage: 0.0000
  Batch 3840/4162, Loss: 4.2158, NLL: 4.2158, Coverage: 0.0000
  Batch 3850/4162, Loss: 4.5961, NLL: 4.5961, Coverage: 0.0000
  Batch 3860/4162, Loss: 3.7581, NLL: 3.7581, Coverage: 0.0000
  Batch 3870/4162, Loss: 4.2143, NLL: 4.2143, Coverage: 0.0000
  Batch 3880/4162, Loss: 3.5353, NLL: 3.5353, Coverage: 0.0000
  Batch 3890/4162, Loss: 4.0033, NLL: 4.0033, Coverage: 0.0000
  Batch 3900/4162, Loss: 3.8192, NLL: 3.8192, Coverage: 0.0000
  Batch 3910/4162, Loss: 4.4468, NLL: 4.4468, Coverage: 0.0000
  Batch 3920/4162, Loss: 4.0277, NLL: 4.0277, Coverage: 0.0000
  Batch 3930/4162, Loss: 3.5320, NLL: 3.5320, Coverage: 0.0000
  Batch 3940/4162, Loss: 3.6353, NLL: 3.6353, Coverage: 0.0000
  Batch 3950/4162, Loss: 4.0417, NLL: 4.0417, Coverage: 0.0000
  Batch 3960/4162, Loss: 4.0856, NLL: 4.0856, Coverage: 0.0000
  Batch 3970/4162, Loss: 4.1108, NLL: 4.1108, Coverage: 0.0000
  Batch 3980/4162, Loss: 4.1749, NLL: 4.1749, Coverage: 0.0000
  Batch 3990/4162, Loss: 4.3990, NLL: 4.3990, Coverage: 0.0000
  Batch 4000/4162, Loss: 3.5571, NLL: 3.5571, Coverage: 0.0000
  Batch 4010/4162, Loss: 3.8814, NLL: 3.8814, Coverage: 0.0000
  Batch 4020/4162, Loss: 3.9598, NLL: 3.9598, Coverage: 0.0000
  Batch 4030/4162, Loss: 4.0250, NLL: 4.0250, Coverage: 0.0000
  Batch 4040/4162, Loss: 3.7679, NLL: 3.7679, Coverage: 0.0000
  Batch 4050/4162, Loss: 4.0480, NLL: 4.0480, Coverage: 0.0000
  Batch 4060/4162, Loss: 3.6720, NLL: 3.6720, Coverage: 0.0000
  Batch 4070/4162, Loss: 4.1233, NLL: 4.1233, Coverage: 0.0000
  Batch 4080/4162, Loss: 3.8538, NLL: 3.8538, Coverage: 0.0000
  Batch 4090/4162, Loss: 4.3422, NLL: 4.3422, Coverage: 0.0000
  Batch 4100/4162, Loss: 3.9135, NLL: 3.9135, Coverage: 0.0000
  Batch 4110/4162, Loss: 4.0295, NLL: 4.0295, Coverage: 0.0000
  Batch 4120/4162, Loss: 3.9423, NLL: 3.9423, Coverage: 0.0000
  Batch 4130/4162, Loss: 4.2253, NLL: 4.2253, Coverage: 0.0000
  Batch 4140/4162, Loss: 4.3568, NLL: 4.3568, Coverage: 0.0000
  Batch 4150/4162, Loss: 3.6311, NLL: 3.6311, Coverage: 0.0000
  Batch 4160/4162, Loss: 3.1872, NLL: 3.1872, Coverage: 0.0000

  Train Loss: 3.9764 (NLL: 3.9764, Coverage: 0.0000)
  Val Loss: 6.4696 (NLL: 6.4696, Coverage: 0.0000)
  Time: 28m 56s

Epoch 18/20
----------------------------------------
  Batch 10/4162, Loss: 4.2259, NLL: 4.2259, Coverage: 0.0000
  Batch 20/4162, Loss: 3.8468, NLL: 3.8468, Coverage: 0.0000
  Batch 30/4162, Loss: 3.9152, NLL: 3.9152, Coverage: 0.0000
  Batch 40/4162, Loss: 4.0536, NLL: 4.0536, Coverage: 0.0000
  Batch 50/4162, Loss: 3.7905, NLL: 3.7905, Coverage: 0.0000
  Batch 60/4162, Loss: 4.0692, NLL: 4.0692, Coverage: 0.0000
  Batch 70/4162, Loss: 3.8591, NLL: 3.8591, Coverage: 0.0000
  Batch 80/4162, Loss: 3.7241, NLL: 3.7241, Coverage: 0.0000
  Batch 90/4162, Loss: 3.8059, NLL: 3.8059, Coverage: 0.0000
  Batch 100/4162, Loss: 3.6894, NLL: 3.6894, Coverage: 0.0000
  Batch 110/4162, Loss: 4.2262, NLL: 4.2262, Coverage: 0.0000
  Batch 120/4162, Loss: 4.2348, NLL: 4.2348, Coverage: 0.0000
  Batch 130/4162, Loss: 3.5550, NLL: 3.5550, Coverage: 0.0000
  Batch 140/4162, Loss: 4.3205, NLL: 4.3205, Coverage: 0.0000
  Batch 150/4162, Loss: 4.2105, NLL: 4.2105, Coverage: 0.0000
  Batch 160/4162, Loss: 3.8570, NLL: 3.8570, Coverage: 0.0000
  Batch 170/4162, Loss: 4.0598, NLL: 4.0598, Coverage: 0.0000
  Batch 180/4162, Loss: 3.8119, NLL: 3.8119, Coverage: 0.0000
  Batch 190/4162, Loss: 3.8827, NLL: 3.8827, Coverage: 0.0000
  Batch 200/4162, Loss: 4.1428, NLL: 4.1428, Coverage: 0.0000
  Batch 210/4162, Loss: 4.1524, NLL: 4.1524, Coverage: 0.0000
  Batch 220/4162, Loss: 4.1035, NLL: 4.1035, Coverage: 0.0000
  Batch 230/4162, Loss: 4.5512, NLL: 4.5512, Coverage: 0.0000
  Batch 240/4162, Loss: 3.9498, NLL: 3.9498, Coverage: 0.0000
  Batch 250/4162, Loss: 4.7078, NLL: 4.7078, Coverage: 0.0000
  Batch 260/4162, Loss: 3.1907, NLL: 3.1907, Coverage: 0.0000
  Batch 270/4162, Loss: 4.5377, NLL: 4.5377, Coverage: 0.0000
  Batch 280/4162, Loss: 4.1001, NLL: 4.1001, Coverage: 0.0000
  Batch 290/4162, Loss: 3.7820, NLL: 3.7820, Coverage: 0.0000
  Batch 300/4162, Loss: 3.9871, NLL: 3.9871, Coverage: 0.0000
  Batch 310/4162, Loss: 4.1829, NLL: 4.1829, Coverage: 0.0000
  Batch 320/4162, Loss: 3.7416, NLL: 3.7416, Coverage: 0.0000
  Batch 330/4162, Loss: 3.6657, NLL: 3.6657, Coverage: 0.0000
  Batch 340/4162, Loss: 3.7694, NLL: 3.7694, Coverage: 0.0000
  Batch 350/4162, Loss: 3.9060, NLL: 3.9060, Coverage: 0.0000
  Batch 360/4162, Loss: 3.7068, NLL: 3.7068, Coverage: 0.0000
  Batch 370/4162, Loss: 3.7615, NLL: 3.7615, Coverage: 0.0000
  Batch 380/4162, Loss: 3.7438, NLL: 3.7438, Coverage: 0.0000
  Batch 390/4162, Loss: 3.9080, NLL: 3.9080, Coverage: 0.0000
  Batch 400/4162, Loss: 4.0692, NLL: 4.0692, Coverage: 0.0000
  Batch 410/4162, Loss: 4.1442, NLL: 4.1442, Coverage: 0.0000
  Batch 420/4162, Loss: 4.1172, NLL: 4.1172, Coverage: 0.0000
  Batch 430/4162, Loss: 4.2225, NLL: 4.2225, Coverage: 0.0000
  Batch 440/4162, Loss: 4.2956, NLL: 4.2956, Coverage: 0.0000
  Batch 450/4162, Loss: 3.8566, NLL: 3.8566, Coverage: 0.0000
  Batch 460/4162, Loss: 4.0358, NLL: 4.0358, Coverage: 0.0000
  Batch 470/4162, Loss: 3.7391, NLL: 3.7391, Coverage: 0.0000
  Batch 480/4162, Loss: 3.9325, NLL: 3.9325, Coverage: 0.0000
  Batch 490/4162, Loss: 4.2632, NLL: 4.2632, Coverage: 0.0000
  Batch 500/4162, Loss: 3.9789, NLL: 3.9789, Coverage: 0.0000
  Batch 510/4162, Loss: 4.1888, NLL: 4.1888, Coverage: 0.0000
  Batch 520/4162, Loss: 3.8897, NLL: 3.8897, Coverage: 0.0000
  Batch 530/4162, Loss: 4.1678, NLL: 4.1678, Coverage: 0.0000
  Batch 540/4162, Loss: 3.7649, NLL: 3.7649, Coverage: 0.0000
  Batch 550/4162, Loss: 4.0343, NLL: 4.0343, Coverage: 0.0000
  Batch 560/4162, Loss: 3.9831, NLL: 3.9831, Coverage: 0.0000
  Batch 570/4162, Loss: 3.5410, NLL: 3.5410, Coverage: 0.0000
  Batch 580/4162, Loss: 3.9939, NLL: 3.9939, Coverage: 0.0000
  Batch 590/4162, Loss: 3.8375, NLL: 3.8375, Coverage: 0.0000
  Batch 600/4162, Loss: 3.8006, NLL: 3.8006, Coverage: 0.0000
  Batch 610/4162, Loss: 3.9206, NLL: 3.9206, Coverage: 0.0000
  Batch 620/4162, Loss: 4.1533, NLL: 4.1533, Coverage: 0.0000
  Batch 630/4162, Loss: 4.2155, NLL: 4.2155, Coverage: 0.0000
  Batch 640/4162, Loss: 4.2742, NLL: 4.2742, Coverage: 0.0000
  Batch 650/4162, Loss: 4.1427, NLL: 4.1427, Coverage: 0.0000
  Batch 660/4162, Loss: 4.1060, NLL: 4.1060, Coverage: 0.0000
  Batch 670/4162, Loss: 4.1295, NLL: 4.1295, Coverage: 0.0000
  Batch 680/4162, Loss: 3.8378, NLL: 3.8378, Coverage: 0.0000
  Batch 690/4162, Loss: 3.2932, NLL: 3.2932, Coverage: 0.0000
  Batch 700/4162, Loss: 4.0989, NLL: 4.0989, Coverage: 0.0000
  Batch 710/4162, Loss: 3.8809, NLL: 3.8809, Coverage: 0.0000
  Batch 720/4162, Loss: 3.9411, NLL: 3.9411, Coverage: 0.0000
  Batch 730/4162, Loss: 4.0624, NLL: 4.0624, Coverage: 0.0000
  Batch 740/4162, Loss: 4.2816, NLL: 4.2816, Coverage: 0.0000
  Batch 750/4162, Loss: 4.5200, NLL: 4.5200, Coverage: 0.0000
  Batch 760/4162, Loss: 4.2157, NLL: 4.2157, Coverage: 0.0000
  Batch 770/4162, Loss: 4.4992, NLL: 4.4992, Coverage: 0.0000
  Batch 780/4162, Loss: 3.2717, NLL: 3.2717, Coverage: 0.0000
  Batch 790/4162, Loss: 4.3657, NLL: 4.3657, Coverage: 0.0000
  Batch 800/4162, Loss: 3.5939, NLL: 3.5939, Coverage: 0.0000
  Batch 810/4162, Loss: 4.2581, NLL: 4.2581, Coverage: 0.0000
  Batch 820/4162, Loss: 4.2317, NLL: 4.2317, Coverage: 0.0000
  Batch 830/4162, Loss: 3.9445, NLL: 3.9445, Coverage: 0.0000
  Batch 840/4162, Loss: 4.1384, NLL: 4.1384, Coverage: 0.0000
  Batch 850/4162, Loss: 3.8595, NLL: 3.8595, Coverage: 0.0000
  Batch 860/4162, Loss: 3.9221, NLL: 3.9221, Coverage: 0.0000
  Batch 870/4162, Loss: 4.5364, NLL: 4.5364, Coverage: 0.0000
  Batch 880/4162, Loss: 4.1722, NLL: 4.1722, Coverage: 0.0000
  Batch 890/4162, Loss: 3.7312, NLL: 3.7312, Coverage: 0.0000
  Batch 900/4162, Loss: 3.8098, NLL: 3.8098, Coverage: 0.0000
  Batch 910/4162, Loss: 4.0315, NLL: 4.0315, Coverage: 0.0000
  Batch 920/4162, Loss: 4.1996, NLL: 4.1996, Coverage: 0.0000
  Batch 930/4162, Loss: 3.8390, NLL: 3.8390, Coverage: 0.0000
  Batch 940/4162, Loss: 4.1387, NLL: 4.1387, Coverage: 0.0000
  Batch 950/4162, Loss: 3.3633, NLL: 3.3633, Coverage: 0.0000
  Batch 960/4162, Loss: 3.6777, NLL: 3.6777, Coverage: 0.0000
  Batch 970/4162, Loss: 3.8903, NLL: 3.8903, Coverage: 0.0000
  Batch 980/4162, Loss: 4.8270, NLL: 4.8270, Coverage: 0.0000
  Batch 990/4162, Loss: 3.6734, NLL: 3.6734, Coverage: 0.0000
  Batch 1000/4162, Loss: 3.7737, NLL: 3.7737, Coverage: 0.0000
  Batch 1010/4162, Loss: 3.9286, NLL: 3.9286, Coverage: 0.0000
  Batch 1020/4162, Loss: 3.7349, NLL: 3.7349, Coverage: 0.0000
  Batch 1030/4162, Loss: 4.0533, NLL: 4.0533, Coverage: 0.0000
  Batch 1040/4162, Loss: 3.4920, NLL: 3.4920, Coverage: 0.0000
  Batch 1050/4162, Loss: 4.2378, NLL: 4.2378, Coverage: 0.0000
  Batch 1060/4162, Loss: 3.7129, NLL: 3.7129, Coverage: 0.0000
  Batch 1070/4162, Loss: 3.7248, NLL: 3.7248, Coverage: 0.0000
  Batch 1080/4162, Loss: 3.9618, NLL: 3.9618, Coverage: 0.0000
  Batch 1090/4162, Loss: 3.7975, NLL: 3.7975, Coverage: 0.0000
  Batch 1100/4162, Loss: 4.3365, NLL: 4.3365, Coverage: 0.0000
  Batch 1110/4162, Loss: 3.8286, NLL: 3.8286, Coverage: 0.0000
  Batch 1120/4162, Loss: 4.4400, NLL: 4.4400, Coverage: 0.0000
  Batch 1130/4162, Loss: 4.0991, NLL: 4.0991, Coverage: 0.0000
  Batch 1140/4162, Loss: 3.8280, NLL: 3.8280, Coverage: 0.0000
  Batch 1150/4162, Loss: 3.9711, NLL: 3.9711, Coverage: 0.0000
  Batch 1160/4162, Loss: 3.8492, NLL: 3.8492, Coverage: 0.0000
  Batch 1170/4162, Loss: 3.8651, NLL: 3.8651, Coverage: 0.0000
  Batch 1180/4162, Loss: 4.1924, NLL: 4.1924, Coverage: 0.0000
  Batch 1190/4162, Loss: 4.1032, NLL: 4.1032, Coverage: 0.0000
  Batch 1200/4162, Loss: 4.4299, NLL: 4.4299, Coverage: 0.0000
  Batch 1210/4162, Loss: 3.5428, NLL: 3.5428, Coverage: 0.0000
  Batch 1220/4162, Loss: 3.6887, NLL: 3.6887, Coverage: 0.0000
  Batch 1230/4162, Loss: 3.9323, NLL: 3.9323, Coverage: 0.0000
  Batch 1240/4162, Loss: 3.8877, NLL: 3.8877, Coverage: 0.0000
  Batch 1250/4162, Loss: 3.7783, NLL: 3.7783, Coverage: 0.0000
  Batch 1260/4162, Loss: 4.2733, NLL: 4.2733, Coverage: 0.0000
  Batch 1270/4162, Loss: 4.3432, NLL: 4.3432, Coverage: 0.0000
  Batch 1280/4162, Loss: 4.1260, NLL: 4.1260, Coverage: 0.0000
  Batch 1290/4162, Loss: 4.2203, NLL: 4.2203, Coverage: 0.0000
  Batch 1300/4162, Loss: 3.6801, NLL: 3.6801, Coverage: 0.0000
  Batch 1310/4162, Loss: 3.6705, NLL: 3.6705, Coverage: 0.0000
  Batch 1320/4162, Loss: 3.8086, NLL: 3.8086, Coverage: 0.0000
  Batch 1330/4162, Loss: 4.5120, NLL: 4.5120, Coverage: 0.0000
  Batch 1340/4162, Loss: 4.0453, NLL: 4.0453, Coverage: 0.0000
  Batch 1350/4162, Loss: 3.6914, NLL: 3.6914, Coverage: 0.0000
  Batch 1360/4162, Loss: 3.9501, NLL: 3.9501, Coverage: 0.0000
  Batch 1370/4162, Loss: 3.4279, NLL: 3.4279, Coverage: 0.0000
  Batch 1380/4162, Loss: 4.1612, NLL: 4.1612, Coverage: 0.0000
  Batch 1390/4162, Loss: 4.1954, NLL: 4.1954, Coverage: 0.0000
  Batch 1400/4162, Loss: 3.9031, NLL: 3.9031, Coverage: 0.0000
  Batch 1410/4162, Loss: 4.1790, NLL: 4.1790, Coverage: 0.0000
  Batch 1420/4162, Loss: 4.3133, NLL: 4.3133, Coverage: 0.0000
  Batch 1430/4162, Loss: 4.0566, NLL: 4.0566, Coverage: 0.0000
  Batch 1440/4162, Loss: 3.4816, NLL: 3.4816, Coverage: 0.0000
  Batch 1450/4162, Loss: 3.7297, NLL: 3.7297, Coverage: 0.0000
  Batch 1460/4162, Loss: 3.9164, NLL: 3.9164, Coverage: 0.0000
  Batch 1470/4162, Loss: 3.6720, NLL: 3.6720, Coverage: 0.0000
  Batch 1480/4162, Loss: 3.8229, NLL: 3.8229, Coverage: 0.0000
  Batch 1490/4162, Loss: 3.8124, NLL: 3.8124, Coverage: 0.0000
  Batch 1500/4162, Loss: 4.3773, NLL: 4.3773, Coverage: 0.0000
  Batch 1510/4162, Loss: 4.5369, NLL: 4.5369, Coverage: 0.0000
  Batch 1520/4162, Loss: 3.5986, NLL: 3.5986, Coverage: 0.0000
  Batch 1530/4162, Loss: 3.5993, NLL: 3.5993, Coverage: 0.0000
  Batch 1540/4162, Loss: 3.9123, NLL: 3.9123, Coverage: 0.0000
  Batch 1550/4162, Loss: 3.9991, NLL: 3.9991, Coverage: 0.0000
  Batch 1560/4162, Loss: 4.2826, NLL: 4.2826, Coverage: 0.0000
  Batch 1570/4162, Loss: 4.1822, NLL: 4.1822, Coverage: 0.0000
  Batch 1580/4162, Loss: 3.8983, NLL: 3.8983, Coverage: 0.0000
  Batch 1590/4162, Loss: 3.8514, NLL: 3.8514, Coverage: 0.0000
  Batch 1600/4162, Loss: 3.8998, NLL: 3.8998, Coverage: 0.0000
  Batch 1610/4162, Loss: 3.9534, NLL: 3.9534, Coverage: 0.0000
  Batch 1620/4162, Loss: 4.2795, NLL: 4.2795, Coverage: 0.0000
  Batch 1630/4162, Loss: 3.8685, NLL: 3.8685, Coverage: 0.0000
  Batch 1640/4162, Loss: 4.1990, NLL: 4.1990, Coverage: 0.0000
  Batch 1650/4162, Loss: 3.9616, NLL: 3.9616, Coverage: 0.0000
  Batch 1660/4162, Loss: 4.3580, NLL: 4.3580, Coverage: 0.0000
  Batch 1670/4162, Loss: 3.6351, NLL: 3.6351, Coverage: 0.0000
  Batch 1680/4162, Loss: 4.1260, NLL: 4.1260, Coverage: 0.0000
  Batch 1690/4162, Loss: 3.9688, NLL: 3.9688, Coverage: 0.0000
  Batch 1700/4162, Loss: 3.8067, NLL: 3.8067, Coverage: 0.0000
  Batch 1710/4162, Loss: 3.9902, NLL: 3.9902, Coverage: 0.0000
  Batch 1720/4162, Loss: 3.3754, NLL: 3.3754, Coverage: 0.0000
  Batch 1730/4162, Loss: 4.3085, NLL: 4.3085, Coverage: 0.0000
  Batch 1740/4162, Loss: 3.7238, NLL: 3.7238, Coverage: 0.0000
  Batch 1750/4162, Loss: 4.2874, NLL: 4.2874, Coverage: 0.0000
  Batch 1760/4162, Loss: 3.7178, NLL: 3.7178, Coverage: 0.0000
  Batch 1770/4162, Loss: 3.8296, NLL: 3.8296, Coverage: 0.0000
  Batch 1780/4162, Loss: 4.0110, NLL: 4.0110, Coverage: 0.0000
  Batch 1790/4162, Loss: 3.8973, NLL: 3.8973, Coverage: 0.0000
  Batch 1800/4162, Loss: 3.7020, NLL: 3.7020, Coverage: 0.0000
  Batch 1810/4162, Loss: 4.2519, NLL: 4.2519, Coverage: 0.0000
  Batch 1820/4162, Loss: 3.8113, NLL: 3.8113, Coverage: 0.0000
  Batch 1830/4162, Loss: 4.4722, NLL: 4.4722, Coverage: 0.0000
  Batch 1840/4162, Loss: 4.3656, NLL: 4.3656, Coverage: 0.0000
  Batch 1850/4162, Loss: 3.9184, NLL: 3.9184, Coverage: 0.0000
  Batch 1860/4162, Loss: 3.8283, NLL: 3.8283, Coverage: 0.0000
  Batch 1870/4162, Loss: 3.7029, NLL: 3.7029, Coverage: 0.0000
  Batch 1880/4162, Loss: 4.2506, NLL: 4.2506, Coverage: 0.0000
  Batch 1890/4162, Loss: 4.1961, NLL: 4.1961, Coverage: 0.0000
  Batch 1900/4162, Loss: 3.5582, NLL: 3.5582, Coverage: 0.0000
  Batch 1910/4162, Loss: 4.1615, NLL: 4.1615, Coverage: 0.0000
  Batch 1920/4162, Loss: 3.8298, NLL: 3.8298, Coverage: 0.0000
  Batch 1930/4162, Loss: 3.9780, NLL: 3.9780, Coverage: 0.0000
  Batch 1940/4162, Loss: 3.9458, NLL: 3.9458, Coverage: 0.0000
  Batch 1950/4162, Loss: 4.0896, NLL: 4.0896, Coverage: 0.0000
  Batch 1960/4162, Loss: 3.6036, NLL: 3.6036, Coverage: 0.0000
  Batch 1970/4162, Loss: 4.5035, NLL: 4.5035, Coverage: 0.0000
  Batch 1980/4162, Loss: 4.0066, NLL: 4.0066, Coverage: 0.0000
  Batch 1990/4162, Loss: 3.7264, NLL: 3.7264, Coverage: 0.0000
  Batch 2000/4162, Loss: 3.8388, NLL: 3.8388, Coverage: 0.0000
  Batch 2010/4162, Loss: 3.9555, NLL: 3.9555, Coverage: 0.0000
  Batch 2020/4162, Loss: 4.1150, NLL: 4.1150, Coverage: 0.0000
  Batch 2030/4162, Loss: 3.9944, NLL: 3.9944, Coverage: 0.0000
  Batch 2040/4162, Loss: 4.0616, NLL: 4.0616, Coverage: 0.0000
  Batch 2050/4162, Loss: 4.0015, NLL: 4.0015, Coverage: 0.0000
  Batch 2060/4162, Loss: 3.7904, NLL: 3.7904, Coverage: 0.0000
  Batch 2070/4162, Loss: 3.7184, NLL: 3.7184, Coverage: 0.0000
  Batch 2080/4162, Loss: 4.3625, NLL: 4.3625, Coverage: 0.0000
  Batch 2090/4162, Loss: 4.0042, NLL: 4.0042, Coverage: 0.0000
  Batch 2100/4162, Loss: 3.8147, NLL: 3.8147, Coverage: 0.0000
  Batch 2110/4162, Loss: 4.1868, NLL: 4.1868, Coverage: 0.0000
  Batch 2120/4162, Loss: 3.9212, NLL: 3.9212, Coverage: 0.0000
  Batch 2130/4162, Loss: 4.5962, NLL: 4.5962, Coverage: 0.0000
  Batch 2140/4162, Loss: 3.5880, NLL: 3.5880, Coverage: 0.0000
  Batch 2150/4162, Loss: 4.3847, NLL: 4.3847, Coverage: 0.0000
  Batch 2160/4162, Loss: 4.0325, NLL: 4.0325, Coverage: 0.0000
  Batch 2170/4162, Loss: 3.8357, NLL: 3.8357, Coverage: 0.0000
  Batch 2180/4162, Loss: 4.1518, NLL: 4.1518, Coverage: 0.0000
  Batch 2190/4162, Loss: 4.2139, NLL: 4.2139, Coverage: 0.0000
  Batch 2200/4162, Loss: 4.3750, NLL: 4.3750, Coverage: 0.0000
  Batch 2210/4162, Loss: 4.2085, NLL: 4.2085, Coverage: 0.0000
  Batch 2220/4162, Loss: 4.2573, NLL: 4.2573, Coverage: 0.0000
  Batch 2230/4162, Loss: 4.1402, NLL: 4.1402, Coverage: 0.0000
  Batch 2240/4162, Loss: 3.8530, NLL: 3.8530, Coverage: 0.0000
  Batch 2250/4162, Loss: 3.9466, NLL: 3.9466, Coverage: 0.0000
  Batch 2260/4162, Loss: 3.9169, NLL: 3.9169, Coverage: 0.0000
  Batch 2270/4162, Loss: 4.0587, NLL: 4.0587, Coverage: 0.0000
  Batch 2280/4162, Loss: 3.8067, NLL: 3.8067, Coverage: 0.0000
  Batch 2290/4162, Loss: 3.8550, NLL: 3.8550, Coverage: 0.0000
  Batch 2300/4162, Loss: 4.3396, NLL: 4.3396, Coverage: 0.0000
  Batch 2310/4162, Loss: 3.7476, NLL: 3.7476, Coverage: 0.0000
  Batch 2320/4162, Loss: 3.7315, NLL: 3.7315, Coverage: 0.0000
  Batch 2330/4162, Loss: 4.5567, NLL: 4.5567, Coverage: 0.0000
  Batch 2340/4162, Loss: 3.8074, NLL: 3.8074, Coverage: 0.0000
  Batch 2350/4162, Loss: 4.1557, NLL: 4.1557, Coverage: 0.0000
  Batch 2360/4162, Loss: 3.9839, NLL: 3.9839, Coverage: 0.0000
  Batch 2370/4162, Loss: 3.7001, NLL: 3.7001, Coverage: 0.0000
  Batch 2380/4162, Loss: 3.8270, NLL: 3.8270, Coverage: 0.0000
  Batch 2390/4162, Loss: 4.0674, NLL: 4.0674, Coverage: 0.0000
  Batch 2400/4162, Loss: 3.8436, NLL: 3.8436, Coverage: 0.0000
  Batch 2410/4162, Loss: 4.0750, NLL: 4.0750, Coverage: 0.0000
  Batch 2420/4162, Loss: 3.7614, NLL: 3.7614, Coverage: 0.0000
  Batch 2430/4162, Loss: 3.7022, NLL: 3.7022, Coverage: 0.0000
  Batch 2440/4162, Loss: 3.9999, NLL: 3.9999, Coverage: 0.0000
  Batch 2450/4162, Loss: 3.9488, NLL: 3.9488, Coverage: 0.0000
  Batch 2460/4162, Loss: 4.2498, NLL: 4.2498, Coverage: 0.0000
  Batch 2470/4162, Loss: 4.3532, NLL: 4.3532, Coverage: 0.0000
  Batch 2480/4162, Loss: 4.0040, NLL: 4.0040, Coverage: 0.0000
  Batch 2490/4162, Loss: 3.5948, NLL: 3.5948, Coverage: 0.0000
  Batch 2500/4162, Loss: 3.6565, NLL: 3.6565, Coverage: 0.0000
  Batch 2510/4162, Loss: 3.9191, NLL: 3.9191, Coverage: 0.0000
  Batch 2520/4162, Loss: 3.7411, NLL: 3.7411, Coverage: 0.0000
  Batch 2530/4162, Loss: 4.0750, NLL: 4.0750, Coverage: 0.0000
  Batch 2540/4162, Loss: 4.3424, NLL: 4.3424, Coverage: 0.0000
  Batch 2550/4162, Loss: 4.2660, NLL: 4.2660, Coverage: 0.0000
  Batch 2560/4162, Loss: 4.0148, NLL: 4.0148, Coverage: 0.0000
  Batch 2570/4162, Loss: 4.0005, NLL: 4.0005, Coverage: 0.0000
  Batch 2580/4162, Loss: 4.0764, NLL: 4.0764, Coverage: 0.0000
  Batch 2590/4162, Loss: 4.3331, NLL: 4.3331, Coverage: 0.0000
  Batch 2600/4162, Loss: 4.2443, NLL: 4.2443, Coverage: 0.0000
  Batch 2610/4162, Loss: 4.3084, NLL: 4.3084, Coverage: 0.0000
  Batch 2620/4162, Loss: 4.6851, NLL: 4.6851, Coverage: 0.0000
  Batch 2630/4162, Loss: 4.2715, NLL: 4.2715, Coverage: 0.0000
  Batch 2640/4162, Loss: 4.4486, NLL: 4.4486, Coverage: 0.0000
  Batch 2650/4162, Loss: 4.0292, NLL: 4.0292, Coverage: 0.0000
  Batch 2660/4162, Loss: 3.6817, NLL: 3.6817, Coverage: 0.0000
  Batch 2670/4162, Loss: 3.9186, NLL: 3.9186, Coverage: 0.0000
  Batch 2680/4162, Loss: 3.8264, NLL: 3.8264, Coverage: 0.0000
  Batch 2690/4162, Loss: 4.0021, NLL: 4.0021, Coverage: 0.0000
  Batch 2700/4162, Loss: 3.6901, NLL: 3.6901, Coverage: 0.0000
  Batch 2710/4162, Loss: 4.0583, NLL: 4.0583, Coverage: 0.0000
  Batch 2720/4162, Loss: 3.6991, NLL: 3.6991, Coverage: 0.0000
  Batch 2730/4162, Loss: 3.7498, NLL: 3.7498, Coverage: 0.0000
  Batch 2740/4162, Loss: 4.1283, NLL: 4.1283, Coverage: 0.0000
  Batch 2750/4162, Loss: 3.5584, NLL: 3.5584, Coverage: 0.0000
  Batch 2760/4162, Loss: 4.2182, NLL: 4.2182, Coverage: 0.0000
  Batch 2770/4162, Loss: 3.6823, NLL: 3.6823, Coverage: 0.0000
  Batch 2780/4162, Loss: 3.8807, NLL: 3.8807, Coverage: 0.0000
  Batch 2790/4162, Loss: 4.3660, NLL: 4.3660, Coverage: 0.0000
  Batch 2800/4162, Loss: 4.0250, NLL: 4.0250, Coverage: 0.0000
  Batch 2810/4162, Loss: 3.8780, NLL: 3.8780, Coverage: 0.0000
  Batch 2820/4162, Loss: 3.9226, NLL: 3.9226, Coverage: 0.0000
  Batch 2830/4162, Loss: 4.3432, NLL: 4.3432, Coverage: 0.0000
  Batch 2840/4162, Loss: 3.4590, NLL: 3.4590, Coverage: 0.0000
  Batch 2850/4162, Loss: 3.9115, NLL: 3.9115, Coverage: 0.0000
  Batch 2860/4162, Loss: 4.3091, NLL: 4.3091, Coverage: 0.0000
  Batch 2870/4162, Loss: 4.1293, NLL: 4.1293, Coverage: 0.0000
  Batch 2880/4162, Loss: 3.8755, NLL: 3.8755, Coverage: 0.0000
  Batch 2890/4162, Loss: 3.8065, NLL: 3.8065, Coverage: 0.0000
  Batch 2900/4162, Loss: 4.0879, NLL: 4.0879, Coverage: 0.0000
  Batch 2910/4162, Loss: 4.0858, NLL: 4.0858, Coverage: 0.0000
  Batch 2920/4162, Loss: 3.7330, NLL: 3.7330, Coverage: 0.0000
  Batch 2930/4162, Loss: 4.1481, NLL: 4.1481, Coverage: 0.0000
  Batch 2940/4162, Loss: 3.8063, NLL: 3.8063, Coverage: 0.0000
  Batch 2950/4162, Loss: 3.8211, NLL: 3.8211, Coverage: 0.0000
  Batch 2960/4162, Loss: 4.2060, NLL: 4.2060, Coverage: 0.0000
  Batch 2970/4162, Loss: 4.1694, NLL: 4.1694, Coverage: 0.0000
  Batch 2980/4162, Loss: 4.2912, NLL: 4.2912, Coverage: 0.0000
  Batch 2990/4162, Loss: 3.6695, NLL: 3.6695, Coverage: 0.0000
  Batch 3000/4162, Loss: 4.1635, NLL: 4.1635, Coverage: 0.0000
  Batch 3010/4162, Loss: 3.7326, NLL: 3.7326, Coverage: 0.0000
  Batch 3020/4162, Loss: 3.9582, NLL: 3.9582, Coverage: 0.0000
  Batch 3030/4162, Loss: 3.8662, NLL: 3.8662, Coverage: 0.0000
  Batch 3040/4162, Loss: 3.4052, NLL: 3.4052, Coverage: 0.0000
  Batch 3050/4162, Loss: 3.8932, NLL: 3.8932, Coverage: 0.0000
  Batch 3060/4162, Loss: 3.9917, NLL: 3.9917, Coverage: 0.0000
  Batch 3070/4162, Loss: 4.2196, NLL: 4.2196, Coverage: 0.0000
  Batch 3080/4162, Loss: 3.4532, NLL: 3.4532, Coverage: 0.0000
  Batch 3090/4162, Loss: 4.0016, NLL: 4.0016, Coverage: 0.0000
  Batch 3100/4162, Loss: 4.1862, NLL: 4.1862, Coverage: 0.0000
  Batch 3110/4162, Loss: 4.0512, NLL: 4.0512, Coverage: 0.0000
  Batch 3120/4162, Loss: 4.0949, NLL: 4.0949, Coverage: 0.0000
  Batch 3130/4162, Loss: 3.9251, NLL: 3.9251, Coverage: 0.0000
  Batch 3140/4162, Loss: 4.0280, NLL: 4.0280, Coverage: 0.0000
  Batch 3150/4162, Loss: 4.4327, NLL: 4.4327, Coverage: 0.0000
  Batch 3160/4162, Loss: 4.2266, NLL: 4.2266, Coverage: 0.0000
  Batch 3170/4162, Loss: 3.7860, NLL: 3.7860, Coverage: 0.0000
  Batch 3180/4162, Loss: 3.5013, NLL: 3.5013, Coverage: 0.0000
  Batch 3190/4162, Loss: 3.8132, NLL: 3.8132, Coverage: 0.0000
  Batch 3200/4162, Loss: 3.5664, NLL: 3.5664, Coverage: 0.0000
  Batch 3210/4162, Loss: 3.7529, NLL: 3.7529, Coverage: 0.0000
  Batch 3220/4162, Loss: 3.9881, NLL: 3.9881, Coverage: 0.0000
  Batch 3230/4162, Loss: 3.9088, NLL: 3.9088, Coverage: 0.0000
  Batch 3240/4162, Loss: 4.4841, NLL: 4.4841, Coverage: 0.0000
  Batch 3250/4162, Loss: 3.6950, NLL: 3.6950, Coverage: 0.0000
  Batch 3260/4162, Loss: 3.9480, NLL: 3.9480, Coverage: 0.0000
  Batch 3270/4162, Loss: 3.6296, NLL: 3.6296, Coverage: 0.0000
  Batch 3280/4162, Loss: 3.9365, NLL: 3.9365, Coverage: 0.0000
  Batch 3290/4162, Loss: 3.8641, NLL: 3.8641, Coverage: 0.0000
  Batch 3300/4162, Loss: 3.7959, NLL: 3.7959, Coverage: 0.0000
  Batch 3310/4162, Loss: 3.7333, NLL: 3.7333, Coverage: 0.0000
  Batch 3320/4162, Loss: 3.6779, NLL: 3.6779, Coverage: 0.0000
  Batch 3330/4162, Loss: 3.6865, NLL: 3.6865, Coverage: 0.0000
  Batch 3340/4162, Loss: 4.4540, NLL: 4.4540, Coverage: 0.0000
  Batch 3350/4162, Loss: 3.8793, NLL: 3.8793, Coverage: 0.0000
  Batch 3360/4162, Loss: 4.3333, NLL: 4.3333, Coverage: 0.0000
  Batch 3370/4162, Loss: 3.8582, NLL: 3.8582, Coverage: 0.0000
  Batch 3380/4162, Loss: 3.9781, NLL: 3.9781, Coverage: 0.0000
  Batch 3390/4162, Loss: 3.8564, NLL: 3.8564, Coverage: 0.0000
  Batch 3400/4162, Loss: 3.8908, NLL: 3.8908, Coverage: 0.0000
  Batch 3410/4162, Loss: 4.1194, NLL: 4.1194, Coverage: 0.0000
  Batch 3420/4162, Loss: 4.4474, NLL: 4.4474, Coverage: 0.0000
  Batch 3430/4162, Loss: 4.3190, NLL: 4.3190, Coverage: 0.0000
  Batch 3440/4162, Loss: 3.9704, NLL: 3.9704, Coverage: 0.0000
  Batch 3450/4162, Loss: 4.0912, NLL: 4.0912, Coverage: 0.0000
  Batch 3460/4162, Loss: 3.8719, NLL: 3.8719, Coverage: 0.0000
  Batch 3470/4162, Loss: 3.9882, NLL: 3.9882, Coverage: 0.0000
  Batch 3480/4162, Loss: 3.8489, NLL: 3.8489, Coverage: 0.0000
  Batch 3490/4162, Loss: 3.9734, NLL: 3.9734, Coverage: 0.0000
  Batch 3500/4162, Loss: 3.9488, NLL: 3.9488, Coverage: 0.0000
  Batch 3510/4162, Loss: 3.4056, NLL: 3.4056, Coverage: 0.0000
  Batch 3520/4162, Loss: 3.8693, NLL: 3.8693, Coverage: 0.0000
  Batch 3530/4162, Loss: 3.9689, NLL: 3.9689, Coverage: 0.0000
  Batch 3540/4162, Loss: 3.3693, NLL: 3.3693, Coverage: 0.0000
  Batch 3550/4162, Loss: 3.6722, NLL: 3.6722, Coverage: 0.0000
  Batch 3560/4162, Loss: 3.7561, NLL: 3.7561, Coverage: 0.0000
  Batch 3570/4162, Loss: 3.9754, NLL: 3.9754, Coverage: 0.0000
  Batch 3580/4162, Loss: 3.6039, NLL: 3.6039, Coverage: 0.0000
  Batch 3590/4162, Loss: 4.0093, NLL: 4.0093, Coverage: 0.0000
  Batch 3600/4162, Loss: 4.0581, NLL: 4.0581, Coverage: 0.0000
  Batch 3610/4162, Loss: 4.0275, NLL: 4.0275, Coverage: 0.0000
  Batch 3620/4162, Loss: 3.7226, NLL: 3.7226, Coverage: 0.0000
  Batch 3630/4162, Loss: 3.5756, NLL: 3.5756, Coverage: 0.0000
  Batch 3640/4162, Loss: 3.8732, NLL: 3.8732, Coverage: 0.0000
  Batch 3650/4162, Loss: 3.7823, NLL: 3.7823, Coverage: 0.0000
  Batch 3660/4162, Loss: 3.9665, NLL: 3.9665, Coverage: 0.0000
  Batch 3670/4162, Loss: 3.8601, NLL: 3.8601, Coverage: 0.0000
  Batch 3680/4162, Loss: 3.5548, NLL: 3.5548, Coverage: 0.0000
  Batch 3690/4162, Loss: 4.1595, NLL: 4.1595, Coverage: 0.0000
  Batch 3700/4162, Loss: 3.9820, NLL: 3.9820, Coverage: 0.0000
  Batch 3710/4162, Loss: 3.7759, NLL: 3.7759, Coverage: 0.0000
  Batch 3720/4162, Loss: 3.9182, NLL: 3.9182, Coverage: 0.0000
  Batch 3730/4162, Loss: 3.6935, NLL: 3.6935, Coverage: 0.0000
  Batch 3740/4162, Loss: 3.9373, NLL: 3.9373, Coverage: 0.0000
  Batch 3750/4162, Loss: 3.7586, NLL: 3.7586, Coverage: 0.0000
  Batch 3760/4162, Loss: 4.0503, NLL: 4.0503, Coverage: 0.0000
  Batch 3770/4162, Loss: 3.7942, NLL: 3.7942, Coverage: 0.0000
  Batch 3780/4162, Loss: 3.6306, NLL: 3.6306, Coverage: 0.0000
  Batch 3790/4162, Loss: 4.1281, NLL: 4.1281, Coverage: 0.0000
  Batch 3800/4162, Loss: 4.0199, NLL: 4.0199, Coverage: 0.0000
  Batch 3810/4162, Loss: 3.3847, NLL: 3.3847, Coverage: 0.0000
  Batch 3820/4162, Loss: 4.1098, NLL: 4.1098, Coverage: 0.0000
  Batch 3830/4162, Loss: 3.7272, NLL: 3.7272, Coverage: 0.0000
  Batch 3840/4162, Loss: 3.7057, NLL: 3.7057, Coverage: 0.0000
  Batch 3850/4162, Loss: 4.2125, NLL: 4.2125, Coverage: 0.0000
  Batch 3860/4162, Loss: 3.5926, NLL: 3.5926, Coverage: 0.0000
  Batch 3870/4162, Loss: 4.4423, NLL: 4.4423, Coverage: 0.0000
  Batch 3880/4162, Loss: 3.7891, NLL: 3.7891, Coverage: 0.0000
  Batch 3890/4162, Loss: 3.6752, NLL: 3.6752, Coverage: 0.0000
  Batch 3900/4162, Loss: 4.1178, NLL: 4.1178, Coverage: 0.0000
  Batch 3910/4162, Loss: 4.1270, NLL: 4.1270, Coverage: 0.0000
  Batch 3920/4162, Loss: 3.8606, NLL: 3.8606, Coverage: 0.0000
  Batch 3930/4162, Loss: 4.4096, NLL: 4.4096, Coverage: 0.0000
  Batch 3940/4162, Loss: 4.0802, NLL: 4.0802, Coverage: 0.0000
  Batch 3950/4162, Loss: 4.2493, NLL: 4.2493, Coverage: 0.0000
  Batch 3960/4162, Loss: 3.8596, NLL: 3.8596, Coverage: 0.0000
  Batch 3970/4162, Loss: 3.7678, NLL: 3.7678, Coverage: 0.0000
  Batch 3980/4162, Loss: 3.5957, NLL: 3.5957, Coverage: 0.0000
  Batch 3990/4162, Loss: 3.7044, NLL: 3.7044, Coverage: 0.0000
  Batch 4000/4162, Loss: 3.9918, NLL: 3.9918, Coverage: 0.0000
  Batch 4010/4162, Loss: 4.1761, NLL: 4.1761, Coverage: 0.0000
  Batch 4020/4162, Loss: 3.7304, NLL: 3.7304, Coverage: 0.0000
  Batch 4030/4162, Loss: 4.0710, NLL: 4.0710, Coverage: 0.0000
  Batch 4040/4162, Loss: 4.0705, NLL: 4.0705, Coverage: 0.0000
  Batch 4050/4162, Loss: 3.8813, NLL: 3.8813, Coverage: 0.0000
  Batch 4060/4162, Loss: 4.2069, NLL: 4.2069, Coverage: 0.0000
  Batch 4070/4162, Loss: 3.8952, NLL: 3.8952, Coverage: 0.0000
  Batch 4080/4162, Loss: 4.0979, NLL: 4.0979, Coverage: 0.0000
  Batch 4090/4162, Loss: 3.5434, NLL: 3.5434, Coverage: 0.0000
  Batch 4100/4162, Loss: 3.8360, NLL: 3.8360, Coverage: 0.0000
  Batch 4110/4162, Loss: 4.1117, NLL: 4.1117, Coverage: 0.0000
  Batch 4120/4162, Loss: 3.9602, NLL: 3.9602, Coverage: 0.0000
  Batch 4130/4162, Loss: 3.7042, NLL: 3.7042, Coverage: 0.0000
  Batch 4140/4162, Loss: 3.7334, NLL: 3.7334, Coverage: 0.0000
  Batch 4150/4162, Loss: 3.9460, NLL: 3.9460, Coverage: 0.0000
  Batch 4160/4162, Loss: 4.3229, NLL: 4.3229, Coverage: 0.0000

  Train Loss: 3.9743 (NLL: 3.9743, Coverage: 0.0000)
  Val Loss: 6.4826 (NLL: 6.4826, Coverage: 0.0000)
  Time: 28m 21s

Epoch 19/20
----------------------------------------
  Batch 10/4162, Loss: 4.1565, NLL: 4.1565, Coverage: 0.0000
  Batch 20/4162, Loss: 4.2547, NLL: 4.2547, Coverage: 0.0000
  Batch 30/4162, Loss: 3.8320, NLL: 3.8320, Coverage: 0.0000
  Batch 40/4162, Loss: 3.9939, NLL: 3.9939, Coverage: 0.0000
  Batch 50/4162, Loss: 3.3530, NLL: 3.3530, Coverage: 0.0000
  Batch 60/4162, Loss: 4.0093, NLL: 4.0093, Coverage: 0.0000
  Batch 70/4162, Loss: 3.7374, NLL: 3.7374, Coverage: 0.0000
  Batch 80/4162, Loss: 3.9314, NLL: 3.9314, Coverage: 0.0000
  Batch 90/4162, Loss: 3.7875, NLL: 3.7875, Coverage: 0.0000
  Batch 100/4162, Loss: 4.3121, NLL: 4.3121, Coverage: 0.0000
  Batch 110/4162, Loss: 3.8578, NLL: 3.8578, Coverage: 0.0000
  Batch 120/4162, Loss: 4.0134, NLL: 4.0134, Coverage: 0.0000
  Batch 130/4162, Loss: 4.5100, NLL: 4.5100, Coverage: 0.0000
  Batch 140/4162, Loss: 4.1363, NLL: 4.1363, Coverage: 0.0000
  Batch 150/4162, Loss: 3.7130, NLL: 3.7130, Coverage: 0.0000
  Batch 160/4162, Loss: 4.0783, NLL: 4.0783, Coverage: 0.0000
  Batch 170/4162, Loss: 3.6442, NLL: 3.6442, Coverage: 0.0000
  Batch 180/4162, Loss: 3.7826, NLL: 3.7826, Coverage: 0.0000
  Batch 190/4162, Loss: 3.7084, NLL: 3.7084, Coverage: 0.0000
  Batch 200/4162, Loss: 3.8987, NLL: 3.8987, Coverage: 0.0000
  Batch 210/4162, Loss: 4.4796, NLL: 4.4796, Coverage: 0.0000
  Batch 220/4162, Loss: 3.5714, NLL: 3.5714, Coverage: 0.0000
  Batch 230/4162, Loss: 4.0399, NLL: 4.0399, Coverage: 0.0000
  Batch 240/4162, Loss: 4.0693, NLL: 4.0693, Coverage: 0.0000
  Batch 250/4162, Loss: 4.0645, NLL: 4.0645, Coverage: 0.0000
  Batch 260/4162, Loss: 4.0904, NLL: 4.0904, Coverage: 0.0000
  Batch 270/4162, Loss: 3.7514, NLL: 3.7514, Coverage: 0.0000
  Batch 280/4162, Loss: 3.7084, NLL: 3.7084, Coverage: 0.0000
  Batch 290/4162, Loss: 4.0594, NLL: 4.0594, Coverage: 0.0000
  Batch 300/4162, Loss: 3.9011, NLL: 3.9011, Coverage: 0.0000
  Batch 310/4162, Loss: 3.6370, NLL: 3.6370, Coverage: 0.0000
  Batch 320/4162, Loss: 3.9610, NLL: 3.9610, Coverage: 0.0000
  Batch 330/4162, Loss: 3.9345, NLL: 3.9345, Coverage: 0.0000
  Batch 340/4162, Loss: 4.0271, NLL: 4.0271, Coverage: 0.0000
  Batch 350/4162, Loss: 4.7897, NLL: 4.7897, Coverage: 0.0000
  Batch 360/4162, Loss: 3.7948, NLL: 3.7948, Coverage: 0.0000
  Batch 370/4162, Loss: 3.7587, NLL: 3.7587, Coverage: 0.0000
  Batch 380/4162, Loss: 3.7784, NLL: 3.7784, Coverage: 0.0000
  Batch 390/4162, Loss: 3.8180, NLL: 3.8180, Coverage: 0.0000
  Batch 400/4162, Loss: 4.0830, NLL: 4.0830, Coverage: 0.0000
  Batch 410/4162, Loss: 3.7945, NLL: 3.7945, Coverage: 0.0000
  Batch 420/4162, Loss: 4.4082, NLL: 4.4082, Coverage: 0.0000
  Batch 430/4162, Loss: 3.8231, NLL: 3.8231, Coverage: 0.0000
  Batch 440/4162, Loss: 4.2466, NLL: 4.2466, Coverage: 0.0000
  Batch 450/4162, Loss: 3.5648, NLL: 3.5648, Coverage: 0.0000
  Batch 460/4162, Loss: 3.7698, NLL: 3.7698, Coverage: 0.0000
  Batch 470/4162, Loss: 4.0485, NLL: 4.0485, Coverage: 0.0000
  Batch 480/4162, Loss: 4.1114, NLL: 4.1114, Coverage: 0.0000
  Batch 490/4162, Loss: 4.1087, NLL: 4.1087, Coverage: 0.0000
  Batch 500/4162, Loss: 4.3126, NLL: 4.3126, Coverage: 0.0000
  Batch 510/4162, Loss: 3.4307, NLL: 3.4307, Coverage: 0.0000
  Batch 520/4162, Loss: 4.1303, NLL: 4.1303, Coverage: 0.0000
  Batch 530/4162, Loss: 3.9529, NLL: 3.9529, Coverage: 0.0000
  Batch 540/4162, Loss: 4.1727, NLL: 4.1727, Coverage: 0.0000
  Batch 550/4162, Loss: 3.7840, NLL: 3.7840, Coverage: 0.0000
  Batch 560/4162, Loss: 4.3260, NLL: 4.3260, Coverage: 0.0000
  Batch 570/4162, Loss: 3.8989, NLL: 3.8989, Coverage: 0.0000
  Batch 580/4162, Loss: 4.3980, NLL: 4.3980, Coverage: 0.0000
  Batch 590/4162, Loss: 3.7146, NLL: 3.7146, Coverage: 0.0000
  Batch 600/4162, Loss: 4.0727, NLL: 4.0727, Coverage: 0.0000
  Batch 610/4162, Loss: 4.2657, NLL: 4.2657, Coverage: 0.0000
  Batch 620/4162, Loss: 4.3880, NLL: 4.3880, Coverage: 0.0000
  Batch 630/4162, Loss: 3.9538, NLL: 3.9538, Coverage: 0.0000
  Batch 640/4162, Loss: 3.9798, NLL: 3.9798, Coverage: 0.0000
  Batch 650/4162, Loss: 4.1221, NLL: 4.1221, Coverage: 0.0000
  Batch 660/4162, Loss: 4.1348, NLL: 4.1348, Coverage: 0.0000
  Batch 670/4162, Loss: 4.0974, NLL: 4.0974, Coverage: 0.0000
  Batch 680/4162, Loss: 4.3429, NLL: 4.3429, Coverage: 0.0000
  Batch 690/4162, Loss: 3.9467, NLL: 3.9467, Coverage: 0.0000
  Batch 700/4162, Loss: 3.9302, NLL: 3.9302, Coverage: 0.0000
  Batch 710/4162, Loss: 4.0465, NLL: 4.0465, Coverage: 0.0000
  Batch 720/4162, Loss: 3.8845, NLL: 3.8845, Coverage: 0.0000
  Batch 730/4162, Loss: 3.9773, NLL: 3.9773, Coverage: 0.0000
  Batch 740/4162, Loss: 3.9457, NLL: 3.9457, Coverage: 0.0000
  Batch 750/4162, Loss: 3.4388, NLL: 3.4388, Coverage: 0.0000
  Batch 760/4162, Loss: 3.6798, NLL: 3.6798, Coverage: 0.0000
  Batch 770/4162, Loss: 3.9175, NLL: 3.9175, Coverage: 0.0000
  Batch 780/4162, Loss: 3.8861, NLL: 3.8861, Coverage: 0.0000
  Batch 790/4162, Loss: 3.4694, NLL: 3.4694, Coverage: 0.0000
  Batch 800/4162, Loss: 3.6992, NLL: 3.6992, Coverage: 0.0000
  Batch 810/4162, Loss: 3.8134, NLL: 3.8134, Coverage: 0.0000
  Batch 820/4162, Loss: 3.9353, NLL: 3.9353, Coverage: 0.0000
  Batch 830/4162, Loss: 4.4233, NLL: 4.4233, Coverage: 0.0000
  Batch 840/4162, Loss: 3.5858, NLL: 3.5858, Coverage: 0.0000
  Batch 850/4162, Loss: 3.9838, NLL: 3.9838, Coverage: 0.0000
  Batch 860/4162, Loss: 4.0243, NLL: 4.0243, Coverage: 0.0000
  Batch 870/4162, Loss: 3.5796, NLL: 3.5796, Coverage: 0.0000
  Batch 880/4162, Loss: 4.3241, NLL: 4.3241, Coverage: 0.0000
  Batch 890/4162, Loss: 4.0580, NLL: 4.0580, Coverage: 0.0000
  Batch 900/4162, Loss: 4.4137, NLL: 4.4137, Coverage: 0.0000
  Batch 910/4162, Loss: 3.9206, NLL: 3.9206, Coverage: 0.0000
  Batch 920/4162, Loss: 4.3293, NLL: 4.3293, Coverage: 0.0000
  Batch 930/4162, Loss: 3.8866, NLL: 3.8866, Coverage: 0.0000
  Batch 940/4162, Loss: 4.1857, NLL: 4.1857, Coverage: 0.0000
  Batch 950/4162, Loss: 4.0904, NLL: 4.0904, Coverage: 0.0000
  Batch 960/4162, Loss: 3.8966, NLL: 3.8966, Coverage: 0.0000
  Batch 970/4162, Loss: 4.3613, NLL: 4.3613, Coverage: 0.0000
  Batch 980/4162, Loss: 3.8321, NLL: 3.8321, Coverage: 0.0000
  Batch 990/4162, Loss: 3.7698, NLL: 3.7698, Coverage: 0.0000
  Batch 1000/4162, Loss: 3.8259, NLL: 3.8259, Coverage: 0.0000
  Batch 1010/4162, Loss: 4.1184, NLL: 4.1184, Coverage: 0.0000
  Batch 1020/4162, Loss: 4.1091, NLL: 4.1091, Coverage: 0.0000
  Batch 1030/4162, Loss: 4.2199, NLL: 4.2199, Coverage: 0.0000
  Batch 1040/4162, Loss: 3.7856, NLL: 3.7856, Coverage: 0.0000
  Batch 1050/4162, Loss: 3.8441, NLL: 3.8441, Coverage: 0.0000
  Batch 1060/4162, Loss: 3.7188, NLL: 3.7188, Coverage: 0.0000
  Batch 1070/4162, Loss: 3.8197, NLL: 3.8197, Coverage: 0.0000
  Batch 1080/4162, Loss: 3.7152, NLL: 3.7152, Coverage: 0.0000
  Batch 1090/4162, Loss: 3.5109, NLL: 3.5109, Coverage: 0.0000
  Batch 1100/4162, Loss: 4.2972, NLL: 4.2972, Coverage: 0.0000
  Batch 1110/4162, Loss: 4.4734, NLL: 4.4734, Coverage: 0.0000
  Batch 1120/4162, Loss: 3.8187, NLL: 3.8187, Coverage: 0.0000
  Batch 1130/4162, Loss: 4.2872, NLL: 4.2872, Coverage: 0.0000
  Batch 1140/4162, Loss: 3.7864, NLL: 3.7864, Coverage: 0.0000
  Batch 1150/4162, Loss: 3.8889, NLL: 3.8889, Coverage: 0.0000
  Batch 1160/4162, Loss: 4.1097, NLL: 4.1097, Coverage: 0.0000
  Batch 1170/4162, Loss: 3.9830, NLL: 3.9830, Coverage: 0.0000
  Batch 1180/4162, Loss: 4.4001, NLL: 4.4001, Coverage: 0.0000
  Batch 1190/4162, Loss: 3.8259, NLL: 3.8259, Coverage: 0.0000
  Batch 1200/4162, Loss: 3.9183, NLL: 3.9183, Coverage: 0.0000
  Batch 1210/4162, Loss: 3.9096, NLL: 3.9096, Coverage: 0.0000
  Batch 1220/4162, Loss: 3.6847, NLL: 3.6847, Coverage: 0.0000
  Batch 1230/4162, Loss: 3.6600, NLL: 3.6600, Coverage: 0.0000
  Batch 1240/4162, Loss: 3.7091, NLL: 3.7091, Coverage: 0.0000
  Batch 1250/4162, Loss: 4.2749, NLL: 4.2749, Coverage: 0.0000
  Batch 1260/4162, Loss: 3.6418, NLL: 3.6418, Coverage: 0.0000
  Batch 1270/4162, Loss: 3.9871, NLL: 3.9871, Coverage: 0.0000
  Batch 1280/4162, Loss: 3.7879, NLL: 3.7879, Coverage: 0.0000
  Batch 1290/4162, Loss: 4.1825, NLL: 4.1825, Coverage: 0.0000
  Batch 1300/4162, Loss: 3.5046, NLL: 3.5046, Coverage: 0.0000
  Batch 1310/4162, Loss: 3.5770, NLL: 3.5770, Coverage: 0.0000
  Batch 1320/4162, Loss: 3.9747, NLL: 3.9747, Coverage: 0.0000
  Batch 1330/4162, Loss: 3.5166, NLL: 3.5166, Coverage: 0.0000
  Batch 1340/4162, Loss: 3.6958, NLL: 3.6958, Coverage: 0.0000
  Batch 1350/4162, Loss: 3.9044, NLL: 3.9044, Coverage: 0.0000
  Batch 1360/4162, Loss: 3.9440, NLL: 3.9440, Coverage: 0.0000
  Batch 1370/4162, Loss: 3.9330, NLL: 3.9330, Coverage: 0.0000
  Batch 1380/4162, Loss: 3.9375, NLL: 3.9375, Coverage: 0.0000
  Batch 1390/4162, Loss: 3.7934, NLL: 3.7934, Coverage: 0.0000
  Batch 1400/4162, Loss: 4.0109, NLL: 4.0109, Coverage: 0.0000
  Batch 1410/4162, Loss: 4.0339, NLL: 4.0339, Coverage: 0.0000
  Batch 1420/4162, Loss: 3.4927, NLL: 3.4927, Coverage: 0.0000
  Batch 1430/4162, Loss: 3.7497, NLL: 3.7497, Coverage: 0.0000
  Batch 1440/4162, Loss: 3.4947, NLL: 3.4947, Coverage: 0.0000
  Batch 1450/4162, Loss: 3.6383, NLL: 3.6383, Coverage: 0.0000
  Batch 1460/4162, Loss: 3.6371, NLL: 3.6371, Coverage: 0.0000
  Batch 1470/4162, Loss: 3.6305, NLL: 3.6305, Coverage: 0.0000
  Batch 1480/4162, Loss: 3.7800, NLL: 3.7800, Coverage: 0.0000
  Batch 1490/4162, Loss: 4.0450, NLL: 4.0450, Coverage: 0.0000
  Batch 1500/4162, Loss: 4.0145, NLL: 4.0145, Coverage: 0.0000
  Batch 1510/4162, Loss: 3.9316, NLL: 3.9316, Coverage: 0.0000
  Batch 1520/4162, Loss: 4.3385, NLL: 4.3385, Coverage: 0.0000
  Batch 1530/4162, Loss: 3.9827, NLL: 3.9827, Coverage: 0.0000
  Batch 1540/4162, Loss: 4.1436, NLL: 4.1436, Coverage: 0.0000
  Batch 1550/4162, Loss: 3.2687, NLL: 3.2687, Coverage: 0.0000
  Batch 1560/4162, Loss: 3.9839, NLL: 3.9839, Coverage: 0.0000
  Batch 1570/4162, Loss: 4.3104, NLL: 4.3104, Coverage: 0.0000
  Batch 1580/4162, Loss: 4.2403, NLL: 4.2403, Coverage: 0.0000
  Batch 1590/4162, Loss: 4.3243, NLL: 4.3243, Coverage: 0.0000
  Batch 1600/4162, Loss: 4.3660, NLL: 4.3660, Coverage: 0.0000
  Batch 1610/4162, Loss: 3.6596, NLL: 3.6596, Coverage: 0.0000
  Batch 1620/4162, Loss: 3.4225, NLL: 3.4225, Coverage: 0.0000
  Batch 1630/4162, Loss: 3.8916, NLL: 3.8916, Coverage: 0.0000
  Batch 1640/4162, Loss: 3.6251, NLL: 3.6251, Coverage: 0.0000
  Batch 1650/4162, Loss: 4.1290, NLL: 4.1290, Coverage: 0.0000
  Batch 1660/4162, Loss: 3.9248, NLL: 3.9248, Coverage: 0.0000
  Batch 1670/4162, Loss: 3.7116, NLL: 3.7116, Coverage: 0.0000
  Batch 1680/4162, Loss: 4.1353, NLL: 4.1353, Coverage: 0.0000
  Batch 1690/4162, Loss: 3.7092, NLL: 3.7092, Coverage: 0.0000
  Batch 1700/4162, Loss: 3.8758, NLL: 3.8758, Coverage: 0.0000
  Batch 1710/4162, Loss: 4.2079, NLL: 4.2079, Coverage: 0.0000
  Batch 1720/4162, Loss: 3.6980, NLL: 3.6980, Coverage: 0.0000
  Batch 1730/4162, Loss: 4.2918, NLL: 4.2918, Coverage: 0.0000
  Batch 1740/4162, Loss: 3.9343, NLL: 3.9343, Coverage: 0.0000
  Batch 1750/4162, Loss: 3.9663, NLL: 3.9663, Coverage: 0.0000
  Batch 1760/4162, Loss: 3.9052, NLL: 3.9052, Coverage: 0.0000
  Batch 1770/4162, Loss: 3.9616, NLL: 3.9616, Coverage: 0.0000
  Batch 1780/4162, Loss: 4.1204, NLL: 4.1204, Coverage: 0.0000
  Batch 1790/4162, Loss: 4.2589, NLL: 4.2589, Coverage: 0.0000
  Batch 1800/4162, Loss: 4.2845, NLL: 4.2845, Coverage: 0.0000
  Batch 1810/4162, Loss: 4.0411, NLL: 4.0411, Coverage: 0.0000
  Batch 1820/4162, Loss: 3.7052, NLL: 3.7052, Coverage: 0.0000
  Batch 1830/4162, Loss: 3.9684, NLL: 3.9684, Coverage: 0.0000
  Batch 1840/4162, Loss: 4.0226, NLL: 4.0226, Coverage: 0.0000
  Batch 1850/4162, Loss: 4.1278, NLL: 4.1278, Coverage: 0.0000
  Batch 1860/4162, Loss: 3.7784, NLL: 3.7784, Coverage: 0.0000
  Batch 1870/4162, Loss: 4.0305, NLL: 4.0305, Coverage: 0.0000
  Batch 1880/4162, Loss: 4.0389, NLL: 4.0389, Coverage: 0.0000
  Batch 1890/4162, Loss: 4.6218, NLL: 4.6218, Coverage: 0.0000
  Batch 1900/4162, Loss: 4.3840, NLL: 4.3840, Coverage: 0.0000
  Batch 1910/4162, Loss: 3.7843, NLL: 3.7843, Coverage: 0.0000
  Batch 1920/4162, Loss: 3.8578, NLL: 3.8578, Coverage: 0.0000
  Batch 1930/4162, Loss: 3.9698, NLL: 3.9698, Coverage: 0.0000
  Batch 1940/4162, Loss: 3.7938, NLL: 3.7938, Coverage: 0.0000
  Batch 1950/4162, Loss: 3.6148, NLL: 3.6148, Coverage: 0.0000
  Batch 1960/4162, Loss: 3.6354, NLL: 3.6354, Coverage: 0.0000
  Batch 1970/4162, Loss: 3.8267, NLL: 3.8267, Coverage: 0.0000
  Batch 1980/4162, Loss: 3.8638, NLL: 3.8638, Coverage: 0.0000
  Batch 1990/4162, Loss: 4.1169, NLL: 4.1169, Coverage: 0.0000
  Batch 2000/4162, Loss: 4.3943, NLL: 4.3943, Coverage: 0.0000
  Batch 2010/4162, Loss: 3.9021, NLL: 3.9021, Coverage: 0.0000
  Batch 2020/4162, Loss: 4.4514, NLL: 4.4514, Coverage: 0.0000
  Batch 2030/4162, Loss: 4.0174, NLL: 4.0174, Coverage: 0.0000
  Batch 2040/4162, Loss: 4.0328, NLL: 4.0328, Coverage: 0.0000
  Batch 2050/4162, Loss: 4.3816, NLL: 4.3816, Coverage: 0.0000
  Batch 2060/4162, Loss: 4.3663, NLL: 4.3663, Coverage: 0.0000
  Batch 2070/4162, Loss: 3.7280, NLL: 3.7280, Coverage: 0.0000
  Batch 2080/4162, Loss: 4.3200, NLL: 4.3200, Coverage: 0.0000
  Batch 2090/4162, Loss: 4.2175, NLL: 4.2175, Coverage: 0.0000
  Batch 2100/4162, Loss: 3.9393, NLL: 3.9393, Coverage: 0.0000
  Batch 2110/4162, Loss: 3.1666, NLL: 3.1666, Coverage: 0.0000
  Batch 2120/4162, Loss: 4.0401, NLL: 4.0401, Coverage: 0.0000
  Batch 2130/4162, Loss: 4.1689, NLL: 4.1689, Coverage: 0.0000
  Batch 2140/4162, Loss: 3.8766, NLL: 3.8766, Coverage: 0.0000
  Batch 2150/4162, Loss: 4.0647, NLL: 4.0647, Coverage: 0.0000
  Batch 2160/4162, Loss: 3.8163, NLL: 3.8163, Coverage: 0.0000
  Batch 2170/4162, Loss: 4.0853, NLL: 4.0853, Coverage: 0.0000
  Batch 2180/4162, Loss: 4.0117, NLL: 4.0117, Coverage: 0.0000
  Batch 2190/4162, Loss: 3.6556, NLL: 3.6556, Coverage: 0.0000
  Batch 2200/4162, Loss: 3.7878, NLL: 3.7878, Coverage: 0.0000
  Batch 2210/4162, Loss: 4.1586, NLL: 4.1586, Coverage: 0.0000
  Batch 2220/4162, Loss: 3.8852, NLL: 3.8852, Coverage: 0.0000
  Batch 2230/4162, Loss: 3.9698, NLL: 3.9698, Coverage: 0.0000
  Batch 2240/4162, Loss: 3.9042, NLL: 3.9042, Coverage: 0.0000
  Batch 2250/4162, Loss: 3.7500, NLL: 3.7500, Coverage: 0.0000
  Batch 2260/4162, Loss: 3.6411, NLL: 3.6411, Coverage: 0.0000
  Batch 2270/4162, Loss: 3.8299, NLL: 3.8299, Coverage: 0.0000
  Batch 2280/4162, Loss: 4.5211, NLL: 4.5211, Coverage: 0.0000
  Batch 2290/4162, Loss: 3.5903, NLL: 3.5903, Coverage: 0.0000
  Batch 2300/4162, Loss: 4.1991, NLL: 4.1991, Coverage: 0.0000
  Batch 2310/4162, Loss: 4.0072, NLL: 4.0072, Coverage: 0.0000
  Batch 2320/4162, Loss: 3.4981, NLL: 3.4981, Coverage: 0.0000
  Batch 2330/4162, Loss: 3.8119, NLL: 3.8119, Coverage: 0.0000
  Batch 2340/4162, Loss: 3.8359, NLL: 3.8359, Coverage: 0.0000
  Batch 2350/4162, Loss: 3.8872, NLL: 3.8872, Coverage: 0.0000
  Batch 2360/4162, Loss: 4.2215, NLL: 4.2215, Coverage: 0.0000
  Batch 2370/4162, Loss: 4.0451, NLL: 4.0451, Coverage: 0.0000
  Batch 2380/4162, Loss: 3.8649, NLL: 3.8649, Coverage: 0.0000
  Batch 2390/4162, Loss: 4.5897, NLL: 4.5897, Coverage: 0.0000
  Batch 2400/4162, Loss: 4.0684, NLL: 4.0684, Coverage: 0.0000
  Batch 2410/4162, Loss: 4.0289, NLL: 4.0289, Coverage: 0.0000
  Batch 2420/4162, Loss: 3.6672, NLL: 3.6672, Coverage: 0.0000
  Batch 2430/4162, Loss: 3.6180, NLL: 3.6180, Coverage: 0.0000
  Batch 2440/4162, Loss: 3.9895, NLL: 3.9895, Coverage: 0.0000
  Batch 2450/4162, Loss: 3.5639, NLL: 3.5639, Coverage: 0.0000
  Batch 2460/4162, Loss: 4.2253, NLL: 4.2253, Coverage: 0.0000
  Batch 2470/4162, Loss: 3.6366, NLL: 3.6366, Coverage: 0.0000
  Batch 2480/4162, Loss: 4.1793, NLL: 4.1793, Coverage: 0.0000
  Batch 2490/4162, Loss: 3.8928, NLL: 3.8928, Coverage: 0.0000
  Batch 2500/4162, Loss: 3.7179, NLL: 3.7179, Coverage: 0.0000
  Batch 2510/4162, Loss: 3.7765, NLL: 3.7765, Coverage: 0.0000
  Batch 2520/4162, Loss: 3.6769, NLL: 3.6769, Coverage: 0.0000
  Batch 2530/4162, Loss: 4.2311, NLL: 4.2311, Coverage: 0.0000
  Batch 2540/4162, Loss: 3.3667, NLL: 3.3667, Coverage: 0.0000
  Batch 2550/4162, Loss: 4.4813, NLL: 4.4813, Coverage: 0.0000
  Batch 2560/4162, Loss: 4.1154, NLL: 4.1154, Coverage: 0.0000
  Batch 2570/4162, Loss: 3.9592, NLL: 3.9592, Coverage: 0.0000
  Batch 2580/4162, Loss: 4.2894, NLL: 4.2894, Coverage: 0.0000
  Batch 2590/4162, Loss: 4.1933, NLL: 4.1933, Coverage: 0.0000
  Batch 2600/4162, Loss: 4.1441, NLL: 4.1441, Coverage: 0.0000
  Batch 2610/4162, Loss: 3.7396, NLL: 3.7396, Coverage: 0.0000
  Batch 2620/4162, Loss: 3.8822, NLL: 3.8822, Coverage: 0.0000
  Batch 2630/4162, Loss: 3.8093, NLL: 3.8093, Coverage: 0.0000
  Batch 2640/4162, Loss: 3.7005, NLL: 3.7005, Coverage: 0.0000
  Batch 2650/4162, Loss: 3.5939, NLL: 3.5939, Coverage: 0.0000
  Batch 2660/4162, Loss: 4.1625, NLL: 4.1625, Coverage: 0.0000
  Batch 2670/4162, Loss: 3.9318, NLL: 3.9318, Coverage: 0.0000
  Batch 2680/4162, Loss: 3.8063, NLL: 3.8063, Coverage: 0.0000
  Batch 2690/4162, Loss: 4.4472, NLL: 4.4472, Coverage: 0.0000
  Batch 2700/4162, Loss: 4.6360, NLL: 4.6360, Coverage: 0.0000
  Batch 2710/4162, Loss: 3.7197, NLL: 3.7197, Coverage: 0.0000
  Batch 2720/4162, Loss: 4.1798, NLL: 4.1798, Coverage: 0.0000
  Batch 2730/4162, Loss: 3.7355, NLL: 3.7355, Coverage: 0.0000
  Batch 2740/4162, Loss: 4.3134, NLL: 4.3134, Coverage: 0.0000
  Batch 2750/4162, Loss: 3.6028, NLL: 3.6028, Coverage: 0.0000
  Batch 2760/4162, Loss: 3.8995, NLL: 3.8995, Coverage: 0.0000
  Batch 2770/4162, Loss: 3.6018, NLL: 3.6018, Coverage: 0.0000
  Batch 2780/4162, Loss: 4.3717, NLL: 4.3717, Coverage: 0.0000
  Batch 2790/4162, Loss: 3.9224, NLL: 3.9224, Coverage: 0.0000
  Batch 2800/4162, Loss: 4.0512, NLL: 4.0512, Coverage: 0.0000
  Batch 2810/4162, Loss: 3.6788, NLL: 3.6788, Coverage: 0.0000
  Batch 2820/4162, Loss: 4.5278, NLL: 4.5278, Coverage: 0.0000
  Batch 2830/4162, Loss: 4.0151, NLL: 4.0151, Coverage: 0.0000
  Batch 2840/4162, Loss: 4.5849, NLL: 4.5849, Coverage: 0.0000
  Batch 2850/4162, Loss: 3.8524, NLL: 3.8524, Coverage: 0.0000
  Batch 2860/4162, Loss: 3.8618, NLL: 3.8618, Coverage: 0.0000
  Batch 2870/4162, Loss: 4.0021, NLL: 4.0021, Coverage: 0.0000
  Batch 2880/4162, Loss: 4.3018, NLL: 4.3018, Coverage: 0.0000
  Batch 2890/4162, Loss: 4.1742, NLL: 4.1742, Coverage: 0.0000
  Batch 2900/4162, Loss: 4.1846, NLL: 4.1846, Coverage: 0.0000
  Batch 2910/4162, Loss: 3.8561, NLL: 3.8561, Coverage: 0.0000
  Batch 2920/4162, Loss: 3.7382, NLL: 3.7382, Coverage: 0.0000
  Batch 2930/4162, Loss: 4.4579, NLL: 4.4579, Coverage: 0.0000
  Batch 2940/4162, Loss: 4.2084, NLL: 4.2084, Coverage: 0.0000
  Batch 2950/4162, Loss: 3.5411, NLL: 3.5411, Coverage: 0.0000
  Batch 2960/4162, Loss: 4.2065, NLL: 4.2065, Coverage: 0.0000
  Batch 2970/4162, Loss: 3.9058, NLL: 3.9058, Coverage: 0.0000
  Batch 2980/4162, Loss: 4.1719, NLL: 4.1719, Coverage: 0.0000
  Batch 2990/4162, Loss: 3.9934, NLL: 3.9934, Coverage: 0.0000
  Batch 3000/4162, Loss: 4.1319, NLL: 4.1319, Coverage: 0.0000
  Batch 3010/4162, Loss: 3.6183, NLL: 3.6183, Coverage: 0.0000
  Batch 3020/4162, Loss: 3.5249, NLL: 3.5249, Coverage: 0.0000
  Batch 3030/4162, Loss: 4.3875, NLL: 4.3875, Coverage: 0.0000
  Batch 3040/4162, Loss: 4.0642, NLL: 4.0642, Coverage: 0.0000
  Batch 3050/4162, Loss: 3.8826, NLL: 3.8826, Coverage: 0.0000
  Batch 3060/4162, Loss: 4.1923, NLL: 4.1923, Coverage: 0.0000
  Batch 3070/4162, Loss: 4.1120, NLL: 4.1120, Coverage: 0.0000
  Batch 3080/4162, Loss: 4.1868, NLL: 4.1868, Coverage: 0.0000
  Batch 3090/4162, Loss: 3.6122, NLL: 3.6122, Coverage: 0.0000
  Batch 3100/4162, Loss: 4.0364, NLL: 4.0364, Coverage: 0.0000
  Batch 3110/4162, Loss: 3.8815, NLL: 3.8815, Coverage: 0.0000
  Batch 3120/4162, Loss: 4.5003, NLL: 4.5003, Coverage: 0.0000
  Batch 3130/4162, Loss: 4.1816, NLL: 4.1816, Coverage: 0.0000
  Batch 3140/4162, Loss: 3.7548, NLL: 3.7548, Coverage: 0.0000
  Batch 3150/4162, Loss: 3.9374, NLL: 3.9374, Coverage: 0.0000
  Batch 3160/4162, Loss: 3.8585, NLL: 3.8585, Coverage: 0.0000
  Batch 3170/4162, Loss: 3.9911, NLL: 3.9911, Coverage: 0.0000
  Batch 3180/4162, Loss: 4.3034, NLL: 4.3034, Coverage: 0.0000
  Batch 3190/4162, Loss: 4.0632, NLL: 4.0632, Coverage: 0.0000
  Batch 3200/4162, Loss: 4.0313, NLL: 4.0313, Coverage: 0.0000
  Batch 3210/4162, Loss: 3.6094, NLL: 3.6094, Coverage: 0.0000
  Batch 3220/4162, Loss: 3.9347, NLL: 3.9347, Coverage: 0.0000
  Batch 3230/4162, Loss: 3.6679, NLL: 3.6679, Coverage: 0.0000
  Batch 3240/4162, Loss: 4.0947, NLL: 4.0947, Coverage: 0.0000
  Batch 3250/4162, Loss: 3.6991, NLL: 3.6991, Coverage: 0.0000
  Batch 3260/4162, Loss: 3.4416, NLL: 3.4416, Coverage: 0.0000
  Batch 3270/4162, Loss: 4.1073, NLL: 4.1073, Coverage: 0.0000
  Batch 3280/4162, Loss: 3.8057, NLL: 3.8057, Coverage: 0.0000
  Batch 3290/4162, Loss: 4.2856, NLL: 4.2856, Coverage: 0.0000
  Batch 3300/4162, Loss: 3.3731, NLL: 3.3731, Coverage: 0.0000
  Batch 3310/4162, Loss: 3.9505, NLL: 3.9505, Coverage: 0.0000
  Batch 3320/4162, Loss: 3.7644, NLL: 3.7644, Coverage: 0.0000
  Batch 3330/4162, Loss: 3.9071, NLL: 3.9071, Coverage: 0.0000
  Batch 3340/4162, Loss: 3.7167, NLL: 3.7167, Coverage: 0.0000
  Batch 3350/4162, Loss: 4.1490, NLL: 4.1490, Coverage: 0.0000
  Batch 3360/4162, Loss: 4.1916, NLL: 4.1916, Coverage: 0.0000
  Batch 3370/4162, Loss: 4.0955, NLL: 4.0955, Coverage: 0.0000
  Batch 3380/4162, Loss: 3.8606, NLL: 3.8606, Coverage: 0.0000
  Batch 3390/4162, Loss: 3.7599, NLL: 3.7599, Coverage: 0.0000
  Batch 3400/4162, Loss: 3.9122, NLL: 3.9122, Coverage: 0.0000
  Batch 3410/4162, Loss: 4.3354, NLL: 4.3354, Coverage: 0.0000
  Batch 3420/4162, Loss: 3.8494, NLL: 3.8494, Coverage: 0.0000
  Batch 3430/4162, Loss: 4.0021, NLL: 4.0021, Coverage: 0.0000
  Batch 3440/4162, Loss: 3.8508, NLL: 3.8508, Coverage: 0.0000
  Batch 3450/4162, Loss: 4.1467, NLL: 4.1467, Coverage: 0.0000
  Batch 3460/4162, Loss: 3.8279, NLL: 3.8279, Coverage: 0.0000
  Batch 3470/4162, Loss: 3.9210, NLL: 3.9210, Coverage: 0.0000
  Batch 3480/4162, Loss: 3.9937, NLL: 3.9937, Coverage: 0.0000
  Batch 3490/4162, Loss: 4.2380, NLL: 4.2380, Coverage: 0.0000
  Batch 3500/4162, Loss: 3.8850, NLL: 3.8850, Coverage: 0.0000
  Batch 3510/4162, Loss: 4.0679, NLL: 4.0679, Coverage: 0.0000
  Batch 3520/4162, Loss: 4.1438, NLL: 4.1438, Coverage: 0.0000
  Batch 3530/4162, Loss: 3.7140, NLL: 3.7140, Coverage: 0.0000
  Batch 3540/4162, Loss: 4.0337, NLL: 4.0337, Coverage: 0.0000
  Batch 3550/4162, Loss: 3.7957, NLL: 3.7957, Coverage: 0.0000
  Batch 3560/4162, Loss: 3.9086, NLL: 3.9086, Coverage: 0.0000
  Batch 3570/4162, Loss: 3.9838, NLL: 3.9838, Coverage: 0.0000
  Batch 3580/4162, Loss: 4.1679, NLL: 4.1679, Coverage: 0.0000
  Batch 3590/4162, Loss: 3.7325, NLL: 3.7325, Coverage: 0.0000
  Batch 3600/4162, Loss: 3.7479, NLL: 3.7479, Coverage: 0.0000
  Batch 3610/4162, Loss: 3.6448, NLL: 3.6448, Coverage: 0.0000
  Batch 3620/4162, Loss: 4.0595, NLL: 4.0595, Coverage: 0.0000
  Batch 3630/4162, Loss: 4.2427, NLL: 4.2427, Coverage: 0.0000
  Batch 3640/4162, Loss: 4.2356, NLL: 4.2356, Coverage: 0.0000
  Batch 3650/4162, Loss: 4.7230, NLL: 4.7230, Coverage: 0.0000
  Batch 3660/4162, Loss: 3.3877, NLL: 3.3877, Coverage: 0.0000
  Batch 3670/4162, Loss: 3.9387, NLL: 3.9387, Coverage: 0.0000
  Batch 3680/4162, Loss: 3.5115, NLL: 3.5115, Coverage: 0.0000
  Batch 3690/4162, Loss: 4.0424, NLL: 4.0424, Coverage: 0.0000
  Batch 3700/4162, Loss: 3.6018, NLL: 3.6018, Coverage: 0.0000
  Batch 3710/4162, Loss: 4.1333, NLL: 4.1333, Coverage: 0.0000
  Batch 3720/4162, Loss: 4.0327, NLL: 4.0327, Coverage: 0.0000
  Batch 3730/4162, Loss: 4.0754, NLL: 4.0754, Coverage: 0.0000
  Batch 3740/4162, Loss: 3.7474, NLL: 3.7474, Coverage: 0.0000
  Batch 3750/4162, Loss: 4.3333, NLL: 4.3333, Coverage: 0.0000
  Batch 3760/4162, Loss: 3.8729, NLL: 3.8729, Coverage: 0.0000
  Batch 3770/4162, Loss: 3.6713, NLL: 3.6713, Coverage: 0.0000
  Batch 3780/4162, Loss: 3.7476, NLL: 3.7476, Coverage: 0.0000
  Batch 3790/4162, Loss: 4.0902, NLL: 4.0902, Coverage: 0.0000
  Batch 3800/4162, Loss: 3.5066, NLL: 3.5066, Coverage: 0.0000
  Batch 3810/4162, Loss: 4.3464, NLL: 4.3464, Coverage: 0.0000
  Batch 3820/4162, Loss: 3.5779, NLL: 3.5779, Coverage: 0.0000
  Batch 3830/4162, Loss: 3.9783, NLL: 3.9783, Coverage: 0.0000
  Batch 3840/4162, Loss: 3.8984, NLL: 3.8984, Coverage: 0.0000
  Batch 3850/4162, Loss: 3.7674, NLL: 3.7674, Coverage: 0.0000
  Batch 3860/4162, Loss: 3.6716, NLL: 3.6716, Coverage: 0.0000
  Batch 3870/4162, Loss: 4.3782, NLL: 4.3782, Coverage: 0.0000
  Batch 3880/4162, Loss: 3.6243, NLL: 3.6243, Coverage: 0.0000
  Batch 3890/4162, Loss: 4.1503, NLL: 4.1503, Coverage: 0.0000
  Batch 3900/4162, Loss: 3.9794, NLL: 3.9794, Coverage: 0.0000
  Batch 3910/4162, Loss: 3.6141, NLL: 3.6141, Coverage: 0.0000
  Batch 3920/4162, Loss: 4.1071, NLL: 4.1071, Coverage: 0.0000
  Batch 3930/4162, Loss: 4.0364, NLL: 4.0364, Coverage: 0.0000
  Batch 3940/4162, Loss: 3.9933, NLL: 3.9933, Coverage: 0.0000
  Batch 3950/4162, Loss: 4.0806, NLL: 4.0806, Coverage: 0.0000
  Batch 3960/4162, Loss: 3.7441, NLL: 3.7441, Coverage: 0.0000
  Batch 3970/4162, Loss: 3.9441, NLL: 3.9441, Coverage: 0.0000
  Batch 3980/4162, Loss: 4.0601, NLL: 4.0601, Coverage: 0.0000
  Batch 3990/4162, Loss: 4.3937, NLL: 4.3937, Coverage: 0.0000
  Batch 4000/4162, Loss: 3.5758, NLL: 3.5758, Coverage: 0.0000
  Batch 4010/4162, Loss: 4.0747, NLL: 4.0747, Coverage: 0.0000
  Batch 4020/4162, Loss: 4.0562, NLL: 4.0562, Coverage: 0.0000
  Batch 4030/4162, Loss: 3.9097, NLL: 3.9097, Coverage: 0.0000
  Batch 4040/4162, Loss: 4.0720, NLL: 4.0720, Coverage: 0.0000
  Batch 4050/4162, Loss: 3.9965, NLL: 3.9965, Coverage: 0.0000
  Batch 4060/4162, Loss: 4.1114, NLL: 4.1114, Coverage: 0.0000
  Batch 4070/4162, Loss: 3.7997, NLL: 3.7997, Coverage: 0.0000
  Batch 4080/4162, Loss: 4.3367, NLL: 4.3367, Coverage: 0.0000
  Batch 4090/4162, Loss: 3.8254, NLL: 3.8254, Coverage: 0.0000
  Batch 4100/4162, Loss: 4.1203, NLL: 4.1203, Coverage: 0.0000
  Batch 4110/4162, Loss: 3.8154, NLL: 3.8154, Coverage: 0.0000
  Batch 4120/4162, Loss: 4.0839, NLL: 4.0839, Coverage: 0.0000
  Batch 4130/4162, Loss: 4.2533, NLL: 4.2533, Coverage: 0.0000
  Batch 4140/4162, Loss: 3.8770, NLL: 3.8770, Coverage: 0.0000
  Batch 4150/4162, Loss: 4.0482, NLL: 4.0482, Coverage: 0.0000
  Batch 4160/4162, Loss: 3.5042, NLL: 3.5042, Coverage: 0.0000

  Train Loss: 3.9704 (NLL: 3.9704, Coverage: 0.0000)
  Val Loss: 6.4862 (NLL: 6.4862, Coverage: 0.0000)
  Time: 28m 19s

Epoch 20/20
----------------------------------------
  Batch 10/4162, Loss: 4.1504, NLL: 4.1504, Coverage: 0.0000
  Batch 20/4162, Loss: 3.5081, NLL: 3.5081, Coverage: 0.0000
  Batch 30/4162, Loss: 4.1461, NLL: 4.1461, Coverage: 0.0000
  Batch 40/4162, Loss: 3.7126, NLL: 3.7126, Coverage: 0.0000
  Batch 50/4162, Loss: 3.8873, NLL: 3.8873, Coverage: 0.0000
  Batch 60/4162, Loss: 3.9945, NLL: 3.9945, Coverage: 0.0000
  Batch 70/4162, Loss: 4.3892, NLL: 4.3892, Coverage: 0.0000
  Batch 80/4162, Loss: 4.4236, NLL: 4.4236, Coverage: 0.0000
  Batch 90/4162, Loss: 4.0326, NLL: 4.0326, Coverage: 0.0000
  Batch 100/4162, Loss: 3.3849, NLL: 3.3849, Coverage: 0.0000
  Batch 110/4162, Loss: 3.9939, NLL: 3.9939, Coverage: 0.0000
  Batch 120/4162, Loss: 4.0210, NLL: 4.0210, Coverage: 0.0000
  Batch 130/4162, Loss: 4.0020, NLL: 4.0020, Coverage: 0.0000
  Batch 140/4162, Loss: 3.3449, NLL: 3.3449, Coverage: 0.0000
  Batch 150/4162, Loss: 4.3575, NLL: 4.3575, Coverage: 0.0000
  Batch 160/4162, Loss: 4.3343, NLL: 4.3343, Coverage: 0.0000
  Batch 170/4162, Loss: 4.3328, NLL: 4.3328, Coverage: 0.0000
  Batch 180/4162, Loss: 3.8516, NLL: 3.8516, Coverage: 0.0000
  Batch 190/4162, Loss: 3.7672, NLL: 3.7672, Coverage: 0.0000
  Batch 200/4162, Loss: 4.0455, NLL: 4.0455, Coverage: 0.0000
  Batch 210/4162, Loss: 3.6331, NLL: 3.6331, Coverage: 0.0000
  Batch 220/4162, Loss: 4.3738, NLL: 4.3738, Coverage: 0.0000
  Batch 230/4162, Loss: 3.6540, NLL: 3.6540, Coverage: 0.0000
  Batch 240/4162, Loss: 3.6575, NLL: 3.6575, Coverage: 0.0000
  Batch 250/4162, Loss: 4.0745, NLL: 4.0745, Coverage: 0.0000
  Batch 260/4162, Loss: 4.1964, NLL: 4.1964, Coverage: 0.0000
  Batch 270/4162, Loss: 4.3405, NLL: 4.3405, Coverage: 0.0000
  Batch 280/4162, Loss: 3.8178, NLL: 3.8178, Coverage: 0.0000
  Batch 290/4162, Loss: 4.5589, NLL: 4.5589, Coverage: 0.0000
  Batch 300/4162, Loss: 3.7040, NLL: 3.7040, Coverage: 0.0000
  Batch 310/4162, Loss: 4.1321, NLL: 4.1321, Coverage: 0.0000
  Batch 320/4162, Loss: 3.7164, NLL: 3.7164, Coverage: 0.0000
  Batch 330/4162, Loss: 4.0555, NLL: 4.0555, Coverage: 0.0000
  Batch 340/4162, Loss: 4.0526, NLL: 4.0526, Coverage: 0.0000
  Batch 350/4162, Loss: 3.8137, NLL: 3.8137, Coverage: 0.0000
  Batch 360/4162, Loss: 4.2055, NLL: 4.2055, Coverage: 0.0000
  Batch 370/4162, Loss: 3.8531, NLL: 3.8531, Coverage: 0.0000
  Batch 380/4162, Loss: 3.7257, NLL: 3.7257, Coverage: 0.0000
  Batch 390/4162, Loss: 3.6688, NLL: 3.6688, Coverage: 0.0000
  Batch 400/4162, Loss: 3.7498, NLL: 3.7498, Coverage: 0.0000
  Batch 410/4162, Loss: 4.0679, NLL: 4.0679, Coverage: 0.0000
  Batch 420/4162, Loss: 4.0917, NLL: 4.0917, Coverage: 0.0000
  Batch 430/4162, Loss: 4.0367, NLL: 4.0367, Coverage: 0.0000
  Batch 440/4162, Loss: 4.0249, NLL: 4.0249, Coverage: 0.0000
  Batch 450/4162, Loss: 4.1744, NLL: 4.1744, Coverage: 0.0000
  Batch 460/4162, Loss: 4.0200, NLL: 4.0200, Coverage: 0.0000
  Batch 470/4162, Loss: 3.9372, NLL: 3.9372, Coverage: 0.0000
  Batch 480/4162, Loss: 3.9077, NLL: 3.9077, Coverage: 0.0000
  Batch 490/4162, Loss: 3.5134, NLL: 3.5134, Coverage: 0.0000
  Batch 500/4162, Loss: 3.7938, NLL: 3.7938, Coverage: 0.0000
  Batch 510/4162, Loss: 4.0639, NLL: 4.0639, Coverage: 0.0000
  Batch 520/4162, Loss: 3.8534, NLL: 3.8534, Coverage: 0.0000
  Batch 530/4162, Loss: 3.9699, NLL: 3.9699, Coverage: 0.0000
  Batch 540/4162, Loss: 4.0592, NLL: 4.0592, Coverage: 0.0000
  Batch 550/4162, Loss: 4.0295, NLL: 4.0295, Coverage: 0.0000
  Batch 560/4162, Loss: 3.5341, NLL: 3.5341, Coverage: 0.0000
  Batch 570/4162, Loss: 3.8734, NLL: 3.8734, Coverage: 0.0000
  Batch 580/4162, Loss: 3.9221, NLL: 3.9221, Coverage: 0.0000
  Batch 590/4162, Loss: 3.7027, NLL: 3.7027, Coverage: 0.0000
  Batch 600/4162, Loss: 3.6553, NLL: 3.6553, Coverage: 0.0000
  Batch 610/4162, Loss: 4.3320, NLL: 4.3320, Coverage: 0.0000
  Batch 620/4162, Loss: 3.6549, NLL: 3.6549, Coverage: 0.0000
  Batch 630/4162, Loss: 3.8480, NLL: 3.8480, Coverage: 0.0000
  Batch 640/4162, Loss: 3.7437, NLL: 3.7437, Coverage: 0.0000
  Batch 650/4162, Loss: 4.0677, NLL: 4.0677, Coverage: 0.0000
  Batch 660/4162, Loss: 3.9360, NLL: 3.9360, Coverage: 0.0000
  Batch 670/4162, Loss: 3.4846, NLL: 3.4846, Coverage: 0.0000
  Batch 680/4162, Loss: 4.1449, NLL: 4.1449, Coverage: 0.0000
  Batch 690/4162, Loss: 4.1728, NLL: 4.1728, Coverage: 0.0000
  Batch 700/4162, Loss: 4.4160, NLL: 4.4160, Coverage: 0.0000
  Batch 710/4162, Loss: 4.0420, NLL: 4.0420, Coverage: 0.0000
  Batch 720/4162, Loss: 4.1603, NLL: 4.1603, Coverage: 0.0000
  Batch 730/4162, Loss: 3.8117, NLL: 3.8117, Coverage: 0.0000
  Batch 740/4162, Loss: 3.8267, NLL: 3.8267, Coverage: 0.0000
  Batch 750/4162, Loss: 3.5856, NLL: 3.5856, Coverage: 0.0000
  Batch 760/4162, Loss: 3.9274, NLL: 3.9274, Coverage: 0.0000
  Batch 770/4162, Loss: 4.1834, NLL: 4.1834, Coverage: 0.0000
  Batch 780/4162, Loss: 3.9275, NLL: 3.9275, Coverage: 0.0000
  Batch 790/4162, Loss: 3.8916, NLL: 3.8916, Coverage: 0.0000
  Batch 800/4162, Loss: 3.9479, NLL: 3.9479, Coverage: 0.0000
  Batch 810/4162, Loss: 3.9154, NLL: 3.9154, Coverage: 0.0000
  Batch 820/4162, Loss: 4.1766, NLL: 4.1766, Coverage: 0.0000
  Batch 830/4162, Loss: 4.2586, NLL: 4.2586, Coverage: 0.0000
  Batch 840/4162, Loss: 3.9129, NLL: 3.9129, Coverage: 0.0000
  Batch 850/4162, Loss: 3.8463, NLL: 3.8463, Coverage: 0.0000
  Batch 860/4162, Loss: 3.5221, NLL: 3.5221, Coverage: 0.0000
  Batch 870/4162, Loss: 3.6196, NLL: 3.6196, Coverage: 0.0000
  Batch 880/4162, Loss: 3.7998, NLL: 3.7998, Coverage: 0.0000
  Batch 890/4162, Loss: 4.0495, NLL: 4.0495, Coverage: 0.0000
  Batch 900/4162, Loss: 4.2181, NLL: 4.2181, Coverage: 0.0000
  Batch 910/4162, Loss: 3.9173, NLL: 3.9173, Coverage: 0.0000
  Batch 920/4162, Loss: 3.8557, NLL: 3.8557, Coverage: 0.0000
  Batch 930/4162, Loss: 3.9754, NLL: 3.9754, Coverage: 0.0000
  Batch 940/4162, Loss: 3.8387, NLL: 3.8387, Coverage: 0.0000
  Batch 950/4162, Loss: 3.8700, NLL: 3.8700, Coverage: 0.0000
  Batch 960/4162, Loss: 3.5414, NLL: 3.5414, Coverage: 0.0000
  Batch 970/4162, Loss: 4.1337, NLL: 4.1337, Coverage: 0.0000
  Batch 980/4162, Loss: 4.0138, NLL: 4.0138, Coverage: 0.0000
  Batch 990/4162, Loss: 3.1842, NLL: 3.1842, Coverage: 0.0000
  Batch 1000/4162, Loss: 3.4452, NLL: 3.4452, Coverage: 0.0000
  Batch 1010/4162, Loss: 3.6027, NLL: 3.6027, Coverage: 0.0000
  Batch 1020/4162, Loss: 4.0729, NLL: 4.0729, Coverage: 0.0000
  Batch 1030/4162, Loss: 3.9487, NLL: 3.9487, Coverage: 0.0000
  Batch 1040/4162, Loss: 4.0314, NLL: 4.0314, Coverage: 0.0000
  Batch 1050/4162, Loss: 3.7947, NLL: 3.7947, Coverage: 0.0000
  Batch 1060/4162, Loss: 4.1761, NLL: 4.1761, Coverage: 0.0000
  Batch 1070/4162, Loss: 4.0899, NLL: 4.0899, Coverage: 0.0000
  Batch 1080/4162, Loss: 3.7684, NLL: 3.7684, Coverage: 0.0000
  Batch 1090/4162, Loss: 3.5301, NLL: 3.5301, Coverage: 0.0000
  Batch 1100/4162, Loss: 4.1226, NLL: 4.1226, Coverage: 0.0000
  Batch 1110/4162, Loss: 4.2622, NLL: 4.2622, Coverage: 0.0000
  Batch 1120/4162, Loss: 3.5818, NLL: 3.5818, Coverage: 0.0000
  Batch 1130/4162, Loss: 3.8258, NLL: 3.8258, Coverage: 0.0000
  Batch 1140/4162, Loss: 4.2469, NLL: 4.2469, Coverage: 0.0000
  Batch 1150/4162, Loss: 4.4059, NLL: 4.4059, Coverage: 0.0000
  Batch 1160/4162, Loss: 4.0210, NLL: 4.0210, Coverage: 0.0000
  Batch 1170/4162, Loss: 4.7430, NLL: 4.7430, Coverage: 0.0000
  Batch 1180/4162, Loss: 4.0063, NLL: 4.0063, Coverage: 0.0000
  Batch 1190/4162, Loss: 3.5347, NLL: 3.5347, Coverage: 0.0000
  Batch 1200/4162, Loss: 3.5425, NLL: 3.5425, Coverage: 0.0000
  Batch 1210/4162, Loss: 3.4452, NLL: 3.4452, Coverage: 0.0000
  Batch 1220/4162, Loss: 3.6314, NLL: 3.6314, Coverage: 0.0000
  Batch 1230/4162, Loss: 3.7798, NLL: 3.7798, Coverage: 0.0000
  Batch 1240/4162, Loss: 3.7436, NLL: 3.7436, Coverage: 0.0000
  Batch 1250/4162, Loss: 4.2232, NLL: 4.2232, Coverage: 0.0000
  Batch 1260/4162, Loss: 3.7779, NLL: 3.7779, Coverage: 0.0000
  Batch 1270/4162, Loss: 3.9462, NLL: 3.9462, Coverage: 0.0000
  Batch 1280/4162, Loss: 4.3423, NLL: 4.3423, Coverage: 0.0000
  Batch 1290/4162, Loss: 3.8972, NLL: 3.8972, Coverage: 0.0000
  Batch 1300/4162, Loss: 4.1290, NLL: 4.1290, Coverage: 0.0000
  Batch 1310/4162, Loss: 4.5363, NLL: 4.5363, Coverage: 0.0000
  Batch 1320/4162, Loss: 3.6247, NLL: 3.6247, Coverage: 0.0000
  Batch 1330/4162, Loss: 4.0768, NLL: 4.0768, Coverage: 0.0000
  Batch 1340/4162, Loss: 4.1990, NLL: 4.1990, Coverage: 0.0000
  Batch 1350/4162, Loss: 3.6482, NLL: 3.6482, Coverage: 0.0000
  Batch 1360/4162, Loss: 4.3941, NLL: 4.3941, Coverage: 0.0000
  Batch 1370/4162, Loss: 3.7862, NLL: 3.7862, Coverage: 0.0000
  Batch 1380/4162, Loss: 3.7240, NLL: 3.7240, Coverage: 0.0000
  Batch 1390/4162, Loss: 4.0510, NLL: 4.0510, Coverage: 0.0000
  Batch 1400/4162, Loss: 4.0962, NLL: 4.0962, Coverage: 0.0000
  Batch 1410/4162, Loss: 3.7378, NLL: 3.7378, Coverage: 0.0000
  Batch 1420/4162, Loss: 3.9688, NLL: 3.9688, Coverage: 0.0000
  Batch 1430/4162, Loss: 3.5786, NLL: 3.5786, Coverage: 0.0000
  Batch 1440/4162, Loss: 4.0444, NLL: 4.0444, Coverage: 0.0000
  Batch 1450/4162, Loss: 3.9726, NLL: 3.9726, Coverage: 0.0000
  Batch 1460/4162, Loss: 4.4861, NLL: 4.4861, Coverage: 0.0000
  Batch 1470/4162, Loss: 4.3989, NLL: 4.3989, Coverage: 0.0000
  Batch 1480/4162, Loss: 3.6396, NLL: 3.6396, Coverage: 0.0000
  Batch 1490/4162, Loss: 4.1974, NLL: 4.1974, Coverage: 0.0000
  Batch 1500/4162, Loss: 3.7792, NLL: 3.7792, Coverage: 0.0000
  Batch 1510/4162, Loss: 4.1528, NLL: 4.1528, Coverage: 0.0000
  Batch 1520/4162, Loss: 4.0330, NLL: 4.0330, Coverage: 0.0000
  Batch 1530/4162, Loss: 4.0024, NLL: 4.0024, Coverage: 0.0000
  Batch 1540/4162, Loss: 4.1676, NLL: 4.1676, Coverage: 0.0000
  Batch 1550/4162, Loss: 4.0297, NLL: 4.0297, Coverage: 0.0000
  Batch 1560/4162, Loss: 4.0387, NLL: 4.0387, Coverage: 0.0000
  Batch 1570/4162, Loss: 3.9676, NLL: 3.9676, Coverage: 0.0000
  Batch 1580/4162, Loss: 3.9382, NLL: 3.9382, Coverage: 0.0000
  Batch 1590/4162, Loss: 3.6895, NLL: 3.6895, Coverage: 0.0000
  Batch 1600/4162, Loss: 3.5735, NLL: 3.5735, Coverage: 0.0000
  Batch 1610/4162, Loss: 4.0212, NLL: 4.0212, Coverage: 0.0000
  Batch 1620/4162, Loss: 4.1947, NLL: 4.1947, Coverage: 0.0000
  Batch 1630/4162, Loss: 3.1706, NLL: 3.1706, Coverage: 0.0000
  Batch 1640/4162, Loss: 3.7330, NLL: 3.7330, Coverage: 0.0000
  Batch 1650/4162, Loss: 3.8916, NLL: 3.8916, Coverage: 0.0000
  Batch 1660/4162, Loss: 3.9251, NLL: 3.9251, Coverage: 0.0000
  Batch 1670/4162, Loss: 3.4782, NLL: 3.4782, Coverage: 0.0000
  Batch 1680/4162, Loss: 3.7967, NLL: 3.7967, Coverage: 0.0000
  Batch 1690/4162, Loss: 4.0365, NLL: 4.0365, Coverage: 0.0000
  Batch 1700/4162, Loss: 4.0168, NLL: 4.0168, Coverage: 0.0000
  Batch 1710/4162, Loss: 3.4493, NLL: 3.4493, Coverage: 0.0000
  Batch 1720/4162, Loss: 4.5624, NLL: 4.5624, Coverage: 0.0000
  Batch 1730/4162, Loss: 4.4483, NLL: 4.4483, Coverage: 0.0000
  Batch 1740/4162, Loss: 3.9466, NLL: 3.9466, Coverage: 0.0000
  Batch 1750/4162, Loss: 3.2878, NLL: 3.2878, Coverage: 0.0000
  Batch 1760/4162, Loss: 3.8569, NLL: 3.8569, Coverage: 0.0000
  Batch 1770/4162, Loss: 4.0293, NLL: 4.0293, Coverage: 0.0000
  Batch 1780/4162, Loss: 4.3189, NLL: 4.3189, Coverage: 0.0000
  Batch 1790/4162, Loss: 4.0447, NLL: 4.0447, Coverage: 0.0000
  Batch 1800/4162, Loss: 3.5400, NLL: 3.5400, Coverage: 0.0000
  Batch 1810/4162, Loss: 4.4060, NLL: 4.4060, Coverage: 0.0000
  Batch 1820/4162, Loss: 3.8882, NLL: 3.8882, Coverage: 0.0000
  Batch 1830/4162, Loss: 3.6623, NLL: 3.6623, Coverage: 0.0000
  Batch 1840/4162, Loss: 4.2072, NLL: 4.2072, Coverage: 0.0000
  Batch 1850/4162, Loss: 4.0332, NLL: 4.0332, Coverage: 0.0000
  Batch 1860/4162, Loss: 4.6846, NLL: 4.6846, Coverage: 0.0000
  Batch 1870/4162, Loss: 4.2069, NLL: 4.2069, Coverage: 0.0000
  Batch 1880/4162, Loss: 3.7154, NLL: 3.7154, Coverage: 0.0000
  Batch 1890/4162, Loss: 4.0164, NLL: 4.0164, Coverage: 0.0000
  Batch 1900/4162, Loss: 3.7493, NLL: 3.7493, Coverage: 0.0000
  Batch 1910/4162, Loss: 4.0803, NLL: 4.0803, Coverage: 0.0000
  Batch 1920/4162, Loss: 4.3028, NLL: 4.3028, Coverage: 0.0000
  Batch 1930/4162, Loss: 4.1006, NLL: 4.1006, Coverage: 0.0000
  Batch 1940/4162, Loss: 3.5849, NLL: 3.5849, Coverage: 0.0000
  Batch 1950/4162, Loss: 3.5595, NLL: 3.5595, Coverage: 0.0000
  Batch 1960/4162, Loss: 3.6639, NLL: 3.6639, Coverage: 0.0000
  Batch 1970/4162, Loss: 4.4323, NLL: 4.4323, Coverage: 0.0000
  Batch 1980/4162, Loss: 4.0843, NLL: 4.0843, Coverage: 0.0000
  Batch 1990/4162, Loss: 3.8594, NLL: 3.8594, Coverage: 0.0000
  Batch 2000/4162, Loss: 4.4074, NLL: 4.4074, Coverage: 0.0000
  Batch 2010/4162, Loss: 4.2779, NLL: 4.2779, Coverage: 0.0000
  Batch 2020/4162, Loss: 4.1251, NLL: 4.1251, Coverage: 0.0000
  Batch 2030/4162, Loss: 3.8803, NLL: 3.8803, Coverage: 0.0000
  Batch 2040/4162, Loss: 4.3380, NLL: 4.3380, Coverage: 0.0000
  Batch 2050/4162, Loss: 4.2412, NLL: 4.2412, Coverage: 0.0000
  Batch 2060/4162, Loss: 3.8642, NLL: 3.8642, Coverage: 0.0000
  Batch 2070/4162, Loss: 4.1099, NLL: 4.1099, Coverage: 0.0000
  Batch 2080/4162, Loss: 3.9381, NLL: 3.9381, Coverage: 0.0000
  Batch 2090/4162, Loss: 3.9440, NLL: 3.9440, Coverage: 0.0000
  Batch 2100/4162, Loss: 3.3277, NLL: 3.3277, Coverage: 0.0000
  Batch 2110/4162, Loss: 3.8048, NLL: 3.8048, Coverage: 0.0000
  Batch 2120/4162, Loss: 3.4573, NLL: 3.4573, Coverage: 0.0000
  Batch 2130/4162, Loss: 3.9679, NLL: 3.9679, Coverage: 0.0000
  Batch 2140/4162, Loss: 3.7049, NLL: 3.7049, Coverage: 0.0000
  Batch 2150/4162, Loss: 4.2261, NLL: 4.2261, Coverage: 0.0000
  Batch 2160/4162, Loss: 3.7281, NLL: 3.7281, Coverage: 0.0000
  Batch 2170/4162, Loss: 4.7161, NLL: 4.7161, Coverage: 0.0000
  Batch 2180/4162, Loss: 3.8724, NLL: 3.8724, Coverage: 0.0000
  Batch 2190/4162, Loss: 3.9258, NLL: 3.9258, Coverage: 0.0000
  Batch 2200/4162, Loss: 4.2049, NLL: 4.2049, Coverage: 0.0000
  Batch 2210/4162, Loss: 4.1226, NLL: 4.1226, Coverage: 0.0000
  Batch 2220/4162, Loss: 3.4139, NLL: 3.4139, Coverage: 0.0000
  Batch 2230/4162, Loss: 4.0934, NLL: 4.0934, Coverage: 0.0000
  Batch 2240/4162, Loss: 3.5420, NLL: 3.5420, Coverage: 0.0000
  Batch 2250/4162, Loss: 4.0832, NLL: 4.0832, Coverage: 0.0000
  Batch 2260/4162, Loss: 3.8151, NLL: 3.8151, Coverage: 0.0000
  Batch 2270/4162, Loss: 3.6149, NLL: 3.6149, Coverage: 0.0000
  Batch 2280/4162, Loss: 4.0510, NLL: 4.0510, Coverage: 0.0000
  Batch 2290/4162, Loss: 4.2213, NLL: 4.2213, Coverage: 0.0000
  Batch 2300/4162, Loss: 3.5486, NLL: 3.5486, Coverage: 0.0000
  Batch 2310/4162, Loss: 4.4263, NLL: 4.4263, Coverage: 0.0000
  Batch 2320/4162, Loss: 3.8728, NLL: 3.8728, Coverage: 0.0000
  Batch 2330/4162, Loss: 4.0454, NLL: 4.0454, Coverage: 0.0000
  Batch 2340/4162, Loss: 4.1216, NLL: 4.1216, Coverage: 0.0000
  Batch 2350/4162, Loss: 4.3308, NLL: 4.3308, Coverage: 0.0000
  Batch 2360/4162, Loss: 3.9205, NLL: 3.9205, Coverage: 0.0000
  Batch 2370/4162, Loss: 4.1478, NLL: 4.1478, Coverage: 0.0000
  Batch 2380/4162, Loss: 3.8428, NLL: 3.8428, Coverage: 0.0000
  Batch 2390/4162, Loss: 3.8837, NLL: 3.8837, Coverage: 0.0000
  Batch 2400/4162, Loss: 3.9344, NLL: 3.9344, Coverage: 0.0000
  Batch 2410/4162, Loss: 3.6359, NLL: 3.6359, Coverage: 0.0000
  Batch 2420/4162, Loss: 4.3041, NLL: 4.3041, Coverage: 0.0000
  Batch 2430/4162, Loss: 4.3717, NLL: 4.3717, Coverage: 0.0000
  Batch 2440/4162, Loss: 3.9177, NLL: 3.9177, Coverage: 0.0000
  Batch 2450/4162, Loss: 4.2995, NLL: 4.2995, Coverage: 0.0000
  Batch 2460/4162, Loss: 3.7384, NLL: 3.7384, Coverage: 0.0000
  Batch 2470/4162, Loss: 3.7698, NLL: 3.7698, Coverage: 0.0000
  Batch 2480/4162, Loss: 4.0961, NLL: 4.0961, Coverage: 0.0000
  Batch 2490/4162, Loss: 4.0199, NLL: 4.0199, Coverage: 0.0000
  Batch 2500/4162, Loss: 3.4056, NLL: 3.4056, Coverage: 0.0000
  Batch 2510/4162, Loss: 3.9363, NLL: 3.9363, Coverage: 0.0000
  Batch 2520/4162, Loss: 4.1767, NLL: 4.1767, Coverage: 0.0000
  Batch 2530/4162, Loss: 3.8963, NLL: 3.8963, Coverage: 0.0000
  Batch 2540/4162, Loss: 4.0484, NLL: 4.0484, Coverage: 0.0000
  Batch 2550/4162, Loss: 3.9814, NLL: 3.9814, Coverage: 0.0000
  Batch 2560/4162, Loss: 3.5998, NLL: 3.5998, Coverage: 0.0000
  Batch 2570/4162, Loss: 4.1425, NLL: 4.1425, Coverage: 0.0000
  Batch 2580/4162, Loss: 3.4317, NLL: 3.4317, Coverage: 0.0000
  Batch 2590/4162, Loss: 3.9778, NLL: 3.9778, Coverage: 0.0000
  Batch 2600/4162, Loss: 4.3733, NLL: 4.3733, Coverage: 0.0000
  Batch 2610/4162, Loss: 3.9177, NLL: 3.9177, Coverage: 0.0000
  Batch 2620/4162, Loss: 3.6320, NLL: 3.6320, Coverage: 0.0000
  Batch 2630/4162, Loss: 3.7276, NLL: 3.7276, Coverage: 0.0000
  Batch 2640/4162, Loss: 4.6430, NLL: 4.6430, Coverage: 0.0000
  Batch 2650/4162, Loss: 3.5633, NLL: 3.5633, Coverage: 0.0000
  Batch 2660/4162, Loss: 3.7885, NLL: 3.7885, Coverage: 0.0000
  Batch 2670/4162, Loss: 3.8906, NLL: 3.8906, Coverage: 0.0000
  Batch 2680/4162, Loss: 4.3895, NLL: 4.3895, Coverage: 0.0000
  Batch 2690/4162, Loss: 4.0219, NLL: 4.0219, Coverage: 0.0000
  Batch 2700/4162, Loss: 3.7630, NLL: 3.7630, Coverage: 0.0000
  Batch 2710/4162, Loss: 3.8511, NLL: 3.8511, Coverage: 0.0000
  Batch 2720/4162, Loss: 3.3446, NLL: 3.3446, Coverage: 0.0000
  Batch 2730/4162, Loss: 3.9703, NLL: 3.9703, Coverage: 0.0000
  Batch 2740/4162, Loss: 3.5900, NLL: 3.5900, Coverage: 0.0000
  Batch 2750/4162, Loss: 4.6049, NLL: 4.6049, Coverage: 0.0000
  Batch 2760/4162, Loss: 3.8229, NLL: 3.8229, Coverage: 0.0000
  Batch 2770/4162, Loss: 4.0632, NLL: 4.0632, Coverage: 0.0000
  Batch 2780/4162, Loss: 4.0938, NLL: 4.0938, Coverage: 0.0000
  Batch 2790/4162, Loss: 3.9838, NLL: 3.9838, Coverage: 0.0000
  Batch 2800/4162, Loss: 3.9619, NLL: 3.9619, Coverage: 0.0000
  Batch 2810/4162, Loss: 4.0128, NLL: 4.0128, Coverage: 0.0000
  Batch 2820/4162, Loss: 3.9781, NLL: 3.9781, Coverage: 0.0000
  Batch 2830/4162, Loss: 3.9582, NLL: 3.9582, Coverage: 0.0000
  Batch 2840/4162, Loss: 4.1529, NLL: 4.1529, Coverage: 0.0000
  Batch 2850/4162, Loss: 3.7658, NLL: 3.7658, Coverage: 0.0000
  Batch 2860/4162, Loss: 3.6735, NLL: 3.6735, Coverage: 0.0000
  Batch 2870/4162, Loss: 4.0504, NLL: 4.0504, Coverage: 0.0000
  Batch 2880/4162, Loss: 4.5171, NLL: 4.5171, Coverage: 0.0000
  Batch 2890/4162, Loss: 4.0724, NLL: 4.0724, Coverage: 0.0000
  Batch 2900/4162, Loss: 3.8767, NLL: 3.8767, Coverage: 0.0000
  Batch 2910/4162, Loss: 3.8405, NLL: 3.8405, Coverage: 0.0000
  Batch 2920/4162, Loss: 4.0090, NLL: 4.0090, Coverage: 0.0000
  Batch 2930/4162, Loss: 3.9339, NLL: 3.9339, Coverage: 0.0000
  Batch 2940/4162, Loss: 3.5932, NLL: 3.5932, Coverage: 0.0000
  Batch 2950/4162, Loss: 3.7698, NLL: 3.7698, Coverage: 0.0000
  Batch 2960/4162, Loss: 3.7616, NLL: 3.7616, Coverage: 0.0000
  Batch 2970/4162, Loss: 4.0956, NLL: 4.0956, Coverage: 0.0000
  Batch 2980/4162, Loss: 3.8317, NLL: 3.8317, Coverage: 0.0000
  Batch 2990/4162, Loss: 4.2174, NLL: 4.2174, Coverage: 0.0000
  Batch 3000/4162, Loss: 3.9947, NLL: 3.9947, Coverage: 0.0000
  Batch 3010/4162, Loss: 4.0341, NLL: 4.0341, Coverage: 0.0000
  Batch 3020/4162, Loss: 4.1824, NLL: 4.1824, Coverage: 0.0000
  Batch 3030/4162, Loss: 3.7298, NLL: 3.7298, Coverage: 0.0000
  Batch 3040/4162, Loss: 3.5895, NLL: 3.5895, Coverage: 0.0000
  Batch 3050/4162, Loss: 3.8963, NLL: 3.8963, Coverage: 0.0000
  Batch 3060/4162, Loss: 4.5259, NLL: 4.5259, Coverage: 0.0000
  Batch 3070/4162, Loss: 3.9185, NLL: 3.9185, Coverage: 0.0000
  Batch 3080/4162, Loss: 3.4350, NLL: 3.4350, Coverage: 0.0000
  Batch 3090/4162, Loss: 3.5977, NLL: 3.5977, Coverage: 0.0000
  Batch 3100/4162, Loss: 3.5924, NLL: 3.5924, Coverage: 0.0000
  Batch 3110/4162, Loss: 3.8206, NLL: 3.8206, Coverage: 0.0000
  Batch 3120/4162, Loss: 3.8946, NLL: 3.8946, Coverage: 0.0000
  Batch 3130/4162, Loss: 3.4363, NLL: 3.4363, Coverage: 0.0000
  Batch 3140/4162, Loss: 3.4687, NLL: 3.4687, Coverage: 0.0000
  Batch 3150/4162, Loss: 3.9295, NLL: 3.9295, Coverage: 0.0000
  Batch 3160/4162, Loss: 4.2839, NLL: 4.2839, Coverage: 0.0000
  Batch 3170/4162, Loss: 3.7427, NLL: 3.7427, Coverage: 0.0000
  Batch 3180/4162, Loss: 3.8580, NLL: 3.8580, Coverage: 0.0000
  Batch 3190/4162, Loss: 3.5843, NLL: 3.5843, Coverage: 0.0000
  Batch 3200/4162, Loss: 3.7891, NLL: 3.7891, Coverage: 0.0000
  Batch 3210/4162, Loss: 4.0842, NLL: 4.0842, Coverage: 0.0000
  Batch 3220/4162, Loss: 3.6546, NLL: 3.6546, Coverage: 0.0000
  Batch 3230/4162, Loss: 3.5798, NLL: 3.5798, Coverage: 0.0000
  Batch 3240/4162, Loss: 4.3425, NLL: 4.3425, Coverage: 0.0000
  Batch 3250/4162, Loss: 4.3953, NLL: 4.3953, Coverage: 0.0000
  Batch 3260/4162, Loss: 4.0260, NLL: 4.0260, Coverage: 0.0000
  Batch 3270/4162, Loss: 4.1773, NLL: 4.1773, Coverage: 0.0000
  Batch 3280/4162, Loss: 3.8518, NLL: 3.8518, Coverage: 0.0000
  Batch 3290/4162, Loss: 4.1787, NLL: 4.1787, Coverage: 0.0000
  Batch 3300/4162, Loss: 4.0608, NLL: 4.0608, Coverage: 0.0000
  Batch 3310/4162, Loss: 3.8307, NLL: 3.8307, Coverage: 0.0000
  Batch 3320/4162, Loss: 3.7389, NLL: 3.7389, Coverage: 0.0000
  Batch 3330/4162, Loss: 3.6993, NLL: 3.6993, Coverage: 0.0000
  Batch 3340/4162, Loss: 3.6018, NLL: 3.6018, Coverage: 0.0000
  Batch 3350/4162, Loss: 3.8049, NLL: 3.8049, Coverage: 0.0000
  Batch 3360/4162, Loss: 4.2006, NLL: 4.2006, Coverage: 0.0000
  Batch 3370/4162, Loss: 4.2349, NLL: 4.2349, Coverage: 0.0000
  Batch 3380/4162, Loss: 3.7022, NLL: 3.7022, Coverage: 0.0000
  Batch 3390/4162, Loss: 4.0922, NLL: 4.0922, Coverage: 0.0000
  Batch 3400/4162, Loss: 3.8733, NLL: 3.8733, Coverage: 0.0000
  Batch 3410/4162, Loss: 3.9422, NLL: 3.9422, Coverage: 0.0000
  Batch 3420/4162, Loss: 3.7649, NLL: 3.7649, Coverage: 0.0000
  Batch 3430/4162, Loss: 4.1074, NLL: 4.1074, Coverage: 0.0000
  Batch 3440/4162, Loss: 4.3208, NLL: 4.3208, Coverage: 0.0000
  Batch 3450/4162, Loss: 3.8697, NLL: 3.8697, Coverage: 0.0000
  Batch 3460/4162, Loss: 4.1936, NLL: 4.1936, Coverage: 0.0000
  Batch 3470/4162, Loss: 4.0495, NLL: 4.0495, Coverage: 0.0000
  Batch 3480/4162, Loss: 3.6662, NLL: 3.6662, Coverage: 0.0000
  Batch 3490/4162, Loss: 3.6265, NLL: 3.6265, Coverage: 0.0000
  Batch 3500/4162, Loss: 3.9314, NLL: 3.9314, Coverage: 0.0000
  Batch 3510/4162, Loss: 4.1348, NLL: 4.1348, Coverage: 0.0000
  Batch 3520/4162, Loss: 3.6433, NLL: 3.6433, Coverage: 0.0000
  Batch 3530/4162, Loss: 3.7466, NLL: 3.7466, Coverage: 0.0000
  Batch 3540/4162, Loss: 4.0998, NLL: 4.0998, Coverage: 0.0000
  Batch 3550/4162, Loss: 4.1275, NLL: 4.1275, Coverage: 0.0000
  Batch 3560/4162, Loss: 3.8050, NLL: 3.8050, Coverage: 0.0000
  Batch 3570/4162, Loss: 4.4544, NLL: 4.4544, Coverage: 0.0000
  Batch 3580/4162, Loss: 4.6121, NLL: 4.6121, Coverage: 0.0000
  Batch 3590/4162, Loss: 4.0375, NLL: 4.0375, Coverage: 0.0000
  Batch 3600/4162, Loss: 3.3515, NLL: 3.3515, Coverage: 0.0000
  Batch 3610/4162, Loss: 3.8207, NLL: 3.8207, Coverage: 0.0000
  Batch 3620/4162, Loss: 3.6495, NLL: 3.6495, Coverage: 0.0000
  Batch 3630/4162, Loss: 3.7428, NLL: 3.7428, Coverage: 0.0000
  Batch 3640/4162, Loss: 3.3518, NLL: 3.3518, Coverage: 0.0000
  Batch 3650/4162, Loss: 3.8890, NLL: 3.8890, Coverage: 0.0000
  Batch 3660/4162, Loss: 4.1589, NLL: 4.1589, Coverage: 0.0000
  Batch 3670/4162, Loss: 4.0402, NLL: 4.0402, Coverage: 0.0000
  Batch 3680/4162, Loss: 4.0509, NLL: 4.0509, Coverage: 0.0000
  Batch 3690/4162, Loss: 3.7030, NLL: 3.7030, Coverage: 0.0000
  Batch 3700/4162, Loss: 3.8224, NLL: 3.8224, Coverage: 0.0000
  Batch 3710/4162, Loss: 3.4458, NLL: 3.4458, Coverage: 0.0000
  Batch 3720/4162, Loss: 3.5432, NLL: 3.5432, Coverage: 0.0000
  Batch 3730/4162, Loss: 4.5346, NLL: 4.5346, Coverage: 0.0000
  Batch 3740/4162, Loss: 3.8572, NLL: 3.8572, Coverage: 0.0000
  Batch 3750/4162, Loss: 3.6398, NLL: 3.6398, Coverage: 0.0000
  Batch 3760/4162, Loss: 3.8576, NLL: 3.8576, Coverage: 0.0000
  Batch 3770/4162, Loss: 3.6443, NLL: 3.6443, Coverage: 0.0000
  Batch 3780/4162, Loss: 3.6121, NLL: 3.6121, Coverage: 0.0000
  Batch 3790/4162, Loss: 4.0902, NLL: 4.0902, Coverage: 0.0000
  Batch 3800/4162, Loss: 4.2220, NLL: 4.2220, Coverage: 0.0000
  Batch 3810/4162, Loss: 3.6661, NLL: 3.6661, Coverage: 0.0000
  Batch 3820/4162, Loss: 3.6938, NLL: 3.6938, Coverage: 0.0000
  Batch 3830/4162, Loss: 4.3188, NLL: 4.3188, Coverage: 0.0000
  Batch 3840/4162, Loss: 3.9533, NLL: 3.9533, Coverage: 0.0000
  Batch 3850/4162, Loss: 4.4672, NLL: 4.4672, Coverage: 0.0000
  Batch 3860/4162, Loss: 4.0733, NLL: 4.0733, Coverage: 0.0000
  Batch 3870/4162, Loss: 3.7854, NLL: 3.7854, Coverage: 0.0000
  Batch 3880/4162, Loss: 3.9770, NLL: 3.9770, Coverage: 0.0000
  Batch 3890/4162, Loss: 4.1650, NLL: 4.1650, Coverage: 0.0000
  Batch 3900/4162, Loss: 4.3246, NLL: 4.3246, Coverage: 0.0000
  Batch 3910/4162, Loss: 3.7747, NLL: 3.7747, Coverage: 0.0000
  Batch 3920/4162, Loss: 4.1248, NLL: 4.1248, Coverage: 0.0000
  Batch 3930/4162, Loss: 4.4024, NLL: 4.4024, Coverage: 0.0000
  Batch 3940/4162, Loss: 3.8968, NLL: 3.8968, Coverage: 0.0000
  Batch 3950/4162, Loss: 3.7876, NLL: 3.7876, Coverage: 0.0000
  Batch 3960/4162, Loss: 3.9045, NLL: 3.9045, Coverage: 0.0000
  Batch 3970/4162, Loss: 4.1301, NLL: 4.1301, Coverage: 0.0000
  Batch 3980/4162, Loss: 3.9597, NLL: 3.9597, Coverage: 0.0000
  Batch 3990/4162, Loss: 3.8458, NLL: 3.8458, Coverage: 0.0000
  Batch 4000/4162, Loss: 3.7793, NLL: 3.7793, Coverage: 0.0000
  Batch 4010/4162, Loss: 4.3883, NLL: 4.3883, Coverage: 0.0000
  Batch 4020/4162, Loss: 4.0460, NLL: 4.0460, Coverage: 0.0000
  Batch 4030/4162, Loss: 3.7580, NLL: 3.7580, Coverage: 0.0000
  Batch 4040/4162, Loss: 4.1892, NLL: 4.1892, Coverage: 0.0000
  Batch 4050/4162, Loss: 4.3245, NLL: 4.3245, Coverage: 0.0000
  Batch 4060/4162, Loss: 4.4201, NLL: 4.4201, Coverage: 0.0000
  Batch 4070/4162, Loss: 4.1046, NLL: 4.1046, Coverage: 0.0000
  Batch 4080/4162, Loss: 3.5748, NLL: 3.5748, Coverage: 0.0000
  Batch 4090/4162, Loss: 4.7818, NLL: 4.7818, Coverage: 0.0000
  Batch 4100/4162, Loss: 3.9977, NLL: 3.9977, Coverage: 0.0000
  Batch 4110/4162, Loss: 3.9411, NLL: 3.9411, Coverage: 0.0000
  Batch 4120/4162, Loss: 3.9912, NLL: 3.9912, Coverage: 0.0000
  Batch 4130/4162, Loss: 3.9395, NLL: 3.9395, Coverage: 0.0000
  Batch 4140/4162, Loss: 3.5791, NLL: 3.5791, Coverage: 0.0000
  Batch 4150/4162, Loss: 3.7696, NLL: 3.7696, Coverage: 0.0000
  Batch 4160/4162, Loss: 3.9695, NLL: 3.9695, Coverage: 0.0000

  Train Loss: 3.9621 (NLL: 3.9621, Coverage: 0.0000)
  Val Loss: 6.4967 (NLL: 6.4967, Coverage: 0.0000)
  Time: 28m 16s
  ✓ Saved checkpoint to /scratch/aitordiez/News2Stock/summaries/pointer_generator_fasttext/checkpoints/checkpoint_epoch_20.pt


================================================================================
TRAINING COMPLETE!
================================================================================
Best validation loss: 6.3146
Best model saved to: /scratch/aitordiez/News2Stock/summaries/pointer_generator_fasttext/checkpoints/best_model.pt
Training log saved to: /scratch/aitordiez/News2Stock/summaries/pointer_generator_fasttext/logs/training_20251127_225217.log

Note: Apple news is reserved for inference/testing in a separate script.
Training completed successfully!
Ending time: Fri Nov 28 08:30:30 CET 2025
Running inference on test examples...
================================================================================
PREPROCESSING DATA FOR POINTER-GENERATOR NETWORK
================================================================================
Loading data from all companies (excluding Apple)...
  ✓ Loaded amazon: 12391 examples
  ✓ Loaded google: 13341 examples
  ✓ Loaded meta: 15187 examples
  ✓ Loaded microsoft: 12932 examples
  ✓ Loaded nvidia: 10215 examples
  ✓ Loaded tesla: 27131 examples

✓ Total combined: 91197 examples
Dataset shape: (91197, 7)
Columns: ['id', 'author', 'created', 'title', 'teaser', 'clean_body', 'body_summary']

✓ Using 'clean_body' as source (original text)
✓ Using 'body_summary' as target (summary)

After removing NaN: 91197 examples

Cleaning and tokenizing...
Final dataset size: 83234 examples

Source statistics:
  Mean length: 506.2
  Max length: 68068
  Min length: 10

Target statistics:
  Mean length: 73.6
  Max length: 359
  Min length: 24

Data split:
  Train: 66587 examples (80%)
  Val: 16647 examples (20%)

================================================================================
BUILDING VOCABULARY
================================================================================
Vocabulary built with 20000 words
Most common words: [('the', 1842441), ('to', 1066171), ('of', 872241), ('a', 794618), ('and', 743766), ('in', 691709), ('s', 564561), ('on', 448137), ('for', 405958), ('is', 401809)]

================================================================================
SAVING PREPROCESSED DATA
================================================================================
Saved preprocessed data to: /scratch/aitordiez/News2Stock/summaries/pointer_generator_fasttext/preprocessed_data.pkl
Vocabulary size: 20000

Preprocessing complete!
Job finished at: Fri Nov 28 08:32:07 CET 2025
