Job ID: 3680210
Running on node: hyperion-030.sw.ehu.es
Starting time: Wed Nov 19 12:57:03 CET 2025
GPU assigned: 0
Working directory: /scratch/aitordiez/News2Stock/pointer_generator_fasttext
Preprocessed data not found. Running preprocessing first...
================================================================================
PREPROCESSING DATA FOR POINTER-GENERATOR NETWORK
================================================================================
Loading data from all companies...
  ✓ Loaded amazon: 12391 examples
  ✓ Loaded apple: 24208 examples
  ✓ Loaded google: 13341 examples
  ✓ Loaded meta: 15187 examples
  ✓ Loaded microsoft: 12932 examples
  ✓ Loaded nvidia: 10215 examples
  ✓ Loaded tesla: 27131 examples

✓ Total combined: 115405 examples
Dataset shape: (115405, 7)
Columns: ['id', 'author', 'created', 'title', 'teaser', 'clean_body', 'body_summary']

✓ Using 'clean_body' as source (original text)
✓ Using 'body_summary' as target (summary)

After removing NaN: 115405 examples

Cleaning and tokenizing...
Final dataset size: 104839 examples

Source statistics:
  Mean length: 501.4
  Max length: 68068
  Min length: 10

Target statistics:
  Mean length: 73.6
  Max length: 359
  Min length: 24

Data split:
  Train: 83871 examples
  Val: 10483 examples
  Test: 10485 examples

================================================================================
BUILDING VOCABULARY
================================================================================
Vocabulary built with 20000 words
Most common words: [('the', 2305240), ('to', 1319557), ('of', 1066526), ('a', 980590), ('and', 923291), ('in', 866032), ('s', 713343), ('on', 548749), ('for', 506111), ('is', 504702)]

================================================================================
SAVING PREPROCESSED DATA
================================================================================
✓ Saved preprocessed data to: /scratch/aitordiez/News2Stock/pointer_generator/preprocessed_data.pkl
✓ Vocabulary size: 20000

Preprocessing complete!
Preprocessing complete!
Starting training...
================================================================================
POINTER-GENERATOR NETWORK TRAINING
================================================================================

✓ Using device: cuda

Loading preprocessed data...
✓ Train: 83871 examples
✓ Val: 10483 examples
✓ Test: 10485 examples
✓ Vocabulary size: 20000

✓ Created dataloaders (batch_size=16)

================================================================================
INITIALIZING MODEL
================================================================================

Initializing embeddings with FastText...
Loading FastText model from /scratch/aitordiez/News2Stock/models/cc.en.300.bin...
✓ FastText model loaded
Initializing embeddings with FastText vectors...
✓ Initialized 19999/20000 embeddings with FastText vectors
Loading FastText model from /scratch/aitordiez/News2Stock/models/cc.en.300.bin...
✓ FastText model loaded
Initializing embeddings with FastText vectors...
✓ Initialized 19999/20000 embeddings with FastText vectors
✓ Embeddings initialized with FastText

✓ Model initialized
✓ Trainable parameters: 20,035,919
✓ Coverage mechanism: Disabled
✓ Optimizer: Adam (lr=0.001)
✓ LR Scheduler: ReduceLROnPlateau (patience=2)

================================================================================
TRAINING
================================================================================
✓ Logging to: /scratch/aitordiez/News2Stock/pointer_generator_fasttext/logs/training_20251119_125951.log

Epoch 1/20
----------------------------------------
  Batch 10/5242, Loss: 7.6239, NLL: 7.6239, Coverage: 0.0000
  Batch 20/5242, Loss: 6.6830, NLL: 6.6830, Coverage: 0.0000
  Batch 30/5242, Loss: 6.6308, NLL: 6.6308, Coverage: 0.0000
  Batch 40/5242, Loss: 6.6004, NLL: 6.6004, Coverage: 0.0000
  Batch 50/5242, Loss: 6.4364, NLL: 6.4364, Coverage: 0.0000
  Batch 60/5242, Loss: 6.2398, NLL: 6.2398, Coverage: 0.0000
  Batch 70/5242, Loss: 6.4569, NLL: 6.4569, Coverage: 0.0000
  Batch 80/5242, Loss: 6.4281, NLL: 6.4281, Coverage: 0.0000
  Batch 90/5242, Loss: 6.3961, NLL: 6.3961, Coverage: 0.0000
  Batch 100/5242, Loss: 6.3693, NLL: 6.3693, Coverage: 0.0000
  Batch 110/5242, Loss: 6.5645, NLL: 6.5645, Coverage: 0.0000
  Batch 120/5242, Loss: 6.4118, NLL: 6.4118, Coverage: 0.0000
  Batch 130/5242, Loss: 6.2031, NLL: 6.2031, Coverage: 0.0000
  Batch 140/5242, Loss: 6.5024, NLL: 6.5024, Coverage: 0.0000
  Batch 150/5242, Loss: 6.2050, NLL: 6.2050, Coverage: 0.0000
  Batch 160/5242, Loss: 6.1835, NLL: 6.1835, Coverage: 0.0000
  Batch 170/5242, Loss: 6.8878, NLL: 6.8878, Coverage: 0.0000
  Batch 180/5242, Loss: 6.1960, NLL: 6.1960, Coverage: 0.0000
  Batch 190/5242, Loss: 6.1264, NLL: 6.1264, Coverage: 0.0000
  Batch 200/5242, Loss: 6.2404, NLL: 6.2404, Coverage: 0.0000
  Batch 210/5242, Loss: 6.1168, NLL: 6.1168, Coverage: 0.0000
  Batch 220/5242, Loss: 6.2620, NLL: 6.2620, Coverage: 0.0000
  Batch 230/5242, Loss: 6.4119, NLL: 6.4119, Coverage: 0.0000
  Batch 240/5242, Loss: 6.1715, NLL: 6.1715, Coverage: 0.0000
  Batch 250/5242, Loss: 6.2549, NLL: 6.2549, Coverage: 0.0000
  Batch 260/5242, Loss: 6.4024, NLL: 6.4024, Coverage: 0.0000
  Batch 270/5242, Loss: 6.1677, NLL: 6.1677, Coverage: 0.0000
  Batch 280/5242, Loss: 6.1264, NLL: 6.1264, Coverage: 0.0000
  Batch 290/5242, Loss: 6.1704, NLL: 6.1704, Coverage: 0.0000
  Batch 300/5242, Loss: 6.1182, NLL: 6.1182, Coverage: 0.0000
  Batch 310/5242, Loss: 6.2019, NLL: 6.2019, Coverage: 0.0000
  Batch 320/5242, Loss: 6.3869, NLL: 6.3869, Coverage: 0.0000
  Batch 330/5242, Loss: 6.0743, NLL: 6.0743, Coverage: 0.0000
  Batch 340/5242, Loss: 6.2888, NLL: 6.2888, Coverage: 0.0000
  Batch 350/5242, Loss: 6.1440, NLL: 6.1440, Coverage: 0.0000
  Batch 360/5242, Loss: 6.2333, NLL: 6.2333, Coverage: 0.0000
  Batch 370/5242, Loss: 6.1868, NLL: 6.1868, Coverage: 0.0000
  Batch 380/5242, Loss: 6.0368, NLL: 6.0368, Coverage: 0.0000
  Batch 390/5242, Loss: 6.3211, NLL: 6.3211, Coverage: 0.0000
  Batch 400/5242, Loss: 6.3401, NLL: 6.3401, Coverage: 0.0000
  Batch 410/5242, Loss: 6.1474, NLL: 6.1474, Coverage: 0.0000
  Batch 420/5242, Loss: 5.8619, NLL: 5.8619, Coverage: 0.0000
  Batch 430/5242, Loss: 6.0497, NLL: 6.0497, Coverage: 0.0000
  Batch 440/5242, Loss: 6.0654, NLL: 6.0654, Coverage: 0.0000
  Batch 450/5242, Loss: 6.2358, NLL: 6.2358, Coverage: 0.0000
  Batch 460/5242, Loss: 6.0627, NLL: 6.0627, Coverage: 0.0000
  Batch 470/5242, Loss: 5.8076, NLL: 5.8076, Coverage: 0.0000
  Batch 480/5242, Loss: 5.8153, NLL: 5.8153, Coverage: 0.0000
  Batch 490/5242, Loss: 6.0948, NLL: 6.0948, Coverage: 0.0000
  Batch 500/5242, Loss: 6.2973, NLL: 6.2973, Coverage: 0.0000
  Batch 510/5242, Loss: 6.5028, NLL: 6.5028, Coverage: 0.0000
  Batch 520/5242, Loss: 5.9475, NLL: 5.9475, Coverage: 0.0000
  Batch 530/5242, Loss: 5.7475, NLL: 5.7475, Coverage: 0.0000
  Batch 540/5242, Loss: 5.9815, NLL: 5.9815, Coverage: 0.0000
  Batch 550/5242, Loss: 5.8138, NLL: 5.8138, Coverage: 0.0000
  Batch 560/5242, Loss: 5.9006, NLL: 5.9006, Coverage: 0.0000
  Batch 570/5242, Loss: 5.9447, NLL: 5.9447, Coverage: 0.0000
  Batch 580/5242, Loss: 6.0284, NLL: 6.0284, Coverage: 0.0000
  Batch 590/5242, Loss: 5.8115, NLL: 5.8115, Coverage: 0.0000
  Batch 600/5242, Loss: 5.7022, NLL: 5.7022, Coverage: 0.0000
  Batch 610/5242, Loss: 5.7710, NLL: 5.7710, Coverage: 0.0000
  Batch 620/5242, Loss: 5.8781, NLL: 5.8781, Coverage: 0.0000
  Batch 630/5242, Loss: 6.0752, NLL: 6.0752, Coverage: 0.0000
  Batch 640/5242, Loss: 6.0252, NLL: 6.0252, Coverage: 0.0000
  Batch 650/5242, Loss: 5.7532, NLL: 5.7532, Coverage: 0.0000
  Batch 660/5242, Loss: 5.7875, NLL: 5.7875, Coverage: 0.0000
  Batch 670/5242, Loss: 5.8022, NLL: 5.8022, Coverage: 0.0000
  Batch 680/5242, Loss: 5.6813, NLL: 5.6813, Coverage: 0.0000
  Batch 690/5242, Loss: 5.8848, NLL: 5.8848, Coverage: 0.0000
  Batch 700/5242, Loss: 5.6218, NLL: 5.6218, Coverage: 0.0000
  Batch 710/5242, Loss: 5.9619, NLL: 5.9619, Coverage: 0.0000
  Batch 720/5242, Loss: 6.0672, NLL: 6.0672, Coverage: 0.0000
  Batch 730/5242, Loss: 5.9126, NLL: 5.9126, Coverage: 0.0000
  Batch 740/5242, Loss: 5.5452, NLL: 5.5452, Coverage: 0.0000
  Batch 750/5242, Loss: 5.8929, NLL: 5.8929, Coverage: 0.0000
  Batch 760/5242, Loss: 5.8635, NLL: 5.8635, Coverage: 0.0000
  Batch 770/5242, Loss: 5.7640, NLL: 5.7640, Coverage: 0.0000
  Batch 780/5242, Loss: 5.8961, NLL: 5.8961, Coverage: 0.0000
  Batch 790/5242, Loss: 5.5680, NLL: 5.5680, Coverage: 0.0000
  Batch 800/5242, Loss: 5.8701, NLL: 5.8701, Coverage: 0.0000
  Batch 810/5242, Loss: 5.9457, NLL: 5.9457, Coverage: 0.0000
  Batch 820/5242, Loss: 5.8564, NLL: 5.8564, Coverage: 0.0000
  Batch 830/5242, Loss: 5.4815, NLL: 5.4815, Coverage: 0.0000
  Batch 840/5242, Loss: 5.4900, NLL: 5.4900, Coverage: 0.0000
  Batch 850/5242, Loss: 5.9606, NLL: 5.9606, Coverage: 0.0000
  Batch 860/5242, Loss: 5.5194, NLL: 5.5194, Coverage: 0.0000
  Batch 870/5242, Loss: 5.6876, NLL: 5.6876, Coverage: 0.0000
  Batch 880/5242, Loss: 6.0294, NLL: 6.0294, Coverage: 0.0000
  Batch 890/5242, Loss: 5.8650, NLL: 5.8650, Coverage: 0.0000
  Batch 900/5242, Loss: 5.9149, NLL: 5.9149, Coverage: 0.0000
  Batch 910/5242, Loss: 6.0742, NLL: 6.0742, Coverage: 0.0000
  Batch 920/5242, Loss: 5.5865, NLL: 5.5865, Coverage: 0.0000
  Batch 930/5242, Loss: 5.6900, NLL: 5.6900, Coverage: 0.0000
  Batch 940/5242, Loss: 5.7560, NLL: 5.7560, Coverage: 0.0000
  Batch 950/5242, Loss: 5.9957, NLL: 5.9957, Coverage: 0.0000
  Batch 960/5242, Loss: 5.7168, NLL: 5.7168, Coverage: 0.0000
  Batch 970/5242, Loss: 5.8202, NLL: 5.8202, Coverage: 0.0000
  Batch 980/5242, Loss: 5.6318, NLL: 5.6318, Coverage: 0.0000
  Batch 990/5242, Loss: 5.4863, NLL: 5.4863, Coverage: 0.0000
  Batch 1000/5242, Loss: 5.7903, NLL: 5.7903, Coverage: 0.0000
  Batch 1010/5242, Loss: 5.7878, NLL: 5.7878, Coverage: 0.0000
  Batch 1020/5242, Loss: 5.4297, NLL: 5.4297, Coverage: 0.0000
  Batch 1030/5242, Loss: 6.0002, NLL: 6.0002, Coverage: 0.0000
  Batch 1040/5242, Loss: 5.7471, NLL: 5.7471, Coverage: 0.0000
  Batch 1050/5242, Loss: 5.6806, NLL: 5.6806, Coverage: 0.0000
  Batch 1060/5242, Loss: 5.4872, NLL: 5.4872, Coverage: 0.0000
  Batch 1070/5242, Loss: 5.7906, NLL: 5.7906, Coverage: 0.0000
  Batch 1080/5242, Loss: 5.8436, NLL: 5.8436, Coverage: 0.0000
  Batch 1090/5242, Loss: 5.5382, NLL: 5.5382, Coverage: 0.0000
  Batch 1100/5242, Loss: 5.1453, NLL: 5.1453, Coverage: 0.0000
  Batch 1110/5242, Loss: 5.2921, NLL: 5.2921, Coverage: 0.0000
  Batch 1120/5242, Loss: 5.5792, NLL: 5.5792, Coverage: 0.0000
  Batch 1130/5242, Loss: 5.7950, NLL: 5.7950, Coverage: 0.0000
  Batch 1140/5242, Loss: 5.4920, NLL: 5.4920, Coverage: 0.0000
  Batch 1150/5242, Loss: 5.6858, NLL: 5.6858, Coverage: 0.0000
  Batch 1160/5242, Loss: 5.3487, NLL: 5.3487, Coverage: 0.0000
  Batch 1170/5242, Loss: 5.7781, NLL: 5.7781, Coverage: 0.0000
  Batch 1180/5242, Loss: 5.5072, NLL: 5.5072, Coverage: 0.0000
  Batch 1190/5242, Loss: 5.6394, NLL: 5.6394, Coverage: 0.0000
  Batch 1200/5242, Loss: 5.4945, NLL: 5.4945, Coverage: 0.0000
  Batch 1210/5242, Loss: 5.6513, NLL: 5.6513, Coverage: 0.0000
  Batch 1220/5242, Loss: 5.7403, NLL: 5.7403, Coverage: 0.0000
  Batch 1230/5242, Loss: 5.6035, NLL: 5.6035, Coverage: 0.0000
  Batch 1240/5242, Loss: 5.6775, NLL: 5.6775, Coverage: 0.0000
  Batch 1250/5242, Loss: 5.3807, NLL: 5.3807, Coverage: 0.0000
  Batch 1260/5242, Loss: 5.6321, NLL: 5.6321, Coverage: 0.0000
  Batch 1270/5242, Loss: 5.5293, NLL: 5.5293, Coverage: 0.0000
  Batch 1280/5242, Loss: 5.9390, NLL: 5.9390, Coverage: 0.0000
  Batch 1290/5242, Loss: 5.8137, NLL: 5.8137, Coverage: 0.0000
  Batch 1300/5242, Loss: 5.5220, NLL: 5.5220, Coverage: 0.0000
  Batch 1310/5242, Loss: 5.6187, NLL: 5.6187, Coverage: 0.0000
  Batch 1320/5242, Loss: 5.6317, NLL: 5.6317, Coverage: 0.0000
  Batch 1330/5242, Loss: 5.3054, NLL: 5.3054, Coverage: 0.0000
  Batch 1340/5242, Loss: 5.4445, NLL: 5.4445, Coverage: 0.0000
  Batch 1350/5242, Loss: 5.5197, NLL: 5.5197, Coverage: 0.0000
  Batch 1360/5242, Loss: 5.7765, NLL: 5.7765, Coverage: 0.0000
  Batch 1370/5242, Loss: 5.5735, NLL: 5.5735, Coverage: 0.0000
  Batch 1380/5242, Loss: 5.1982, NLL: 5.1982, Coverage: 0.0000
  Batch 1390/5242, Loss: 5.4358, NLL: 5.4358, Coverage: 0.0000
  Batch 1400/5242, Loss: 5.9341, NLL: 5.9341, Coverage: 0.0000
  Batch 1410/5242, Loss: 5.3192, NLL: 5.3192, Coverage: 0.0000
  Batch 1420/5242, Loss: 5.3227, NLL: 5.3227, Coverage: 0.0000
  Batch 1430/5242, Loss: 5.6814, NLL: 5.6814, Coverage: 0.0000
  Batch 1440/5242, Loss: 5.4638, NLL: 5.4638, Coverage: 0.0000
  Batch 1450/5242, Loss: 5.3315, NLL: 5.3315, Coverage: 0.0000
  Batch 1460/5242, Loss: 5.1573, NLL: 5.1573, Coverage: 0.0000
  Batch 1470/5242, Loss: 5.4532, NLL: 5.4532, Coverage: 0.0000
  Batch 1480/5242, Loss: 5.7095, NLL: 5.7095, Coverage: 0.0000
  Batch 1490/5242, Loss: 5.8454, NLL: 5.8454, Coverage: 0.0000
  Batch 1500/5242, Loss: 5.4843, NLL: 5.4843, Coverage: 0.0000
  Batch 1510/5242, Loss: 5.7274, NLL: 5.7274, Coverage: 0.0000
  Batch 1520/5242, Loss: 5.7078, NLL: 5.7078, Coverage: 0.0000
  Batch 1530/5242, Loss: 5.3750, NLL: 5.3750, Coverage: 0.0000
  Batch 1540/5242, Loss: 5.3609, NLL: 5.3609, Coverage: 0.0000
  Batch 1550/5242, Loss: 5.2927, NLL: 5.2927, Coverage: 0.0000
  Batch 1560/5242, Loss: 5.5101, NLL: 5.5101, Coverage: 0.0000
  Batch 1570/5242, Loss: 5.3902, NLL: 5.3902, Coverage: 0.0000
  Batch 1580/5242, Loss: 5.6075, NLL: 5.6075, Coverage: 0.0000
  Batch 1590/5242, Loss: 5.4788, NLL: 5.4788, Coverage: 0.0000
  Batch 1600/5242, Loss: 5.6380, NLL: 5.6380, Coverage: 0.0000
  Batch 1610/5242, Loss: 5.5082, NLL: 5.5082, Coverage: 0.0000
  Batch 1620/5242, Loss: 5.3960, NLL: 5.3960, Coverage: 0.0000
  Batch 1630/5242, Loss: 5.5144, NLL: 5.5144, Coverage: 0.0000
  Batch 1640/5242, Loss: 5.0743, NLL: 5.0743, Coverage: 0.0000
  Batch 1650/5242, Loss: 5.2170, NLL: 5.2170, Coverage: 0.0000
  Batch 1660/5242, Loss: 5.3520, NLL: 5.3520, Coverage: 0.0000
  Batch 1670/5242, Loss: 5.3001, NLL: 5.3001, Coverage: 0.0000
  Batch 1680/5242, Loss: 5.3189, NLL: 5.3189, Coverage: 0.0000
  Batch 1690/5242, Loss: 5.7698, NLL: 5.7698, Coverage: 0.0000
  Batch 1700/5242, Loss: 5.2386, NLL: 5.2386, Coverage: 0.0000
  Batch 1710/5242, Loss: 5.7268, NLL: 5.7268, Coverage: 0.0000
  Batch 1720/5242, Loss: 5.6201, NLL: 5.6201, Coverage: 0.0000
  Batch 1730/5242, Loss: 5.2229, NLL: 5.2229, Coverage: 0.0000
  Batch 1740/5242, Loss: 5.4548, NLL: 5.4548, Coverage: 0.0000
  Batch 1750/5242, Loss: 5.7114, NLL: 5.7114, Coverage: 0.0000
  Batch 1760/5242, Loss: 5.4030, NLL: 5.4030, Coverage: 0.0000
  Batch 1770/5242, Loss: 5.2942, NLL: 5.2942, Coverage: 0.0000
  Batch 1780/5242, Loss: 5.3781, NLL: 5.3781, Coverage: 0.0000
  Batch 1790/5242, Loss: 5.2496, NLL: 5.2496, Coverage: 0.0000
  Batch 1800/5242, Loss: 5.3750, NLL: 5.3750, Coverage: 0.0000
  Batch 1810/5242, Loss: 5.3789, NLL: 5.3789, Coverage: 0.0000
  Batch 1820/5242, Loss: 5.3898, NLL: 5.3898, Coverage: 0.0000
  Batch 1830/5242, Loss: 5.9241, NLL: 5.9241, Coverage: 0.0000
  Batch 1840/5242, Loss: 5.5659, NLL: 5.5659, Coverage: 0.0000
  Batch 1850/5242, Loss: 5.5446, NLL: 5.5446, Coverage: 0.0000
  Batch 1860/5242, Loss: 5.6344, NLL: 5.6344, Coverage: 0.0000
  Batch 1870/5242, Loss: 5.0757, NLL: 5.0757, Coverage: 0.0000
  Batch 1880/5242, Loss: 5.2659, NLL: 5.2659, Coverage: 0.0000
  Batch 1890/5242, Loss: 5.2904, NLL: 5.2904, Coverage: 0.0000
  Batch 1900/5242, Loss: 5.3478, NLL: 5.3478, Coverage: 0.0000
  Batch 1910/5242, Loss: 5.2590, NLL: 5.2590, Coverage: 0.0000
  Batch 1920/5242, Loss: 5.5565, NLL: 5.5565, Coverage: 0.0000
  Batch 1930/5242, Loss: 5.5353, NLL: 5.5353, Coverage: 0.0000
  Batch 1940/5242, Loss: 5.4049, NLL: 5.4049, Coverage: 0.0000
  Batch 1950/5242, Loss: 5.3660, NLL: 5.3660, Coverage: 0.0000
  Batch 1960/5242, Loss: 5.5568, NLL: 5.5568, Coverage: 0.0000
  Batch 1970/5242, Loss: 5.7031, NLL: 5.7031, Coverage: 0.0000
  Batch 1980/5242, Loss: 5.5023, NLL: 5.5023, Coverage: 0.0000
  Batch 1990/5242, Loss: 5.1321, NLL: 5.1321, Coverage: 0.0000
  Batch 2000/5242, Loss: 5.0197, NLL: 5.0197, Coverage: 0.0000
  Batch 2010/5242, Loss: 5.3324, NLL: 5.3324, Coverage: 0.0000
  Batch 2020/5242, Loss: 5.2399, NLL: 5.2399, Coverage: 0.0000
  Batch 2030/5242, Loss: 5.1857, NLL: 5.1857, Coverage: 0.0000
  Batch 2040/5242, Loss: 5.2385, NLL: 5.2385, Coverage: 0.0000
  Batch 2050/5242, Loss: 5.3010, NLL: 5.3010, Coverage: 0.0000
  Batch 2060/5242, Loss: 5.2769, NLL: 5.2769, Coverage: 0.0000
  Batch 2070/5242, Loss: 5.6215, NLL: 5.6215, Coverage: 0.0000
  Batch 2080/5242, Loss: 5.3519, NLL: 5.3519, Coverage: 0.0000
  Batch 2090/5242, Loss: 4.8124, NLL: 4.8124, Coverage: 0.0000
  Batch 2100/5242, Loss: 5.5467, NLL: 5.5467, Coverage: 0.0000
  Batch 2110/5242, Loss: 5.2222, NLL: 5.2222, Coverage: 0.0000
  Batch 2120/5242, Loss: 5.1023, NLL: 5.1023, Coverage: 0.0000
  Batch 2130/5242, Loss: 5.3532, NLL: 5.3532, Coverage: 0.0000
  Batch 2140/5242, Loss: 5.1613, NLL: 5.1613, Coverage: 0.0000
  Batch 2150/5242, Loss: 5.1733, NLL: 5.1733, Coverage: 0.0000
  Batch 2160/5242, Loss: 5.5581, NLL: 5.5581, Coverage: 0.0000
  Batch 2170/5242, Loss: 4.8567, NLL: 4.8567, Coverage: 0.0000
  Batch 2180/5242, Loss: 5.2459, NLL: 5.2459, Coverage: 0.0000
  Batch 2190/5242, Loss: 5.6290, NLL: 5.6290, Coverage: 0.0000
  Batch 2200/5242, Loss: 5.3887, NLL: 5.3887, Coverage: 0.0000
  Batch 2210/5242, Loss: 5.4597, NLL: 5.4597, Coverage: 0.0000
  Batch 2220/5242, Loss: 5.0519, NLL: 5.0519, Coverage: 0.0000
  Batch 2230/5242, Loss: 5.5150, NLL: 5.5150, Coverage: 0.0000
  Batch 2240/5242, Loss: 5.2771, NLL: 5.2771, Coverage: 0.0000
  Batch 2250/5242, Loss: 5.2482, NLL: 5.2482, Coverage: 0.0000
  Batch 2260/5242, Loss: 5.3774, NLL: 5.3774, Coverage: 0.0000
  Batch 2270/5242, Loss: 4.8913, NLL: 4.8913, Coverage: 0.0000
  Batch 2280/5242, Loss: 5.2445, NLL: 5.2445, Coverage: 0.0000
  Batch 2290/5242, Loss: 5.7849, NLL: 5.7849, Coverage: 0.0000
  Batch 2300/5242, Loss: 5.5838, NLL: 5.5838, Coverage: 0.0000
  Batch 2310/5242, Loss: 5.4659, NLL: 5.4659, Coverage: 0.0000
  Batch 2320/5242, Loss: 5.3790, NLL: 5.3790, Coverage: 0.0000
  Batch 2330/5242, Loss: 5.4962, NLL: 5.4962, Coverage: 0.0000
  Batch 2340/5242, Loss: 5.4988, NLL: 5.4988, Coverage: 0.0000
  Batch 2350/5242, Loss: 4.8838, NLL: 4.8838, Coverage: 0.0000
  Batch 2360/5242, Loss: 5.4581, NLL: 5.4581, Coverage: 0.0000
  Batch 2370/5242, Loss: 5.1014, NLL: 5.1014, Coverage: 0.0000
  Batch 2380/5242, Loss: 5.5141, NLL: 5.5141, Coverage: 0.0000
  Batch 2390/5242, Loss: 5.3315, NLL: 5.3315, Coverage: 0.0000
  Batch 2400/5242, Loss: 5.4620, NLL: 5.4620, Coverage: 0.0000
  Batch 2410/5242, Loss: 5.2583, NLL: 5.2583, Coverage: 0.0000
  Batch 2420/5242, Loss: 5.4083, NLL: 5.4083, Coverage: 0.0000
  Batch 2430/5242, Loss: 5.4458, NLL: 5.4458, Coverage: 0.0000
  Batch 2440/5242, Loss: 5.2158, NLL: 5.2158, Coverage: 0.0000
  Batch 2450/5242, Loss: 5.0920, NLL: 5.0920, Coverage: 0.0000
  Batch 2460/5242, Loss: 5.0913, NLL: 5.0913, Coverage: 0.0000
  Batch 2470/5242, Loss: 5.1923, NLL: 5.1923, Coverage: 0.0000
  Batch 2480/5242, Loss: 5.2657, NLL: 5.2657, Coverage: 0.0000
  Batch 2490/5242, Loss: 5.3023, NLL: 5.3023, Coverage: 0.0000
  Batch 2500/5242, Loss: 5.4522, NLL: 5.4522, Coverage: 0.0000
  Batch 2510/5242, Loss: 5.3535, NLL: 5.3535, Coverage: 0.0000
  Batch 2520/5242, Loss: 5.1330, NLL: 5.1330, Coverage: 0.0000
  Batch 2530/5242, Loss: 5.3167, NLL: 5.3167, Coverage: 0.0000
  Batch 2540/5242, Loss: 5.3562, NLL: 5.3562, Coverage: 0.0000
  Batch 2550/5242, Loss: 5.2078, NLL: 5.2078, Coverage: 0.0000
  Batch 2560/5242, Loss: 5.2231, NLL: 5.2231, Coverage: 0.0000
  Batch 2570/5242, Loss: 5.3472, NLL: 5.3472, Coverage: 0.0000
  Batch 2580/5242, Loss: 5.3979, NLL: 5.3979, Coverage: 0.0000
  Batch 2590/5242, Loss: 5.4054, NLL: 5.4054, Coverage: 0.0000
  Batch 2600/5242, Loss: 5.1400, NLL: 5.1400, Coverage: 0.0000
  Batch 2610/5242, Loss: 5.2478, NLL: 5.2478, Coverage: 0.0000
  Batch 2620/5242, Loss: 5.2627, NLL: 5.2627, Coverage: 0.0000
  Batch 2630/5242, Loss: 5.1822, NLL: 5.1822, Coverage: 0.0000
  Batch 2640/5242, Loss: 5.0523, NLL: 5.0523, Coverage: 0.0000
  Batch 2650/5242, Loss: 5.3224, NLL: 5.3224, Coverage: 0.0000
  Batch 2660/5242, Loss: 4.9876, NLL: 4.9876, Coverage: 0.0000
  Batch 2670/5242, Loss: 5.3002, NLL: 5.3002, Coverage: 0.0000
  Batch 2680/5242, Loss: 5.0130, NLL: 5.0130, Coverage: 0.0000
  Batch 2690/5242, Loss: 5.0530, NLL: 5.0530, Coverage: 0.0000
  Batch 2700/5242, Loss: 5.4549, NLL: 5.4549, Coverage: 0.0000
  Batch 2710/5242, Loss: 5.1342, NLL: 5.1342, Coverage: 0.0000
  Batch 2720/5242, Loss: 5.2590, NLL: 5.2590, Coverage: 0.0000
  Batch 2730/5242, Loss: 5.1095, NLL: 5.1095, Coverage: 0.0000
  Batch 2740/5242, Loss: 5.5681, NLL: 5.5681, Coverage: 0.0000
  Batch 2750/5242, Loss: 4.9854, NLL: 4.9854, Coverage: 0.0000
  Batch 2760/5242, Loss: 5.3897, NLL: 5.3897, Coverage: 0.0000
  Batch 2770/5242, Loss: 5.1970, NLL: 5.1970, Coverage: 0.0000
  Batch 2780/5242, Loss: 5.1716, NLL: 5.1716, Coverage: 0.0000
  Batch 2790/5242, Loss: 5.3641, NLL: 5.3641, Coverage: 0.0000
  Batch 2800/5242, Loss: 5.5353, NLL: 5.5353, Coverage: 0.0000
  Batch 2810/5242, Loss: 4.9735, NLL: 4.9735, Coverage: 0.0000
  Batch 2820/5242, Loss: 5.5184, NLL: 5.5184, Coverage: 0.0000
  Batch 2830/5242, Loss: 5.2798, NLL: 5.2798, Coverage: 0.0000
  Batch 2840/5242, Loss: 5.3247, NLL: 5.3247, Coverage: 0.0000
  Batch 2850/5242, Loss: 5.1704, NLL: 5.1704, Coverage: 0.0000
  Batch 2860/5242, Loss: 5.2780, NLL: 5.2780, Coverage: 0.0000
  Batch 2870/5242, Loss: 5.3367, NLL: 5.3367, Coverage: 0.0000
  Batch 2880/5242, Loss: 5.2785, NLL: 5.2785, Coverage: 0.0000
  Batch 2890/5242, Loss: 5.5141, NLL: 5.5141, Coverage: 0.0000
  Batch 2900/5242, Loss: 5.0058, NLL: 5.0058, Coverage: 0.0000
  Batch 2910/5242, Loss: 5.5627, NLL: 5.5627, Coverage: 0.0000
  Batch 2920/5242, Loss: 5.3865, NLL: 5.3865, Coverage: 0.0000
  Batch 2930/5242, Loss: 5.0322, NLL: 5.0322, Coverage: 0.0000
  Batch 2940/5242, Loss: 4.9862, NLL: 4.9862, Coverage: 0.0000
  Batch 2950/5242, Loss: 5.2444, NLL: 5.2444, Coverage: 0.0000
  Batch 2960/5242, Loss: 5.2640, NLL: 5.2640, Coverage: 0.0000
  Batch 2970/5242, Loss: 4.9361, NLL: 4.9361, Coverage: 0.0000
  Batch 2980/5242, Loss: 5.5765, NLL: 5.5765, Coverage: 0.0000
  Batch 2990/5242, Loss: 4.9236, NLL: 4.9236, Coverage: 0.0000
  Batch 3000/5242, Loss: 4.8912, NLL: 4.8912, Coverage: 0.0000
  Batch 3010/5242, Loss: 5.1964, NLL: 5.1964, Coverage: 0.0000
  Batch 3020/5242, Loss: 5.3936, NLL: 5.3936, Coverage: 0.0000
  Batch 3030/5242, Loss: 5.1104, NLL: 5.1104, Coverage: 0.0000
  Batch 3040/5242, Loss: 4.6910, NLL: 4.6910, Coverage: 0.0000
  Batch 3050/5242, Loss: 5.2028, NLL: 5.2028, Coverage: 0.0000
  Batch 3060/5242, Loss: 5.0190, NLL: 5.0190, Coverage: 0.0000
  Batch 3070/5242, Loss: 5.0839, NLL: 5.0839, Coverage: 0.0000
  Batch 3080/5242, Loss: 5.2893, NLL: 5.2893, Coverage: 0.0000
  Batch 3090/5242, Loss: 5.2909, NLL: 5.2909, Coverage: 0.0000
  Batch 3100/5242, Loss: 5.0681, NLL: 5.0681, Coverage: 0.0000
  Batch 3110/5242, Loss: 5.0703, NLL: 5.0703, Coverage: 0.0000
  Batch 3120/5242, Loss: 5.2089, NLL: 5.2089, Coverage: 0.0000
  Batch 3130/5242, Loss: 5.4973, NLL: 5.4973, Coverage: 0.0000
  Batch 3140/5242, Loss: 5.3986, NLL: 5.3986, Coverage: 0.0000
  Batch 3150/5242, Loss: 4.8571, NLL: 4.8571, Coverage: 0.0000
  Batch 3160/5242, Loss: 5.3753, NLL: 5.3753, Coverage: 0.0000
  Batch 3170/5242, Loss: 5.0734, NLL: 5.0734, Coverage: 0.0000
  Batch 3180/5242, Loss: 5.2336, NLL: 5.2336, Coverage: 0.0000
  Batch 3190/5242, Loss: 5.4711, NLL: 5.4711, Coverage: 0.0000
  Batch 3200/5242, Loss: 5.1015, NLL: 5.1015, Coverage: 0.0000
  Batch 3210/5242, Loss: 4.9145, NLL: 4.9145, Coverage: 0.0000
  Batch 3220/5242, Loss: 5.0784, NLL: 5.0784, Coverage: 0.0000
  Batch 3230/5242, Loss: 5.1894, NLL: 5.1894, Coverage: 0.0000
  Batch 3240/5242, Loss: 5.1827, NLL: 5.1827, Coverage: 0.0000
  Batch 3250/5242, Loss: 5.0707, NLL: 5.0707, Coverage: 0.0000
  Batch 3260/5242, Loss: 4.8385, NLL: 4.8385, Coverage: 0.0000
  Batch 3270/5242, Loss: 5.3770, NLL: 5.3770, Coverage: 0.0000
  Batch 3280/5242, Loss: 5.0687, NLL: 5.0687, Coverage: 0.0000
  Batch 3290/5242, Loss: 4.9870, NLL: 4.9870, Coverage: 0.0000
  Batch 3300/5242, Loss: 5.2643, NLL: 5.2643, Coverage: 0.0000
  Batch 3310/5242, Loss: 5.2706, NLL: 5.2706, Coverage: 0.0000
  Batch 3320/5242, Loss: 4.8730, NLL: 4.8730, Coverage: 0.0000
  Batch 3330/5242, Loss: 5.3323, NLL: 5.3323, Coverage: 0.0000
  Batch 3340/5242, Loss: 5.1023, NLL: 5.1023, Coverage: 0.0000
  Batch 3350/5242, Loss: 5.1069, NLL: 5.1069, Coverage: 0.0000
  Batch 3360/5242, Loss: 5.3772, NLL: 5.3772, Coverage: 0.0000
  Batch 3370/5242, Loss: 5.0180, NLL: 5.0180, Coverage: 0.0000
  Batch 3380/5242, Loss: 5.5502, NLL: 5.5502, Coverage: 0.0000
  Batch 3390/5242, Loss: 5.3558, NLL: 5.3558, Coverage: 0.0000
  Batch 3400/5242, Loss: 5.1665, NLL: 5.1665, Coverage: 0.0000
  Batch 3410/5242, Loss: 5.0217, NLL: 5.0217, Coverage: 0.0000
  Batch 3420/5242, Loss: 5.0605, NLL: 5.0605, Coverage: 0.0000
  Batch 3430/5242, Loss: 5.3008, NLL: 5.3008, Coverage: 0.0000
  Batch 3440/5242, Loss: 4.6960, NLL: 4.6960, Coverage: 0.0000
  Batch 3450/5242, Loss: 4.9195, NLL: 4.9195, Coverage: 0.0000
  Batch 3460/5242, Loss: 4.9303, NLL: 4.9303, Coverage: 0.0000
  Batch 3470/5242, Loss: 5.2441, NLL: 5.2441, Coverage: 0.0000
  Batch 3480/5242, Loss: 4.9079, NLL: 4.9079, Coverage: 0.0000
  Batch 3490/5242, Loss: 5.0256, NLL: 5.0256, Coverage: 0.0000
  Batch 3500/5242, Loss: 5.1165, NLL: 5.1165, Coverage: 0.0000
  Batch 3510/5242, Loss: 5.3032, NLL: 5.3032, Coverage: 0.0000
  Batch 3520/5242, Loss: 5.3982, NLL: 5.3982, Coverage: 0.0000
  Batch 3530/5242, Loss: 5.3752, NLL: 5.3752, Coverage: 0.0000
  Batch 3540/5242, Loss: 4.7193, NLL: 4.7193, Coverage: 0.0000
  Batch 3550/5242, Loss: 5.4765, NLL: 5.4765, Coverage: 0.0000
  Batch 3560/5242, Loss: 5.3374, NLL: 5.3374, Coverage: 0.0000
  Batch 3570/5242, Loss: 5.1779, NLL: 5.1779, Coverage: 0.0000
  Batch 3580/5242, Loss: 5.0860, NLL: 5.0860, Coverage: 0.0000
  Batch 3590/5242, Loss: 5.0795, NLL: 5.0795, Coverage: 0.0000
  Batch 3600/5242, Loss: 4.8632, NLL: 4.8632, Coverage: 0.0000
  Batch 3610/5242, Loss: 5.2396, NLL: 5.2396, Coverage: 0.0000
  Batch 3620/5242, Loss: 5.2252, NLL: 5.2252, Coverage: 0.0000
  Batch 3630/5242, Loss: 5.4133, NLL: 5.4133, Coverage: 0.0000
  Batch 3640/5242, Loss: 5.3232, NLL: 5.3232, Coverage: 0.0000
  Batch 3650/5242, Loss: 4.8563, NLL: 4.8563, Coverage: 0.0000
  Batch 3660/5242, Loss: 5.3984, NLL: 5.3984, Coverage: 0.0000
  Batch 3670/5242, Loss: 5.2860, NLL: 5.2860, Coverage: 0.0000
  Batch 3680/5242, Loss: 5.1206, NLL: 5.1206, Coverage: 0.0000
  Batch 3690/5242, Loss: 4.9646, NLL: 4.9646, Coverage: 0.0000
  Batch 3700/5242, Loss: 5.0948, NLL: 5.0948, Coverage: 0.0000
  Batch 3710/5242, Loss: 5.1076, NLL: 5.1076, Coverage: 0.0000
  Batch 3720/5242, Loss: 5.5355, NLL: 5.5355, Coverage: 0.0000
  Batch 3730/5242, Loss: 5.1342, NLL: 5.1342, Coverage: 0.0000
  Batch 3740/5242, Loss: 5.2992, NLL: 5.2992, Coverage: 0.0000
  Batch 3750/5242, Loss: 5.1651, NLL: 5.1651, Coverage: 0.0000
  Batch 3760/5242, Loss: 5.2559, NLL: 5.2559, Coverage: 0.0000
  Batch 3770/5242, Loss: 5.0655, NLL: 5.0655, Coverage: 0.0000
  Batch 3780/5242, Loss: 4.6910, NLL: 4.6910, Coverage: 0.0000
  Batch 3790/5242, Loss: 5.2291, NLL: 5.2291, Coverage: 0.0000
  Batch 3800/5242, Loss: 5.1694, NLL: 5.1694, Coverage: 0.0000
  Batch 3810/5242, Loss: 4.7604, NLL: 4.7604, Coverage: 0.0000
  Batch 3820/5242, Loss: 5.3681, NLL: 5.3681, Coverage: 0.0000
  Batch 3830/5242, Loss: 5.3250, NLL: 5.3250, Coverage: 0.0000
  Batch 3840/5242, Loss: 5.5488, NLL: 5.5488, Coverage: 0.0000
  Batch 3850/5242, Loss: 5.1248, NLL: 5.1248, Coverage: 0.0000
  Batch 3860/5242, Loss: 5.4175, NLL: 5.4175, Coverage: 0.0000
  Batch 3870/5242, Loss: 4.6300, NLL: 4.6300, Coverage: 0.0000
  Batch 3880/5242, Loss: 4.9772, NLL: 4.9772, Coverage: 0.0000
  Batch 3890/5242, Loss: 4.9335, NLL: 4.9335, Coverage: 0.0000
  Batch 3900/5242, Loss: 5.6791, NLL: 5.6791, Coverage: 0.0000
  Batch 3910/5242, Loss: 5.2177, NLL: 5.2177, Coverage: 0.0000
  Batch 3920/5242, Loss: 4.7311, NLL: 4.7311, Coverage: 0.0000
  Batch 3930/5242, Loss: 5.3641, NLL: 5.3641, Coverage: 0.0000
  Batch 3940/5242, Loss: 4.9580, NLL: 4.9580, Coverage: 0.0000
  Batch 3950/5242, Loss: 4.8745, NLL: 4.8745, Coverage: 0.0000
  Batch 3960/5242, Loss: 5.0829, NLL: 5.0829, Coverage: 0.0000
  Batch 3970/5242, Loss: 5.2904, NLL: 5.2904, Coverage: 0.0000
  Batch 3980/5242, Loss: 5.5408, NLL: 5.5408, Coverage: 0.0000
  Batch 3990/5242, Loss: 5.5305, NLL: 5.5305, Coverage: 0.0000
  Batch 4000/5242, Loss: 4.5594, NLL: 4.5594, Coverage: 0.0000
  Batch 4010/5242, Loss: 5.0523, NLL: 5.0523, Coverage: 0.0000
  Batch 4020/5242, Loss: 4.8864, NLL: 4.8864, Coverage: 0.0000
  Batch 4030/5242, Loss: 5.0075, NLL: 5.0075, Coverage: 0.0000
  Batch 4040/5242, Loss: 4.8282, NLL: 4.8282, Coverage: 0.0000
  Batch 4050/5242, Loss: 5.0906, NLL: 5.0906, Coverage: 0.0000
  Batch 4060/5242, Loss: 5.5136, NLL: 5.5136, Coverage: 0.0000
  Batch 4070/5242, Loss: 4.7023, NLL: 4.7023, Coverage: 0.0000
  Batch 4080/5242, Loss: 5.4086, NLL: 5.4086, Coverage: 0.0000
  Batch 4090/5242, Loss: 4.9989, NLL: 4.9989, Coverage: 0.0000
  Batch 4100/5242, Loss: 4.7237, NLL: 4.7237, Coverage: 0.0000
  Batch 4110/5242, Loss: 5.4039, NLL: 5.4039, Coverage: 0.0000
  Batch 4120/5242, Loss: 4.8926, NLL: 4.8926, Coverage: 0.0000
  Batch 4130/5242, Loss: 5.0952, NLL: 5.0952, Coverage: 0.0000
  Batch 4140/5242, Loss: 4.6856, NLL: 4.6856, Coverage: 0.0000
  Batch 4150/5242, Loss: 5.3726, NLL: 5.3726, Coverage: 0.0000
  Batch 4160/5242, Loss: 5.2359, NLL: 5.2359, Coverage: 0.0000
  Batch 4170/5242, Loss: 5.3972, NLL: 5.3972, Coverage: 0.0000
  Batch 4180/5242, Loss: 4.8154, NLL: 4.8154, Coverage: 0.0000
  Batch 4190/5242, Loss: 5.0165, NLL: 5.0165, Coverage: 0.0000
  Batch 4200/5242, Loss: 5.8854, NLL: 5.8854, Coverage: 0.0000
  Batch 4210/5242, Loss: 5.0865, NLL: 5.0865, Coverage: 0.0000
  Batch 4220/5242, Loss: 5.1692, NLL: 5.1692, Coverage: 0.0000
  Batch 4230/5242, Loss: 5.1035, NLL: 5.1035, Coverage: 0.0000
  Batch 4240/5242, Loss: 5.0934, NLL: 5.0934, Coverage: 0.0000
  Batch 4250/5242, Loss: 5.1337, NLL: 5.1337, Coverage: 0.0000
  Batch 4260/5242, Loss: 5.5096, NLL: 5.5096, Coverage: 0.0000
  Batch 4270/5242, Loss: 5.0851, NLL: 5.0851, Coverage: 0.0000
  Batch 4280/5242, Loss: 5.1385, NLL: 5.1385, Coverage: 0.0000
  Batch 4290/5242, Loss: 5.2535, NLL: 5.2535, Coverage: 0.0000
  Batch 4300/5242, Loss: 5.3734, NLL: 5.3734, Coverage: 0.0000
  Batch 4310/5242, Loss: 4.9799, NLL: 4.9799, Coverage: 0.0000
  Batch 4320/5242, Loss: 5.0739, NLL: 5.0739, Coverage: 0.0000
  Batch 4330/5242, Loss: 5.0052, NLL: 5.0052, Coverage: 0.0000
  Batch 4340/5242, Loss: 5.2027, NLL: 5.2027, Coverage: 0.0000
  Batch 4350/5242, Loss: 4.7411, NLL: 4.7411, Coverage: 0.0000
  Batch 4360/5242, Loss: 5.1036, NLL: 5.1036, Coverage: 0.0000
  Batch 4370/5242, Loss: 5.6215, NLL: 5.6215, Coverage: 0.0000
  Batch 4380/5242, Loss: 5.0227, NLL: 5.0227, Coverage: 0.0000
  Batch 4390/5242, Loss: 4.8754, NLL: 4.8754, Coverage: 0.0000
  Batch 4400/5242, Loss: 5.1967, NLL: 5.1967, Coverage: 0.0000
  Batch 4410/5242, Loss: 4.9491, NLL: 4.9491, Coverage: 0.0000
  Batch 4420/5242, Loss: 5.3246, NLL: 5.3246, Coverage: 0.0000
  Batch 4430/5242, Loss: 5.1368, NLL: 5.1368, Coverage: 0.0000
  Batch 4440/5242, Loss: 4.6821, NLL: 4.6821, Coverage: 0.0000
  Batch 4450/5242, Loss: 4.8365, NLL: 4.8365, Coverage: 0.0000
  Batch 4460/5242, Loss: 5.0842, NLL: 5.0842, Coverage: 0.0000
  Batch 4470/5242, Loss: 5.3688, NLL: 5.3688, Coverage: 0.0000
  Batch 4480/5242, Loss: 5.3701, NLL: 5.3701, Coverage: 0.0000
  Batch 4490/5242, Loss: 4.7620, NLL: 4.7620, Coverage: 0.0000
  Batch 4500/5242, Loss: 4.8868, NLL: 4.8868, Coverage: 0.0000
  Batch 4510/5242, Loss: 4.8378, NLL: 4.8378, Coverage: 0.0000
  Batch 4520/5242, Loss: 5.0382, NLL: 5.0382, Coverage: 0.0000
  Batch 4530/5242, Loss: 5.0159, NLL: 5.0159, Coverage: 0.0000
  Batch 4540/5242, Loss: 4.8553, NLL: 4.8553, Coverage: 0.0000
  Batch 4550/5242, Loss: 5.2405, NLL: 5.2405, Coverage: 0.0000
  Batch 4560/5242, Loss: 5.1880, NLL: 5.1880, Coverage: 0.0000
  Batch 4570/5242, Loss: 4.9897, NLL: 4.9897, Coverage: 0.0000
  Batch 4580/5242, Loss: 5.0872, NLL: 5.0872, Coverage: 0.0000
  Batch 4590/5242, Loss: 4.6554, NLL: 4.6554, Coverage: 0.0000
  Batch 4600/5242, Loss: 4.7883, NLL: 4.7883, Coverage: 0.0000
  Batch 4610/5242, Loss: 4.9114, NLL: 4.9114, Coverage: 0.0000
  Batch 4620/5242, Loss: 4.6683, NLL: 4.6683, Coverage: 0.0000
  Batch 4630/5242, Loss: 4.9261, NLL: 4.9261, Coverage: 0.0000
  Batch 4640/5242, Loss: 5.2594, NLL: 5.2594, Coverage: 0.0000
  Batch 4650/5242, Loss: 5.0749, NLL: 5.0749, Coverage: 0.0000
  Batch 4660/5242, Loss: 4.8567, NLL: 4.8567, Coverage: 0.0000
  Batch 4670/5242, Loss: 4.6608, NLL: 4.6608, Coverage: 0.0000
  Batch 4680/5242, Loss: 4.9564, NLL: 4.9564, Coverage: 0.0000
  Batch 4690/5242, Loss: 5.3694, NLL: 5.3694, Coverage: 0.0000
  Batch 4700/5242, Loss: 5.0789, NLL: 5.0789, Coverage: 0.0000
  Batch 4710/5242, Loss: 5.0647, NLL: 5.0647, Coverage: 0.0000
  Batch 4720/5242, Loss: 5.4713, NLL: 5.4713, Coverage: 0.0000
  Batch 4730/5242, Loss: 5.1754, NLL: 5.1754, Coverage: 0.0000
  Batch 4740/5242, Loss: 5.0978, NLL: 5.0978, Coverage: 0.0000
  Batch 4750/5242, Loss: 4.7838, NLL: 4.7838, Coverage: 0.0000
  Batch 4760/5242, Loss: 5.2383, NLL: 5.2383, Coverage: 0.0000
  Batch 4770/5242, Loss: 5.0997, NLL: 5.0997, Coverage: 0.0000
  Batch 4780/5242, Loss: 5.3029, NLL: 5.3029, Coverage: 0.0000
  Batch 4790/5242, Loss: 4.9430, NLL: 4.9430, Coverage: 0.0000
  Batch 4800/5242, Loss: 4.8375, NLL: 4.8375, Coverage: 0.0000
  Batch 4810/5242, Loss: 4.7358, NLL: 4.7358, Coverage: 0.0000
  Batch 4820/5242, Loss: 4.7826, NLL: 4.7826, Coverage: 0.0000
  Batch 4830/5242, Loss: 5.1405, NLL: 5.1405, Coverage: 0.0000
  Batch 4840/5242, Loss: 4.6600, NLL: 4.6600, Coverage: 0.0000
  Batch 4850/5242, Loss: 5.1166, NLL: 5.1166, Coverage: 0.0000
  Batch 4860/5242, Loss: 4.9986, NLL: 4.9986, Coverage: 0.0000
  Batch 4870/5242, Loss: 4.9909, NLL: 4.9909, Coverage: 0.0000
  Batch 4880/5242, Loss: 5.2152, NLL: 5.2152, Coverage: 0.0000
  Batch 4890/5242, Loss: 4.7013, NLL: 4.7013, Coverage: 0.0000
  Batch 4900/5242, Loss: 5.0016, NLL: 5.0016, Coverage: 0.0000
  Batch 4910/5242, Loss: 5.3016, NLL: 5.3016, Coverage: 0.0000
  Batch 4920/5242, Loss: 5.1841, NLL: 5.1841, Coverage: 0.0000
  Batch 4930/5242, Loss: 5.0259, NLL: 5.0259, Coverage: 0.0000
  Batch 4940/5242, Loss: 4.7747, NLL: 4.7747, Coverage: 0.0000
  Batch 4950/5242, Loss: 4.9446, NLL: 4.9446, Coverage: 0.0000
  Batch 4960/5242, Loss: 4.9975, NLL: 4.9975, Coverage: 0.0000
  Batch 4970/5242, Loss: 4.9795, NLL: 4.9795, Coverage: 0.0000
  Batch 4980/5242, Loss: 5.2977, NLL: 5.2977, Coverage: 0.0000
  Batch 4990/5242, Loss: 4.8809, NLL: 4.8809, Coverage: 0.0000
  Batch 5000/5242, Loss: 5.0218, NLL: 5.0218, Coverage: 0.0000
  Batch 5010/5242, Loss: 5.0562, NLL: 5.0562, Coverage: 0.0000
  Batch 5020/5242, Loss: 4.7656, NLL: 4.7656, Coverage: 0.0000
  Batch 5030/5242, Loss: 5.2640, NLL: 5.2640, Coverage: 0.0000
  Batch 5040/5242, Loss: 5.0445, NLL: 5.0445, Coverage: 0.0000
  Batch 5050/5242, Loss: 5.0684, NLL: 5.0684, Coverage: 0.0000
  Batch 5060/5242, Loss: 4.6065, NLL: 4.6065, Coverage: 0.0000
  Batch 5070/5242, Loss: 4.6345, NLL: 4.6345, Coverage: 0.0000
  Batch 5080/5242, Loss: 5.0838, NLL: 5.0838, Coverage: 0.0000
  Batch 5090/5242, Loss: 4.9026, NLL: 4.9026, Coverage: 0.0000
  Batch 5100/5242, Loss: 5.2755, NLL: 5.2755, Coverage: 0.0000
  Batch 5110/5242, Loss: 5.1916, NLL: 5.1916, Coverage: 0.0000
  Batch 5120/5242, Loss: 4.5927, NLL: 4.5927, Coverage: 0.0000
  Batch 5130/5242, Loss: 4.7100, NLL: 4.7100, Coverage: 0.0000
  Batch 5140/5242, Loss: 4.7681, NLL: 4.7681, Coverage: 0.0000
  Batch 5150/5242, Loss: 4.8592, NLL: 4.8592, Coverage: 0.0000
  Batch 5160/5242, Loss: 4.8857, NLL: 4.8857, Coverage: 0.0000
  Batch 5170/5242, Loss: 4.6343, NLL: 4.6343, Coverage: 0.0000
  Batch 5180/5242, Loss: 5.1527, NLL: 5.1527, Coverage: 0.0000
  Batch 5190/5242, Loss: 4.9522, NLL: 4.9522, Coverage: 0.0000
  Batch 5200/5242, Loss: 4.9928, NLL: 4.9928, Coverage: 0.0000
  Batch 5210/5242, Loss: 5.1976, NLL: 5.1976, Coverage: 0.0000
  Batch 5220/5242, Loss: 4.9126, NLL: 4.9126, Coverage: 0.0000
  Batch 5230/5242, Loss: 5.1235, NLL: 5.1235, Coverage: 0.0000
  Batch 5240/5242, Loss: 5.1157, NLL: 5.1157, Coverage: 0.0000

  Train Loss: 5.4030 (NLL: 5.4030, Cov: 0.0000)
  Val Loss: 6.3493 (NLL: 6.3493, Cov: 0.0000)
  Time: 34m 28s
  ✓ New best model saved! (val_loss: 6.3493)

Epoch 2/20
----------------------------------------
  Batch 10/5242, Loss: 5.0388, NLL: 5.0388, Coverage: 0.0000
  Batch 20/5242, Loss: 4.9328, NLL: 4.9328, Coverage: 0.0000
  Batch 30/5242, Loss: 5.1732, NLL: 5.1732, Coverage: 0.0000
  Batch 40/5242, Loss: 4.8383, NLL: 4.8383, Coverage: 0.0000
  Batch 50/5242, Loss: 4.6667, NLL: 4.6667, Coverage: 0.0000
  Batch 60/5242, Loss: 4.7394, NLL: 4.7394, Coverage: 0.0000
  Batch 70/5242, Loss: 5.0806, NLL: 5.0806, Coverage: 0.0000
  Batch 80/5242, Loss: 4.9852, NLL: 4.9852, Coverage: 0.0000
  Batch 90/5242, Loss: 5.0080, NLL: 5.0080, Coverage: 0.0000
  Batch 100/5242, Loss: 4.5744, NLL: 4.5744, Coverage: 0.0000
  Batch 110/5242, Loss: 4.9790, NLL: 4.9790, Coverage: 0.0000
  Batch 120/5242, Loss: 5.0130, NLL: 5.0130, Coverage: 0.0000
  Batch 130/5242, Loss: 5.0498, NLL: 5.0498, Coverage: 0.0000
  Batch 140/5242, Loss: 5.0232, NLL: 5.0232, Coverage: 0.0000
  Batch 150/5242, Loss: 5.0043, NLL: 5.0043, Coverage: 0.0000
  Batch 160/5242, Loss: 4.9456, NLL: 4.9456, Coverage: 0.0000
  Batch 170/5242, Loss: 4.5883, NLL: 4.5883, Coverage: 0.0000
  Batch 180/5242, Loss: 4.9493, NLL: 4.9493, Coverage: 0.0000
  Batch 190/5242, Loss: 5.1544, NLL: 5.1544, Coverage: 0.0000
  Batch 200/5242, Loss: 4.9927, NLL: 4.9927, Coverage: 0.0000
  Batch 210/5242, Loss: 4.8659, NLL: 4.8659, Coverage: 0.0000
  Batch 220/5242, Loss: 4.8205, NLL: 4.8205, Coverage: 0.0000
  Batch 230/5242, Loss: 5.1483, NLL: 5.1483, Coverage: 0.0000
  Batch 240/5242, Loss: 5.2931, NLL: 5.2931, Coverage: 0.0000
  Batch 250/5242, Loss: 4.9491, NLL: 4.9491, Coverage: 0.0000
  Batch 260/5242, Loss: 5.1092, NLL: 5.1092, Coverage: 0.0000
  Batch 270/5242, Loss: 4.7646, NLL: 4.7646, Coverage: 0.0000
  Batch 280/5242, Loss: 5.3435, NLL: 5.3435, Coverage: 0.0000
  Batch 290/5242, Loss: 4.8944, NLL: 4.8944, Coverage: 0.0000
  Batch 300/5242, Loss: 5.2175, NLL: 5.2175, Coverage: 0.0000
  Batch 310/5242, Loss: 4.8568, NLL: 4.8568, Coverage: 0.0000
  Batch 320/5242, Loss: 5.0200, NLL: 5.0200, Coverage: 0.0000
  Batch 330/5242, Loss: 5.3116, NLL: 5.3116, Coverage: 0.0000
  Batch 340/5242, Loss: 4.5977, NLL: 4.5977, Coverage: 0.0000
  Batch 350/5242, Loss: 4.9569, NLL: 4.9569, Coverage: 0.0000
  Batch 360/5242, Loss: 4.7181, NLL: 4.7181, Coverage: 0.0000
  Batch 370/5242, Loss: 4.6237, NLL: 4.6237, Coverage: 0.0000
  Batch 380/5242, Loss: 4.4874, NLL: 4.4874, Coverage: 0.0000
  Batch 390/5242, Loss: 5.0667, NLL: 5.0667, Coverage: 0.0000
  Batch 400/5242, Loss: 5.0688, NLL: 5.0688, Coverage: 0.0000
  Batch 410/5242, Loss: 4.9844, NLL: 4.9844, Coverage: 0.0000
  Batch 420/5242, Loss: 4.5305, NLL: 4.5305, Coverage: 0.0000
  Batch 430/5242, Loss: 4.9808, NLL: 4.9808, Coverage: 0.0000
  Batch 440/5242, Loss: 4.6261, NLL: 4.6261, Coverage: 0.0000
  Batch 450/5242, Loss: 5.1031, NLL: 5.1031, Coverage: 0.0000
  Batch 460/5242, Loss: 5.0220, NLL: 5.0220, Coverage: 0.0000
  Batch 470/5242, Loss: 4.3171, NLL: 4.3171, Coverage: 0.0000
  Batch 480/5242, Loss: 4.8237, NLL: 4.8237, Coverage: 0.0000
  Batch 490/5242, Loss: 5.0603, NLL: 5.0603, Coverage: 0.0000
  Batch 500/5242, Loss: 5.1187, NLL: 5.1187, Coverage: 0.0000
  Batch 510/5242, Loss: 4.5460, NLL: 4.5460, Coverage: 0.0000
  Batch 520/5242, Loss: 5.3160, NLL: 5.3160, Coverage: 0.0000
  Batch 530/5242, Loss: 5.3300, NLL: 5.3300, Coverage: 0.0000
  Batch 540/5242, Loss: 5.3859, NLL: 5.3859, Coverage: 0.0000
  Batch 550/5242, Loss: 4.9384, NLL: 4.9384, Coverage: 0.0000
  Batch 560/5242, Loss: 5.1028, NLL: 5.1028, Coverage: 0.0000
  Batch 570/5242, Loss: 4.9195, NLL: 4.9195, Coverage: 0.0000
  Batch 580/5242, Loss: 4.9408, NLL: 4.9408, Coverage: 0.0000
  Batch 590/5242, Loss: 5.3760, NLL: 5.3760, Coverage: 0.0000
  Batch 600/5242, Loss: 4.9164, NLL: 4.9164, Coverage: 0.0000
  Batch 610/5242, Loss: 4.5899, NLL: 4.5899, Coverage: 0.0000
  Batch 620/5242, Loss: 4.6177, NLL: 4.6177, Coverage: 0.0000
  Batch 630/5242, Loss: 4.5067, NLL: 4.5067, Coverage: 0.0000
  Batch 640/5242, Loss: 5.2302, NLL: 5.2302, Coverage: 0.0000
  Batch 650/5242, Loss: 5.1380, NLL: 5.1380, Coverage: 0.0000
  Batch 660/5242, Loss: 4.8967, NLL: 4.8967, Coverage: 0.0000
  Batch 670/5242, Loss: 4.8683, NLL: 4.8683, Coverage: 0.0000
  Batch 680/5242, Loss: 4.9098, NLL: 4.9098, Coverage: 0.0000
  Batch 690/5242, Loss: 4.7118, NLL: 4.7118, Coverage: 0.0000
  Batch 700/5242, Loss: 4.5327, NLL: 4.5327, Coverage: 0.0000
  Batch 710/5242, Loss: 4.7292, NLL: 4.7292, Coverage: 0.0000
  Batch 720/5242, Loss: 4.6399, NLL: 4.6399, Coverage: 0.0000
  Batch 730/5242, Loss: 4.9565, NLL: 4.9565, Coverage: 0.0000
  Batch 740/5242, Loss: 4.7442, NLL: 4.7442, Coverage: 0.0000
  Batch 750/5242, Loss: 4.9846, NLL: 4.9846, Coverage: 0.0000
  Batch 760/5242, Loss: 4.7420, NLL: 4.7420, Coverage: 0.0000
  Batch 770/5242, Loss: 5.1130, NLL: 5.1130, Coverage: 0.0000
  Batch 780/5242, Loss: 4.5981, NLL: 4.5981, Coverage: 0.0000
  Batch 790/5242, Loss: 4.9598, NLL: 4.9598, Coverage: 0.0000
  Batch 800/5242, Loss: 4.5936, NLL: 4.5936, Coverage: 0.0000
  Batch 810/5242, Loss: 4.6921, NLL: 4.6921, Coverage: 0.0000
  Batch 820/5242, Loss: 5.3721, NLL: 5.3721, Coverage: 0.0000
  Batch 830/5242, Loss: 5.1794, NLL: 5.1794, Coverage: 0.0000
  Batch 840/5242, Loss: 4.9680, NLL: 4.9680, Coverage: 0.0000
  Batch 850/5242, Loss: 5.0074, NLL: 5.0074, Coverage: 0.0000
  Batch 860/5242, Loss: 4.5737, NLL: 4.5737, Coverage: 0.0000
  Batch 870/5242, Loss: 4.9137, NLL: 4.9137, Coverage: 0.0000
  Batch 880/5242, Loss: 5.1402, NLL: 5.1402, Coverage: 0.0000
  Batch 890/5242, Loss: 5.3962, NLL: 5.3962, Coverage: 0.0000
  Batch 900/5242, Loss: 4.7771, NLL: 4.7771, Coverage: 0.0000
  Batch 910/5242, Loss: 4.9467, NLL: 4.9467, Coverage: 0.0000
  Batch 920/5242, Loss: 4.6130, NLL: 4.6130, Coverage: 0.0000
  Batch 930/5242, Loss: 4.4810, NLL: 4.4810, Coverage: 0.0000
  Batch 940/5242, Loss: 4.9081, NLL: 4.9081, Coverage: 0.0000
  Batch 950/5242, Loss: 5.2345, NLL: 5.2345, Coverage: 0.0000
  Batch 960/5242, Loss: 4.8111, NLL: 4.8111, Coverage: 0.0000
  Batch 970/5242, Loss: 4.9376, NLL: 4.9376, Coverage: 0.0000
  Batch 980/5242, Loss: 4.8436, NLL: 4.8436, Coverage: 0.0000
  Batch 990/5242, Loss: 5.0331, NLL: 5.0331, Coverage: 0.0000
  Batch 1000/5242, Loss: 4.9507, NLL: 4.9507, Coverage: 0.0000
  Batch 1010/5242, Loss: 5.0959, NLL: 5.0959, Coverage: 0.0000
  Batch 1020/5242, Loss: 5.1090, NLL: 5.1090, Coverage: 0.0000
  Batch 1030/5242, Loss: 4.9465, NLL: 4.9465, Coverage: 0.0000
  Batch 1040/5242, Loss: 4.9181, NLL: 4.9181, Coverage: 0.0000
  Batch 1050/5242, Loss: 5.2451, NLL: 5.2451, Coverage: 0.0000
  Batch 1060/5242, Loss: 4.1977, NLL: 4.1977, Coverage: 0.0000
  Batch 1070/5242, Loss: 5.2479, NLL: 5.2479, Coverage: 0.0000
  Batch 1080/5242, Loss: 4.9396, NLL: 4.9396, Coverage: 0.0000
  Batch 1090/5242, Loss: 4.6327, NLL: 4.6327, Coverage: 0.0000
  Batch 1100/5242, Loss: 4.5276, NLL: 4.5276, Coverage: 0.0000
  Batch 1110/5242, Loss: 4.8825, NLL: 4.8825, Coverage: 0.0000
  Batch 1120/5242, Loss: 4.8901, NLL: 4.8901, Coverage: 0.0000
  Batch 1130/5242, Loss: 4.6951, NLL: 4.6951, Coverage: 0.0000
  Batch 1140/5242, Loss: 4.6146, NLL: 4.6146, Coverage: 0.0000
  Batch 1150/5242, Loss: 5.0348, NLL: 5.0348, Coverage: 0.0000
  Batch 1160/5242, Loss: 4.7001, NLL: 4.7001, Coverage: 0.0000
  Batch 1170/5242, Loss: 4.8637, NLL: 4.8637, Coverage: 0.0000
  Batch 1180/5242, Loss: 5.0900, NLL: 5.0900, Coverage: 0.0000
  Batch 1190/5242, Loss: 4.9483, NLL: 4.9483, Coverage: 0.0000
  Batch 1200/5242, Loss: 4.7589, NLL: 4.7589, Coverage: 0.0000
  Batch 1210/5242, Loss: 4.7579, NLL: 4.7579, Coverage: 0.0000
  Batch 1220/5242, Loss: 4.7734, NLL: 4.7734, Coverage: 0.0000
  Batch 1230/5242, Loss: 4.5224, NLL: 4.5224, Coverage: 0.0000
  Batch 1240/5242, Loss: 4.8412, NLL: 4.8412, Coverage: 0.0000
  Batch 1250/5242, Loss: 4.7156, NLL: 4.7156, Coverage: 0.0000
  Batch 1260/5242, Loss: 4.8929, NLL: 4.8929, Coverage: 0.0000
  Batch 1270/5242, Loss: 4.6523, NLL: 4.6523, Coverage: 0.0000
  Batch 1280/5242, Loss: 5.1158, NLL: 5.1158, Coverage: 0.0000
  Batch 1290/5242, Loss: 4.8648, NLL: 4.8648, Coverage: 0.0000
  Batch 1300/5242, Loss: 4.4817, NLL: 4.4817, Coverage: 0.0000
  Batch 1310/5242, Loss: 4.5621, NLL: 4.5621, Coverage: 0.0000
  Batch 1320/5242, Loss: 5.2460, NLL: 5.2460, Coverage: 0.0000
  Batch 1330/5242, Loss: 4.8498, NLL: 4.8498, Coverage: 0.0000
  Batch 1340/5242, Loss: 5.2636, NLL: 5.2636, Coverage: 0.0000
  Batch 1350/5242, Loss: 5.1361, NLL: 5.1361, Coverage: 0.0000
  Batch 1360/5242, Loss: 4.9036, NLL: 4.9036, Coverage: 0.0000
  Batch 1370/5242, Loss: 4.5952, NLL: 4.5952, Coverage: 0.0000
  Batch 1380/5242, Loss: 4.9886, NLL: 4.9886, Coverage: 0.0000
  Batch 1390/5242, Loss: 5.0909, NLL: 5.0909, Coverage: 0.0000
  Batch 1400/5242, Loss: 4.6208, NLL: 4.6208, Coverage: 0.0000
  Batch 1410/5242, Loss: 5.1538, NLL: 5.1538, Coverage: 0.0000
  Batch 1420/5242, Loss: 4.9156, NLL: 4.9156, Coverage: 0.0000
  Batch 1430/5242, Loss: 4.9288, NLL: 4.9288, Coverage: 0.0000
  Batch 1440/5242, Loss: 4.9217, NLL: 4.9217, Coverage: 0.0000
  Batch 1450/5242, Loss: 4.8032, NLL: 4.8032, Coverage: 0.0000
  Batch 1460/5242, Loss: 4.5792, NLL: 4.5792, Coverage: 0.0000
  Batch 1470/5242, Loss: 4.9988, NLL: 4.9988, Coverage: 0.0000
  Batch 1480/5242, Loss: 4.8620, NLL: 4.8620, Coverage: 0.0000
  Batch 1490/5242, Loss: 4.6275, NLL: 4.6275, Coverage: 0.0000
  Batch 1500/5242, Loss: 5.1271, NLL: 5.1271, Coverage: 0.0000
  Batch 1510/5242, Loss: 4.7539, NLL: 4.7539, Coverage: 0.0000
  Batch 1520/5242, Loss: 4.6183, NLL: 4.6183, Coverage: 0.0000
  Batch 1530/5242, Loss: 4.8699, NLL: 4.8699, Coverage: 0.0000
  Batch 1540/5242, Loss: 4.5578, NLL: 4.5578, Coverage: 0.0000
  Batch 1550/5242, Loss: 5.3203, NLL: 5.3203, Coverage: 0.0000
  Batch 1560/5242, Loss: 4.8329, NLL: 4.8329, Coverage: 0.0000
  Batch 1570/5242, Loss: 4.8433, NLL: 4.8433, Coverage: 0.0000
  Batch 1580/5242, Loss: 4.7068, NLL: 4.7068, Coverage: 0.0000
  Batch 1590/5242, Loss: 4.9279, NLL: 4.9279, Coverage: 0.0000
  Batch 1600/5242, Loss: 4.6678, NLL: 4.6678, Coverage: 0.0000
  Batch 1610/5242, Loss: 4.9988, NLL: 4.9988, Coverage: 0.0000
  Batch 1620/5242, Loss: 5.1346, NLL: 5.1346, Coverage: 0.0000
  Batch 1630/5242, Loss: 4.4939, NLL: 4.4939, Coverage: 0.0000
  Batch 1640/5242, Loss: 4.9304, NLL: 4.9304, Coverage: 0.0000
  Batch 1650/5242, Loss: 4.6365, NLL: 4.6365, Coverage: 0.0000
  Batch 1660/5242, Loss: 4.5732, NLL: 4.5732, Coverage: 0.0000
  Batch 1670/5242, Loss: 4.8450, NLL: 4.8450, Coverage: 0.0000
  Batch 1680/5242, Loss: 4.5461, NLL: 4.5461, Coverage: 0.0000
  Batch 1690/5242, Loss: 4.8629, NLL: 4.8629, Coverage: 0.0000
  Batch 1700/5242, Loss: 4.8065, NLL: 4.8065, Coverage: 0.0000
  Batch 1710/5242, Loss: 5.1224, NLL: 5.1224, Coverage: 0.0000
  Batch 1720/5242, Loss: 4.7601, NLL: 4.7601, Coverage: 0.0000
  Batch 1730/5242, Loss: 4.9162, NLL: 4.9162, Coverage: 0.0000
  Batch 1740/5242, Loss: 4.8009, NLL: 4.8009, Coverage: 0.0000
  Batch 1750/5242, Loss: 5.0225, NLL: 5.0225, Coverage: 0.0000
  Batch 1760/5242, Loss: 4.8036, NLL: 4.8036, Coverage: 0.0000
  Batch 1770/5242, Loss: 4.9735, NLL: 4.9735, Coverage: 0.0000
  Batch 1780/5242, Loss: 4.7704, NLL: 4.7704, Coverage: 0.0000
  Batch 1790/5242, Loss: 5.1466, NLL: 5.1466, Coverage: 0.0000
  Batch 1800/5242, Loss: 4.4798, NLL: 4.4798, Coverage: 0.0000
  Batch 1810/5242, Loss: 4.9888, NLL: 4.9888, Coverage: 0.0000
  Batch 1820/5242, Loss: 4.9521, NLL: 4.9521, Coverage: 0.0000
  Batch 1830/5242, Loss: 4.9197, NLL: 4.9197, Coverage: 0.0000
  Batch 1840/5242, Loss: 4.8289, NLL: 4.8289, Coverage: 0.0000
  Batch 1850/5242, Loss: 4.9985, NLL: 4.9985, Coverage: 0.0000
  Batch 1860/5242, Loss: 4.4591, NLL: 4.4591, Coverage: 0.0000
  Batch 1870/5242, Loss: 4.5448, NLL: 4.5448, Coverage: 0.0000
  Batch 1880/5242, Loss: 5.0203, NLL: 5.0203, Coverage: 0.0000
  Batch 1890/5242, Loss: 5.0433, NLL: 5.0433, Coverage: 0.0000
  Batch 1900/5242, Loss: 4.8756, NLL: 4.8756, Coverage: 0.0000
  Batch 1910/5242, Loss: 5.0310, NLL: 5.0310, Coverage: 0.0000
  Batch 1920/5242, Loss: 4.8561, NLL: 4.8561, Coverage: 0.0000
  Batch 1930/5242, Loss: 4.9562, NLL: 4.9562, Coverage: 0.0000
  Batch 1940/5242, Loss: 4.8326, NLL: 4.8326, Coverage: 0.0000
  Batch 1950/5242, Loss: 4.7167, NLL: 4.7167, Coverage: 0.0000
  Batch 1960/5242, Loss: 4.7486, NLL: 4.7486, Coverage: 0.0000
  Batch 1970/5242, Loss: 5.1689, NLL: 5.1689, Coverage: 0.0000
  Batch 1980/5242, Loss: 5.1059, NLL: 5.1059, Coverage: 0.0000
  Batch 1990/5242, Loss: 4.6276, NLL: 4.6276, Coverage: 0.0000
  Batch 2000/5242, Loss: 4.9835, NLL: 4.9835, Coverage: 0.0000
  Batch 2010/5242, Loss: 4.8857, NLL: 4.8857, Coverage: 0.0000
  Batch 2020/5242, Loss: 4.4307, NLL: 4.4307, Coverage: 0.0000
  Batch 2030/5242, Loss: 4.6682, NLL: 4.6682, Coverage: 0.0000
  Batch 2040/5242, Loss: 5.1791, NLL: 5.1791, Coverage: 0.0000
  Batch 2050/5242, Loss: 4.4272, NLL: 4.4272, Coverage: 0.0000
  Batch 2060/5242, Loss: 5.3827, NLL: 5.3827, Coverage: 0.0000
  Batch 2070/5242, Loss: 4.9489, NLL: 4.9489, Coverage: 0.0000
  Batch 2080/5242, Loss: 5.0504, NLL: 5.0504, Coverage: 0.0000
  Batch 2090/5242, Loss: 4.8615, NLL: 4.8615, Coverage: 0.0000
  Batch 2100/5242, Loss: 4.9936, NLL: 4.9936, Coverage: 0.0000
  Batch 2110/5242, Loss: 5.1860, NLL: 5.1860, Coverage: 0.0000
  Batch 2120/5242, Loss: 4.9217, NLL: 4.9217, Coverage: 0.0000
  Batch 2130/5242, Loss: 5.1379, NLL: 5.1379, Coverage: 0.0000
  Batch 2140/5242, Loss: 4.6957, NLL: 4.6957, Coverage: 0.0000
  Batch 2150/5242, Loss: 4.9362, NLL: 4.9362, Coverage: 0.0000
  Batch 2160/5242, Loss: 4.5223, NLL: 4.5223, Coverage: 0.0000
  Batch 2170/5242, Loss: 4.9811, NLL: 4.9811, Coverage: 0.0000
  Batch 2180/5242, Loss: 5.0040, NLL: 5.0040, Coverage: 0.0000
  Batch 2190/5242, Loss: 5.3291, NLL: 5.3291, Coverage: 0.0000
  Batch 2200/5242, Loss: 4.3574, NLL: 4.3574, Coverage: 0.0000
  Batch 2210/5242, Loss: 4.9729, NLL: 4.9729, Coverage: 0.0000
  Batch 2220/5242, Loss: 4.6487, NLL: 4.6487, Coverage: 0.0000
  Batch 2230/5242, Loss: 4.4251, NLL: 4.4251, Coverage: 0.0000
  Batch 2240/5242, Loss: 4.7225, NLL: 4.7225, Coverage: 0.0000
  Batch 2250/5242, Loss: 4.9962, NLL: 4.9962, Coverage: 0.0000
  Batch 2260/5242, Loss: 5.1479, NLL: 5.1479, Coverage: 0.0000
  Batch 2270/5242, Loss: 4.7332, NLL: 4.7332, Coverage: 0.0000
  Batch 2280/5242, Loss: 4.8331, NLL: 4.8331, Coverage: 0.0000
  Batch 2290/5242, Loss: 4.1651, NLL: 4.1651, Coverage: 0.0000
  Batch 2300/5242, Loss: 4.6370, NLL: 4.6370, Coverage: 0.0000
  Batch 2310/5242, Loss: 4.8027, NLL: 4.8027, Coverage: 0.0000
  Batch 2320/5242, Loss: 5.2881, NLL: 5.2881, Coverage: 0.0000
  Batch 2330/5242, Loss: 4.8876, NLL: 4.8876, Coverage: 0.0000
  Batch 2340/5242, Loss: 4.6667, NLL: 4.6667, Coverage: 0.0000
  Batch 2350/5242, Loss: 5.0215, NLL: 5.0215, Coverage: 0.0000
  Batch 2360/5242, Loss: 5.1382, NLL: 5.1382, Coverage: 0.0000
  Batch 2370/5242, Loss: 4.6140, NLL: 4.6140, Coverage: 0.0000
  Batch 2380/5242, Loss: 5.0751, NLL: 5.0751, Coverage: 0.0000
  Batch 2390/5242, Loss: 5.1763, NLL: 5.1763, Coverage: 0.0000
  Batch 2400/5242, Loss: 4.8362, NLL: 4.8362, Coverage: 0.0000
  Batch 2410/5242, Loss: 5.2581, NLL: 5.2581, Coverage: 0.0000
  Batch 2420/5242, Loss: 4.5986, NLL: 4.5986, Coverage: 0.0000
  Batch 2430/5242, Loss: 4.7559, NLL: 4.7559, Coverage: 0.0000
  Batch 2440/5242, Loss: 4.7097, NLL: 4.7097, Coverage: 0.0000
  Batch 2450/5242, Loss: 4.7730, NLL: 4.7730, Coverage: 0.0000
  Batch 2460/5242, Loss: 5.1204, NLL: 5.1204, Coverage: 0.0000
  Batch 2470/5242, Loss: 4.4595, NLL: 4.4595, Coverage: 0.0000
  Batch 2480/5242, Loss: 5.1471, NLL: 5.1471, Coverage: 0.0000
  Batch 2490/5242, Loss: 4.7017, NLL: 4.7017, Coverage: 0.0000
  Batch 2500/5242, Loss: 4.7946, NLL: 4.7946, Coverage: 0.0000
  Batch 2510/5242, Loss: 4.8383, NLL: 4.8383, Coverage: 0.0000
  Batch 2520/5242, Loss: 4.9757, NLL: 4.9757, Coverage: 0.0000
  Batch 2530/5242, Loss: 4.6003, NLL: 4.6003, Coverage: 0.0000
  Batch 2540/5242, Loss: 5.0722, NLL: 5.0722, Coverage: 0.0000
  Batch 2550/5242, Loss: 4.7194, NLL: 4.7194, Coverage: 0.0000
  Batch 2560/5242, Loss: 5.1079, NLL: 5.1079, Coverage: 0.0000
  Batch 2570/5242, Loss: 5.3032, NLL: 5.3032, Coverage: 0.0000
  Batch 2580/5242, Loss: 4.9542, NLL: 4.9542, Coverage: 0.0000
  Batch 2590/5242, Loss: 4.8969, NLL: 4.8969, Coverage: 0.0000
  Batch 2600/5242, Loss: 4.8939, NLL: 4.8939, Coverage: 0.0000
  Batch 2610/5242, Loss: 4.5353, NLL: 4.5353, Coverage: 0.0000
  Batch 2620/5242, Loss: 4.9588, NLL: 4.9588, Coverage: 0.0000
  Batch 2630/5242, Loss: 4.5950, NLL: 4.5950, Coverage: 0.0000
  Batch 2640/5242, Loss: 4.7701, NLL: 4.7701, Coverage: 0.0000
  Batch 2650/5242, Loss: 4.8192, NLL: 4.8192, Coverage: 0.0000
  Batch 2660/5242, Loss: 4.6280, NLL: 4.6280, Coverage: 0.0000
  Batch 2670/5242, Loss: 4.8007, NLL: 4.8007, Coverage: 0.0000
  Batch 2680/5242, Loss: 4.7596, NLL: 4.7596, Coverage: 0.0000
  Batch 2690/5242, Loss: 4.5670, NLL: 4.5670, Coverage: 0.0000
  Batch 2700/5242, Loss: 5.1472, NLL: 5.1472, Coverage: 0.0000
  Batch 2710/5242, Loss: 4.9697, NLL: 4.9697, Coverage: 0.0000
  Batch 2720/5242, Loss: 4.7388, NLL: 4.7388, Coverage: 0.0000
  Batch 2730/5242, Loss: 4.9903, NLL: 4.9903, Coverage: 0.0000
  Batch 2740/5242, Loss: 4.5996, NLL: 4.5996, Coverage: 0.0000
  Batch 2750/5242, Loss: 4.6449, NLL: 4.6449, Coverage: 0.0000
  Batch 2760/5242, Loss: 4.7092, NLL: 4.7092, Coverage: 0.0000
  Batch 2770/5242, Loss: 4.8375, NLL: 4.8375, Coverage: 0.0000
  Batch 2780/5242, Loss: 4.3677, NLL: 4.3677, Coverage: 0.0000
  Batch 2790/5242, Loss: 4.5202, NLL: 4.5202, Coverage: 0.0000
  Batch 2800/5242, Loss: 4.8871, NLL: 4.8871, Coverage: 0.0000
  Batch 2810/5242, Loss: 4.9343, NLL: 4.9343, Coverage: 0.0000
  Batch 2820/5242, Loss: 4.5035, NLL: 4.5035, Coverage: 0.0000
  Batch 2830/5242, Loss: 4.5430, NLL: 4.5430, Coverage: 0.0000
  Batch 2840/5242, Loss: 4.8612, NLL: 4.8612, Coverage: 0.0000
  Batch 2850/5242, Loss: 4.8449, NLL: 4.8449, Coverage: 0.0000
  Batch 2860/5242, Loss: 4.8653, NLL: 4.8653, Coverage: 0.0000
  Batch 2870/5242, Loss: 5.0465, NLL: 5.0465, Coverage: 0.0000
  Batch 2880/5242, Loss: 4.4140, NLL: 4.4140, Coverage: 0.0000
  Batch 2890/5242, Loss: 5.1990, NLL: 5.1990, Coverage: 0.0000
  Batch 2900/5242, Loss: 4.9573, NLL: 4.9573, Coverage: 0.0000
  Batch 2910/5242, Loss: 4.7092, NLL: 4.7092, Coverage: 0.0000
  Batch 2920/5242, Loss: 4.5055, NLL: 4.5055, Coverage: 0.0000
  Batch 2930/5242, Loss: 4.9632, NLL: 4.9632, Coverage: 0.0000
  Batch 2940/5242, Loss: 4.6660, NLL: 4.6660, Coverage: 0.0000
  Batch 2950/5242, Loss: 4.7727, NLL: 4.7727, Coverage: 0.0000
  Batch 2960/5242, Loss: 4.9957, NLL: 4.9957, Coverage: 0.0000
  Batch 2970/5242, Loss: 4.6095, NLL: 4.6095, Coverage: 0.0000
  Batch 2980/5242, Loss: 4.3405, NLL: 4.3405, Coverage: 0.0000
  Batch 2990/5242, Loss: 4.8782, NLL: 4.8782, Coverage: 0.0000
  Batch 3000/5242, Loss: 4.9811, NLL: 4.9811, Coverage: 0.0000
  Batch 3010/5242, Loss: 4.8317, NLL: 4.8317, Coverage: 0.0000
  Batch 3020/5242, Loss: 4.7824, NLL: 4.7824, Coverage: 0.0000
  Batch 3030/5242, Loss: 4.4247, NLL: 4.4247, Coverage: 0.0000
  Batch 3040/5242, Loss: 4.4800, NLL: 4.4800, Coverage: 0.0000
  Batch 3050/5242, Loss: 5.0219, NLL: 5.0219, Coverage: 0.0000
  Batch 3060/5242, Loss: 4.7110, NLL: 4.7110, Coverage: 0.0000
  Batch 3070/5242, Loss: 4.8899, NLL: 4.8899, Coverage: 0.0000
  Batch 3080/5242, Loss: 4.6489, NLL: 4.6489, Coverage: 0.0000
  Batch 3090/5242, Loss: 4.5898, NLL: 4.5898, Coverage: 0.0000
  Batch 3100/5242, Loss: 4.8388, NLL: 4.8388, Coverage: 0.0000
  Batch 3110/5242, Loss: 4.5059, NLL: 4.5059, Coverage: 0.0000
  Batch 3120/5242, Loss: 4.3754, NLL: 4.3754, Coverage: 0.0000
  Batch 3130/5242, Loss: 4.9247, NLL: 4.9247, Coverage: 0.0000
  Batch 3140/5242, Loss: 4.7388, NLL: 4.7388, Coverage: 0.0000
  Batch 3150/5242, Loss: 4.5335, NLL: 4.5335, Coverage: 0.0000
  Batch 3160/5242, Loss: 4.8892, NLL: 4.8892, Coverage: 0.0000
  Batch 3170/5242, Loss: 5.2546, NLL: 5.2546, Coverage: 0.0000
  Batch 3180/5242, Loss: 4.7273, NLL: 4.7273, Coverage: 0.0000
  Batch 3190/5242, Loss: 4.5786, NLL: 4.5786, Coverage: 0.0000
  Batch 3200/5242, Loss: 4.9716, NLL: 4.9716, Coverage: 0.0000
  Batch 3210/5242, Loss: 4.7766, NLL: 4.7766, Coverage: 0.0000
  Batch 3220/5242, Loss: 4.8624, NLL: 4.8624, Coverage: 0.0000
  Batch 3230/5242, Loss: 4.7898, NLL: 4.7898, Coverage: 0.0000
  Batch 3240/5242, Loss: 4.5308, NLL: 4.5308, Coverage: 0.0000
  Batch 3250/5242, Loss: 4.5708, NLL: 4.5708, Coverage: 0.0000
  Batch 3260/5242, Loss: 4.8163, NLL: 4.8163, Coverage: 0.0000
  Batch 3270/5242, Loss: 4.6564, NLL: 4.6564, Coverage: 0.0000
  Batch 3280/5242, Loss: 5.0123, NLL: 5.0123, Coverage: 0.0000
  Batch 3290/5242, Loss: 4.9581, NLL: 4.9581, Coverage: 0.0000
  Batch 3300/5242, Loss: 4.6257, NLL: 4.6257, Coverage: 0.0000
  Batch 3310/5242, Loss: 4.8600, NLL: 4.8600, Coverage: 0.0000
  Batch 3320/5242, Loss: 4.9409, NLL: 4.9409, Coverage: 0.0000
  Batch 3330/5242, Loss: 4.9321, NLL: 4.9321, Coverage: 0.0000
  Batch 3340/5242, Loss: 4.8269, NLL: 4.8269, Coverage: 0.0000
  Batch 3350/5242, Loss: 4.5584, NLL: 4.5584, Coverage: 0.0000
  Batch 3360/5242, Loss: 4.9423, NLL: 4.9423, Coverage: 0.0000
  Batch 3370/5242, Loss: 5.3393, NLL: 5.3393, Coverage: 0.0000
  Batch 3380/5242, Loss: 5.1322, NLL: 5.1322, Coverage: 0.0000
  Batch 3390/5242, Loss: 4.7129, NLL: 4.7129, Coverage: 0.0000
  Batch 3400/5242, Loss: 5.1899, NLL: 5.1899, Coverage: 0.0000
  Batch 3410/5242, Loss: 5.1365, NLL: 5.1365, Coverage: 0.0000
  Batch 3420/5242, Loss: 4.5701, NLL: 4.5701, Coverage: 0.0000
  Batch 3430/5242, Loss: 4.7516, NLL: 4.7516, Coverage: 0.0000
  Batch 3440/5242, Loss: 4.9107, NLL: 4.9107, Coverage: 0.0000
  Batch 3450/5242, Loss: 4.7706, NLL: 4.7706, Coverage: 0.0000
  Batch 3460/5242, Loss: 5.0689, NLL: 5.0689, Coverage: 0.0000
  Batch 3470/5242, Loss: 5.1885, NLL: 5.1885, Coverage: 0.0000
  Batch 3480/5242, Loss: 4.7358, NLL: 4.7358, Coverage: 0.0000
  Batch 3490/5242, Loss: 4.8474, NLL: 4.8474, Coverage: 0.0000
  Batch 3500/5242, Loss: 5.2635, NLL: 5.2635, Coverage: 0.0000
  Batch 3510/5242, Loss: 4.7979, NLL: 4.7979, Coverage: 0.0000
  Batch 3520/5242, Loss: 5.1182, NLL: 5.1182, Coverage: 0.0000
  Batch 3530/5242, Loss: 4.9459, NLL: 4.9459, Coverage: 0.0000
  Batch 3540/5242, Loss: 4.7679, NLL: 4.7679, Coverage: 0.0000
  Batch 3550/5242, Loss: 4.9581, NLL: 4.9581, Coverage: 0.0000
  Batch 3560/5242, Loss: 4.6489, NLL: 4.6489, Coverage: 0.0000
  Batch 3570/5242, Loss: 5.2333, NLL: 5.2333, Coverage: 0.0000
  Batch 3580/5242, Loss: 4.3054, NLL: 4.3054, Coverage: 0.0000
  Batch 3590/5242, Loss: 4.3717, NLL: 4.3717, Coverage: 0.0000
  Batch 3600/5242, Loss: 4.9677, NLL: 4.9677, Coverage: 0.0000
  Batch 3610/5242, Loss: 4.4697, NLL: 4.4697, Coverage: 0.0000
  Batch 3620/5242, Loss: 4.5497, NLL: 4.5497, Coverage: 0.0000
  Batch 3630/5242, Loss: 4.6801, NLL: 4.6801, Coverage: 0.0000
  Batch 3640/5242, Loss: 4.6887, NLL: 4.6887, Coverage: 0.0000
  Batch 3650/5242, Loss: 4.3537, NLL: 4.3537, Coverage: 0.0000
  Batch 3660/5242, Loss: 5.0391, NLL: 5.0391, Coverage: 0.0000
  Batch 3670/5242, Loss: 4.4797, NLL: 4.4797, Coverage: 0.0000
  Batch 3680/5242, Loss: 5.0033, NLL: 5.0033, Coverage: 0.0000
  Batch 3690/5242, Loss: 4.9401, NLL: 4.9401, Coverage: 0.0000
  Batch 3700/5242, Loss: 4.5391, NLL: 4.5391, Coverage: 0.0000
  Batch 3710/5242, Loss: 4.6348, NLL: 4.6348, Coverage: 0.0000
  Batch 3720/5242, Loss: 5.0742, NLL: 5.0742, Coverage: 0.0000
  Batch 3730/5242, Loss: 5.0379, NLL: 5.0379, Coverage: 0.0000
  Batch 3740/5242, Loss: 5.1210, NLL: 5.1210, Coverage: 0.0000
  Batch 3750/5242, Loss: 4.7122, NLL: 4.7122, Coverage: 0.0000
  Batch 3760/5242, Loss: 4.7567, NLL: 4.7567, Coverage: 0.0000
  Batch 3770/5242, Loss: 4.8702, NLL: 4.8702, Coverage: 0.0000
  Batch 3780/5242, Loss: 4.4188, NLL: 4.4188, Coverage: 0.0000
  Batch 3790/5242, Loss: 5.2533, NLL: 5.2533, Coverage: 0.0000
  Batch 3800/5242, Loss: 4.7550, NLL: 4.7550, Coverage: 0.0000
  Batch 3810/5242, Loss: 4.6316, NLL: 4.6316, Coverage: 0.0000
  Batch 3820/5242, Loss: 4.6625, NLL: 4.6625, Coverage: 0.0000
  Batch 3830/5242, Loss: 4.8942, NLL: 4.8942, Coverage: 0.0000
  Batch 3840/5242, Loss: 4.7106, NLL: 4.7106, Coverage: 0.0000
  Batch 3850/5242, Loss: 5.4913, NLL: 5.4913, Coverage: 0.0000
  Batch 3860/5242, Loss: 4.5284, NLL: 4.5284, Coverage: 0.0000
  Batch 3870/5242, Loss: 4.9054, NLL: 4.9054, Coverage: 0.0000
  Batch 3880/5242, Loss: 4.3854, NLL: 4.3854, Coverage: 0.0000
  Batch 3890/5242, Loss: 4.9589, NLL: 4.9589, Coverage: 0.0000
  Batch 3900/5242, Loss: 4.7904, NLL: 4.7904, Coverage: 0.0000
  Batch 3910/5242, Loss: 4.7693, NLL: 4.7693, Coverage: 0.0000
  Batch 3920/5242, Loss: 5.1442, NLL: 5.1442, Coverage: 0.0000
  Batch 3930/5242, Loss: 4.8675, NLL: 4.8675, Coverage: 0.0000
  Batch 3940/5242, Loss: 4.4470, NLL: 4.4470, Coverage: 0.0000
  Batch 3950/5242, Loss: 4.6919, NLL: 4.6919, Coverage: 0.0000
  Batch 3960/5242, Loss: 4.8057, NLL: 4.8057, Coverage: 0.0000
  Batch 3970/5242, Loss: 4.3396, NLL: 4.3396, Coverage: 0.0000
  Batch 3980/5242, Loss: 4.7044, NLL: 4.7044, Coverage: 0.0000
  Batch 3990/5242, Loss: 4.3066, NLL: 4.3066, Coverage: 0.0000
  Batch 4000/5242, Loss: 4.8241, NLL: 4.8241, Coverage: 0.0000
  Batch 4010/5242, Loss: 5.0725, NLL: 5.0725, Coverage: 0.0000
  Batch 4020/5242, Loss: 4.8649, NLL: 4.8649, Coverage: 0.0000
  Batch 4030/5242, Loss: 4.7755, NLL: 4.7755, Coverage: 0.0000
  Batch 4040/5242, Loss: 4.5494, NLL: 4.5494, Coverage: 0.0000
  Batch 4050/5242, Loss: 4.8125, NLL: 4.8125, Coverage: 0.0000
  Batch 4060/5242, Loss: 4.7598, NLL: 4.7598, Coverage: 0.0000
  Batch 4070/5242, Loss: 5.3665, NLL: 5.3665, Coverage: 0.0000
  Batch 4080/5242, Loss: 4.9547, NLL: 4.9547, Coverage: 0.0000
  Batch 4090/5242, Loss: 4.5865, NLL: 4.5865, Coverage: 0.0000
  Batch 4100/5242, Loss: 4.9834, NLL: 4.9834, Coverage: 0.0000
  Batch 4110/5242, Loss: 4.8155, NLL: 4.8155, Coverage: 0.0000
  Batch 4120/5242, Loss: 4.9417, NLL: 4.9417, Coverage: 0.0000
  Batch 4130/5242, Loss: 4.6484, NLL: 4.6484, Coverage: 0.0000
  Batch 4140/5242, Loss: 4.8379, NLL: 4.8379, Coverage: 0.0000
  Batch 4150/5242, Loss: 4.7437, NLL: 4.7437, Coverage: 0.0000
  Batch 4160/5242, Loss: 4.5160, NLL: 4.5160, Coverage: 0.0000
  Batch 4170/5242, Loss: 4.4196, NLL: 4.4196, Coverage: 0.0000
  Batch 4180/5242, Loss: 4.4942, NLL: 4.4942, Coverage: 0.0000
  Batch 4190/5242, Loss: 4.8003, NLL: 4.8003, Coverage: 0.0000
  Batch 4200/5242, Loss: 4.3538, NLL: 4.3538, Coverage: 0.0000
  Batch 4210/5242, Loss: 5.3503, NLL: 5.3503, Coverage: 0.0000
  Batch 4220/5242, Loss: 4.7052, NLL: 4.7052, Coverage: 0.0000
  Batch 4230/5242, Loss: 4.8594, NLL: 4.8594, Coverage: 0.0000
  Batch 4240/5242, Loss: 4.4192, NLL: 4.4192, Coverage: 0.0000
  Batch 4250/5242, Loss: 5.1834, NLL: 5.1834, Coverage: 0.0000
  Batch 4260/5242, Loss: 4.6479, NLL: 4.6479, Coverage: 0.0000
  Batch 4270/5242, Loss: 5.0045, NLL: 5.0045, Coverage: 0.0000
  Batch 4280/5242, Loss: 4.8354, NLL: 4.8354, Coverage: 0.0000
  Batch 4290/5242, Loss: 4.9059, NLL: 4.9059, Coverage: 0.0000
  Batch 4300/5242, Loss: 4.9622, NLL: 4.9622, Coverage: 0.0000
  Batch 4310/5242, Loss: 4.2808, NLL: 4.2808, Coverage: 0.0000
  Batch 4320/5242, Loss: 4.5349, NLL: 4.5349, Coverage: 0.0000
  Batch 4330/5242, Loss: 4.4564, NLL: 4.4564, Coverage: 0.0000
  Batch 4340/5242, Loss: 5.1860, NLL: 5.1860, Coverage: 0.0000
  Batch 4350/5242, Loss: 4.8047, NLL: 4.8047, Coverage: 0.0000
  Batch 4360/5242, Loss: 5.1690, NLL: 5.1690, Coverage: 0.0000
  Batch 4370/5242, Loss: 4.8294, NLL: 4.8294, Coverage: 0.0000
  Batch 4380/5242, Loss: 4.9840, NLL: 4.9840, Coverage: 0.0000
  Batch 4390/5242, Loss: 4.7931, NLL: 4.7931, Coverage: 0.0000
  Batch 4400/5242, Loss: 4.5220, NLL: 4.5220, Coverage: 0.0000
  Batch 4410/5242, Loss: 5.3156, NLL: 5.3156, Coverage: 0.0000
  Batch 4420/5242, Loss: 4.9967, NLL: 4.9967, Coverage: 0.0000
  Batch 4430/5242, Loss: 4.5702, NLL: 4.5702, Coverage: 0.0000
  Batch 4440/5242, Loss: 4.6466, NLL: 4.6466, Coverage: 0.0000
  Batch 4450/5242, Loss: 4.8934, NLL: 4.8934, Coverage: 0.0000
  Batch 4460/5242, Loss: 4.6974, NLL: 4.6974, Coverage: 0.0000
  Batch 4470/5242, Loss: 4.4895, NLL: 4.4895, Coverage: 0.0000
  Batch 4480/5242, Loss: 4.5976, NLL: 4.5976, Coverage: 0.0000
  Batch 4490/5242, Loss: 5.1563, NLL: 5.1563, Coverage: 0.0000
  Batch 4500/5242, Loss: 4.9936, NLL: 4.9936, Coverage: 0.0000
  Batch 4510/5242, Loss: 4.9073, NLL: 4.9073, Coverage: 0.0000
  Batch 4520/5242, Loss: 4.6650, NLL: 4.6650, Coverage: 0.0000
  Batch 4530/5242, Loss: 4.3566, NLL: 4.3566, Coverage: 0.0000
  Batch 4540/5242, Loss: 4.8158, NLL: 4.8158, Coverage: 0.0000
  Batch 4550/5242, Loss: 4.9247, NLL: 4.9247, Coverage: 0.0000
  Batch 4560/5242, Loss: 5.0402, NLL: 5.0402, Coverage: 0.0000
  Batch 4570/5242, Loss: 4.7323, NLL: 4.7323, Coverage: 0.0000
  Batch 4580/5242, Loss: 4.5318, NLL: 4.5318, Coverage: 0.0000
  Batch 4590/5242, Loss: 4.6174, NLL: 4.6174, Coverage: 0.0000
  Batch 4600/5242, Loss: 4.6469, NLL: 4.6469, Coverage: 0.0000
  Batch 4610/5242, Loss: 4.6072, NLL: 4.6072, Coverage: 0.0000
  Batch 4620/5242, Loss: 5.2450, NLL: 5.2450, Coverage: 0.0000
  Batch 4630/5242, Loss: 4.5904, NLL: 4.5904, Coverage: 0.0000
  Batch 4640/5242, Loss: 4.7727, NLL: 4.7727, Coverage: 0.0000
  Batch 4650/5242, Loss: 4.4796, NLL: 4.4796, Coverage: 0.0000
  Batch 4660/5242, Loss: 4.4843, NLL: 4.4843, Coverage: 0.0000
  Batch 4670/5242, Loss: 5.1664, NLL: 5.1664, Coverage: 0.0000
  Batch 4680/5242, Loss: 4.5975, NLL: 4.5975, Coverage: 0.0000
  Batch 4690/5242, Loss: 4.9178, NLL: 4.9178, Coverage: 0.0000
  Batch 4700/5242, Loss: 5.0817, NLL: 5.0817, Coverage: 0.0000
  Batch 4710/5242, Loss: 4.7245, NLL: 4.7245, Coverage: 0.0000
  Batch 4720/5242, Loss: 4.4139, NLL: 4.4139, Coverage: 0.0000
  Batch 4730/5242, Loss: 5.0836, NLL: 5.0836, Coverage: 0.0000
  Batch 4740/5242, Loss: 4.5548, NLL: 4.5548, Coverage: 0.0000
  Batch 4750/5242, Loss: 4.6592, NLL: 4.6592, Coverage: 0.0000
  Batch 4760/5242, Loss: 4.5331, NLL: 4.5331, Coverage: 0.0000
  Batch 4770/5242, Loss: 4.7658, NLL: 4.7658, Coverage: 0.0000
  Batch 4780/5242, Loss: 4.5265, NLL: 4.5265, Coverage: 0.0000
  Batch 4790/5242, Loss: 4.6337, NLL: 4.6337, Coverage: 0.0000
  Batch 4800/5242, Loss: 4.4869, NLL: 4.4869, Coverage: 0.0000
  Batch 4810/5242, Loss: 4.8043, NLL: 4.8043, Coverage: 0.0000
  Batch 4820/5242, Loss: 4.7452, NLL: 4.7452, Coverage: 0.0000
  Batch 4830/5242, Loss: 4.3808, NLL: 4.3808, Coverage: 0.0000
  Batch 4840/5242, Loss: 5.0371, NLL: 5.0371, Coverage: 0.0000
  Batch 4850/5242, Loss: 4.5489, NLL: 4.5489, Coverage: 0.0000
  Batch 4860/5242, Loss: 4.7595, NLL: 4.7595, Coverage: 0.0000
  Batch 4870/5242, Loss: 4.8289, NLL: 4.8289, Coverage: 0.0000
  Batch 4880/5242, Loss: 4.6754, NLL: 4.6754, Coverage: 0.0000
  Batch 4890/5242, Loss: 4.5064, NLL: 4.5064, Coverage: 0.0000
  Batch 4900/5242, Loss: 4.4611, NLL: 4.4611, Coverage: 0.0000
  Batch 4910/5242, Loss: 5.0553, NLL: 5.0553, Coverage: 0.0000
  Batch 4920/5242, Loss: 4.5740, NLL: 4.5740, Coverage: 0.0000
  Batch 4930/5242, Loss: 4.8756, NLL: 4.8756, Coverage: 0.0000
  Batch 4940/5242, Loss: 4.6530, NLL: 4.6530, Coverage: 0.0000
  Batch 4950/5242, Loss: 4.7397, NLL: 4.7397, Coverage: 0.0000
  Batch 4960/5242, Loss: 4.6974, NLL: 4.6974, Coverage: 0.0000
  Batch 4970/5242, Loss: 4.9515, NLL: 4.9515, Coverage: 0.0000
  Batch 4980/5242, Loss: 4.4516, NLL: 4.4516, Coverage: 0.0000
  Batch 4990/5242, Loss: 4.9147, NLL: 4.9147, Coverage: 0.0000
  Batch 5000/5242, Loss: 4.7169, NLL: 4.7169, Coverage: 0.0000
  Batch 5010/5242, Loss: 4.6070, NLL: 4.6070, Coverage: 0.0000
  Batch 5020/5242, Loss: 4.9961, NLL: 4.9961, Coverage: 0.0000
  Batch 5030/5242, Loss: 4.6433, NLL: 4.6433, Coverage: 0.0000
  Batch 5040/5242, Loss: 4.6183, NLL: 4.6183, Coverage: 0.0000
  Batch 5050/5242, Loss: 4.5064, NLL: 4.5064, Coverage: 0.0000
  Batch 5060/5242, Loss: 5.0071, NLL: 5.0071, Coverage: 0.0000
  Batch 5070/5242, Loss: 4.8518, NLL: 4.8518, Coverage: 0.0000
  Batch 5080/5242, Loss: 4.6621, NLL: 4.6621, Coverage: 0.0000
  Batch 5090/5242, Loss: 4.7732, NLL: 4.7732, Coverage: 0.0000
  Batch 5100/5242, Loss: 4.9975, NLL: 4.9975, Coverage: 0.0000
  Batch 5110/5242, Loss: 4.5679, NLL: 4.5679, Coverage: 0.0000
  Batch 5120/5242, Loss: 4.2583, NLL: 4.2583, Coverage: 0.0000
  Batch 5130/5242, Loss: 4.7351, NLL: 4.7351, Coverage: 0.0000
  Batch 5140/5242, Loss: 4.5770, NLL: 4.5770, Coverage: 0.0000
  Batch 5150/5242, Loss: 4.4311, NLL: 4.4311, Coverage: 0.0000
  Batch 5160/5242, Loss: 4.6448, NLL: 4.6448, Coverage: 0.0000
  Batch 5170/5242, Loss: 4.6761, NLL: 4.6761, Coverage: 0.0000
  Batch 5180/5242, Loss: 4.8513, NLL: 4.8513, Coverage: 0.0000
  Batch 5190/5242, Loss: 4.3428, NLL: 4.3428, Coverage: 0.0000
  Batch 5200/5242, Loss: 4.7475, NLL: 4.7475, Coverage: 0.0000
  Batch 5210/5242, Loss: 4.4252, NLL: 4.4252, Coverage: 0.0000
  Batch 5220/5242, Loss: 4.5294, NLL: 4.5294, Coverage: 0.0000
  Batch 5230/5242, Loss: 4.9234, NLL: 4.9234, Coverage: 0.0000
  Batch 5240/5242, Loss: 4.2477, NLL: 4.2477, Coverage: 0.0000

  Train Loss: 4.8303 (NLL: 4.8303, Cov: 0.0000)
  Val Loss: 6.2402 (NLL: 6.2402, Cov: 0.0000)
  Time: 34m 15s
  ✓ New best model saved! (val_loss: 6.2402)

Epoch 3/20
----------------------------------------
  Batch 10/5242, Loss: 4.5402, NLL: 4.5402, Coverage: 0.0000
  Batch 20/5242, Loss: 4.8422, NLL: 4.8422, Coverage: 0.0000
  Batch 30/5242, Loss: 4.5071, NLL: 4.5071, Coverage: 0.0000
  Batch 40/5242, Loss: 4.4870, NLL: 4.4870, Coverage: 0.0000
  Batch 50/5242, Loss: 4.5958, NLL: 4.5958, Coverage: 0.0000
  Batch 60/5242, Loss: 4.4250, NLL: 4.4250, Coverage: 0.0000
  Batch 70/5242, Loss: 4.5371, NLL: 4.5371, Coverage: 0.0000
  Batch 80/5242, Loss: 4.7135, NLL: 4.7135, Coverage: 0.0000
  Batch 90/5242, Loss: 4.6067, NLL: 4.6067, Coverage: 0.0000
  Batch 100/5242, Loss: 4.4695, NLL: 4.4695, Coverage: 0.0000
  Batch 110/5242, Loss: 4.6674, NLL: 4.6674, Coverage: 0.0000
  Batch 120/5242, Loss: 4.4250, NLL: 4.4250, Coverage: 0.0000
  Batch 130/5242, Loss: 4.6831, NLL: 4.6831, Coverage: 0.0000
  Batch 140/5242, Loss: 4.7302, NLL: 4.7302, Coverage: 0.0000
  Batch 150/5242, Loss: 4.5361, NLL: 4.5361, Coverage: 0.0000
  Batch 160/5242, Loss: 4.3331, NLL: 4.3331, Coverage: 0.0000
  Batch 170/5242, Loss: 4.6355, NLL: 4.6355, Coverage: 0.0000
  Batch 180/5242, Loss: 4.3177, NLL: 4.3177, Coverage: 0.0000
  Batch 190/5242, Loss: 4.4721, NLL: 4.4721, Coverage: 0.0000
  Batch 200/5242, Loss: 4.9624, NLL: 4.9624, Coverage: 0.0000
  Batch 210/5242, Loss: 4.7739, NLL: 4.7739, Coverage: 0.0000
  Batch 220/5242, Loss: 4.9497, NLL: 4.9497, Coverage: 0.0000
  Batch 230/5242, Loss: 5.3979, NLL: 5.3979, Coverage: 0.0000
  Batch 240/5242, Loss: 4.9870, NLL: 4.9870, Coverage: 0.0000
  Batch 250/5242, Loss: 4.5019, NLL: 4.5019, Coverage: 0.0000
  Batch 260/5242, Loss: 4.7709, NLL: 4.7709, Coverage: 0.0000
  Batch 270/5242, Loss: 4.9709, NLL: 4.9709, Coverage: 0.0000
  Batch 280/5242, Loss: 4.2186, NLL: 4.2186, Coverage: 0.0000
  Batch 290/5242, Loss: 4.6688, NLL: 4.6688, Coverage: 0.0000
  Batch 300/5242, Loss: 4.5918, NLL: 4.5918, Coverage: 0.0000
  Batch 310/5242, Loss: 4.4720, NLL: 4.4720, Coverage: 0.0000
  Batch 320/5242, Loss: 4.3348, NLL: 4.3348, Coverage: 0.0000
  Batch 330/5242, Loss: 4.9637, NLL: 4.9637, Coverage: 0.0000
  Batch 340/5242, Loss: 4.9200, NLL: 4.9200, Coverage: 0.0000
  Batch 350/5242, Loss: 4.6909, NLL: 4.6909, Coverage: 0.0000
  Batch 360/5242, Loss: 4.4567, NLL: 4.4567, Coverage: 0.0000
  Batch 370/5242, Loss: 4.6502, NLL: 4.6502, Coverage: 0.0000
  Batch 380/5242, Loss: 4.6371, NLL: 4.6371, Coverage: 0.0000
  Batch 390/5242, Loss: 4.3934, NLL: 4.3934, Coverage: 0.0000
  Batch 400/5242, Loss: 4.5938, NLL: 4.5938, Coverage: 0.0000
  Batch 410/5242, Loss: 4.1933, NLL: 4.1933, Coverage: 0.0000
  Batch 420/5242, Loss: 4.9025, NLL: 4.9025, Coverage: 0.0000
  Batch 430/5242, Loss: 4.6060, NLL: 4.6060, Coverage: 0.0000
  Batch 440/5242, Loss: 4.5041, NLL: 4.5041, Coverage: 0.0000
  Batch 450/5242, Loss: 4.4052, NLL: 4.4052, Coverage: 0.0000
  Batch 460/5242, Loss: 4.8441, NLL: 4.8441, Coverage: 0.0000
  Batch 470/5242, Loss: 4.6589, NLL: 4.6589, Coverage: 0.0000
  Batch 480/5242, Loss: 4.7993, NLL: 4.7993, Coverage: 0.0000
  Batch 490/5242, Loss: 4.2425, NLL: 4.2425, Coverage: 0.0000
  Batch 500/5242, Loss: 5.0419, NLL: 5.0419, Coverage: 0.0000
  Batch 510/5242, Loss: 4.7065, NLL: 4.7065, Coverage: 0.0000
  Batch 520/5242, Loss: 4.6591, NLL: 4.6591, Coverage: 0.0000
  Batch 530/5242, Loss: 4.7390, NLL: 4.7390, Coverage: 0.0000
  Batch 540/5242, Loss: 4.3902, NLL: 4.3902, Coverage: 0.0000
  Batch 550/5242, Loss: 4.5115, NLL: 4.5115, Coverage: 0.0000
  Batch 560/5242, Loss: 4.5209, NLL: 4.5209, Coverage: 0.0000
  Batch 570/5242, Loss: 4.8404, NLL: 4.8404, Coverage: 0.0000
  Batch 580/5242, Loss: 4.7900, NLL: 4.7900, Coverage: 0.0000
  Batch 590/5242, Loss: 4.8777, NLL: 4.8777, Coverage: 0.0000
  Batch 600/5242, Loss: 4.4604, NLL: 4.4604, Coverage: 0.0000
  Batch 610/5242, Loss: 4.7264, NLL: 4.7264, Coverage: 0.0000
  Batch 620/5242, Loss: 4.2071, NLL: 4.2071, Coverage: 0.0000
  Batch 630/5242, Loss: 4.7475, NLL: 4.7475, Coverage: 0.0000
  Batch 640/5242, Loss: 4.4620, NLL: 4.4620, Coverage: 0.0000
  Batch 650/5242, Loss: 4.4355, NLL: 4.4355, Coverage: 0.0000
  Batch 660/5242, Loss: 5.0119, NLL: 5.0119, Coverage: 0.0000
  Batch 670/5242, Loss: 4.6703, NLL: 4.6703, Coverage: 0.0000
  Batch 680/5242, Loss: 4.2852, NLL: 4.2852, Coverage: 0.0000
  Batch 690/5242, Loss: 4.4120, NLL: 4.4120, Coverage: 0.0000
  Batch 700/5242, Loss: 4.7923, NLL: 4.7923, Coverage: 0.0000
  Batch 710/5242, Loss: 4.6553, NLL: 4.6553, Coverage: 0.0000
  Batch 720/5242, Loss: 4.8246, NLL: 4.8246, Coverage: 0.0000
  Batch 730/5242, Loss: 4.5924, NLL: 4.5924, Coverage: 0.0000
  Batch 740/5242, Loss: 4.6826, NLL: 4.6826, Coverage: 0.0000
  Batch 750/5242, Loss: 4.5479, NLL: 4.5479, Coverage: 0.0000
  Batch 760/5242, Loss: 4.9232, NLL: 4.9232, Coverage: 0.0000
  Batch 770/5242, Loss: 4.6995, NLL: 4.6995, Coverage: 0.0000
  Batch 780/5242, Loss: 4.6367, NLL: 4.6367, Coverage: 0.0000
  Batch 790/5242, Loss: 4.7182, NLL: 4.7182, Coverage: 0.0000
  Batch 800/5242, Loss: 4.5426, NLL: 4.5426, Coverage: 0.0000
  Batch 810/5242, Loss: 4.4905, NLL: 4.4905, Coverage: 0.0000
  Batch 820/5242, Loss: 4.6802, NLL: 4.6802, Coverage: 0.0000
  Batch 830/5242, Loss: 4.5669, NLL: 4.5669, Coverage: 0.0000
  Batch 840/5242, Loss: 4.5051, NLL: 4.5051, Coverage: 0.0000
  Batch 850/5242, Loss: 4.8850, NLL: 4.8850, Coverage: 0.0000
  Batch 860/5242, Loss: 5.0160, NLL: 5.0160, Coverage: 0.0000
  Batch 870/5242, Loss: 4.5537, NLL: 4.5537, Coverage: 0.0000
  Batch 880/5242, Loss: 4.8213, NLL: 4.8213, Coverage: 0.0000
  Batch 890/5242, Loss: 4.4103, NLL: 4.4103, Coverage: 0.0000
  Batch 900/5242, Loss: 4.4241, NLL: 4.4241, Coverage: 0.0000
  Batch 910/5242, Loss: 4.6662, NLL: 4.6662, Coverage: 0.0000
  Batch 920/5242, Loss: 4.5310, NLL: 4.5310, Coverage: 0.0000
  Batch 930/5242, Loss: 4.3697, NLL: 4.3697, Coverage: 0.0000
  Batch 940/5242, Loss: 4.5254, NLL: 4.5254, Coverage: 0.0000
  Batch 950/5242, Loss: 4.7481, NLL: 4.7481, Coverage: 0.0000
  Batch 960/5242, Loss: 4.3280, NLL: 4.3280, Coverage: 0.0000
  Batch 970/5242, Loss: 4.0467, NLL: 4.0467, Coverage: 0.0000
  Batch 980/5242, Loss: 4.5430, NLL: 4.5430, Coverage: 0.0000
  Batch 990/5242, Loss: 4.5290, NLL: 4.5290, Coverage: 0.0000
  Batch 1000/5242, Loss: 4.7497, NLL: 4.7497, Coverage: 0.0000
  Batch 1010/5242, Loss: 4.6516, NLL: 4.6516, Coverage: 0.0000
  Batch 1020/5242, Loss: 4.9748, NLL: 4.9748, Coverage: 0.0000
  Batch 1030/5242, Loss: 4.2814, NLL: 4.2814, Coverage: 0.0000
  Batch 1040/5242, Loss: 4.6859, NLL: 4.6859, Coverage: 0.0000
  Batch 1050/5242, Loss: 4.6002, NLL: 4.6002, Coverage: 0.0000
  Batch 1060/5242, Loss: 4.8862, NLL: 4.8862, Coverage: 0.0000
  Batch 1070/5242, Loss: 4.7362, NLL: 4.7362, Coverage: 0.0000
  Batch 1080/5242, Loss: 4.4780, NLL: 4.4780, Coverage: 0.0000
  Batch 1090/5242, Loss: 4.5933, NLL: 4.5933, Coverage: 0.0000
  Batch 1100/5242, Loss: 4.9186, NLL: 4.9186, Coverage: 0.0000
  Batch 1110/5242, Loss: 4.6106, NLL: 4.6106, Coverage: 0.0000
  Batch 1120/5242, Loss: 4.8438, NLL: 4.8438, Coverage: 0.0000
  Batch 1130/5242, Loss: 4.8258, NLL: 4.8258, Coverage: 0.0000
  Batch 1140/5242, Loss: 4.7620, NLL: 4.7620, Coverage: 0.0000
  Batch 1150/5242, Loss: 4.6595, NLL: 4.6595, Coverage: 0.0000
  Batch 1160/5242, Loss: 4.2351, NLL: 4.2351, Coverage: 0.0000
  Batch 1170/5242, Loss: 4.4098, NLL: 4.4098, Coverage: 0.0000
  Batch 1180/5242, Loss: 4.2101, NLL: 4.2101, Coverage: 0.0000
  Batch 1190/5242, Loss: 4.9064, NLL: 4.9064, Coverage: 0.0000
  Batch 1200/5242, Loss: 4.8450, NLL: 4.8450, Coverage: 0.0000
  Batch 1210/5242, Loss: 4.8579, NLL: 4.8579, Coverage: 0.0000
  Batch 1220/5242, Loss: 4.8417, NLL: 4.8417, Coverage: 0.0000
  Batch 1230/5242, Loss: 5.0367, NLL: 5.0367, Coverage: 0.0000
  Batch 1240/5242, Loss: 4.7550, NLL: 4.7550, Coverage: 0.0000
  Batch 1250/5242, Loss: 5.0915, NLL: 5.0915, Coverage: 0.0000
  Batch 1260/5242, Loss: 4.3995, NLL: 4.3995, Coverage: 0.0000
  Batch 1270/5242, Loss: 5.1073, NLL: 5.1073, Coverage: 0.0000
  Batch 1280/5242, Loss: 4.7851, NLL: 4.7851, Coverage: 0.0000
  Batch 1290/5242, Loss: 4.6308, NLL: 4.6308, Coverage: 0.0000
  Batch 1300/5242, Loss: 5.0022, NLL: 5.0022, Coverage: 0.0000
  Batch 1310/5242, Loss: 4.4937, NLL: 4.4937, Coverage: 0.0000
  Batch 1320/5242, Loss: 4.1697, NLL: 4.1697, Coverage: 0.0000
  Batch 1330/5242, Loss: 4.7479, NLL: 4.7479, Coverage: 0.0000
  Batch 1340/5242, Loss: 4.6883, NLL: 4.6883, Coverage: 0.0000
  Batch 1350/5242, Loss: 4.7713, NLL: 4.7713, Coverage: 0.0000
  Batch 1360/5242, Loss: 4.8823, NLL: 4.8823, Coverage: 0.0000
  Batch 1370/5242, Loss: 4.7339, NLL: 4.7339, Coverage: 0.0000
  Batch 1380/5242, Loss: 5.0050, NLL: 5.0050, Coverage: 0.0000
  Batch 1390/5242, Loss: 4.2502, NLL: 4.2502, Coverage: 0.0000
  Batch 1400/5242, Loss: 4.7712, NLL: 4.7712, Coverage: 0.0000
  Batch 1410/5242, Loss: 5.0346, NLL: 5.0346, Coverage: 0.0000
  Batch 1420/5242, Loss: 4.7932, NLL: 4.7932, Coverage: 0.0000
  Batch 1430/5242, Loss: 4.5658, NLL: 4.5658, Coverage: 0.0000
  Batch 1440/5242, Loss: 4.5590, NLL: 4.5590, Coverage: 0.0000
  Batch 1450/5242, Loss: 4.8326, NLL: 4.8326, Coverage: 0.0000
  Batch 1460/5242, Loss: 4.7204, NLL: 4.7204, Coverage: 0.0000
  Batch 1470/5242, Loss: 4.6320, NLL: 4.6320, Coverage: 0.0000
  Batch 1480/5242, Loss: 4.7360, NLL: 4.7360, Coverage: 0.0000
  Batch 1490/5242, Loss: 4.7345, NLL: 4.7345, Coverage: 0.0000
  Batch 1500/5242, Loss: 4.6917, NLL: 4.6917, Coverage: 0.0000
  Batch 1510/5242, Loss: 5.1452, NLL: 5.1452, Coverage: 0.0000
  Batch 1520/5242, Loss: 4.3856, NLL: 4.3856, Coverage: 0.0000
  Batch 1530/5242, Loss: 4.4690, NLL: 4.4690, Coverage: 0.0000
  Batch 1540/5242, Loss: 4.5068, NLL: 4.5068, Coverage: 0.0000
  Batch 1550/5242, Loss: 4.8495, NLL: 4.8495, Coverage: 0.0000
  Batch 1560/5242, Loss: 4.4211, NLL: 4.4211, Coverage: 0.0000
  Batch 1570/5242, Loss: 4.4817, NLL: 4.4817, Coverage: 0.0000
  Batch 1580/5242, Loss: 4.5389, NLL: 4.5389, Coverage: 0.0000
  Batch 1590/5242, Loss: 4.3751, NLL: 4.3751, Coverage: 0.0000
  Batch 1600/5242, Loss: 4.6414, NLL: 4.6414, Coverage: 0.0000
  Batch 1610/5242, Loss: 4.4377, NLL: 4.4377, Coverage: 0.0000
  Batch 1620/5242, Loss: 4.5906, NLL: 4.5906, Coverage: 0.0000
  Batch 1630/5242, Loss: 4.7435, NLL: 4.7435, Coverage: 0.0000
  Batch 1640/5242, Loss: 4.5941, NLL: 4.5941, Coverage: 0.0000
  Batch 1650/5242, Loss: 4.7026, NLL: 4.7026, Coverage: 0.0000
  Batch 1660/5242, Loss: 4.8763, NLL: 4.8763, Coverage: 0.0000
  Batch 1670/5242, Loss: 4.9830, NLL: 4.9830, Coverage: 0.0000
  Batch 1680/5242, Loss: 4.5843, NLL: 4.5843, Coverage: 0.0000
  Batch 1690/5242, Loss: 4.9954, NLL: 4.9954, Coverage: 0.0000
  Batch 1700/5242, Loss: 4.6019, NLL: 4.6019, Coverage: 0.0000
  Batch 1710/5242, Loss: 4.0149, NLL: 4.0149, Coverage: 0.0000
  Batch 1720/5242, Loss: 4.7016, NLL: 4.7016, Coverage: 0.0000
  Batch 1730/5242, Loss: 4.5897, NLL: 4.5897, Coverage: 0.0000
  Batch 1740/5242, Loss: 4.5179, NLL: 4.5179, Coverage: 0.0000
  Batch 1750/5242, Loss: 4.7958, NLL: 4.7958, Coverage: 0.0000
  Batch 1760/5242, Loss: 4.7546, NLL: 4.7546, Coverage: 0.0000
  Batch 1770/5242, Loss: 4.7811, NLL: 4.7811, Coverage: 0.0000
  Batch 1780/5242, Loss: 4.8172, NLL: 4.8172, Coverage: 0.0000
  Batch 1790/5242, Loss: 4.9800, NLL: 4.9800, Coverage: 0.0000
  Batch 1800/5242, Loss: 4.4168, NLL: 4.4168, Coverage: 0.0000
  Batch 1810/5242, Loss: 4.3891, NLL: 4.3891, Coverage: 0.0000
  Batch 1820/5242, Loss: 4.5171, NLL: 4.5171, Coverage: 0.0000
  Batch 1830/5242, Loss: 4.9431, NLL: 4.9431, Coverage: 0.0000
  Batch 1840/5242, Loss: 4.7473, NLL: 4.7473, Coverage: 0.0000
  Batch 1850/5242, Loss: 4.2667, NLL: 4.2667, Coverage: 0.0000
  Batch 1860/5242, Loss: 4.0995, NLL: 4.0995, Coverage: 0.0000
  Batch 1870/5242, Loss: 4.1175, NLL: 4.1175, Coverage: 0.0000
  Batch 1880/5242, Loss: 4.6314, NLL: 4.6314, Coverage: 0.0000
  Batch 1890/5242, Loss: 4.8601, NLL: 4.8601, Coverage: 0.0000
  Batch 1900/5242, Loss: 4.5756, NLL: 4.5756, Coverage: 0.0000
  Batch 1910/5242, Loss: 4.8131, NLL: 4.8131, Coverage: 0.0000
  Batch 1920/5242, Loss: 4.4072, NLL: 4.4072, Coverage: 0.0000
  Batch 1930/5242, Loss: 4.4959, NLL: 4.4959, Coverage: 0.0000
  Batch 1940/5242, Loss: 4.2738, NLL: 4.2738, Coverage: 0.0000
  Batch 1950/5242, Loss: 4.7220, NLL: 4.7220, Coverage: 0.0000
  Batch 1960/5242, Loss: 4.5198, NLL: 4.5198, Coverage: 0.0000
  Batch 1970/5242, Loss: 4.5592, NLL: 4.5592, Coverage: 0.0000
  Batch 1980/5242, Loss: 4.7170, NLL: 4.7170, Coverage: 0.0000
  Batch 1990/5242, Loss: 5.0044, NLL: 5.0044, Coverage: 0.0000
  Batch 2000/5242, Loss: 4.9211, NLL: 4.9211, Coverage: 0.0000
  Batch 2010/5242, Loss: 4.5580, NLL: 4.5580, Coverage: 0.0000
  Batch 2020/5242, Loss: 4.4376, NLL: 4.4376, Coverage: 0.0000
  Batch 2030/5242, Loss: 4.6952, NLL: 4.6952, Coverage: 0.0000
  Batch 2040/5242, Loss: 4.9310, NLL: 4.9310, Coverage: 0.0000
  Batch 2050/5242, Loss: 4.5636, NLL: 4.5636, Coverage: 0.0000
  Batch 2060/5242, Loss: 4.7115, NLL: 4.7115, Coverage: 0.0000
  Batch 2070/5242, Loss: 4.6703, NLL: 4.6703, Coverage: 0.0000
  Batch 2080/5242, Loss: 4.5218, NLL: 4.5218, Coverage: 0.0000
  Batch 2090/5242, Loss: 4.5935, NLL: 4.5935, Coverage: 0.0000
  Batch 2100/5242, Loss: 4.7034, NLL: 4.7034, Coverage: 0.0000
  Batch 2110/5242, Loss: 4.4064, NLL: 4.4064, Coverage: 0.0000
  Batch 2120/5242, Loss: 4.2817, NLL: 4.2817, Coverage: 0.0000
  Batch 2130/5242, Loss: 4.1925, NLL: 4.1925, Coverage: 0.0000
  Batch 2140/5242, Loss: 4.2773, NLL: 4.2773, Coverage: 0.0000
  Batch 2150/5242, Loss: 4.8103, NLL: 4.8103, Coverage: 0.0000
  Batch 2160/5242, Loss: 4.4538, NLL: 4.4538, Coverage: 0.0000
  Batch 2170/5242, Loss: 4.7609, NLL: 4.7609, Coverage: 0.0000
  Batch 2180/5242, Loss: 4.7340, NLL: 4.7340, Coverage: 0.0000
  Batch 2190/5242, Loss: 5.0250, NLL: 5.0250, Coverage: 0.0000
  Batch 2200/5242, Loss: 4.7019, NLL: 4.7019, Coverage: 0.0000
  Batch 2210/5242, Loss: 4.4512, NLL: 4.4512, Coverage: 0.0000
  Batch 2220/5242, Loss: 4.8529, NLL: 4.8529, Coverage: 0.0000
  Batch 2230/5242, Loss: 4.4082, NLL: 4.4082, Coverage: 0.0000
  Batch 2240/5242, Loss: 3.8976, NLL: 3.8976, Coverage: 0.0000
  Batch 2250/5242, Loss: 4.6712, NLL: 4.6712, Coverage: 0.0000
  Batch 2260/5242, Loss: 4.7438, NLL: 4.7438, Coverage: 0.0000
  Batch 2270/5242, Loss: 4.8904, NLL: 4.8904, Coverage: 0.0000
  Batch 2280/5242, Loss: 4.6694, NLL: 4.6694, Coverage: 0.0000
  Batch 2290/5242, Loss: 4.7152, NLL: 4.7152, Coverage: 0.0000
  Batch 2300/5242, Loss: 4.6541, NLL: 4.6541, Coverage: 0.0000
  Batch 2310/5242, Loss: 4.5073, NLL: 4.5073, Coverage: 0.0000
  Batch 2320/5242, Loss: 4.9007, NLL: 4.9007, Coverage: 0.0000
  Batch 2330/5242, Loss: 4.3472, NLL: 4.3472, Coverage: 0.0000
  Batch 2340/5242, Loss: 4.7868, NLL: 4.7868, Coverage: 0.0000
  Batch 2350/5242, Loss: 4.8667, NLL: 4.8667, Coverage: 0.0000
  Batch 2360/5242, Loss: 4.9459, NLL: 4.9459, Coverage: 0.0000
  Batch 2370/5242, Loss: 4.6382, NLL: 4.6382, Coverage: 0.0000
  Batch 2380/5242, Loss: 4.9053, NLL: 4.9053, Coverage: 0.0000
  Batch 2390/5242, Loss: 4.9598, NLL: 4.9598, Coverage: 0.0000
  Batch 2400/5242, Loss: 4.7426, NLL: 4.7426, Coverage: 0.0000
  Batch 2410/5242, Loss: 4.2964, NLL: 4.2964, Coverage: 0.0000
  Batch 2420/5242, Loss: 5.1155, NLL: 5.1155, Coverage: 0.0000
  Batch 2430/5242, Loss: 4.6812, NLL: 4.6812, Coverage: 0.0000
  Batch 2440/5242, Loss: 4.4885, NLL: 4.4885, Coverage: 0.0000
  Batch 2450/5242, Loss: 4.5735, NLL: 4.5735, Coverage: 0.0000
  Batch 2460/5242, Loss: 4.3842, NLL: 4.3842, Coverage: 0.0000
  Batch 2470/5242, Loss: 4.8611, NLL: 4.8611, Coverage: 0.0000
  Batch 2480/5242, Loss: 4.7357, NLL: 4.7357, Coverage: 0.0000
  Batch 2490/5242, Loss: 4.8158, NLL: 4.8158, Coverage: 0.0000
  Batch 2500/5242, Loss: 4.5422, NLL: 4.5422, Coverage: 0.0000
  Batch 2510/5242, Loss: 4.5697, NLL: 4.5697, Coverage: 0.0000
  Batch 2520/5242, Loss: 5.2592, NLL: 5.2592, Coverage: 0.0000
  Batch 2530/5242, Loss: 4.6591, NLL: 4.6591, Coverage: 0.0000
  Batch 2540/5242, Loss: 4.2365, NLL: 4.2365, Coverage: 0.0000
  Batch 2550/5242, Loss: 4.5174, NLL: 4.5174, Coverage: 0.0000
  Batch 2560/5242, Loss: 4.4382, NLL: 4.4382, Coverage: 0.0000
  Batch 2570/5242, Loss: 4.8528, NLL: 4.8528, Coverage: 0.0000
  Batch 2580/5242, Loss: 5.0909, NLL: 5.0909, Coverage: 0.0000
  Batch 2590/5242, Loss: 4.7063, NLL: 4.7063, Coverage: 0.0000
  Batch 2600/5242, Loss: 4.9367, NLL: 4.9367, Coverage: 0.0000
  Batch 2610/5242, Loss: 5.0619, NLL: 5.0619, Coverage: 0.0000
  Batch 2620/5242, Loss: 4.2550, NLL: 4.2550, Coverage: 0.0000
  Batch 2630/5242, Loss: 4.4328, NLL: 4.4328, Coverage: 0.0000
  Batch 2640/5242, Loss: 4.5829, NLL: 4.5829, Coverage: 0.0000
  Batch 2650/5242, Loss: 4.7686, NLL: 4.7686, Coverage: 0.0000
  Batch 2660/5242, Loss: 4.6703, NLL: 4.6703, Coverage: 0.0000
  Batch 2670/5242, Loss: 4.2925, NLL: 4.2925, Coverage: 0.0000
  Batch 2680/5242, Loss: 4.9017, NLL: 4.9017, Coverage: 0.0000
  Batch 2690/5242, Loss: 4.6918, NLL: 4.6918, Coverage: 0.0000
  Batch 2700/5242, Loss: 4.8325, NLL: 4.8325, Coverage: 0.0000
  Batch 2710/5242, Loss: 4.1174, NLL: 4.1174, Coverage: 0.0000
  Batch 2720/5242, Loss: 4.9007, NLL: 4.9007, Coverage: 0.0000
  Batch 2730/5242, Loss: 4.3522, NLL: 4.3522, Coverage: 0.0000
  Batch 2740/5242, Loss: 4.7110, NLL: 4.7110, Coverage: 0.0000
  Batch 2750/5242, Loss: 4.1869, NLL: 4.1869, Coverage: 0.0000
  Batch 2760/5242, Loss: 4.5862, NLL: 4.5862, Coverage: 0.0000
  Batch 2770/5242, Loss: 4.8080, NLL: 4.8080, Coverage: 0.0000
  Batch 2780/5242, Loss: 4.7949, NLL: 4.7949, Coverage: 0.0000
  Batch 2790/5242, Loss: 4.5390, NLL: 4.5390, Coverage: 0.0000
  Batch 2800/5242, Loss: 4.7372, NLL: 4.7372, Coverage: 0.0000
  Batch 2810/5242, Loss: 4.4397, NLL: 4.4397, Coverage: 0.0000
  Batch 2820/5242, Loss: 4.7041, NLL: 4.7041, Coverage: 0.0000
  Batch 2830/5242, Loss: 4.9004, NLL: 4.9004, Coverage: 0.0000
  Batch 2840/5242, Loss: 4.4535, NLL: 4.4535, Coverage: 0.0000
  Batch 2850/5242, Loss: 4.3135, NLL: 4.3135, Coverage: 0.0000
  Batch 2860/5242, Loss: 4.2263, NLL: 4.2263, Coverage: 0.0000
  Batch 2870/5242, Loss: 4.6040, NLL: 4.6040, Coverage: 0.0000
  Batch 2880/5242, Loss: 4.3498, NLL: 4.3498, Coverage: 0.0000
  Batch 2890/5242, Loss: 4.5682, NLL: 4.5682, Coverage: 0.0000
  Batch 2900/5242, Loss: 4.3374, NLL: 4.3374, Coverage: 0.0000
  Batch 2910/5242, Loss: 4.5863, NLL: 4.5863, Coverage: 0.0000
  Batch 2920/5242, Loss: 4.6153, NLL: 4.6153, Coverage: 0.0000
  Batch 2930/5242, Loss: 4.6054, NLL: 4.6054, Coverage: 0.0000
  Batch 2940/5242, Loss: 4.6111, NLL: 4.6111, Coverage: 0.0000
  Batch 2950/5242, Loss: 4.8065, NLL: 4.8065, Coverage: 0.0000
  Batch 2960/5242, Loss: 4.7679, NLL: 4.7679, Coverage: 0.0000
  Batch 2970/5242, Loss: 4.7033, NLL: 4.7033, Coverage: 0.0000
  Batch 2980/5242, Loss: 4.6108, NLL: 4.6108, Coverage: 0.0000
  Batch 2990/5242, Loss: 4.7593, NLL: 4.7593, Coverage: 0.0000
  Batch 3000/5242, Loss: 4.8688, NLL: 4.8688, Coverage: 0.0000
  Batch 3010/5242, Loss: 4.6094, NLL: 4.6094, Coverage: 0.0000
  Batch 3020/5242, Loss: 4.5572, NLL: 4.5572, Coverage: 0.0000
  Batch 3030/5242, Loss: 4.6174, NLL: 4.6174, Coverage: 0.0000
  Batch 3040/5242, Loss: 4.2041, NLL: 4.2041, Coverage: 0.0000
  Batch 3050/5242, Loss: 4.4193, NLL: 4.4193, Coverage: 0.0000
  Batch 3060/5242, Loss: 4.2195, NLL: 4.2195, Coverage: 0.0000
  Batch 3070/5242, Loss: 4.3153, NLL: 4.3153, Coverage: 0.0000
  Batch 3080/5242, Loss: 4.5027, NLL: 4.5027, Coverage: 0.0000
  Batch 3090/5242, Loss: 4.5355, NLL: 4.5355, Coverage: 0.0000
  Batch 3100/5242, Loss: 5.0952, NLL: 5.0952, Coverage: 0.0000
  Batch 3110/5242, Loss: 4.7846, NLL: 4.7846, Coverage: 0.0000
  Batch 3120/5242, Loss: 4.6077, NLL: 4.6077, Coverage: 0.0000
  Batch 3130/5242, Loss: 4.7082, NLL: 4.7082, Coverage: 0.0000
  Batch 3140/5242, Loss: 4.4382, NLL: 4.4382, Coverage: 0.0000
  Batch 3150/5242, Loss: 4.9510, NLL: 4.9510, Coverage: 0.0000
  Batch 3160/5242, Loss: 4.4569, NLL: 4.4569, Coverage: 0.0000
  Batch 3170/5242, Loss: 4.8499, NLL: 4.8499, Coverage: 0.0000
  Batch 3180/5242, Loss: 4.6065, NLL: 4.6065, Coverage: 0.0000
  Batch 3190/5242, Loss: 4.4975, NLL: 4.4975, Coverage: 0.0000
  Batch 3200/5242, Loss: 4.6344, NLL: 4.6344, Coverage: 0.0000
  Batch 3210/5242, Loss: 4.5962, NLL: 4.5962, Coverage: 0.0000
  Batch 3220/5242, Loss: 4.9079, NLL: 4.9079, Coverage: 0.0000
  Batch 3230/5242, Loss: 4.4778, NLL: 4.4778, Coverage: 0.0000
  Batch 3240/5242, Loss: 4.3107, NLL: 4.3107, Coverage: 0.0000
  Batch 3250/5242, Loss: 4.9634, NLL: 4.9634, Coverage: 0.0000
  Batch 3260/5242, Loss: 4.4761, NLL: 4.4761, Coverage: 0.0000
  Batch 3270/5242, Loss: 4.8197, NLL: 4.8197, Coverage: 0.0000
  Batch 3280/5242, Loss: 4.4222, NLL: 4.4222, Coverage: 0.0000
  Batch 3290/5242, Loss: 4.7690, NLL: 4.7690, Coverage: 0.0000
  Batch 3300/5242, Loss: 4.6604, NLL: 4.6604, Coverage: 0.0000
  Batch 3310/5242, Loss: 4.5643, NLL: 4.5643, Coverage: 0.0000
  Batch 3320/5242, Loss: 4.4171, NLL: 4.4171, Coverage: 0.0000
  Batch 3330/5242, Loss: 4.6458, NLL: 4.6458, Coverage: 0.0000
  Batch 3340/5242, Loss: 4.6106, NLL: 4.6106, Coverage: 0.0000
  Batch 3350/5242, Loss: 4.2383, NLL: 4.2383, Coverage: 0.0000
  Batch 3360/5242, Loss: 4.7966, NLL: 4.7966, Coverage: 0.0000
  Batch 3370/5242, Loss: 4.6409, NLL: 4.6409, Coverage: 0.0000
  Batch 3380/5242, Loss: 4.6079, NLL: 4.6079, Coverage: 0.0000
  Batch 3390/5242, Loss: 4.5373, NLL: 4.5373, Coverage: 0.0000
  Batch 3400/5242, Loss: 4.2911, NLL: 4.2911, Coverage: 0.0000
  Batch 3410/5242, Loss: 4.4415, NLL: 4.4415, Coverage: 0.0000
  Batch 3420/5242, Loss: 4.6076, NLL: 4.6076, Coverage: 0.0000
  Batch 3430/5242, Loss: 4.4586, NLL: 4.4586, Coverage: 0.0000
  Batch 3440/5242, Loss: 4.7002, NLL: 4.7002, Coverage: 0.0000
  Batch 3450/5242, Loss: 4.7777, NLL: 4.7777, Coverage: 0.0000
  Batch 3460/5242, Loss: 4.2409, NLL: 4.2409, Coverage: 0.0000
  Batch 3470/5242, Loss: 4.4943, NLL: 4.4943, Coverage: 0.0000
  Batch 3480/5242, Loss: 4.8733, NLL: 4.8733, Coverage: 0.0000
  Batch 3490/5242, Loss: 4.5677, NLL: 4.5677, Coverage: 0.0000
  Batch 3500/5242, Loss: 4.3383, NLL: 4.3383, Coverage: 0.0000
  Batch 3510/5242, Loss: 4.5843, NLL: 4.5843, Coverage: 0.0000
  Batch 3520/5242, Loss: 4.7843, NLL: 4.7843, Coverage: 0.0000
  Batch 3530/5242, Loss: 4.4022, NLL: 4.4022, Coverage: 0.0000
  Batch 3540/5242, Loss: 4.5890, NLL: 4.5890, Coverage: 0.0000
  Batch 3550/5242, Loss: 4.6023, NLL: 4.6023, Coverage: 0.0000
  Batch 3560/5242, Loss: 4.9903, NLL: 4.9903, Coverage: 0.0000
  Batch 3570/5242, Loss: 4.1246, NLL: 4.1246, Coverage: 0.0000
  Batch 3580/5242, Loss: 5.2033, NLL: 5.2033, Coverage: 0.0000
  Batch 3590/5242, Loss: 4.3420, NLL: 4.3420, Coverage: 0.0000
  Batch 3600/5242, Loss: 4.5051, NLL: 4.5051, Coverage: 0.0000
  Batch 3610/5242, Loss: 4.7075, NLL: 4.7075, Coverage: 0.0000
  Batch 3620/5242, Loss: 4.9588, NLL: 4.9588, Coverage: 0.0000
  Batch 3630/5242, Loss: 4.4309, NLL: 4.4309, Coverage: 0.0000
  Batch 3640/5242, Loss: 4.7792, NLL: 4.7792, Coverage: 0.0000
  Batch 3650/5242, Loss: 4.7608, NLL: 4.7608, Coverage: 0.0000
  Batch 3660/5242, Loss: 4.3023, NLL: 4.3023, Coverage: 0.0000
  Batch 3670/5242, Loss: 4.5129, NLL: 4.5129, Coverage: 0.0000
  Batch 3680/5242, Loss: 4.8315, NLL: 4.8315, Coverage: 0.0000
  Batch 3690/5242, Loss: 4.3936, NLL: 4.3936, Coverage: 0.0000
  Batch 3700/5242, Loss: 4.9989, NLL: 4.9989, Coverage: 0.0000
  Batch 3710/5242, Loss: 4.6320, NLL: 4.6320, Coverage: 0.0000
  Batch 3720/5242, Loss: 4.6824, NLL: 4.6824, Coverage: 0.0000
  Batch 3730/5242, Loss: 4.5323, NLL: 4.5323, Coverage: 0.0000
  Batch 3740/5242, Loss: 4.6087, NLL: 4.6087, Coverage: 0.0000
  Batch 3750/5242, Loss: 4.3133, NLL: 4.3133, Coverage: 0.0000
  Batch 3760/5242, Loss: 4.3842, NLL: 4.3842, Coverage: 0.0000
  Batch 3770/5242, Loss: 4.8549, NLL: 4.8549, Coverage: 0.0000
  Batch 3780/5242, Loss: 4.4939, NLL: 4.4939, Coverage: 0.0000
  Batch 3790/5242, Loss: 4.5195, NLL: 4.5195, Coverage: 0.0000
  Batch 3800/5242, Loss: 4.7971, NLL: 4.7971, Coverage: 0.0000
  Batch 3810/5242, Loss: 4.1615, NLL: 4.1615, Coverage: 0.0000
  Batch 3820/5242, Loss: 4.7472, NLL: 4.7472, Coverage: 0.0000
  Batch 3830/5242, Loss: 4.4023, NLL: 4.4023, Coverage: 0.0000
  Batch 3840/5242, Loss: 4.5103, NLL: 4.5103, Coverage: 0.0000
  Batch 3850/5242, Loss: 4.8353, NLL: 4.8353, Coverage: 0.0000
  Batch 3860/5242, Loss: 4.2392, NLL: 4.2392, Coverage: 0.0000
  Batch 3870/5242, Loss: 4.5844, NLL: 4.5844, Coverage: 0.0000
  Batch 3880/5242, Loss: 4.6322, NLL: 4.6322, Coverage: 0.0000
  Batch 3890/5242, Loss: 4.3229, NLL: 4.3229, Coverage: 0.0000
  Batch 3900/5242, Loss: 4.1658, NLL: 4.1658, Coverage: 0.0000
  Batch 3910/5242, Loss: 4.5278, NLL: 4.5278, Coverage: 0.0000
  Batch 3920/5242, Loss: 4.7508, NLL: 4.7508, Coverage: 0.0000
  Batch 3930/5242, Loss: 4.2979, NLL: 4.2979, Coverage: 0.0000
  Batch 3940/5242, Loss: 4.3179, NLL: 4.3179, Coverage: 0.0000
  Batch 3950/5242, Loss: 4.5910, NLL: 4.5910, Coverage: 0.0000
  Batch 3960/5242, Loss: 4.8711, NLL: 4.8711, Coverage: 0.0000
  Batch 3970/5242, Loss: 4.3647, NLL: 4.3647, Coverage: 0.0000
  Batch 3980/5242, Loss: 4.8756, NLL: 4.8756, Coverage: 0.0000
  Batch 3990/5242, Loss: 4.5739, NLL: 4.5739, Coverage: 0.0000
  Batch 4000/5242, Loss: 4.3408, NLL: 4.3408, Coverage: 0.0000
  Batch 4010/5242, Loss: 4.9430, NLL: 4.9430, Coverage: 0.0000
  Batch 4020/5242, Loss: 4.7120, NLL: 4.7120, Coverage: 0.0000
  Batch 4030/5242, Loss: 4.6865, NLL: 4.6865, Coverage: 0.0000
  Batch 4040/5242, Loss: 4.5980, NLL: 4.5980, Coverage: 0.0000
  Batch 4050/5242, Loss: 4.4071, NLL: 4.4071, Coverage: 0.0000
  Batch 4060/5242, Loss: 4.7661, NLL: 4.7661, Coverage: 0.0000
  Batch 4070/5242, Loss: 4.4793, NLL: 4.4793, Coverage: 0.0000
  Batch 4080/5242, Loss: 5.0955, NLL: 5.0955, Coverage: 0.0000
  Batch 4090/5242, Loss: 4.3355, NLL: 4.3355, Coverage: 0.0000
  Batch 4100/5242, Loss: 5.1657, NLL: 5.1657, Coverage: 0.0000
  Batch 4110/5242, Loss: 4.6917, NLL: 4.6917, Coverage: 0.0000
  Batch 4120/5242, Loss: 4.5301, NLL: 4.5301, Coverage: 0.0000
  Batch 4130/5242, Loss: 5.2358, NLL: 5.2358, Coverage: 0.0000
  Batch 4140/5242, Loss: 4.6730, NLL: 4.6730, Coverage: 0.0000
  Batch 4150/5242, Loss: 4.3597, NLL: 4.3597, Coverage: 0.0000
  Batch 4160/5242, Loss: 4.7189, NLL: 4.7189, Coverage: 0.0000
  Batch 4170/5242, Loss: 4.2727, NLL: 4.2727, Coverage: 0.0000
  Batch 4180/5242, Loss: 4.5997, NLL: 4.5997, Coverage: 0.0000
  Batch 4190/5242, Loss: 4.1977, NLL: 4.1977, Coverage: 0.0000
  Batch 4200/5242, Loss: 4.4958, NLL: 4.4958, Coverage: 0.0000
  Batch 4210/5242, Loss: 4.6189, NLL: 4.6189, Coverage: 0.0000
  Batch 4220/5242, Loss: 4.9109, NLL: 4.9109, Coverage: 0.0000
  Batch 4230/5242, Loss: 4.6768, NLL: 4.6768, Coverage: 0.0000
  Batch 4240/5242, Loss: 4.4153, NLL: 4.4153, Coverage: 0.0000
  Batch 4250/5242, Loss: 4.4874, NLL: 4.4874, Coverage: 0.0000
  Batch 4260/5242, Loss: 4.5325, NLL: 4.5325, Coverage: 0.0000
  Batch 4270/5242, Loss: 4.8249, NLL: 4.8249, Coverage: 0.0000
  Batch 4280/5242, Loss: 4.5194, NLL: 4.5194, Coverage: 0.0000
  Batch 4290/5242, Loss: 4.6438, NLL: 4.6438, Coverage: 0.0000
  Batch 4300/5242, Loss: 4.9061, NLL: 4.9061, Coverage: 0.0000
  Batch 4310/5242, Loss: 4.3072, NLL: 4.3072, Coverage: 0.0000
  Batch 4320/5242, Loss: 4.7403, NLL: 4.7403, Coverage: 0.0000
  Batch 4330/5242, Loss: 4.5838, NLL: 4.5838, Coverage: 0.0000
  Batch 4340/5242, Loss: 4.4550, NLL: 4.4550, Coverage: 0.0000
  Batch 4350/5242, Loss: 4.8868, NLL: 4.8868, Coverage: 0.0000
  Batch 4360/5242, Loss: 4.5083, NLL: 4.5083, Coverage: 0.0000
  Batch 4370/5242, Loss: 4.8351, NLL: 4.8351, Coverage: 0.0000
  Batch 4380/5242, Loss: 4.2259, NLL: 4.2259, Coverage: 0.0000
  Batch 4390/5242, Loss: 4.8120, NLL: 4.8120, Coverage: 0.0000
  Batch 4400/5242, Loss: 4.4677, NLL: 4.4677, Coverage: 0.0000
  Batch 4410/5242, Loss: 4.6453, NLL: 4.6453, Coverage: 0.0000
  Batch 4420/5242, Loss: 4.1599, NLL: 4.1599, Coverage: 0.0000
  Batch 4430/5242, Loss: 4.5108, NLL: 4.5108, Coverage: 0.0000
  Batch 4440/5242, Loss: 4.3797, NLL: 4.3797, Coverage: 0.0000
  Batch 4450/5242, Loss: 4.4289, NLL: 4.4289, Coverage: 0.0000
  Batch 4460/5242, Loss: 4.8731, NLL: 4.8731, Coverage: 0.0000
  Batch 4470/5242, Loss: 4.9425, NLL: 4.9425, Coverage: 0.0000
  Batch 4480/5242, Loss: 4.6753, NLL: 4.6753, Coverage: 0.0000
  Batch 4490/5242, Loss: 4.3875, NLL: 4.3875, Coverage: 0.0000
  Batch 4500/5242, Loss: 4.9511, NLL: 4.9511, Coverage: 0.0000
  Batch 4510/5242, Loss: 4.3569, NLL: 4.3569, Coverage: 0.0000
  Batch 4520/5242, Loss: 4.7879, NLL: 4.7879, Coverage: 0.0000
  Batch 4530/5242, Loss: 4.4705, NLL: 4.4705, Coverage: 0.0000
  Batch 4540/5242, Loss: 4.7198, NLL: 4.7198, Coverage: 0.0000
  Batch 4550/5242, Loss: 4.7211, NLL: 4.7211, Coverage: 0.0000
  Batch 4560/5242, Loss: 4.7276, NLL: 4.7276, Coverage: 0.0000
  Batch 4570/5242, Loss: 4.7532, NLL: 4.7532, Coverage: 0.0000
  Batch 4580/5242, Loss: 4.5776, NLL: 4.5776, Coverage: 0.0000
  Batch 4590/5242, Loss: 4.3856, NLL: 4.3856, Coverage: 0.0000
  Batch 4600/5242, Loss: 4.5980, NLL: 4.5980, Coverage: 0.0000
  Batch 4610/5242, Loss: 4.6322, NLL: 4.6322, Coverage: 0.0000
  Batch 4620/5242, Loss: 4.6906, NLL: 4.6906, Coverage: 0.0000
  Batch 4630/5242, Loss: 4.9115, NLL: 4.9115, Coverage: 0.0000
  Batch 4640/5242, Loss: 4.6021, NLL: 4.6021, Coverage: 0.0000
  Batch 4650/5242, Loss: 4.5069, NLL: 4.5069, Coverage: 0.0000
  Batch 4660/5242, Loss: 4.4484, NLL: 4.4484, Coverage: 0.0000
  Batch 4670/5242, Loss: 4.7207, NLL: 4.7207, Coverage: 0.0000
  Batch 4680/5242, Loss: 4.8178, NLL: 4.8178, Coverage: 0.0000
  Batch 4690/5242, Loss: 4.7604, NLL: 4.7604, Coverage: 0.0000
  Batch 4700/5242, Loss: 4.4026, NLL: 4.4026, Coverage: 0.0000
  Batch 4710/5242, Loss: 4.7397, NLL: 4.7397, Coverage: 0.0000
  Batch 4720/5242, Loss: 4.5934, NLL: 4.5934, Coverage: 0.0000
  Batch 4730/5242, Loss: 4.6217, NLL: 4.6217, Coverage: 0.0000
  Batch 4740/5242, Loss: 4.1494, NLL: 4.1494, Coverage: 0.0000
  Batch 4750/5242, Loss: 4.4900, NLL: 4.4900, Coverage: 0.0000
  Batch 4760/5242, Loss: 4.4483, NLL: 4.4483, Coverage: 0.0000
  Batch 4770/5242, Loss: 4.4328, NLL: 4.4328, Coverage: 0.0000
  Batch 4780/5242, Loss: 4.9316, NLL: 4.9316, Coverage: 0.0000
  Batch 4790/5242, Loss: 4.1273, NLL: 4.1273, Coverage: 0.0000
  Batch 4800/5242, Loss: 4.1153, NLL: 4.1153, Coverage: 0.0000
  Batch 4810/5242, Loss: 4.5417, NLL: 4.5417, Coverage: 0.0000
  Batch 4820/5242, Loss: 4.3958, NLL: 4.3958, Coverage: 0.0000
  Batch 4830/5242, Loss: 4.4060, NLL: 4.4060, Coverage: 0.0000
  Batch 4840/5242, Loss: 4.2508, NLL: 4.2508, Coverage: 0.0000
  Batch 4850/5242, Loss: 4.8673, NLL: 4.8673, Coverage: 0.0000
  Batch 4860/5242, Loss: 4.7528, NLL: 4.7528, Coverage: 0.0000
  Batch 4870/5242, Loss: 4.6011, NLL: 4.6011, Coverage: 0.0000
  Batch 4880/5242, Loss: 4.6508, NLL: 4.6508, Coverage: 0.0000
  Batch 4890/5242, Loss: 4.6122, NLL: 4.6122, Coverage: 0.0000
  Batch 4900/5242, Loss: 4.3724, NLL: 4.3724, Coverage: 0.0000
  Batch 4910/5242, Loss: 4.6989, NLL: 4.6989, Coverage: 0.0000
  Batch 4920/5242, Loss: 4.5062, NLL: 4.5062, Coverage: 0.0000
  Batch 4930/5242, Loss: 4.5319, NLL: 4.5319, Coverage: 0.0000
  Batch 4940/5242, Loss: 4.5031, NLL: 4.5031, Coverage: 0.0000
  Batch 4950/5242, Loss: 5.0347, NLL: 5.0347, Coverage: 0.0000
  Batch 4960/5242, Loss: 4.9354, NLL: 4.9354, Coverage: 0.0000
  Batch 4970/5242, Loss: 4.6700, NLL: 4.6700, Coverage: 0.0000
  Batch 4980/5242, Loss: 4.6166, NLL: 4.6166, Coverage: 0.0000
  Batch 4990/5242, Loss: 5.1167, NLL: 5.1167, Coverage: 0.0000
  Batch 5000/5242, Loss: 4.9127, NLL: 4.9127, Coverage: 0.0000
  Batch 5010/5242, Loss: 4.7254, NLL: 4.7254, Coverage: 0.0000
  Batch 5020/5242, Loss: 4.6284, NLL: 4.6284, Coverage: 0.0000
  Batch 5030/5242, Loss: 4.9924, NLL: 4.9924, Coverage: 0.0000
  Batch 5040/5242, Loss: 4.9634, NLL: 4.9634, Coverage: 0.0000
  Batch 5050/5242, Loss: 4.9255, NLL: 4.9255, Coverage: 0.0000
  Batch 5060/5242, Loss: 4.6500, NLL: 4.6500, Coverage: 0.0000
  Batch 5070/5242, Loss: 4.5877, NLL: 4.5877, Coverage: 0.0000
  Batch 5080/5242, Loss: 4.1782, NLL: 4.1782, Coverage: 0.0000
  Batch 5090/5242, Loss: 4.5438, NLL: 4.5438, Coverage: 0.0000
  Batch 5100/5242, Loss: 4.6478, NLL: 4.6478, Coverage: 0.0000
  Batch 5110/5242, Loss: 4.5097, NLL: 4.5097, Coverage: 0.0000
  Batch 5120/5242, Loss: 4.3028, NLL: 4.3028, Coverage: 0.0000
  Batch 5130/5242, Loss: 4.6706, NLL: 4.6706, Coverage: 0.0000
  Batch 5140/5242, Loss: 4.7677, NLL: 4.7677, Coverage: 0.0000
  Batch 5150/5242, Loss: 4.0868, NLL: 4.0868, Coverage: 0.0000
  Batch 5160/5242, Loss: 4.5054, NLL: 4.5054, Coverage: 0.0000
  Batch 5170/5242, Loss: 4.1401, NLL: 4.1401, Coverage: 0.0000
  Batch 5180/5242, Loss: 4.8543, NLL: 4.8543, Coverage: 0.0000
  Batch 5190/5242, Loss: 4.5135, NLL: 4.5135, Coverage: 0.0000
  Batch 5200/5242, Loss: 4.4505, NLL: 4.4505, Coverage: 0.0000
  Batch 5210/5242, Loss: 4.4313, NLL: 4.4313, Coverage: 0.0000
  Batch 5220/5242, Loss: 4.4422, NLL: 4.4422, Coverage: 0.0000
  Batch 5230/5242, Loss: 3.9990, NLL: 3.9990, Coverage: 0.0000
  Batch 5240/5242, Loss: 4.4713, NLL: 4.4713, Coverage: 0.0000

  Train Loss: 4.6220 (NLL: 4.6220, Cov: 0.0000)
  Val Loss: 6.3688 (NLL: 6.3688, Cov: 0.0000)
  Time: 33m 23s

Epoch 4/20
----------------------------------------
  Batch 10/5242, Loss: 4.6124, NLL: 4.6124, Coverage: 0.0000
  Batch 20/5242, Loss: 4.4142, NLL: 4.4142, Coverage: 0.0000
  Batch 30/5242, Loss: 4.3168, NLL: 4.3168, Coverage: 0.0000
  Batch 40/5242, Loss: 4.6521, NLL: 4.6521, Coverage: 0.0000
  Batch 50/5242, Loss: 4.3818, NLL: 4.3818, Coverage: 0.0000
  Batch 60/5242, Loss: 4.9974, NLL: 4.9974, Coverage: 0.0000
  Batch 70/5242, Loss: 4.3075, NLL: 4.3075, Coverage: 0.0000
  Batch 80/5242, Loss: 4.5798, NLL: 4.5798, Coverage: 0.0000
  Batch 90/5242, Loss: 4.6739, NLL: 4.6739, Coverage: 0.0000
  Batch 100/5242, Loss: 4.7229, NLL: 4.7229, Coverage: 0.0000
  Batch 110/5242, Loss: 4.6949, NLL: 4.6949, Coverage: 0.0000
  Batch 120/5242, Loss: 4.6284, NLL: 4.6284, Coverage: 0.0000
  Batch 130/5242, Loss: 4.4532, NLL: 4.4532, Coverage: 0.0000
  Batch 140/5242, Loss: 4.1002, NLL: 4.1002, Coverage: 0.0000
  Batch 150/5242, Loss: 4.5295, NLL: 4.5295, Coverage: 0.0000
  Batch 160/5242, Loss: 3.9509, NLL: 3.9509, Coverage: 0.0000
  Batch 170/5242, Loss: 4.3628, NLL: 4.3628, Coverage: 0.0000
  Batch 180/5242, Loss: 4.3296, NLL: 4.3296, Coverage: 0.0000
  Batch 190/5242, Loss: 4.4552, NLL: 4.4552, Coverage: 0.0000
  Batch 200/5242, Loss: 3.7493, NLL: 3.7493, Coverage: 0.0000
  Batch 210/5242, Loss: 4.6179, NLL: 4.6179, Coverage: 0.0000
  Batch 220/5242, Loss: 4.9113, NLL: 4.9113, Coverage: 0.0000
  Batch 230/5242, Loss: 4.5091, NLL: 4.5091, Coverage: 0.0000
  Batch 240/5242, Loss: 4.4476, NLL: 4.4476, Coverage: 0.0000
  Batch 250/5242, Loss: 4.2139, NLL: 4.2139, Coverage: 0.0000
  Batch 260/5242, Loss: 4.4780, NLL: 4.4780, Coverage: 0.0000
  Batch 270/5242, Loss: 4.3452, NLL: 4.3452, Coverage: 0.0000
  Batch 280/5242, Loss: 4.8217, NLL: 4.8217, Coverage: 0.0000
  Batch 290/5242, Loss: 4.4422, NLL: 4.4422, Coverage: 0.0000
  Batch 300/5242, Loss: 4.5623, NLL: 4.5623, Coverage: 0.0000
  Batch 310/5242, Loss: 4.4490, NLL: 4.4490, Coverage: 0.0000
  Batch 320/5242, Loss: 4.6591, NLL: 4.6591, Coverage: 0.0000
  Batch 330/5242, Loss: 4.2323, NLL: 4.2323, Coverage: 0.0000
  Batch 340/5242, Loss: 4.1814, NLL: 4.1814, Coverage: 0.0000
  Batch 350/5242, Loss: 4.3647, NLL: 4.3647, Coverage: 0.0000
  Batch 360/5242, Loss: 4.5623, NLL: 4.5623, Coverage: 0.0000
  Batch 370/5242, Loss: 4.6671, NLL: 4.6671, Coverage: 0.0000
  Batch 380/5242, Loss: 4.5840, NLL: 4.5840, Coverage: 0.0000
  Batch 390/5242, Loss: 4.6743, NLL: 4.6743, Coverage: 0.0000
  Batch 400/5242, Loss: 4.5506, NLL: 4.5506, Coverage: 0.0000
  Batch 410/5242, Loss: 4.8111, NLL: 4.8111, Coverage: 0.0000
  Batch 420/5242, Loss: 3.8940, NLL: 3.8940, Coverage: 0.0000
  Batch 430/5242, Loss: 4.4513, NLL: 4.4513, Coverage: 0.0000
  Batch 440/5242, Loss: 4.6588, NLL: 4.6588, Coverage: 0.0000
  Batch 450/5242, Loss: 4.1196, NLL: 4.1196, Coverage: 0.0000
  Batch 460/5242, Loss: 4.3792, NLL: 4.3792, Coverage: 0.0000
  Batch 470/5242, Loss: 4.3499, NLL: 4.3499, Coverage: 0.0000
  Batch 480/5242, Loss: 4.6090, NLL: 4.6090, Coverage: 0.0000
  Batch 490/5242, Loss: 4.4279, NLL: 4.4279, Coverage: 0.0000
  Batch 500/5242, Loss: 4.6895, NLL: 4.6895, Coverage: 0.0000
  Batch 510/5242, Loss: 4.5584, NLL: 4.5584, Coverage: 0.0000
  Batch 520/5242, Loss: 4.4948, NLL: 4.4948, Coverage: 0.0000
  Batch 530/5242, Loss: 4.5137, NLL: 4.5137, Coverage: 0.0000
  Batch 540/5242, Loss: 4.8752, NLL: 4.8752, Coverage: 0.0000
  Batch 550/5242, Loss: 4.1210, NLL: 4.1210, Coverage: 0.0000
  Batch 560/5242, Loss: 4.1902, NLL: 4.1902, Coverage: 0.0000
  Batch 570/5242, Loss: 4.2689, NLL: 4.2689, Coverage: 0.0000
  Batch 580/5242, Loss: 4.3626, NLL: 4.3626, Coverage: 0.0000
  Batch 590/5242, Loss: 4.7468, NLL: 4.7468, Coverage: 0.0000
  Batch 600/5242, Loss: 4.1784, NLL: 4.1784, Coverage: 0.0000
  Batch 610/5242, Loss: 4.5931, NLL: 4.5931, Coverage: 0.0000
  Batch 620/5242, Loss: 4.4495, NLL: 4.4495, Coverage: 0.0000
  Batch 630/5242, Loss: 4.2501, NLL: 4.2501, Coverage: 0.0000
  Batch 640/5242, Loss: 4.8449, NLL: 4.8449, Coverage: 0.0000
  Batch 650/5242, Loss: 4.6503, NLL: 4.6503, Coverage: 0.0000
  Batch 660/5242, Loss: 4.8880, NLL: 4.8880, Coverage: 0.0000
  Batch 670/5242, Loss: 4.4462, NLL: 4.4462, Coverage: 0.0000
  Batch 680/5242, Loss: 4.6905, NLL: 4.6905, Coverage: 0.0000
  Batch 690/5242, Loss: 4.3628, NLL: 4.3628, Coverage: 0.0000
  Batch 700/5242, Loss: 4.6986, NLL: 4.6986, Coverage: 0.0000
  Batch 710/5242, Loss: 4.2766, NLL: 4.2766, Coverage: 0.0000
  Batch 720/5242, Loss: 4.4954, NLL: 4.4954, Coverage: 0.0000
  Batch 730/5242, Loss: 4.3462, NLL: 4.3462, Coverage: 0.0000
  Batch 740/5242, Loss: 4.3771, NLL: 4.3771, Coverage: 0.0000
  Batch 750/5242, Loss: 5.1475, NLL: 5.1475, Coverage: 0.0000
  Batch 760/5242, Loss: 4.4068, NLL: 4.4068, Coverage: 0.0000
  Batch 770/5242, Loss: 4.0988, NLL: 4.0988, Coverage: 0.0000
  Batch 780/5242, Loss: 4.3412, NLL: 4.3412, Coverage: 0.0000
  Batch 790/5242, Loss: 4.7018, NLL: 4.7018, Coverage: 0.0000
  Batch 800/5242, Loss: 4.6750, NLL: 4.6750, Coverage: 0.0000
  Batch 810/5242, Loss: 4.5934, NLL: 4.5934, Coverage: 0.0000
  Batch 820/5242, Loss: 4.7473, NLL: 4.7473, Coverage: 0.0000
  Batch 830/5242, Loss: 4.7455, NLL: 4.7455, Coverage: 0.0000
  Batch 840/5242, Loss: 4.4370, NLL: 4.4370, Coverage: 0.0000
  Batch 850/5242, Loss: 4.7888, NLL: 4.7888, Coverage: 0.0000
  Batch 860/5242, Loss: 4.3082, NLL: 4.3082, Coverage: 0.0000
  Batch 870/5242, Loss: 4.1184, NLL: 4.1184, Coverage: 0.0000
  Batch 880/5242, Loss: 4.8310, NLL: 4.8310, Coverage: 0.0000
  Batch 890/5242, Loss: 4.1043, NLL: 4.1043, Coverage: 0.0000
  Batch 900/5242, Loss: 4.6239, NLL: 4.6239, Coverage: 0.0000
  Batch 910/5242, Loss: 4.3713, NLL: 4.3713, Coverage: 0.0000
  Batch 920/5242, Loss: 4.2772, NLL: 4.2772, Coverage: 0.0000
  Batch 930/5242, Loss: 4.6220, NLL: 4.6220, Coverage: 0.0000
  Batch 940/5242, Loss: 4.8754, NLL: 4.8754, Coverage: 0.0000
  Batch 950/5242, Loss: 4.8176, NLL: 4.8176, Coverage: 0.0000
  Batch 960/5242, Loss: 4.1347, NLL: 4.1347, Coverage: 0.0000
  Batch 970/5242, Loss: 4.3117, NLL: 4.3117, Coverage: 0.0000
  Batch 980/5242, Loss: 4.6894, NLL: 4.6894, Coverage: 0.0000
  Batch 990/5242, Loss: 4.1612, NLL: 4.1612, Coverage: 0.0000
  Batch 1000/5242, Loss: 5.0482, NLL: 5.0482, Coverage: 0.0000
  Batch 1010/5242, Loss: 4.5616, NLL: 4.5616, Coverage: 0.0000
  Batch 1020/5242, Loss: 4.4150, NLL: 4.4150, Coverage: 0.0000
  Batch 1030/5242, Loss: 4.7438, NLL: 4.7438, Coverage: 0.0000
  Batch 1040/5242, Loss: 4.4132, NLL: 4.4132, Coverage: 0.0000
  Batch 1050/5242, Loss: 4.5728, NLL: 4.5728, Coverage: 0.0000
  Batch 1060/5242, Loss: 4.5869, NLL: 4.5869, Coverage: 0.0000
  Batch 1070/5242, Loss: 4.6593, NLL: 4.6593, Coverage: 0.0000
  Batch 1080/5242, Loss: 4.6512, NLL: 4.6512, Coverage: 0.0000
  Batch 1090/5242, Loss: 4.3906, NLL: 4.3906, Coverage: 0.0000
  Batch 1100/5242, Loss: 4.5384, NLL: 4.5384, Coverage: 0.0000
  Batch 1110/5242, Loss: 4.7507, NLL: 4.7507, Coverage: 0.0000
  Batch 1120/5242, Loss: 4.8732, NLL: 4.8732, Coverage: 0.0000
  Batch 1130/5242, Loss: 4.3286, NLL: 4.3286, Coverage: 0.0000
  Batch 1140/5242, Loss: 4.4320, NLL: 4.4320, Coverage: 0.0000
  Batch 1150/5242, Loss: 4.7711, NLL: 4.7711, Coverage: 0.0000
  Batch 1160/5242, Loss: 4.4126, NLL: 4.4126, Coverage: 0.0000
  Batch 1170/5242, Loss: 4.4489, NLL: 4.4489, Coverage: 0.0000
  Batch 1180/5242, Loss: 5.0237, NLL: 5.0237, Coverage: 0.0000
  Batch 1190/5242, Loss: 4.5922, NLL: 4.5922, Coverage: 0.0000
  Batch 1200/5242, Loss: 4.0735, NLL: 4.0735, Coverage: 0.0000
  Batch 1210/5242, Loss: 4.0368, NLL: 4.0368, Coverage: 0.0000
  Batch 1220/5242, Loss: 4.2616, NLL: 4.2616, Coverage: 0.0000
  Batch 1230/5242, Loss: 4.7537, NLL: 4.7537, Coverage: 0.0000
  Batch 1240/5242, Loss: 4.3520, NLL: 4.3520, Coverage: 0.0000
  Batch 1250/5242, Loss: 4.7031, NLL: 4.7031, Coverage: 0.0000
  Batch 1260/5242, Loss: 4.4859, NLL: 4.4859, Coverage: 0.0000
  Batch 1270/5242, Loss: 4.6457, NLL: 4.6457, Coverage: 0.0000
  Batch 1280/5242, Loss: 4.5638, NLL: 4.5638, Coverage: 0.0000
  Batch 1290/5242, Loss: 4.5119, NLL: 4.5119, Coverage: 0.0000
  Batch 1300/5242, Loss: 4.1656, NLL: 4.1656, Coverage: 0.0000
  Batch 1310/5242, Loss: 4.1210, NLL: 4.1210, Coverage: 0.0000
  Batch 1320/5242, Loss: 4.5644, NLL: 4.5644, Coverage: 0.0000
  Batch 1330/5242, Loss: 4.2561, NLL: 4.2561, Coverage: 0.0000
  Batch 1340/5242, Loss: 4.3760, NLL: 4.3760, Coverage: 0.0000
  Batch 1350/5242, Loss: 4.3432, NLL: 4.3432, Coverage: 0.0000
  Batch 1360/5242, Loss: 4.3666, NLL: 4.3666, Coverage: 0.0000
  Batch 1370/5242, Loss: 4.1502, NLL: 4.1502, Coverage: 0.0000
  Batch 1380/5242, Loss: 4.4423, NLL: 4.4423, Coverage: 0.0000
  Batch 1390/5242, Loss: 4.3567, NLL: 4.3567, Coverage: 0.0000
  Batch 1400/5242, Loss: 4.7046, NLL: 4.7046, Coverage: 0.0000
  Batch 1410/5242, Loss: 4.1998, NLL: 4.1998, Coverage: 0.0000
  Batch 1420/5242, Loss: 4.4261, NLL: 4.4261, Coverage: 0.0000
  Batch 1430/5242, Loss: 4.2220, NLL: 4.2220, Coverage: 0.0000
  Batch 1440/5242, Loss: 4.9731, NLL: 4.9731, Coverage: 0.0000
  Batch 1450/5242, Loss: 4.6220, NLL: 4.6220, Coverage: 0.0000
  Batch 1460/5242, Loss: 4.1341, NLL: 4.1341, Coverage: 0.0000
  Batch 1470/5242, Loss: 4.6653, NLL: 4.6653, Coverage: 0.0000
  Batch 1480/5242, Loss: 4.2192, NLL: 4.2192, Coverage: 0.0000
  Batch 1490/5242, Loss: 4.6452, NLL: 4.6452, Coverage: 0.0000
  Batch 1500/5242, Loss: 4.2379, NLL: 4.2379, Coverage: 0.0000
  Batch 1510/5242, Loss: 4.7390, NLL: 4.7390, Coverage: 0.0000
  Batch 1520/5242, Loss: 4.4563, NLL: 4.4563, Coverage: 0.0000
  Batch 1530/5242, Loss: 4.5906, NLL: 4.5906, Coverage: 0.0000
  Batch 1540/5242, Loss: 4.5150, NLL: 4.5150, Coverage: 0.0000
  Batch 1550/5242, Loss: 4.7120, NLL: 4.7120, Coverage: 0.0000
  Batch 1560/5242, Loss: 4.5893, NLL: 4.5893, Coverage: 0.0000
  Batch 1570/5242, Loss: 4.2598, NLL: 4.2598, Coverage: 0.0000
  Batch 1580/5242, Loss: 4.2942, NLL: 4.2942, Coverage: 0.0000
  Batch 1590/5242, Loss: 4.3223, NLL: 4.3223, Coverage: 0.0000
  Batch 1600/5242, Loss: 4.5564, NLL: 4.5564, Coverage: 0.0000
  Batch 1610/5242, Loss: 4.1464, NLL: 4.1464, Coverage: 0.0000
  Batch 1620/5242, Loss: 4.6842, NLL: 4.6842, Coverage: 0.0000
  Batch 1630/5242, Loss: 4.0908, NLL: 4.0908, Coverage: 0.0000
  Batch 1640/5242, Loss: 4.8776, NLL: 4.8776, Coverage: 0.0000
  Batch 1650/5242, Loss: 5.0551, NLL: 5.0551, Coverage: 0.0000
  Batch 1660/5242, Loss: 4.7734, NLL: 4.7734, Coverage: 0.0000
  Batch 1670/5242, Loss: 4.3958, NLL: 4.3958, Coverage: 0.0000
  Batch 1680/5242, Loss: 4.3747, NLL: 4.3747, Coverage: 0.0000
  Batch 1690/5242, Loss: 4.4839, NLL: 4.4839, Coverage: 0.0000
  Batch 1700/5242, Loss: 4.5658, NLL: 4.5658, Coverage: 0.0000
  Batch 1710/5242, Loss: 4.0797, NLL: 4.0797, Coverage: 0.0000
  Batch 1720/5242, Loss: 4.6718, NLL: 4.6718, Coverage: 0.0000
  Batch 1730/5242, Loss: 4.2911, NLL: 4.2911, Coverage: 0.0000
  Batch 1740/5242, Loss: 4.5992, NLL: 4.5992, Coverage: 0.0000
  Batch 1750/5242, Loss: 4.4700, NLL: 4.4700, Coverage: 0.0000
  Batch 1760/5242, Loss: 4.7614, NLL: 4.7614, Coverage: 0.0000
  Batch 1770/5242, Loss: 4.4378, NLL: 4.4378, Coverage: 0.0000
  Batch 1780/5242, Loss: 4.9934, NLL: 4.9934, Coverage: 0.0000
  Batch 1790/5242, Loss: 4.6668, NLL: 4.6668, Coverage: 0.0000
  Batch 1800/5242, Loss: 4.5553, NLL: 4.5553, Coverage: 0.0000
  Batch 1810/5242, Loss: 4.5870, NLL: 4.5870, Coverage: 0.0000
  Batch 1820/5242, Loss: 4.9406, NLL: 4.9406, Coverage: 0.0000
  Batch 1830/5242, Loss: 4.1061, NLL: 4.1061, Coverage: 0.0000
  Batch 1840/5242, Loss: 4.0711, NLL: 4.0711, Coverage: 0.0000
  Batch 1850/5242, Loss: 4.3893, NLL: 4.3893, Coverage: 0.0000
  Batch 1860/5242, Loss: 4.7067, NLL: 4.7067, Coverage: 0.0000
  Batch 1870/5242, Loss: 4.2627, NLL: 4.2627, Coverage: 0.0000
  Batch 1880/5242, Loss: 4.4569, NLL: 4.4569, Coverage: 0.0000
  Batch 1890/5242, Loss: 4.2074, NLL: 4.2074, Coverage: 0.0000
  Batch 1900/5242, Loss: 4.8200, NLL: 4.8200, Coverage: 0.0000
  Batch 1910/5242, Loss: 4.3902, NLL: 4.3902, Coverage: 0.0000
  Batch 1920/5242, Loss: 4.6986, NLL: 4.6986, Coverage: 0.0000
  Batch 1930/5242, Loss: 4.2036, NLL: 4.2036, Coverage: 0.0000
  Batch 1940/5242, Loss: 4.3780, NLL: 4.3780, Coverage: 0.0000
  Batch 1950/5242, Loss: 4.9377, NLL: 4.9377, Coverage: 0.0000
  Batch 1960/5242, Loss: 4.6581, NLL: 4.6581, Coverage: 0.0000
  Batch 1970/5242, Loss: 4.4242, NLL: 4.4242, Coverage: 0.0000
  Batch 1980/5242, Loss: 4.9380, NLL: 4.9380, Coverage: 0.0000
  Batch 1990/5242, Loss: 4.3669, NLL: 4.3669, Coverage: 0.0000
  Batch 2000/5242, Loss: 5.0495, NLL: 5.0495, Coverage: 0.0000
  Batch 2010/5242, Loss: 4.4524, NLL: 4.4524, Coverage: 0.0000
  Batch 2020/5242, Loss: 4.3789, NLL: 4.3789, Coverage: 0.0000
  Batch 2030/5242, Loss: 4.3649, NLL: 4.3649, Coverage: 0.0000
  Batch 2040/5242, Loss: 4.7272, NLL: 4.7272, Coverage: 0.0000
  Batch 2050/5242, Loss: 4.6463, NLL: 4.6463, Coverage: 0.0000
  Batch 2060/5242, Loss: 4.3438, NLL: 4.3438, Coverage: 0.0000
  Batch 2070/5242, Loss: 4.6399, NLL: 4.6399, Coverage: 0.0000
  Batch 2080/5242, Loss: 4.6229, NLL: 4.6229, Coverage: 0.0000
  Batch 2090/5242, Loss: 4.9185, NLL: 4.9185, Coverage: 0.0000
  Batch 2100/5242, Loss: 4.5851, NLL: 4.5851, Coverage: 0.0000
  Batch 2110/5242, Loss: 4.4739, NLL: 4.4739, Coverage: 0.0000
  Batch 2120/5242, Loss: 4.4567, NLL: 4.4567, Coverage: 0.0000
  Batch 2130/5242, Loss: 4.6855, NLL: 4.6855, Coverage: 0.0000
  Batch 2140/5242, Loss: 4.7236, NLL: 4.7236, Coverage: 0.0000
  Batch 2150/5242, Loss: 5.0353, NLL: 5.0353, Coverage: 0.0000
  Batch 2160/5242, Loss: 4.3541, NLL: 4.3541, Coverage: 0.0000
  Batch 2170/5242, Loss: 4.5893, NLL: 4.5893, Coverage: 0.0000
  Batch 2180/5242, Loss: 4.4626, NLL: 4.4626, Coverage: 0.0000
  Batch 2190/5242, Loss: 4.3779, NLL: 4.3779, Coverage: 0.0000
  Batch 2200/5242, Loss: 4.3692, NLL: 4.3692, Coverage: 0.0000
  Batch 2210/5242, Loss: 4.2223, NLL: 4.2223, Coverage: 0.0000
  Batch 2220/5242, Loss: 4.3916, NLL: 4.3916, Coverage: 0.0000
  Batch 2230/5242, Loss: 4.4095, NLL: 4.4095, Coverage: 0.0000
  Batch 2240/5242, Loss: 3.9569, NLL: 3.9569, Coverage: 0.0000
  Batch 2250/5242, Loss: 4.7572, NLL: 4.7572, Coverage: 0.0000
  Batch 2260/5242, Loss: 4.6504, NLL: 4.6504, Coverage: 0.0000
  Batch 2270/5242, Loss: 4.6642, NLL: 4.6642, Coverage: 0.0000
  Batch 2280/5242, Loss: 4.4277, NLL: 4.4277, Coverage: 0.0000
  Batch 2290/5242, Loss: 4.3282, NLL: 4.3282, Coverage: 0.0000
  Batch 2300/5242, Loss: 4.3388, NLL: 4.3388, Coverage: 0.0000
  Batch 2310/5242, Loss: 4.2597, NLL: 4.2597, Coverage: 0.0000
  Batch 2320/5242, Loss: 4.0971, NLL: 4.0971, Coverage: 0.0000
  Batch 2330/5242, Loss: 4.6172, NLL: 4.6172, Coverage: 0.0000
  Batch 2340/5242, Loss: 4.7367, NLL: 4.7367, Coverage: 0.0000
  Batch 2350/5242, Loss: 4.0912, NLL: 4.0912, Coverage: 0.0000
  Batch 2360/5242, Loss: 4.3478, NLL: 4.3478, Coverage: 0.0000
  Batch 2370/5242, Loss: 4.3854, NLL: 4.3854, Coverage: 0.0000
  Batch 2380/5242, Loss: 4.5108, NLL: 4.5108, Coverage: 0.0000
  Batch 2390/5242, Loss: 5.1010, NLL: 5.1010, Coverage: 0.0000
  Batch 2400/5242, Loss: 4.4617, NLL: 4.4617, Coverage: 0.0000
  Batch 2410/5242, Loss: 4.4980, NLL: 4.4980, Coverage: 0.0000
  Batch 2420/5242, Loss: 4.0960, NLL: 4.0960, Coverage: 0.0000
  Batch 2430/5242, Loss: 4.1464, NLL: 4.1464, Coverage: 0.0000
  Batch 2440/5242, Loss: 4.4940, NLL: 4.4940, Coverage: 0.0000
  Batch 2450/5242, Loss: 4.8613, NLL: 4.8613, Coverage: 0.0000
  Batch 2460/5242, Loss: 4.3725, NLL: 4.3725, Coverage: 0.0000
  Batch 2470/5242, Loss: 4.2480, NLL: 4.2480, Coverage: 0.0000
  Batch 2480/5242, Loss: 4.8147, NLL: 4.8147, Coverage: 0.0000
  Batch 2490/5242, Loss: 4.7798, NLL: 4.7798, Coverage: 0.0000
  Batch 2500/5242, Loss: 4.2991, NLL: 4.2991, Coverage: 0.0000
  Batch 2510/5242, Loss: 4.3528, NLL: 4.3528, Coverage: 0.0000
  Batch 2520/5242, Loss: 4.4652, NLL: 4.4652, Coverage: 0.0000
  Batch 2530/5242, Loss: 4.9931, NLL: 4.9931, Coverage: 0.0000
  Batch 2540/5242, Loss: 4.1627, NLL: 4.1627, Coverage: 0.0000
  Batch 2550/5242, Loss: 4.3024, NLL: 4.3024, Coverage: 0.0000
  Batch 2560/5242, Loss: 5.0661, NLL: 5.0661, Coverage: 0.0000
  Batch 2570/5242, Loss: 4.1714, NLL: 4.1714, Coverage: 0.0000
  Batch 2580/5242, Loss: 4.8570, NLL: 4.8570, Coverage: 0.0000
  Batch 2590/5242, Loss: 4.2733, NLL: 4.2733, Coverage: 0.0000
  Batch 2600/5242, Loss: 4.5818, NLL: 4.5818, Coverage: 0.0000
  Batch 2610/5242, Loss: 5.0121, NLL: 5.0121, Coverage: 0.0000
  Batch 2620/5242, Loss: 4.2376, NLL: 4.2376, Coverage: 0.0000
  Batch 2630/5242, Loss: 4.4863, NLL: 4.4863, Coverage: 0.0000
  Batch 2640/5242, Loss: 4.5008, NLL: 4.5008, Coverage: 0.0000
  Batch 2650/5242, Loss: 4.0357, NLL: 4.0357, Coverage: 0.0000
  Batch 2660/5242, Loss: 4.6991, NLL: 4.6991, Coverage: 0.0000
  Batch 2670/5242, Loss: 4.8292, NLL: 4.8292, Coverage: 0.0000
  Batch 2680/5242, Loss: 4.7242, NLL: 4.7242, Coverage: 0.0000
  Batch 2690/5242, Loss: 4.5885, NLL: 4.5885, Coverage: 0.0000
  Batch 2700/5242, Loss: 4.8163, NLL: 4.8163, Coverage: 0.0000
  Batch 2710/5242, Loss: 4.7018, NLL: 4.7018, Coverage: 0.0000
  Batch 2720/5242, Loss: 4.6476, NLL: 4.6476, Coverage: 0.0000
  Batch 2730/5242, Loss: 4.2200, NLL: 4.2200, Coverage: 0.0000
  Batch 2740/5242, Loss: 4.2607, NLL: 4.2607, Coverage: 0.0000
  Batch 2750/5242, Loss: 4.3561, NLL: 4.3561, Coverage: 0.0000
  Batch 2760/5242, Loss: 4.4537, NLL: 4.4537, Coverage: 0.0000
  Batch 2770/5242, Loss: 4.6459, NLL: 4.6459, Coverage: 0.0000
  Batch 2780/5242, Loss: 4.7995, NLL: 4.7995, Coverage: 0.0000
  Batch 2790/5242, Loss: 4.8164, NLL: 4.8164, Coverage: 0.0000
  Batch 2800/5242, Loss: 4.4031, NLL: 4.4031, Coverage: 0.0000
  Batch 2810/5242, Loss: 4.6811, NLL: 4.6811, Coverage: 0.0000
  Batch 2820/5242, Loss: 4.7997, NLL: 4.7997, Coverage: 0.0000
  Batch 2830/5242, Loss: 4.6972, NLL: 4.6972, Coverage: 0.0000
  Batch 2840/5242, Loss: 4.6244, NLL: 4.6244, Coverage: 0.0000
  Batch 2850/5242, Loss: 4.8332, NLL: 4.8332, Coverage: 0.0000
  Batch 2860/5242, Loss: 4.4197, NLL: 4.4197, Coverage: 0.0000
  Batch 2870/5242, Loss: 4.6386, NLL: 4.6386, Coverage: 0.0000
  Batch 2880/5242, Loss: 4.3695, NLL: 4.3695, Coverage: 0.0000
  Batch 2890/5242, Loss: 4.5814, NLL: 4.5814, Coverage: 0.0000
  Batch 2900/5242, Loss: 4.4141, NLL: 4.4141, Coverage: 0.0000
  Batch 2910/5242, Loss: 4.3747, NLL: 4.3747, Coverage: 0.0000
  Batch 2920/5242, Loss: 4.7731, NLL: 4.7731, Coverage: 0.0000
  Batch 2930/5242, Loss: 4.6341, NLL: 4.6341, Coverage: 0.0000
  Batch 2940/5242, Loss: 4.5803, NLL: 4.5803, Coverage: 0.0000
  Batch 2950/5242, Loss: 4.5073, NLL: 4.5073, Coverage: 0.0000
  Batch 2960/5242, Loss: 4.3321, NLL: 4.3321, Coverage: 0.0000
  Batch 2970/5242, Loss: 4.9425, NLL: 4.9425, Coverage: 0.0000
  Batch 2980/5242, Loss: 4.6278, NLL: 4.6278, Coverage: 0.0000
  Batch 2990/5242, Loss: 4.4224, NLL: 4.4224, Coverage: 0.0000
  Batch 3000/5242, Loss: 4.6804, NLL: 4.6804, Coverage: 0.0000
  Batch 3010/5242, Loss: 4.7495, NLL: 4.7495, Coverage: 0.0000
  Batch 3020/5242, Loss: 4.1397, NLL: 4.1397, Coverage: 0.0000
  Batch 3030/5242, Loss: 4.2916, NLL: 4.2916, Coverage: 0.0000
  Batch 3040/5242, Loss: 4.6930, NLL: 4.6930, Coverage: 0.0000
  Batch 3050/5242, Loss: 4.7335, NLL: 4.7335, Coverage: 0.0000
  Batch 3060/5242, Loss: 4.6880, NLL: 4.6880, Coverage: 0.0000
  Batch 3070/5242, Loss: 4.4971, NLL: 4.4971, Coverage: 0.0000
  Batch 3080/5242, Loss: 4.2354, NLL: 4.2354, Coverage: 0.0000
  Batch 3090/5242, Loss: 4.7005, NLL: 4.7005, Coverage: 0.0000
  Batch 3100/5242, Loss: 4.9449, NLL: 4.9449, Coverage: 0.0000
  Batch 3110/5242, Loss: 4.5505, NLL: 4.5505, Coverage: 0.0000
  Batch 3120/5242, Loss: 4.7654, NLL: 4.7654, Coverage: 0.0000
  Batch 3130/5242, Loss: 4.3097, NLL: 4.3097, Coverage: 0.0000
  Batch 3140/5242, Loss: 4.1643, NLL: 4.1643, Coverage: 0.0000
  Batch 3150/5242, Loss: 4.9062, NLL: 4.9062, Coverage: 0.0000
  Batch 3160/5242, Loss: 4.7194, NLL: 4.7194, Coverage: 0.0000
  Batch 3170/5242, Loss: 4.7423, NLL: 4.7423, Coverage: 0.0000
  Batch 3180/5242, Loss: 4.1654, NLL: 4.1654, Coverage: 0.0000
  Batch 3190/5242, Loss: 4.0642, NLL: 4.0642, Coverage: 0.0000
  Batch 3200/5242, Loss: 4.7426, NLL: 4.7426, Coverage: 0.0000
  Batch 3210/5242, Loss: 4.5233, NLL: 4.5233, Coverage: 0.0000
  Batch 3220/5242, Loss: 4.3948, NLL: 4.3948, Coverage: 0.0000
  Batch 3230/5242, Loss: 4.5282, NLL: 4.5282, Coverage: 0.0000
  Batch 3240/5242, Loss: 4.2864, NLL: 4.2864, Coverage: 0.0000
  Batch 3250/5242, Loss: 4.5524, NLL: 4.5524, Coverage: 0.0000
  Batch 3260/5242, Loss: 4.9488, NLL: 4.9488, Coverage: 0.0000
  Batch 3270/5242, Loss: 4.8494, NLL: 4.8494, Coverage: 0.0000
  Batch 3280/5242, Loss: 4.8413, NLL: 4.8413, Coverage: 0.0000
  Batch 3290/5242, Loss: 4.2105, NLL: 4.2105, Coverage: 0.0000
  Batch 3300/5242, Loss: 4.4843, NLL: 4.4843, Coverage: 0.0000
  Batch 3310/5242, Loss: 4.7311, NLL: 4.7311, Coverage: 0.0000
  Batch 3320/5242, Loss: 4.5053, NLL: 4.5053, Coverage: 0.0000
  Batch 3330/5242, Loss: 4.1541, NLL: 4.1541, Coverage: 0.0000
  Batch 3340/5242, Loss: 4.8791, NLL: 4.8791, Coverage: 0.0000
  Batch 3350/5242, Loss: 4.5027, NLL: 4.5027, Coverage: 0.0000
  Batch 3360/5242, Loss: 4.6513, NLL: 4.6513, Coverage: 0.0000
  Batch 3370/5242, Loss: 4.5254, NLL: 4.5254, Coverage: 0.0000
  Batch 3380/5242, Loss: 4.3450, NLL: 4.3450, Coverage: 0.0000
  Batch 3390/5242, Loss: 4.8325, NLL: 4.8325, Coverage: 0.0000
  Batch 3400/5242, Loss: 4.6361, NLL: 4.6361, Coverage: 0.0000
  Batch 3410/5242, Loss: 4.4141, NLL: 4.4141, Coverage: 0.0000
  Batch 3420/5242, Loss: 4.6638, NLL: 4.6638, Coverage: 0.0000
  Batch 3430/5242, Loss: 5.1052, NLL: 5.1052, Coverage: 0.0000
  Batch 3440/5242, Loss: 4.7060, NLL: 4.7060, Coverage: 0.0000
  Batch 3450/5242, Loss: 4.5457, NLL: 4.5457, Coverage: 0.0000
  Batch 3460/5242, Loss: 4.3118, NLL: 4.3118, Coverage: 0.0000
  Batch 3470/5242, Loss: 4.0892, NLL: 4.0892, Coverage: 0.0000
  Batch 3480/5242, Loss: 3.7926, NLL: 3.7926, Coverage: 0.0000
  Batch 3490/5242, Loss: 4.5666, NLL: 4.5666, Coverage: 0.0000
  Batch 3500/5242, Loss: 4.0836, NLL: 4.0836, Coverage: 0.0000
  Batch 3510/5242, Loss: 4.5714, NLL: 4.5714, Coverage: 0.0000
  Batch 3520/5242, Loss: 4.1573, NLL: 4.1573, Coverage: 0.0000
  Batch 3530/5242, Loss: 4.6240, NLL: 4.6240, Coverage: 0.0000
  Batch 3540/5242, Loss: 4.4392, NLL: 4.4392, Coverage: 0.0000
  Batch 3550/5242, Loss: 3.8818, NLL: 3.8818, Coverage: 0.0000
  Batch 3560/5242, Loss: 4.5521, NLL: 4.5521, Coverage: 0.0000
  Batch 3570/5242, Loss: 4.7123, NLL: 4.7123, Coverage: 0.0000
  Batch 3580/5242, Loss: 4.4065, NLL: 4.4065, Coverage: 0.0000
  Batch 3590/5242, Loss: 4.8410, NLL: 4.8410, Coverage: 0.0000
  Batch 3600/5242, Loss: 4.5097, NLL: 4.5097, Coverage: 0.0000
  Batch 3610/5242, Loss: 4.5894, NLL: 4.5894, Coverage: 0.0000
  Batch 3620/5242, Loss: 4.1404, NLL: 4.1404, Coverage: 0.0000
  Batch 3630/5242, Loss: 4.5935, NLL: 4.5935, Coverage: 0.0000
  Batch 3640/5242, Loss: 4.4202, NLL: 4.4202, Coverage: 0.0000
  Batch 3650/5242, Loss: 4.7319, NLL: 4.7319, Coverage: 0.0000
  Batch 3660/5242, Loss: 4.6443, NLL: 4.6443, Coverage: 0.0000
  Batch 3670/5242, Loss: 4.5363, NLL: 4.5363, Coverage: 0.0000
  Batch 3680/5242, Loss: 4.3258, NLL: 4.3258, Coverage: 0.0000
  Batch 3690/5242, Loss: 4.7030, NLL: 4.7030, Coverage: 0.0000
  Batch 3700/5242, Loss: 4.7134, NLL: 4.7134, Coverage: 0.0000
  Batch 3710/5242, Loss: 3.9936, NLL: 3.9936, Coverage: 0.0000
  Batch 3720/5242, Loss: 4.6769, NLL: 4.6769, Coverage: 0.0000
  Batch 3730/5242, Loss: 4.6954, NLL: 4.6954, Coverage: 0.0000
  Batch 3740/5242, Loss: 4.6338, NLL: 4.6338, Coverage: 0.0000
  Batch 3750/5242, Loss: 4.7604, NLL: 4.7604, Coverage: 0.0000
  Batch 3760/5242, Loss: 4.4217, NLL: 4.4217, Coverage: 0.0000
  Batch 3770/5242, Loss: 4.8333, NLL: 4.8333, Coverage: 0.0000
  Batch 3780/5242, Loss: 4.1764, NLL: 4.1764, Coverage: 0.0000
  Batch 3790/5242, Loss: 4.6601, NLL: 4.6601, Coverage: 0.0000
  Batch 3800/5242, Loss: 4.7894, NLL: 4.7894, Coverage: 0.0000
  Batch 3810/5242, Loss: 4.0963, NLL: 4.0963, Coverage: 0.0000
  Batch 3820/5242, Loss: 4.6378, NLL: 4.6378, Coverage: 0.0000
  Batch 3830/5242, Loss: 4.6950, NLL: 4.6950, Coverage: 0.0000
  Batch 3840/5242, Loss: 4.6551, NLL: 4.6551, Coverage: 0.0000
  Batch 3850/5242, Loss: 4.3034, NLL: 4.3034, Coverage: 0.0000
  Batch 3860/5242, Loss: 4.4129, NLL: 4.4129, Coverage: 0.0000
  Batch 3870/5242, Loss: 4.4404, NLL: 4.4404, Coverage: 0.0000
  Batch 3880/5242, Loss: 4.1151, NLL: 4.1151, Coverage: 0.0000
  Batch 3890/5242, Loss: 4.5527, NLL: 4.5527, Coverage: 0.0000
  Batch 3900/5242, Loss: 4.8851, NLL: 4.8851, Coverage: 0.0000
  Batch 3910/5242, Loss: 4.6558, NLL: 4.6558, Coverage: 0.0000
  Batch 3920/5242, Loss: 4.2826, NLL: 4.2826, Coverage: 0.0000
  Batch 3930/5242, Loss: 4.2717, NLL: 4.2717, Coverage: 0.0000
  Batch 3940/5242, Loss: 4.6497, NLL: 4.6497, Coverage: 0.0000
  Batch 3950/5242, Loss: 4.4899, NLL: 4.4899, Coverage: 0.0000
  Batch 3960/5242, Loss: 4.5474, NLL: 4.5474, Coverage: 0.0000
  Batch 3970/5242, Loss: 4.3984, NLL: 4.3984, Coverage: 0.0000
  Batch 3980/5242, Loss: 4.6728, NLL: 4.6728, Coverage: 0.0000
  Batch 3990/5242, Loss: 4.3371, NLL: 4.3371, Coverage: 0.0000
  Batch 4000/5242, Loss: 4.6460, NLL: 4.6460, Coverage: 0.0000
  Batch 4010/5242, Loss: 4.4531, NLL: 4.4531, Coverage: 0.0000
  Batch 4020/5242, Loss: 4.3542, NLL: 4.3542, Coverage: 0.0000
  Batch 4030/5242, Loss: 4.3131, NLL: 4.3131, Coverage: 0.0000
  Batch 4040/5242, Loss: 4.7780, NLL: 4.7780, Coverage: 0.0000
  Batch 4050/5242, Loss: 4.3324, NLL: 4.3324, Coverage: 0.0000
  Batch 4060/5242, Loss: 4.5471, NLL: 4.5471, Coverage: 0.0000
  Batch 4070/5242, Loss: 4.4832, NLL: 4.4832, Coverage: 0.0000
  Batch 4080/5242, Loss: 4.3671, NLL: 4.3671, Coverage: 0.0000
  Batch 4090/5242, Loss: 4.5388, NLL: 4.5388, Coverage: 0.0000
  Batch 4100/5242, Loss: 4.6399, NLL: 4.6399, Coverage: 0.0000
  Batch 4110/5242, Loss: 4.2429, NLL: 4.2429, Coverage: 0.0000
  Batch 4120/5242, Loss: 4.4692, NLL: 4.4692, Coverage: 0.0000
  Batch 4130/5242, Loss: 4.7763, NLL: 4.7763, Coverage: 0.0000
  Batch 4140/5242, Loss: 4.3395, NLL: 4.3395, Coverage: 0.0000
  Batch 4150/5242, Loss: 4.9246, NLL: 4.9246, Coverage: 0.0000
  Batch 4160/5242, Loss: 4.5308, NLL: 4.5308, Coverage: 0.0000
  Batch 4170/5242, Loss: 4.7321, NLL: 4.7321, Coverage: 0.0000
  Batch 4180/5242, Loss: 4.4140, NLL: 4.4140, Coverage: 0.0000
  Batch 4190/5242, Loss: 4.1512, NLL: 4.1512, Coverage: 0.0000
  Batch 4200/5242, Loss: 4.6412, NLL: 4.6412, Coverage: 0.0000
  Batch 4210/5242, Loss: 4.5762, NLL: 4.5762, Coverage: 0.0000
  Batch 4220/5242, Loss: 4.2693, NLL: 4.2693, Coverage: 0.0000
  Batch 4230/5242, Loss: 4.1344, NLL: 4.1344, Coverage: 0.0000
  Batch 4240/5242, Loss: 4.4218, NLL: 4.4218, Coverage: 0.0000
  Batch 4250/5242, Loss: 4.5114, NLL: 4.5114, Coverage: 0.0000
  Batch 4260/5242, Loss: 4.8778, NLL: 4.8778, Coverage: 0.0000
  Batch 4270/5242, Loss: 4.5887, NLL: 4.5887, Coverage: 0.0000
  Batch 4280/5242, Loss: 4.2754, NLL: 4.2754, Coverage: 0.0000
  Batch 4290/5242, Loss: 4.4958, NLL: 4.4958, Coverage: 0.0000
  Batch 4300/5242, Loss: 4.4198, NLL: 4.4198, Coverage: 0.0000
  Batch 4310/5242, Loss: 4.3719, NLL: 4.3719, Coverage: 0.0000
  Batch 4320/5242, Loss: 4.2748, NLL: 4.2748, Coverage: 0.0000
  Batch 4330/5242, Loss: 4.4547, NLL: 4.4547, Coverage: 0.0000
  Batch 4340/5242, Loss: 4.5747, NLL: 4.5747, Coverage: 0.0000
  Batch 4350/5242, Loss: 4.7849, NLL: 4.7849, Coverage: 0.0000
  Batch 4360/5242, Loss: 4.8138, NLL: 4.8138, Coverage: 0.0000
  Batch 4370/5242, Loss: 4.5737, NLL: 4.5737, Coverage: 0.0000
  Batch 4380/5242, Loss: 4.7434, NLL: 4.7434, Coverage: 0.0000
  Batch 4390/5242, Loss: 4.5577, NLL: 4.5577, Coverage: 0.0000
  Batch 4400/5242, Loss: 4.6842, NLL: 4.6842, Coverage: 0.0000
  Batch 4410/5242, Loss: 4.5708, NLL: 4.5708, Coverage: 0.0000
  Batch 4420/5242, Loss: 4.4127, NLL: 4.4127, Coverage: 0.0000
  Batch 4430/5242, Loss: 5.0132, NLL: 5.0132, Coverage: 0.0000
  Batch 4440/5242, Loss: 4.0662, NLL: 4.0662, Coverage: 0.0000
  Batch 4450/5242, Loss: 4.1878, NLL: 4.1878, Coverage: 0.0000
  Batch 4460/5242, Loss: 4.4519, NLL: 4.4519, Coverage: 0.0000
  Batch 4470/5242, Loss: 4.1466, NLL: 4.1466, Coverage: 0.0000
  Batch 4480/5242, Loss: 4.3476, NLL: 4.3476, Coverage: 0.0000
  Batch 4490/5242, Loss: 4.4961, NLL: 4.4961, Coverage: 0.0000
  Batch 4500/5242, Loss: 4.6903, NLL: 4.6903, Coverage: 0.0000
  Batch 4510/5242, Loss: 4.2104, NLL: 4.2104, Coverage: 0.0000
  Batch 4520/5242, Loss: 4.5980, NLL: 4.5980, Coverage: 0.0000
  Batch 4530/5242, Loss: 4.3993, NLL: 4.3993, Coverage: 0.0000
  Batch 4540/5242, Loss: 4.3912, NLL: 4.3912, Coverage: 0.0000
  Batch 4550/5242, Loss: 4.4229, NLL: 4.4229, Coverage: 0.0000
  Batch 4560/5242, Loss: 4.5681, NLL: 4.5681, Coverage: 0.0000
  Batch 4570/5242, Loss: 4.3659, NLL: 4.3659, Coverage: 0.0000
  Batch 4580/5242, Loss: 4.4756, NLL: 4.4756, Coverage: 0.0000
  Batch 4590/5242, Loss: 4.7504, NLL: 4.7504, Coverage: 0.0000
  Batch 4600/5242, Loss: 4.5453, NLL: 4.5453, Coverage: 0.0000
  Batch 4610/5242, Loss: 4.1907, NLL: 4.1907, Coverage: 0.0000
  Batch 4620/5242, Loss: 4.6442, NLL: 4.6442, Coverage: 0.0000
  Batch 4630/5242, Loss: 4.2712, NLL: 4.2712, Coverage: 0.0000
  Batch 4640/5242, Loss: 4.3644, NLL: 4.3644, Coverage: 0.0000
  Batch 4650/5242, Loss: 3.9220, NLL: 3.9220, Coverage: 0.0000
  Batch 4660/5242, Loss: 4.5762, NLL: 4.5762, Coverage: 0.0000
  Batch 4670/5242, Loss: 4.7248, NLL: 4.7248, Coverage: 0.0000
  Batch 4680/5242, Loss: 4.1184, NLL: 4.1184, Coverage: 0.0000
  Batch 4690/5242, Loss: 4.5346, NLL: 4.5346, Coverage: 0.0000
  Batch 4700/5242, Loss: 4.4244, NLL: 4.4244, Coverage: 0.0000
  Batch 4710/5242, Loss: 4.1958, NLL: 4.1958, Coverage: 0.0000
  Batch 4720/5242, Loss: 4.1449, NLL: 4.1449, Coverage: 0.0000
  Batch 4730/5242, Loss: 4.3970, NLL: 4.3970, Coverage: 0.0000
  Batch 4740/5242, Loss: 4.7884, NLL: 4.7884, Coverage: 0.0000
  Batch 4750/5242, Loss: 4.6629, NLL: 4.6629, Coverage: 0.0000
  Batch 4760/5242, Loss: 4.2940, NLL: 4.2940, Coverage: 0.0000
  Batch 4770/5242, Loss: 4.4807, NLL: 4.4807, Coverage: 0.0000
  Batch 4780/5242, Loss: 4.3120, NLL: 4.3120, Coverage: 0.0000
  Batch 4790/5242, Loss: 4.1895, NLL: 4.1895, Coverage: 0.0000
  Batch 4800/5242, Loss: 4.5481, NLL: 4.5481, Coverage: 0.0000
  Batch 4810/5242, Loss: 4.3883, NLL: 4.3883, Coverage: 0.0000
  Batch 4820/5242, Loss: 4.2722, NLL: 4.2722, Coverage: 0.0000
  Batch 4830/5242, Loss: 4.5248, NLL: 4.5248, Coverage: 0.0000
  Batch 4840/5242, Loss: 4.4168, NLL: 4.4168, Coverage: 0.0000
  Batch 4850/5242, Loss: 4.1708, NLL: 4.1708, Coverage: 0.0000
  Batch 4860/5242, Loss: 4.2246, NLL: 4.2246, Coverage: 0.0000
  Batch 4870/5242, Loss: 4.3079, NLL: 4.3079, Coverage: 0.0000
  Batch 4880/5242, Loss: 4.4509, NLL: 4.4509, Coverage: 0.0000
  Batch 4890/5242, Loss: 4.4737, NLL: 4.4737, Coverage: 0.0000
  Batch 4900/5242, Loss: 4.4259, NLL: 4.4259, Coverage: 0.0000
  Batch 4910/5242, Loss: 4.4766, NLL: 4.4766, Coverage: 0.0000
  Batch 4920/5242, Loss: 4.5445, NLL: 4.5445, Coverage: 0.0000
  Batch 4930/5242, Loss: 4.6145, NLL: 4.6145, Coverage: 0.0000
  Batch 4940/5242, Loss: 4.5724, NLL: 4.5724, Coverage: 0.0000
  Batch 4950/5242, Loss: 4.1762, NLL: 4.1762, Coverage: 0.0000
  Batch 4960/5242, Loss: 4.8594, NLL: 4.8594, Coverage: 0.0000
  Batch 4970/5242, Loss: 4.5568, NLL: 4.5568, Coverage: 0.0000
  Batch 4980/5242, Loss: 4.9184, NLL: 4.9184, Coverage: 0.0000
  Batch 4990/5242, Loss: 4.5637, NLL: 4.5637, Coverage: 0.0000
  Batch 5000/5242, Loss: 4.5931, NLL: 4.5931, Coverage: 0.0000
  Batch 5010/5242, Loss: 4.5165, NLL: 4.5165, Coverage: 0.0000
  Batch 5020/5242, Loss: 4.8143, NLL: 4.8143, Coverage: 0.0000
  Batch 5030/5242, Loss: 4.3980, NLL: 4.3980, Coverage: 0.0000
  Batch 5040/5242, Loss: 4.5081, NLL: 4.5081, Coverage: 0.0000
  Batch 5050/5242, Loss: 4.3898, NLL: 4.3898, Coverage: 0.0000
  Batch 5060/5242, Loss: 4.3416, NLL: 4.3416, Coverage: 0.0000
  Batch 5070/5242, Loss: 4.8448, NLL: 4.8448, Coverage: 0.0000
  Batch 5080/5242, Loss: 4.8878, NLL: 4.8878, Coverage: 0.0000
  Batch 5090/5242, Loss: 4.6489, NLL: 4.6489, Coverage: 0.0000
  Batch 5100/5242, Loss: 4.4234, NLL: 4.4234, Coverage: 0.0000
  Batch 5110/5242, Loss: 4.6638, NLL: 4.6638, Coverage: 0.0000
  Batch 5120/5242, Loss: 4.2284, NLL: 4.2284, Coverage: 0.0000
  Batch 5130/5242, Loss: 4.0287, NLL: 4.0287, Coverage: 0.0000
  Batch 5140/5242, Loss: 4.5856, NLL: 4.5856, Coverage: 0.0000
  Batch 5150/5242, Loss: 4.9151, NLL: 4.9151, Coverage: 0.0000
  Batch 5160/5242, Loss: 4.5635, NLL: 4.5635, Coverage: 0.0000
  Batch 5170/5242, Loss: 4.5644, NLL: 4.5644, Coverage: 0.0000
  Batch 5180/5242, Loss: 4.3503, NLL: 4.3503, Coverage: 0.0000
  Batch 5190/5242, Loss: 5.2046, NLL: 5.2046, Coverage: 0.0000
  Batch 5200/5242, Loss: 4.5267, NLL: 4.5267, Coverage: 0.0000
  Batch 5210/5242, Loss: 4.7519, NLL: 4.7519, Coverage: 0.0000
  Batch 5220/5242, Loss: 4.6633, NLL: 4.6633, Coverage: 0.0000
  Batch 5230/5242, Loss: 4.8142, NLL: 4.8142, Coverage: 0.0000
  Batch 5240/5242, Loss: 4.2910, NLL: 4.2910, Coverage: 0.0000

  Train Loss: 4.4957 (NLL: 4.4957, Cov: 0.0000)
  Val Loss: 6.2645 (NLL: 6.2645, Cov: 0.0000)
  Time: 34m 15s

Epoch 5/20
----------------------------------------
  Batch 10/5242, Loss: 4.2682, NLL: 4.2682, Coverage: 0.0000
  Batch 20/5242, Loss: 3.9355, NLL: 3.9355, Coverage: 0.0000
  Batch 30/5242, Loss: 4.1036, NLL: 4.1036, Coverage: 0.0000
  Batch 40/5242, Loss: 4.3101, NLL: 4.3101, Coverage: 0.0000
  Batch 50/5242, Loss: 4.3155, NLL: 4.3155, Coverage: 0.0000
  Batch 60/5242, Loss: 4.1360, NLL: 4.1360, Coverage: 0.0000
  Batch 70/5242, Loss: 4.0903, NLL: 4.0903, Coverage: 0.0000
  Batch 80/5242, Loss: 3.7486, NLL: 3.7486, Coverage: 0.0000
  Batch 90/5242, Loss: 4.5214, NLL: 4.5214, Coverage: 0.0000
  Batch 100/5242, Loss: 4.4713, NLL: 4.4713, Coverage: 0.0000
  Batch 110/5242, Loss: 4.2594, NLL: 4.2594, Coverage: 0.0000
  Batch 120/5242, Loss: 4.3507, NLL: 4.3507, Coverage: 0.0000
  Batch 130/5242, Loss: 3.9418, NLL: 3.9418, Coverage: 0.0000
  Batch 140/5242, Loss: 4.0866, NLL: 4.0866, Coverage: 0.0000
  Batch 150/5242, Loss: 4.8470, NLL: 4.8470, Coverage: 0.0000
  Batch 160/5242, Loss: 4.5741, NLL: 4.5741, Coverage: 0.0000
  Batch 170/5242, Loss: 3.8101, NLL: 3.8101, Coverage: 0.0000
  Batch 180/5242, Loss: 4.3704, NLL: 4.3704, Coverage: 0.0000
  Batch 190/5242, Loss: 4.2191, NLL: 4.2191, Coverage: 0.0000
  Batch 200/5242, Loss: 4.6636, NLL: 4.6636, Coverage: 0.0000
  Batch 210/5242, Loss: 4.4594, NLL: 4.4594, Coverage: 0.0000
  Batch 220/5242, Loss: 4.3476, NLL: 4.3476, Coverage: 0.0000
  Batch 230/5242, Loss: 4.3065, NLL: 4.3065, Coverage: 0.0000
  Batch 240/5242, Loss: 4.6099, NLL: 4.6099, Coverage: 0.0000
  Batch 250/5242, Loss: 4.4051, NLL: 4.4051, Coverage: 0.0000
  Batch 260/5242, Loss: 4.5176, NLL: 4.5176, Coverage: 0.0000
  Batch 270/5242, Loss: 4.6963, NLL: 4.6963, Coverage: 0.0000
  Batch 280/5242, Loss: 4.1854, NLL: 4.1854, Coverage: 0.0000
  Batch 290/5242, Loss: 4.6061, NLL: 4.6061, Coverage: 0.0000
  Batch 300/5242, Loss: 4.2659, NLL: 4.2659, Coverage: 0.0000
  Batch 310/5242, Loss: 4.2759, NLL: 4.2759, Coverage: 0.0000
  Batch 320/5242, Loss: 4.4620, NLL: 4.4620, Coverage: 0.0000
  Batch 330/5242, Loss: 4.0528, NLL: 4.0528, Coverage: 0.0000
  Batch 340/5242, Loss: 4.3344, NLL: 4.3344, Coverage: 0.0000
  Batch 350/5242, Loss: 4.7110, NLL: 4.7110, Coverage: 0.0000
  Batch 360/5242, Loss: 4.1317, NLL: 4.1317, Coverage: 0.0000
  Batch 370/5242, Loss: 4.1570, NLL: 4.1570, Coverage: 0.0000
  Batch 380/5242, Loss: 4.2895, NLL: 4.2895, Coverage: 0.0000
  Batch 390/5242, Loss: 4.5339, NLL: 4.5339, Coverage: 0.0000
  Batch 400/5242, Loss: 4.6524, NLL: 4.6524, Coverage: 0.0000
  Batch 410/5242, Loss: 4.7954, NLL: 4.7954, Coverage: 0.0000
  Batch 420/5242, Loss: 4.4917, NLL: 4.4917, Coverage: 0.0000
  Batch 430/5242, Loss: 4.6003, NLL: 4.6003, Coverage: 0.0000
  Batch 440/5242, Loss: 4.2216, NLL: 4.2216, Coverage: 0.0000
  Batch 450/5242, Loss: 4.1215, NLL: 4.1215, Coverage: 0.0000
  Batch 460/5242, Loss: 4.3281, NLL: 4.3281, Coverage: 0.0000
  Batch 470/5242, Loss: 4.5035, NLL: 4.5035, Coverage: 0.0000
  Batch 480/5242, Loss: 4.0902, NLL: 4.0902, Coverage: 0.0000
  Batch 490/5242, Loss: 4.1086, NLL: 4.1086, Coverage: 0.0000
  Batch 500/5242, Loss: 4.1585, NLL: 4.1585, Coverage: 0.0000
  Batch 510/5242, Loss: 4.2619, NLL: 4.2619, Coverage: 0.0000
  Batch 520/5242, Loss: 4.5625, NLL: 4.5625, Coverage: 0.0000
  Batch 530/5242, Loss: 4.8788, NLL: 4.8788, Coverage: 0.0000
  Batch 540/5242, Loss: 4.5550, NLL: 4.5550, Coverage: 0.0000
  Batch 550/5242, Loss: 4.4464, NLL: 4.4464, Coverage: 0.0000
  Batch 560/5242, Loss: 3.7262, NLL: 3.7262, Coverage: 0.0000
  Batch 570/5242, Loss: 4.6634, NLL: 4.6634, Coverage: 0.0000
  Batch 580/5242, Loss: 4.7355, NLL: 4.7355, Coverage: 0.0000
  Batch 590/5242, Loss: 4.6334, NLL: 4.6334, Coverage: 0.0000
  Batch 600/5242, Loss: 4.3116, NLL: 4.3116, Coverage: 0.0000
  Batch 610/5242, Loss: 4.4501, NLL: 4.4501, Coverage: 0.0000
  Batch 620/5242, Loss: 4.1646, NLL: 4.1646, Coverage: 0.0000
  Batch 630/5242, Loss: 4.6804, NLL: 4.6804, Coverage: 0.0000
  Batch 640/5242, Loss: 4.4247, NLL: 4.4247, Coverage: 0.0000
  Batch 650/5242, Loss: 4.5472, NLL: 4.5472, Coverage: 0.0000
  Batch 660/5242, Loss: 4.4033, NLL: 4.4033, Coverage: 0.0000
  Batch 670/5242, Loss: 4.5393, NLL: 4.5393, Coverage: 0.0000
  Batch 680/5242, Loss: 4.2093, NLL: 4.2093, Coverage: 0.0000
  Batch 690/5242, Loss: 4.8162, NLL: 4.8162, Coverage: 0.0000
  Batch 700/5242, Loss: 4.4154, NLL: 4.4154, Coverage: 0.0000
  Batch 710/5242, Loss: 4.6655, NLL: 4.6655, Coverage: 0.0000
  Batch 720/5242, Loss: 4.2944, NLL: 4.2944, Coverage: 0.0000
  Batch 730/5242, Loss: 4.2834, NLL: 4.2834, Coverage: 0.0000
  Batch 740/5242, Loss: 4.3826, NLL: 4.3826, Coverage: 0.0000
  Batch 750/5242, Loss: 4.6140, NLL: 4.6140, Coverage: 0.0000
  Batch 760/5242, Loss: 4.1840, NLL: 4.1840, Coverage: 0.0000
  Batch 770/5242, Loss: 4.1970, NLL: 4.1970, Coverage: 0.0000
  Batch 780/5242, Loss: 3.9966, NLL: 3.9966, Coverage: 0.0000
  Batch 790/5242, Loss: 4.1879, NLL: 4.1879, Coverage: 0.0000
  Batch 800/5242, Loss: 4.6022, NLL: 4.6022, Coverage: 0.0000
  Batch 810/5242, Loss: 4.2573, NLL: 4.2573, Coverage: 0.0000
  Batch 820/5242, Loss: 4.1941, NLL: 4.1941, Coverage: 0.0000
  Batch 830/5242, Loss: 4.7214, NLL: 4.7214, Coverage: 0.0000
  Batch 840/5242, Loss: 4.3283, NLL: 4.3283, Coverage: 0.0000
  Batch 850/5242, Loss: 4.2047, NLL: 4.2047, Coverage: 0.0000
  Batch 860/5242, Loss: 4.6181, NLL: 4.6181, Coverage: 0.0000
  Batch 870/5242, Loss: 4.6823, NLL: 4.6823, Coverage: 0.0000
  Batch 880/5242, Loss: 4.3050, NLL: 4.3050, Coverage: 0.0000
  Batch 890/5242, Loss: 4.3071, NLL: 4.3071, Coverage: 0.0000
  Batch 900/5242, Loss: 4.2832, NLL: 4.2832, Coverage: 0.0000
  Batch 910/5242, Loss: 4.7418, NLL: 4.7418, Coverage: 0.0000
  Batch 920/5242, Loss: 4.4149, NLL: 4.4149, Coverage: 0.0000
  Batch 930/5242, Loss: 4.6384, NLL: 4.6384, Coverage: 0.0000
  Batch 940/5242, Loss: 4.5091, NLL: 4.5091, Coverage: 0.0000
  Batch 950/5242, Loss: 4.5322, NLL: 4.5322, Coverage: 0.0000
  Batch 960/5242, Loss: 4.5530, NLL: 4.5530, Coverage: 0.0000
  Batch 970/5242, Loss: 4.3717, NLL: 4.3717, Coverage: 0.0000
  Batch 980/5242, Loss: 4.0351, NLL: 4.0351, Coverage: 0.0000
  Batch 990/5242, Loss: 4.7742, NLL: 4.7742, Coverage: 0.0000
  Batch 1000/5242, Loss: 4.2625, NLL: 4.2625, Coverage: 0.0000
  Batch 1010/5242, Loss: 4.6723, NLL: 4.6723, Coverage: 0.0000
  Batch 1020/5242, Loss: 4.1700, NLL: 4.1700, Coverage: 0.0000
  Batch 1030/5242, Loss: 4.6673, NLL: 4.6673, Coverage: 0.0000
  Batch 1040/5242, Loss: 4.4474, NLL: 4.4474, Coverage: 0.0000
  Batch 1050/5242, Loss: 4.4607, NLL: 4.4607, Coverage: 0.0000
  Batch 1060/5242, Loss: 4.4844, NLL: 4.4844, Coverage: 0.0000
  Batch 1070/5242, Loss: 4.4420, NLL: 4.4420, Coverage: 0.0000
  Batch 1080/5242, Loss: 4.8314, NLL: 4.8314, Coverage: 0.0000
  Batch 1090/5242, Loss: 4.6860, NLL: 4.6860, Coverage: 0.0000
  Batch 1100/5242, Loss: 4.2564, NLL: 4.2564, Coverage: 0.0000
  Batch 1110/5242, Loss: 4.6601, NLL: 4.6601, Coverage: 0.0000
  Batch 1120/5242, Loss: 4.7037, NLL: 4.7037, Coverage: 0.0000
  Batch 1130/5242, Loss: 4.6916, NLL: 4.6916, Coverage: 0.0000
  Batch 1140/5242, Loss: 4.4355, NLL: 4.4355, Coverage: 0.0000
  Batch 1150/5242, Loss: 4.5728, NLL: 4.5728, Coverage: 0.0000
  Batch 1160/5242, Loss: 4.5700, NLL: 4.5700, Coverage: 0.0000
  Batch 1170/5242, Loss: 4.3340, NLL: 4.3340, Coverage: 0.0000
  Batch 1180/5242, Loss: 4.6450, NLL: 4.6450, Coverage: 0.0000
  Batch 1190/5242, Loss: 4.6983, NLL: 4.6983, Coverage: 0.0000
  Batch 1200/5242, Loss: 4.6151, NLL: 4.6151, Coverage: 0.0000
  Batch 1210/5242, Loss: 4.5311, NLL: 4.5311, Coverage: 0.0000
  Batch 1220/5242, Loss: 4.2599, NLL: 4.2599, Coverage: 0.0000
  Batch 1230/5242, Loss: 4.8939, NLL: 4.8939, Coverage: 0.0000
  Batch 1240/5242, Loss: 4.2590, NLL: 4.2590, Coverage: 0.0000
  Batch 1250/5242, Loss: 4.0193, NLL: 4.0193, Coverage: 0.0000
  Batch 1260/5242, Loss: 4.2179, NLL: 4.2179, Coverage: 0.0000
  Batch 1270/5242, Loss: 3.5436, NLL: 3.5436, Coverage: 0.0000
  Batch 1280/5242, Loss: 4.2894, NLL: 4.2894, Coverage: 0.0000
  Batch 1290/5242, Loss: 4.4154, NLL: 4.4154, Coverage: 0.0000
  Batch 1300/5242, Loss: 4.4629, NLL: 4.4629, Coverage: 0.0000
  Batch 1310/5242, Loss: 4.5522, NLL: 4.5522, Coverage: 0.0000
  Batch 1320/5242, Loss: 4.3634, NLL: 4.3634, Coverage: 0.0000
  Batch 1330/5242, Loss: 4.5788, NLL: 4.5788, Coverage: 0.0000
  Batch 1340/5242, Loss: 4.2977, NLL: 4.2977, Coverage: 0.0000
  Batch 1350/5242, Loss: 4.2082, NLL: 4.2082, Coverage: 0.0000
  Batch 1360/5242, Loss: 4.6079, NLL: 4.6079, Coverage: 0.0000
  Batch 1370/5242, Loss: 4.3275, NLL: 4.3275, Coverage: 0.0000
  Batch 1380/5242, Loss: 3.9707, NLL: 3.9707, Coverage: 0.0000
  Batch 1390/5242, Loss: 4.2288, NLL: 4.2288, Coverage: 0.0000
  Batch 1400/5242, Loss: 4.3857, NLL: 4.3857, Coverage: 0.0000
  Batch 1410/5242, Loss: 4.6511, NLL: 4.6511, Coverage: 0.0000
  Batch 1420/5242, Loss: 4.7295, NLL: 4.7295, Coverage: 0.0000
  Batch 1430/5242, Loss: 4.0440, NLL: 4.0440, Coverage: 0.0000
  Batch 1440/5242, Loss: 4.3770, NLL: 4.3770, Coverage: 0.0000
  Batch 1450/5242, Loss: 4.6158, NLL: 4.6158, Coverage: 0.0000
  Batch 1460/5242, Loss: 4.3342, NLL: 4.3342, Coverage: 0.0000
  Batch 1470/5242, Loss: 4.2036, NLL: 4.2036, Coverage: 0.0000
  Batch 1480/5242, Loss: 4.6704, NLL: 4.6704, Coverage: 0.0000
  Batch 1490/5242, Loss: 3.7608, NLL: 3.7608, Coverage: 0.0000
  Batch 1500/5242, Loss: 4.7095, NLL: 4.7095, Coverage: 0.0000
  Batch 1510/5242, Loss: 4.5020, NLL: 4.5020, Coverage: 0.0000
  Batch 1520/5242, Loss: 4.4834, NLL: 4.4834, Coverage: 0.0000
  Batch 1530/5242, Loss: 4.6160, NLL: 4.6160, Coverage: 0.0000
  Batch 1540/5242, Loss: 4.5383, NLL: 4.5383, Coverage: 0.0000
  Batch 1550/5242, Loss: 4.1798, NLL: 4.1798, Coverage: 0.0000
  Batch 1560/5242, Loss: 4.2491, NLL: 4.2491, Coverage: 0.0000
  Batch 1570/5242, Loss: 4.2336, NLL: 4.2336, Coverage: 0.0000
  Batch 1580/5242, Loss: 4.1423, NLL: 4.1423, Coverage: 0.0000
  Batch 1590/5242, Loss: 4.4440, NLL: 4.4440, Coverage: 0.0000
  Batch 1600/5242, Loss: 3.9865, NLL: 3.9865, Coverage: 0.0000
  Batch 1610/5242, Loss: 4.2289, NLL: 4.2289, Coverage: 0.0000
  Batch 1620/5242, Loss: 4.3883, NLL: 4.3883, Coverage: 0.0000
  Batch 1630/5242, Loss: 4.8522, NLL: 4.8522, Coverage: 0.0000
  Batch 1640/5242, Loss: 4.6242, NLL: 4.6242, Coverage: 0.0000
  Batch 1650/5242, Loss: 4.0340, NLL: 4.0340, Coverage: 0.0000
  Batch 1660/5242, Loss: 4.4980, NLL: 4.4980, Coverage: 0.0000
  Batch 1670/5242, Loss: 4.2979, NLL: 4.2979, Coverage: 0.0000
  Batch 1680/5242, Loss: 4.5208, NLL: 4.5208, Coverage: 0.0000
  Batch 1690/5242, Loss: 4.2848, NLL: 4.2848, Coverage: 0.0000
  Batch 1700/5242, Loss: 4.4301, NLL: 4.4301, Coverage: 0.0000
  Batch 1710/5242, Loss: 4.4081, NLL: 4.4081, Coverage: 0.0000
  Batch 1720/5242, Loss: 4.1637, NLL: 4.1637, Coverage: 0.0000
  Batch 1730/5242, Loss: 4.4626, NLL: 4.4626, Coverage: 0.0000
  Batch 1740/5242, Loss: 4.3255, NLL: 4.3255, Coverage: 0.0000
  Batch 1750/5242, Loss: 4.5807, NLL: 4.5807, Coverage: 0.0000
  Batch 1760/5242, Loss: 4.8504, NLL: 4.8504, Coverage: 0.0000
  Batch 1770/5242, Loss: 4.3562, NLL: 4.3562, Coverage: 0.0000
  Batch 1780/5242, Loss: 4.2290, NLL: 4.2290, Coverage: 0.0000
  Batch 1790/5242, Loss: 4.2104, NLL: 4.2104, Coverage: 0.0000
  Batch 1800/5242, Loss: 4.1919, NLL: 4.1919, Coverage: 0.0000
  Batch 1810/5242, Loss: 4.4213, NLL: 4.4213, Coverage: 0.0000
  Batch 1820/5242, Loss: 4.1627, NLL: 4.1627, Coverage: 0.0000
  Batch 1830/5242, Loss: 4.5263, NLL: 4.5263, Coverage: 0.0000
  Batch 1840/5242, Loss: 4.6051, NLL: 4.6051, Coverage: 0.0000
  Batch 1850/5242, Loss: 4.3567, NLL: 4.3567, Coverage: 0.0000
  Batch 1860/5242, Loss: 3.9862, NLL: 3.9862, Coverage: 0.0000
  Batch 1870/5242, Loss: 3.8143, NLL: 3.8143, Coverage: 0.0000
  Batch 1880/5242, Loss: 4.2237, NLL: 4.2237, Coverage: 0.0000
  Batch 1890/5242, Loss: 4.4947, NLL: 4.4947, Coverage: 0.0000
  Batch 1900/5242, Loss: 3.9713, NLL: 3.9713, Coverage: 0.0000
  Batch 1910/5242, Loss: 4.3787, NLL: 4.3787, Coverage: 0.0000
  Batch 1920/5242, Loss: 4.4700, NLL: 4.4700, Coverage: 0.0000
  Batch 1930/5242, Loss: 4.5666, NLL: 4.5666, Coverage: 0.0000
  Batch 1940/5242, Loss: 3.8997, NLL: 3.8997, Coverage: 0.0000
  Batch 1950/5242, Loss: 4.9633, NLL: 4.9633, Coverage: 0.0000
  Batch 1960/5242, Loss: 4.7633, NLL: 4.7633, Coverage: 0.0000
  Batch 1970/5242, Loss: 4.1097, NLL: 4.1097, Coverage: 0.0000
  Batch 1980/5242, Loss: 4.2455, NLL: 4.2455, Coverage: 0.0000
  Batch 1990/5242, Loss: 4.8092, NLL: 4.8092, Coverage: 0.0000
  Batch 2000/5242, Loss: 4.4645, NLL: 4.4645, Coverage: 0.0000
  Batch 2010/5242, Loss: 4.2637, NLL: 4.2637, Coverage: 0.0000
  Batch 2020/5242, Loss: 4.5243, NLL: 4.5243, Coverage: 0.0000
  Batch 2030/5242, Loss: 3.8474, NLL: 3.8474, Coverage: 0.0000
  Batch 2040/5242, Loss: 4.5359, NLL: 4.5359, Coverage: 0.0000
  Batch 2050/5242, Loss: 4.6591, NLL: 4.6591, Coverage: 0.0000
  Batch 2060/5242, Loss: 4.4513, NLL: 4.4513, Coverage: 0.0000
  Batch 2070/5242, Loss: 4.6846, NLL: 4.6846, Coverage: 0.0000
  Batch 2080/5242, Loss: 4.8507, NLL: 4.8507, Coverage: 0.0000
  Batch 2090/5242, Loss: 4.1368, NLL: 4.1368, Coverage: 0.0000
  Batch 2100/5242, Loss: 4.5359, NLL: 4.5359, Coverage: 0.0000
  Batch 2110/5242, Loss: 4.5799, NLL: 4.5799, Coverage: 0.0000
  Batch 2120/5242, Loss: 4.3016, NLL: 4.3016, Coverage: 0.0000
  Batch 2130/5242, Loss: 4.6452, NLL: 4.6452, Coverage: 0.0000
  Batch 2140/5242, Loss: 4.3422, NLL: 4.3422, Coverage: 0.0000
  Batch 2150/5242, Loss: 4.5128, NLL: 4.5128, Coverage: 0.0000
  Batch 2160/5242, Loss: 4.2859, NLL: 4.2859, Coverage: 0.0000
  Batch 2170/5242, Loss: 4.2139, NLL: 4.2139, Coverage: 0.0000
  Batch 2180/5242, Loss: 4.2719, NLL: 4.2719, Coverage: 0.0000
  Batch 2190/5242, Loss: 4.5777, NLL: 4.5777, Coverage: 0.0000
  Batch 2200/5242, Loss: 4.4340, NLL: 4.4340, Coverage: 0.0000
  Batch 2210/5242, Loss: 4.3291, NLL: 4.3291, Coverage: 0.0000
  Batch 2220/5242, Loss: 4.8466, NLL: 4.8466, Coverage: 0.0000
  Batch 2230/5242, Loss: 4.5653, NLL: 4.5653, Coverage: 0.0000
  Batch 2240/5242, Loss: 4.2587, NLL: 4.2587, Coverage: 0.0000
  Batch 2250/5242, Loss: 4.6655, NLL: 4.6655, Coverage: 0.0000
  Batch 2260/5242, Loss: 4.7165, NLL: 4.7165, Coverage: 0.0000
  Batch 2270/5242, Loss: 4.5849, NLL: 4.5849, Coverage: 0.0000
  Batch 2280/5242, Loss: 4.7118, NLL: 4.7118, Coverage: 0.0000
  Batch 2290/5242, Loss: 3.8975, NLL: 3.8975, Coverage: 0.0000
  Batch 2300/5242, Loss: 4.2931, NLL: 4.2931, Coverage: 0.0000
  Batch 2310/5242, Loss: 4.2871, NLL: 4.2871, Coverage: 0.0000
  Batch 2320/5242, Loss: 4.1728, NLL: 4.1728, Coverage: 0.0000
  Batch 2330/5242, Loss: 4.6736, NLL: 4.6736, Coverage: 0.0000
  Batch 2340/5242, Loss: 4.5493, NLL: 4.5493, Coverage: 0.0000
  Batch 2350/5242, Loss: 4.3718, NLL: 4.3718, Coverage: 0.0000
  Batch 2360/5242, Loss: 4.3558, NLL: 4.3558, Coverage: 0.0000
  Batch 2370/5242, Loss: 4.5733, NLL: 4.5733, Coverage: 0.0000
  Batch 2380/5242, Loss: 4.4470, NLL: 4.4470, Coverage: 0.0000
  Batch 2390/5242, Loss: 4.3836, NLL: 4.3836, Coverage: 0.0000
  Batch 2400/5242, Loss: 4.2487, NLL: 4.2487, Coverage: 0.0000
  Batch 2410/5242, Loss: 4.3292, NLL: 4.3292, Coverage: 0.0000
  Batch 2420/5242, Loss: 4.7533, NLL: 4.7533, Coverage: 0.0000
  Batch 2430/5242, Loss: 4.7844, NLL: 4.7844, Coverage: 0.0000
  Batch 2440/5242, Loss: 4.4615, NLL: 4.4615, Coverage: 0.0000
  Batch 2450/5242, Loss: 4.5456, NLL: 4.5456, Coverage: 0.0000
  Batch 2460/5242, Loss: 4.8639, NLL: 4.8639, Coverage: 0.0000
  Batch 2470/5242, Loss: 4.3120, NLL: 4.3120, Coverage: 0.0000
  Batch 2480/5242, Loss: 4.2434, NLL: 4.2434, Coverage: 0.0000
  Batch 2490/5242, Loss: 4.2190, NLL: 4.2190, Coverage: 0.0000
  Batch 2500/5242, Loss: 3.8013, NLL: 3.8013, Coverage: 0.0000
  Batch 2510/5242, Loss: 4.7156, NLL: 4.7156, Coverage: 0.0000
  Batch 2520/5242, Loss: 4.8597, NLL: 4.8597, Coverage: 0.0000
  Batch 2530/5242, Loss: 4.6723, NLL: 4.6723, Coverage: 0.0000
  Batch 2540/5242, Loss: 4.6109, NLL: 4.6109, Coverage: 0.0000
  Batch 2550/5242, Loss: 4.7186, NLL: 4.7186, Coverage: 0.0000
  Batch 2560/5242, Loss: 4.4356, NLL: 4.4356, Coverage: 0.0000
  Batch 2570/5242, Loss: 4.2306, NLL: 4.2306, Coverage: 0.0000
  Batch 2580/5242, Loss: 4.6902, NLL: 4.6902, Coverage: 0.0000
  Batch 2590/5242, Loss: 4.3908, NLL: 4.3908, Coverage: 0.0000
  Batch 2600/5242, Loss: 3.8114, NLL: 3.8114, Coverage: 0.0000
  Batch 2610/5242, Loss: 4.2286, NLL: 4.2286, Coverage: 0.0000
  Batch 2620/5242, Loss: 4.7772, NLL: 4.7772, Coverage: 0.0000
  Batch 2630/5242, Loss: 4.8619, NLL: 4.8619, Coverage: 0.0000
  Batch 2640/5242, Loss: 4.2918, NLL: 4.2918, Coverage: 0.0000
  Batch 2650/5242, Loss: 4.8172, NLL: 4.8172, Coverage: 0.0000
  Batch 2660/5242, Loss: 4.8904, NLL: 4.8904, Coverage: 0.0000
  Batch 2670/5242, Loss: 4.1608, NLL: 4.1608, Coverage: 0.0000
  Batch 2680/5242, Loss: 4.6067, NLL: 4.6067, Coverage: 0.0000
  Batch 2690/5242, Loss: 4.3141, NLL: 4.3141, Coverage: 0.0000
  Batch 2700/5242, Loss: 4.4611, NLL: 4.4611, Coverage: 0.0000
  Batch 2710/5242, Loss: 4.2583, NLL: 4.2583, Coverage: 0.0000
  Batch 2720/5242, Loss: 4.6545, NLL: 4.6545, Coverage: 0.0000
  Batch 2730/5242, Loss: 4.3658, NLL: 4.3658, Coverage: 0.0000
  Batch 2740/5242, Loss: 4.8453, NLL: 4.8453, Coverage: 0.0000
  Batch 2750/5242, Loss: 4.3578, NLL: 4.3578, Coverage: 0.0000
  Batch 2760/5242, Loss: 4.4044, NLL: 4.4044, Coverage: 0.0000
  Batch 2770/5242, Loss: 3.8960, NLL: 3.8960, Coverage: 0.0000
  Batch 2780/5242, Loss: 4.7625, NLL: 4.7625, Coverage: 0.0000
  Batch 2790/5242, Loss: 4.5204, NLL: 4.5204, Coverage: 0.0000
  Batch 2800/5242, Loss: 4.6622, NLL: 4.6622, Coverage: 0.0000
  Batch 2810/5242, Loss: 4.5834, NLL: 4.5834, Coverage: 0.0000
  Batch 2820/5242, Loss: 4.4125, NLL: 4.4125, Coverage: 0.0000
  Batch 2830/5242, Loss: 4.8780, NLL: 4.8780, Coverage: 0.0000
  Batch 2840/5242, Loss: 3.8058, NLL: 3.8058, Coverage: 0.0000
  Batch 2850/5242, Loss: 3.9576, NLL: 3.9576, Coverage: 0.0000
  Batch 2860/5242, Loss: 4.1586, NLL: 4.1586, Coverage: 0.0000
  Batch 2870/5242, Loss: 4.8982, NLL: 4.8982, Coverage: 0.0000
  Batch 2880/5242, Loss: 4.5322, NLL: 4.5322, Coverage: 0.0000
  Batch 2890/5242, Loss: 4.3248, NLL: 4.3248, Coverage: 0.0000
  Batch 2900/5242, Loss: 3.8395, NLL: 3.8395, Coverage: 0.0000
  Batch 2910/5242, Loss: 4.4467, NLL: 4.4467, Coverage: 0.0000
  Batch 2920/5242, Loss: 4.5124, NLL: 4.5124, Coverage: 0.0000
  Batch 2930/5242, Loss: 4.2758, NLL: 4.2758, Coverage: 0.0000
  Batch 2940/5242, Loss: 4.1973, NLL: 4.1973, Coverage: 0.0000
  Batch 2950/5242, Loss: 4.4736, NLL: 4.4736, Coverage: 0.0000
  Batch 2960/5242, Loss: 4.4106, NLL: 4.4106, Coverage: 0.0000
  Batch 2970/5242, Loss: 4.6070, NLL: 4.6070, Coverage: 0.0000
  Batch 2980/5242, Loss: 4.6166, NLL: 4.6166, Coverage: 0.0000
  Batch 2990/5242, Loss: 4.4831, NLL: 4.4831, Coverage: 0.0000
  Batch 3000/5242, Loss: 4.3681, NLL: 4.3681, Coverage: 0.0000
  Batch 3010/5242, Loss: 4.6076, NLL: 4.6076, Coverage: 0.0000
  Batch 3020/5242, Loss: 4.3658, NLL: 4.3658, Coverage: 0.0000
  Batch 3030/5242, Loss: 4.1715, NLL: 4.1715, Coverage: 0.0000
  Batch 3040/5242, Loss: 4.0528, NLL: 4.0528, Coverage: 0.0000
  Batch 3050/5242, Loss: 3.9532, NLL: 3.9532, Coverage: 0.0000
  Batch 3060/5242, Loss: 4.7497, NLL: 4.7497, Coverage: 0.0000
  Batch 3070/5242, Loss: 4.2523, NLL: 4.2523, Coverage: 0.0000
  Batch 3080/5242, Loss: 4.3765, NLL: 4.3765, Coverage: 0.0000
  Batch 3090/5242, Loss: 4.4273, NLL: 4.4273, Coverage: 0.0000
  Batch 3100/5242, Loss: 4.2548, NLL: 4.2548, Coverage: 0.0000
  Batch 3110/5242, Loss: 4.5793, NLL: 4.5793, Coverage: 0.0000
  Batch 3120/5242, Loss: 4.2130, NLL: 4.2130, Coverage: 0.0000
  Batch 3130/5242, Loss: 4.4260, NLL: 4.4260, Coverage: 0.0000
  Batch 3140/5242, Loss: 4.6439, NLL: 4.6439, Coverage: 0.0000
  Batch 3150/5242, Loss: 4.2226, NLL: 4.2226, Coverage: 0.0000
  Batch 3160/5242, Loss: 4.5188, NLL: 4.5188, Coverage: 0.0000
  Batch 3170/5242, Loss: 4.4609, NLL: 4.4609, Coverage: 0.0000
  Batch 3180/5242, Loss: 3.8381, NLL: 3.8381, Coverage: 0.0000
  Batch 3190/5242, Loss: 4.5816, NLL: 4.5816, Coverage: 0.0000
  Batch 3200/5242, Loss: 4.3473, NLL: 4.3473, Coverage: 0.0000
  Batch 3210/5242, Loss: 4.6753, NLL: 4.6753, Coverage: 0.0000
  Batch 3220/5242, Loss: 4.7889, NLL: 4.7889, Coverage: 0.0000
  Batch 3230/5242, Loss: 4.5236, NLL: 4.5236, Coverage: 0.0000
  Batch 3240/5242, Loss: 4.6935, NLL: 4.6935, Coverage: 0.0000
  Batch 3250/5242, Loss: 4.0937, NLL: 4.0937, Coverage: 0.0000
  Batch 3260/5242, Loss: 4.6103, NLL: 4.6103, Coverage: 0.0000
  Batch 3270/5242, Loss: 4.6035, NLL: 4.6035, Coverage: 0.0000
  Batch 3280/5242, Loss: 4.4770, NLL: 4.4770, Coverage: 0.0000
  Batch 3290/5242, Loss: 4.8522, NLL: 4.8522, Coverage: 0.0000
  Batch 3300/5242, Loss: 4.3210, NLL: 4.3210, Coverage: 0.0000
  Batch 3310/5242, Loss: 4.9386, NLL: 4.9386, Coverage: 0.0000
  Batch 3320/5242, Loss: 4.2799, NLL: 4.2799, Coverage: 0.0000
  Batch 3330/5242, Loss: 4.4076, NLL: 4.4076, Coverage: 0.0000
  Batch 3340/5242, Loss: 4.6102, NLL: 4.6102, Coverage: 0.0000
  Batch 3350/5242, Loss: 4.2598, NLL: 4.2598, Coverage: 0.0000
  Batch 3360/5242, Loss: 4.6976, NLL: 4.6976, Coverage: 0.0000
  Batch 3370/5242, Loss: 4.6731, NLL: 4.6731, Coverage: 0.0000
  Batch 3380/5242, Loss: 4.2094, NLL: 4.2094, Coverage: 0.0000
  Batch 3390/5242, Loss: 4.3550, NLL: 4.3550, Coverage: 0.0000
  Batch 3400/5242, Loss: 4.1925, NLL: 4.1925, Coverage: 0.0000
  Batch 3410/5242, Loss: 3.8597, NLL: 3.8597, Coverage: 0.0000
  Batch 3420/5242, Loss: 4.7724, NLL: 4.7724, Coverage: 0.0000
  Batch 3430/5242, Loss: 4.3485, NLL: 4.3485, Coverage: 0.0000
  Batch 3440/5242, Loss: 4.3926, NLL: 4.3926, Coverage: 0.0000
  Batch 3450/5242, Loss: 4.6649, NLL: 4.6649, Coverage: 0.0000
  Batch 3460/5242, Loss: 4.1555, NLL: 4.1555, Coverage: 0.0000
  Batch 3470/5242, Loss: 4.3399, NLL: 4.3399, Coverage: 0.0000
  Batch 3480/5242, Loss: 4.2601, NLL: 4.2601, Coverage: 0.0000
  Batch 3490/5242, Loss: 4.4839, NLL: 4.4839, Coverage: 0.0000
  Batch 3500/5242, Loss: 4.3342, NLL: 4.3342, Coverage: 0.0000
  Batch 3510/5242, Loss: 4.0806, NLL: 4.0806, Coverage: 0.0000
  Batch 3520/5242, Loss: 4.6557, NLL: 4.6557, Coverage: 0.0000
  Batch 3530/5242, Loss: 4.8448, NLL: 4.8448, Coverage: 0.0000
  Batch 3540/5242, Loss: 4.6776, NLL: 4.6776, Coverage: 0.0000
  Batch 3550/5242, Loss: 4.1898, NLL: 4.1898, Coverage: 0.0000
  Batch 3560/5242, Loss: 4.4010, NLL: 4.4010, Coverage: 0.0000
  Batch 3570/5242, Loss: 4.6378, NLL: 4.6378, Coverage: 0.0000
  Batch 3580/5242, Loss: 4.3261, NLL: 4.3261, Coverage: 0.0000
  Batch 3590/5242, Loss: 4.3484, NLL: 4.3484, Coverage: 0.0000
  Batch 3600/5242, Loss: 4.3277, NLL: 4.3277, Coverage: 0.0000
  Batch 3610/5242, Loss: 4.5024, NLL: 4.5024, Coverage: 0.0000
  Batch 3620/5242, Loss: 4.2749, NLL: 4.2749, Coverage: 0.0000
  Batch 3630/5242, Loss: 4.0528, NLL: 4.0528, Coverage: 0.0000
  Batch 3640/5242, Loss: 4.5188, NLL: 4.5188, Coverage: 0.0000
  Batch 3650/5242, Loss: 4.5659, NLL: 4.5659, Coverage: 0.0000
  Batch 3660/5242, Loss: 4.4812, NLL: 4.4812, Coverage: 0.0000
  Batch 3670/5242, Loss: 4.0160, NLL: 4.0160, Coverage: 0.0000
  Batch 3680/5242, Loss: 4.4338, NLL: 4.4338, Coverage: 0.0000
  Batch 3690/5242, Loss: 4.3710, NLL: 4.3710, Coverage: 0.0000
  Batch 3700/5242, Loss: 4.9299, NLL: 4.9299, Coverage: 0.0000
  Batch 3710/5242, Loss: 4.4046, NLL: 4.4046, Coverage: 0.0000
  Batch 3720/5242, Loss: 4.5358, NLL: 4.5358, Coverage: 0.0000
  Batch 3730/5242, Loss: 4.2853, NLL: 4.2853, Coverage: 0.0000
  Batch 3740/5242, Loss: 4.6353, NLL: 4.6353, Coverage: 0.0000
  Batch 3750/5242, Loss: 4.5074, NLL: 4.5074, Coverage: 0.0000
  Batch 3760/5242, Loss: 4.1431, NLL: 4.1431, Coverage: 0.0000
  Batch 3770/5242, Loss: 3.9500, NLL: 3.9500, Coverage: 0.0000
  Batch 3780/5242, Loss: 4.6632, NLL: 4.6632, Coverage: 0.0000
  Batch 3790/5242, Loss: 4.4791, NLL: 4.4791, Coverage: 0.0000
  Batch 3800/5242, Loss: 4.1708, NLL: 4.1708, Coverage: 0.0000
  Batch 3810/5242, Loss: 4.6398, NLL: 4.6398, Coverage: 0.0000
  Batch 3820/5242, Loss: 4.5714, NLL: 4.5714, Coverage: 0.0000
  Batch 3830/5242, Loss: 4.5850, NLL: 4.5850, Coverage: 0.0000
  Batch 3840/5242, Loss: 4.3758, NLL: 4.3758, Coverage: 0.0000
  Batch 3850/5242, Loss: 4.1790, NLL: 4.1790, Coverage: 0.0000
  Batch 3860/5242, Loss: 3.9818, NLL: 3.9818, Coverage: 0.0000
  Batch 3870/5242, Loss: 4.0857, NLL: 4.0857, Coverage: 0.0000
  Batch 3880/5242, Loss: 4.3119, NLL: 4.3119, Coverage: 0.0000
  Batch 3890/5242, Loss: 4.7671, NLL: 4.7671, Coverage: 0.0000
  Batch 3900/5242, Loss: 4.5799, NLL: 4.5799, Coverage: 0.0000
  Batch 3910/5242, Loss: 3.9324, NLL: 3.9324, Coverage: 0.0000
  Batch 3920/5242, Loss: 4.3144, NLL: 4.3144, Coverage: 0.0000
  Batch 3930/5242, Loss: 4.6685, NLL: 4.6685, Coverage: 0.0000
  Batch 3940/5242, Loss: 4.5737, NLL: 4.5737, Coverage: 0.0000
  Batch 3950/5242, Loss: 4.8485, NLL: 4.8485, Coverage: 0.0000
  Batch 3960/5242, Loss: 4.1332, NLL: 4.1332, Coverage: 0.0000
  Batch 3970/5242, Loss: 4.2372, NLL: 4.2372, Coverage: 0.0000
  Batch 3980/5242, Loss: 4.4925, NLL: 4.4925, Coverage: 0.0000
  Batch 3990/5242, Loss: 4.1483, NLL: 4.1483, Coverage: 0.0000
  Batch 4000/5242, Loss: 4.2416, NLL: 4.2416, Coverage: 0.0000
  Batch 4010/5242, Loss: 4.1194, NLL: 4.1194, Coverage: 0.0000
  Batch 4020/5242, Loss: 4.1223, NLL: 4.1223, Coverage: 0.0000
  Batch 4030/5242, Loss: 4.2691, NLL: 4.2691, Coverage: 0.0000
  Batch 4040/5242, Loss: 4.4248, NLL: 4.4248, Coverage: 0.0000
  Batch 4050/5242, Loss: 4.3367, NLL: 4.3367, Coverage: 0.0000
  Batch 4060/5242, Loss: 4.4582, NLL: 4.4582, Coverage: 0.0000
  Batch 4070/5242, Loss: 4.2254, NLL: 4.2254, Coverage: 0.0000
  Batch 4080/5242, Loss: 3.7518, NLL: 3.7518, Coverage: 0.0000
  Batch 4090/5242, Loss: 4.2828, NLL: 4.2828, Coverage: 0.0000
  Batch 4100/5242, Loss: 4.1270, NLL: 4.1270, Coverage: 0.0000
  Batch 4110/5242, Loss: 4.2714, NLL: 4.2714, Coverage: 0.0000
  Batch 4120/5242, Loss: 4.2200, NLL: 4.2200, Coverage: 0.0000
  Batch 4130/5242, Loss: 4.9827, NLL: 4.9827, Coverage: 0.0000
  Batch 4140/5242, Loss: 4.3469, NLL: 4.3469, Coverage: 0.0000
  Batch 4150/5242, Loss: 4.4588, NLL: 4.4588, Coverage: 0.0000
  Batch 4160/5242, Loss: 3.9421, NLL: 3.9421, Coverage: 0.0000
  Batch 4170/5242, Loss: 3.8166, NLL: 3.8166, Coverage: 0.0000
  Batch 4180/5242, Loss: 4.1715, NLL: 4.1715, Coverage: 0.0000
  Batch 4190/5242, Loss: 3.9849, NLL: 3.9849, Coverage: 0.0000
  Batch 4200/5242, Loss: 4.3842, NLL: 4.3842, Coverage: 0.0000
  Batch 4210/5242, Loss: 4.6474, NLL: 4.6474, Coverage: 0.0000
  Batch 4220/5242, Loss: 4.4434, NLL: 4.4434, Coverage: 0.0000
  Batch 4230/5242, Loss: 4.3463, NLL: 4.3463, Coverage: 0.0000
  Batch 4240/5242, Loss: 4.0852, NLL: 4.0852, Coverage: 0.0000
  Batch 4250/5242, Loss: 4.5165, NLL: 4.5165, Coverage: 0.0000
  Batch 4260/5242, Loss: 4.6379, NLL: 4.6379, Coverage: 0.0000
  Batch 4270/5242, Loss: 4.5758, NLL: 4.5758, Coverage: 0.0000
  Batch 4280/5242, Loss: 4.4255, NLL: 4.4255, Coverage: 0.0000
  Batch 4290/5242, Loss: 4.4539, NLL: 4.4539, Coverage: 0.0000
  Batch 4300/5242, Loss: 4.3550, NLL: 4.3550, Coverage: 0.0000
  Batch 4310/5242, Loss: 4.6527, NLL: 4.6527, Coverage: 0.0000
  Batch 4320/5242, Loss: 4.2073, NLL: 4.2073, Coverage: 0.0000
  Batch 4330/5242, Loss: 4.2600, NLL: 4.2600, Coverage: 0.0000
  Batch 4340/5242, Loss: 4.0779, NLL: 4.0779, Coverage: 0.0000
  Batch 4350/5242, Loss: 4.8762, NLL: 4.8762, Coverage: 0.0000
  Batch 4360/5242, Loss: 4.2336, NLL: 4.2336, Coverage: 0.0000
  Batch 4370/5242, Loss: 4.3624, NLL: 4.3624, Coverage: 0.0000
  Batch 4380/5242, Loss: 4.2508, NLL: 4.2508, Coverage: 0.0000
  Batch 4390/5242, Loss: 4.3020, NLL: 4.3020, Coverage: 0.0000
  Batch 4400/5242, Loss: 4.6226, NLL: 4.6226, Coverage: 0.0000
  Batch 4410/5242, Loss: 4.3864, NLL: 4.3864, Coverage: 0.0000
  Batch 4420/5242, Loss: 4.2737, NLL: 4.2737, Coverage: 0.0000
  Batch 4430/5242, Loss: 4.1579, NLL: 4.1579, Coverage: 0.0000
  Batch 4440/5242, Loss: 4.0495, NLL: 4.0495, Coverage: 0.0000
  Batch 4450/5242, Loss: 4.1511, NLL: 4.1511, Coverage: 0.0000
  Batch 4460/5242, Loss: 4.5167, NLL: 4.5167, Coverage: 0.0000
  Batch 4470/5242, Loss: 4.2277, NLL: 4.2277, Coverage: 0.0000
  Batch 4480/5242, Loss: 4.3779, NLL: 4.3779, Coverage: 0.0000
  Batch 4490/5242, Loss: 3.8699, NLL: 3.8699, Coverage: 0.0000
  Batch 4500/5242, Loss: 4.3585, NLL: 4.3585, Coverage: 0.0000
  Batch 4510/5242, Loss: 4.9744, NLL: 4.9744, Coverage: 0.0000
  Batch 4520/5242, Loss: 4.4236, NLL: 4.4236, Coverage: 0.0000
  Batch 4530/5242, Loss: 4.7493, NLL: 4.7493, Coverage: 0.0000
  Batch 4540/5242, Loss: 4.6440, NLL: 4.6440, Coverage: 0.0000
  Batch 4550/5242, Loss: 4.1977, NLL: 4.1977, Coverage: 0.0000
  Batch 4560/5242, Loss: 4.3310, NLL: 4.3310, Coverage: 0.0000
  Batch 4570/5242, Loss: 4.5555, NLL: 4.5555, Coverage: 0.0000
  Batch 4580/5242, Loss: 4.2497, NLL: 4.2497, Coverage: 0.0000
  Batch 4590/5242, Loss: 4.7497, NLL: 4.7497, Coverage: 0.0000
  Batch 4600/5242, Loss: 4.4225, NLL: 4.4225, Coverage: 0.0000
  Batch 4610/5242, Loss: 4.6261, NLL: 4.6261, Coverage: 0.0000
  Batch 4620/5242, Loss: 4.4061, NLL: 4.4061, Coverage: 0.0000
  Batch 4630/5242, Loss: 4.2058, NLL: 4.2058, Coverage: 0.0000
  Batch 4640/5242, Loss: 4.4268, NLL: 4.4268, Coverage: 0.0000
  Batch 4650/5242, Loss: 4.9544, NLL: 4.9544, Coverage: 0.0000
  Batch 4660/5242, Loss: 4.1201, NLL: 4.1201, Coverage: 0.0000
  Batch 4670/5242, Loss: 4.0140, NLL: 4.0140, Coverage: 0.0000
  Batch 4680/5242, Loss: 3.9360, NLL: 3.9360, Coverage: 0.0000
  Batch 4690/5242, Loss: 4.5080, NLL: 4.5080, Coverage: 0.0000
  Batch 4700/5242, Loss: 4.3021, NLL: 4.3021, Coverage: 0.0000
  Batch 4710/5242, Loss: 4.1946, NLL: 4.1946, Coverage: 0.0000
  Batch 4720/5242, Loss: 4.1377, NLL: 4.1377, Coverage: 0.0000
  Batch 4730/5242, Loss: 4.1608, NLL: 4.1608, Coverage: 0.0000
  Batch 4740/5242, Loss: 4.2504, NLL: 4.2504, Coverage: 0.0000
  Batch 4750/5242, Loss: 4.0009, NLL: 4.0009, Coverage: 0.0000
  Batch 4760/5242, Loss: 4.5873, NLL: 4.5873, Coverage: 0.0000
  Batch 4770/5242, Loss: 4.8488, NLL: 4.8488, Coverage: 0.0000
  Batch 4780/5242, Loss: 4.1086, NLL: 4.1086, Coverage: 0.0000
  Batch 4790/5242, Loss: 4.2615, NLL: 4.2615, Coverage: 0.0000
  Batch 4800/5242, Loss: 4.3369, NLL: 4.3369, Coverage: 0.0000
  Batch 4810/5242, Loss: 4.5040, NLL: 4.5040, Coverage: 0.0000
  Batch 4820/5242, Loss: 4.9381, NLL: 4.9381, Coverage: 0.0000
  Batch 4830/5242, Loss: 4.7620, NLL: 4.7620, Coverage: 0.0000
  Batch 4840/5242, Loss: 4.4042, NLL: 4.4042, Coverage: 0.0000
  Batch 4850/5242, Loss: 4.4734, NLL: 4.4734, Coverage: 0.0000
  Batch 4860/5242, Loss: 4.2853, NLL: 4.2853, Coverage: 0.0000
  Batch 4870/5242, Loss: 4.5735, NLL: 4.5735, Coverage: 0.0000
  Batch 4880/5242, Loss: 4.4509, NLL: 4.4509, Coverage: 0.0000
  Batch 4890/5242, Loss: 4.1893, NLL: 4.1893, Coverage: 0.0000
  Batch 4900/5242, Loss: 4.0560, NLL: 4.0560, Coverage: 0.0000
  Batch 4910/5242, Loss: 4.0742, NLL: 4.0742, Coverage: 0.0000
  Batch 4920/5242, Loss: 4.6003, NLL: 4.6003, Coverage: 0.0000
  Batch 4930/5242, Loss: 4.1201, NLL: 4.1201, Coverage: 0.0000
  Batch 4940/5242, Loss: 3.8237, NLL: 3.8237, Coverage: 0.0000
  Batch 4950/5242, Loss: 4.3800, NLL: 4.3800, Coverage: 0.0000
  Batch 4960/5242, Loss: 4.1974, NLL: 4.1974, Coverage: 0.0000
  Batch 4970/5242, Loss: 4.6111, NLL: 4.6111, Coverage: 0.0000
  Batch 4980/5242, Loss: 4.1716, NLL: 4.1716, Coverage: 0.0000
  Batch 4990/5242, Loss: 4.7276, NLL: 4.7276, Coverage: 0.0000
  Batch 5000/5242, Loss: 4.1050, NLL: 4.1050, Coverage: 0.0000
  Batch 5010/5242, Loss: 4.3068, NLL: 4.3068, Coverage: 0.0000
  Batch 5020/5242, Loss: 4.7410, NLL: 4.7410, Coverage: 0.0000
  Batch 5030/5242, Loss: 4.7805, NLL: 4.7805, Coverage: 0.0000
  Batch 5040/5242, Loss: 4.7043, NLL: 4.7043, Coverage: 0.0000
  Batch 5050/5242, Loss: 4.6768, NLL: 4.6768, Coverage: 0.0000
  Batch 5060/5242, Loss: 4.7019, NLL: 4.7019, Coverage: 0.0000
  Batch 5070/5242, Loss: 4.6691, NLL: 4.6691, Coverage: 0.0000
  Batch 5080/5242, Loss: 4.3301, NLL: 4.3301, Coverage: 0.0000
  Batch 5090/5242, Loss: 4.2006, NLL: 4.2006, Coverage: 0.0000
  Batch 5100/5242, Loss: 4.4968, NLL: 4.4968, Coverage: 0.0000
  Batch 5110/5242, Loss: 4.1900, NLL: 4.1900, Coverage: 0.0000
  Batch 5120/5242, Loss: 4.2823, NLL: 4.2823, Coverage: 0.0000
  Batch 5130/5242, Loss: 4.3299, NLL: 4.3299, Coverage: 0.0000
  Batch 5140/5242, Loss: 4.0850, NLL: 4.0850, Coverage: 0.0000
  Batch 5150/5242, Loss: 4.9956, NLL: 4.9956, Coverage: 0.0000
  Batch 5160/5242, Loss: 4.3960, NLL: 4.3960, Coverage: 0.0000
  Batch 5170/5242, Loss: 4.2042, NLL: 4.2042, Coverage: 0.0000
  Batch 5180/5242, Loss: 4.6529, NLL: 4.6529, Coverage: 0.0000
  Batch 5190/5242, Loss: 4.4623, NLL: 4.4623, Coverage: 0.0000
  Batch 5200/5242, Loss: 4.0438, NLL: 4.0438, Coverage: 0.0000
  Batch 5210/5242, Loss: 4.3409, NLL: 4.3409, Coverage: 0.0000
  Batch 5220/5242, Loss: 4.3569, NLL: 4.3569, Coverage: 0.0000
  Batch 5230/5242, Loss: 4.9068, NLL: 4.9068, Coverage: 0.0000
  Batch 5240/5242, Loss: 4.5017, NLL: 4.5017, Coverage: 0.0000
  ✓ Learning rate reduced: 0.001000 → 0.000500

  Train Loss: 4.4018 (NLL: 4.4018, Cov: 0.0000)
  Val Loss: 6.3175 (NLL: 6.3175, Cov: 0.0000)
  Time: 33m 19s
  ✓ Saved checkpoint to /scratch/aitordiez/News2Stock/pointer_generator_fasttext/checkpoints/checkpoint_epoch_5.pt

Epoch 6/20
----------------------------------------
  Batch 10/5242, Loss: 4.1857, NLL: 4.1857, Coverage: 0.0000
  Batch 20/5242, Loss: 4.5243, NLL: 4.5243, Coverage: 0.0000
  Batch 30/5242, Loss: 4.3164, NLL: 4.3164, Coverage: 0.0000
  Batch 40/5242, Loss: 4.6244, NLL: 4.6244, Coverage: 0.0000
  Batch 50/5242, Loss: 3.9704, NLL: 3.9704, Coverage: 0.0000
  Batch 60/5242, Loss: 4.4309, NLL: 4.4309, Coverage: 0.0000
  Batch 70/5242, Loss: 4.2019, NLL: 4.2019, Coverage: 0.0000
  Batch 80/5242, Loss: 4.0381, NLL: 4.0381, Coverage: 0.0000
  Batch 90/5242, Loss: 4.5789, NLL: 4.5789, Coverage: 0.0000
  Batch 100/5242, Loss: 4.7465, NLL: 4.7465, Coverage: 0.0000
  Batch 110/5242, Loss: 4.0788, NLL: 4.0788, Coverage: 0.0000
  Batch 120/5242, Loss: 4.9511, NLL: 4.9511, Coverage: 0.0000
  Batch 130/5242, Loss: 4.4350, NLL: 4.4350, Coverage: 0.0000
  Batch 140/5242, Loss: 4.1335, NLL: 4.1335, Coverage: 0.0000
  Batch 150/5242, Loss: 4.4220, NLL: 4.4220, Coverage: 0.0000
  Batch 160/5242, Loss: 4.6827, NLL: 4.6827, Coverage: 0.0000
  Batch 170/5242, Loss: 3.9632, NLL: 3.9632, Coverage: 0.0000
  Batch 180/5242, Loss: 4.2059, NLL: 4.2059, Coverage: 0.0000
  Batch 190/5242, Loss: 4.1350, NLL: 4.1350, Coverage: 0.0000
  Batch 200/5242, Loss: 4.3988, NLL: 4.3988, Coverage: 0.0000
  Batch 210/5242, Loss: 4.3008, NLL: 4.3008, Coverage: 0.0000
  Batch 220/5242, Loss: 4.4639, NLL: 4.4639, Coverage: 0.0000
  Batch 230/5242, Loss: 4.0020, NLL: 4.0020, Coverage: 0.0000
  Batch 240/5242, Loss: 4.5956, NLL: 4.5956, Coverage: 0.0000
  Batch 250/5242, Loss: 4.2042, NLL: 4.2042, Coverage: 0.0000
  Batch 260/5242, Loss: 4.2009, NLL: 4.2009, Coverage: 0.0000
  Batch 270/5242, Loss: 3.8733, NLL: 3.8733, Coverage: 0.0000
  Batch 280/5242, Loss: 4.4868, NLL: 4.4868, Coverage: 0.0000
  Batch 290/5242, Loss: 4.3650, NLL: 4.3650, Coverage: 0.0000
  Batch 300/5242, Loss: 4.3411, NLL: 4.3411, Coverage: 0.0000
  Batch 310/5242, Loss: 4.1872, NLL: 4.1872, Coverage: 0.0000
  Batch 320/5242, Loss: 3.7551, NLL: 3.7551, Coverage: 0.0000
  Batch 330/5242, Loss: 4.1851, NLL: 4.1851, Coverage: 0.0000
  Batch 340/5242, Loss: 4.3529, NLL: 4.3529, Coverage: 0.0000
  Batch 350/5242, Loss: 4.3548, NLL: 4.3548, Coverage: 0.0000
  Batch 360/5242, Loss: 4.5504, NLL: 4.5504, Coverage: 0.0000
  Batch 370/5242, Loss: 4.5894, NLL: 4.5894, Coverage: 0.0000
  Batch 380/5242, Loss: 4.3480, NLL: 4.3480, Coverage: 0.0000
  Batch 390/5242, Loss: 4.3045, NLL: 4.3045, Coverage: 0.0000
  Batch 400/5242, Loss: 4.1761, NLL: 4.1761, Coverage: 0.0000
  Batch 410/5242, Loss: 4.2460, NLL: 4.2460, Coverage: 0.0000
  Batch 420/5242, Loss: 4.0320, NLL: 4.0320, Coverage: 0.0000
  Batch 430/5242, Loss: 4.0609, NLL: 4.0609, Coverage: 0.0000
  Batch 440/5242, Loss: 4.2633, NLL: 4.2633, Coverage: 0.0000
  Batch 450/5242, Loss: 4.1600, NLL: 4.1600, Coverage: 0.0000
  Batch 460/5242, Loss: 4.2672, NLL: 4.2672, Coverage: 0.0000
  Batch 470/5242, Loss: 3.7773, NLL: 3.7773, Coverage: 0.0000
  Batch 480/5242, Loss: 4.1280, NLL: 4.1280, Coverage: 0.0000
  Batch 490/5242, Loss: 4.4297, NLL: 4.4297, Coverage: 0.0000
  Batch 500/5242, Loss: 4.1098, NLL: 4.1098, Coverage: 0.0000
  Batch 510/5242, Loss: 3.8838, NLL: 3.8838, Coverage: 0.0000
  Batch 520/5242, Loss: 4.1004, NLL: 4.1004, Coverage: 0.0000
  Batch 530/5242, Loss: 4.0699, NLL: 4.0699, Coverage: 0.0000
  Batch 540/5242, Loss: 4.1863, NLL: 4.1863, Coverage: 0.0000
  Batch 550/5242, Loss: 4.3583, NLL: 4.3583, Coverage: 0.0000
  Batch 560/5242, Loss: 4.3353, NLL: 4.3353, Coverage: 0.0000
  Batch 570/5242, Loss: 4.4664, NLL: 4.4664, Coverage: 0.0000
  Batch 580/5242, Loss: 3.9163, NLL: 3.9163, Coverage: 0.0000
  Batch 590/5242, Loss: 4.4815, NLL: 4.4815, Coverage: 0.0000
  Batch 600/5242, Loss: 4.4460, NLL: 4.4460, Coverage: 0.0000
  Batch 610/5242, Loss: 4.4603, NLL: 4.4603, Coverage: 0.0000
  Batch 620/5242, Loss: 3.9342, NLL: 3.9342, Coverage: 0.0000
  Batch 630/5242, Loss: 3.8637, NLL: 3.8637, Coverage: 0.0000
  Batch 640/5242, Loss: 4.2969, NLL: 4.2969, Coverage: 0.0000
  Batch 650/5242, Loss: 4.1792, NLL: 4.1792, Coverage: 0.0000
  Batch 660/5242, Loss: 3.9191, NLL: 3.9191, Coverage: 0.0000
  Batch 670/5242, Loss: 4.3625, NLL: 4.3625, Coverage: 0.0000
  Batch 680/5242, Loss: 4.8622, NLL: 4.8622, Coverage: 0.0000
  Batch 690/5242, Loss: 4.2774, NLL: 4.2774, Coverage: 0.0000
  Batch 700/5242, Loss: 4.0503, NLL: 4.0503, Coverage: 0.0000
  Batch 710/5242, Loss: 4.8934, NLL: 4.8934, Coverage: 0.0000
  Batch 720/5242, Loss: 4.1548, NLL: 4.1548, Coverage: 0.0000
  Batch 730/5242, Loss: 4.1069, NLL: 4.1069, Coverage: 0.0000
  Batch 740/5242, Loss: 4.0512, NLL: 4.0512, Coverage: 0.0000
  Batch 750/5242, Loss: 4.1814, NLL: 4.1814, Coverage: 0.0000
  Batch 760/5242, Loss: 4.1748, NLL: 4.1748, Coverage: 0.0000
  Batch 770/5242, Loss: 4.1568, NLL: 4.1568, Coverage: 0.0000
  Batch 780/5242, Loss: 4.0645, NLL: 4.0645, Coverage: 0.0000
  Batch 790/5242, Loss: 4.3531, NLL: 4.3531, Coverage: 0.0000
  Batch 800/5242, Loss: 4.0932, NLL: 4.0932, Coverage: 0.0000
  Batch 810/5242, Loss: 3.9577, NLL: 3.9577, Coverage: 0.0000
  Batch 820/5242, Loss: 4.0590, NLL: 4.0590, Coverage: 0.0000
  Batch 830/5242, Loss: 4.5105, NLL: 4.5105, Coverage: 0.0000
  Batch 840/5242, Loss: 4.5662, NLL: 4.5662, Coverage: 0.0000
  Batch 850/5242, Loss: 4.5228, NLL: 4.5228, Coverage: 0.0000
  Batch 860/5242, Loss: 4.4206, NLL: 4.4206, Coverage: 0.0000
  Batch 870/5242, Loss: 4.2261, NLL: 4.2261, Coverage: 0.0000
  Batch 880/5242, Loss: 4.1544, NLL: 4.1544, Coverage: 0.0000
  Batch 890/5242, Loss: 4.6615, NLL: 4.6615, Coverage: 0.0000
  Batch 900/5242, Loss: 4.0285, NLL: 4.0285, Coverage: 0.0000
  Batch 910/5242, Loss: 4.3461, NLL: 4.3461, Coverage: 0.0000
  Batch 920/5242, Loss: 3.9218, NLL: 3.9218, Coverage: 0.0000
  Batch 930/5242, Loss: 4.3282, NLL: 4.3282, Coverage: 0.0000
  Batch 940/5242, Loss: 4.4469, NLL: 4.4469, Coverage: 0.0000
  Batch 950/5242, Loss: 4.5802, NLL: 4.5802, Coverage: 0.0000
  Batch 960/5242, Loss: 4.3870, NLL: 4.3870, Coverage: 0.0000
  Batch 970/5242, Loss: 4.3238, NLL: 4.3238, Coverage: 0.0000
  Batch 980/5242, Loss: 4.5255, NLL: 4.5255, Coverage: 0.0000
  Batch 990/5242, Loss: 4.2928, NLL: 4.2928, Coverage: 0.0000
  Batch 1000/5242, Loss: 3.9582, NLL: 3.9582, Coverage: 0.0000
  Batch 1010/5242, Loss: 4.3728, NLL: 4.3728, Coverage: 0.0000
  Batch 1020/5242, Loss: 4.1519, NLL: 4.1519, Coverage: 0.0000
  Batch 1030/5242, Loss: 3.8617, NLL: 3.8617, Coverage: 0.0000
  Batch 1040/5242, Loss: 3.5749, NLL: 3.5749, Coverage: 0.0000
  Batch 1050/5242, Loss: 4.0651, NLL: 4.0651, Coverage: 0.0000
  Batch 1060/5242, Loss: 3.8974, NLL: 3.8974, Coverage: 0.0000
  Batch 1070/5242, Loss: 4.1973, NLL: 4.1973, Coverage: 0.0000
  Batch 1080/5242, Loss: 4.0693, NLL: 4.0693, Coverage: 0.0000
  Batch 1090/5242, Loss: 4.4402, NLL: 4.4402, Coverage: 0.0000
  Batch 1100/5242, Loss: 4.1100, NLL: 4.1100, Coverage: 0.0000
  Batch 1110/5242, Loss: 4.6355, NLL: 4.6355, Coverage: 0.0000
  Batch 1120/5242, Loss: 3.9564, NLL: 3.9564, Coverage: 0.0000
  Batch 1130/5242, Loss: 3.9359, NLL: 3.9359, Coverage: 0.0000
  Batch 1140/5242, Loss: 4.0512, NLL: 4.0512, Coverage: 0.0000
  Batch 1150/5242, Loss: 3.9410, NLL: 3.9410, Coverage: 0.0000
  Batch 1160/5242, Loss: 4.1807, NLL: 4.1807, Coverage: 0.0000
  Batch 1170/5242, Loss: 4.5518, NLL: 4.5518, Coverage: 0.0000
  Batch 1180/5242, Loss: 3.8141, NLL: 3.8141, Coverage: 0.0000
  Batch 1190/5242, Loss: 4.1082, NLL: 4.1082, Coverage: 0.0000
  Batch 1200/5242, Loss: 4.2489, NLL: 4.2489, Coverage: 0.0000
  Batch 1210/5242, Loss: 4.1928, NLL: 4.1928, Coverage: 0.0000
  Batch 1220/5242, Loss: 4.0508, NLL: 4.0508, Coverage: 0.0000
  Batch 1230/5242, Loss: 4.4416, NLL: 4.4416, Coverage: 0.0000
  Batch 1240/5242, Loss: 3.8538, NLL: 3.8538, Coverage: 0.0000
  Batch 1250/5242, Loss: 4.2243, NLL: 4.2243, Coverage: 0.0000
  Batch 1260/5242, Loss: 4.4245, NLL: 4.4245, Coverage: 0.0000
  Batch 1270/5242, Loss: 4.6439, NLL: 4.6439, Coverage: 0.0000
  Batch 1280/5242, Loss: 4.5045, NLL: 4.5045, Coverage: 0.0000
  Batch 1290/5242, Loss: 4.1297, NLL: 4.1297, Coverage: 0.0000
  Batch 1300/5242, Loss: 5.0476, NLL: 5.0476, Coverage: 0.0000
  Batch 1310/5242, Loss: 3.9039, NLL: 3.9039, Coverage: 0.0000
  Batch 1320/5242, Loss: 4.0584, NLL: 4.0584, Coverage: 0.0000
  Batch 1330/5242, Loss: 4.0010, NLL: 4.0010, Coverage: 0.0000
  Batch 1340/5242, Loss: 4.3560, NLL: 4.3560, Coverage: 0.0000
  Batch 1350/5242, Loss: 4.3607, NLL: 4.3607, Coverage: 0.0000
  Batch 1360/5242, Loss: 4.1492, NLL: 4.1492, Coverage: 0.0000
  Batch 1370/5242, Loss: 4.0373, NLL: 4.0373, Coverage: 0.0000
  Batch 1380/5242, Loss: 4.1677, NLL: 4.1677, Coverage: 0.0000
  Batch 1390/5242, Loss: 4.4430, NLL: 4.4430, Coverage: 0.0000
  Batch 1400/5242, Loss: 4.2635, NLL: 4.2635, Coverage: 0.0000
  Batch 1410/5242, Loss: 3.8300, NLL: 3.8300, Coverage: 0.0000
  Batch 1420/5242, Loss: 4.1501, NLL: 4.1501, Coverage: 0.0000
  Batch 1430/5242, Loss: 4.2208, NLL: 4.2208, Coverage: 0.0000
  Batch 1440/5242, Loss: 4.2453, NLL: 4.2453, Coverage: 0.0000
  Batch 1450/5242, Loss: 4.0977, NLL: 4.0977, Coverage: 0.0000
  Batch 1460/5242, Loss: 4.0045, NLL: 4.0045, Coverage: 0.0000
  Batch 1470/5242, Loss: 4.5656, NLL: 4.5656, Coverage: 0.0000
  Batch 1480/5242, Loss: 4.5512, NLL: 4.5512, Coverage: 0.0000
  Batch 1490/5242, Loss: 4.3725, NLL: 4.3725, Coverage: 0.0000
  Batch 1500/5242, Loss: 3.8663, NLL: 3.8663, Coverage: 0.0000
  Batch 1510/5242, Loss: 4.2289, NLL: 4.2289, Coverage: 0.0000
  Batch 1520/5242, Loss: 4.4037, NLL: 4.4037, Coverage: 0.0000
  Batch 1530/5242, Loss: 4.1618, NLL: 4.1618, Coverage: 0.0000
  Batch 1540/5242, Loss: 4.1822, NLL: 4.1822, Coverage: 0.0000
  Batch 1550/5242, Loss: 4.4698, NLL: 4.4698, Coverage: 0.0000
  Batch 1560/5242, Loss: 4.5305, NLL: 4.5305, Coverage: 0.0000
  Batch 1570/5242, Loss: 4.6359, NLL: 4.6359, Coverage: 0.0000
  Batch 1580/5242, Loss: 4.5798, NLL: 4.5798, Coverage: 0.0000
  Batch 1590/5242, Loss: 4.3483, NLL: 4.3483, Coverage: 0.0000
  Batch 1600/5242, Loss: 4.4980, NLL: 4.4980, Coverage: 0.0000
  Batch 1610/5242, Loss: 3.8858, NLL: 3.8858, Coverage: 0.0000
  Batch 1620/5242, Loss: 3.8893, NLL: 3.8893, Coverage: 0.0000
  Batch 1630/5242, Loss: 4.5117, NLL: 4.5117, Coverage: 0.0000
  Batch 1640/5242, Loss: 4.0978, NLL: 4.0978, Coverage: 0.0000
  Batch 1650/5242, Loss: 3.9516, NLL: 3.9516, Coverage: 0.0000
  Batch 1660/5242, Loss: 4.3290, NLL: 4.3290, Coverage: 0.0000
  Batch 1670/5242, Loss: 4.0579, NLL: 4.0579, Coverage: 0.0000
  Batch 1680/5242, Loss: 4.1662, NLL: 4.1662, Coverage: 0.0000
  Batch 1690/5242, Loss: 4.3625, NLL: 4.3625, Coverage: 0.0000
  Batch 1700/5242, Loss: 4.3890, NLL: 4.3890, Coverage: 0.0000
  Batch 1710/5242, Loss: 4.2342, NLL: 4.2342, Coverage: 0.0000
  Batch 1720/5242, Loss: 3.9575, NLL: 3.9575, Coverage: 0.0000
  Batch 1730/5242, Loss: 4.4154, NLL: 4.4154, Coverage: 0.0000
  Batch 1740/5242, Loss: 4.3046, NLL: 4.3046, Coverage: 0.0000
  Batch 1750/5242, Loss: 3.7558, NLL: 3.7558, Coverage: 0.0000
  Batch 1760/5242, Loss: 3.8000, NLL: 3.8000, Coverage: 0.0000
  Batch 1770/5242, Loss: 4.0968, NLL: 4.0968, Coverage: 0.0000
  Batch 1780/5242, Loss: 4.6075, NLL: 4.6075, Coverage: 0.0000
  Batch 1790/5242, Loss: 4.1311, NLL: 4.1311, Coverage: 0.0000
  Batch 1800/5242, Loss: 4.4904, NLL: 4.4904, Coverage: 0.0000
  Batch 1810/5242, Loss: 3.9956, NLL: 3.9956, Coverage: 0.0000
  Batch 1820/5242, Loss: 4.2952, NLL: 4.2952, Coverage: 0.0000
  Batch 1830/5242, Loss: 4.0197, NLL: 4.0197, Coverage: 0.0000
  Batch 1840/5242, Loss: 4.3289, NLL: 4.3289, Coverage: 0.0000
  Batch 1850/5242, Loss: 4.6303, NLL: 4.6303, Coverage: 0.0000
  Batch 1860/5242, Loss: 4.2987, NLL: 4.2987, Coverage: 0.0000
  Batch 1870/5242, Loss: 3.9354, NLL: 3.9354, Coverage: 0.0000
  Batch 1880/5242, Loss: 3.8483, NLL: 3.8483, Coverage: 0.0000
  Batch 1890/5242, Loss: 3.8074, NLL: 3.8074, Coverage: 0.0000
  Batch 1900/5242, Loss: 4.1936, NLL: 4.1936, Coverage: 0.0000
  Batch 1910/5242, Loss: 4.5971, NLL: 4.5971, Coverage: 0.0000
  Batch 1920/5242, Loss: 4.0389, NLL: 4.0389, Coverage: 0.0000
  Batch 1930/5242, Loss: 4.0464, NLL: 4.0464, Coverage: 0.0000
  Batch 1940/5242, Loss: 4.3541, NLL: 4.3541, Coverage: 0.0000
  Batch 1950/5242, Loss: 4.5556, NLL: 4.5556, Coverage: 0.0000
  Batch 1960/5242, Loss: 4.0539, NLL: 4.0539, Coverage: 0.0000
  Batch 1970/5242, Loss: 4.3398, NLL: 4.3398, Coverage: 0.0000
  Batch 1980/5242, Loss: 4.0850, NLL: 4.0850, Coverage: 0.0000
  Batch 1990/5242, Loss: 4.5229, NLL: 4.5229, Coverage: 0.0000
  Batch 2000/5242, Loss: 3.8022, NLL: 3.8022, Coverage: 0.0000
  Batch 2010/5242, Loss: 4.3087, NLL: 4.3087, Coverage: 0.0000
  Batch 2020/5242, Loss: 3.9743, NLL: 3.9743, Coverage: 0.0000
  Batch 2030/5242, Loss: 3.7790, NLL: 3.7790, Coverage: 0.0000
  Batch 2040/5242, Loss: 4.4079, NLL: 4.4079, Coverage: 0.0000
  Batch 2050/5242, Loss: 4.3750, NLL: 4.3750, Coverage: 0.0000
  Batch 2060/5242, Loss: 4.7295, NLL: 4.7295, Coverage: 0.0000
  Batch 2070/5242, Loss: 4.6088, NLL: 4.6088, Coverage: 0.0000
  Batch 2080/5242, Loss: 4.0113, NLL: 4.0113, Coverage: 0.0000
  Batch 2090/5242, Loss: 4.4240, NLL: 4.4240, Coverage: 0.0000
  Batch 2100/5242, Loss: 4.2029, NLL: 4.2029, Coverage: 0.0000
  Batch 2110/5242, Loss: 4.1186, NLL: 4.1186, Coverage: 0.0000
  Batch 2120/5242, Loss: 4.2686, NLL: 4.2686, Coverage: 0.0000
  Batch 2130/5242, Loss: 3.6457, NLL: 3.6457, Coverage: 0.0000
  Batch 2140/5242, Loss: 4.2002, NLL: 4.2002, Coverage: 0.0000
  Batch 2150/5242, Loss: 4.4305, NLL: 4.4305, Coverage: 0.0000
  Batch 2160/5242, Loss: 4.3065, NLL: 4.3065, Coverage: 0.0000
  Batch 2170/5242, Loss: 4.1964, NLL: 4.1964, Coverage: 0.0000
  Batch 2180/5242, Loss: 4.3666, NLL: 4.3666, Coverage: 0.0000
  Batch 2190/5242, Loss: 4.1496, NLL: 4.1496, Coverage: 0.0000
  Batch 2200/5242, Loss: 4.2907, NLL: 4.2907, Coverage: 0.0000
  Batch 2210/5242, Loss: 4.0973, NLL: 4.0973, Coverage: 0.0000
  Batch 2220/5242, Loss: 4.2070, NLL: 4.2070, Coverage: 0.0000
  Batch 2230/5242, Loss: 4.0969, NLL: 4.0969, Coverage: 0.0000
  Batch 2240/5242, Loss: 4.0819, NLL: 4.0819, Coverage: 0.0000
  Batch 2250/5242, Loss: 4.5252, NLL: 4.5252, Coverage: 0.0000
  Batch 2260/5242, Loss: 4.0407, NLL: 4.0407, Coverage: 0.0000
  Batch 2270/5242, Loss: 3.9821, NLL: 3.9821, Coverage: 0.0000
  Batch 2280/5242, Loss: 4.3067, NLL: 4.3067, Coverage: 0.0000
  Batch 2290/5242, Loss: 3.9711, NLL: 3.9711, Coverage: 0.0000
  Batch 2300/5242, Loss: 4.5102, NLL: 4.5102, Coverage: 0.0000
  Batch 2310/5242, Loss: 4.2493, NLL: 4.2493, Coverage: 0.0000
  Batch 2320/5242, Loss: 4.4358, NLL: 4.4358, Coverage: 0.0000
  Batch 2330/5242, Loss: 4.6037, NLL: 4.6037, Coverage: 0.0000
  Batch 2340/5242, Loss: 4.0690, NLL: 4.0690, Coverage: 0.0000
  Batch 2350/5242, Loss: 4.1485, NLL: 4.1485, Coverage: 0.0000
  Batch 2360/5242, Loss: 4.0875, NLL: 4.0875, Coverage: 0.0000
  Batch 2370/5242, Loss: 3.9386, NLL: 3.9386, Coverage: 0.0000
  Batch 2380/5242, Loss: 4.1916, NLL: 4.1916, Coverage: 0.0000
  Batch 2390/5242, Loss: 3.8581, NLL: 3.8581, Coverage: 0.0000
  Batch 2400/5242, Loss: 4.0485, NLL: 4.0485, Coverage: 0.0000
  Batch 2410/5242, Loss: 4.3468, NLL: 4.3468, Coverage: 0.0000
  Batch 2420/5242, Loss: 4.3300, NLL: 4.3300, Coverage: 0.0000
  Batch 2430/5242, Loss: 4.2274, NLL: 4.2274, Coverage: 0.0000
  Batch 2440/5242, Loss: 4.3914, NLL: 4.3914, Coverage: 0.0000
  Batch 2450/5242, Loss: 4.7501, NLL: 4.7501, Coverage: 0.0000
  Batch 2460/5242, Loss: 4.3950, NLL: 4.3950, Coverage: 0.0000
  Batch 2470/5242, Loss: 4.2162, NLL: 4.2162, Coverage: 0.0000
  Batch 2480/5242, Loss: 4.4013, NLL: 4.4013, Coverage: 0.0000
  Batch 2490/5242, Loss: 4.1531, NLL: 4.1531, Coverage: 0.0000
  Batch 2500/5242, Loss: 3.9999, NLL: 3.9999, Coverage: 0.0000
  Batch 2510/5242, Loss: 4.2819, NLL: 4.2819, Coverage: 0.0000
  Batch 2520/5242, Loss: 4.1033, NLL: 4.1033, Coverage: 0.0000
  Batch 2530/5242, Loss: 4.5552, NLL: 4.5552, Coverage: 0.0000
  Batch 2540/5242, Loss: 3.9023, NLL: 3.9023, Coverage: 0.0000
  Batch 2550/5242, Loss: 4.2708, NLL: 4.2708, Coverage: 0.0000
  Batch 2560/5242, Loss: 4.9370, NLL: 4.9370, Coverage: 0.0000
  Batch 2570/5242, Loss: 4.1564, NLL: 4.1564, Coverage: 0.0000
  Batch 2580/5242, Loss: 4.6610, NLL: 4.6610, Coverage: 0.0000
  Batch 2590/5242, Loss: 4.1872, NLL: 4.1872, Coverage: 0.0000
  Batch 2600/5242, Loss: 4.1783, NLL: 4.1783, Coverage: 0.0000
  Batch 2610/5242, Loss: 4.5377, NLL: 4.5377, Coverage: 0.0000
  Batch 2620/5242, Loss: 4.5554, NLL: 4.5554, Coverage: 0.0000
  Batch 2630/5242, Loss: 4.4062, NLL: 4.4062, Coverage: 0.0000
  Batch 2640/5242, Loss: 3.8504, NLL: 3.8504, Coverage: 0.0000
  Batch 2650/5242, Loss: 3.9046, NLL: 3.9046, Coverage: 0.0000
  Batch 2660/5242, Loss: 4.3840, NLL: 4.3840, Coverage: 0.0000
  Batch 2670/5242, Loss: 4.2263, NLL: 4.2263, Coverage: 0.0000
  Batch 2680/5242, Loss: 3.9801, NLL: 3.9801, Coverage: 0.0000
  Batch 2690/5242, Loss: 4.2104, NLL: 4.2104, Coverage: 0.0000
  Batch 2700/5242, Loss: 4.4550, NLL: 4.4550, Coverage: 0.0000
  Batch 2710/5242, Loss: 4.1441, NLL: 4.1441, Coverage: 0.0000
  Batch 2720/5242, Loss: 4.2333, NLL: 4.2333, Coverage: 0.0000
  Batch 2730/5242, Loss: 4.2534, NLL: 4.2534, Coverage: 0.0000
  Batch 2740/5242, Loss: 4.3489, NLL: 4.3489, Coverage: 0.0000
  Batch 2750/5242, Loss: 3.9361, NLL: 3.9361, Coverage: 0.0000
  Batch 2760/5242, Loss: 4.2615, NLL: 4.2615, Coverage: 0.0000
  Batch 2770/5242, Loss: 4.2871, NLL: 4.2871, Coverage: 0.0000
  Batch 2780/5242, Loss: 4.1365, NLL: 4.1365, Coverage: 0.0000
  Batch 2790/5242, Loss: 4.0871, NLL: 4.0871, Coverage: 0.0000
  Batch 2800/5242, Loss: 4.5864, NLL: 4.5864, Coverage: 0.0000
  Batch 2810/5242, Loss: 4.2222, NLL: 4.2222, Coverage: 0.0000
  Batch 2820/5242, Loss: 4.2655, NLL: 4.2655, Coverage: 0.0000
  Batch 2830/5242, Loss: 4.3357, NLL: 4.3357, Coverage: 0.0000
  Batch 2840/5242, Loss: 4.3177, NLL: 4.3177, Coverage: 0.0000
  Batch 2850/5242, Loss: 4.4159, NLL: 4.4159, Coverage: 0.0000
  Batch 2860/5242, Loss: 4.3945, NLL: 4.3945, Coverage: 0.0000
  Batch 2870/5242, Loss: 4.0701, NLL: 4.0701, Coverage: 0.0000
  Batch 2880/5242, Loss: 4.5298, NLL: 4.5298, Coverage: 0.0000
  Batch 2890/5242, Loss: 4.2508, NLL: 4.2508, Coverage: 0.0000
  Batch 2900/5242, Loss: 4.2764, NLL: 4.2764, Coverage: 0.0000
  Batch 2910/5242, Loss: 4.1636, NLL: 4.1636, Coverage: 0.0000
  Batch 2920/5242, Loss: 4.3543, NLL: 4.3543, Coverage: 0.0000
  Batch 2930/5242, Loss: 4.7702, NLL: 4.7702, Coverage: 0.0000
  Batch 2940/5242, Loss: 4.1738, NLL: 4.1738, Coverage: 0.0000
  Batch 2950/5242, Loss: 4.2180, NLL: 4.2180, Coverage: 0.0000
  Batch 2960/5242, Loss: 3.4864, NLL: 3.4864, Coverage: 0.0000
  Batch 2970/5242, Loss: 4.8234, NLL: 4.8234, Coverage: 0.0000
  Batch 2980/5242, Loss: 4.0235, NLL: 4.0235, Coverage: 0.0000
  Batch 2990/5242, Loss: 3.9613, NLL: 3.9613, Coverage: 0.0000
  Batch 3000/5242, Loss: 4.2984, NLL: 4.2984, Coverage: 0.0000
  Batch 3010/5242, Loss: 4.8213, NLL: 4.8213, Coverage: 0.0000
  Batch 3020/5242, Loss: 4.0388, NLL: 4.0388, Coverage: 0.0000
  Batch 3030/5242, Loss: 4.0742, NLL: 4.0742, Coverage: 0.0000
  Batch 3040/5242, Loss: 4.3507, NLL: 4.3507, Coverage: 0.0000
  Batch 3050/5242, Loss: 4.2835, NLL: 4.2835, Coverage: 0.0000
  Batch 3060/5242, Loss: 4.1832, NLL: 4.1832, Coverage: 0.0000
  Batch 3070/5242, Loss: 4.0842, NLL: 4.0842, Coverage: 0.0000
  Batch 3080/5242, Loss: 4.3347, NLL: 4.3347, Coverage: 0.0000
  Batch 3090/5242, Loss: 4.5678, NLL: 4.5678, Coverage: 0.0000
  Batch 3100/5242, Loss: 3.9611, NLL: 3.9611, Coverage: 0.0000
  Batch 3110/5242, Loss: 4.0944, NLL: 4.0944, Coverage: 0.0000
  Batch 3120/5242, Loss: 4.3828, NLL: 4.3828, Coverage: 0.0000
  Batch 3130/5242, Loss: 4.4202, NLL: 4.4202, Coverage: 0.0000
  Batch 3140/5242, Loss: 4.2717, NLL: 4.2717, Coverage: 0.0000
  Batch 3150/5242, Loss: 4.2693, NLL: 4.2693, Coverage: 0.0000
  Batch 3160/5242, Loss: 3.9039, NLL: 3.9039, Coverage: 0.0000
  Batch 3170/5242, Loss: 4.4429, NLL: 4.4429, Coverage: 0.0000
  Batch 3180/5242, Loss: 4.3136, NLL: 4.3136, Coverage: 0.0000
  Batch 3190/5242, Loss: 4.1663, NLL: 4.1663, Coverage: 0.0000
  Batch 3200/5242, Loss: 4.1580, NLL: 4.1580, Coverage: 0.0000
  Batch 3210/5242, Loss: 4.2610, NLL: 4.2610, Coverage: 0.0000
  Batch 3220/5242, Loss: 4.4071, NLL: 4.4071, Coverage: 0.0000
  Batch 3230/5242, Loss: 4.5727, NLL: 4.5727, Coverage: 0.0000
  Batch 3240/5242, Loss: 3.7923, NLL: 3.7923, Coverage: 0.0000
  Batch 3250/5242, Loss: 4.3987, NLL: 4.3987, Coverage: 0.0000
  Batch 3260/5242, Loss: 3.8647, NLL: 3.8647, Coverage: 0.0000
  Batch 3270/5242, Loss: 4.6161, NLL: 4.6161, Coverage: 0.0000
  Batch 3280/5242, Loss: 4.1719, NLL: 4.1719, Coverage: 0.0000
  Batch 3290/5242, Loss: 4.0609, NLL: 4.0609, Coverage: 0.0000
  Batch 3300/5242, Loss: 4.2228, NLL: 4.2228, Coverage: 0.0000
  Batch 3310/5242, Loss: 4.5822, NLL: 4.5822, Coverage: 0.0000
  Batch 3320/5242, Loss: 4.4240, NLL: 4.4240, Coverage: 0.0000
  Batch 3330/5242, Loss: 4.7329, NLL: 4.7329, Coverage: 0.0000
  Batch 3340/5242, Loss: 4.0364, NLL: 4.0364, Coverage: 0.0000
  Batch 3350/5242, Loss: 3.9072, NLL: 3.9072, Coverage: 0.0000
  Batch 3360/5242, Loss: 4.0696, NLL: 4.0696, Coverage: 0.0000
  Batch 3370/5242, Loss: 3.7674, NLL: 3.7674, Coverage: 0.0000
  Batch 3380/5242, Loss: 4.8047, NLL: 4.8047, Coverage: 0.0000
  Batch 3390/5242, Loss: 4.2025, NLL: 4.2025, Coverage: 0.0000
  Batch 3400/5242, Loss: 3.8658, NLL: 3.8658, Coverage: 0.0000
  Batch 3410/5242, Loss: 4.1890, NLL: 4.1890, Coverage: 0.0000
  Batch 3420/5242, Loss: 4.2924, NLL: 4.2924, Coverage: 0.0000
  Batch 3430/5242, Loss: 4.1500, NLL: 4.1500, Coverage: 0.0000
  Batch 3440/5242, Loss: 4.0899, NLL: 4.0899, Coverage: 0.0000
  Batch 3450/5242, Loss: 4.1429, NLL: 4.1429, Coverage: 0.0000
  Batch 3460/5242, Loss: 4.3374, NLL: 4.3374, Coverage: 0.0000
  Batch 3470/5242, Loss: 4.2791, NLL: 4.2791, Coverage: 0.0000
  Batch 3480/5242, Loss: 4.2452, NLL: 4.2452, Coverage: 0.0000
  Batch 3490/5242, Loss: 4.6143, NLL: 4.6143, Coverage: 0.0000
  Batch 3500/5242, Loss: 4.0180, NLL: 4.0180, Coverage: 0.0000
  Batch 3510/5242, Loss: 3.7395, NLL: 3.7395, Coverage: 0.0000
  Batch 3520/5242, Loss: 3.8251, NLL: 3.8251, Coverage: 0.0000
  Batch 3530/5242, Loss: 4.3874, NLL: 4.3874, Coverage: 0.0000
  Batch 3540/5242, Loss: 4.2635, NLL: 4.2635, Coverage: 0.0000
  Batch 3550/5242, Loss: 3.9811, NLL: 3.9811, Coverage: 0.0000
  Batch 3560/5242, Loss: 4.4947, NLL: 4.4947, Coverage: 0.0000
  Batch 3570/5242, Loss: 4.4534, NLL: 4.4534, Coverage: 0.0000
  Batch 3580/5242, Loss: 4.2013, NLL: 4.2013, Coverage: 0.0000
  Batch 3590/5242, Loss: 4.0415, NLL: 4.0415, Coverage: 0.0000
  Batch 3600/5242, Loss: 4.1274, NLL: 4.1274, Coverage: 0.0000
  Batch 3610/5242, Loss: 3.9816, NLL: 3.9816, Coverage: 0.0000
  Batch 3620/5242, Loss: 4.1475, NLL: 4.1475, Coverage: 0.0000
  Batch 3630/5242, Loss: 4.0351, NLL: 4.0351, Coverage: 0.0000
  Batch 3640/5242, Loss: 3.5550, NLL: 3.5550, Coverage: 0.0000
  Batch 3650/5242, Loss: 4.2434, NLL: 4.2434, Coverage: 0.0000
  Batch 3660/5242, Loss: 4.0488, NLL: 4.0488, Coverage: 0.0000
  Batch 3670/5242, Loss: 4.1587, NLL: 4.1587, Coverage: 0.0000
  Batch 3680/5242, Loss: 4.3834, NLL: 4.3834, Coverage: 0.0000
  Batch 3690/5242, Loss: 4.5380, NLL: 4.5380, Coverage: 0.0000
  Batch 3700/5242, Loss: 4.4017, NLL: 4.4017, Coverage: 0.0000
  Batch 3710/5242, Loss: 4.0472, NLL: 4.0472, Coverage: 0.0000
  Batch 3720/5242, Loss: 4.6486, NLL: 4.6486, Coverage: 0.0000
  Batch 3730/5242, Loss: 3.6470, NLL: 3.6470, Coverage: 0.0000
  Batch 3740/5242, Loss: 4.4182, NLL: 4.4182, Coverage: 0.0000
  Batch 3750/5242, Loss: 4.1682, NLL: 4.1682, Coverage: 0.0000
  Batch 3760/5242, Loss: 4.1096, NLL: 4.1096, Coverage: 0.0000
  Batch 3770/5242, Loss: 4.2858, NLL: 4.2858, Coverage: 0.0000
  Batch 3780/5242, Loss: 4.3030, NLL: 4.3030, Coverage: 0.0000
  Batch 3790/5242, Loss: 4.6533, NLL: 4.6533, Coverage: 0.0000
  Batch 3800/5242, Loss: 4.1508, NLL: 4.1508, Coverage: 0.0000
  Batch 3810/5242, Loss: 3.9274, NLL: 3.9274, Coverage: 0.0000
  Batch 3820/5242, Loss: 4.0825, NLL: 4.0825, Coverage: 0.0000
  Batch 3830/5242, Loss: 4.0628, NLL: 4.0628, Coverage: 0.0000
  Batch 3840/5242, Loss: 4.5199, NLL: 4.5199, Coverage: 0.0000
  Batch 3850/5242, Loss: 4.5377, NLL: 4.5377, Coverage: 0.0000
  Batch 3860/5242, Loss: 4.3106, NLL: 4.3106, Coverage: 0.0000
  Batch 3870/5242, Loss: 4.1810, NLL: 4.1810, Coverage: 0.0000
  Batch 3880/5242, Loss: 4.5306, NLL: 4.5306, Coverage: 0.0000
  Batch 3890/5242, Loss: 4.2744, NLL: 4.2744, Coverage: 0.0000
  Batch 3900/5242, Loss: 4.7199, NLL: 4.7199, Coverage: 0.0000
  Batch 3910/5242, Loss: 3.9184, NLL: 3.9184, Coverage: 0.0000
  Batch 3920/5242, Loss: 3.9549, NLL: 3.9549, Coverage: 0.0000
  Batch 3930/5242, Loss: 4.0941, NLL: 4.0941, Coverage: 0.0000
  Batch 3940/5242, Loss: 4.5731, NLL: 4.5731, Coverage: 0.0000
  Batch 3950/5242, Loss: 4.2097, NLL: 4.2097, Coverage: 0.0000
  Batch 3960/5242, Loss: 4.4535, NLL: 4.4535, Coverage: 0.0000
  Batch 3970/5242, Loss: 4.4264, NLL: 4.4264, Coverage: 0.0000
  Batch 3980/5242, Loss: 4.2547, NLL: 4.2547, Coverage: 0.0000
  Batch 3990/5242, Loss: 4.2818, NLL: 4.2818, Coverage: 0.0000
  Batch 4000/5242, Loss: 4.0007, NLL: 4.0007, Coverage: 0.0000
  Batch 4010/5242, Loss: 3.9481, NLL: 3.9481, Coverage: 0.0000
  Batch 4020/5242, Loss: 4.3599, NLL: 4.3599, Coverage: 0.0000
  Batch 4030/5242, Loss: 4.7601, NLL: 4.7601, Coverage: 0.0000
  Batch 4040/5242, Loss: 3.9011, NLL: 3.9011, Coverage: 0.0000
  Batch 4050/5242, Loss: 4.5611, NLL: 4.5611, Coverage: 0.0000
  Batch 4060/5242, Loss: 4.0216, NLL: 4.0216, Coverage: 0.0000
  Batch 4070/5242, Loss: 4.4445, NLL: 4.4445, Coverage: 0.0000
  Batch 4080/5242, Loss: 4.5335, NLL: 4.5335, Coverage: 0.0000
  Batch 4090/5242, Loss: 3.6568, NLL: 3.6568, Coverage: 0.0000
  Batch 4100/5242, Loss: 4.3807, NLL: 4.3807, Coverage: 0.0000
  Batch 4110/5242, Loss: 4.6795, NLL: 4.6795, Coverage: 0.0000
  Batch 4120/5242, Loss: 4.3953, NLL: 4.3953, Coverage: 0.0000
  Batch 4130/5242, Loss: 4.1729, NLL: 4.1729, Coverage: 0.0000
  Batch 4140/5242, Loss: 4.2374, NLL: 4.2374, Coverage: 0.0000
  Batch 4150/5242, Loss: 3.6987, NLL: 3.6987, Coverage: 0.0000
  Batch 4160/5242, Loss: 3.8654, NLL: 3.8654, Coverage: 0.0000
  Batch 4170/5242, Loss: 4.4643, NLL: 4.4643, Coverage: 0.0000
  Batch 4180/5242, Loss: 4.2614, NLL: 4.2614, Coverage: 0.0000
  Batch 4190/5242, Loss: 4.0871, NLL: 4.0871, Coverage: 0.0000
  Batch 4200/5242, Loss: 4.0887, NLL: 4.0887, Coverage: 0.0000
  Batch 4210/5242, Loss: 4.0868, NLL: 4.0868, Coverage: 0.0000
  Batch 4220/5242, Loss: 4.3378, NLL: 4.3378, Coverage: 0.0000
  Batch 4230/5242, Loss: 4.5470, NLL: 4.5470, Coverage: 0.0000
  Batch 4240/5242, Loss: 4.2001, NLL: 4.2001, Coverage: 0.0000
  Batch 4250/5242, Loss: 4.0113, NLL: 4.0113, Coverage: 0.0000
  Batch 4260/5242, Loss: 4.3851, NLL: 4.3851, Coverage: 0.0000
  Batch 4270/5242, Loss: 4.0193, NLL: 4.0193, Coverage: 0.0000
  Batch 4280/5242, Loss: 4.2321, NLL: 4.2321, Coverage: 0.0000
  Batch 4290/5242, Loss: 4.0160, NLL: 4.0160, Coverage: 0.0000
  Batch 4300/5242, Loss: 4.2815, NLL: 4.2815, Coverage: 0.0000
  Batch 4310/5242, Loss: 4.0745, NLL: 4.0745, Coverage: 0.0000
  Batch 4320/5242, Loss: 3.7902, NLL: 3.7902, Coverage: 0.0000
  Batch 4330/5242, Loss: 4.6657, NLL: 4.6657, Coverage: 0.0000
  Batch 4340/5242, Loss: 4.7037, NLL: 4.7037, Coverage: 0.0000
  Batch 4350/5242, Loss: 4.0299, NLL: 4.0299, Coverage: 0.0000
  Batch 4360/5242, Loss: 3.8743, NLL: 3.8743, Coverage: 0.0000
  Batch 4370/5242, Loss: 4.1974, NLL: 4.1974, Coverage: 0.0000
  Batch 4380/5242, Loss: 4.4293, NLL: 4.4293, Coverage: 0.0000
  Batch 4390/5242, Loss: 4.3155, NLL: 4.3155, Coverage: 0.0000
  Batch 4400/5242, Loss: 3.8685, NLL: 3.8685, Coverage: 0.0000
  Batch 4410/5242, Loss: 4.5740, NLL: 4.5740, Coverage: 0.0000
  Batch 4420/5242, Loss: 4.9478, NLL: 4.9478, Coverage: 0.0000
  Batch 4430/5242, Loss: 4.2575, NLL: 4.2575, Coverage: 0.0000
  Batch 4440/5242, Loss: 4.0267, NLL: 4.0267, Coverage: 0.0000
  Batch 4450/5242, Loss: 4.2226, NLL: 4.2226, Coverage: 0.0000
  Batch 4460/5242, Loss: 4.7344, NLL: 4.7344, Coverage: 0.0000
  Batch 4470/5242, Loss: 4.2846, NLL: 4.2846, Coverage: 0.0000
  Batch 4480/5242, Loss: 4.7298, NLL: 4.7298, Coverage: 0.0000
  Batch 4490/5242, Loss: 4.0370, NLL: 4.0370, Coverage: 0.0000
  Batch 4500/5242, Loss: 4.0031, NLL: 4.0031, Coverage: 0.0000
  Batch 4510/5242, Loss: 3.9856, NLL: 3.9856, Coverage: 0.0000
  Batch 4520/5242, Loss: 4.3303, NLL: 4.3303, Coverage: 0.0000
  Batch 4530/5242, Loss: 4.0624, NLL: 4.0624, Coverage: 0.0000
  Batch 4540/5242, Loss: 4.3473, NLL: 4.3473, Coverage: 0.0000
  Batch 4550/5242, Loss: 4.1353, NLL: 4.1353, Coverage: 0.0000
  Batch 4560/5242, Loss: 4.5701, NLL: 4.5701, Coverage: 0.0000
  Batch 4570/5242, Loss: 4.0388, NLL: 4.0388, Coverage: 0.0000
  Batch 4580/5242, Loss: 4.5746, NLL: 4.5746, Coverage: 0.0000
  Batch 4590/5242, Loss: 4.1061, NLL: 4.1061, Coverage: 0.0000
  Batch 4600/5242, Loss: 4.3287, NLL: 4.3287, Coverage: 0.0000
  Batch 4610/5242, Loss: 4.0674, NLL: 4.0674, Coverage: 0.0000
  Batch 4620/5242, Loss: 3.8928, NLL: 3.8928, Coverage: 0.0000
  Batch 4630/5242, Loss: 4.0430, NLL: 4.0430, Coverage: 0.0000
  Batch 4640/5242, Loss: 4.4343, NLL: 4.4343, Coverage: 0.0000
  Batch 4650/5242, Loss: 4.7192, NLL: 4.7192, Coverage: 0.0000
  Batch 4660/5242, Loss: 4.5446, NLL: 4.5446, Coverage: 0.0000
  Batch 4670/5242, Loss: 4.2847, NLL: 4.2847, Coverage: 0.0000
  Batch 4680/5242, Loss: 4.1179, NLL: 4.1179, Coverage: 0.0000
  Batch 4690/5242, Loss: 4.5947, NLL: 4.5947, Coverage: 0.0000
  Batch 4700/5242, Loss: 4.1367, NLL: 4.1367, Coverage: 0.0000
  Batch 4710/5242, Loss: 4.5133, NLL: 4.5133, Coverage: 0.0000
  Batch 4720/5242, Loss: 3.6384, NLL: 3.6384, Coverage: 0.0000
  Batch 4730/5242, Loss: 4.5800, NLL: 4.5800, Coverage: 0.0000
  Batch 4740/5242, Loss: 4.5662, NLL: 4.5662, Coverage: 0.0000
  Batch 4750/5242, Loss: 4.4276, NLL: 4.4276, Coverage: 0.0000
  Batch 4760/5242, Loss: 4.6997, NLL: 4.6997, Coverage: 0.0000
  Batch 4770/5242, Loss: 4.0813, NLL: 4.0813, Coverage: 0.0000
  Batch 4780/5242, Loss: 3.9860, NLL: 3.9860, Coverage: 0.0000
  Batch 4790/5242, Loss: 4.1456, NLL: 4.1456, Coverage: 0.0000
  Batch 4800/5242, Loss: 4.3237, NLL: 4.3237, Coverage: 0.0000
  Batch 4810/5242, Loss: 4.2468, NLL: 4.2468, Coverage: 0.0000
  Batch 4820/5242, Loss: 3.7248, NLL: 3.7248, Coverage: 0.0000
  Batch 4830/5242, Loss: 4.2082, NLL: 4.2082, Coverage: 0.0000
  Batch 4840/5242, Loss: 4.2160, NLL: 4.2160, Coverage: 0.0000
  Batch 4850/5242, Loss: 4.6135, NLL: 4.6135, Coverage: 0.0000
  Batch 4860/5242, Loss: 4.4400, NLL: 4.4400, Coverage: 0.0000
  Batch 4870/5242, Loss: 3.8686, NLL: 3.8686, Coverage: 0.0000
  Batch 4880/5242, Loss: 4.4453, NLL: 4.4453, Coverage: 0.0000
  Batch 4890/5242, Loss: 4.2525, NLL: 4.2525, Coverage: 0.0000
  Batch 4900/5242, Loss: 4.6854, NLL: 4.6854, Coverage: 0.0000
  Batch 4910/5242, Loss: 4.2743, NLL: 4.2743, Coverage: 0.0000
  Batch 4920/5242, Loss: 3.7979, NLL: 3.7979, Coverage: 0.0000
  Batch 4930/5242, Loss: 4.4991, NLL: 4.4991, Coverage: 0.0000
  Batch 4940/5242, Loss: 4.0644, NLL: 4.0644, Coverage: 0.0000
  Batch 4950/5242, Loss: 4.0495, NLL: 4.0495, Coverage: 0.0000
  Batch 4960/5242, Loss: 3.8288, NLL: 3.8288, Coverage: 0.0000
  Batch 4970/5242, Loss: 3.9296, NLL: 3.9296, Coverage: 0.0000
  Batch 4980/5242, Loss: 4.1541, NLL: 4.1541, Coverage: 0.0000
  Batch 4990/5242, Loss: 4.0132, NLL: 4.0132, Coverage: 0.0000
  Batch 5000/5242, Loss: 4.4607, NLL: 4.4607, Coverage: 0.0000
  Batch 5010/5242, Loss: 4.1149, NLL: 4.1149, Coverage: 0.0000
  Batch 5020/5242, Loss: 4.3801, NLL: 4.3801, Coverage: 0.0000
  Batch 5030/5242, Loss: 4.1702, NLL: 4.1702, Coverage: 0.0000
  Batch 5040/5242, Loss: 4.2192, NLL: 4.2192, Coverage: 0.0000
  Batch 5050/5242, Loss: 3.9851, NLL: 3.9851, Coverage: 0.0000
  Batch 5060/5242, Loss: 4.3466, NLL: 4.3466, Coverage: 0.0000
  Batch 5070/5242, Loss: 4.3084, NLL: 4.3084, Coverage: 0.0000
  Batch 5080/5242, Loss: 4.3170, NLL: 4.3170, Coverage: 0.0000
  Batch 5090/5242, Loss: 3.7858, NLL: 3.7858, Coverage: 0.0000
  Batch 5100/5242, Loss: 4.5256, NLL: 4.5256, Coverage: 0.0000
  Batch 5110/5242, Loss: 4.0392, NLL: 4.0392, Coverage: 0.0000
  Batch 5120/5242, Loss: 4.1321, NLL: 4.1321, Coverage: 0.0000
  Batch 5130/5242, Loss: 4.2787, NLL: 4.2787, Coverage: 0.0000
  Batch 5140/5242, Loss: 4.6700, NLL: 4.6700, Coverage: 0.0000
  Batch 5150/5242, Loss: 4.8367, NLL: 4.8367, Coverage: 0.0000
  Batch 5160/5242, Loss: 4.5785, NLL: 4.5785, Coverage: 0.0000
  Batch 5170/5242, Loss: 4.2574, NLL: 4.2574, Coverage: 0.0000
  Batch 5180/5242, Loss: 4.0596, NLL: 4.0596, Coverage: 0.0000
  Batch 5190/5242, Loss: 4.1726, NLL: 4.1726, Coverage: 0.0000
  Batch 5200/5242, Loss: 3.9705, NLL: 3.9705, Coverage: 0.0000
  Batch 5210/5242, Loss: 4.4391, NLL: 4.4391, Coverage: 0.0000
  Batch 5220/5242, Loss: 4.4513, NLL: 4.4513, Coverage: 0.0000
  Batch 5230/5242, Loss: 4.0169, NLL: 4.0169, Coverage: 0.0000
  Batch 5240/5242, Loss: 3.7845, NLL: 3.7845, Coverage: 0.0000

  Train Loss: 4.2555 (NLL: 4.2555, Cov: 0.0000)
  Val Loss: 6.3466 (NLL: 6.3466, Cov: 0.0000)
  Time: 34m 6s

Epoch 7/20
----------------------------------------
  Batch 10/5242, Loss: 4.1474, NLL: 4.1474, Coverage: 0.0000
  Batch 20/5242, Loss: 3.9146, NLL: 3.9146, Coverage: 0.0000
  Batch 30/5242, Loss: 4.1849, NLL: 4.1849, Coverage: 0.0000
  Batch 40/5242, Loss: 4.0931, NLL: 4.0931, Coverage: 0.0000
  Batch 50/5242, Loss: 3.8534, NLL: 3.8534, Coverage: 0.0000
  Batch 60/5242, Loss: 3.6971, NLL: 3.6971, Coverage: 0.0000
  Batch 70/5242, Loss: 4.1817, NLL: 4.1817, Coverage: 0.0000
  Batch 80/5242, Loss: 3.9431, NLL: 3.9431, Coverage: 0.0000
  Batch 90/5242, Loss: 4.1206, NLL: 4.1206, Coverage: 0.0000
  Batch 100/5242, Loss: 4.2487, NLL: 4.2487, Coverage: 0.0000
  Batch 110/5242, Loss: 3.7692, NLL: 3.7692, Coverage: 0.0000
  Batch 120/5242, Loss: 4.0836, NLL: 4.0836, Coverage: 0.0000
  Batch 130/5242, Loss: 4.0262, NLL: 4.0262, Coverage: 0.0000
  Batch 140/5242, Loss: 3.8038, NLL: 3.8038, Coverage: 0.0000
  Batch 150/5242, Loss: 3.9321, NLL: 3.9321, Coverage: 0.0000
  Batch 160/5242, Loss: 4.6320, NLL: 4.6320, Coverage: 0.0000
  Batch 170/5242, Loss: 4.3712, NLL: 4.3712, Coverage: 0.0000
  Batch 180/5242, Loss: 4.0126, NLL: 4.0126, Coverage: 0.0000
  Batch 190/5242, Loss: 4.5359, NLL: 4.5359, Coverage: 0.0000
  Batch 200/5242, Loss: 4.0462, NLL: 4.0462, Coverage: 0.0000
  Batch 210/5242, Loss: 3.8223, NLL: 3.8223, Coverage: 0.0000
  Batch 220/5242, Loss: 4.1634, NLL: 4.1634, Coverage: 0.0000
  Batch 230/5242, Loss: 3.7795, NLL: 3.7795, Coverage: 0.0000
  Batch 240/5242, Loss: 4.4468, NLL: 4.4468, Coverage: 0.0000
  Batch 250/5242, Loss: 4.0409, NLL: 4.0409, Coverage: 0.0000
  Batch 260/5242, Loss: 4.2619, NLL: 4.2619, Coverage: 0.0000
  Batch 270/5242, Loss: 3.9681, NLL: 3.9681, Coverage: 0.0000
  Batch 280/5242, Loss: 3.9891, NLL: 3.9891, Coverage: 0.0000
  Batch 290/5242, Loss: 4.1528, NLL: 4.1528, Coverage: 0.0000
  Batch 300/5242, Loss: 4.2970, NLL: 4.2970, Coverage: 0.0000
  Batch 310/5242, Loss: 4.0747, NLL: 4.0747, Coverage: 0.0000
  Batch 320/5242, Loss: 4.4037, NLL: 4.4037, Coverage: 0.0000
  Batch 330/5242, Loss: 4.0351, NLL: 4.0351, Coverage: 0.0000
  Batch 340/5242, Loss: 4.5310, NLL: 4.5310, Coverage: 0.0000
  Batch 350/5242, Loss: 4.1721, NLL: 4.1721, Coverage: 0.0000
  Batch 360/5242, Loss: 4.5137, NLL: 4.5137, Coverage: 0.0000
  Batch 370/5242, Loss: 3.5370, NLL: 3.5370, Coverage: 0.0000
  Batch 380/5242, Loss: 4.4946, NLL: 4.4946, Coverage: 0.0000
  Batch 390/5242, Loss: 3.8846, NLL: 3.8846, Coverage: 0.0000
  Batch 400/5242, Loss: 4.1317, NLL: 4.1317, Coverage: 0.0000
  Batch 410/5242, Loss: 4.7841, NLL: 4.7841, Coverage: 0.0000
  Batch 420/5242, Loss: 4.3381, NLL: 4.3381, Coverage: 0.0000
  Batch 430/5242, Loss: 4.3399, NLL: 4.3399, Coverage: 0.0000
  Batch 440/5242, Loss: 4.8336, NLL: 4.8336, Coverage: 0.0000
  Batch 450/5242, Loss: 4.2081, NLL: 4.2081, Coverage: 0.0000
  Batch 460/5242, Loss: 3.8297, NLL: 3.8297, Coverage: 0.0000
  Batch 470/5242, Loss: 4.3899, NLL: 4.3899, Coverage: 0.0000
  Batch 480/5242, Loss: 4.3507, NLL: 4.3507, Coverage: 0.0000
  Batch 490/5242, Loss: 4.5383, NLL: 4.5383, Coverage: 0.0000
  Batch 500/5242, Loss: 4.1926, NLL: 4.1926, Coverage: 0.0000
  Batch 510/5242, Loss: 4.1481, NLL: 4.1481, Coverage: 0.0000
  Batch 520/5242, Loss: 4.4597, NLL: 4.4597, Coverage: 0.0000
  Batch 530/5242, Loss: 4.1199, NLL: 4.1199, Coverage: 0.0000
  Batch 540/5242, Loss: 3.7148, NLL: 3.7148, Coverage: 0.0000
  Batch 550/5242, Loss: 4.4090, NLL: 4.4090, Coverage: 0.0000
  Batch 560/5242, Loss: 3.9675, NLL: 3.9675, Coverage: 0.0000
  Batch 570/5242, Loss: 4.0304, NLL: 4.0304, Coverage: 0.0000
  Batch 580/5242, Loss: 4.5388, NLL: 4.5388, Coverage: 0.0000
  Batch 590/5242, Loss: 3.7088, NLL: 3.7088, Coverage: 0.0000
  Batch 600/5242, Loss: 4.0305, NLL: 4.0305, Coverage: 0.0000
  Batch 610/5242, Loss: 4.2519, NLL: 4.2519, Coverage: 0.0000
  Batch 620/5242, Loss: 4.2978, NLL: 4.2978, Coverage: 0.0000
  Batch 630/5242, Loss: 4.2026, NLL: 4.2026, Coverage: 0.0000
  Batch 640/5242, Loss: 4.4052, NLL: 4.4052, Coverage: 0.0000
  Batch 650/5242, Loss: 4.6247, NLL: 4.6247, Coverage: 0.0000
  Batch 660/5242, Loss: 4.0488, NLL: 4.0488, Coverage: 0.0000
  Batch 670/5242, Loss: 3.9171, NLL: 3.9171, Coverage: 0.0000
  Batch 680/5242, Loss: 4.1255, NLL: 4.1255, Coverage: 0.0000
  Batch 690/5242, Loss: 4.7604, NLL: 4.7604, Coverage: 0.0000
  Batch 700/5242, Loss: 3.9804, NLL: 3.9804, Coverage: 0.0000
  Batch 710/5242, Loss: 4.3570, NLL: 4.3570, Coverage: 0.0000
  Batch 720/5242, Loss: 4.2212, NLL: 4.2212, Coverage: 0.0000
  Batch 730/5242, Loss: 4.7004, NLL: 4.7004, Coverage: 0.0000
  Batch 740/5242, Loss: 4.1297, NLL: 4.1297, Coverage: 0.0000
  Batch 750/5242, Loss: 4.4548, NLL: 4.4548, Coverage: 0.0000
  Batch 760/5242, Loss: 4.0355, NLL: 4.0355, Coverage: 0.0000
  Batch 770/5242, Loss: 4.3103, NLL: 4.3103, Coverage: 0.0000
  Batch 780/5242, Loss: 4.3379, NLL: 4.3379, Coverage: 0.0000
  Batch 790/5242, Loss: 4.6706, NLL: 4.6706, Coverage: 0.0000
  Batch 800/5242, Loss: 4.4134, NLL: 4.4134, Coverage: 0.0000
  Batch 810/5242, Loss: 4.1610, NLL: 4.1610, Coverage: 0.0000
  Batch 820/5242, Loss: 4.2160, NLL: 4.2160, Coverage: 0.0000
  Batch 830/5242, Loss: 4.5855, NLL: 4.5855, Coverage: 0.0000
  Batch 840/5242, Loss: 4.4793, NLL: 4.4793, Coverage: 0.0000
  Batch 850/5242, Loss: 4.6520, NLL: 4.6520, Coverage: 0.0000
  Batch 860/5242, Loss: 4.5591, NLL: 4.5591, Coverage: 0.0000
  Batch 870/5242, Loss: 3.6181, NLL: 3.6181, Coverage: 0.0000
  Batch 880/5242, Loss: 4.1057, NLL: 4.1057, Coverage: 0.0000
  Batch 890/5242, Loss: 3.4864, NLL: 3.4864, Coverage: 0.0000
  Batch 900/5242, Loss: 4.2153, NLL: 4.2153, Coverage: 0.0000
  Batch 910/5242, Loss: 4.8236, NLL: 4.8236, Coverage: 0.0000
  Batch 920/5242, Loss: 3.8914, NLL: 3.8914, Coverage: 0.0000
  Batch 930/5242, Loss: 4.3695, NLL: 4.3695, Coverage: 0.0000
  Batch 940/5242, Loss: 4.2827, NLL: 4.2827, Coverage: 0.0000
  Batch 950/5242, Loss: 4.6710, NLL: 4.6710, Coverage: 0.0000
  Batch 960/5242, Loss: 3.8030, NLL: 3.8030, Coverage: 0.0000
  Batch 970/5242, Loss: 4.1311, NLL: 4.1311, Coverage: 0.0000
  Batch 980/5242, Loss: 4.3308, NLL: 4.3308, Coverage: 0.0000
  Batch 990/5242, Loss: 4.1507, NLL: 4.1507, Coverage: 0.0000
  Batch 1000/5242, Loss: 4.0874, NLL: 4.0874, Coverage: 0.0000
  Batch 1010/5242, Loss: 4.1714, NLL: 4.1714, Coverage: 0.0000
  Batch 1020/5242, Loss: 4.1652, NLL: 4.1652, Coverage: 0.0000
  Batch 1030/5242, Loss: 4.0148, NLL: 4.0148, Coverage: 0.0000
  Batch 1040/5242, Loss: 4.0874, NLL: 4.0874, Coverage: 0.0000
  Batch 1050/5242, Loss: 4.5709, NLL: 4.5709, Coverage: 0.0000
  Batch 1060/5242, Loss: 4.4263, NLL: 4.4263, Coverage: 0.0000
  Batch 1070/5242, Loss: 4.6762, NLL: 4.6762, Coverage: 0.0000
  Batch 1080/5242, Loss: 3.9989, NLL: 3.9989, Coverage: 0.0000
  Batch 1090/5242, Loss: 4.0685, NLL: 4.0685, Coverage: 0.0000
  Batch 1100/5242, Loss: 3.5844, NLL: 3.5844, Coverage: 0.0000
  Batch 1110/5242, Loss: 4.1045, NLL: 4.1045, Coverage: 0.0000
  Batch 1120/5242, Loss: 4.1069, NLL: 4.1069, Coverage: 0.0000
  Batch 1130/5242, Loss: 4.5735, NLL: 4.5735, Coverage: 0.0000
  Batch 1140/5242, Loss: 4.4062, NLL: 4.4062, Coverage: 0.0000
  Batch 1150/5242, Loss: 4.2003, NLL: 4.2003, Coverage: 0.0000
  Batch 1160/5242, Loss: 4.5241, NLL: 4.5241, Coverage: 0.0000
  Batch 1170/5242, Loss: 4.4916, NLL: 4.4916, Coverage: 0.0000
  Batch 1180/5242, Loss: 4.0162, NLL: 4.0162, Coverage: 0.0000
  Batch 1190/5242, Loss: 4.1791, NLL: 4.1791, Coverage: 0.0000
  Batch 1200/5242, Loss: 3.9603, NLL: 3.9603, Coverage: 0.0000
  Batch 1210/5242, Loss: 4.2343, NLL: 4.2343, Coverage: 0.0000
  Batch 1220/5242, Loss: 3.9408, NLL: 3.9408, Coverage: 0.0000
  Batch 1230/5242, Loss: 4.1151, NLL: 4.1151, Coverage: 0.0000
  Batch 1240/5242, Loss: 4.0410, NLL: 4.0410, Coverage: 0.0000
  Batch 1250/5242, Loss: 4.3302, NLL: 4.3302, Coverage: 0.0000
  Batch 1260/5242, Loss: 4.4299, NLL: 4.4299, Coverage: 0.0000
  Batch 1270/5242, Loss: 4.0027, NLL: 4.0027, Coverage: 0.0000
  Batch 1280/5242, Loss: 4.4864, NLL: 4.4864, Coverage: 0.0000
  Batch 1290/5242, Loss: 4.3992, NLL: 4.3992, Coverage: 0.0000
  Batch 1300/5242, Loss: 4.3001, NLL: 4.3001, Coverage: 0.0000
  Batch 1310/5242, Loss: 4.5994, NLL: 4.5994, Coverage: 0.0000
  Batch 1320/5242, Loss: 4.2941, NLL: 4.2941, Coverage: 0.0000
  Batch 1330/5242, Loss: 4.4257, NLL: 4.4257, Coverage: 0.0000
  Batch 1340/5242, Loss: 4.0443, NLL: 4.0443, Coverage: 0.0000
  Batch 1350/5242, Loss: 3.8400, NLL: 3.8400, Coverage: 0.0000
  Batch 1360/5242, Loss: 3.8697, NLL: 3.8697, Coverage: 0.0000
  Batch 1370/5242, Loss: 4.1672, NLL: 4.1672, Coverage: 0.0000
  Batch 1380/5242, Loss: 4.6294, NLL: 4.6294, Coverage: 0.0000
  Batch 1390/5242, Loss: 4.5587, NLL: 4.5587, Coverage: 0.0000
  Batch 1400/5242, Loss: 4.3530, NLL: 4.3530, Coverage: 0.0000
  Batch 1410/5242, Loss: 4.7201, NLL: 4.7201, Coverage: 0.0000
  Batch 1420/5242, Loss: 4.3887, NLL: 4.3887, Coverage: 0.0000
  Batch 1430/5242, Loss: 3.4358, NLL: 3.4358, Coverage: 0.0000
  Batch 1440/5242, Loss: 3.7345, NLL: 3.7345, Coverage: 0.0000
  Batch 1450/5242, Loss: 4.0249, NLL: 4.0249, Coverage: 0.0000
  Batch 1460/5242, Loss: 4.3514, NLL: 4.3514, Coverage: 0.0000
  Batch 1470/5242, Loss: 4.3196, NLL: 4.3196, Coverage: 0.0000
  Batch 1480/5242, Loss: 4.4922, NLL: 4.4922, Coverage: 0.0000
  Batch 1490/5242, Loss: 4.1152, NLL: 4.1152, Coverage: 0.0000
  Batch 1500/5242, Loss: 4.3689, NLL: 4.3689, Coverage: 0.0000
  Batch 1510/5242, Loss: 4.3254, NLL: 4.3254, Coverage: 0.0000
  Batch 1520/5242, Loss: 4.4228, NLL: 4.4228, Coverage: 0.0000
  Batch 1530/5242, Loss: 4.3185, NLL: 4.3185, Coverage: 0.0000
  Batch 1540/5242, Loss: 4.1203, NLL: 4.1203, Coverage: 0.0000
  Batch 1550/5242, Loss: 4.1420, NLL: 4.1420, Coverage: 0.0000
  Batch 1560/5242, Loss: 4.0810, NLL: 4.0810, Coverage: 0.0000
  Batch 1570/5242, Loss: 3.9886, NLL: 3.9886, Coverage: 0.0000
  Batch 1580/5242, Loss: 4.2919, NLL: 4.2919, Coverage: 0.0000
  Batch 1590/5242, Loss: 4.1560, NLL: 4.1560, Coverage: 0.0000
  Batch 1600/5242, Loss: 4.3828, NLL: 4.3828, Coverage: 0.0000
  Batch 1610/5242, Loss: 4.4329, NLL: 4.4329, Coverage: 0.0000
  Batch 1620/5242, Loss: 3.9843, NLL: 3.9843, Coverage: 0.0000
  Batch 1630/5242, Loss: 3.9429, NLL: 3.9429, Coverage: 0.0000
  Batch 1640/5242, Loss: 4.4110, NLL: 4.4110, Coverage: 0.0000
  Batch 1650/5242, Loss: 4.2090, NLL: 4.2090, Coverage: 0.0000
  Batch 1660/5242, Loss: 4.0016, NLL: 4.0016, Coverage: 0.0000
  Batch 1670/5242, Loss: 4.2511, NLL: 4.2511, Coverage: 0.0000
  Batch 1680/5242, Loss: 3.7180, NLL: 3.7180, Coverage: 0.0000
  Batch 1690/5242, Loss: 3.9611, NLL: 3.9611, Coverage: 0.0000
  Batch 1700/5242, Loss: 4.1273, NLL: 4.1273, Coverage: 0.0000
  Batch 1710/5242, Loss: 4.3738, NLL: 4.3738, Coverage: 0.0000
  Batch 1720/5242, Loss: 4.3935, NLL: 4.3935, Coverage: 0.0000
  Batch 1730/5242, Loss: 4.4014, NLL: 4.4014, Coverage: 0.0000
  Batch 1740/5242, Loss: 4.2869, NLL: 4.2869, Coverage: 0.0000
  Batch 1750/5242, Loss: 4.7551, NLL: 4.7551, Coverage: 0.0000
  Batch 1760/5242, Loss: 3.9629, NLL: 3.9629, Coverage: 0.0000
  Batch 1770/5242, Loss: 3.9819, NLL: 3.9819, Coverage: 0.0000
  Batch 1780/5242, Loss: 4.1695, NLL: 4.1695, Coverage: 0.0000
  Batch 1790/5242, Loss: 4.6052, NLL: 4.6052, Coverage: 0.0000
  Batch 1800/5242, Loss: 4.6790, NLL: 4.6790, Coverage: 0.0000
  Batch 1810/5242, Loss: 4.2924, NLL: 4.2924, Coverage: 0.0000
  Batch 1820/5242, Loss: 4.0601, NLL: 4.0601, Coverage: 0.0000
  Batch 1830/5242, Loss: 3.8627, NLL: 3.8627, Coverage: 0.0000
  Batch 1840/5242, Loss: 3.9677, NLL: 3.9677, Coverage: 0.0000
  Batch 1850/5242, Loss: 4.0454, NLL: 4.0454, Coverage: 0.0000
  Batch 1860/5242, Loss: 4.2007, NLL: 4.2007, Coverage: 0.0000
  Batch 1870/5242, Loss: 4.1728, NLL: 4.1728, Coverage: 0.0000
  Batch 1880/5242, Loss: 4.2489, NLL: 4.2489, Coverage: 0.0000
  Batch 1890/5242, Loss: 4.2662, NLL: 4.2662, Coverage: 0.0000
  Batch 1900/5242, Loss: 4.0164, NLL: 4.0164, Coverage: 0.0000
  Batch 1910/5242, Loss: 4.2324, NLL: 4.2324, Coverage: 0.0000
  Batch 1920/5242, Loss: 4.0602, NLL: 4.0602, Coverage: 0.0000
  Batch 1930/5242, Loss: 4.5748, NLL: 4.5748, Coverage: 0.0000
  Batch 1940/5242, Loss: 4.1094, NLL: 4.1094, Coverage: 0.0000
  Batch 1950/5242, Loss: 4.3432, NLL: 4.3432, Coverage: 0.0000
  Batch 1960/5242, Loss: 4.2814, NLL: 4.2814, Coverage: 0.0000
  Batch 1970/5242, Loss: 4.3486, NLL: 4.3486, Coverage: 0.0000
  Batch 1980/5242, Loss: 3.8974, NLL: 3.8974, Coverage: 0.0000
  Batch 1990/5242, Loss: 3.8353, NLL: 3.8353, Coverage: 0.0000
  Batch 2000/5242, Loss: 4.6356, NLL: 4.6356, Coverage: 0.0000
  Batch 2010/5242, Loss: 3.9931, NLL: 3.9931, Coverage: 0.0000
  Batch 2020/5242, Loss: 4.0123, NLL: 4.0123, Coverage: 0.0000
  Batch 2030/5242, Loss: 4.2263, NLL: 4.2263, Coverage: 0.0000
  Batch 2040/5242, Loss: 4.4494, NLL: 4.4494, Coverage: 0.0000
  Batch 2050/5242, Loss: 4.4012, NLL: 4.4012, Coverage: 0.0000
  Batch 2060/5242, Loss: 4.1460, NLL: 4.1460, Coverage: 0.0000
  Batch 2070/5242, Loss: 4.7267, NLL: 4.7267, Coverage: 0.0000
  Batch 2080/5242, Loss: 4.9212, NLL: 4.9212, Coverage: 0.0000
  Batch 2090/5242, Loss: 3.8681, NLL: 3.8681, Coverage: 0.0000
  Batch 2100/5242, Loss: 4.1574, NLL: 4.1574, Coverage: 0.0000
  Batch 2110/5242, Loss: 4.5145, NLL: 4.5145, Coverage: 0.0000
  Batch 2120/5242, Loss: 4.1873, NLL: 4.1873, Coverage: 0.0000
  Batch 2130/5242, Loss: 4.0310, NLL: 4.0310, Coverage: 0.0000
  Batch 2140/5242, Loss: 3.3113, NLL: 3.3113, Coverage: 0.0000
  Batch 2150/5242, Loss: 4.1538, NLL: 4.1538, Coverage: 0.0000
  Batch 2160/5242, Loss: 4.3284, NLL: 4.3284, Coverage: 0.0000
  Batch 2170/5242, Loss: 3.9967, NLL: 3.9967, Coverage: 0.0000
  Batch 2180/5242, Loss: 4.4871, NLL: 4.4871, Coverage: 0.0000
  Batch 2190/5242, Loss: 4.4420, NLL: 4.4420, Coverage: 0.0000
  Batch 2200/5242, Loss: 3.8832, NLL: 3.8832, Coverage: 0.0000
  Batch 2210/5242, Loss: 3.7005, NLL: 3.7005, Coverage: 0.0000
  Batch 2220/5242, Loss: 4.2349, NLL: 4.2349, Coverage: 0.0000
  Batch 2230/5242, Loss: 4.3910, NLL: 4.3910, Coverage: 0.0000
  Batch 2240/5242, Loss: 4.4705, NLL: 4.4705, Coverage: 0.0000
  Batch 2250/5242, Loss: 4.4656, NLL: 4.4656, Coverage: 0.0000
  Batch 2260/5242, Loss: 4.3561, NLL: 4.3561, Coverage: 0.0000
  Batch 2270/5242, Loss: 3.9426, NLL: 3.9426, Coverage: 0.0000
  Batch 2280/5242, Loss: 3.6596, NLL: 3.6596, Coverage: 0.0000
  Batch 2290/5242, Loss: 3.9613, NLL: 3.9613, Coverage: 0.0000
  Batch 2300/5242, Loss: 4.1032, NLL: 4.1032, Coverage: 0.0000
  Batch 2310/5242, Loss: 4.2428, NLL: 4.2428, Coverage: 0.0000
  Batch 2320/5242, Loss: 4.1794, NLL: 4.1794, Coverage: 0.0000
  Batch 2330/5242, Loss: 4.2604, NLL: 4.2604, Coverage: 0.0000
  Batch 2340/5242, Loss: 4.3339, NLL: 4.3339, Coverage: 0.0000
  Batch 2350/5242, Loss: 4.5019, NLL: 4.5019, Coverage: 0.0000
  Batch 2360/5242, Loss: 4.5161, NLL: 4.5161, Coverage: 0.0000
  Batch 2370/5242, Loss: 3.9264, NLL: 3.9264, Coverage: 0.0000
  Batch 2380/5242, Loss: 4.0443, NLL: 4.0443, Coverage: 0.0000
  Batch 2390/5242, Loss: 4.1034, NLL: 4.1034, Coverage: 0.0000
  Batch 2400/5242, Loss: 4.1327, NLL: 4.1327, Coverage: 0.0000
  Batch 2410/5242, Loss: 4.5321, NLL: 4.5321, Coverage: 0.0000
  Batch 2420/5242, Loss: 4.3525, NLL: 4.3525, Coverage: 0.0000
  Batch 2430/5242, Loss: 4.6255, NLL: 4.6255, Coverage: 0.0000
  Batch 2440/5242, Loss: 3.6954, NLL: 3.6954, Coverage: 0.0000
  Batch 2450/5242, Loss: 4.2688, NLL: 4.2688, Coverage: 0.0000
  Batch 2460/5242, Loss: 4.4714, NLL: 4.4714, Coverage: 0.0000
  Batch 2470/5242, Loss: 4.0189, NLL: 4.0189, Coverage: 0.0000
  Batch 2480/5242, Loss: 3.9988, NLL: 3.9988, Coverage: 0.0000
  Batch 2490/5242, Loss: 4.0173, NLL: 4.0173, Coverage: 0.0000
  Batch 2500/5242, Loss: 3.9698, NLL: 3.9698, Coverage: 0.0000
  Batch 2510/5242, Loss: 4.2966, NLL: 4.2966, Coverage: 0.0000
  Batch 2520/5242, Loss: 4.1240, NLL: 4.1240, Coverage: 0.0000
  Batch 2530/5242, Loss: 3.8407, NLL: 3.8407, Coverage: 0.0000
  Batch 2540/5242, Loss: 4.0893, NLL: 4.0893, Coverage: 0.0000
  Batch 2550/5242, Loss: 4.2686, NLL: 4.2686, Coverage: 0.0000
  Batch 2560/5242, Loss: 4.5006, NLL: 4.5006, Coverage: 0.0000
  Batch 2570/5242, Loss: 4.2875, NLL: 4.2875, Coverage: 0.0000
  Batch 2580/5242, Loss: 3.9607, NLL: 3.9607, Coverage: 0.0000
  Batch 2590/5242, Loss: 4.3889, NLL: 4.3889, Coverage: 0.0000
  Batch 2600/5242, Loss: 4.0585, NLL: 4.0585, Coverage: 0.0000
  Batch 2610/5242, Loss: 4.2041, NLL: 4.2041, Coverage: 0.0000
  Batch 2620/5242, Loss: 4.1296, NLL: 4.1296, Coverage: 0.0000
  Batch 2630/5242, Loss: 4.7502, NLL: 4.7502, Coverage: 0.0000
  Batch 2640/5242, Loss: 3.8288, NLL: 3.8288, Coverage: 0.0000
  Batch 2650/5242, Loss: 4.1803, NLL: 4.1803, Coverage: 0.0000
  Batch 2660/5242, Loss: 3.9724, NLL: 3.9724, Coverage: 0.0000
  Batch 2670/5242, Loss: 4.0766, NLL: 4.0766, Coverage: 0.0000
  Batch 2680/5242, Loss: 4.2442, NLL: 4.2442, Coverage: 0.0000
  Batch 2690/5242, Loss: 4.0437, NLL: 4.0437, Coverage: 0.0000
  Batch 2700/5242, Loss: 4.0783, NLL: 4.0783, Coverage: 0.0000
  Batch 2710/5242, Loss: 3.9226, NLL: 3.9226, Coverage: 0.0000
  Batch 2720/5242, Loss: 3.6935, NLL: 3.6935, Coverage: 0.0000
  Batch 2730/5242, Loss: 4.0190, NLL: 4.0190, Coverage: 0.0000
  Batch 2740/5242, Loss: 4.0555, NLL: 4.0555, Coverage: 0.0000
  Batch 2750/5242, Loss: 4.3433, NLL: 4.3433, Coverage: 0.0000
  Batch 2760/5242, Loss: 4.4546, NLL: 4.4546, Coverage: 0.0000
  Batch 2770/5242, Loss: 4.1218, NLL: 4.1218, Coverage: 0.0000
  Batch 2780/5242, Loss: 4.2298, NLL: 4.2298, Coverage: 0.0000
  Batch 2790/5242, Loss: 4.3485, NLL: 4.3485, Coverage: 0.0000
  Batch 2800/5242, Loss: 4.5066, NLL: 4.5066, Coverage: 0.0000
  Batch 2810/5242, Loss: 4.1796, NLL: 4.1796, Coverage: 0.0000
  Batch 2820/5242, Loss: 4.0918, NLL: 4.0918, Coverage: 0.0000
  Batch 2830/5242, Loss: 4.5909, NLL: 4.5909, Coverage: 0.0000
  Batch 2840/5242, Loss: 4.1978, NLL: 4.1978, Coverage: 0.0000
  Batch 2850/5242, Loss: 4.6623, NLL: 4.6623, Coverage: 0.0000
  Batch 2860/5242, Loss: 4.1708, NLL: 4.1708, Coverage: 0.0000
  Batch 2870/5242, Loss: 4.3262, NLL: 4.3262, Coverage: 0.0000
  Batch 2880/5242, Loss: 4.0571, NLL: 4.0571, Coverage: 0.0000
  Batch 2890/5242, Loss: 4.4142, NLL: 4.4142, Coverage: 0.0000
  Batch 2900/5242, Loss: 4.0758, NLL: 4.0758, Coverage: 0.0000
  Batch 2910/5242, Loss: 3.8316, NLL: 3.8316, Coverage: 0.0000
  Batch 2920/5242, Loss: 3.8622, NLL: 3.8622, Coverage: 0.0000
  Batch 2930/5242, Loss: 4.4752, NLL: 4.4752, Coverage: 0.0000
  Batch 2940/5242, Loss: 3.9030, NLL: 3.9030, Coverage: 0.0000
  Batch 2950/5242, Loss: 4.2151, NLL: 4.2151, Coverage: 0.0000
  Batch 2960/5242, Loss: 3.9171, NLL: 3.9171, Coverage: 0.0000
  Batch 2970/5242, Loss: 3.9089, NLL: 3.9089, Coverage: 0.0000
  Batch 2980/5242, Loss: 4.0876, NLL: 4.0876, Coverage: 0.0000
  Batch 2990/5242, Loss: 3.9065, NLL: 3.9065, Coverage: 0.0000
  Batch 3000/5242, Loss: 4.1700, NLL: 4.1700, Coverage: 0.0000
  Batch 3010/5242, Loss: 4.5532, NLL: 4.5532, Coverage: 0.0000
  Batch 3020/5242, Loss: 3.8906, NLL: 3.8906, Coverage: 0.0000
  Batch 3030/5242, Loss: 4.3481, NLL: 4.3481, Coverage: 0.0000
  Batch 3040/5242, Loss: 4.1798, NLL: 4.1798, Coverage: 0.0000
  Batch 3050/5242, Loss: 4.3163, NLL: 4.3163, Coverage: 0.0000
  Batch 3060/5242, Loss: 4.4185, NLL: 4.4185, Coverage: 0.0000
  Batch 3070/5242, Loss: 4.2870, NLL: 4.2870, Coverage: 0.0000
  Batch 3080/5242, Loss: 3.8156, NLL: 3.8156, Coverage: 0.0000
  Batch 3090/5242, Loss: 4.1363, NLL: 4.1363, Coverage: 0.0000
  Batch 3100/5242, Loss: 3.9823, NLL: 3.9823, Coverage: 0.0000
  Batch 3110/5242, Loss: 4.1048, NLL: 4.1048, Coverage: 0.0000
  Batch 3120/5242, Loss: 3.9685, NLL: 3.9685, Coverage: 0.0000
  Batch 3130/5242, Loss: 4.1559, NLL: 4.1559, Coverage: 0.0000
  Batch 3140/5242, Loss: 4.2893, NLL: 4.2893, Coverage: 0.0000
  Batch 3150/5242, Loss: 4.2462, NLL: 4.2462, Coverage: 0.0000
  Batch 3160/5242, Loss: 4.0396, NLL: 4.0396, Coverage: 0.0000
  Batch 3170/5242, Loss: 4.4675, NLL: 4.4675, Coverage: 0.0000
  Batch 3180/5242, Loss: 4.0036, NLL: 4.0036, Coverage: 0.0000
  Batch 3190/5242, Loss: 3.6999, NLL: 3.6999, Coverage: 0.0000
  Batch 3200/5242, Loss: 4.2292, NLL: 4.2292, Coverage: 0.0000
  Batch 3210/5242, Loss: 4.2565, NLL: 4.2565, Coverage: 0.0000
  Batch 3220/5242, Loss: 4.4125, NLL: 4.4125, Coverage: 0.0000
  Batch 3230/5242, Loss: 4.4494, NLL: 4.4494, Coverage: 0.0000
  Batch 3240/5242, Loss: 4.4120, NLL: 4.4120, Coverage: 0.0000
  Batch 3250/5242, Loss: 4.4308, NLL: 4.4308, Coverage: 0.0000
  Batch 3260/5242, Loss: 4.3809, NLL: 4.3809, Coverage: 0.0000
  Batch 3270/5242, Loss: 4.2016, NLL: 4.2016, Coverage: 0.0000
  Batch 3280/5242, Loss: 4.1162, NLL: 4.1162, Coverage: 0.0000
  Batch 3290/5242, Loss: 4.6567, NLL: 4.6567, Coverage: 0.0000
  Batch 3300/5242, Loss: 4.0535, NLL: 4.0535, Coverage: 0.0000
  Batch 3310/5242, Loss: 4.1770, NLL: 4.1770, Coverage: 0.0000
  Batch 3320/5242, Loss: 3.9870, NLL: 3.9870, Coverage: 0.0000
  Batch 3330/5242, Loss: 4.1721, NLL: 4.1721, Coverage: 0.0000
  Batch 3340/5242, Loss: 4.3898, NLL: 4.3898, Coverage: 0.0000
  Batch 3350/5242, Loss: 4.2522, NLL: 4.2522, Coverage: 0.0000
  Batch 3360/5242, Loss: 4.3936, NLL: 4.3936, Coverage: 0.0000
  Batch 3370/5242, Loss: 3.9499, NLL: 3.9499, Coverage: 0.0000
  Batch 3380/5242, Loss: 3.9532, NLL: 3.9532, Coverage: 0.0000
  Batch 3390/5242, Loss: 3.8010, NLL: 3.8010, Coverage: 0.0000
  Batch 3400/5242, Loss: 4.0351, NLL: 4.0351, Coverage: 0.0000
  Batch 3410/5242, Loss: 4.5693, NLL: 4.5693, Coverage: 0.0000
  Batch 3420/5242, Loss: 4.4071, NLL: 4.4071, Coverage: 0.0000
  Batch 3430/5242, Loss: 3.6537, NLL: 3.6537, Coverage: 0.0000
  Batch 3440/5242, Loss: 4.2075, NLL: 4.2075, Coverage: 0.0000
  Batch 3450/5242, Loss: 3.9025, NLL: 3.9025, Coverage: 0.0000
  Batch 3460/5242, Loss: 4.4698, NLL: 4.4698, Coverage: 0.0000
  Batch 3470/5242, Loss: 3.9970, NLL: 3.9970, Coverage: 0.0000
  Batch 3480/5242, Loss: 3.9578, NLL: 3.9578, Coverage: 0.0000
  Batch 3490/5242, Loss: 4.2560, NLL: 4.2560, Coverage: 0.0000
  Batch 3500/5242, Loss: 3.8850, NLL: 3.8850, Coverage: 0.0000
  Batch 3510/5242, Loss: 4.2975, NLL: 4.2975, Coverage: 0.0000
  Batch 3520/5242, Loss: 4.2831, NLL: 4.2831, Coverage: 0.0000
  Batch 3530/5242, Loss: 3.9874, NLL: 3.9874, Coverage: 0.0000
  Batch 3540/5242, Loss: 4.3003, NLL: 4.3003, Coverage: 0.0000
  Batch 3550/5242, Loss: 4.2289, NLL: 4.2289, Coverage: 0.0000
  Batch 3560/5242, Loss: 3.7463, NLL: 3.7463, Coverage: 0.0000
  Batch 3570/5242, Loss: 4.2179, NLL: 4.2179, Coverage: 0.0000
  Batch 3580/5242, Loss: 3.9478, NLL: 3.9478, Coverage: 0.0000
  Batch 3590/5242, Loss: 4.1287, NLL: 4.1287, Coverage: 0.0000
  Batch 3600/5242, Loss: 4.0829, NLL: 4.0829, Coverage: 0.0000
  Batch 3610/5242, Loss: 4.1623, NLL: 4.1623, Coverage: 0.0000
  Batch 3620/5242, Loss: 4.1434, NLL: 4.1434, Coverage: 0.0000
  Batch 3630/5242, Loss: 3.9848, NLL: 3.9848, Coverage: 0.0000
  Batch 3640/5242, Loss: 4.3418, NLL: 4.3418, Coverage: 0.0000
  Batch 3650/5242, Loss: 3.8945, NLL: 3.8945, Coverage: 0.0000
  Batch 3660/5242, Loss: 4.4081, NLL: 4.4081, Coverage: 0.0000
  Batch 3670/5242, Loss: 4.8089, NLL: 4.8089, Coverage: 0.0000
  Batch 3680/5242, Loss: 3.7896, NLL: 3.7896, Coverage: 0.0000
  Batch 3690/5242, Loss: 4.1811, NLL: 4.1811, Coverage: 0.0000
  Batch 3700/5242, Loss: 4.2850, NLL: 4.2850, Coverage: 0.0000
  Batch 3710/5242, Loss: 4.1470, NLL: 4.1470, Coverage: 0.0000
  Batch 3720/5242, Loss: 4.6243, NLL: 4.6243, Coverage: 0.0000
  Batch 3730/5242, Loss: 4.1774, NLL: 4.1774, Coverage: 0.0000
  Batch 3740/5242, Loss: 4.0275, NLL: 4.0275, Coverage: 0.0000
  Batch 3750/5242, Loss: 4.2659, NLL: 4.2659, Coverage: 0.0000
  Batch 3760/5242, Loss: 3.6367, NLL: 3.6367, Coverage: 0.0000
  Batch 3770/5242, Loss: 4.4129, NLL: 4.4129, Coverage: 0.0000
  Batch 3780/5242, Loss: 3.8036, NLL: 3.8036, Coverage: 0.0000
  Batch 3790/5242, Loss: 3.7989, NLL: 3.7989, Coverage: 0.0000
  Batch 3800/5242, Loss: 4.2848, NLL: 4.2848, Coverage: 0.0000
  Batch 3810/5242, Loss: 4.2710, NLL: 4.2710, Coverage: 0.0000
  Batch 3820/5242, Loss: 4.3760, NLL: 4.3760, Coverage: 0.0000
  Batch 3830/5242, Loss: 3.9383, NLL: 3.9383, Coverage: 0.0000
  Batch 3840/5242, Loss: 4.2261, NLL: 4.2261, Coverage: 0.0000
  Batch 3850/5242, Loss: 4.2402, NLL: 4.2402, Coverage: 0.0000
  Batch 3860/5242, Loss: 4.3068, NLL: 4.3068, Coverage: 0.0000
  Batch 3870/5242, Loss: 3.7933, NLL: 3.7933, Coverage: 0.0000
  Batch 3880/5242, Loss: 4.7213, NLL: 4.7213, Coverage: 0.0000
  Batch 3890/5242, Loss: 3.9889, NLL: 3.9889, Coverage: 0.0000
  Batch 3900/5242, Loss: 4.0221, NLL: 4.0221, Coverage: 0.0000
  Batch 3910/5242, Loss: 4.5020, NLL: 4.5020, Coverage: 0.0000
  Batch 3920/5242, Loss: 4.4887, NLL: 4.4887, Coverage: 0.0000
  Batch 3930/5242, Loss: 4.3382, NLL: 4.3382, Coverage: 0.0000
  Batch 3940/5242, Loss: 4.4550, NLL: 4.4550, Coverage: 0.0000
  Batch 3950/5242, Loss: 4.1068, NLL: 4.1068, Coverage: 0.0000
  Batch 3960/5242, Loss: 4.1095, NLL: 4.1095, Coverage: 0.0000
  Batch 3970/5242, Loss: 4.3734, NLL: 4.3734, Coverage: 0.0000
  Batch 3980/5242, Loss: 3.8980, NLL: 3.8980, Coverage: 0.0000
  Batch 3990/5242, Loss: 3.7822, NLL: 3.7822, Coverage: 0.0000
  Batch 4000/5242, Loss: 3.5484, NLL: 3.5484, Coverage: 0.0000
  Batch 4010/5242, Loss: 4.1470, NLL: 4.1470, Coverage: 0.0000
  Batch 4020/5242, Loss: 4.0881, NLL: 4.0881, Coverage: 0.0000
  Batch 4030/5242, Loss: 3.6970, NLL: 3.6970, Coverage: 0.0000
  Batch 4040/5242, Loss: 4.0882, NLL: 4.0882, Coverage: 0.0000
  Batch 4050/5242, Loss: 4.4481, NLL: 4.4481, Coverage: 0.0000
  Batch 4060/5242, Loss: 4.5469, NLL: 4.5469, Coverage: 0.0000
  Batch 4070/5242, Loss: 4.1924, NLL: 4.1924, Coverage: 0.0000
  Batch 4080/5242, Loss: 4.2061, NLL: 4.2061, Coverage: 0.0000
  Batch 4090/5242, Loss: 3.8891, NLL: 3.8891, Coverage: 0.0000
  Batch 4100/5242, Loss: 4.1039, NLL: 4.1039, Coverage: 0.0000
  Batch 4110/5242, Loss: 4.7628, NLL: 4.7628, Coverage: 0.0000
  Batch 4120/5242, Loss: 3.8096, NLL: 3.8096, Coverage: 0.0000
  Batch 4130/5242, Loss: 3.8804, NLL: 3.8804, Coverage: 0.0000
  Batch 4140/5242, Loss: 3.9726, NLL: 3.9726, Coverage: 0.0000
  Batch 4150/5242, Loss: 4.1816, NLL: 4.1816, Coverage: 0.0000
  Batch 4160/5242, Loss: 4.4123, NLL: 4.4123, Coverage: 0.0000
  Batch 4170/5242, Loss: 4.4163, NLL: 4.4163, Coverage: 0.0000
  Batch 4180/5242, Loss: 4.2150, NLL: 4.2150, Coverage: 0.0000
  Batch 4190/5242, Loss: 4.1382, NLL: 4.1382, Coverage: 0.0000
  Batch 4200/5242, Loss: 3.9449, NLL: 3.9449, Coverage: 0.0000
  Batch 4210/5242, Loss: 4.3525, NLL: 4.3525, Coverage: 0.0000
  Batch 4220/5242, Loss: 4.2975, NLL: 4.2975, Coverage: 0.0000
  Batch 4230/5242, Loss: 4.1509, NLL: 4.1509, Coverage: 0.0000
  Batch 4240/5242, Loss: 4.3239, NLL: 4.3239, Coverage: 0.0000
  Batch 4250/5242, Loss: 3.7714, NLL: 3.7714, Coverage: 0.0000
  Batch 4260/5242, Loss: 4.3949, NLL: 4.3949, Coverage: 0.0000
  Batch 4270/5242, Loss: 4.5213, NLL: 4.5213, Coverage: 0.0000
  Batch 4280/5242, Loss: 4.4224, NLL: 4.4224, Coverage: 0.0000
  Batch 4290/5242, Loss: 4.1710, NLL: 4.1710, Coverage: 0.0000
  Batch 4300/5242, Loss: 3.7080, NLL: 3.7080, Coverage: 0.0000
  Batch 4310/5242, Loss: 3.7821, NLL: 3.7821, Coverage: 0.0000
  Batch 4320/5242, Loss: 4.3727, NLL: 4.3727, Coverage: 0.0000
  Batch 4330/5242, Loss: 4.3402, NLL: 4.3402, Coverage: 0.0000
  Batch 4340/5242, Loss: 4.4362, NLL: 4.4362, Coverage: 0.0000
  Batch 4350/5242, Loss: 3.9819, NLL: 3.9819, Coverage: 0.0000
  Batch 4360/5242, Loss: 4.4092, NLL: 4.4092, Coverage: 0.0000
  Batch 4370/5242, Loss: 4.0574, NLL: 4.0574, Coverage: 0.0000
  Batch 4380/5242, Loss: 3.8815, NLL: 3.8815, Coverage: 0.0000
  Batch 4390/5242, Loss: 4.2598, NLL: 4.2598, Coverage: 0.0000
  Batch 4400/5242, Loss: 4.4978, NLL: 4.4978, Coverage: 0.0000
  Batch 4410/5242, Loss: 4.3376, NLL: 4.3376, Coverage: 0.0000
  Batch 4420/5242, Loss: 4.1939, NLL: 4.1939, Coverage: 0.0000
  Batch 4430/5242, Loss: 4.3471, NLL: 4.3471, Coverage: 0.0000
  Batch 4440/5242, Loss: 4.4614, NLL: 4.4614, Coverage: 0.0000
  Batch 4450/5242, Loss: 4.2540, NLL: 4.2540, Coverage: 0.0000
  Batch 4460/5242, Loss: 3.9756, NLL: 3.9756, Coverage: 0.0000
  Batch 4470/5242, Loss: 4.5006, NLL: 4.5006, Coverage: 0.0000
  Batch 4480/5242, Loss: 4.1781, NLL: 4.1781, Coverage: 0.0000
  Batch 4490/5242, Loss: 4.3949, NLL: 4.3949, Coverage: 0.0000
  Batch 4500/5242, Loss: 3.7551, NLL: 3.7551, Coverage: 0.0000
  Batch 4510/5242, Loss: 4.0868, NLL: 4.0868, Coverage: 0.0000
  Batch 4520/5242, Loss: 4.7505, NLL: 4.7505, Coverage: 0.0000
  Batch 4530/5242, Loss: 4.4253, NLL: 4.4253, Coverage: 0.0000
  Batch 4540/5242, Loss: 4.2515, NLL: 4.2515, Coverage: 0.0000
  Batch 4550/5242, Loss: 4.1960, NLL: 4.1960, Coverage: 0.0000
  Batch 4560/5242, Loss: 4.2723, NLL: 4.2723, Coverage: 0.0000
  Batch 4570/5242, Loss: 3.9337, NLL: 3.9337, Coverage: 0.0000
  Batch 4580/5242, Loss: 4.2042, NLL: 4.2042, Coverage: 0.0000
  Batch 4590/5242, Loss: 4.3879, NLL: 4.3879, Coverage: 0.0000
  Batch 4600/5242, Loss: 4.4030, NLL: 4.4030, Coverage: 0.0000
  Batch 4610/5242, Loss: 4.3313, NLL: 4.3313, Coverage: 0.0000
  Batch 4620/5242, Loss: 3.6780, NLL: 3.6780, Coverage: 0.0000
  Batch 4630/5242, Loss: 4.3883, NLL: 4.3883, Coverage: 0.0000
  Batch 4640/5242, Loss: 4.0785, NLL: 4.0785, Coverage: 0.0000
  Batch 4650/5242, Loss: 3.9711, NLL: 3.9711, Coverage: 0.0000
  Batch 4660/5242, Loss: 4.6473, NLL: 4.6473, Coverage: 0.0000
  Batch 4670/5242, Loss: 4.2944, NLL: 4.2944, Coverage: 0.0000
  Batch 4680/5242, Loss: 4.2284, NLL: 4.2284, Coverage: 0.0000
  Batch 4690/5242, Loss: 3.9258, NLL: 3.9258, Coverage: 0.0000
  Batch 4700/5242, Loss: 4.0389, NLL: 4.0389, Coverage: 0.0000
  Batch 4710/5242, Loss: 3.9887, NLL: 3.9887, Coverage: 0.0000
  Batch 4720/5242, Loss: 4.1176, NLL: 4.1176, Coverage: 0.0000
  Batch 4730/5242, Loss: 4.2771, NLL: 4.2771, Coverage: 0.0000
  Batch 4740/5242, Loss: 4.2074, NLL: 4.2074, Coverage: 0.0000
  Batch 4750/5242, Loss: 4.5565, NLL: 4.5565, Coverage: 0.0000
  Batch 4760/5242, Loss: 4.0943, NLL: 4.0943, Coverage: 0.0000
  Batch 4770/5242, Loss: 3.7033, NLL: 3.7033, Coverage: 0.0000
  Batch 4780/5242, Loss: 3.9851, NLL: 3.9851, Coverage: 0.0000
  Batch 4790/5242, Loss: 4.4249, NLL: 4.4249, Coverage: 0.0000
  Batch 4800/5242, Loss: 4.3267, NLL: 4.3267, Coverage: 0.0000
  Batch 4810/5242, Loss: 4.6140, NLL: 4.6140, Coverage: 0.0000
  Batch 4820/5242, Loss: 4.1007, NLL: 4.1007, Coverage: 0.0000
  Batch 4830/5242, Loss: 4.1745, NLL: 4.1745, Coverage: 0.0000
  Batch 4840/5242, Loss: 4.2169, NLL: 4.2169, Coverage: 0.0000
  Batch 4850/5242, Loss: 4.3862, NLL: 4.3862, Coverage: 0.0000
  Batch 4860/5242, Loss: 4.2498, NLL: 4.2498, Coverage: 0.0000
  Batch 4870/5242, Loss: 4.1675, NLL: 4.1675, Coverage: 0.0000
  Batch 4880/5242, Loss: 4.2720, NLL: 4.2720, Coverage: 0.0000
  Batch 4890/5242, Loss: 4.3753, NLL: 4.3753, Coverage: 0.0000
  Batch 4900/5242, Loss: 3.9337, NLL: 3.9337, Coverage: 0.0000
  Batch 4910/5242, Loss: 4.4700, NLL: 4.4700, Coverage: 0.0000
  Batch 4920/5242, Loss: 3.7983, NLL: 3.7983, Coverage: 0.0000
  Batch 4930/5242, Loss: 4.0736, NLL: 4.0736, Coverage: 0.0000
  Batch 4940/5242, Loss: 4.1149, NLL: 4.1149, Coverage: 0.0000
  Batch 4950/5242, Loss: 4.4653, NLL: 4.4653, Coverage: 0.0000
  Batch 4960/5242, Loss: 4.3348, NLL: 4.3348, Coverage: 0.0000
  Batch 4970/5242, Loss: 4.2593, NLL: 4.2593, Coverage: 0.0000
  Batch 4980/5242, Loss: 4.5040, NLL: 4.5040, Coverage: 0.0000
  Batch 4990/5242, Loss: 3.8035, NLL: 3.8035, Coverage: 0.0000
  Batch 5000/5242, Loss: 4.1825, NLL: 4.1825, Coverage: 0.0000
  Batch 5010/5242, Loss: 4.1441, NLL: 4.1441, Coverage: 0.0000
  Batch 5020/5242, Loss: 4.1096, NLL: 4.1096, Coverage: 0.0000
  Batch 5030/5242, Loss: 4.0705, NLL: 4.0705, Coverage: 0.0000
  Batch 5040/5242, Loss: 4.1689, NLL: 4.1689, Coverage: 0.0000
  Batch 5050/5242, Loss: 3.9863, NLL: 3.9863, Coverage: 0.0000
  Batch 5060/5242, Loss: 4.3862, NLL: 4.3862, Coverage: 0.0000
  Batch 5070/5242, Loss: 4.0333, NLL: 4.0333, Coverage: 0.0000
  Batch 5080/5242, Loss: 4.5652, NLL: 4.5652, Coverage: 0.0000
  Batch 5090/5242, Loss: 4.0879, NLL: 4.0879, Coverage: 0.0000
  Batch 5100/5242, Loss: 4.0943, NLL: 4.0943, Coverage: 0.0000
  Batch 5110/5242, Loss: 4.6353, NLL: 4.6353, Coverage: 0.0000
  Batch 5120/5242, Loss: 4.0605, NLL: 4.0605, Coverage: 0.0000
  Batch 5130/5242, Loss: 3.6558, NLL: 3.6558, Coverage: 0.0000
  Batch 5140/5242, Loss: 4.3035, NLL: 4.3035, Coverage: 0.0000
  Batch 5150/5242, Loss: 4.0407, NLL: 4.0407, Coverage: 0.0000
  Batch 5160/5242, Loss: 3.7191, NLL: 3.7191, Coverage: 0.0000
  Batch 5170/5242, Loss: 4.4356, NLL: 4.4356, Coverage: 0.0000
  Batch 5180/5242, Loss: 4.0494, NLL: 4.0494, Coverage: 0.0000
  Batch 5190/5242, Loss: 4.0122, NLL: 4.0122, Coverage: 0.0000
  Batch 5200/5242, Loss: 3.9547, NLL: 3.9547, Coverage: 0.0000
  Batch 5210/5242, Loss: 4.2294, NLL: 4.2294, Coverage: 0.0000
  Batch 5220/5242, Loss: 4.0262, NLL: 4.0262, Coverage: 0.0000
  Batch 5230/5242, Loss: 4.6448, NLL: 4.6448, Coverage: 0.0000
  Batch 5240/5242, Loss: 4.1583, NLL: 4.1583, Coverage: 0.0000

  Train Loss: 4.1986 (NLL: 4.1986, Cov: 0.0000)
  Val Loss: 6.3434 (NLL: 6.3434, Cov: 0.0000)
  Time: 34m 16s

Epoch 8/20
----------------------------------------
  Batch 10/5242, Loss: 3.8614, NLL: 3.8614, Coverage: 0.0000
  Batch 20/5242, Loss: 4.3603, NLL: 4.3603, Coverage: 0.0000
  Batch 30/5242, Loss: 4.0704, NLL: 4.0704, Coverage: 0.0000
  Batch 40/5242, Loss: 4.2970, NLL: 4.2970, Coverage: 0.0000
  Batch 50/5242, Loss: 3.9153, NLL: 3.9153, Coverage: 0.0000
  Batch 60/5242, Loss: 3.8861, NLL: 3.8861, Coverage: 0.0000
  Batch 70/5242, Loss: 4.2298, NLL: 4.2298, Coverage: 0.0000
  Batch 80/5242, Loss: 3.9981, NLL: 3.9981, Coverage: 0.0000
  Batch 90/5242, Loss: 4.2337, NLL: 4.2337, Coverage: 0.0000
  Batch 100/5242, Loss: 3.8902, NLL: 3.8902, Coverage: 0.0000
  Batch 110/5242, Loss: 4.3716, NLL: 4.3716, Coverage: 0.0000
  Batch 120/5242, Loss: 4.0247, NLL: 4.0247, Coverage: 0.0000
  Batch 130/5242, Loss: 3.7629, NLL: 3.7629, Coverage: 0.0000
  Batch 140/5242, Loss: 3.7513, NLL: 3.7513, Coverage: 0.0000
  Batch 150/5242, Loss: 4.4567, NLL: 4.4567, Coverage: 0.0000
  Batch 160/5242, Loss: 4.5751, NLL: 4.5751, Coverage: 0.0000
  Batch 170/5242, Loss: 4.5309, NLL: 4.5309, Coverage: 0.0000
  Batch 180/5242, Loss: 4.5255, NLL: 4.5255, Coverage: 0.0000
  Batch 190/5242, Loss: 4.0732, NLL: 4.0732, Coverage: 0.0000
  Batch 200/5242, Loss: 4.3772, NLL: 4.3772, Coverage: 0.0000
  Batch 210/5242, Loss: 4.1477, NLL: 4.1477, Coverage: 0.0000
  Batch 220/5242, Loss: 4.2098, NLL: 4.2098, Coverage: 0.0000
  Batch 230/5242, Loss: 4.3050, NLL: 4.3050, Coverage: 0.0000
  Batch 240/5242, Loss: 3.8539, NLL: 3.8539, Coverage: 0.0000
  Batch 250/5242, Loss: 3.7657, NLL: 3.7657, Coverage: 0.0000
  Batch 260/5242, Loss: 3.7736, NLL: 3.7736, Coverage: 0.0000
  Batch 270/5242, Loss: 3.7458, NLL: 3.7458, Coverage: 0.0000
  Batch 280/5242, Loss: 4.0525, NLL: 4.0525, Coverage: 0.0000
  Batch 290/5242, Loss: 3.9025, NLL: 3.9025, Coverage: 0.0000
  Batch 300/5242, Loss: 4.2231, NLL: 4.2231, Coverage: 0.0000
  Batch 310/5242, Loss: 3.9282, NLL: 3.9282, Coverage: 0.0000
  Batch 320/5242, Loss: 4.1898, NLL: 4.1898, Coverage: 0.0000
  Batch 330/5242, Loss: 3.9475, NLL: 3.9475, Coverage: 0.0000
  Batch 340/5242, Loss: 4.4241, NLL: 4.4241, Coverage: 0.0000
  Batch 350/5242, Loss: 4.2227, NLL: 4.2227, Coverage: 0.0000
  Batch 360/5242, Loss: 4.5987, NLL: 4.5987, Coverage: 0.0000
  Batch 370/5242, Loss: 3.8736, NLL: 3.8736, Coverage: 0.0000
  Batch 380/5242, Loss: 4.3599, NLL: 4.3599, Coverage: 0.0000
  Batch 390/5242, Loss: 3.4618, NLL: 3.4618, Coverage: 0.0000
  Batch 400/5242, Loss: 4.0633, NLL: 4.0633, Coverage: 0.0000
  Batch 410/5242, Loss: 4.5546, NLL: 4.5546, Coverage: 0.0000
  Batch 420/5242, Loss: 4.1733, NLL: 4.1733, Coverage: 0.0000
  Batch 430/5242, Loss: 3.8507, NLL: 3.8507, Coverage: 0.0000
  Batch 440/5242, Loss: 4.3256, NLL: 4.3256, Coverage: 0.0000
  Batch 450/5242, Loss: 4.2025, NLL: 4.2025, Coverage: 0.0000
  Batch 460/5242, Loss: 4.5714, NLL: 4.5714, Coverage: 0.0000
  Batch 470/5242, Loss: 4.3652, NLL: 4.3652, Coverage: 0.0000
  Batch 480/5242, Loss: 4.3486, NLL: 4.3486, Coverage: 0.0000
  Batch 490/5242, Loss: 3.7964, NLL: 3.7964, Coverage: 0.0000
  Batch 500/5242, Loss: 3.9448, NLL: 3.9448, Coverage: 0.0000
  Batch 510/5242, Loss: 4.0536, NLL: 4.0536, Coverage: 0.0000
  Batch 520/5242, Loss: 3.6600, NLL: 3.6600, Coverage: 0.0000
  Batch 530/5242, Loss: 4.2766, NLL: 4.2766, Coverage: 0.0000
  Batch 540/5242, Loss: 4.0430, NLL: 4.0430, Coverage: 0.0000
  Batch 550/5242, Loss: 3.9858, NLL: 3.9858, Coverage: 0.0000
  Batch 560/5242, Loss: 3.7913, NLL: 3.7913, Coverage: 0.0000
  Batch 570/5242, Loss: 4.5498, NLL: 4.5498, Coverage: 0.0000
  Batch 580/5242, Loss: 3.6616, NLL: 3.6616, Coverage: 0.0000
  Batch 590/5242, Loss: 4.1748, NLL: 4.1748, Coverage: 0.0000
  Batch 600/5242, Loss: 4.3584, NLL: 4.3584, Coverage: 0.0000
  Batch 610/5242, Loss: 4.1912, NLL: 4.1912, Coverage: 0.0000
  Batch 620/5242, Loss: 3.8147, NLL: 3.8147, Coverage: 0.0000
  Batch 630/5242, Loss: 4.2921, NLL: 4.2921, Coverage: 0.0000
  Batch 640/5242, Loss: 4.2405, NLL: 4.2405, Coverage: 0.0000
  Batch 650/5242, Loss: 3.8206, NLL: 3.8206, Coverage: 0.0000
  Batch 660/5242, Loss: 4.1537, NLL: 4.1537, Coverage: 0.0000
  Batch 670/5242, Loss: 3.8186, NLL: 3.8186, Coverage: 0.0000
  Batch 680/5242, Loss: 4.0824, NLL: 4.0824, Coverage: 0.0000
  Batch 690/5242, Loss: 4.1312, NLL: 4.1312, Coverage: 0.0000
  Batch 700/5242, Loss: 4.1953, NLL: 4.1953, Coverage: 0.0000
  Batch 710/5242, Loss: 4.2076, NLL: 4.2076, Coverage: 0.0000
  Batch 720/5242, Loss: 4.1120, NLL: 4.1120, Coverage: 0.0000
  Batch 730/5242, Loss: 4.1496, NLL: 4.1496, Coverage: 0.0000
  Batch 740/5242, Loss: 4.1934, NLL: 4.1934, Coverage: 0.0000
  Batch 750/5242, Loss: 4.2259, NLL: 4.2259, Coverage: 0.0000
  Batch 760/5242, Loss: 4.0545, NLL: 4.0545, Coverage: 0.0000
  Batch 770/5242, Loss: 3.2494, NLL: 3.2494, Coverage: 0.0000
  Batch 780/5242, Loss: 4.1519, NLL: 4.1519, Coverage: 0.0000
  Batch 790/5242, Loss: 4.1714, NLL: 4.1714, Coverage: 0.0000
  Batch 800/5242, Loss: 4.2909, NLL: 4.2909, Coverage: 0.0000
  Batch 810/5242, Loss: 4.1398, NLL: 4.1398, Coverage: 0.0000
  Batch 820/5242, Loss: 4.5188, NLL: 4.5188, Coverage: 0.0000
  Batch 830/5242, Loss: 3.9026, NLL: 3.9026, Coverage: 0.0000
  Batch 840/5242, Loss: 4.2746, NLL: 4.2746, Coverage: 0.0000
  Batch 850/5242, Loss: 4.5200, NLL: 4.5200, Coverage: 0.0000
  Batch 860/5242, Loss: 4.2157, NLL: 4.2157, Coverage: 0.0000
  Batch 870/5242, Loss: 3.8122, NLL: 3.8122, Coverage: 0.0000
  Batch 880/5242, Loss: 4.0789, NLL: 4.0789, Coverage: 0.0000
  Batch 890/5242, Loss: 4.5504, NLL: 4.5504, Coverage: 0.0000
  Batch 900/5242, Loss: 4.3698, NLL: 4.3698, Coverage: 0.0000
  Batch 910/5242, Loss: 3.7705, NLL: 3.7705, Coverage: 0.0000
  Batch 920/5242, Loss: 3.9901, NLL: 3.9901, Coverage: 0.0000
  Batch 930/5242, Loss: 4.2013, NLL: 4.2013, Coverage: 0.0000
  Batch 940/5242, Loss: 3.9627, NLL: 3.9627, Coverage: 0.0000
  Batch 950/5242, Loss: 3.6155, NLL: 3.6155, Coverage: 0.0000
  Batch 960/5242, Loss: 3.9529, NLL: 3.9529, Coverage: 0.0000
  Batch 970/5242, Loss: 4.2212, NLL: 4.2212, Coverage: 0.0000
  Batch 980/5242, Loss: 4.0972, NLL: 4.0972, Coverage: 0.0000
  Batch 990/5242, Loss: 4.0274, NLL: 4.0274, Coverage: 0.0000
  Batch 1000/5242, Loss: 3.7408, NLL: 3.7408, Coverage: 0.0000
  Batch 1010/5242, Loss: 3.9707, NLL: 3.9707, Coverage: 0.0000
  Batch 1020/5242, Loss: 4.6901, NLL: 4.6901, Coverage: 0.0000
  Batch 1030/5242, Loss: 4.1642, NLL: 4.1642, Coverage: 0.0000
  Batch 1040/5242, Loss: 4.3036, NLL: 4.3036, Coverage: 0.0000
  Batch 1050/5242, Loss: 4.3328, NLL: 4.3328, Coverage: 0.0000
  Batch 1060/5242, Loss: 3.8332, NLL: 3.8332, Coverage: 0.0000
  Batch 1070/5242, Loss: 4.3324, NLL: 4.3324, Coverage: 0.0000
  Batch 1080/5242, Loss: 4.0990, NLL: 4.0990, Coverage: 0.0000
  Batch 1090/5242, Loss: 4.5865, NLL: 4.5865, Coverage: 0.0000
  Batch 1100/5242, Loss: 3.9040, NLL: 3.9040, Coverage: 0.0000
  Batch 1110/5242, Loss: 4.3900, NLL: 4.3900, Coverage: 0.0000
  Batch 1120/5242, Loss: 4.1578, NLL: 4.1578, Coverage: 0.0000
  Batch 1130/5242, Loss: 4.0525, NLL: 4.0525, Coverage: 0.0000
  Batch 1140/5242, Loss: 4.0187, NLL: 4.0187, Coverage: 0.0000
  Batch 1150/5242, Loss: 3.8990, NLL: 3.8990, Coverage: 0.0000
  Batch 1160/5242, Loss: 4.0987, NLL: 4.0987, Coverage: 0.0000
  Batch 1170/5242, Loss: 3.8548, NLL: 3.8548, Coverage: 0.0000
  Batch 1180/5242, Loss: 4.9002, NLL: 4.9002, Coverage: 0.0000
  Batch 1190/5242, Loss: 4.1686, NLL: 4.1686, Coverage: 0.0000
  Batch 1200/5242, Loss: 4.0171, NLL: 4.0171, Coverage: 0.0000
  Batch 1210/5242, Loss: 3.5342, NLL: 3.5342, Coverage: 0.0000
  Batch 1220/5242, Loss: 4.2847, NLL: 4.2847, Coverage: 0.0000
  Batch 1230/5242, Loss: 4.2323, NLL: 4.2323, Coverage: 0.0000
  Batch 1240/5242, Loss: 3.7745, NLL: 3.7745, Coverage: 0.0000
  Batch 1250/5242, Loss: 4.7124, NLL: 4.7124, Coverage: 0.0000
  Batch 1260/5242, Loss: 4.3677, NLL: 4.3677, Coverage: 0.0000
  Batch 1270/5242, Loss: 4.0733, NLL: 4.0733, Coverage: 0.0000
  Batch 1280/5242, Loss: 4.2111, NLL: 4.2111, Coverage: 0.0000
  Batch 1290/5242, Loss: 3.9828, NLL: 3.9828, Coverage: 0.0000
  Batch 1300/5242, Loss: 4.0499, NLL: 4.0499, Coverage: 0.0000
  Batch 1310/5242, Loss: 3.7253, NLL: 3.7253, Coverage: 0.0000
  Batch 1320/5242, Loss: 4.4094, NLL: 4.4094, Coverage: 0.0000
  Batch 1330/5242, Loss: 4.3186, NLL: 4.3186, Coverage: 0.0000
  Batch 1340/5242, Loss: 4.2136, NLL: 4.2136, Coverage: 0.0000
  Batch 1350/5242, Loss: 4.1923, NLL: 4.1923, Coverage: 0.0000
  Batch 1360/5242, Loss: 3.9279, NLL: 3.9279, Coverage: 0.0000
  Batch 1370/5242, Loss: 4.6453, NLL: 4.6453, Coverage: 0.0000
  Batch 1380/5242, Loss: 4.2361, NLL: 4.2361, Coverage: 0.0000
  Batch 1390/5242, Loss: 4.3265, NLL: 4.3265, Coverage: 0.0000
  Batch 1400/5242, Loss: 4.3636, NLL: 4.3636, Coverage: 0.0000
  Batch 1410/5242, Loss: 3.9968, NLL: 3.9968, Coverage: 0.0000
  Batch 1420/5242, Loss: 3.8767, NLL: 3.8767, Coverage: 0.0000
  Batch 1430/5242, Loss: 4.1622, NLL: 4.1622, Coverage: 0.0000
  Batch 1440/5242, Loss: 4.0967, NLL: 4.0967, Coverage: 0.0000
  Batch 1450/5242, Loss: 4.4937, NLL: 4.4937, Coverage: 0.0000
  Batch 1460/5242, Loss: 4.5010, NLL: 4.5010, Coverage: 0.0000
  Batch 1470/5242, Loss: 3.8116, NLL: 3.8116, Coverage: 0.0000
  Batch 1480/5242, Loss: 4.0744, NLL: 4.0744, Coverage: 0.0000
  Batch 1490/5242, Loss: 4.4529, NLL: 4.4529, Coverage: 0.0000
  Batch 1500/5242, Loss: 3.9155, NLL: 3.9155, Coverage: 0.0000
  Batch 1510/5242, Loss: 4.0720, NLL: 4.0720, Coverage: 0.0000
  Batch 1520/5242, Loss: 3.7960, NLL: 3.7960, Coverage: 0.0000
  Batch 1530/5242, Loss: 3.9349, NLL: 3.9349, Coverage: 0.0000
  Batch 1540/5242, Loss: 4.1087, NLL: 4.1087, Coverage: 0.0000
  Batch 1550/5242, Loss: 4.0912, NLL: 4.0912, Coverage: 0.0000
  Batch 1560/5242, Loss: 4.0979, NLL: 4.0979, Coverage: 0.0000
  Batch 1570/5242, Loss: 4.3189, NLL: 4.3189, Coverage: 0.0000
  Batch 1580/5242, Loss: 4.0979, NLL: 4.0979, Coverage: 0.0000
  Batch 1590/5242, Loss: 3.8490, NLL: 3.8490, Coverage: 0.0000
  Batch 1600/5242, Loss: 4.4513, NLL: 4.4513, Coverage: 0.0000
  Batch 1610/5242, Loss: 4.1136, NLL: 4.1136, Coverage: 0.0000
  Batch 1620/5242, Loss: 4.1253, NLL: 4.1253, Coverage: 0.0000
  Batch 1630/5242, Loss: 4.1002, NLL: 4.1002, Coverage: 0.0000
  Batch 1640/5242, Loss: 4.3821, NLL: 4.3821, Coverage: 0.0000
  Batch 1650/5242, Loss: 4.3828, NLL: 4.3828, Coverage: 0.0000
  Batch 1660/5242, Loss: 3.7782, NLL: 3.7782, Coverage: 0.0000
  Batch 1670/5242, Loss: 3.9552, NLL: 3.9552, Coverage: 0.0000
  Batch 1680/5242, Loss: 4.0137, NLL: 4.0137, Coverage: 0.0000
  Batch 1690/5242, Loss: 4.6320, NLL: 4.6320, Coverage: 0.0000
  Batch 1700/5242, Loss: 4.0185, NLL: 4.0185, Coverage: 0.0000
  Batch 1710/5242, Loss: 4.2238, NLL: 4.2238, Coverage: 0.0000
  Batch 1720/5242, Loss: 4.0061, NLL: 4.0061, Coverage: 0.0000
  Batch 1730/5242, Loss: 4.4267, NLL: 4.4267, Coverage: 0.0000
  Batch 1740/5242, Loss: 4.3422, NLL: 4.3422, Coverage: 0.0000
  Batch 1750/5242, Loss: 4.6622, NLL: 4.6622, Coverage: 0.0000
  Batch 1760/5242, Loss: 4.2911, NLL: 4.2911, Coverage: 0.0000
  Batch 1770/5242, Loss: 4.0173, NLL: 4.0173, Coverage: 0.0000
  Batch 1780/5242, Loss: 4.5406, NLL: 4.5406, Coverage: 0.0000
  Batch 1790/5242, Loss: 4.0519, NLL: 4.0519, Coverage: 0.0000
  Batch 1800/5242, Loss: 4.4599, NLL: 4.4599, Coverage: 0.0000
  Batch 1810/5242, Loss: 3.8940, NLL: 3.8940, Coverage: 0.0000
  Batch 1820/5242, Loss: 4.0303, NLL: 4.0303, Coverage: 0.0000
  Batch 1830/5242, Loss: 4.2069, NLL: 4.2069, Coverage: 0.0000
  Batch 1840/5242, Loss: 4.2965, NLL: 4.2965, Coverage: 0.0000
  Batch 1850/5242, Loss: 4.1698, NLL: 4.1698, Coverage: 0.0000
  Batch 1860/5242, Loss: 4.2674, NLL: 4.2674, Coverage: 0.0000
  Batch 1870/5242, Loss: 3.7382, NLL: 3.7382, Coverage: 0.0000
  Batch 1880/5242, Loss: 4.1502, NLL: 4.1502, Coverage: 0.0000
  Batch 1890/5242, Loss: 4.1218, NLL: 4.1218, Coverage: 0.0000
  Batch 1900/5242, Loss: 4.0373, NLL: 4.0373, Coverage: 0.0000
  Batch 1910/5242, Loss: 3.5491, NLL: 3.5491, Coverage: 0.0000
  Batch 1920/5242, Loss: 4.0843, NLL: 4.0843, Coverage: 0.0000
  Batch 1930/5242, Loss: 3.9799, NLL: 3.9799, Coverage: 0.0000
  Batch 1940/5242, Loss: 4.2154, NLL: 4.2154, Coverage: 0.0000
  Batch 1950/5242, Loss: 4.4709, NLL: 4.4709, Coverage: 0.0000
  Batch 1960/5242, Loss: 3.9660, NLL: 3.9660, Coverage: 0.0000
  Batch 1970/5242, Loss: 4.2124, NLL: 4.2124, Coverage: 0.0000
  Batch 1980/5242, Loss: 4.1726, NLL: 4.1726, Coverage: 0.0000
  Batch 1990/5242, Loss: 4.2690, NLL: 4.2690, Coverage: 0.0000
  Batch 2000/5242, Loss: 3.8582, NLL: 3.8582, Coverage: 0.0000
  Batch 2010/5242, Loss: 4.3402, NLL: 4.3402, Coverage: 0.0000
  Batch 2020/5242, Loss: 4.2594, NLL: 4.2594, Coverage: 0.0000
  Batch 2030/5242, Loss: 4.0495, NLL: 4.0495, Coverage: 0.0000
  Batch 2040/5242, Loss: 3.6663, NLL: 3.6663, Coverage: 0.0000
  Batch 2050/5242, Loss: 4.2408, NLL: 4.2408, Coverage: 0.0000
  Batch 2060/5242, Loss: 4.5241, NLL: 4.5241, Coverage: 0.0000
  Batch 2070/5242, Loss: 4.2585, NLL: 4.2585, Coverage: 0.0000
  Batch 2080/5242, Loss: 3.7567, NLL: 3.7567, Coverage: 0.0000
  Batch 2090/5242, Loss: 4.2521, NLL: 4.2521, Coverage: 0.0000
  Batch 2100/5242, Loss: 4.0594, NLL: 4.0594, Coverage: 0.0000
  Batch 2110/5242, Loss: 4.2077, NLL: 4.2077, Coverage: 0.0000
  Batch 2120/5242, Loss: 4.1069, NLL: 4.1069, Coverage: 0.0000
  Batch 2130/5242, Loss: 4.3678, NLL: 4.3678, Coverage: 0.0000
  Batch 2140/5242, Loss: 4.4129, NLL: 4.4129, Coverage: 0.0000
  Batch 2150/5242, Loss: 4.0256, NLL: 4.0256, Coverage: 0.0000
  Batch 2160/5242, Loss: 4.3579, NLL: 4.3579, Coverage: 0.0000
  Batch 2170/5242, Loss: 4.1376, NLL: 4.1376, Coverage: 0.0000
  Batch 2180/5242, Loss: 4.0513, NLL: 4.0513, Coverage: 0.0000
  Batch 2190/5242, Loss: 4.1890, NLL: 4.1890, Coverage: 0.0000
  Batch 2200/5242, Loss: 3.8584, NLL: 3.8584, Coverage: 0.0000
  Batch 2210/5242, Loss: 3.9438, NLL: 3.9438, Coverage: 0.0000
  Batch 2220/5242, Loss: 4.2351, NLL: 4.2351, Coverage: 0.0000
  Batch 2230/5242, Loss: 4.3147, NLL: 4.3147, Coverage: 0.0000
  Batch 2240/5242, Loss: 3.9920, NLL: 3.9920, Coverage: 0.0000
  Batch 2250/5242, Loss: 4.3409, NLL: 4.3409, Coverage: 0.0000
  Batch 2260/5242, Loss: 4.3151, NLL: 4.3151, Coverage: 0.0000
  Batch 2270/5242, Loss: 3.7667, NLL: 3.7667, Coverage: 0.0000
  Batch 2280/5242, Loss: 3.8427, NLL: 3.8427, Coverage: 0.0000
  Batch 2290/5242, Loss: 4.3139, NLL: 4.3139, Coverage: 0.0000
  Batch 2300/5242, Loss: 4.1054, NLL: 4.1054, Coverage: 0.0000
  Batch 2310/5242, Loss: 4.0872, NLL: 4.0872, Coverage: 0.0000
  Batch 2320/5242, Loss: 4.1853, NLL: 4.1853, Coverage: 0.0000
  Batch 2330/5242, Loss: 3.9776, NLL: 3.9776, Coverage: 0.0000
  Batch 2340/5242, Loss: 4.0830, NLL: 4.0830, Coverage: 0.0000
  Batch 2350/5242, Loss: 3.7375, NLL: 3.7375, Coverage: 0.0000
  Batch 2360/5242, Loss: 4.3171, NLL: 4.3171, Coverage: 0.0000
  Batch 2370/5242, Loss: 3.9358, NLL: 3.9358, Coverage: 0.0000
  Batch 2380/5242, Loss: 3.9608, NLL: 3.9608, Coverage: 0.0000
  Batch 2390/5242, Loss: 4.3124, NLL: 4.3124, Coverage: 0.0000
  Batch 2400/5242, Loss: 4.3111, NLL: 4.3111, Coverage: 0.0000
  Batch 2410/5242, Loss: 3.9257, NLL: 3.9257, Coverage: 0.0000
  Batch 2420/5242, Loss: 3.8429, NLL: 3.8429, Coverage: 0.0000
  Batch 2430/5242, Loss: 4.1093, NLL: 4.1093, Coverage: 0.0000
  Batch 2440/5242, Loss: 4.0790, NLL: 4.0790, Coverage: 0.0000
  Batch 2450/5242, Loss: 3.7060, NLL: 3.7060, Coverage: 0.0000
  Batch 2460/5242, Loss: 3.9986, NLL: 3.9986, Coverage: 0.0000
  Batch 2470/5242, Loss: 4.4794, NLL: 4.4794, Coverage: 0.0000
  Batch 2480/5242, Loss: 3.7696, NLL: 3.7696, Coverage: 0.0000
  Batch 2490/5242, Loss: 4.0502, NLL: 4.0502, Coverage: 0.0000
  Batch 2500/5242, Loss: 4.4189, NLL: 4.4189, Coverage: 0.0000
  Batch 2510/5242, Loss: 4.5350, NLL: 4.5350, Coverage: 0.0000
  Batch 2520/5242, Loss: 4.1982, NLL: 4.1982, Coverage: 0.0000
  Batch 2530/5242, Loss: 4.5806, NLL: 4.5806, Coverage: 0.0000
  Batch 2540/5242, Loss: 4.7958, NLL: 4.7958, Coverage: 0.0000
  Batch 2550/5242, Loss: 4.6765, NLL: 4.6765, Coverage: 0.0000
  Batch 2560/5242, Loss: 4.4908, NLL: 4.4908, Coverage: 0.0000
  Batch 2570/5242, Loss: 4.1625, NLL: 4.1625, Coverage: 0.0000
  Batch 2580/5242, Loss: 4.2787, NLL: 4.2787, Coverage: 0.0000
  Batch 2590/5242, Loss: 4.3113, NLL: 4.3113, Coverage: 0.0000
  Batch 2600/5242, Loss: 4.2190, NLL: 4.2190, Coverage: 0.0000
  Batch 2610/5242, Loss: 3.7735, NLL: 3.7735, Coverage: 0.0000
  Batch 2620/5242, Loss: 3.9278, NLL: 3.9278, Coverage: 0.0000
  Batch 2630/5242, Loss: 4.2335, NLL: 4.2335, Coverage: 0.0000
  Batch 2640/5242, Loss: 4.4378, NLL: 4.4378, Coverage: 0.0000
  Batch 2650/5242, Loss: 4.2057, NLL: 4.2057, Coverage: 0.0000
  Batch 2660/5242, Loss: 4.0073, NLL: 4.0073, Coverage: 0.0000
  Batch 2670/5242, Loss: 4.5047, NLL: 4.5047, Coverage: 0.0000
  Batch 2680/5242, Loss: 4.2478, NLL: 4.2478, Coverage: 0.0000
  Batch 2690/5242, Loss: 3.9153, NLL: 3.9153, Coverage: 0.0000
  Batch 2700/5242, Loss: 4.2495, NLL: 4.2495, Coverage: 0.0000
  Batch 2710/5242, Loss: 3.7443, NLL: 3.7443, Coverage: 0.0000
  Batch 2720/5242, Loss: 4.3778, NLL: 4.3778, Coverage: 0.0000
  Batch 2730/5242, Loss: 3.8309, NLL: 3.8309, Coverage: 0.0000
  Batch 2740/5242, Loss: 3.8045, NLL: 3.8045, Coverage: 0.0000
  Batch 2750/5242, Loss: 4.0014, NLL: 4.0014, Coverage: 0.0000
  Batch 2760/5242, Loss: 4.2764, NLL: 4.2764, Coverage: 0.0000
  Batch 2770/5242, Loss: 4.5777, NLL: 4.5777, Coverage: 0.0000
  Batch 2780/5242, Loss: 3.9786, NLL: 3.9786, Coverage: 0.0000
  Batch 2790/5242, Loss: 4.1060, NLL: 4.1060, Coverage: 0.0000
  Batch 2800/5242, Loss: 4.5664, NLL: 4.5664, Coverage: 0.0000
  Batch 2810/5242, Loss: 4.3682, NLL: 4.3682, Coverage: 0.0000
  Batch 2820/5242, Loss: 4.3321, NLL: 4.3321, Coverage: 0.0000
  Batch 2830/5242, Loss: 4.0295, NLL: 4.0295, Coverage: 0.0000
  Batch 2840/5242, Loss: 4.4336, NLL: 4.4336, Coverage: 0.0000
  Batch 2850/5242, Loss: 4.0474, NLL: 4.0474, Coverage: 0.0000
  Batch 2860/5242, Loss: 4.4383, NLL: 4.4383, Coverage: 0.0000
  Batch 2870/5242, Loss: 3.7412, NLL: 3.7412, Coverage: 0.0000
  Batch 2880/5242, Loss: 4.0029, NLL: 4.0029, Coverage: 0.0000
  Batch 2890/5242, Loss: 4.2433, NLL: 4.2433, Coverage: 0.0000
  Batch 2900/5242, Loss: 4.0898, NLL: 4.0898, Coverage: 0.0000
  Batch 2910/5242, Loss: 3.7577, NLL: 3.7577, Coverage: 0.0000
  Batch 2920/5242, Loss: 4.3635, NLL: 4.3635, Coverage: 0.0000
  Batch 2930/5242, Loss: 4.1291, NLL: 4.1291, Coverage: 0.0000
  Batch 2940/5242, Loss: 4.5427, NLL: 4.5427, Coverage: 0.0000
  Batch 2950/5242, Loss: 4.5936, NLL: 4.5936, Coverage: 0.0000
  Batch 2960/5242, Loss: 4.1419, NLL: 4.1419, Coverage: 0.0000
  Batch 2970/5242, Loss: 4.0732, NLL: 4.0732, Coverage: 0.0000
  Batch 2980/5242, Loss: 4.2050, NLL: 4.2050, Coverage: 0.0000
  Batch 2990/5242, Loss: 4.3987, NLL: 4.3987, Coverage: 0.0000
  Batch 3000/5242, Loss: 4.3981, NLL: 4.3981, Coverage: 0.0000
  Batch 3010/5242, Loss: 4.4907, NLL: 4.4907, Coverage: 0.0000
  Batch 3020/5242, Loss: 4.2827, NLL: 4.2827, Coverage: 0.0000
  Batch 3030/5242, Loss: 4.4307, NLL: 4.4307, Coverage: 0.0000
  Batch 3040/5242, Loss: 4.1370, NLL: 4.1370, Coverage: 0.0000
  Batch 3050/5242, Loss: 4.4447, NLL: 4.4447, Coverage: 0.0000
  Batch 3060/5242, Loss: 4.2535, NLL: 4.2535, Coverage: 0.0000
  Batch 3070/5242, Loss: 3.8762, NLL: 3.8762, Coverage: 0.0000
  Batch 3080/5242, Loss: 4.0448, NLL: 4.0448, Coverage: 0.0000
  Batch 3090/5242, Loss: 3.2443, NLL: 3.2443, Coverage: 0.0000
  Batch 3100/5242, Loss: 4.2805, NLL: 4.2805, Coverage: 0.0000
  Batch 3110/5242, Loss: 3.9869, NLL: 3.9869, Coverage: 0.0000
  Batch 3120/5242, Loss: 4.2688, NLL: 4.2688, Coverage: 0.0000
  Batch 3130/5242, Loss: 4.0117, NLL: 4.0117, Coverage: 0.0000
  Batch 3140/5242, Loss: 4.3350, NLL: 4.3350, Coverage: 0.0000
  Batch 3150/5242, Loss: 4.1846, NLL: 4.1846, Coverage: 0.0000
  Batch 3160/5242, Loss: 4.5614, NLL: 4.5614, Coverage: 0.0000
  Batch 3170/5242, Loss: 4.0848, NLL: 4.0848, Coverage: 0.0000
  Batch 3180/5242, Loss: 4.3079, NLL: 4.3079, Coverage: 0.0000
  Batch 3190/5242, Loss: 4.1865, NLL: 4.1865, Coverage: 0.0000
  Batch 3200/5242, Loss: 4.1011, NLL: 4.1011, Coverage: 0.0000
  Batch 3210/5242, Loss: 4.1835, NLL: 4.1835, Coverage: 0.0000
  Batch 3220/5242, Loss: 3.8539, NLL: 3.8539, Coverage: 0.0000
  Batch 3230/5242, Loss: 3.8099, NLL: 3.8099, Coverage: 0.0000
  Batch 3240/5242, Loss: 4.6033, NLL: 4.6033, Coverage: 0.0000
  Batch 3250/5242, Loss: 4.1863, NLL: 4.1863, Coverage: 0.0000
  Batch 3260/5242, Loss: 3.9192, NLL: 3.9192, Coverage: 0.0000
  Batch 3270/5242, Loss: 4.2220, NLL: 4.2220, Coverage: 0.0000
  Batch 3280/5242, Loss: 4.0415, NLL: 4.0415, Coverage: 0.0000
  Batch 3290/5242, Loss: 4.4968, NLL: 4.4968, Coverage: 0.0000
  Batch 3300/5242, Loss: 4.0863, NLL: 4.0863, Coverage: 0.0000
  Batch 3310/5242, Loss: 4.5871, NLL: 4.5871, Coverage: 0.0000
  Batch 3320/5242, Loss: 3.9922, NLL: 3.9922, Coverage: 0.0000
  Batch 3330/5242, Loss: 4.3249, NLL: 4.3249, Coverage: 0.0000
  Batch 3340/5242, Loss: 4.1001, NLL: 4.1001, Coverage: 0.0000
  Batch 3350/5242, Loss: 4.1327, NLL: 4.1327, Coverage: 0.0000
  Batch 3360/5242, Loss: 3.9362, NLL: 3.9362, Coverage: 0.0000
  Batch 3370/5242, Loss: 3.8026, NLL: 3.8026, Coverage: 0.0000
  Batch 3380/5242, Loss: 3.9511, NLL: 3.9511, Coverage: 0.0000
  Batch 3390/5242, Loss: 4.0525, NLL: 4.0525, Coverage: 0.0000
  Batch 3400/5242, Loss: 3.8017, NLL: 3.8017, Coverage: 0.0000
  Batch 3410/5242, Loss: 4.1021, NLL: 4.1021, Coverage: 0.0000
  Batch 3420/5242, Loss: 4.0488, NLL: 4.0488, Coverage: 0.0000
  Batch 3430/5242, Loss: 3.5926, NLL: 3.5926, Coverage: 0.0000
  Batch 3440/5242, Loss: 3.9853, NLL: 3.9853, Coverage: 0.0000
  Batch 3450/5242, Loss: 4.2567, NLL: 4.2567, Coverage: 0.0000
  Batch 3460/5242, Loss: 4.0838, NLL: 4.0838, Coverage: 0.0000
  Batch 3470/5242, Loss: 4.1895, NLL: 4.1895, Coverage: 0.0000
  Batch 3480/5242, Loss: 4.1201, NLL: 4.1201, Coverage: 0.0000
  Batch 3490/5242, Loss: 4.0853, NLL: 4.0853, Coverage: 0.0000
  Batch 3500/5242, Loss: 3.9167, NLL: 3.9167, Coverage: 0.0000
  Batch 3510/5242, Loss: 4.1008, NLL: 4.1008, Coverage: 0.0000
  Batch 3520/5242, Loss: 4.3538, NLL: 4.3538, Coverage: 0.0000
  Batch 3530/5242, Loss: 4.2528, NLL: 4.2528, Coverage: 0.0000
  Batch 3540/5242, Loss: 4.0752, NLL: 4.0752, Coverage: 0.0000
  Batch 3550/5242, Loss: 4.5338, NLL: 4.5338, Coverage: 0.0000
  Batch 3560/5242, Loss: 4.1730, NLL: 4.1730, Coverage: 0.0000
  Batch 3570/5242, Loss: 3.8629, NLL: 3.8629, Coverage: 0.0000
  Batch 3580/5242, Loss: 4.4494, NLL: 4.4494, Coverage: 0.0000
  Batch 3590/5242, Loss: 3.9022, NLL: 3.9022, Coverage: 0.0000
  Batch 3600/5242, Loss: 3.9085, NLL: 3.9085, Coverage: 0.0000
  Batch 3610/5242, Loss: 4.2077, NLL: 4.2077, Coverage: 0.0000
  Batch 3620/5242, Loss: 4.4711, NLL: 4.4711, Coverage: 0.0000
  Batch 3630/5242, Loss: 4.0307, NLL: 4.0307, Coverage: 0.0000
  Batch 3640/5242, Loss: 3.9408, NLL: 3.9408, Coverage: 0.0000
  Batch 3650/5242, Loss: 4.2620, NLL: 4.2620, Coverage: 0.0000
  Batch 3660/5242, Loss: 3.9987, NLL: 3.9987, Coverage: 0.0000
  Batch 3670/5242, Loss: 4.2120, NLL: 4.2120, Coverage: 0.0000
  Batch 3680/5242, Loss: 4.3125, NLL: 4.3125, Coverage: 0.0000
  Batch 3690/5242, Loss: 3.9495, NLL: 3.9495, Coverage: 0.0000
  Batch 3700/5242, Loss: 4.3271, NLL: 4.3271, Coverage: 0.0000
  Batch 3710/5242, Loss: 4.1902, NLL: 4.1902, Coverage: 0.0000
  Batch 3720/5242, Loss: 4.3286, NLL: 4.3286, Coverage: 0.0000
  Batch 3730/5242, Loss: 4.1812, NLL: 4.1812, Coverage: 0.0000
  Batch 3740/5242, Loss: 4.3569, NLL: 4.3569, Coverage: 0.0000
  Batch 3750/5242, Loss: 3.9411, NLL: 3.9411, Coverage: 0.0000
  Batch 3760/5242, Loss: 4.6265, NLL: 4.6265, Coverage: 0.0000
  Batch 3770/5242, Loss: 4.3312, NLL: 4.3312, Coverage: 0.0000
  Batch 3780/5242, Loss: 4.2443, NLL: 4.2443, Coverage: 0.0000
  Batch 3790/5242, Loss: 4.0684, NLL: 4.0684, Coverage: 0.0000
  Batch 3800/5242, Loss: 4.3276, NLL: 4.3276, Coverage: 0.0000
  Batch 3810/5242, Loss: 3.7893, NLL: 3.7893, Coverage: 0.0000
  Batch 3820/5242, Loss: 4.0656, NLL: 4.0656, Coverage: 0.0000
  Batch 3830/5242, Loss: 4.0807, NLL: 4.0807, Coverage: 0.0000
  Batch 3840/5242, Loss: 3.9850, NLL: 3.9850, Coverage: 0.0000
  Batch 3850/5242, Loss: 4.2068, NLL: 4.2068, Coverage: 0.0000
  Batch 3860/5242, Loss: 3.8546, NLL: 3.8546, Coverage: 0.0000
  Batch 3870/5242, Loss: 4.3210, NLL: 4.3210, Coverage: 0.0000
  Batch 3880/5242, Loss: 3.7124, NLL: 3.7124, Coverage: 0.0000
  Batch 3890/5242, Loss: 4.5832, NLL: 4.5832, Coverage: 0.0000
  Batch 3900/5242, Loss: 4.3598, NLL: 4.3598, Coverage: 0.0000
  Batch 3910/5242, Loss: 4.3458, NLL: 4.3458, Coverage: 0.0000
  Batch 3920/5242, Loss: 4.1056, NLL: 4.1056, Coverage: 0.0000
  Batch 3930/5242, Loss: 3.6792, NLL: 3.6792, Coverage: 0.0000
  Batch 3940/5242, Loss: 3.9568, NLL: 3.9568, Coverage: 0.0000
  Batch 3950/5242, Loss: 4.2844, NLL: 4.2844, Coverage: 0.0000
  Batch 3960/5242, Loss: 4.3177, NLL: 4.3177, Coverage: 0.0000
  Batch 3970/5242, Loss: 4.1581, NLL: 4.1581, Coverage: 0.0000
  Batch 3980/5242, Loss: 4.3528, NLL: 4.3528, Coverage: 0.0000
  Batch 3990/5242, Loss: 4.2535, NLL: 4.2535, Coverage: 0.0000
  Batch 4000/5242, Loss: 3.9390, NLL: 3.9390, Coverage: 0.0000
  Batch 4010/5242, Loss: 3.8251, NLL: 3.8251, Coverage: 0.0000
  Batch 4020/5242, Loss: 4.4598, NLL: 4.4598, Coverage: 0.0000
  Batch 4030/5242, Loss: 4.0408, NLL: 4.0408, Coverage: 0.0000
  Batch 4040/5242, Loss: 4.3099, NLL: 4.3099, Coverage: 0.0000
  Batch 4050/5242, Loss: 4.4654, NLL: 4.4654, Coverage: 0.0000
  Batch 4060/5242, Loss: 4.1546, NLL: 4.1546, Coverage: 0.0000
  Batch 4070/5242, Loss: 4.6939, NLL: 4.6939, Coverage: 0.0000
  Batch 4080/5242, Loss: 4.0084, NLL: 4.0084, Coverage: 0.0000
  Batch 4090/5242, Loss: 4.0813, NLL: 4.0813, Coverage: 0.0000
  Batch 4100/5242, Loss: 4.3049, NLL: 4.3049, Coverage: 0.0000
  Batch 4110/5242, Loss: 4.3091, NLL: 4.3091, Coverage: 0.0000
  Batch 4120/5242, Loss: 3.9384, NLL: 3.9384, Coverage: 0.0000
  Batch 4130/5242, Loss: 4.4284, NLL: 4.4284, Coverage: 0.0000
  Batch 4140/5242, Loss: 4.0389, NLL: 4.0389, Coverage: 0.0000
  Batch 4150/5242, Loss: 4.0120, NLL: 4.0120, Coverage: 0.0000
  Batch 4160/5242, Loss: 4.0735, NLL: 4.0735, Coverage: 0.0000
  Batch 4170/5242, Loss: 4.4954, NLL: 4.4954, Coverage: 0.0000
  Batch 4180/5242, Loss: 4.1995, NLL: 4.1995, Coverage: 0.0000
  Batch 4190/5242, Loss: 3.9560, NLL: 3.9560, Coverage: 0.0000
  Batch 4200/5242, Loss: 4.0316, NLL: 4.0316, Coverage: 0.0000
  Batch 4210/5242, Loss: 4.6212, NLL: 4.6212, Coverage: 0.0000
  Batch 4220/5242, Loss: 3.9564, NLL: 3.9564, Coverage: 0.0000
  Batch 4230/5242, Loss: 4.0073, NLL: 4.0073, Coverage: 0.0000
  Batch 4240/5242, Loss: 4.1299, NLL: 4.1299, Coverage: 0.0000
  Batch 4250/5242, Loss: 4.2314, NLL: 4.2314, Coverage: 0.0000
  Batch 4260/5242, Loss: 4.1932, NLL: 4.1932, Coverage: 0.0000
  Batch 4270/5242, Loss: 3.7956, NLL: 3.7956, Coverage: 0.0000
  Batch 4280/5242, Loss: 3.6830, NLL: 3.6830, Coverage: 0.0000
  Batch 4290/5242, Loss: 3.9839, NLL: 3.9839, Coverage: 0.0000
  Batch 4300/5242, Loss: 4.6958, NLL: 4.6958, Coverage: 0.0000
  Batch 4310/5242, Loss: 3.9238, NLL: 3.9238, Coverage: 0.0000
  Batch 4320/5242, Loss: 4.3166, NLL: 4.3166, Coverage: 0.0000
  Batch 4330/5242, Loss: 4.6205, NLL: 4.6205, Coverage: 0.0000
  Batch 4340/5242, Loss: 4.3211, NLL: 4.3211, Coverage: 0.0000
  Batch 4350/5242, Loss: 3.7590, NLL: 3.7590, Coverage: 0.0000
  Batch 4360/5242, Loss: 4.1067, NLL: 4.1067, Coverage: 0.0000
  Batch 4370/5242, Loss: 4.0383, NLL: 4.0383, Coverage: 0.0000
  Batch 4380/5242, Loss: 3.7590, NLL: 3.7590, Coverage: 0.0000
  Batch 4390/5242, Loss: 4.1287, NLL: 4.1287, Coverage: 0.0000
  Batch 4400/5242, Loss: 4.2693, NLL: 4.2693, Coverage: 0.0000
  Batch 4410/5242, Loss: 4.3900, NLL: 4.3900, Coverage: 0.0000
  Batch 4420/5242, Loss: 4.3250, NLL: 4.3250, Coverage: 0.0000
  Batch 4430/5242, Loss: 4.2029, NLL: 4.2029, Coverage: 0.0000
  Batch 4440/5242, Loss: 4.7587, NLL: 4.7587, Coverage: 0.0000
  Batch 4450/5242, Loss: 4.4784, NLL: 4.4784, Coverage: 0.0000
  Batch 4460/5242, Loss: 4.1206, NLL: 4.1206, Coverage: 0.0000
  Batch 4470/5242, Loss: 4.6175, NLL: 4.6175, Coverage: 0.0000
  Batch 4480/5242, Loss: 4.2933, NLL: 4.2933, Coverage: 0.0000
  Batch 4490/5242, Loss: 3.9659, NLL: 3.9659, Coverage: 0.0000
  Batch 4500/5242, Loss: 4.0052, NLL: 4.0052, Coverage: 0.0000
  Batch 4510/5242, Loss: 4.7014, NLL: 4.7014, Coverage: 0.0000
  Batch 4520/5242, Loss: 4.3157, NLL: 4.3157, Coverage: 0.0000
  Batch 4530/5242, Loss: 4.1723, NLL: 4.1723, Coverage: 0.0000
  Batch 4540/5242, Loss: 3.9799, NLL: 3.9799, Coverage: 0.0000
  Batch 4550/5242, Loss: 3.6134, NLL: 3.6134, Coverage: 0.0000
  Batch 4560/5242, Loss: 4.5037, NLL: 4.5037, Coverage: 0.0000
  Batch 4570/5242, Loss: 4.1823, NLL: 4.1823, Coverage: 0.0000
  Batch 4580/5242, Loss: 4.6360, NLL: 4.6360, Coverage: 0.0000
  Batch 4590/5242, Loss: 3.8609, NLL: 3.8609, Coverage: 0.0000
  Batch 4600/5242, Loss: 4.3698, NLL: 4.3698, Coverage: 0.0000
  Batch 4610/5242, Loss: 4.0381, NLL: 4.0381, Coverage: 0.0000
  Batch 4620/5242, Loss: 4.3115, NLL: 4.3115, Coverage: 0.0000
  Batch 4630/5242, Loss: 4.4412, NLL: 4.4412, Coverage: 0.0000
  Batch 4640/5242, Loss: 4.0300, NLL: 4.0300, Coverage: 0.0000
  Batch 4650/5242, Loss: 3.8226, NLL: 3.8226, Coverage: 0.0000
  Batch 4660/5242, Loss: 4.6934, NLL: 4.6934, Coverage: 0.0000
  Batch 4670/5242, Loss: 4.1539, NLL: 4.1539, Coverage: 0.0000
  Batch 4680/5242, Loss: 4.3073, NLL: 4.3073, Coverage: 0.0000
  Batch 4690/5242, Loss: 4.1215, NLL: 4.1215, Coverage: 0.0000
  Batch 4700/5242, Loss: 4.5742, NLL: 4.5742, Coverage: 0.0000
  Batch 4710/5242, Loss: 4.2814, NLL: 4.2814, Coverage: 0.0000
  Batch 4720/5242, Loss: 3.9509, NLL: 3.9509, Coverage: 0.0000
  Batch 4730/5242, Loss: 4.2743, NLL: 4.2743, Coverage: 0.0000
  Batch 4740/5242, Loss: 4.7297, NLL: 4.7297, Coverage: 0.0000
  Batch 4750/5242, Loss: 4.1386, NLL: 4.1386, Coverage: 0.0000
  Batch 4760/5242, Loss: 4.1092, NLL: 4.1092, Coverage: 0.0000
  Batch 4770/5242, Loss: 4.0657, NLL: 4.0657, Coverage: 0.0000
  Batch 4780/5242, Loss: 4.0971, NLL: 4.0971, Coverage: 0.0000
  Batch 4790/5242, Loss: 4.1749, NLL: 4.1749, Coverage: 0.0000
  Batch 4800/5242, Loss: 4.1520, NLL: 4.1520, Coverage: 0.0000
  Batch 4810/5242, Loss: 4.4045, NLL: 4.4045, Coverage: 0.0000
  Batch 4820/5242, Loss: 4.3028, NLL: 4.3028, Coverage: 0.0000
  Batch 4830/5242, Loss: 4.0172, NLL: 4.0172, Coverage: 0.0000
  Batch 4840/5242, Loss: 3.9398, NLL: 3.9398, Coverage: 0.0000
  Batch 4850/5242, Loss: 3.9583, NLL: 3.9583, Coverage: 0.0000
  Batch 4860/5242, Loss: 4.2327, NLL: 4.2327, Coverage: 0.0000
  Batch 4870/5242, Loss: 4.2481, NLL: 4.2481, Coverage: 0.0000
  Batch 4880/5242, Loss: 4.0443, NLL: 4.0443, Coverage: 0.0000
  Batch 4890/5242, Loss: 4.2441, NLL: 4.2441, Coverage: 0.0000
  Batch 4900/5242, Loss: 4.0661, NLL: 4.0661, Coverage: 0.0000
  Batch 4910/5242, Loss: 4.1577, NLL: 4.1577, Coverage: 0.0000
  Batch 4920/5242, Loss: 4.0770, NLL: 4.0770, Coverage: 0.0000
  Batch 4930/5242, Loss: 3.8804, NLL: 3.8804, Coverage: 0.0000
  Batch 4940/5242, Loss: 4.0305, NLL: 4.0305, Coverage: 0.0000
  Batch 4950/5242, Loss: 3.8306, NLL: 3.8306, Coverage: 0.0000
  Batch 4960/5242, Loss: 4.1379, NLL: 4.1379, Coverage: 0.0000
  Batch 4970/5242, Loss: 4.0030, NLL: 4.0030, Coverage: 0.0000
  Batch 4980/5242, Loss: 4.3717, NLL: 4.3717, Coverage: 0.0000
  Batch 4990/5242, Loss: 4.6443, NLL: 4.6443, Coverage: 0.0000
  Batch 5000/5242, Loss: 4.2701, NLL: 4.2701, Coverage: 0.0000
  Batch 5010/5242, Loss: 4.3872, NLL: 4.3872, Coverage: 0.0000
  Batch 5020/5242, Loss: 4.2148, NLL: 4.2148, Coverage: 0.0000
  Batch 5030/5242, Loss: 4.9449, NLL: 4.9449, Coverage: 0.0000
  Batch 5040/5242, Loss: 3.9169, NLL: 3.9169, Coverage: 0.0000
  Batch 5050/5242, Loss: 4.0893, NLL: 4.0893, Coverage: 0.0000
  Batch 5060/5242, Loss: 4.3804, NLL: 4.3804, Coverage: 0.0000
  Batch 5070/5242, Loss: 4.6863, NLL: 4.6863, Coverage: 0.0000
  Batch 5080/5242, Loss: 4.4928, NLL: 4.4928, Coverage: 0.0000
  Batch 5090/5242, Loss: 3.9593, NLL: 3.9593, Coverage: 0.0000
  Batch 5100/5242, Loss: 4.4274, NLL: 4.4274, Coverage: 0.0000
  Batch 5110/5242, Loss: 4.2488, NLL: 4.2488, Coverage: 0.0000
  Batch 5120/5242, Loss: 3.8056, NLL: 3.8056, Coverage: 0.0000
  Batch 5130/5242, Loss: 4.2840, NLL: 4.2840, Coverage: 0.0000
  Batch 5140/5242, Loss: 4.6207, NLL: 4.6207, Coverage: 0.0000
  Batch 5150/5242, Loss: 4.1043, NLL: 4.1043, Coverage: 0.0000
  Batch 5160/5242, Loss: 4.2773, NLL: 4.2773, Coverage: 0.0000
  Batch 5170/5242, Loss: 4.2635, NLL: 4.2635, Coverage: 0.0000
  Batch 5180/5242, Loss: 4.3440, NLL: 4.3440, Coverage: 0.0000
  Batch 5190/5242, Loss: 4.1968, NLL: 4.1968, Coverage: 0.0000
  Batch 5200/5242, Loss: 4.1312, NLL: 4.1312, Coverage: 0.0000
  Batch 5210/5242, Loss: 4.1387, NLL: 4.1387, Coverage: 0.0000
  Batch 5220/5242, Loss: 4.3199, NLL: 4.3199, Coverage: 0.0000
  Batch 5230/5242, Loss: 4.4291, NLL: 4.4291, Coverage: 0.0000
  Batch 5240/5242, Loss: 4.2512, NLL: 4.2512, Coverage: 0.0000
  ✓ Learning rate reduced: 0.000500 → 0.000250

  Train Loss: 4.1552 (NLL: 4.1552, Cov: 0.0000)
  Val Loss: 6.3008 (NLL: 6.3008, Cov: 0.0000)
  Time: 34m 15s

Epoch 9/20
----------------------------------------
  Batch 10/5242, Loss: 3.5389, NLL: 3.5389, Coverage: 0.0000
  Batch 20/5242, Loss: 3.8603, NLL: 3.8603, Coverage: 0.0000
  Batch 30/5242, Loss: 4.2092, NLL: 4.2092, Coverage: 0.0000
  Batch 40/5242, Loss: 4.2383, NLL: 4.2383, Coverage: 0.0000
  Batch 50/5242, Loss: 3.9454, NLL: 3.9454, Coverage: 0.0000
  Batch 60/5242, Loss: 3.9970, NLL: 3.9970, Coverage: 0.0000
  Batch 70/5242, Loss: 4.2279, NLL: 4.2279, Coverage: 0.0000
  Batch 80/5242, Loss: 4.3657, NLL: 4.3657, Coverage: 0.0000
  Batch 90/5242, Loss: 4.2509, NLL: 4.2509, Coverage: 0.0000
  Batch 100/5242, Loss: 3.6589, NLL: 3.6589, Coverage: 0.0000
  Batch 110/5242, Loss: 4.2529, NLL: 4.2529, Coverage: 0.0000
  Batch 120/5242, Loss: 3.9101, NLL: 3.9101, Coverage: 0.0000
  Batch 130/5242, Loss: 3.9085, NLL: 3.9085, Coverage: 0.0000
  Batch 140/5242, Loss: 3.9264, NLL: 3.9264, Coverage: 0.0000
  Batch 150/5242, Loss: 4.3018, NLL: 4.3018, Coverage: 0.0000
  Batch 160/5242, Loss: 4.1178, NLL: 4.1178, Coverage: 0.0000
  Batch 170/5242, Loss: 4.2982, NLL: 4.2982, Coverage: 0.0000
  Batch 180/5242, Loss: 4.0418, NLL: 4.0418, Coverage: 0.0000
  Batch 190/5242, Loss: 4.2930, NLL: 4.2930, Coverage: 0.0000
  Batch 200/5242, Loss: 3.7174, NLL: 3.7174, Coverage: 0.0000
  Batch 210/5242, Loss: 4.5735, NLL: 4.5735, Coverage: 0.0000
  Batch 220/5242, Loss: 3.9125, NLL: 3.9125, Coverage: 0.0000
  Batch 230/5242, Loss: 3.8919, NLL: 3.8919, Coverage: 0.0000
  Batch 240/5242, Loss: 3.6681, NLL: 3.6681, Coverage: 0.0000
  Batch 250/5242, Loss: 4.8074, NLL: 4.8074, Coverage: 0.0000
  Batch 260/5242, Loss: 4.4839, NLL: 4.4839, Coverage: 0.0000
  Batch 270/5242, Loss: 3.8809, NLL: 3.8809, Coverage: 0.0000
  Batch 280/5242, Loss: 4.0521, NLL: 4.0521, Coverage: 0.0000
  Batch 290/5242, Loss: 4.4073, NLL: 4.4073, Coverage: 0.0000
  Batch 300/5242, Loss: 4.3162, NLL: 4.3162, Coverage: 0.0000
  Batch 310/5242, Loss: 4.4325, NLL: 4.4325, Coverage: 0.0000
  Batch 320/5242, Loss: 3.8321, NLL: 3.8321, Coverage: 0.0000
  Batch 330/5242, Loss: 3.9092, NLL: 3.9092, Coverage: 0.0000
  Batch 340/5242, Loss: 4.0164, NLL: 4.0164, Coverage: 0.0000
  Batch 350/5242, Loss: 4.2124, NLL: 4.2124, Coverage: 0.0000
  Batch 360/5242, Loss: 3.9927, NLL: 3.9927, Coverage: 0.0000
  Batch 370/5242, Loss: 4.0273, NLL: 4.0273, Coverage: 0.0000
  Batch 380/5242, Loss: 4.3261, NLL: 4.3261, Coverage: 0.0000
  Batch 390/5242, Loss: 4.3135, NLL: 4.3135, Coverage: 0.0000
  Batch 400/5242, Loss: 4.3755, NLL: 4.3755, Coverage: 0.0000
  Batch 410/5242, Loss: 4.4331, NLL: 4.4331, Coverage: 0.0000
  Batch 420/5242, Loss: 4.4372, NLL: 4.4372, Coverage: 0.0000
  Batch 430/5242, Loss: 3.7317, NLL: 3.7317, Coverage: 0.0000
  Batch 440/5242, Loss: 4.0372, NLL: 4.0372, Coverage: 0.0000
  Batch 450/5242, Loss: 4.0119, NLL: 4.0119, Coverage: 0.0000
  Batch 460/5242, Loss: 4.3360, NLL: 4.3360, Coverage: 0.0000
  Batch 470/5242, Loss: 4.4800, NLL: 4.4800, Coverage: 0.0000
  Batch 480/5242, Loss: 3.5809, NLL: 3.5809, Coverage: 0.0000
  Batch 490/5242, Loss: 4.1581, NLL: 4.1581, Coverage: 0.0000
  Batch 500/5242, Loss: 4.4793, NLL: 4.4793, Coverage: 0.0000
  Batch 510/5242, Loss: 4.4942, NLL: 4.4942, Coverage: 0.0000
  Batch 520/5242, Loss: 3.9312, NLL: 3.9312, Coverage: 0.0000
  Batch 530/5242, Loss: 4.1954, NLL: 4.1954, Coverage: 0.0000
  Batch 540/5242, Loss: 3.9962, NLL: 3.9962, Coverage: 0.0000
  Batch 550/5242, Loss: 3.9743, NLL: 3.9743, Coverage: 0.0000
  Batch 560/5242, Loss: 4.2360, NLL: 4.2360, Coverage: 0.0000
  Batch 570/5242, Loss: 3.7175, NLL: 3.7175, Coverage: 0.0000
  Batch 580/5242, Loss: 4.0817, NLL: 4.0817, Coverage: 0.0000
  Batch 590/5242, Loss: 3.6603, NLL: 3.6603, Coverage: 0.0000
  Batch 600/5242, Loss: 4.4379, NLL: 4.4379, Coverage: 0.0000
  Batch 610/5242, Loss: 3.6230, NLL: 3.6230, Coverage: 0.0000
  Batch 620/5242, Loss: 3.5199, NLL: 3.5199, Coverage: 0.0000
  Batch 630/5242, Loss: 4.1783, NLL: 4.1783, Coverage: 0.0000
  Batch 640/5242, Loss: 4.0560, NLL: 4.0560, Coverage: 0.0000
  Batch 650/5242, Loss: 3.5463, NLL: 3.5463, Coverage: 0.0000
  Batch 660/5242, Loss: 4.5577, NLL: 4.5577, Coverage: 0.0000
  Batch 670/5242, Loss: 4.4837, NLL: 4.4837, Coverage: 0.0000
  Batch 680/5242, Loss: 4.0714, NLL: 4.0714, Coverage: 0.0000
  Batch 690/5242, Loss: 4.0956, NLL: 4.0956, Coverage: 0.0000
  Batch 700/5242, Loss: 4.0134, NLL: 4.0134, Coverage: 0.0000
  Batch 710/5242, Loss: 4.7094, NLL: 4.7094, Coverage: 0.0000
  Batch 720/5242, Loss: 4.0927, NLL: 4.0927, Coverage: 0.0000
  Batch 730/5242, Loss: 4.0802, NLL: 4.0802, Coverage: 0.0000
  Batch 740/5242, Loss: 3.8270, NLL: 3.8270, Coverage: 0.0000
  Batch 750/5242, Loss: 4.3807, NLL: 4.3807, Coverage: 0.0000
  Batch 760/5242, Loss: 3.5410, NLL: 3.5410, Coverage: 0.0000
  Batch 770/5242, Loss: 3.9103, NLL: 3.9103, Coverage: 0.0000
  Batch 780/5242, Loss: 3.8500, NLL: 3.8500, Coverage: 0.0000
  Batch 790/5242, Loss: 4.0850, NLL: 4.0850, Coverage: 0.0000
  Batch 800/5242, Loss: 4.4002, NLL: 4.4002, Coverage: 0.0000
  Batch 810/5242, Loss: 4.0738, NLL: 4.0738, Coverage: 0.0000
  Batch 820/5242, Loss: 4.0240, NLL: 4.0240, Coverage: 0.0000
  Batch 830/5242, Loss: 4.2136, NLL: 4.2136, Coverage: 0.0000
  Batch 840/5242, Loss: 3.8636, NLL: 3.8636, Coverage: 0.0000
  Batch 850/5242, Loss: 3.8762, NLL: 3.8762, Coverage: 0.0000
  Batch 860/5242, Loss: 3.7987, NLL: 3.7987, Coverage: 0.0000
  Batch 870/5242, Loss: 4.3140, NLL: 4.3140, Coverage: 0.0000
  Batch 880/5242, Loss: 4.3314, NLL: 4.3314, Coverage: 0.0000
  Batch 890/5242, Loss: 4.4833, NLL: 4.4833, Coverage: 0.0000
  Batch 900/5242, Loss: 4.3068, NLL: 4.3068, Coverage: 0.0000
  Batch 910/5242, Loss: 4.3377, NLL: 4.3377, Coverage: 0.0000
  Batch 920/5242, Loss: 3.6096, NLL: 3.6096, Coverage: 0.0000
  Batch 930/5242, Loss: 3.4888, NLL: 3.4888, Coverage: 0.0000
  Batch 940/5242, Loss: 3.9856, NLL: 3.9856, Coverage: 0.0000
  Batch 950/5242, Loss: 4.4954, NLL: 4.4954, Coverage: 0.0000
  Batch 960/5242, Loss: 4.5384, NLL: 4.5384, Coverage: 0.0000
  Batch 970/5242, Loss: 4.4987, NLL: 4.4987, Coverage: 0.0000
  Batch 980/5242, Loss: 4.1530, NLL: 4.1530, Coverage: 0.0000
  Batch 990/5242, Loss: 4.3113, NLL: 4.3113, Coverage: 0.0000
  Batch 1000/5242, Loss: 4.5684, NLL: 4.5684, Coverage: 0.0000
  Batch 1010/5242, Loss: 3.9297, NLL: 3.9297, Coverage: 0.0000
  Batch 1020/5242, Loss: 4.0236, NLL: 4.0236, Coverage: 0.0000
  Batch 1030/5242, Loss: 4.0176, NLL: 4.0176, Coverage: 0.0000
  Batch 1040/5242, Loss: 3.9283, NLL: 3.9283, Coverage: 0.0000
  Batch 1050/5242, Loss: 4.2648, NLL: 4.2648, Coverage: 0.0000
  Batch 1060/5242, Loss: 3.8944, NLL: 3.8944, Coverage: 0.0000
  Batch 1070/5242, Loss: 4.1694, NLL: 4.1694, Coverage: 0.0000
  Batch 1080/5242, Loss: 4.1384, NLL: 4.1384, Coverage: 0.0000
  Batch 1090/5242, Loss: 3.7758, NLL: 3.7758, Coverage: 0.0000
  Batch 1100/5242, Loss: 4.0285, NLL: 4.0285, Coverage: 0.0000
  Batch 1110/5242, Loss: 3.8662, NLL: 3.8662, Coverage: 0.0000
  Batch 1120/5242, Loss: 4.0250, NLL: 4.0250, Coverage: 0.0000
  Batch 1130/5242, Loss: 3.5358, NLL: 3.5358, Coverage: 0.0000
  Batch 1140/5242, Loss: 4.2188, NLL: 4.2188, Coverage: 0.0000
  Batch 1150/5242, Loss: 4.6088, NLL: 4.6088, Coverage: 0.0000
  Batch 1160/5242, Loss: 4.2787, NLL: 4.2787, Coverage: 0.0000
  Batch 1170/5242, Loss: 4.1652, NLL: 4.1652, Coverage: 0.0000
  Batch 1180/5242, Loss: 4.0873, NLL: 4.0873, Coverage: 0.0000
  Batch 1190/5242, Loss: 3.7901, NLL: 3.7901, Coverage: 0.0000
  Batch 1200/5242, Loss: 3.7910, NLL: 3.7910, Coverage: 0.0000
  Batch 1210/5242, Loss: 4.0005, NLL: 4.0005, Coverage: 0.0000
  Batch 1220/5242, Loss: 4.1612, NLL: 4.1612, Coverage: 0.0000
  Batch 1230/5242, Loss: 4.1151, NLL: 4.1151, Coverage: 0.0000
  Batch 1240/5242, Loss: 4.1182, NLL: 4.1182, Coverage: 0.0000
  Batch 1250/5242, Loss: 4.3353, NLL: 4.3353, Coverage: 0.0000
  Batch 1260/5242, Loss: 3.6634, NLL: 3.6634, Coverage: 0.0000
  Batch 1270/5242, Loss: 3.7971, NLL: 3.7971, Coverage: 0.0000
  Batch 1280/5242, Loss: 4.2451, NLL: 4.2451, Coverage: 0.0000
  Batch 1290/5242, Loss: 3.7867, NLL: 3.7867, Coverage: 0.0000
  Batch 1300/5242, Loss: 4.4657, NLL: 4.4657, Coverage: 0.0000
  Batch 1310/5242, Loss: 4.4426, NLL: 4.4426, Coverage: 0.0000
  Batch 1320/5242, Loss: 4.1849, NLL: 4.1849, Coverage: 0.0000
  Batch 1330/5242, Loss: 3.6973, NLL: 3.6973, Coverage: 0.0000
  Batch 1340/5242, Loss: 3.8135, NLL: 3.8135, Coverage: 0.0000
  Batch 1350/5242, Loss: 4.0637, NLL: 4.0637, Coverage: 0.0000
  Batch 1360/5242, Loss: 3.9085, NLL: 3.9085, Coverage: 0.0000
  Batch 1370/5242, Loss: 4.2558, NLL: 4.2558, Coverage: 0.0000
  Batch 1380/5242, Loss: 4.4853, NLL: 4.4853, Coverage: 0.0000
  Batch 1390/5242, Loss: 4.0753, NLL: 4.0753, Coverage: 0.0000
  Batch 1400/5242, Loss: 4.0038, NLL: 4.0038, Coverage: 0.0000
  Batch 1410/5242, Loss: 4.5967, NLL: 4.5967, Coverage: 0.0000
  Batch 1420/5242, Loss: 4.0029, NLL: 4.0029, Coverage: 0.0000
  Batch 1430/5242, Loss: 4.1877, NLL: 4.1877, Coverage: 0.0000
  Batch 1440/5242, Loss: 4.2772, NLL: 4.2772, Coverage: 0.0000
  Batch 1450/5242, Loss: 4.5688, NLL: 4.5688, Coverage: 0.0000
  Batch 1460/5242, Loss: 4.3566, NLL: 4.3566, Coverage: 0.0000
  Batch 1470/5242, Loss: 3.6688, NLL: 3.6688, Coverage: 0.0000
  Batch 1480/5242, Loss: 4.4488, NLL: 4.4488, Coverage: 0.0000
  Batch 1490/5242, Loss: 4.1215, NLL: 4.1215, Coverage: 0.0000
  Batch 1500/5242, Loss: 4.3005, NLL: 4.3005, Coverage: 0.0000
  Batch 1510/5242, Loss: 4.0748, NLL: 4.0748, Coverage: 0.0000
  Batch 1520/5242, Loss: 3.6761, NLL: 3.6761, Coverage: 0.0000
  Batch 1530/5242, Loss: 4.3934, NLL: 4.3934, Coverage: 0.0000
  Batch 1540/5242, Loss: 4.1199, NLL: 4.1199, Coverage: 0.0000
  Batch 1550/5242, Loss: 3.9703, NLL: 3.9703, Coverage: 0.0000
  Batch 1560/5242, Loss: 4.0128, NLL: 4.0128, Coverage: 0.0000
  Batch 1570/5242, Loss: 4.1877, NLL: 4.1877, Coverage: 0.0000
  Batch 1580/5242, Loss: 3.8283, NLL: 3.8283, Coverage: 0.0000
  Batch 1590/5242, Loss: 3.9348, NLL: 3.9348, Coverage: 0.0000
  Batch 1600/5242, Loss: 3.9820, NLL: 3.9820, Coverage: 0.0000
  Batch 1610/5242, Loss: 4.3774, NLL: 4.3774, Coverage: 0.0000
  Batch 1620/5242, Loss: 4.1364, NLL: 4.1364, Coverage: 0.0000
  Batch 1630/5242, Loss: 4.0801, NLL: 4.0801, Coverage: 0.0000
  Batch 1640/5242, Loss: 3.7071, NLL: 3.7071, Coverage: 0.0000
  Batch 1650/5242, Loss: 4.1069, NLL: 4.1069, Coverage: 0.0000
  Batch 1660/5242, Loss: 3.7642, NLL: 3.7642, Coverage: 0.0000
  Batch 1670/5242, Loss: 4.1951, NLL: 4.1951, Coverage: 0.0000
  Batch 1680/5242, Loss: 4.1415, NLL: 4.1415, Coverage: 0.0000
  Batch 1690/5242, Loss: 4.1210, NLL: 4.1210, Coverage: 0.0000
  Batch 1700/5242, Loss: 4.0495, NLL: 4.0495, Coverage: 0.0000
  Batch 1710/5242, Loss: 4.2772, NLL: 4.2772, Coverage: 0.0000
  Batch 1720/5242, Loss: 4.1877, NLL: 4.1877, Coverage: 0.0000
  Batch 1730/5242, Loss: 4.1185, NLL: 4.1185, Coverage: 0.0000
  Batch 1740/5242, Loss: 4.0744, NLL: 4.0744, Coverage: 0.0000
  Batch 1750/5242, Loss: 3.7492, NLL: 3.7492, Coverage: 0.0000
  Batch 1760/5242, Loss: 4.1263, NLL: 4.1263, Coverage: 0.0000
  Batch 1770/5242, Loss: 4.1305, NLL: 4.1305, Coverage: 0.0000
  Batch 1780/5242, Loss: 4.6131, NLL: 4.6131, Coverage: 0.0000
  Batch 1790/5242, Loss: 4.1104, NLL: 4.1104, Coverage: 0.0000
  Batch 1800/5242, Loss: 4.1752, NLL: 4.1752, Coverage: 0.0000
  Batch 1810/5242, Loss: 4.0452, NLL: 4.0452, Coverage: 0.0000
  Batch 1820/5242, Loss: 4.4176, NLL: 4.4176, Coverage: 0.0000
  Batch 1830/5242, Loss: 4.5701, NLL: 4.5701, Coverage: 0.0000
  Batch 1840/5242, Loss: 4.0847, NLL: 4.0847, Coverage: 0.0000
  Batch 1850/5242, Loss: 3.9158, NLL: 3.9158, Coverage: 0.0000
  Batch 1860/5242, Loss: 4.3655, NLL: 4.3655, Coverage: 0.0000
  Batch 1870/5242, Loss: 4.3789, NLL: 4.3789, Coverage: 0.0000
  Batch 1880/5242, Loss: 3.6585, NLL: 3.6585, Coverage: 0.0000
  Batch 1890/5242, Loss: 4.3997, NLL: 4.3997, Coverage: 0.0000
  Batch 1900/5242, Loss: 3.9366, NLL: 3.9366, Coverage: 0.0000
  Batch 1910/5242, Loss: 3.7941, NLL: 3.7941, Coverage: 0.0000
  Batch 1920/5242, Loss: 4.3179, NLL: 4.3179, Coverage: 0.0000
  Batch 1930/5242, Loss: 4.1369, NLL: 4.1369, Coverage: 0.0000
  Batch 1940/5242, Loss: 4.3067, NLL: 4.3067, Coverage: 0.0000
  Batch 1950/5242, Loss: 4.3549, NLL: 4.3549, Coverage: 0.0000
  Batch 1960/5242, Loss: 4.1642, NLL: 4.1642, Coverage: 0.0000
  Batch 1970/5242, Loss: 4.0126, NLL: 4.0126, Coverage: 0.0000
  Batch 1980/5242, Loss: 3.8759, NLL: 3.8759, Coverage: 0.0000
  Batch 1990/5242, Loss: 4.2141, NLL: 4.2141, Coverage: 0.0000
  Batch 2000/5242, Loss: 4.2604, NLL: 4.2604, Coverage: 0.0000
  Batch 2010/5242, Loss: 3.7055, NLL: 3.7055, Coverage: 0.0000
  Batch 2020/5242, Loss: 4.1101, NLL: 4.1101, Coverage: 0.0000
  Batch 2030/5242, Loss: 3.8137, NLL: 3.8137, Coverage: 0.0000
  Batch 2040/5242, Loss: 3.7961, NLL: 3.7961, Coverage: 0.0000
  Batch 2050/5242, Loss: 4.0414, NLL: 4.0414, Coverage: 0.0000
  Batch 2060/5242, Loss: 4.0785, NLL: 4.0785, Coverage: 0.0000
  Batch 2070/5242, Loss: 4.3517, NLL: 4.3517, Coverage: 0.0000
  Batch 2080/5242, Loss: 4.3201, NLL: 4.3201, Coverage: 0.0000
  Batch 2090/5242, Loss: 4.4608, NLL: 4.4608, Coverage: 0.0000
  Batch 2100/5242, Loss: 4.1565, NLL: 4.1565, Coverage: 0.0000
  Batch 2110/5242, Loss: 4.1284, NLL: 4.1284, Coverage: 0.0000
  Batch 2120/5242, Loss: 4.1138, NLL: 4.1138, Coverage: 0.0000
  Batch 2130/5242, Loss: 3.2955, NLL: 3.2955, Coverage: 0.0000
  Batch 2140/5242, Loss: 4.2515, NLL: 4.2515, Coverage: 0.0000
  Batch 2150/5242, Loss: 4.2587, NLL: 4.2587, Coverage: 0.0000
  Batch 2160/5242, Loss: 3.6692, NLL: 3.6692, Coverage: 0.0000
  Batch 2170/5242, Loss: 4.0246, NLL: 4.0246, Coverage: 0.0000
  Batch 2180/5242, Loss: 4.0091, NLL: 4.0091, Coverage: 0.0000
  Batch 2190/5242, Loss: 4.5271, NLL: 4.5271, Coverage: 0.0000
  Batch 2200/5242, Loss: 4.7913, NLL: 4.7913, Coverage: 0.0000
  Batch 2210/5242, Loss: 4.5595, NLL: 4.5595, Coverage: 0.0000
  Batch 2220/5242, Loss: 4.1190, NLL: 4.1190, Coverage: 0.0000
  Batch 2230/5242, Loss: 4.2986, NLL: 4.2986, Coverage: 0.0000
  Batch 2240/5242, Loss: 3.9970, NLL: 3.9970, Coverage: 0.0000
  Batch 2250/5242, Loss: 3.4667, NLL: 3.4667, Coverage: 0.0000
  Batch 2260/5242, Loss: 4.1741, NLL: 4.1741, Coverage: 0.0000
  Batch 2270/5242, Loss: 3.6689, NLL: 3.6689, Coverage: 0.0000
  Batch 2280/5242, Loss: 3.8722, NLL: 3.8722, Coverage: 0.0000
  Batch 2290/5242, Loss: 4.2705, NLL: 4.2705, Coverage: 0.0000
  Batch 2300/5242, Loss: 3.6836, NLL: 3.6836, Coverage: 0.0000
  Batch 2310/5242, Loss: 4.1935, NLL: 4.1935, Coverage: 0.0000
  Batch 2320/5242, Loss: 4.3833, NLL: 4.3833, Coverage: 0.0000
  Batch 2330/5242, Loss: 3.9698, NLL: 3.9698, Coverage: 0.0000
  Batch 2340/5242, Loss: 4.3281, NLL: 4.3281, Coverage: 0.0000
  Batch 2350/5242, Loss: 4.1770, NLL: 4.1770, Coverage: 0.0000
  Batch 2360/5242, Loss: 4.2215, NLL: 4.2215, Coverage: 0.0000
  Batch 2370/5242, Loss: 4.4845, NLL: 4.4845, Coverage: 0.0000
  Batch 2380/5242, Loss: 4.4650, NLL: 4.4650, Coverage: 0.0000
  Batch 2390/5242, Loss: 3.6640, NLL: 3.6640, Coverage: 0.0000
  Batch 2400/5242, Loss: 4.3547, NLL: 4.3547, Coverage: 0.0000
  Batch 2410/5242, Loss: 4.1135, NLL: 4.1135, Coverage: 0.0000
  Batch 2420/5242, Loss: 4.0963, NLL: 4.0963, Coverage: 0.0000
  Batch 2430/5242, Loss: 4.2304, NLL: 4.2304, Coverage: 0.0000
  Batch 2440/5242, Loss: 4.2910, NLL: 4.2910, Coverage: 0.0000
  Batch 2450/5242, Loss: 4.3670, NLL: 4.3670, Coverage: 0.0000
  Batch 2460/5242, Loss: 4.2236, NLL: 4.2236, Coverage: 0.0000
  Batch 2470/5242, Loss: 4.3305, NLL: 4.3305, Coverage: 0.0000
  Batch 2480/5242, Loss: 4.4964, NLL: 4.4964, Coverage: 0.0000
  Batch 2490/5242, Loss: 3.6387, NLL: 3.6387, Coverage: 0.0000
  Batch 2500/5242, Loss: 3.9227, NLL: 3.9227, Coverage: 0.0000
  Batch 2510/5242, Loss: 4.2738, NLL: 4.2738, Coverage: 0.0000
  Batch 2520/5242, Loss: 4.3068, NLL: 4.3068, Coverage: 0.0000
  Batch 2530/5242, Loss: 4.6833, NLL: 4.6833, Coverage: 0.0000
  Batch 2540/5242, Loss: 4.2049, NLL: 4.2049, Coverage: 0.0000
  Batch 2550/5242, Loss: 4.1969, NLL: 4.1969, Coverage: 0.0000
  Batch 2560/5242, Loss: 4.3598, NLL: 4.3598, Coverage: 0.0000
  Batch 2570/5242, Loss: 3.5338, NLL: 3.5338, Coverage: 0.0000
  Batch 2580/5242, Loss: 4.3795, NLL: 4.3795, Coverage: 0.0000
  Batch 2590/5242, Loss: 4.2189, NLL: 4.2189, Coverage: 0.0000
  Batch 2600/5242, Loss: 4.4982, NLL: 4.4982, Coverage: 0.0000
  Batch 2610/5242, Loss: 4.3428, NLL: 4.3428, Coverage: 0.0000
  Batch 2620/5242, Loss: 4.2714, NLL: 4.2714, Coverage: 0.0000
  Batch 2630/5242, Loss: 4.1124, NLL: 4.1124, Coverage: 0.0000
  Batch 2640/5242, Loss: 4.3290, NLL: 4.3290, Coverage: 0.0000
  Batch 2650/5242, Loss: 3.7510, NLL: 3.7510, Coverage: 0.0000
  Batch 2660/5242, Loss: 3.6080, NLL: 3.6080, Coverage: 0.0000
  Batch 2670/5242, Loss: 3.7803, NLL: 3.7803, Coverage: 0.0000
  Batch 2680/5242, Loss: 3.9178, NLL: 3.9178, Coverage: 0.0000
  Batch 2690/5242, Loss: 4.3350, NLL: 4.3350, Coverage: 0.0000
  Batch 2700/5242, Loss: 3.9443, NLL: 3.9443, Coverage: 0.0000
  Batch 2710/5242, Loss: 3.8603, NLL: 3.8603, Coverage: 0.0000
  Batch 2720/5242, Loss: 4.2241, NLL: 4.2241, Coverage: 0.0000
  Batch 2730/5242, Loss: 3.8771, NLL: 3.8771, Coverage: 0.0000
  Batch 2740/5242, Loss: 4.4126, NLL: 4.4126, Coverage: 0.0000
  Batch 2750/5242, Loss: 3.9720, NLL: 3.9720, Coverage: 0.0000
  Batch 2760/5242, Loss: 4.1630, NLL: 4.1630, Coverage: 0.0000
  Batch 2770/5242, Loss: 4.1038, NLL: 4.1038, Coverage: 0.0000
  Batch 2780/5242, Loss: 4.2366, NLL: 4.2366, Coverage: 0.0000
  Batch 2790/5242, Loss: 3.7963, NLL: 3.7963, Coverage: 0.0000
  Batch 2800/5242, Loss: 4.2583, NLL: 4.2583, Coverage: 0.0000
  Batch 2810/5242, Loss: 4.0457, NLL: 4.0457, Coverage: 0.0000
  Batch 2820/5242, Loss: 4.5539, NLL: 4.5539, Coverage: 0.0000
  Batch 2830/5242, Loss: 3.7097, NLL: 3.7097, Coverage: 0.0000
  Batch 2840/5242, Loss: 4.5074, NLL: 4.5074, Coverage: 0.0000
  Batch 2850/5242, Loss: 4.0744, NLL: 4.0744, Coverage: 0.0000
  Batch 2860/5242, Loss: 4.1504, NLL: 4.1504, Coverage: 0.0000
  Batch 2870/5242, Loss: 3.9042, NLL: 3.9042, Coverage: 0.0000
  Batch 2880/5242, Loss: 3.7653, NLL: 3.7653, Coverage: 0.0000
  Batch 2890/5242, Loss: 4.1258, NLL: 4.1258, Coverage: 0.0000
  Batch 2900/5242, Loss: 4.1178, NLL: 4.1178, Coverage: 0.0000
  Batch 2910/5242, Loss: 3.8603, NLL: 3.8603, Coverage: 0.0000
  Batch 2920/5242, Loss: 3.6718, NLL: 3.6718, Coverage: 0.0000
  Batch 2930/5242, Loss: 3.9000, NLL: 3.9000, Coverage: 0.0000
  Batch 2940/5242, Loss: 4.3533, NLL: 4.3533, Coverage: 0.0000
  Batch 2950/5242, Loss: 3.8631, NLL: 3.8631, Coverage: 0.0000
  Batch 2960/5242, Loss: 4.3754, NLL: 4.3754, Coverage: 0.0000
  Batch 2970/5242, Loss: 4.0107, NLL: 4.0107, Coverage: 0.0000
  Batch 2980/5242, Loss: 3.9240, NLL: 3.9240, Coverage: 0.0000
  Batch 2990/5242, Loss: 4.6947, NLL: 4.6947, Coverage: 0.0000
  Batch 3000/5242, Loss: 3.8834, NLL: 3.8834, Coverage: 0.0000
  Batch 3010/5242, Loss: 4.3523, NLL: 4.3523, Coverage: 0.0000
  Batch 3020/5242, Loss: 4.3498, NLL: 4.3498, Coverage: 0.0000
  Batch 3030/5242, Loss: 3.9323, NLL: 3.9323, Coverage: 0.0000
  Batch 3040/5242, Loss: 4.4058, NLL: 4.4058, Coverage: 0.0000
  Batch 3050/5242, Loss: 3.7916, NLL: 3.7916, Coverage: 0.0000
  Batch 3060/5242, Loss: 3.9432, NLL: 3.9432, Coverage: 0.0000
  Batch 3070/5242, Loss: 3.8317, NLL: 3.8317, Coverage: 0.0000
  Batch 3080/5242, Loss: 3.9582, NLL: 3.9582, Coverage: 0.0000
  Batch 3090/5242, Loss: 4.3420, NLL: 4.3420, Coverage: 0.0000
  Batch 3100/5242, Loss: 4.2563, NLL: 4.2563, Coverage: 0.0000
  Batch 3110/5242, Loss: 3.8752, NLL: 3.8752, Coverage: 0.0000
  Batch 3120/5242, Loss: 4.3198, NLL: 4.3198, Coverage: 0.0000
  Batch 3130/5242, Loss: 4.0595, NLL: 4.0595, Coverage: 0.0000
  Batch 3140/5242, Loss: 3.6652, NLL: 3.6652, Coverage: 0.0000
  Batch 3150/5242, Loss: 4.3386, NLL: 4.3386, Coverage: 0.0000
  Batch 3160/5242, Loss: 4.6455, NLL: 4.6455, Coverage: 0.0000
  Batch 3170/5242, Loss: 4.2731, NLL: 4.2731, Coverage: 0.0000
  Batch 3180/5242, Loss: 3.9830, NLL: 3.9830, Coverage: 0.0000
  Batch 3190/5242, Loss: 3.8745, NLL: 3.8745, Coverage: 0.0000
  Batch 3200/5242, Loss: 4.2434, NLL: 4.2434, Coverage: 0.0000
  Batch 3210/5242, Loss: 3.8974, NLL: 3.8974, Coverage: 0.0000
  Batch 3220/5242, Loss: 4.1577, NLL: 4.1577, Coverage: 0.0000
  Batch 3230/5242, Loss: 3.8779, NLL: 3.8779, Coverage: 0.0000
  Batch 3240/5242, Loss: 3.7813, NLL: 3.7813, Coverage: 0.0000
  Batch 3250/5242, Loss: 4.0514, NLL: 4.0514, Coverage: 0.0000
  Batch 3260/5242, Loss: 4.4463, NLL: 4.4463, Coverage: 0.0000
  Batch 3270/5242, Loss: 4.1529, NLL: 4.1529, Coverage: 0.0000
  Batch 3280/5242, Loss: 3.8135, NLL: 3.8135, Coverage: 0.0000
  Batch 3290/5242, Loss: 3.9040, NLL: 3.9040, Coverage: 0.0000
  Batch 3300/5242, Loss: 4.3813, NLL: 4.3813, Coverage: 0.0000
  Batch 3310/5242, Loss: 4.5138, NLL: 4.5138, Coverage: 0.0000
  Batch 3320/5242, Loss: 4.1931, NLL: 4.1931, Coverage: 0.0000
  Batch 3330/5242, Loss: 4.1752, NLL: 4.1752, Coverage: 0.0000
  Batch 3340/5242, Loss: 4.3886, NLL: 4.3886, Coverage: 0.0000
  Batch 3350/5242, Loss: 4.3512, NLL: 4.3512, Coverage: 0.0000
  Batch 3360/5242, Loss: 4.2085, NLL: 4.2085, Coverage: 0.0000
  Batch 3370/5242, Loss: 4.3458, NLL: 4.3458, Coverage: 0.0000
  Batch 3380/5242, Loss: 3.6361, NLL: 3.6361, Coverage: 0.0000
  Batch 3390/5242, Loss: 4.0806, NLL: 4.0806, Coverage: 0.0000
  Batch 3400/5242, Loss: 4.2301, NLL: 4.2301, Coverage: 0.0000
  Batch 3410/5242, Loss: 4.0051, NLL: 4.0051, Coverage: 0.0000
  Batch 3420/5242, Loss: 4.5588, NLL: 4.5588, Coverage: 0.0000
  Batch 3430/5242, Loss: 4.0181, NLL: 4.0181, Coverage: 0.0000
  Batch 3440/5242, Loss: 3.8406, NLL: 3.8406, Coverage: 0.0000
  Batch 3450/5242, Loss: 3.7996, NLL: 3.7996, Coverage: 0.0000
  Batch 3460/5242, Loss: 4.1111, NLL: 4.1111, Coverage: 0.0000
  Batch 3470/5242, Loss: 4.0448, NLL: 4.0448, Coverage: 0.0000
  Batch 3480/5242, Loss: 4.2887, NLL: 4.2887, Coverage: 0.0000
  Batch 3490/5242, Loss: 4.2498, NLL: 4.2498, Coverage: 0.0000
  Batch 3500/5242, Loss: 4.5633, NLL: 4.5633, Coverage: 0.0000
  Batch 3510/5242, Loss: 3.8437, NLL: 3.8437, Coverage: 0.0000
  Batch 3520/5242, Loss: 3.6972, NLL: 3.6972, Coverage: 0.0000
  Batch 3530/5242, Loss: 4.2760, NLL: 4.2760, Coverage: 0.0000
  Batch 3540/5242, Loss: 4.1767, NLL: 4.1767, Coverage: 0.0000
  Batch 3550/5242, Loss: 4.0373, NLL: 4.0373, Coverage: 0.0000
  Batch 3560/5242, Loss: 3.9868, NLL: 3.9868, Coverage: 0.0000
  Batch 3570/5242, Loss: 4.2065, NLL: 4.2065, Coverage: 0.0000
  Batch 3580/5242, Loss: 4.4690, NLL: 4.4690, Coverage: 0.0000
  Batch 3590/5242, Loss: 4.0838, NLL: 4.0838, Coverage: 0.0000
  Batch 3600/5242, Loss: 4.7512, NLL: 4.7512, Coverage: 0.0000
  Batch 3610/5242, Loss: 4.4311, NLL: 4.4311, Coverage: 0.0000
  Batch 3620/5242, Loss: 4.1785, NLL: 4.1785, Coverage: 0.0000
  Batch 3630/5242, Loss: 3.8735, NLL: 3.8735, Coverage: 0.0000
  Batch 3640/5242, Loss: 4.3086, NLL: 4.3086, Coverage: 0.0000
  Batch 3650/5242, Loss: 3.8645, NLL: 3.8645, Coverage: 0.0000
  Batch 3660/5242, Loss: 4.0130, NLL: 4.0130, Coverage: 0.0000
  Batch 3670/5242, Loss: 4.6301, NLL: 4.6301, Coverage: 0.0000
  Batch 3680/5242, Loss: 4.1911, NLL: 4.1911, Coverage: 0.0000
  Batch 3690/5242, Loss: 4.3447, NLL: 4.3447, Coverage: 0.0000
  Batch 3700/5242, Loss: 4.0126, NLL: 4.0126, Coverage: 0.0000
  Batch 3710/5242, Loss: 3.9829, NLL: 3.9829, Coverage: 0.0000
  Batch 3720/5242, Loss: 4.0284, NLL: 4.0284, Coverage: 0.0000
  Batch 3730/5242, Loss: 4.0008, NLL: 4.0008, Coverage: 0.0000
  Batch 3740/5242, Loss: 4.7755, NLL: 4.7755, Coverage: 0.0000
  Batch 3750/5242, Loss: 4.2591, NLL: 4.2591, Coverage: 0.0000
  Batch 3760/5242, Loss: 3.9057, NLL: 3.9057, Coverage: 0.0000
  Batch 3770/5242, Loss: 4.2415, NLL: 4.2415, Coverage: 0.0000
  Batch 3780/5242, Loss: 3.9558, NLL: 3.9558, Coverage: 0.0000
  Batch 3790/5242, Loss: 4.5313, NLL: 4.5313, Coverage: 0.0000
  Batch 3800/5242, Loss: 3.8774, NLL: 3.8774, Coverage: 0.0000
  Batch 3810/5242, Loss: 3.7827, NLL: 3.7827, Coverage: 0.0000
  Batch 3820/5242, Loss: 3.8780, NLL: 3.8780, Coverage: 0.0000
  Batch 3830/5242, Loss: 4.3031, NLL: 4.3031, Coverage: 0.0000
  Batch 3840/5242, Loss: 4.3679, NLL: 4.3679, Coverage: 0.0000
  Batch 3850/5242, Loss: 3.9228, NLL: 3.9228, Coverage: 0.0000
  Batch 3860/5242, Loss: 3.8523, NLL: 3.8523, Coverage: 0.0000
  Batch 3870/5242, Loss: 4.0700, NLL: 4.0700, Coverage: 0.0000
  Batch 3880/5242, Loss: 4.4230, NLL: 4.4230, Coverage: 0.0000
  Batch 3890/5242, Loss: 4.3237, NLL: 4.3237, Coverage: 0.0000
  Batch 3900/5242, Loss: 3.8460, NLL: 3.8460, Coverage: 0.0000
  Batch 3910/5242, Loss: 4.2591, NLL: 4.2591, Coverage: 0.0000
  Batch 3920/5242, Loss: 3.6107, NLL: 3.6107, Coverage: 0.0000
  Batch 3930/5242, Loss: 4.2413, NLL: 4.2413, Coverage: 0.0000
  Batch 3940/5242, Loss: 3.9997, NLL: 3.9997, Coverage: 0.0000
  Batch 3950/5242, Loss: 4.1464, NLL: 4.1464, Coverage: 0.0000
  Batch 3960/5242, Loss: 4.0906, NLL: 4.0906, Coverage: 0.0000
  Batch 3970/5242, Loss: 4.2683, NLL: 4.2683, Coverage: 0.0000
  Batch 3980/5242, Loss: 4.3031, NLL: 4.3031, Coverage: 0.0000
  Batch 3990/5242, Loss: 3.9511, NLL: 3.9511, Coverage: 0.0000
  Batch 4000/5242, Loss: 4.3446, NLL: 4.3446, Coverage: 0.0000
  Batch 4010/5242, Loss: 3.9392, NLL: 3.9392, Coverage: 0.0000
  Batch 4020/5242, Loss: 4.2525, NLL: 4.2525, Coverage: 0.0000
  Batch 4030/5242, Loss: 4.2815, NLL: 4.2815, Coverage: 0.0000
  Batch 4040/5242, Loss: 4.0478, NLL: 4.0478, Coverage: 0.0000
  Batch 4050/5242, Loss: 3.7722, NLL: 3.7722, Coverage: 0.0000
  Batch 4060/5242, Loss: 4.1658, NLL: 4.1658, Coverage: 0.0000
  Batch 4070/5242, Loss: 4.2252, NLL: 4.2252, Coverage: 0.0000
  Batch 4080/5242, Loss: 4.2114, NLL: 4.2114, Coverage: 0.0000
  Batch 4090/5242, Loss: 3.7916, NLL: 3.7916, Coverage: 0.0000
  Batch 4100/5242, Loss: 3.8056, NLL: 3.8056, Coverage: 0.0000
  Batch 4110/5242, Loss: 4.2589, NLL: 4.2589, Coverage: 0.0000
  Batch 4120/5242, Loss: 4.5310, NLL: 4.5310, Coverage: 0.0000
  Batch 4130/5242, Loss: 4.1613, NLL: 4.1613, Coverage: 0.0000
  Batch 4140/5242, Loss: 4.0137, NLL: 4.0137, Coverage: 0.0000
  Batch 4150/5242, Loss: 4.0784, NLL: 4.0784, Coverage: 0.0000
  Batch 4160/5242, Loss: 3.8411, NLL: 3.8411, Coverage: 0.0000
  Batch 4170/5242, Loss: 3.9130, NLL: 3.9130, Coverage: 0.0000
  Batch 4180/5242, Loss: 3.8003, NLL: 3.8003, Coverage: 0.0000
  Batch 4190/5242, Loss: 3.8698, NLL: 3.8698, Coverage: 0.0000
  Batch 4200/5242, Loss: 5.1442, NLL: 5.1442, Coverage: 0.0000
  Batch 4210/5242, Loss: 4.0213, NLL: 4.0213, Coverage: 0.0000
  Batch 4220/5242, Loss: 3.6207, NLL: 3.6207, Coverage: 0.0000
  Batch 4230/5242, Loss: 3.5966, NLL: 3.5966, Coverage: 0.0000
  Batch 4240/5242, Loss: 4.0806, NLL: 4.0806, Coverage: 0.0000
  Batch 4250/5242, Loss: 4.3787, NLL: 4.3787, Coverage: 0.0000
  Batch 4260/5242, Loss: 4.4490, NLL: 4.4490, Coverage: 0.0000
  Batch 4270/5242, Loss: 3.8233, NLL: 3.8233, Coverage: 0.0000
  Batch 4280/5242, Loss: 4.4130, NLL: 4.4130, Coverage: 0.0000
  Batch 4290/5242, Loss: 4.3395, NLL: 4.3395, Coverage: 0.0000
  Batch 4300/5242, Loss: 3.5046, NLL: 3.5046, Coverage: 0.0000
  Batch 4310/5242, Loss: 4.0310, NLL: 4.0310, Coverage: 0.0000
  Batch 4320/5242, Loss: 4.1628, NLL: 4.1628, Coverage: 0.0000
  Batch 4330/5242, Loss: 3.8315, NLL: 3.8315, Coverage: 0.0000
  Batch 4340/5242, Loss: 3.9087, NLL: 3.9087, Coverage: 0.0000
  Batch 4350/5242, Loss: 3.8017, NLL: 3.8017, Coverage: 0.0000
  Batch 4360/5242, Loss: 3.8901, NLL: 3.8901, Coverage: 0.0000
  Batch 4370/5242, Loss: 3.8052, NLL: 3.8052, Coverage: 0.0000
  Batch 4380/5242, Loss: 3.8595, NLL: 3.8595, Coverage: 0.0000
  Batch 4390/5242, Loss: 4.4241, NLL: 4.4241, Coverage: 0.0000
  Batch 4400/5242, Loss: 3.8367, NLL: 3.8367, Coverage: 0.0000
  Batch 4410/5242, Loss: 4.3637, NLL: 4.3637, Coverage: 0.0000
  Batch 4420/5242, Loss: 4.1270, NLL: 4.1270, Coverage: 0.0000
  Batch 4430/5242, Loss: 3.9476, NLL: 3.9476, Coverage: 0.0000
  Batch 4440/5242, Loss: 4.0912, NLL: 4.0912, Coverage: 0.0000
  Batch 4450/5242, Loss: 4.1809, NLL: 4.1809, Coverage: 0.0000
  Batch 4460/5242, Loss: 4.6576, NLL: 4.6576, Coverage: 0.0000
  Batch 4470/5242, Loss: 4.1869, NLL: 4.1869, Coverage: 0.0000
  Batch 4480/5242, Loss: 4.2032, NLL: 4.2032, Coverage: 0.0000
  Batch 4490/5242, Loss: 4.0881, NLL: 4.0881, Coverage: 0.0000
  Batch 4500/5242, Loss: 4.1020, NLL: 4.1020, Coverage: 0.0000
  Batch 4510/5242, Loss: 3.5312, NLL: 3.5312, Coverage: 0.0000
  Batch 4520/5242, Loss: 3.9235, NLL: 3.9235, Coverage: 0.0000
  Batch 4530/5242, Loss: 4.2902, NLL: 4.2902, Coverage: 0.0000
  Batch 4540/5242, Loss: 4.3383, NLL: 4.3383, Coverage: 0.0000
  Batch 4550/5242, Loss: 4.1258, NLL: 4.1258, Coverage: 0.0000
  Batch 4560/5242, Loss: 4.0462, NLL: 4.0462, Coverage: 0.0000
  Batch 4570/5242, Loss: 4.0117, NLL: 4.0117, Coverage: 0.0000
  Batch 4580/5242, Loss: 4.5540, NLL: 4.5540, Coverage: 0.0000
  Batch 4590/5242, Loss: 4.6735, NLL: 4.6735, Coverage: 0.0000
  Batch 4600/5242, Loss: 4.2157, NLL: 4.2157, Coverage: 0.0000
  Batch 4610/5242, Loss: 4.0113, NLL: 4.0113, Coverage: 0.0000
  Batch 4620/5242, Loss: 4.3153, NLL: 4.3153, Coverage: 0.0000
  Batch 4630/5242, Loss: 4.2331, NLL: 4.2331, Coverage: 0.0000
  Batch 4640/5242, Loss: 3.8170, NLL: 3.8170, Coverage: 0.0000
  Batch 4650/5242, Loss: 4.3708, NLL: 4.3708, Coverage: 0.0000
  Batch 4660/5242, Loss: 4.2945, NLL: 4.2945, Coverage: 0.0000
  Batch 4670/5242, Loss: 4.4139, NLL: 4.4139, Coverage: 0.0000
  Batch 4680/5242, Loss: 4.0796, NLL: 4.0796, Coverage: 0.0000
  Batch 4690/5242, Loss: 4.2576, NLL: 4.2576, Coverage: 0.0000
  Batch 4700/5242, Loss: 4.3086, NLL: 4.3086, Coverage: 0.0000
  Batch 4710/5242, Loss: 4.0575, NLL: 4.0575, Coverage: 0.0000
  Batch 4720/5242, Loss: 4.0132, NLL: 4.0132, Coverage: 0.0000
  Batch 4730/5242, Loss: 3.6378, NLL: 3.6378, Coverage: 0.0000
  Batch 4740/5242, Loss: 4.3082, NLL: 4.3082, Coverage: 0.0000
  Batch 4750/5242, Loss: 4.3717, NLL: 4.3717, Coverage: 0.0000
  Batch 4760/5242, Loss: 4.1243, NLL: 4.1243, Coverage: 0.0000
  Batch 4770/5242, Loss: 4.4179, NLL: 4.4179, Coverage: 0.0000
  Batch 4780/5242, Loss: 4.5285, NLL: 4.5285, Coverage: 0.0000
  Batch 4790/5242, Loss: 4.2526, NLL: 4.2526, Coverage: 0.0000
  Batch 4800/5242, Loss: 3.8836, NLL: 3.8836, Coverage: 0.0000
  Batch 4810/5242, Loss: 4.1952, NLL: 4.1952, Coverage: 0.0000
  Batch 4820/5242, Loss: 4.4125, NLL: 4.4125, Coverage: 0.0000
  Batch 4830/5242, Loss: 3.9452, NLL: 3.9452, Coverage: 0.0000
  Batch 4840/5242, Loss: 4.0749, NLL: 4.0749, Coverage: 0.0000
  Batch 4850/5242, Loss: 3.7583, NLL: 3.7583, Coverage: 0.0000
  Batch 4860/5242, Loss: 3.9499, NLL: 3.9499, Coverage: 0.0000
  Batch 4870/5242, Loss: 3.7086, NLL: 3.7086, Coverage: 0.0000
  Batch 4880/5242, Loss: 3.9533, NLL: 3.9533, Coverage: 0.0000
  Batch 4890/5242, Loss: 4.0461, NLL: 4.0461, Coverage: 0.0000
  Batch 4900/5242, Loss: 4.2342, NLL: 4.2342, Coverage: 0.0000
  Batch 4910/5242, Loss: 4.5177, NLL: 4.5177, Coverage: 0.0000
  Batch 4920/5242, Loss: 3.7979, NLL: 3.7979, Coverage: 0.0000
  Batch 4930/5242, Loss: 3.7324, NLL: 3.7324, Coverage: 0.0000
  Batch 4940/5242, Loss: 3.7874, NLL: 3.7874, Coverage: 0.0000
  Batch 4950/5242, Loss: 4.0618, NLL: 4.0618, Coverage: 0.0000
  Batch 4960/5242, Loss: 3.6889, NLL: 3.6889, Coverage: 0.0000
  Batch 4970/5242, Loss: 4.1708, NLL: 4.1708, Coverage: 0.0000
  Batch 4980/5242, Loss: 4.4523, NLL: 4.4523, Coverage: 0.0000
  Batch 4990/5242, Loss: 4.1128, NLL: 4.1128, Coverage: 0.0000
  Batch 5000/5242, Loss: 4.2125, NLL: 4.2125, Coverage: 0.0000
  Batch 5010/5242, Loss: 4.2527, NLL: 4.2527, Coverage: 0.0000
  Batch 5020/5242, Loss: 3.8870, NLL: 3.8870, Coverage: 0.0000
  Batch 5030/5242, Loss: 4.1477, NLL: 4.1477, Coverage: 0.0000
  Batch 5040/5242, Loss: 3.8219, NLL: 3.8219, Coverage: 0.0000
  Batch 5050/5242, Loss: 4.3933, NLL: 4.3933, Coverage: 0.0000
  Batch 5060/5242, Loss: 4.4960, NLL: 4.4960, Coverage: 0.0000
  Batch 5070/5242, Loss: 4.2349, NLL: 4.2349, Coverage: 0.0000
  Batch 5080/5242, Loss: 3.9856, NLL: 3.9856, Coverage: 0.0000
  Batch 5090/5242, Loss: 3.9089, NLL: 3.9089, Coverage: 0.0000
  Batch 5100/5242, Loss: 4.0491, NLL: 4.0491, Coverage: 0.0000
  Batch 5110/5242, Loss: 3.9225, NLL: 3.9225, Coverage: 0.0000
  Batch 5120/5242, Loss: 4.1777, NLL: 4.1777, Coverage: 0.0000
  Batch 5130/5242, Loss: 4.1775, NLL: 4.1775, Coverage: 0.0000
  Batch 5140/5242, Loss: 4.0490, NLL: 4.0490, Coverage: 0.0000
  Batch 5150/5242, Loss: 4.2902, NLL: 4.2902, Coverage: 0.0000
  Batch 5160/5242, Loss: 3.6718, NLL: 3.6718, Coverage: 0.0000
  Batch 5170/5242, Loss: 4.2679, NLL: 4.2679, Coverage: 0.0000
  Batch 5180/5242, Loss: 3.8165, NLL: 3.8165, Coverage: 0.0000
  Batch 5190/5242, Loss: 4.4269, NLL: 4.4269, Coverage: 0.0000
  Batch 5200/5242, Loss: 4.3146, NLL: 4.3146, Coverage: 0.0000
  Batch 5210/5242, Loss: 3.8676, NLL: 3.8676, Coverage: 0.0000
  Batch 5220/5242, Loss: 3.8442, NLL: 3.8442, Coverage: 0.0000
  Batch 5230/5242, Loss: 3.8936, NLL: 3.8936, Coverage: 0.0000
  Batch 5240/5242, Loss: 3.7897, NLL: 3.7897, Coverage: 0.0000

  Train Loss: 4.0809 (NLL: 4.0809, Cov: 0.0000)
  Val Loss: 6.3261 (NLL: 6.3261, Cov: 0.0000)
  Time: 33m 18s

Epoch 10/20
----------------------------------------
  Batch 10/5242, Loss: 4.3298, NLL: 4.3298, Coverage: 0.0000
  Batch 20/5242, Loss: 4.7591, NLL: 4.7591, Coverage: 0.0000
  Batch 30/5242, Loss: 4.1257, NLL: 4.1257, Coverage: 0.0000
  Batch 40/5242, Loss: 4.2500, NLL: 4.2500, Coverage: 0.0000
  Batch 50/5242, Loss: 4.1955, NLL: 4.1955, Coverage: 0.0000
  Batch 60/5242, Loss: 4.1799, NLL: 4.1799, Coverage: 0.0000
  Batch 70/5242, Loss: 4.1204, NLL: 4.1204, Coverage: 0.0000
  Batch 80/5242, Loss: 3.5368, NLL: 3.5368, Coverage: 0.0000
  Batch 90/5242, Loss: 3.8678, NLL: 3.8678, Coverage: 0.0000
  Batch 100/5242, Loss: 4.0264, NLL: 4.0264, Coverage: 0.0000
  Batch 110/5242, Loss: 4.1697, NLL: 4.1697, Coverage: 0.0000
  Batch 120/5242, Loss: 4.1626, NLL: 4.1626, Coverage: 0.0000
  Batch 130/5242, Loss: 4.1365, NLL: 4.1365, Coverage: 0.0000
  Batch 140/5242, Loss: 3.8324, NLL: 3.8324, Coverage: 0.0000
  Batch 150/5242, Loss: 4.1744, NLL: 4.1744, Coverage: 0.0000
  Batch 160/5242, Loss: 4.0383, NLL: 4.0383, Coverage: 0.0000
  Batch 170/5242, Loss: 3.9867, NLL: 3.9867, Coverage: 0.0000
  Batch 180/5242, Loss: 3.8585, NLL: 3.8585, Coverage: 0.0000
  Batch 190/5242, Loss: 4.0015, NLL: 4.0015, Coverage: 0.0000
  Batch 200/5242, Loss: 3.8132, NLL: 3.8132, Coverage: 0.0000
  Batch 210/5242, Loss: 3.8655, NLL: 3.8655, Coverage: 0.0000
  Batch 220/5242, Loss: 4.0736, NLL: 4.0736, Coverage: 0.0000
  Batch 230/5242, Loss: 3.4486, NLL: 3.4486, Coverage: 0.0000
  Batch 240/5242, Loss: 4.2357, NLL: 4.2357, Coverage: 0.0000
  Batch 250/5242, Loss: 4.2083, NLL: 4.2083, Coverage: 0.0000
  Batch 260/5242, Loss: 4.4231, NLL: 4.4231, Coverage: 0.0000
  Batch 270/5242, Loss: 3.9051, NLL: 3.9051, Coverage: 0.0000
  Batch 280/5242, Loss: 4.1197, NLL: 4.1197, Coverage: 0.0000
  Batch 290/5242, Loss: 4.2784, NLL: 4.2784, Coverage: 0.0000
  Batch 300/5242, Loss: 3.8780, NLL: 3.8780, Coverage: 0.0000
  Batch 310/5242, Loss: 4.0665, NLL: 4.0665, Coverage: 0.0000
  Batch 320/5242, Loss: 3.8603, NLL: 3.8603, Coverage: 0.0000
  Batch 330/5242, Loss: 3.6582, NLL: 3.6582, Coverage: 0.0000
  Batch 340/5242, Loss: 3.8102, NLL: 3.8102, Coverage: 0.0000
  Batch 350/5242, Loss: 3.8196, NLL: 3.8196, Coverage: 0.0000
  Batch 360/5242, Loss: 4.3394, NLL: 4.3394, Coverage: 0.0000
  Batch 370/5242, Loss: 4.0524, NLL: 4.0524, Coverage: 0.0000
  Batch 380/5242, Loss: 4.2045, NLL: 4.2045, Coverage: 0.0000
  Batch 390/5242, Loss: 4.5552, NLL: 4.5552, Coverage: 0.0000
  Batch 400/5242, Loss: 4.1449, NLL: 4.1449, Coverage: 0.0000
  Batch 410/5242, Loss: 4.2441, NLL: 4.2441, Coverage: 0.0000
  Batch 420/5242, Loss: 3.9630, NLL: 3.9630, Coverage: 0.0000
  Batch 430/5242, Loss: 3.6606, NLL: 3.6606, Coverage: 0.0000
  Batch 440/5242, Loss: 3.9626, NLL: 3.9626, Coverage: 0.0000
  Batch 450/5242, Loss: 4.3863, NLL: 4.3863, Coverage: 0.0000
  Batch 460/5242, Loss: 4.3639, NLL: 4.3639, Coverage: 0.0000
  Batch 470/5242, Loss: 3.6620, NLL: 3.6620, Coverage: 0.0000
  Batch 480/5242, Loss: 4.5612, NLL: 4.5612, Coverage: 0.0000
  Batch 490/5242, Loss: 4.0518, NLL: 4.0518, Coverage: 0.0000
  Batch 500/5242, Loss: 3.9677, NLL: 3.9677, Coverage: 0.0000
  Batch 510/5242, Loss: 4.0168, NLL: 4.0168, Coverage: 0.0000
  Batch 520/5242, Loss: 3.9507, NLL: 3.9507, Coverage: 0.0000
  Batch 530/5242, Loss: 4.2261, NLL: 4.2261, Coverage: 0.0000
  Batch 540/5242, Loss: 4.0694, NLL: 4.0694, Coverage: 0.0000
  Batch 550/5242, Loss: 4.2538, NLL: 4.2538, Coverage: 0.0000
  Batch 560/5242, Loss: 3.8576, NLL: 3.8576, Coverage: 0.0000
  Batch 570/5242, Loss: 4.5079, NLL: 4.5079, Coverage: 0.0000
  Batch 580/5242, Loss: 4.1805, NLL: 4.1805, Coverage: 0.0000
  Batch 590/5242, Loss: 3.6603, NLL: 3.6603, Coverage: 0.0000
  Batch 600/5242, Loss: 4.4586, NLL: 4.4586, Coverage: 0.0000
  Batch 610/5242, Loss: 3.8527, NLL: 3.8527, Coverage: 0.0000
  Batch 620/5242, Loss: 3.9489, NLL: 3.9489, Coverage: 0.0000
  Batch 630/5242, Loss: 4.2149, NLL: 4.2149, Coverage: 0.0000
  Batch 640/5242, Loss: 3.9138, NLL: 3.9138, Coverage: 0.0000
  Batch 650/5242, Loss: 4.5734, NLL: 4.5734, Coverage: 0.0000
  Batch 660/5242, Loss: 4.0752, NLL: 4.0752, Coverage: 0.0000
  Batch 670/5242, Loss: 3.9801, NLL: 3.9801, Coverage: 0.0000
  Batch 680/5242, Loss: 3.9611, NLL: 3.9611, Coverage: 0.0000
  Batch 690/5242, Loss: 3.9476, NLL: 3.9476, Coverage: 0.0000
  Batch 700/5242, Loss: 4.2951, NLL: 4.2951, Coverage: 0.0000
  Batch 710/5242, Loss: 4.0732, NLL: 4.0732, Coverage: 0.0000
  Batch 720/5242, Loss: 3.8482, NLL: 3.8482, Coverage: 0.0000
  Batch 730/5242, Loss: 4.1515, NLL: 4.1515, Coverage: 0.0000
  Batch 740/5242, Loss: 3.5740, NLL: 3.5740, Coverage: 0.0000
  Batch 750/5242, Loss: 3.7325, NLL: 3.7325, Coverage: 0.0000
  Batch 760/5242, Loss: 4.6556, NLL: 4.6556, Coverage: 0.0000
  Batch 770/5242, Loss: 4.1228, NLL: 4.1228, Coverage: 0.0000
  Batch 780/5242, Loss: 3.8101, NLL: 3.8101, Coverage: 0.0000
  Batch 790/5242, Loss: 3.6119, NLL: 3.6119, Coverage: 0.0000
  Batch 800/5242, Loss: 4.0007, NLL: 4.0007, Coverage: 0.0000
  Batch 810/5242, Loss: 3.8815, NLL: 3.8815, Coverage: 0.0000
  Batch 820/5242, Loss: 4.7710, NLL: 4.7710, Coverage: 0.0000
  Batch 830/5242, Loss: 4.2018, NLL: 4.2018, Coverage: 0.0000
  Batch 840/5242, Loss: 3.7499, NLL: 3.7499, Coverage: 0.0000
  Batch 850/5242, Loss: 3.9365, NLL: 3.9365, Coverage: 0.0000
  Batch 860/5242, Loss: 4.5266, NLL: 4.5266, Coverage: 0.0000
  Batch 870/5242, Loss: 4.1809, NLL: 4.1809, Coverage: 0.0000
  Batch 880/5242, Loss: 4.5277, NLL: 4.5277, Coverage: 0.0000
  Batch 890/5242, Loss: 4.2768, NLL: 4.2768, Coverage: 0.0000
  Batch 900/5242, Loss: 4.5619, NLL: 4.5619, Coverage: 0.0000
  Batch 910/5242, Loss: 3.8052, NLL: 3.8052, Coverage: 0.0000
  Batch 920/5242, Loss: 4.1853, NLL: 4.1853, Coverage: 0.0000
  Batch 930/5242, Loss: 3.4718, NLL: 3.4718, Coverage: 0.0000
  Batch 940/5242, Loss: 4.0095, NLL: 4.0095, Coverage: 0.0000
  Batch 950/5242, Loss: 4.2187, NLL: 4.2187, Coverage: 0.0000
  Batch 960/5242, Loss: 4.3945, NLL: 4.3945, Coverage: 0.0000
  Batch 970/5242, Loss: 4.0858, NLL: 4.0858, Coverage: 0.0000
  Batch 980/5242, Loss: 4.2881, NLL: 4.2881, Coverage: 0.0000
  Batch 990/5242, Loss: 3.9622, NLL: 3.9622, Coverage: 0.0000
  Batch 1000/5242, Loss: 4.4424, NLL: 4.4424, Coverage: 0.0000
  Batch 1010/5242, Loss: 4.0532, NLL: 4.0532, Coverage: 0.0000
  Batch 1020/5242, Loss: 3.7379, NLL: 3.7379, Coverage: 0.0000
  Batch 1030/5242, Loss: 4.1532, NLL: 4.1532, Coverage: 0.0000
  Batch 1040/5242, Loss: 4.1777, NLL: 4.1777, Coverage: 0.0000
  Batch 1050/5242, Loss: 3.9982, NLL: 3.9982, Coverage: 0.0000
  Batch 1060/5242, Loss: 4.0050, NLL: 4.0050, Coverage: 0.0000
  Batch 1070/5242, Loss: 4.1514, NLL: 4.1514, Coverage: 0.0000
  Batch 1080/5242, Loss: 4.0529, NLL: 4.0529, Coverage: 0.0000
  Batch 1090/5242, Loss: 4.2612, NLL: 4.2612, Coverage: 0.0000
  Batch 1100/5242, Loss: 4.1377, NLL: 4.1377, Coverage: 0.0000
  Batch 1110/5242, Loss: 3.7226, NLL: 3.7226, Coverage: 0.0000
  Batch 1120/5242, Loss: 4.0333, NLL: 4.0333, Coverage: 0.0000
  Batch 1130/5242, Loss: 4.1167, NLL: 4.1167, Coverage: 0.0000
  Batch 1140/5242, Loss: 3.8309, NLL: 3.8309, Coverage: 0.0000
  Batch 1150/5242, Loss: 3.7364, NLL: 3.7364, Coverage: 0.0000
  Batch 1160/5242, Loss: 3.9920, NLL: 3.9920, Coverage: 0.0000
  Batch 1170/5242, Loss: 4.1086, NLL: 4.1086, Coverage: 0.0000
  Batch 1180/5242, Loss: 4.2958, NLL: 4.2958, Coverage: 0.0000
  Batch 1190/5242, Loss: 4.1118, NLL: 4.1118, Coverage: 0.0000
  Batch 1200/5242, Loss: 4.1218, NLL: 4.1218, Coverage: 0.0000
  Batch 1210/5242, Loss: 4.3224, NLL: 4.3224, Coverage: 0.0000
  Batch 1220/5242, Loss: 4.1308, NLL: 4.1308, Coverage: 0.0000
  Batch 1230/5242, Loss: 4.4913, NLL: 4.4913, Coverage: 0.0000
  Batch 1240/5242, Loss: 4.1889, NLL: 4.1889, Coverage: 0.0000
  Batch 1250/5242, Loss: 4.1632, NLL: 4.1632, Coverage: 0.0000
  Batch 1260/5242, Loss: 4.2492, NLL: 4.2492, Coverage: 0.0000
  Batch 1270/5242, Loss: 3.7497, NLL: 3.7497, Coverage: 0.0000
  Batch 1280/5242, Loss: 4.5535, NLL: 4.5535, Coverage: 0.0000
  Batch 1290/5242, Loss: 3.9733, NLL: 3.9733, Coverage: 0.0000
  Batch 1300/5242, Loss: 3.7196, NLL: 3.7196, Coverage: 0.0000
  Batch 1310/5242, Loss: 4.1140, NLL: 4.1140, Coverage: 0.0000
  Batch 1320/5242, Loss: 4.0215, NLL: 4.0215, Coverage: 0.0000
  Batch 1330/5242, Loss: 4.2020, NLL: 4.2020, Coverage: 0.0000
  Batch 1340/5242, Loss: 3.8961, NLL: 3.8961, Coverage: 0.0000
  Batch 1350/5242, Loss: 4.3994, NLL: 4.3994, Coverage: 0.0000
  Batch 1360/5242, Loss: 4.0508, NLL: 4.0508, Coverage: 0.0000
  Batch 1370/5242, Loss: 4.5087, NLL: 4.5087, Coverage: 0.0000
  Batch 1380/5242, Loss: 4.0012, NLL: 4.0012, Coverage: 0.0000
  Batch 1390/5242, Loss: 4.2430, NLL: 4.2430, Coverage: 0.0000
  Batch 1400/5242, Loss: 4.0563, NLL: 4.0563, Coverage: 0.0000
  Batch 1410/5242, Loss: 3.6609, NLL: 3.6609, Coverage: 0.0000
  Batch 1420/5242, Loss: 3.5111, NLL: 3.5111, Coverage: 0.0000
  Batch 1430/5242, Loss: 3.8854, NLL: 3.8854, Coverage: 0.0000
  Batch 1440/5242, Loss: 3.9498, NLL: 3.9498, Coverage: 0.0000
  Batch 1450/5242, Loss: 3.8926, NLL: 3.8926, Coverage: 0.0000
  Batch 1460/5242, Loss: 4.2841, NLL: 4.2841, Coverage: 0.0000
  Batch 1470/5242, Loss: 4.2577, NLL: 4.2577, Coverage: 0.0000
  Batch 1480/5242, Loss: 3.7458, NLL: 3.7458, Coverage: 0.0000
  Batch 1490/5242, Loss: 3.6652, NLL: 3.6652, Coverage: 0.0000
  Batch 1500/5242, Loss: 4.2659, NLL: 4.2659, Coverage: 0.0000
  Batch 1510/5242, Loss: 3.8956, NLL: 3.8956, Coverage: 0.0000
  Batch 1520/5242, Loss: 4.2018, NLL: 4.2018, Coverage: 0.0000
  Batch 1530/5242, Loss: 3.8341, NLL: 3.8341, Coverage: 0.0000
  Batch 1540/5242, Loss: 4.1760, NLL: 4.1760, Coverage: 0.0000
  Batch 1550/5242, Loss: 4.4741, NLL: 4.4741, Coverage: 0.0000
  Batch 1560/5242, Loss: 3.7681, NLL: 3.7681, Coverage: 0.0000
  Batch 1570/5242, Loss: 3.7750, NLL: 3.7750, Coverage: 0.0000
  Batch 1580/5242, Loss: 4.1969, NLL: 4.1969, Coverage: 0.0000
  Batch 1590/5242, Loss: 4.2584, NLL: 4.2584, Coverage: 0.0000
  Batch 1600/5242, Loss: 3.9788, NLL: 3.9788, Coverage: 0.0000
  Batch 1610/5242, Loss: 4.6616, NLL: 4.6616, Coverage: 0.0000
  Batch 1620/5242, Loss: 4.5732, NLL: 4.5732, Coverage: 0.0000
  Batch 1630/5242, Loss: 3.7064, NLL: 3.7064, Coverage: 0.0000
  Batch 1640/5242, Loss: 3.9503, NLL: 3.9503, Coverage: 0.0000
  Batch 1650/5242, Loss: 4.3057, NLL: 4.3057, Coverage: 0.0000
  Batch 1660/5242, Loss: 4.3098, NLL: 4.3098, Coverage: 0.0000
  Batch 1670/5242, Loss: 4.2844, NLL: 4.2844, Coverage: 0.0000
  Batch 1680/5242, Loss: 3.9246, NLL: 3.9246, Coverage: 0.0000
  Batch 1690/5242, Loss: 3.7131, NLL: 3.7131, Coverage: 0.0000
  Batch 1700/5242, Loss: 4.0730, NLL: 4.0730, Coverage: 0.0000
  Batch 1710/5242, Loss: 3.6724, NLL: 3.6724, Coverage: 0.0000
  Batch 1720/5242, Loss: 4.1803, NLL: 4.1803, Coverage: 0.0000
  Batch 1730/5242, Loss: 4.0349, NLL: 4.0349, Coverage: 0.0000
  Batch 1740/5242, Loss: 3.9695, NLL: 3.9695, Coverage: 0.0000
  Batch 1750/5242, Loss: 3.9957, NLL: 3.9957, Coverage: 0.0000
  Batch 1760/5242, Loss: 4.0075, NLL: 4.0075, Coverage: 0.0000
  Batch 1770/5242, Loss: 4.1768, NLL: 4.1768, Coverage: 0.0000
  Batch 1780/5242, Loss: 3.7184, NLL: 3.7184, Coverage: 0.0000
  Batch 1790/5242, Loss: 4.4237, NLL: 4.4237, Coverage: 0.0000
  Batch 1800/5242, Loss: 4.0227, NLL: 4.0227, Coverage: 0.0000
  Batch 1810/5242, Loss: 4.1194, NLL: 4.1194, Coverage: 0.0000
  Batch 1820/5242, Loss: 3.9615, NLL: 3.9615, Coverage: 0.0000
  Batch 1830/5242, Loss: 3.9134, NLL: 3.9134, Coverage: 0.0000
  Batch 1840/5242, Loss: 4.2325, NLL: 4.2325, Coverage: 0.0000
  Batch 1850/5242, Loss: 4.0721, NLL: 4.0721, Coverage: 0.0000
  Batch 1860/5242, Loss: 4.6060, NLL: 4.6060, Coverage: 0.0000
  Batch 1870/5242, Loss: 3.9530, NLL: 3.9530, Coverage: 0.0000
  Batch 1880/5242, Loss: 4.3296, NLL: 4.3296, Coverage: 0.0000
  Batch 1890/5242, Loss: 3.6608, NLL: 3.6608, Coverage: 0.0000
  Batch 1900/5242, Loss: 4.1183, NLL: 4.1183, Coverage: 0.0000
  Batch 1910/5242, Loss: 3.9606, NLL: 3.9606, Coverage: 0.0000
  Batch 1920/5242, Loss: 4.4592, NLL: 4.4592, Coverage: 0.0000
  Batch 1930/5242, Loss: 3.8596, NLL: 3.8596, Coverage: 0.0000
  Batch 1940/5242, Loss: 4.4421, NLL: 4.4421, Coverage: 0.0000
  Batch 1950/5242, Loss: 4.2350, NLL: 4.2350, Coverage: 0.0000
  Batch 1960/5242, Loss: 4.3925, NLL: 4.3925, Coverage: 0.0000
  Batch 1970/5242, Loss: 4.5148, NLL: 4.5148, Coverage: 0.0000
  Batch 1980/5242, Loss: 4.1334, NLL: 4.1334, Coverage: 0.0000
  Batch 1990/5242, Loss: 3.4293, NLL: 3.4293, Coverage: 0.0000
  Batch 2000/5242, Loss: 4.2712, NLL: 4.2712, Coverage: 0.0000
  Batch 2010/5242, Loss: 4.1109, NLL: 4.1109, Coverage: 0.0000
  Batch 2020/5242, Loss: 3.7152, NLL: 3.7152, Coverage: 0.0000
  Batch 2030/5242, Loss: 4.2383, NLL: 4.2383, Coverage: 0.0000
  Batch 2040/5242, Loss: 4.2831, NLL: 4.2831, Coverage: 0.0000
  Batch 2050/5242, Loss: 4.4030, NLL: 4.4030, Coverage: 0.0000
  Batch 2060/5242, Loss: 4.1630, NLL: 4.1630, Coverage: 0.0000
  Batch 2070/5242, Loss: 3.9518, NLL: 3.9518, Coverage: 0.0000
  Batch 2080/5242, Loss: 4.1167, NLL: 4.1167, Coverage: 0.0000
  Batch 2090/5242, Loss: 4.2098, NLL: 4.2098, Coverage: 0.0000
  Batch 2100/5242, Loss: 4.2969, NLL: 4.2969, Coverage: 0.0000
  Batch 2110/5242, Loss: 3.7253, NLL: 3.7253, Coverage: 0.0000
  Batch 2120/5242, Loss: 3.9287, NLL: 3.9287, Coverage: 0.0000
  Batch 2130/5242, Loss: 3.7138, NLL: 3.7138, Coverage: 0.0000
  Batch 2140/5242, Loss: 3.9563, NLL: 3.9563, Coverage: 0.0000
  Batch 2150/5242, Loss: 4.4996, NLL: 4.4996, Coverage: 0.0000
  Batch 2160/5242, Loss: 4.2929, NLL: 4.2929, Coverage: 0.0000
  Batch 2170/5242, Loss: 4.3456, NLL: 4.3456, Coverage: 0.0000
  Batch 2180/5242, Loss: 3.7362, NLL: 3.7362, Coverage: 0.0000
  Batch 2190/5242, Loss: 4.0969, NLL: 4.0969, Coverage: 0.0000
  Batch 2200/5242, Loss: 3.9640, NLL: 3.9640, Coverage: 0.0000
  Batch 2210/5242, Loss: 4.2202, NLL: 4.2202, Coverage: 0.0000
  Batch 2220/5242, Loss: 3.9784, NLL: 3.9784, Coverage: 0.0000
  Batch 2230/5242, Loss: 4.1569, NLL: 4.1569, Coverage: 0.0000
  Batch 2240/5242, Loss: 4.1649, NLL: 4.1649, Coverage: 0.0000
  Batch 2250/5242, Loss: 4.1511, NLL: 4.1511, Coverage: 0.0000
  Batch 2260/5242, Loss: 3.6835, NLL: 3.6835, Coverage: 0.0000
  Batch 2270/5242, Loss: 4.2419, NLL: 4.2419, Coverage: 0.0000
  Batch 2280/5242, Loss: 4.1945, NLL: 4.1945, Coverage: 0.0000
  Batch 2290/5242, Loss: 3.9191, NLL: 3.9191, Coverage: 0.0000
  Batch 2300/5242, Loss: 4.1177, NLL: 4.1177, Coverage: 0.0000
  Batch 2310/5242, Loss: 3.6274, NLL: 3.6274, Coverage: 0.0000
  Batch 2320/5242, Loss: 4.1951, NLL: 4.1951, Coverage: 0.0000
  Batch 2330/5242, Loss: 4.0756, NLL: 4.0756, Coverage: 0.0000
  Batch 2340/5242, Loss: 3.3464, NLL: 3.3464, Coverage: 0.0000
  Batch 2350/5242, Loss: 4.3217, NLL: 4.3217, Coverage: 0.0000
  Batch 2360/5242, Loss: 4.1901, NLL: 4.1901, Coverage: 0.0000
  Batch 2370/5242, Loss: 3.9646, NLL: 3.9646, Coverage: 0.0000
  Batch 2380/5242, Loss: 3.8919, NLL: 3.8919, Coverage: 0.0000
  Batch 2390/5242, Loss: 3.8945, NLL: 3.8945, Coverage: 0.0000
  Batch 2400/5242, Loss: 3.7326, NLL: 3.7326, Coverage: 0.0000
  Batch 2410/5242, Loss: 4.1965, NLL: 4.1965, Coverage: 0.0000
  Batch 2420/5242, Loss: 4.0835, NLL: 4.0835, Coverage: 0.0000
  Batch 2430/5242, Loss: 3.8553, NLL: 3.8553, Coverage: 0.0000
  Batch 2440/5242, Loss: 4.5212, NLL: 4.5212, Coverage: 0.0000
  Batch 2450/5242, Loss: 3.9267, NLL: 3.9267, Coverage: 0.0000
  Batch 2460/5242, Loss: 4.2220, NLL: 4.2220, Coverage: 0.0000
  Batch 2470/5242, Loss: 4.1753, NLL: 4.1753, Coverage: 0.0000
  Batch 2480/5242, Loss: 4.3010, NLL: 4.3010, Coverage: 0.0000
  Batch 2490/5242, Loss: 3.7843, NLL: 3.7843, Coverage: 0.0000
  Batch 2500/5242, Loss: 3.7195, NLL: 3.7195, Coverage: 0.0000
  Batch 2510/5242, Loss: 4.2895, NLL: 4.2895, Coverage: 0.0000
  Batch 2520/5242, Loss: 4.2804, NLL: 4.2804, Coverage: 0.0000
  Batch 2530/5242, Loss: 3.9278, NLL: 3.9278, Coverage: 0.0000
  Batch 2540/5242, Loss: 4.1592, NLL: 4.1592, Coverage: 0.0000
  Batch 2550/5242, Loss: 4.4297, NLL: 4.4297, Coverage: 0.0000
  Batch 2560/5242, Loss: 4.0007, NLL: 4.0007, Coverage: 0.0000
  Batch 2570/5242, Loss: 4.1285, NLL: 4.1285, Coverage: 0.0000
  Batch 2580/5242, Loss: 4.1752, NLL: 4.1752, Coverage: 0.0000
  Batch 2590/5242, Loss: 4.5422, NLL: 4.5422, Coverage: 0.0000
  Batch 2600/5242, Loss: 3.9563, NLL: 3.9563, Coverage: 0.0000
  Batch 2610/5242, Loss: 3.9533, NLL: 3.9533, Coverage: 0.0000
  Batch 2620/5242, Loss: 4.1160, NLL: 4.1160, Coverage: 0.0000
  Batch 2630/5242, Loss: 3.7972, NLL: 3.7972, Coverage: 0.0000
  Batch 2640/5242, Loss: 3.7879, NLL: 3.7879, Coverage: 0.0000
  Batch 2650/5242, Loss: 4.2356, NLL: 4.2356, Coverage: 0.0000
  Batch 2660/5242, Loss: 4.1822, NLL: 4.1822, Coverage: 0.0000
  Batch 2670/5242, Loss: 3.9590, NLL: 3.9590, Coverage: 0.0000
  Batch 2680/5242, Loss: 3.7845, NLL: 3.7845, Coverage: 0.0000
  Batch 2690/5242, Loss: 3.9776, NLL: 3.9776, Coverage: 0.0000
  Batch 2700/5242, Loss: 4.1903, NLL: 4.1903, Coverage: 0.0000
  Batch 2710/5242, Loss: 4.3473, NLL: 4.3473, Coverage: 0.0000
  Batch 2720/5242, Loss: 3.9225, NLL: 3.9225, Coverage: 0.0000
  Batch 2730/5242, Loss: 3.8012, NLL: 3.8012, Coverage: 0.0000
  Batch 2740/5242, Loss: 3.8864, NLL: 3.8864, Coverage: 0.0000
  Batch 2750/5242, Loss: 3.9836, NLL: 3.9836, Coverage: 0.0000
  Batch 2760/5242, Loss: 3.7805, NLL: 3.7805, Coverage: 0.0000
  Batch 2770/5242, Loss: 3.9656, NLL: 3.9656, Coverage: 0.0000
  Batch 2780/5242, Loss: 3.9985, NLL: 3.9985, Coverage: 0.0000
  Batch 2790/5242, Loss: 4.0450, NLL: 4.0450, Coverage: 0.0000
  Batch 2800/5242, Loss: 4.4640, NLL: 4.4640, Coverage: 0.0000
  Batch 2810/5242, Loss: 4.2278, NLL: 4.2278, Coverage: 0.0000
  Batch 2820/5242, Loss: 3.9007, NLL: 3.9007, Coverage: 0.0000
  Batch 2830/5242, Loss: 3.6024, NLL: 3.6024, Coverage: 0.0000
  Batch 2840/5242, Loss: 4.2217, NLL: 4.2217, Coverage: 0.0000
  Batch 2850/5242, Loss: 4.1916, NLL: 4.1916, Coverage: 0.0000
  Batch 2860/5242, Loss: 4.4585, NLL: 4.4585, Coverage: 0.0000
  Batch 2870/5242, Loss: 4.1745, NLL: 4.1745, Coverage: 0.0000
  Batch 2880/5242, Loss: 3.9234, NLL: 3.9234, Coverage: 0.0000
  Batch 2890/5242, Loss: 3.9529, NLL: 3.9529, Coverage: 0.0000
  Batch 2900/5242, Loss: 3.8023, NLL: 3.8023, Coverage: 0.0000
  Batch 2910/5242, Loss: 4.2306, NLL: 4.2306, Coverage: 0.0000
  Batch 2920/5242, Loss: 3.4210, NLL: 3.4210, Coverage: 0.0000
  Batch 2930/5242, Loss: 3.8777, NLL: 3.8777, Coverage: 0.0000
  Batch 2940/5242, Loss: 3.7038, NLL: 3.7038, Coverage: 0.0000
  Batch 2950/5242, Loss: 3.7369, NLL: 3.7369, Coverage: 0.0000
  Batch 2960/5242, Loss: 4.1863, NLL: 4.1863, Coverage: 0.0000
  Batch 2970/5242, Loss: 4.2519, NLL: 4.2519, Coverage: 0.0000
  Batch 2980/5242, Loss: 4.0814, NLL: 4.0814, Coverage: 0.0000
  Batch 2990/5242, Loss: 3.9977, NLL: 3.9977, Coverage: 0.0000
  Batch 3000/5242, Loss: 3.9650, NLL: 3.9650, Coverage: 0.0000
  Batch 3010/5242, Loss: 4.5096, NLL: 4.5096, Coverage: 0.0000
  Batch 3020/5242, Loss: 4.2076, NLL: 4.2076, Coverage: 0.0000
  Batch 3030/5242, Loss: 4.2828, NLL: 4.2828, Coverage: 0.0000
  Batch 3040/5242, Loss: 3.7052, NLL: 3.7052, Coverage: 0.0000
  Batch 3050/5242, Loss: 4.0374, NLL: 4.0374, Coverage: 0.0000
  Batch 3060/5242, Loss: 4.3177, NLL: 4.3177, Coverage: 0.0000
  Batch 3070/5242, Loss: 3.5190, NLL: 3.5190, Coverage: 0.0000
  Batch 3080/5242, Loss: 4.2157, NLL: 4.2157, Coverage: 0.0000
  Batch 3090/5242, Loss: 3.6750, NLL: 3.6750, Coverage: 0.0000
  Batch 3100/5242, Loss: 3.8753, NLL: 3.8753, Coverage: 0.0000
  Batch 3110/5242, Loss: 3.6404, NLL: 3.6404, Coverage: 0.0000
  Batch 3120/5242, Loss: 4.2285, NLL: 4.2285, Coverage: 0.0000
  Batch 3130/5242, Loss: 3.8838, NLL: 3.8838, Coverage: 0.0000
  Batch 3140/5242, Loss: 3.9692, NLL: 3.9692, Coverage: 0.0000
  Batch 3150/5242, Loss: 3.4702, NLL: 3.4702, Coverage: 0.0000
  Batch 3160/5242, Loss: 4.1168, NLL: 4.1168, Coverage: 0.0000
  Batch 3170/5242, Loss: 4.5473, NLL: 4.5473, Coverage: 0.0000
  Batch 3180/5242, Loss: 4.2736, NLL: 4.2736, Coverage: 0.0000
  Batch 3190/5242, Loss: 4.1857, NLL: 4.1857, Coverage: 0.0000
  Batch 3200/5242, Loss: 3.7577, NLL: 3.7577, Coverage: 0.0000
  Batch 3210/5242, Loss: 4.1769, NLL: 4.1769, Coverage: 0.0000
  Batch 3220/5242, Loss: 4.4196, NLL: 4.4196, Coverage: 0.0000
  Batch 3230/5242, Loss: 3.7051, NLL: 3.7051, Coverage: 0.0000
  Batch 3240/5242, Loss: 3.7605, NLL: 3.7605, Coverage: 0.0000
  Batch 3250/5242, Loss: 4.0768, NLL: 4.0768, Coverage: 0.0000
  Batch 3260/5242, Loss: 3.8348, NLL: 3.8348, Coverage: 0.0000
  Batch 3270/5242, Loss: 3.0938, NLL: 3.0938, Coverage: 0.0000
  Batch 3280/5242, Loss: 4.0807, NLL: 4.0807, Coverage: 0.0000
  Batch 3290/5242, Loss: 4.0549, NLL: 4.0549, Coverage: 0.0000
  Batch 3300/5242, Loss: 4.1753, NLL: 4.1753, Coverage: 0.0000
  Batch 3310/5242, Loss: 3.6477, NLL: 3.6477, Coverage: 0.0000
  Batch 3320/5242, Loss: 4.7159, NLL: 4.7159, Coverage: 0.0000
  Batch 3330/5242, Loss: 3.8183, NLL: 3.8183, Coverage: 0.0000
  Batch 3340/5242, Loss: 3.6505, NLL: 3.6505, Coverage: 0.0000
  Batch 3350/5242, Loss: 4.2842, NLL: 4.2842, Coverage: 0.0000
  Batch 3360/5242, Loss: 3.8435, NLL: 3.8435, Coverage: 0.0000
  Batch 3370/5242, Loss: 3.7465, NLL: 3.7465, Coverage: 0.0000
  Batch 3380/5242, Loss: 4.3184, NLL: 4.3184, Coverage: 0.0000
  Batch 3390/5242, Loss: 3.9294, NLL: 3.9294, Coverage: 0.0000
  Batch 3400/5242, Loss: 4.0380, NLL: 4.0380, Coverage: 0.0000
  Batch 3410/5242, Loss: 4.0352, NLL: 4.0352, Coverage: 0.0000
  Batch 3420/5242, Loss: 4.0768, NLL: 4.0768, Coverage: 0.0000
  Batch 3430/5242, Loss: 4.0189, NLL: 4.0189, Coverage: 0.0000
  Batch 3440/5242, Loss: 4.1198, NLL: 4.1198, Coverage: 0.0000
  Batch 3450/5242, Loss: 4.0624, NLL: 4.0624, Coverage: 0.0000
  Batch 3460/5242, Loss: 4.4022, NLL: 4.4022, Coverage: 0.0000
  Batch 3470/5242, Loss: 4.0338, NLL: 4.0338, Coverage: 0.0000
  Batch 3480/5242, Loss: 4.2468, NLL: 4.2468, Coverage: 0.0000
  Batch 3490/5242, Loss: 4.0820, NLL: 4.0820, Coverage: 0.0000
  Batch 3500/5242, Loss: 3.6363, NLL: 3.6363, Coverage: 0.0000
  Batch 3510/5242, Loss: 3.9214, NLL: 3.9214, Coverage: 0.0000
  Batch 3520/5242, Loss: 3.8519, NLL: 3.8519, Coverage: 0.0000
  Batch 3530/5242, Loss: 4.1035, NLL: 4.1035, Coverage: 0.0000
  Batch 3540/5242, Loss: 4.3039, NLL: 4.3039, Coverage: 0.0000
  Batch 3550/5242, Loss: 4.1128, NLL: 4.1128, Coverage: 0.0000
  Batch 3560/5242, Loss: 4.2853, NLL: 4.2853, Coverage: 0.0000
  Batch 3570/5242, Loss: 3.7863, NLL: 3.7863, Coverage: 0.0000
  Batch 3580/5242, Loss: 4.1612, NLL: 4.1612, Coverage: 0.0000
  Batch 3590/5242, Loss: 3.8431, NLL: 3.8431, Coverage: 0.0000
  Batch 3600/5242, Loss: 3.9324, NLL: 3.9324, Coverage: 0.0000
  Batch 3610/5242, Loss: 3.9536, NLL: 3.9536, Coverage: 0.0000
  Batch 3620/5242, Loss: 3.9342, NLL: 3.9342, Coverage: 0.0000
  Batch 3630/5242, Loss: 3.8516, NLL: 3.8516, Coverage: 0.0000
  Batch 3640/5242, Loss: 4.1908, NLL: 4.1908, Coverage: 0.0000
  Batch 3650/5242, Loss: 4.1910, NLL: 4.1910, Coverage: 0.0000
  Batch 3660/5242, Loss: 3.7534, NLL: 3.7534, Coverage: 0.0000
  Batch 3670/5242, Loss: 3.8765, NLL: 3.8765, Coverage: 0.0000
  Batch 3680/5242, Loss: 3.7593, NLL: 3.7593, Coverage: 0.0000
  Batch 3690/5242, Loss: 3.9284, NLL: 3.9284, Coverage: 0.0000
  Batch 3700/5242, Loss: 3.5085, NLL: 3.5085, Coverage: 0.0000
  Batch 3710/5242, Loss: 3.9367, NLL: 3.9367, Coverage: 0.0000
  Batch 3720/5242, Loss: 4.0653, NLL: 4.0653, Coverage: 0.0000
  Batch 3730/5242, Loss: 4.0192, NLL: 4.0192, Coverage: 0.0000
  Batch 3740/5242, Loss: 4.2989, NLL: 4.2989, Coverage: 0.0000
  Batch 3750/5242, Loss: 4.0820, NLL: 4.0820, Coverage: 0.0000
  Batch 3760/5242, Loss: 4.3866, NLL: 4.3866, Coverage: 0.0000
  Batch 3770/5242, Loss: 3.6225, NLL: 3.6225, Coverage: 0.0000
  Batch 3780/5242, Loss: 3.9366, NLL: 3.9366, Coverage: 0.0000
  Batch 3790/5242, Loss: 4.2177, NLL: 4.2177, Coverage: 0.0000
  Batch 3800/5242, Loss: 3.8317, NLL: 3.8317, Coverage: 0.0000
  Batch 3810/5242, Loss: 4.2982, NLL: 4.2982, Coverage: 0.0000
  Batch 3820/5242, Loss: 3.9039, NLL: 3.9039, Coverage: 0.0000
  Batch 3830/5242, Loss: 4.1424, NLL: 4.1424, Coverage: 0.0000
  Batch 3840/5242, Loss: 4.4284, NLL: 4.4284, Coverage: 0.0000
  Batch 3850/5242, Loss: 4.2040, NLL: 4.2040, Coverage: 0.0000
  Batch 3860/5242, Loss: 4.1156, NLL: 4.1156, Coverage: 0.0000
  Batch 3870/5242, Loss: 3.9444, NLL: 3.9444, Coverage: 0.0000
  Batch 3880/5242, Loss: 4.4659, NLL: 4.4659, Coverage: 0.0000
  Batch 3890/5242, Loss: 3.8472, NLL: 3.8472, Coverage: 0.0000
  Batch 3900/5242, Loss: 4.2387, NLL: 4.2387, Coverage: 0.0000
  Batch 3910/5242, Loss: 4.1703, NLL: 4.1703, Coverage: 0.0000
  Batch 3920/5242, Loss: 3.7800, NLL: 3.7800, Coverage: 0.0000
  Batch 3930/5242, Loss: 4.4336, NLL: 4.4336, Coverage: 0.0000
  Batch 3940/5242, Loss: 3.8880, NLL: 3.8880, Coverage: 0.0000
  Batch 3950/5242, Loss: 4.0327, NLL: 4.0327, Coverage: 0.0000
  Batch 3960/5242, Loss: 4.1617, NLL: 4.1617, Coverage: 0.0000
  Batch 3970/5242, Loss: 4.0357, NLL: 4.0357, Coverage: 0.0000
  Batch 3980/5242, Loss: 3.9058, NLL: 3.9058, Coverage: 0.0000
  Batch 3990/5242, Loss: 3.8628, NLL: 3.8628, Coverage: 0.0000
  Batch 4000/5242, Loss: 4.4281, NLL: 4.4281, Coverage: 0.0000
  Batch 4010/5242, Loss: 3.6414, NLL: 3.6414, Coverage: 0.0000
  Batch 4020/5242, Loss: 3.7587, NLL: 3.7587, Coverage: 0.0000
  Batch 4030/5242, Loss: 3.8141, NLL: 3.8141, Coverage: 0.0000
  Batch 4040/5242, Loss: 3.8909, NLL: 3.8909, Coverage: 0.0000
  Batch 4050/5242, Loss: 3.9953, NLL: 3.9953, Coverage: 0.0000
  Batch 4060/5242, Loss: 4.1589, NLL: 4.1589, Coverage: 0.0000
  Batch 4070/5242, Loss: 4.2921, NLL: 4.2921, Coverage: 0.0000
  Batch 4080/5242, Loss: 3.9181, NLL: 3.9181, Coverage: 0.0000
  Batch 4090/5242, Loss: 3.8464, NLL: 3.8464, Coverage: 0.0000
  Batch 4100/5242, Loss: 3.9681, NLL: 3.9681, Coverage: 0.0000
  Batch 4110/5242, Loss: 4.1551, NLL: 4.1551, Coverage: 0.0000
  Batch 4120/5242, Loss: 4.3150, NLL: 4.3150, Coverage: 0.0000
  Batch 4130/5242, Loss: 4.5146, NLL: 4.5146, Coverage: 0.0000
  Batch 4140/5242, Loss: 4.2356, NLL: 4.2356, Coverage: 0.0000
  Batch 4150/5242, Loss: 3.8821, NLL: 3.8821, Coverage: 0.0000
  Batch 4160/5242, Loss: 3.9826, NLL: 3.9826, Coverage: 0.0000
  Batch 4170/5242, Loss: 4.0871, NLL: 4.0871, Coverage: 0.0000
  Batch 4180/5242, Loss: 4.1593, NLL: 4.1593, Coverage: 0.0000
  Batch 4190/5242, Loss: 4.2249, NLL: 4.2249, Coverage: 0.0000
  Batch 4200/5242, Loss: 4.2748, NLL: 4.2748, Coverage: 0.0000
  Batch 4210/5242, Loss: 3.9278, NLL: 3.9278, Coverage: 0.0000
  Batch 4220/5242, Loss: 3.7912, NLL: 3.7912, Coverage: 0.0000
  Batch 4230/5242, Loss: 3.8917, NLL: 3.8917, Coverage: 0.0000
  Batch 4240/5242, Loss: 4.0254, NLL: 4.0254, Coverage: 0.0000
  Batch 4250/5242, Loss: 3.8249, NLL: 3.8249, Coverage: 0.0000
  Batch 4260/5242, Loss: 3.7273, NLL: 3.7273, Coverage: 0.0000
  Batch 4270/5242, Loss: 3.9696, NLL: 3.9696, Coverage: 0.0000
  Batch 4280/5242, Loss: 4.0161, NLL: 4.0161, Coverage: 0.0000
  Batch 4290/5242, Loss: 4.2139, NLL: 4.2139, Coverage: 0.0000
  Batch 4300/5242, Loss: 3.7294, NLL: 3.7294, Coverage: 0.0000
  Batch 4310/5242, Loss: 4.0521, NLL: 4.0521, Coverage: 0.0000
  Batch 4320/5242, Loss: 4.1537, NLL: 4.1537, Coverage: 0.0000
  Batch 4330/5242, Loss: 4.1710, NLL: 4.1710, Coverage: 0.0000
  Batch 4340/5242, Loss: 4.0662, NLL: 4.0662, Coverage: 0.0000
  Batch 4350/5242, Loss: 3.9573, NLL: 3.9573, Coverage: 0.0000
  Batch 4360/5242, Loss: 3.8083, NLL: 3.8083, Coverage: 0.0000
  Batch 4370/5242, Loss: 4.2720, NLL: 4.2720, Coverage: 0.0000
  Batch 4380/5242, Loss: 3.8341, NLL: 3.8341, Coverage: 0.0000
  Batch 4390/5242, Loss: 4.4262, NLL: 4.4262, Coverage: 0.0000
  Batch 4400/5242, Loss: 4.4982, NLL: 4.4982, Coverage: 0.0000
  Batch 4410/5242, Loss: 4.3343, NLL: 4.3343, Coverage: 0.0000
  Batch 4420/5242, Loss: 3.6967, NLL: 3.6967, Coverage: 0.0000
  Batch 4430/5242, Loss: 4.2662, NLL: 4.2662, Coverage: 0.0000
  Batch 4440/5242, Loss: 4.3822, NLL: 4.3822, Coverage: 0.0000
  Batch 4450/5242, Loss: 3.5529, NLL: 3.5529, Coverage: 0.0000
  Batch 4460/5242, Loss: 4.3431, NLL: 4.3431, Coverage: 0.0000
  Batch 4470/5242, Loss: 3.7582, NLL: 3.7582, Coverage: 0.0000
  Batch 4480/5242, Loss: 4.1665, NLL: 4.1665, Coverage: 0.0000
  Batch 4490/5242, Loss: 4.2568, NLL: 4.2568, Coverage: 0.0000
  Batch 4500/5242, Loss: 3.9980, NLL: 3.9980, Coverage: 0.0000
  Batch 4510/5242, Loss: 4.2116, NLL: 4.2116, Coverage: 0.0000
  Batch 4520/5242, Loss: 3.9795, NLL: 3.9795, Coverage: 0.0000
  Batch 4530/5242, Loss: 3.6991, NLL: 3.6991, Coverage: 0.0000
  Batch 4540/5242, Loss: 4.1834, NLL: 4.1834, Coverage: 0.0000
  Batch 4550/5242, Loss: 3.8197, NLL: 3.8197, Coverage: 0.0000
  Batch 4560/5242, Loss: 4.2596, NLL: 4.2596, Coverage: 0.0000
  Batch 4570/5242, Loss: 3.6486, NLL: 3.6486, Coverage: 0.0000
  Batch 4580/5242, Loss: 3.8764, NLL: 3.8764, Coverage: 0.0000
  Batch 4590/5242, Loss: 3.8767, NLL: 3.8767, Coverage: 0.0000
  Batch 4600/5242, Loss: 3.9151, NLL: 3.9151, Coverage: 0.0000
  Batch 4610/5242, Loss: 4.0551, NLL: 4.0551, Coverage: 0.0000
  Batch 4620/5242, Loss: 4.2482, NLL: 4.2482, Coverage: 0.0000
  Batch 4630/5242, Loss: 4.0058, NLL: 4.0058, Coverage: 0.0000
  Batch 4640/5242, Loss: 3.9147, NLL: 3.9147, Coverage: 0.0000
  Batch 4650/5242, Loss: 4.1669, NLL: 4.1669, Coverage: 0.0000
  Batch 4660/5242, Loss: 3.7001, NLL: 3.7001, Coverage: 0.0000
  Batch 4670/5242, Loss: 3.8433, NLL: 3.8433, Coverage: 0.0000
  Batch 4680/5242, Loss: 4.1092, NLL: 4.1092, Coverage: 0.0000
  Batch 4690/5242, Loss: 3.8472, NLL: 3.8472, Coverage: 0.0000
  Batch 4700/5242, Loss: 4.1855, NLL: 4.1855, Coverage: 0.0000
  Batch 4710/5242, Loss: 4.1658, NLL: 4.1658, Coverage: 0.0000
  Batch 4720/5242, Loss: 4.4587, NLL: 4.4587, Coverage: 0.0000
  Batch 4730/5242, Loss: 3.9961, NLL: 3.9961, Coverage: 0.0000
  Batch 4740/5242, Loss: 3.7204, NLL: 3.7204, Coverage: 0.0000
  Batch 4750/5242, Loss: 3.7979, NLL: 3.7979, Coverage: 0.0000
  Batch 4760/5242, Loss: 3.9203, NLL: 3.9203, Coverage: 0.0000
  Batch 4770/5242, Loss: 3.7183, NLL: 3.7183, Coverage: 0.0000
  Batch 4780/5242, Loss: 3.9363, NLL: 3.9363, Coverage: 0.0000
  Batch 4790/5242, Loss: 4.7104, NLL: 4.7104, Coverage: 0.0000
  Batch 4800/5242, Loss: 4.3096, NLL: 4.3096, Coverage: 0.0000
  Batch 4810/5242, Loss: 3.5985, NLL: 3.5985, Coverage: 0.0000
  Batch 4820/5242, Loss: 4.3010, NLL: 4.3010, Coverage: 0.0000
  Batch 4830/5242, Loss: 3.6077, NLL: 3.6077, Coverage: 0.0000
  Batch 4840/5242, Loss: 3.5569, NLL: 3.5569, Coverage: 0.0000
  Batch 4850/5242, Loss: 3.9207, NLL: 3.9207, Coverage: 0.0000
  Batch 4860/5242, Loss: 4.3607, NLL: 4.3607, Coverage: 0.0000
  Batch 4870/5242, Loss: 3.8654, NLL: 3.8654, Coverage: 0.0000
  Batch 4880/5242, Loss: 4.0857, NLL: 4.0857, Coverage: 0.0000
  Batch 4890/5242, Loss: 4.3630, NLL: 4.3630, Coverage: 0.0000
  Batch 4900/5242, Loss: 3.7700, NLL: 3.7700, Coverage: 0.0000
  Batch 4910/5242, Loss: 4.1303, NLL: 4.1303, Coverage: 0.0000
  Batch 4920/5242, Loss: 4.1573, NLL: 4.1573, Coverage: 0.0000
  Batch 4930/5242, Loss: 4.2423, NLL: 4.2423, Coverage: 0.0000
  Batch 4940/5242, Loss: 4.1198, NLL: 4.1198, Coverage: 0.0000
  Batch 4950/5242, Loss: 4.4848, NLL: 4.4848, Coverage: 0.0000
  Batch 4960/5242, Loss: 3.8655, NLL: 3.8655, Coverage: 0.0000
  Batch 4970/5242, Loss: 3.9188, NLL: 3.9188, Coverage: 0.0000
  Batch 4980/5242, Loss: 4.1297, NLL: 4.1297, Coverage: 0.0000
  Batch 4990/5242, Loss: 3.8807, NLL: 3.8807, Coverage: 0.0000
  Batch 5000/5242, Loss: 4.1568, NLL: 4.1568, Coverage: 0.0000
  Batch 5010/5242, Loss: 4.2387, NLL: 4.2387, Coverage: 0.0000
  Batch 5020/5242, Loss: 4.5001, NLL: 4.5001, Coverage: 0.0000
  Batch 5030/5242, Loss: 3.9660, NLL: 3.9660, Coverage: 0.0000
  Batch 5040/5242, Loss: 4.0868, NLL: 4.0868, Coverage: 0.0000
  Batch 5050/5242, Loss: 3.8304, NLL: 3.8304, Coverage: 0.0000
  Batch 5060/5242, Loss: 4.1395, NLL: 4.1395, Coverage: 0.0000
  Batch 5070/5242, Loss: 4.0727, NLL: 4.0727, Coverage: 0.0000
  Batch 5080/5242, Loss: 4.1129, NLL: 4.1129, Coverage: 0.0000
  Batch 5090/5242, Loss: 4.4186, NLL: 4.4186, Coverage: 0.0000
  Batch 5100/5242, Loss: 4.3075, NLL: 4.3075, Coverage: 0.0000
  Batch 5110/5242, Loss: 4.0441, NLL: 4.0441, Coverage: 0.0000
  Batch 5120/5242, Loss: 4.1932, NLL: 4.1932, Coverage: 0.0000
  Batch 5130/5242, Loss: 4.2366, NLL: 4.2366, Coverage: 0.0000
  Batch 5140/5242, Loss: 4.1584, NLL: 4.1584, Coverage: 0.0000
  Batch 5150/5242, Loss: 4.1486, NLL: 4.1486, Coverage: 0.0000
  Batch 5160/5242, Loss: 4.1450, NLL: 4.1450, Coverage: 0.0000
  Batch 5170/5242, Loss: 4.2418, NLL: 4.2418, Coverage: 0.0000
  Batch 5180/5242, Loss: 4.1817, NLL: 4.1817, Coverage: 0.0000
  Batch 5190/5242, Loss: 4.0456, NLL: 4.0456, Coverage: 0.0000
  Batch 5200/5242, Loss: 4.1500, NLL: 4.1500, Coverage: 0.0000
  Batch 5210/5242, Loss: 3.8518, NLL: 3.8518, Coverage: 0.0000
  Batch 5220/5242, Loss: 4.1092, NLL: 4.1092, Coverage: 0.0000
  Batch 5230/5242, Loss: 4.2329, NLL: 4.2329, Coverage: 0.0000
  Batch 5240/5242, Loss: 4.3959, NLL: 4.3959, Coverage: 0.0000

  Train Loss: 4.0499 (NLL: 4.0499, Cov: 0.0000)
  Val Loss: 6.3467 (NLL: 6.3467, Cov: 0.0000)
  Time: 33m 21s
  ✓ Saved checkpoint to /scratch/aitordiez/News2Stock/pointer_generator_fasttext/checkpoints/checkpoint_epoch_10.pt

Epoch 11/20
----------------------------------------
  Batch 10/5242, Loss: 4.0156, NLL: 4.0156, Coverage: 0.0000
  Batch 20/5242, Loss: 3.7011, NLL: 3.7011, Coverage: 0.0000
  Batch 30/5242, Loss: 4.3467, NLL: 4.3467, Coverage: 0.0000
  Batch 40/5242, Loss: 3.4633, NLL: 3.4633, Coverage: 0.0000
  Batch 50/5242, Loss: 3.8239, NLL: 3.8239, Coverage: 0.0000
  Batch 60/5242, Loss: 4.5957, NLL: 4.5957, Coverage: 0.0000
  Batch 70/5242, Loss: 4.0039, NLL: 4.0039, Coverage: 0.0000
  Batch 80/5242, Loss: 4.0867, NLL: 4.0867, Coverage: 0.0000
  Batch 90/5242, Loss: 4.2469, NLL: 4.2469, Coverage: 0.0000
  Batch 100/5242, Loss: 4.0946, NLL: 4.0946, Coverage: 0.0000
  Batch 110/5242, Loss: 3.9023, NLL: 3.9023, Coverage: 0.0000
  Batch 120/5242, Loss: 4.2960, NLL: 4.2960, Coverage: 0.0000
  Batch 130/5242, Loss: 3.7924, NLL: 3.7924, Coverage: 0.0000
  Batch 140/5242, Loss: 4.6184, NLL: 4.6184, Coverage: 0.0000
  Batch 150/5242, Loss: 3.7382, NLL: 3.7382, Coverage: 0.0000
  Batch 160/5242, Loss: 4.0200, NLL: 4.0200, Coverage: 0.0000
  Batch 170/5242, Loss: 4.0796, NLL: 4.0796, Coverage: 0.0000
  Batch 180/5242, Loss: 4.0779, NLL: 4.0779, Coverage: 0.0000
  Batch 190/5242, Loss: 3.8942, NLL: 3.8942, Coverage: 0.0000
  Batch 200/5242, Loss: 3.9039, NLL: 3.9039, Coverage: 0.0000
  Batch 210/5242, Loss: 4.1361, NLL: 4.1361, Coverage: 0.0000
  Batch 220/5242, Loss: 4.0777, NLL: 4.0777, Coverage: 0.0000
  Batch 230/5242, Loss: 3.8385, NLL: 3.8385, Coverage: 0.0000
  Batch 240/5242, Loss: 4.2995, NLL: 4.2995, Coverage: 0.0000
  Batch 250/5242, Loss: 3.9798, NLL: 3.9798, Coverage: 0.0000
  Batch 260/5242, Loss: 3.3881, NLL: 3.3881, Coverage: 0.0000
  Batch 270/5242, Loss: 4.4083, NLL: 4.4083, Coverage: 0.0000
  Batch 280/5242, Loss: 3.6453, NLL: 3.6453, Coverage: 0.0000
  Batch 290/5242, Loss: 3.9873, NLL: 3.9873, Coverage: 0.0000
  Batch 300/5242, Loss: 4.5135, NLL: 4.5135, Coverage: 0.0000
  Batch 310/5242, Loss: 3.4414, NLL: 3.4414, Coverage: 0.0000
  Batch 320/5242, Loss: 4.2943, NLL: 4.2943, Coverage: 0.0000
  Batch 330/5242, Loss: 4.0541, NLL: 4.0541, Coverage: 0.0000
  Batch 340/5242, Loss: 3.8823, NLL: 3.8823, Coverage: 0.0000
  Batch 350/5242, Loss: 4.1245, NLL: 4.1245, Coverage: 0.0000
  Batch 360/5242, Loss: 4.2937, NLL: 4.2937, Coverage: 0.0000
  Batch 370/5242, Loss: 3.8569, NLL: 3.8569, Coverage: 0.0000
  Batch 380/5242, Loss: 4.1016, NLL: 4.1016, Coverage: 0.0000
  Batch 390/5242, Loss: 4.0620, NLL: 4.0620, Coverage: 0.0000
  Batch 400/5242, Loss: 4.3285, NLL: 4.3285, Coverage: 0.0000
  Batch 410/5242, Loss: 3.9041, NLL: 3.9041, Coverage: 0.0000
  Batch 420/5242, Loss: 3.7277, NLL: 3.7277, Coverage: 0.0000
  Batch 430/5242, Loss: 4.1757, NLL: 4.1757, Coverage: 0.0000
  Batch 440/5242, Loss: 4.2798, NLL: 4.2798, Coverage: 0.0000
  Batch 450/5242, Loss: 4.0493, NLL: 4.0493, Coverage: 0.0000
  Batch 460/5242, Loss: 3.8619, NLL: 3.8619, Coverage: 0.0000
  Batch 470/5242, Loss: 4.4789, NLL: 4.4789, Coverage: 0.0000
  Batch 480/5242, Loss: 4.1528, NLL: 4.1528, Coverage: 0.0000
  Batch 490/5242, Loss: 4.0561, NLL: 4.0561, Coverage: 0.0000
  Batch 500/5242, Loss: 3.7945, NLL: 3.7945, Coverage: 0.0000
  Batch 510/5242, Loss: 3.6085, NLL: 3.6085, Coverage: 0.0000
  Batch 520/5242, Loss: 3.7432, NLL: 3.7432, Coverage: 0.0000
  Batch 530/5242, Loss: 4.0158, NLL: 4.0158, Coverage: 0.0000
  Batch 540/5242, Loss: 3.8498, NLL: 3.8498, Coverage: 0.0000
  Batch 550/5242, Loss: 3.8746, NLL: 3.8746, Coverage: 0.0000
  Batch 560/5242, Loss: 4.1842, NLL: 4.1842, Coverage: 0.0000
  Batch 570/5242, Loss: 3.9084, NLL: 3.9084, Coverage: 0.0000
  Batch 580/5242, Loss: 3.7375, NLL: 3.7375, Coverage: 0.0000
  Batch 590/5242, Loss: 3.7193, NLL: 3.7193, Coverage: 0.0000
  Batch 600/5242, Loss: 3.9389, NLL: 3.9389, Coverage: 0.0000
  Batch 610/5242, Loss: 3.7437, NLL: 3.7437, Coverage: 0.0000
  Batch 620/5242, Loss: 4.3280, NLL: 4.3280, Coverage: 0.0000
  Batch 630/5242, Loss: 3.8718, NLL: 3.8718, Coverage: 0.0000
  Batch 640/5242, Loss: 3.8841, NLL: 3.8841, Coverage: 0.0000
  Batch 650/5242, Loss: 3.9392, NLL: 3.9392, Coverage: 0.0000
  Batch 660/5242, Loss: 4.2573, NLL: 4.2573, Coverage: 0.0000
  Batch 670/5242, Loss: 3.9874, NLL: 3.9874, Coverage: 0.0000
  Batch 680/5242, Loss: 3.9299, NLL: 3.9299, Coverage: 0.0000
  Batch 690/5242, Loss: 3.8979, NLL: 3.8979, Coverage: 0.0000
  Batch 700/5242, Loss: 3.9149, NLL: 3.9149, Coverage: 0.0000
  Batch 710/5242, Loss: 3.6772, NLL: 3.6772, Coverage: 0.0000
  Batch 720/5242, Loss: 4.2082, NLL: 4.2082, Coverage: 0.0000
  Batch 730/5242, Loss: 3.6376, NLL: 3.6376, Coverage: 0.0000
  Batch 740/5242, Loss: 4.1700, NLL: 4.1700, Coverage: 0.0000
  Batch 750/5242, Loss: 4.6661, NLL: 4.6661, Coverage: 0.0000
  Batch 760/5242, Loss: 3.9563, NLL: 3.9563, Coverage: 0.0000
  Batch 770/5242, Loss: 3.9142, NLL: 3.9142, Coverage: 0.0000
  Batch 780/5242, Loss: 3.7745, NLL: 3.7745, Coverage: 0.0000
  Batch 790/5242, Loss: 4.1893, NLL: 4.1893, Coverage: 0.0000
  Batch 800/5242, Loss: 4.1456, NLL: 4.1456, Coverage: 0.0000
  Batch 810/5242, Loss: 4.0401, NLL: 4.0401, Coverage: 0.0000
  Batch 820/5242, Loss: 3.8281, NLL: 3.8281, Coverage: 0.0000
  Batch 830/5242, Loss: 3.6461, NLL: 3.6461, Coverage: 0.0000
  Batch 840/5242, Loss: 4.0110, NLL: 4.0110, Coverage: 0.0000
  Batch 850/5242, Loss: 3.5699, NLL: 3.5699, Coverage: 0.0000
  Batch 860/5242, Loss: 4.0998, NLL: 4.0998, Coverage: 0.0000
  Batch 870/5242, Loss: 3.9239, NLL: 3.9239, Coverage: 0.0000
  Batch 880/5242, Loss: 4.1352, NLL: 4.1352, Coverage: 0.0000
  Batch 890/5242, Loss: 3.4467, NLL: 3.4467, Coverage: 0.0000
  Batch 900/5242, Loss: 3.9780, NLL: 3.9780, Coverage: 0.0000
  Batch 910/5242, Loss: 4.4747, NLL: 4.4747, Coverage: 0.0000
  Batch 920/5242, Loss: 4.1525, NLL: 4.1525, Coverage: 0.0000
  Batch 930/5242, Loss: 3.8327, NLL: 3.8327, Coverage: 0.0000
  Batch 940/5242, Loss: 3.8665, NLL: 3.8665, Coverage: 0.0000
  Batch 950/5242, Loss: 3.8032, NLL: 3.8032, Coverage: 0.0000
  Batch 960/5242, Loss: 4.4105, NLL: 4.4105, Coverage: 0.0000
  Batch 970/5242, Loss: 4.0986, NLL: 4.0986, Coverage: 0.0000
  Batch 980/5242, Loss: 3.4625, NLL: 3.4625, Coverage: 0.0000
  Batch 990/5242, Loss: 4.3905, NLL: 4.3905, Coverage: 0.0000
  Batch 1000/5242, Loss: 4.1410, NLL: 4.1410, Coverage: 0.0000
  Batch 1010/5242, Loss: 4.4374, NLL: 4.4374, Coverage: 0.0000
  Batch 1020/5242, Loss: 4.3465, NLL: 4.3465, Coverage: 0.0000
  Batch 1030/5242, Loss: 4.2397, NLL: 4.2397, Coverage: 0.0000
  Batch 1040/5242, Loss: 4.0778, NLL: 4.0778, Coverage: 0.0000
  Batch 1050/5242, Loss: 4.1701, NLL: 4.1701, Coverage: 0.0000
  Batch 1060/5242, Loss: 4.0272, NLL: 4.0272, Coverage: 0.0000
  Batch 1070/5242, Loss: 3.7815, NLL: 3.7815, Coverage: 0.0000
  Batch 1080/5242, Loss: 4.4542, NLL: 4.4542, Coverage: 0.0000
  Batch 1090/5242, Loss: 4.4726, NLL: 4.4726, Coverage: 0.0000
  Batch 1100/5242, Loss: 3.9419, NLL: 3.9419, Coverage: 0.0000
  Batch 1110/5242, Loss: 4.1794, NLL: 4.1794, Coverage: 0.0000
  Batch 1120/5242, Loss: 4.1803, NLL: 4.1803, Coverage: 0.0000
  Batch 1130/5242, Loss: 3.7111, NLL: 3.7111, Coverage: 0.0000
  Batch 1140/5242, Loss: 4.0381, NLL: 4.0381, Coverage: 0.0000
  Batch 1150/5242, Loss: 3.9102, NLL: 3.9102, Coverage: 0.0000
  Batch 1160/5242, Loss: 3.8025, NLL: 3.8025, Coverage: 0.0000
  Batch 1170/5242, Loss: 3.8707, NLL: 3.8707, Coverage: 0.0000
  Batch 1180/5242, Loss: 4.2385, NLL: 4.2385, Coverage: 0.0000
  Batch 1190/5242, Loss: 3.7742, NLL: 3.7742, Coverage: 0.0000
  Batch 1200/5242, Loss: 4.2908, NLL: 4.2908, Coverage: 0.0000
  Batch 1210/5242, Loss: 3.7317, NLL: 3.7317, Coverage: 0.0000
  Batch 1220/5242, Loss: 4.0624, NLL: 4.0624, Coverage: 0.0000
  Batch 1230/5242, Loss: 3.9348, NLL: 3.9348, Coverage: 0.0000
  Batch 1240/5242, Loss: 3.8524, NLL: 3.8524, Coverage: 0.0000
  Batch 1250/5242, Loss: 4.0329, NLL: 4.0329, Coverage: 0.0000
  Batch 1260/5242, Loss: 3.9954, NLL: 3.9954, Coverage: 0.0000
  Batch 1270/5242, Loss: 4.1250, NLL: 4.1250, Coverage: 0.0000
  Batch 1280/5242, Loss: 4.1932, NLL: 4.1932, Coverage: 0.0000
  Batch 1290/5242, Loss: 3.7708, NLL: 3.7708, Coverage: 0.0000
  Batch 1300/5242, Loss: 3.9147, NLL: 3.9147, Coverage: 0.0000
  Batch 1310/5242, Loss: 4.1136, NLL: 4.1136, Coverage: 0.0000
  Batch 1320/5242, Loss: 4.3010, NLL: 4.3010, Coverage: 0.0000
  Batch 1330/5242, Loss: 3.9917, NLL: 3.9917, Coverage: 0.0000
  Batch 1340/5242, Loss: 4.0103, NLL: 4.0103, Coverage: 0.0000
  Batch 1350/5242, Loss: 3.4427, NLL: 3.4427, Coverage: 0.0000
  Batch 1360/5242, Loss: 4.1920, NLL: 4.1920, Coverage: 0.0000
  Batch 1370/5242, Loss: 4.2576, NLL: 4.2576, Coverage: 0.0000
  Batch 1380/5242, Loss: 4.1885, NLL: 4.1885, Coverage: 0.0000
  Batch 1390/5242, Loss: 4.1342, NLL: 4.1342, Coverage: 0.0000
  Batch 1400/5242, Loss: 4.3871, NLL: 4.3871, Coverage: 0.0000
  Batch 1410/5242, Loss: 4.5410, NLL: 4.5410, Coverage: 0.0000
  Batch 1420/5242, Loss: 4.1492, NLL: 4.1492, Coverage: 0.0000
  Batch 1430/5242, Loss: 4.3947, NLL: 4.3947, Coverage: 0.0000
  Batch 1440/5242, Loss: 4.1041, NLL: 4.1041, Coverage: 0.0000
  Batch 1450/5242, Loss: 3.8997, NLL: 3.8997, Coverage: 0.0000
  Batch 1460/5242, Loss: 3.9297, NLL: 3.9297, Coverage: 0.0000
  Batch 1470/5242, Loss: 3.4338, NLL: 3.4338, Coverage: 0.0000
  Batch 1480/5242, Loss: 3.8486, NLL: 3.8486, Coverage: 0.0000
  Batch 1490/5242, Loss: 4.1366, NLL: 4.1366, Coverage: 0.0000
  Batch 1500/5242, Loss: 3.8527, NLL: 3.8527, Coverage: 0.0000
  Batch 1510/5242, Loss: 3.9921, NLL: 3.9921, Coverage: 0.0000
  Batch 1520/5242, Loss: 3.7025, NLL: 3.7025, Coverage: 0.0000
  Batch 1530/5242, Loss: 3.9504, NLL: 3.9504, Coverage: 0.0000
  Batch 1540/5242, Loss: 3.9076, NLL: 3.9076, Coverage: 0.0000
  Batch 1550/5242, Loss: 4.0547, NLL: 4.0547, Coverage: 0.0000
  Batch 1560/5242, Loss: 4.0622, NLL: 4.0622, Coverage: 0.0000
  Batch 1570/5242, Loss: 4.2939, NLL: 4.2939, Coverage: 0.0000
  Batch 1580/5242, Loss: 3.8024, NLL: 3.8024, Coverage: 0.0000
  Batch 1590/5242, Loss: 3.7880, NLL: 3.7880, Coverage: 0.0000
  Batch 1600/5242, Loss: 4.0107, NLL: 4.0107, Coverage: 0.0000
  Batch 1610/5242, Loss: 3.9894, NLL: 3.9894, Coverage: 0.0000
  Batch 1620/5242, Loss: 4.2080, NLL: 4.2080, Coverage: 0.0000
  Batch 1630/5242, Loss: 3.4495, NLL: 3.4495, Coverage: 0.0000
  Batch 1640/5242, Loss: 3.7913, NLL: 3.7913, Coverage: 0.0000
  Batch 1650/5242, Loss: 3.8823, NLL: 3.8823, Coverage: 0.0000
  Batch 1660/5242, Loss: 3.9328, NLL: 3.9328, Coverage: 0.0000
  Batch 1670/5242, Loss: 4.2588, NLL: 4.2588, Coverage: 0.0000
  Batch 1680/5242, Loss: 3.9071, NLL: 3.9071, Coverage: 0.0000
  Batch 1690/5242, Loss: 3.7661, NLL: 3.7661, Coverage: 0.0000
  Batch 1700/5242, Loss: 3.8588, NLL: 3.8588, Coverage: 0.0000
  Batch 1710/5242, Loss: 4.1693, NLL: 4.1693, Coverage: 0.0000
  Batch 1720/5242, Loss: 3.5949, NLL: 3.5949, Coverage: 0.0000
  Batch 1730/5242, Loss: 3.8822, NLL: 3.8822, Coverage: 0.0000
  Batch 1740/5242, Loss: 3.5383, NLL: 3.5383, Coverage: 0.0000
  Batch 1750/5242, Loss: 3.6349, NLL: 3.6349, Coverage: 0.0000
  Batch 1760/5242, Loss: 3.7777, NLL: 3.7777, Coverage: 0.0000
  Batch 1770/5242, Loss: 4.3704, NLL: 4.3704, Coverage: 0.0000
  Batch 1780/5242, Loss: 4.0481, NLL: 4.0481, Coverage: 0.0000
  Batch 1790/5242, Loss: 4.4735, NLL: 4.4735, Coverage: 0.0000
  Batch 1800/5242, Loss: 4.1364, NLL: 4.1364, Coverage: 0.0000
  Batch 1810/5242, Loss: 3.6014, NLL: 3.6014, Coverage: 0.0000
  Batch 1820/5242, Loss: 4.2062, NLL: 4.2062, Coverage: 0.0000
  Batch 1830/5242, Loss: 3.7414, NLL: 3.7414, Coverage: 0.0000
  Batch 1840/5242, Loss: 3.5818, NLL: 3.5818, Coverage: 0.0000
  Batch 1850/5242, Loss: 4.2200, NLL: 4.2200, Coverage: 0.0000
  Batch 1860/5242, Loss: 4.0928, NLL: 4.0928, Coverage: 0.0000
  Batch 1870/5242, Loss: 4.2016, NLL: 4.2016, Coverage: 0.0000
  Batch 1880/5242, Loss: 3.6098, NLL: 3.6098, Coverage: 0.0000
  Batch 1890/5242, Loss: 4.1023, NLL: 4.1023, Coverage: 0.0000
  Batch 1900/5242, Loss: 4.5217, NLL: 4.5217, Coverage: 0.0000
  Batch 1910/5242, Loss: 3.7852, NLL: 3.7852, Coverage: 0.0000
  Batch 1920/5242, Loss: 3.4604, NLL: 3.4604, Coverage: 0.0000
  Batch 1930/5242, Loss: 4.2250, NLL: 4.2250, Coverage: 0.0000
  Batch 1940/5242, Loss: 4.5015, NLL: 4.5015, Coverage: 0.0000
  Batch 1950/5242, Loss: 4.1794, NLL: 4.1794, Coverage: 0.0000
  Batch 1960/5242, Loss: 4.4164, NLL: 4.4164, Coverage: 0.0000
  Batch 1970/5242, Loss: 4.3230, NLL: 4.3230, Coverage: 0.0000
  Batch 1980/5242, Loss: 4.0842, NLL: 4.0842, Coverage: 0.0000
  Batch 1990/5242, Loss: 4.0018, NLL: 4.0018, Coverage: 0.0000
  Batch 2000/5242, Loss: 3.7514, NLL: 3.7514, Coverage: 0.0000
  Batch 2010/5242, Loss: 3.9827, NLL: 3.9827, Coverage: 0.0000
  Batch 2020/5242, Loss: 4.0145, NLL: 4.0145, Coverage: 0.0000
  Batch 2030/5242, Loss: 4.0927, NLL: 4.0927, Coverage: 0.0000
  Batch 2040/5242, Loss: 3.9664, NLL: 3.9664, Coverage: 0.0000
  Batch 2050/5242, Loss: 4.0586, NLL: 4.0586, Coverage: 0.0000
  Batch 2060/5242, Loss: 4.0697, NLL: 4.0697, Coverage: 0.0000
  Batch 2070/5242, Loss: 4.0504, NLL: 4.0504, Coverage: 0.0000
  Batch 2080/5242, Loss: 3.9468, NLL: 3.9468, Coverage: 0.0000
  Batch 2090/5242, Loss: 4.1147, NLL: 4.1147, Coverage: 0.0000
  Batch 2100/5242, Loss: 3.8726, NLL: 3.8726, Coverage: 0.0000
  Batch 2110/5242, Loss: 4.5508, NLL: 4.5508, Coverage: 0.0000
  Batch 2120/5242, Loss: 4.0573, NLL: 4.0573, Coverage: 0.0000
  Batch 2130/5242, Loss: 4.1112, NLL: 4.1112, Coverage: 0.0000
  Batch 2140/5242, Loss: 4.3270, NLL: 4.3270, Coverage: 0.0000
  Batch 2150/5242, Loss: 4.1240, NLL: 4.1240, Coverage: 0.0000
  Batch 2160/5242, Loss: 3.5825, NLL: 3.5825, Coverage: 0.0000
  Batch 2170/5242, Loss: 4.2975, NLL: 4.2975, Coverage: 0.0000
  Batch 2180/5242, Loss: 4.0969, NLL: 4.0969, Coverage: 0.0000
  Batch 2190/5242, Loss: 3.8456, NLL: 3.8456, Coverage: 0.0000
  Batch 2200/5242, Loss: 3.7369, NLL: 3.7369, Coverage: 0.0000
  Batch 2210/5242, Loss: 3.8273, NLL: 3.8273, Coverage: 0.0000
  Batch 2220/5242, Loss: 4.1646, NLL: 4.1646, Coverage: 0.0000
  Batch 2230/5242, Loss: 4.0058, NLL: 4.0058, Coverage: 0.0000
  Batch 2240/5242, Loss: 3.9070, NLL: 3.9070, Coverage: 0.0000
  Batch 2250/5242, Loss: 4.2777, NLL: 4.2777, Coverage: 0.0000
  Batch 2260/5242, Loss: 4.0124, NLL: 4.0124, Coverage: 0.0000
  Batch 2270/5242, Loss: 4.2268, NLL: 4.2268, Coverage: 0.0000
  Batch 2280/5242, Loss: 3.9891, NLL: 3.9891, Coverage: 0.0000
  Batch 2290/5242, Loss: 4.1005, NLL: 4.1005, Coverage: 0.0000
  Batch 2300/5242, Loss: 4.0221, NLL: 4.0221, Coverage: 0.0000
  Batch 2310/5242, Loss: 3.7210, NLL: 3.7210, Coverage: 0.0000
  Batch 2320/5242, Loss: 3.4604, NLL: 3.4604, Coverage: 0.0000
  Batch 2330/5242, Loss: 4.0162, NLL: 4.0162, Coverage: 0.0000
  Batch 2340/5242, Loss: 3.7451, NLL: 3.7451, Coverage: 0.0000
  Batch 2350/5242, Loss: 3.7767, NLL: 3.7767, Coverage: 0.0000
  Batch 2360/5242, Loss: 4.1753, NLL: 4.1753, Coverage: 0.0000
  Batch 2370/5242, Loss: 3.9664, NLL: 3.9664, Coverage: 0.0000
  Batch 2380/5242, Loss: 3.7275, NLL: 3.7275, Coverage: 0.0000
  Batch 2390/5242, Loss: 3.9644, NLL: 3.9644, Coverage: 0.0000
  Batch 2400/5242, Loss: 4.2078, NLL: 4.2078, Coverage: 0.0000
  Batch 2410/5242, Loss: 3.7901, NLL: 3.7901, Coverage: 0.0000
  Batch 2420/5242, Loss: 4.1780, NLL: 4.1780, Coverage: 0.0000
  Batch 2430/5242, Loss: 3.6803, NLL: 3.6803, Coverage: 0.0000
  Batch 2440/5242, Loss: 3.5502, NLL: 3.5502, Coverage: 0.0000
  Batch 2450/5242, Loss: 3.7693, NLL: 3.7693, Coverage: 0.0000
  Batch 2460/5242, Loss: 4.0331, NLL: 4.0331, Coverage: 0.0000
  Batch 2470/5242, Loss: 3.8089, NLL: 3.8089, Coverage: 0.0000
  Batch 2480/5242, Loss: 4.1158, NLL: 4.1158, Coverage: 0.0000
  Batch 2490/5242, Loss: 4.0005, NLL: 4.0005, Coverage: 0.0000
  Batch 2500/5242, Loss: 4.1678, NLL: 4.1678, Coverage: 0.0000
  Batch 2510/5242, Loss: 4.0745, NLL: 4.0745, Coverage: 0.0000
  Batch 2520/5242, Loss: 4.0558, NLL: 4.0558, Coverage: 0.0000
  Batch 2530/5242, Loss: 3.8849, NLL: 3.8849, Coverage: 0.0000
  Batch 2540/5242, Loss: 3.9517, NLL: 3.9517, Coverage: 0.0000
  Batch 2550/5242, Loss: 3.7518, NLL: 3.7518, Coverage: 0.0000
  Batch 2560/5242, Loss: 4.2370, NLL: 4.2370, Coverage: 0.0000
  Batch 2570/5242, Loss: 3.9740, NLL: 3.9740, Coverage: 0.0000
  Batch 2580/5242, Loss: 4.0931, NLL: 4.0931, Coverage: 0.0000
  Batch 2590/5242, Loss: 3.8822, NLL: 3.8822, Coverage: 0.0000
  Batch 2600/5242, Loss: 4.2756, NLL: 4.2756, Coverage: 0.0000
  Batch 2610/5242, Loss: 4.1458, NLL: 4.1458, Coverage: 0.0000
  Batch 2620/5242, Loss: 4.1860, NLL: 4.1860, Coverage: 0.0000
  Batch 2630/5242, Loss: 4.2774, NLL: 4.2774, Coverage: 0.0000
  Batch 2640/5242, Loss: 3.7918, NLL: 3.7918, Coverage: 0.0000
  Batch 2650/5242, Loss: 4.0376, NLL: 4.0376, Coverage: 0.0000
  Batch 2660/5242, Loss: 4.0021, NLL: 4.0021, Coverage: 0.0000
  Batch 2670/5242, Loss: 4.1011, NLL: 4.1011, Coverage: 0.0000
  Batch 2680/5242, Loss: 4.2409, NLL: 4.2409, Coverage: 0.0000
  Batch 2690/5242, Loss: 3.7567, NLL: 3.7567, Coverage: 0.0000
  Batch 2700/5242, Loss: 3.9831, NLL: 3.9831, Coverage: 0.0000
  Batch 2710/5242, Loss: 4.1640, NLL: 4.1640, Coverage: 0.0000
  Batch 2720/5242, Loss: 4.2815, NLL: 4.2815, Coverage: 0.0000
  Batch 2730/5242, Loss: 3.8531, NLL: 3.8531, Coverage: 0.0000
  Batch 2740/5242, Loss: 3.7758, NLL: 3.7758, Coverage: 0.0000
  Batch 2750/5242, Loss: 4.3195, NLL: 4.3195, Coverage: 0.0000
  Batch 2760/5242, Loss: 3.8313, NLL: 3.8313, Coverage: 0.0000
  Batch 2770/5242, Loss: 3.8399, NLL: 3.8399, Coverage: 0.0000
  Batch 2780/5242, Loss: 4.2334, NLL: 4.2334, Coverage: 0.0000
  Batch 2790/5242, Loss: 3.7511, NLL: 3.7511, Coverage: 0.0000
  Batch 2800/5242, Loss: 4.0577, NLL: 4.0577, Coverage: 0.0000
  Batch 2810/5242, Loss: 3.5540, NLL: 3.5540, Coverage: 0.0000
  Batch 2820/5242, Loss: 3.9756, NLL: 3.9756, Coverage: 0.0000
  Batch 2830/5242, Loss: 3.9883, NLL: 3.9883, Coverage: 0.0000
  Batch 2840/5242, Loss: 4.5390, NLL: 4.5390, Coverage: 0.0000
  Batch 2850/5242, Loss: 3.7377, NLL: 3.7377, Coverage: 0.0000
  Batch 2860/5242, Loss: 4.2970, NLL: 4.2970, Coverage: 0.0000
  Batch 2870/5242, Loss: 4.2368, NLL: 4.2368, Coverage: 0.0000
  Batch 2880/5242, Loss: 3.9730, NLL: 3.9730, Coverage: 0.0000
  Batch 2890/5242, Loss: 3.8423, NLL: 3.8423, Coverage: 0.0000
  Batch 2900/5242, Loss: 3.8216, NLL: 3.8216, Coverage: 0.0000
  Batch 2910/5242, Loss: 4.3667, NLL: 4.3667, Coverage: 0.0000
  Batch 2920/5242, Loss: 4.0993, NLL: 4.0993, Coverage: 0.0000
  Batch 2930/5242, Loss: 3.8298, NLL: 3.8298, Coverage: 0.0000
  Batch 2940/5242, Loss: 4.0405, NLL: 4.0405, Coverage: 0.0000
  Batch 2950/5242, Loss: 3.6159, NLL: 3.6159, Coverage: 0.0000
  Batch 2960/5242, Loss: 3.5916, NLL: 3.5916, Coverage: 0.0000
  Batch 2970/5242, Loss: 3.4710, NLL: 3.4710, Coverage: 0.0000
  Batch 2980/5242, Loss: 4.3031, NLL: 4.3031, Coverage: 0.0000
  Batch 2990/5242, Loss: 3.7297, NLL: 3.7297, Coverage: 0.0000
  Batch 3000/5242, Loss: 3.7300, NLL: 3.7300, Coverage: 0.0000
  Batch 3010/5242, Loss: 4.0343, NLL: 4.0343, Coverage: 0.0000
  Batch 3020/5242, Loss: 4.4079, NLL: 4.4079, Coverage: 0.0000
  Batch 3030/5242, Loss: 3.7098, NLL: 3.7098, Coverage: 0.0000
  Batch 3040/5242, Loss: 4.0799, NLL: 4.0799, Coverage: 0.0000
  Batch 3050/5242, Loss: 4.5690, NLL: 4.5690, Coverage: 0.0000
  Batch 3060/5242, Loss: 3.8195, NLL: 3.8195, Coverage: 0.0000
  Batch 3070/5242, Loss: 3.7409, NLL: 3.7409, Coverage: 0.0000
  Batch 3080/5242, Loss: 4.3337, NLL: 4.3337, Coverage: 0.0000
  Batch 3090/5242, Loss: 4.2162, NLL: 4.2162, Coverage: 0.0000
  Batch 3100/5242, Loss: 3.9854, NLL: 3.9854, Coverage: 0.0000
  Batch 3110/5242, Loss: 4.2647, NLL: 4.2647, Coverage: 0.0000
  Batch 3120/5242, Loss: 4.2289, NLL: 4.2289, Coverage: 0.0000
  Batch 3130/5242, Loss: 4.2087, NLL: 4.2087, Coverage: 0.0000
  Batch 3140/5242, Loss: 3.9427, NLL: 3.9427, Coverage: 0.0000
  Batch 3150/5242, Loss: 4.4782, NLL: 4.4782, Coverage: 0.0000
  Batch 3160/5242, Loss: 4.2573, NLL: 4.2573, Coverage: 0.0000
  Batch 3170/5242, Loss: 3.6047, NLL: 3.6047, Coverage: 0.0000
  Batch 3180/5242, Loss: 4.2242, NLL: 4.2242, Coverage: 0.0000
  Batch 3190/5242, Loss: 3.7328, NLL: 3.7328, Coverage: 0.0000
  Batch 3200/5242, Loss: 4.0570, NLL: 4.0570, Coverage: 0.0000
  Batch 3210/5242, Loss: 4.1449, NLL: 4.1449, Coverage: 0.0000
  Batch 3220/5242, Loss: 4.3263, NLL: 4.3263, Coverage: 0.0000
  Batch 3230/5242, Loss: 4.2792, NLL: 4.2792, Coverage: 0.0000
  Batch 3240/5242, Loss: 4.0196, NLL: 4.0196, Coverage: 0.0000
  Batch 3250/5242, Loss: 4.4021, NLL: 4.4021, Coverage: 0.0000
  Batch 3260/5242, Loss: 4.2118, NLL: 4.2118, Coverage: 0.0000
  Batch 3270/5242, Loss: 4.0547, NLL: 4.0547, Coverage: 0.0000
  Batch 3280/5242, Loss: 3.6603, NLL: 3.6603, Coverage: 0.0000
  Batch 3290/5242, Loss: 4.1794, NLL: 4.1794, Coverage: 0.0000
  Batch 3300/5242, Loss: 3.7420, NLL: 3.7420, Coverage: 0.0000
  Batch 3310/5242, Loss: 3.8731, NLL: 3.8731, Coverage: 0.0000
  Batch 3320/5242, Loss: 4.2021, NLL: 4.2021, Coverage: 0.0000
  Batch 3330/5242, Loss: 3.7649, NLL: 3.7649, Coverage: 0.0000
  Batch 3340/5242, Loss: 4.2024, NLL: 4.2024, Coverage: 0.0000
  Batch 3350/5242, Loss: 4.3703, NLL: 4.3703, Coverage: 0.0000
  Batch 3360/5242, Loss: 3.9603, NLL: 3.9603, Coverage: 0.0000
  Batch 3370/5242, Loss: 4.0749, NLL: 4.0749, Coverage: 0.0000
  Batch 3380/5242, Loss: 4.1563, NLL: 4.1563, Coverage: 0.0000
  Batch 3390/5242, Loss: 3.6584, NLL: 3.6584, Coverage: 0.0000
  Batch 3400/5242, Loss: 3.9105, NLL: 3.9105, Coverage: 0.0000
  Batch 3410/5242, Loss: 3.9674, NLL: 3.9674, Coverage: 0.0000
  Batch 3420/5242, Loss: 3.7732, NLL: 3.7732, Coverage: 0.0000
  Batch 3430/5242, Loss: 4.3679, NLL: 4.3679, Coverage: 0.0000
  Batch 3440/5242, Loss: 4.1837, NLL: 4.1837, Coverage: 0.0000
  Batch 3450/5242, Loss: 4.0432, NLL: 4.0432, Coverage: 0.0000
  Batch 3460/5242, Loss: 3.9500, NLL: 3.9500, Coverage: 0.0000
  Batch 3470/5242, Loss: 3.8182, NLL: 3.8182, Coverage: 0.0000
  Batch 3480/5242, Loss: 3.7503, NLL: 3.7503, Coverage: 0.0000
  Batch 3490/5242, Loss: 3.8786, NLL: 3.8786, Coverage: 0.0000
  Batch 3500/5242, Loss: 4.1122, NLL: 4.1122, Coverage: 0.0000
  Batch 3510/5242, Loss: 4.0897, NLL: 4.0897, Coverage: 0.0000
  Batch 3520/5242, Loss: 4.2715, NLL: 4.2715, Coverage: 0.0000
  Batch 3530/5242, Loss: 3.8356, NLL: 3.8356, Coverage: 0.0000
  Batch 3540/5242, Loss: 4.1089, NLL: 4.1089, Coverage: 0.0000
  Batch 3550/5242, Loss: 4.2526, NLL: 4.2526, Coverage: 0.0000
  Batch 3560/5242, Loss: 3.6884, NLL: 3.6884, Coverage: 0.0000
  Batch 3570/5242, Loss: 4.0654, NLL: 4.0654, Coverage: 0.0000
  Batch 3580/5242, Loss: 4.1111, NLL: 4.1111, Coverage: 0.0000
  Batch 3590/5242, Loss: 4.2209, NLL: 4.2209, Coverage: 0.0000
  Batch 3600/5242, Loss: 3.8935, NLL: 3.8935, Coverage: 0.0000
  Batch 3610/5242, Loss: 4.3197, NLL: 4.3197, Coverage: 0.0000
  Batch 3620/5242, Loss: 3.6795, NLL: 3.6795, Coverage: 0.0000
  Batch 3630/5242, Loss: 3.6709, NLL: 3.6709, Coverage: 0.0000
  Batch 3640/5242, Loss: 4.1977, NLL: 4.1977, Coverage: 0.0000
  Batch 3650/5242, Loss: 3.7061, NLL: 3.7061, Coverage: 0.0000
  Batch 3660/5242, Loss: 3.9495, NLL: 3.9495, Coverage: 0.0000
  Batch 3670/5242, Loss: 3.8001, NLL: 3.8001, Coverage: 0.0000
  Batch 3680/5242, Loss: 4.3141, NLL: 4.3141, Coverage: 0.0000
  Batch 3690/5242, Loss: 4.0616, NLL: 4.0616, Coverage: 0.0000
  Batch 3700/5242, Loss: 4.3461, NLL: 4.3461, Coverage: 0.0000
  Batch 3710/5242, Loss: 3.9817, NLL: 3.9817, Coverage: 0.0000
  Batch 3720/5242, Loss: 3.5607, NLL: 3.5607, Coverage: 0.0000
  Batch 3730/5242, Loss: 3.8784, NLL: 3.8784, Coverage: 0.0000
  Batch 3740/5242, Loss: 3.9796, NLL: 3.9796, Coverage: 0.0000
  Batch 3750/5242, Loss: 4.3310, NLL: 4.3310, Coverage: 0.0000
  Batch 3760/5242, Loss: 3.7783, NLL: 3.7783, Coverage: 0.0000
  Batch 3770/5242, Loss: 4.2370, NLL: 4.2370, Coverage: 0.0000
  Batch 3780/5242, Loss: 4.1073, NLL: 4.1073, Coverage: 0.0000
  Batch 3790/5242, Loss: 4.3093, NLL: 4.3093, Coverage: 0.0000
  Batch 3800/5242, Loss: 4.0330, NLL: 4.0330, Coverage: 0.0000
  Batch 3810/5242, Loss: 3.6027, NLL: 3.6027, Coverage: 0.0000
  Batch 3820/5242, Loss: 4.8198, NLL: 4.8198, Coverage: 0.0000
  Batch 3830/5242, Loss: 4.1251, NLL: 4.1251, Coverage: 0.0000
  Batch 3840/5242, Loss: 3.6801, NLL: 3.6801, Coverage: 0.0000
  Batch 3850/5242, Loss: 4.2187, NLL: 4.2187, Coverage: 0.0000
  Batch 3860/5242, Loss: 4.0598, NLL: 4.0598, Coverage: 0.0000
  Batch 3870/5242, Loss: 3.8971, NLL: 3.8971, Coverage: 0.0000
  Batch 3880/5242, Loss: 4.3195, NLL: 4.3195, Coverage: 0.0000
  Batch 3890/5242, Loss: 3.6441, NLL: 3.6441, Coverage: 0.0000
  Batch 3900/5242, Loss: 3.7902, NLL: 3.7902, Coverage: 0.0000
  Batch 3910/5242, Loss: 4.0746, NLL: 4.0746, Coverage: 0.0000
  Batch 3920/5242, Loss: 3.6762, NLL: 3.6762, Coverage: 0.0000
  Batch 3930/5242, Loss: 3.5257, NLL: 3.5257, Coverage: 0.0000
  Batch 3940/5242, Loss: 3.7966, NLL: 3.7966, Coverage: 0.0000
  Batch 3950/5242, Loss: 3.7017, NLL: 3.7017, Coverage: 0.0000
  Batch 3960/5242, Loss: 4.3002, NLL: 4.3002, Coverage: 0.0000
  Batch 3970/5242, Loss: 4.2384, NLL: 4.2384, Coverage: 0.0000
  Batch 3980/5242, Loss: 4.1641, NLL: 4.1641, Coverage: 0.0000
  Batch 3990/5242, Loss: 4.0214, NLL: 4.0214, Coverage: 0.0000
  Batch 4000/5242, Loss: 4.0580, NLL: 4.0580, Coverage: 0.0000
  Batch 4010/5242, Loss: 4.5202, NLL: 4.5202, Coverage: 0.0000
  Batch 4020/5242, Loss: 4.3847, NLL: 4.3847, Coverage: 0.0000
  Batch 4030/5242, Loss: 4.1021, NLL: 4.1021, Coverage: 0.0000
  Batch 4040/5242, Loss: 4.0793, NLL: 4.0793, Coverage: 0.0000
  Batch 4050/5242, Loss: 3.6351, NLL: 3.6351, Coverage: 0.0000
  Batch 4060/5242, Loss: 3.9403, NLL: 3.9403, Coverage: 0.0000
  Batch 4070/5242, Loss: 4.0126, NLL: 4.0126, Coverage: 0.0000
  Batch 4080/5242, Loss: 4.3687, NLL: 4.3687, Coverage: 0.0000
  Batch 4090/5242, Loss: 3.8262, NLL: 3.8262, Coverage: 0.0000
  Batch 4100/5242, Loss: 4.0933, NLL: 4.0933, Coverage: 0.0000
  Batch 4110/5242, Loss: 4.0544, NLL: 4.0544, Coverage: 0.0000
  Batch 4120/5242, Loss: 4.1647, NLL: 4.1647, Coverage: 0.0000
  Batch 4130/5242, Loss: 3.6894, NLL: 3.6894, Coverage: 0.0000
  Batch 4140/5242, Loss: 4.0037, NLL: 4.0037, Coverage: 0.0000
  Batch 4150/5242, Loss: 4.4031, NLL: 4.4031, Coverage: 0.0000
  Batch 4160/5242, Loss: 3.7971, NLL: 3.7971, Coverage: 0.0000
  Batch 4170/5242, Loss: 3.9189, NLL: 3.9189, Coverage: 0.0000
  Batch 4180/5242, Loss: 3.6181, NLL: 3.6181, Coverage: 0.0000
  Batch 4190/5242, Loss: 4.1910, NLL: 4.1910, Coverage: 0.0000
  Batch 4200/5242, Loss: 3.8482, NLL: 3.8482, Coverage: 0.0000
  Batch 4210/5242, Loss: 4.1199, NLL: 4.1199, Coverage: 0.0000
  Batch 4220/5242, Loss: 4.3576, NLL: 4.3576, Coverage: 0.0000
  Batch 4230/5242, Loss: 3.7767, NLL: 3.7767, Coverage: 0.0000
  Batch 4240/5242, Loss: 4.0397, NLL: 4.0397, Coverage: 0.0000
  Batch 4250/5242, Loss: 3.7744, NLL: 3.7744, Coverage: 0.0000
  Batch 4260/5242, Loss: 4.0523, NLL: 4.0523, Coverage: 0.0000
  Batch 4270/5242, Loss: 4.0125, NLL: 4.0125, Coverage: 0.0000
  Batch 4280/5242, Loss: 4.2708, NLL: 4.2708, Coverage: 0.0000
  Batch 4290/5242, Loss: 4.0669, NLL: 4.0669, Coverage: 0.0000
  Batch 4300/5242, Loss: 3.8371, NLL: 3.8371, Coverage: 0.0000
  Batch 4310/5242, Loss: 3.9278, NLL: 3.9278, Coverage: 0.0000
  Batch 4320/5242, Loss: 3.4073, NLL: 3.4073, Coverage: 0.0000
  Batch 4330/5242, Loss: 3.7951, NLL: 3.7951, Coverage: 0.0000
  Batch 4340/5242, Loss: 3.9975, NLL: 3.9975, Coverage: 0.0000
  Batch 4350/5242, Loss: 3.9481, NLL: 3.9481, Coverage: 0.0000
  Batch 4360/5242, Loss: 3.6710, NLL: 3.6710, Coverage: 0.0000
  Batch 4370/5242, Loss: 4.0679, NLL: 4.0679, Coverage: 0.0000
  Batch 4380/5242, Loss: 4.2011, NLL: 4.2011, Coverage: 0.0000
  Batch 4390/5242, Loss: 3.6680, NLL: 3.6680, Coverage: 0.0000
  Batch 4400/5242, Loss: 3.9404, NLL: 3.9404, Coverage: 0.0000
  Batch 4410/5242, Loss: 3.9189, NLL: 3.9189, Coverage: 0.0000
  Batch 4420/5242, Loss: 4.0637, NLL: 4.0637, Coverage: 0.0000
  Batch 4430/5242, Loss: 3.7949, NLL: 3.7949, Coverage: 0.0000
  Batch 4440/5242, Loss: 3.6856, NLL: 3.6856, Coverage: 0.0000
  Batch 4450/5242, Loss: 3.8321, NLL: 3.8321, Coverage: 0.0000
  Batch 4460/5242, Loss: 4.1631, NLL: 4.1631, Coverage: 0.0000
  Batch 4470/5242, Loss: 3.8668, NLL: 3.8668, Coverage: 0.0000
  Batch 4480/5242, Loss: 4.5353, NLL: 4.5353, Coverage: 0.0000
  Batch 4490/5242, Loss: 4.0473, NLL: 4.0473, Coverage: 0.0000
  Batch 4500/5242, Loss: 4.0074, NLL: 4.0074, Coverage: 0.0000
  Batch 4510/5242, Loss: 4.1371, NLL: 4.1371, Coverage: 0.0000
  Batch 4520/5242, Loss: 3.8734, NLL: 3.8734, Coverage: 0.0000
  Batch 4530/5242, Loss: 4.0246, NLL: 4.0246, Coverage: 0.0000
  Batch 4540/5242, Loss: 4.1585, NLL: 4.1585, Coverage: 0.0000
  Batch 4550/5242, Loss: 4.0262, NLL: 4.0262, Coverage: 0.0000
  Batch 4560/5242, Loss: 3.9258, NLL: 3.9258, Coverage: 0.0000
  Batch 4570/5242, Loss: 3.7676, NLL: 3.7676, Coverage: 0.0000
  Batch 4580/5242, Loss: 3.9905, NLL: 3.9905, Coverage: 0.0000
  Batch 4590/5242, Loss: 3.9315, NLL: 3.9315, Coverage: 0.0000
  Batch 4600/5242, Loss: 4.8867, NLL: 4.8867, Coverage: 0.0000
  Batch 4610/5242, Loss: 4.1066, NLL: 4.1066, Coverage: 0.0000
  Batch 4620/5242, Loss: 4.0718, NLL: 4.0718, Coverage: 0.0000
  Batch 4630/5242, Loss: 3.9354, NLL: 3.9354, Coverage: 0.0000
  Batch 4640/5242, Loss: 3.5372, NLL: 3.5372, Coverage: 0.0000
  Batch 4650/5242, Loss: 3.8372, NLL: 3.8372, Coverage: 0.0000
  Batch 4660/5242, Loss: 4.3475, NLL: 4.3475, Coverage: 0.0000
  Batch 4670/5242, Loss: 3.9159, NLL: 3.9159, Coverage: 0.0000
  Batch 4680/5242, Loss: 3.6869, NLL: 3.6869, Coverage: 0.0000
  Batch 4690/5242, Loss: 4.5035, NLL: 4.5035, Coverage: 0.0000
  Batch 4700/5242, Loss: 3.9959, NLL: 3.9959, Coverage: 0.0000
  Batch 4710/5242, Loss: 3.8115, NLL: 3.8115, Coverage: 0.0000
  Batch 4720/5242, Loss: 3.6065, NLL: 3.6065, Coverage: 0.0000
  Batch 4730/5242, Loss: 3.7876, NLL: 3.7876, Coverage: 0.0000
  Batch 4740/5242, Loss: 3.7972, NLL: 3.7972, Coverage: 0.0000
  Batch 4750/5242, Loss: 3.8610, NLL: 3.8610, Coverage: 0.0000
  Batch 4760/5242, Loss: 4.1235, NLL: 4.1235, Coverage: 0.0000
  Batch 4770/5242, Loss: 3.3626, NLL: 3.3626, Coverage: 0.0000
  Batch 4780/5242, Loss: 3.6957, NLL: 3.6957, Coverage: 0.0000
  Batch 4790/5242, Loss: 4.3091, NLL: 4.3091, Coverage: 0.0000
  Batch 4800/5242, Loss: 3.7588, NLL: 3.7588, Coverage: 0.0000
  Batch 4810/5242, Loss: 4.3330, NLL: 4.3330, Coverage: 0.0000
  Batch 4820/5242, Loss: 4.2743, NLL: 4.2743, Coverage: 0.0000
  Batch 4830/5242, Loss: 4.0680, NLL: 4.0680, Coverage: 0.0000
  Batch 4840/5242, Loss: 4.2012, NLL: 4.2012, Coverage: 0.0000
  Batch 4850/5242, Loss: 3.7063, NLL: 3.7063, Coverage: 0.0000
  Batch 4860/5242, Loss: 4.2556, NLL: 4.2556, Coverage: 0.0000
  Batch 4870/5242, Loss: 3.9932, NLL: 3.9932, Coverage: 0.0000
  Batch 4880/5242, Loss: 4.0995, NLL: 4.0995, Coverage: 0.0000
  Batch 4890/5242, Loss: 4.1017, NLL: 4.1017, Coverage: 0.0000
  Batch 4900/5242, Loss: 4.3225, NLL: 4.3225, Coverage: 0.0000
  Batch 4910/5242, Loss: 4.0887, NLL: 4.0887, Coverage: 0.0000
  Batch 4920/5242, Loss: 3.9292, NLL: 3.9292, Coverage: 0.0000
  Batch 4930/5242, Loss: 4.1050, NLL: 4.1050, Coverage: 0.0000
  Batch 4940/5242, Loss: 4.2751, NLL: 4.2751, Coverage: 0.0000
  Batch 4950/5242, Loss: 4.1304, NLL: 4.1304, Coverage: 0.0000
  Batch 4960/5242, Loss: 4.0914, NLL: 4.0914, Coverage: 0.0000
  Batch 4970/5242, Loss: 3.7001, NLL: 3.7001, Coverage: 0.0000
  Batch 4980/5242, Loss: 4.0218, NLL: 4.0218, Coverage: 0.0000
  Batch 4990/5242, Loss: 4.1972, NLL: 4.1972, Coverage: 0.0000
  Batch 5000/5242, Loss: 4.1247, NLL: 4.1247, Coverage: 0.0000
  Batch 5010/5242, Loss: 3.8277, NLL: 3.8277, Coverage: 0.0000
  Batch 5020/5242, Loss: 4.2341, NLL: 4.2341, Coverage: 0.0000
  Batch 5030/5242, Loss: 4.1133, NLL: 4.1133, Coverage: 0.0000
  Batch 5040/5242, Loss: 3.4573, NLL: 3.4573, Coverage: 0.0000
  Batch 5050/5242, Loss: 3.9292, NLL: 3.9292, Coverage: 0.0000
  Batch 5060/5242, Loss: 4.3362, NLL: 4.3362, Coverage: 0.0000
  Batch 5070/5242, Loss: 4.3515, NLL: 4.3515, Coverage: 0.0000
  Batch 5080/5242, Loss: 3.7411, NLL: 3.7411, Coverage: 0.0000
  Batch 5090/5242, Loss: 3.9126, NLL: 3.9126, Coverage: 0.0000
  Batch 5100/5242, Loss: 3.9791, NLL: 3.9791, Coverage: 0.0000
  Batch 5110/5242, Loss: 3.8743, NLL: 3.8743, Coverage: 0.0000
  Batch 5120/5242, Loss: 3.6993, NLL: 3.6993, Coverage: 0.0000
  Batch 5130/5242, Loss: 3.9114, NLL: 3.9114, Coverage: 0.0000
  Batch 5140/5242, Loss: 4.1194, NLL: 4.1194, Coverage: 0.0000
  Batch 5150/5242, Loss: 3.8489, NLL: 3.8489, Coverage: 0.0000
  Batch 5160/5242, Loss: 3.5859, NLL: 3.5859, Coverage: 0.0000
  Batch 5170/5242, Loss: 3.8490, NLL: 3.8490, Coverage: 0.0000
  Batch 5180/5242, Loss: 4.3220, NLL: 4.3220, Coverage: 0.0000
  Batch 5190/5242, Loss: 3.5036, NLL: 3.5036, Coverage: 0.0000
  Batch 5200/5242, Loss: 3.9510, NLL: 3.9510, Coverage: 0.0000
  Batch 5210/5242, Loss: 4.0771, NLL: 4.0771, Coverage: 0.0000
  Batch 5220/5242, Loss: 3.9754, NLL: 3.9754, Coverage: 0.0000
  Batch 5230/5242, Loss: 4.1516, NLL: 4.1516, Coverage: 0.0000
  Batch 5240/5242, Loss: 3.7905, NLL: 3.7905, Coverage: 0.0000
  ✓ Learning rate reduced: 0.000250 → 0.000125

  Train Loss: 4.0283 (NLL: 4.0283, Cov: 0.0000)
  Val Loss: 6.3498 (NLL: 6.3498, Cov: 0.0000)
  Time: 33m 18s

Epoch 12/20
----------------------------------------
  Batch 10/5242, Loss: 3.7146, NLL: 3.7146, Coverage: 0.0000
  Batch 20/5242, Loss: 4.1920, NLL: 4.1920, Coverage: 0.0000
  Batch 30/5242, Loss: 4.4025, NLL: 4.4025, Coverage: 0.0000
  Batch 40/5242, Loss: 3.6496, NLL: 3.6496, Coverage: 0.0000
  Batch 50/5242, Loss: 4.0471, NLL: 4.0471, Coverage: 0.0000
  Batch 60/5242, Loss: 3.8731, NLL: 3.8731, Coverage: 0.0000
  Batch 70/5242, Loss: 3.9349, NLL: 3.9349, Coverage: 0.0000
  Batch 80/5242, Loss: 4.3570, NLL: 4.3570, Coverage: 0.0000
  Batch 90/5242, Loss: 4.5420, NLL: 4.5420, Coverage: 0.0000
  Batch 100/5242, Loss: 4.0847, NLL: 4.0847, Coverage: 0.0000
  Batch 110/5242, Loss: 3.8458, NLL: 3.8458, Coverage: 0.0000
  Batch 120/5242, Loss: 3.7775, NLL: 3.7775, Coverage: 0.0000
  Batch 130/5242, Loss: 3.9126, NLL: 3.9126, Coverage: 0.0000
  Batch 140/5242, Loss: 3.9517, NLL: 3.9517, Coverage: 0.0000
  Batch 150/5242, Loss: 4.2235, NLL: 4.2235, Coverage: 0.0000
  Batch 160/5242, Loss: 3.7257, NLL: 3.7257, Coverage: 0.0000
  Batch 170/5242, Loss: 4.1825, NLL: 4.1825, Coverage: 0.0000
  Batch 180/5242, Loss: 3.7013, NLL: 3.7013, Coverage: 0.0000
  Batch 190/5242, Loss: 4.1428, NLL: 4.1428, Coverage: 0.0000
  Batch 200/5242, Loss: 4.3441, NLL: 4.3441, Coverage: 0.0000
  Batch 210/5242, Loss: 3.8016, NLL: 3.8016, Coverage: 0.0000
  Batch 220/5242, Loss: 4.5472, NLL: 4.5472, Coverage: 0.0000
  Batch 230/5242, Loss: 4.2771, NLL: 4.2771, Coverage: 0.0000
  Batch 240/5242, Loss: 3.8815, NLL: 3.8815, Coverage: 0.0000
  Batch 250/5242, Loss: 4.3910, NLL: 4.3910, Coverage: 0.0000
  Batch 260/5242, Loss: 3.7112, NLL: 3.7112, Coverage: 0.0000
  Batch 270/5242, Loss: 4.0226, NLL: 4.0226, Coverage: 0.0000
  Batch 280/5242, Loss: 3.8575, NLL: 3.8575, Coverage: 0.0000
  Batch 290/5242, Loss: 3.7257, NLL: 3.7257, Coverage: 0.0000
  Batch 300/5242, Loss: 3.4966, NLL: 3.4966, Coverage: 0.0000
  Batch 310/5242, Loss: 4.0778, NLL: 4.0778, Coverage: 0.0000
  Batch 320/5242, Loss: 3.3009, NLL: 3.3009, Coverage: 0.0000
  Batch 330/5242, Loss: 4.1701, NLL: 4.1701, Coverage: 0.0000
  Batch 340/5242, Loss: 4.3525, NLL: 4.3525, Coverage: 0.0000
  Batch 350/5242, Loss: 3.6803, NLL: 3.6803, Coverage: 0.0000
  Batch 360/5242, Loss: 3.9339, NLL: 3.9339, Coverage: 0.0000
  Batch 370/5242, Loss: 3.6964, NLL: 3.6964, Coverage: 0.0000
  Batch 380/5242, Loss: 4.2672, NLL: 4.2672, Coverage: 0.0000
  Batch 390/5242, Loss: 4.1852, NLL: 4.1852, Coverage: 0.0000
  Batch 400/5242, Loss: 4.2117, NLL: 4.2117, Coverage: 0.0000
  Batch 410/5242, Loss: 3.9781, NLL: 3.9781, Coverage: 0.0000
  Batch 420/5242, Loss: 3.6148, NLL: 3.6148, Coverage: 0.0000
  Batch 430/5242, Loss: 3.8047, NLL: 3.8047, Coverage: 0.0000
  Batch 440/5242, Loss: 3.8750, NLL: 3.8750, Coverage: 0.0000
  Batch 450/5242, Loss: 4.3613, NLL: 4.3613, Coverage: 0.0000
  Batch 460/5242, Loss: 3.5543, NLL: 3.5543, Coverage: 0.0000
  Batch 470/5242, Loss: 3.8617, NLL: 3.8617, Coverage: 0.0000
  Batch 480/5242, Loss: 4.2299, NLL: 4.2299, Coverage: 0.0000
  Batch 490/5242, Loss: 4.1095, NLL: 4.1095, Coverage: 0.0000
  Batch 500/5242, Loss: 4.0174, NLL: 4.0174, Coverage: 0.0000
  Batch 510/5242, Loss: 4.1838, NLL: 4.1838, Coverage: 0.0000
  Batch 520/5242, Loss: 4.0157, NLL: 4.0157, Coverage: 0.0000
  Batch 530/5242, Loss: 4.0887, NLL: 4.0887, Coverage: 0.0000
  Batch 540/5242, Loss: 4.6617, NLL: 4.6617, Coverage: 0.0000
  Batch 550/5242, Loss: 3.9665, NLL: 3.9665, Coverage: 0.0000
  Batch 560/5242, Loss: 4.4339, NLL: 4.4339, Coverage: 0.0000
  Batch 570/5242, Loss: 4.2720, NLL: 4.2720, Coverage: 0.0000
  Batch 580/5242, Loss: 3.7972, NLL: 3.7972, Coverage: 0.0000
  Batch 590/5242, Loss: 3.8519, NLL: 3.8519, Coverage: 0.0000
  Batch 600/5242, Loss: 3.9613, NLL: 3.9613, Coverage: 0.0000
  Batch 610/5242, Loss: 4.0366, NLL: 4.0366, Coverage: 0.0000
  Batch 620/5242, Loss: 4.1236, NLL: 4.1236, Coverage: 0.0000
  Batch 630/5242, Loss: 4.3346, NLL: 4.3346, Coverage: 0.0000
  Batch 640/5242, Loss: 4.2470, NLL: 4.2470, Coverage: 0.0000
  Batch 650/5242, Loss: 3.8074, NLL: 3.8074, Coverage: 0.0000
  Batch 660/5242, Loss: 3.8428, NLL: 3.8428, Coverage: 0.0000
  Batch 670/5242, Loss: 3.6590, NLL: 3.6590, Coverage: 0.0000
  Batch 680/5242, Loss: 4.1457, NLL: 4.1457, Coverage: 0.0000
  Batch 690/5242, Loss: 4.0035, NLL: 4.0035, Coverage: 0.0000
  Batch 700/5242, Loss: 3.5041, NLL: 3.5041, Coverage: 0.0000
  Batch 710/5242, Loss: 4.1463, NLL: 4.1463, Coverage: 0.0000
  Batch 720/5242, Loss: 3.8480, NLL: 3.8480, Coverage: 0.0000
  Batch 730/5242, Loss: 3.6872, NLL: 3.6872, Coverage: 0.0000
  Batch 740/5242, Loss: 4.2398, NLL: 4.2398, Coverage: 0.0000
  Batch 750/5242, Loss: 4.4662, NLL: 4.4662, Coverage: 0.0000
  Batch 760/5242, Loss: 3.9745, NLL: 3.9745, Coverage: 0.0000
  Batch 770/5242, Loss: 3.7443, NLL: 3.7443, Coverage: 0.0000
  Batch 780/5242, Loss: 3.4543, NLL: 3.4543, Coverage: 0.0000
  Batch 790/5242, Loss: 4.3801, NLL: 4.3801, Coverage: 0.0000
  Batch 800/5242, Loss: 3.6803, NLL: 3.6803, Coverage: 0.0000
  Batch 810/5242, Loss: 3.2239, NLL: 3.2239, Coverage: 0.0000
  Batch 820/5242, Loss: 3.9684, NLL: 3.9684, Coverage: 0.0000
  Batch 830/5242, Loss: 3.7680, NLL: 3.7680, Coverage: 0.0000
  Batch 840/5242, Loss: 3.6915, NLL: 3.6915, Coverage: 0.0000
  Batch 850/5242, Loss: 4.3682, NLL: 4.3682, Coverage: 0.0000
  Batch 860/5242, Loss: 3.5116, NLL: 3.5116, Coverage: 0.0000
  Batch 870/5242, Loss: 3.7129, NLL: 3.7129, Coverage: 0.0000
  Batch 880/5242, Loss: 3.5608, NLL: 3.5608, Coverage: 0.0000
  Batch 890/5242, Loss: 4.0741, NLL: 4.0741, Coverage: 0.0000
  Batch 900/5242, Loss: 4.6661, NLL: 4.6661, Coverage: 0.0000
  Batch 910/5242, Loss: 4.3150, NLL: 4.3150, Coverage: 0.0000
  Batch 920/5242, Loss: 3.9485, NLL: 3.9485, Coverage: 0.0000
  Batch 930/5242, Loss: 4.5080, NLL: 4.5080, Coverage: 0.0000
  Batch 940/5242, Loss: 3.7681, NLL: 3.7681, Coverage: 0.0000
  Batch 950/5242, Loss: 3.7576, NLL: 3.7576, Coverage: 0.0000
  Batch 960/5242, Loss: 3.7831, NLL: 3.7831, Coverage: 0.0000
  Batch 970/5242, Loss: 3.2948, NLL: 3.2948, Coverage: 0.0000
  Batch 980/5242, Loss: 4.0167, NLL: 4.0167, Coverage: 0.0000
  Batch 990/5242, Loss: 4.1181, NLL: 4.1181, Coverage: 0.0000
  Batch 1000/5242, Loss: 3.7757, NLL: 3.7757, Coverage: 0.0000
  Batch 1010/5242, Loss: 4.0947, NLL: 4.0947, Coverage: 0.0000
  Batch 1020/5242, Loss: 3.9801, NLL: 3.9801, Coverage: 0.0000
  Batch 1030/5242, Loss: 4.2118, NLL: 4.2118, Coverage: 0.0000
  Batch 1040/5242, Loss: 4.2295, NLL: 4.2295, Coverage: 0.0000
  Batch 1050/5242, Loss: 3.6885, NLL: 3.6885, Coverage: 0.0000
  Batch 1060/5242, Loss: 3.9713, NLL: 3.9713, Coverage: 0.0000
  Batch 1070/5242, Loss: 3.9538, NLL: 3.9538, Coverage: 0.0000
  Batch 1080/5242, Loss: 4.4049, NLL: 4.4049, Coverage: 0.0000
  Batch 1090/5242, Loss: 4.1310, NLL: 4.1310, Coverage: 0.0000
  Batch 1100/5242, Loss: 3.9353, NLL: 3.9353, Coverage: 0.0000
  Batch 1110/5242, Loss: 4.0158, NLL: 4.0158, Coverage: 0.0000
  Batch 1120/5242, Loss: 3.9722, NLL: 3.9722, Coverage: 0.0000
  Batch 1130/5242, Loss: 3.8243, NLL: 3.8243, Coverage: 0.0000
  Batch 1140/5242, Loss: 3.9342, NLL: 3.9342, Coverage: 0.0000
  Batch 1150/5242, Loss: 3.9613, NLL: 3.9613, Coverage: 0.0000
  Batch 1160/5242, Loss: 4.1643, NLL: 4.1643, Coverage: 0.0000
  Batch 1170/5242, Loss: 3.6415, NLL: 3.6415, Coverage: 0.0000
  Batch 1180/5242, Loss: 3.8536, NLL: 3.8536, Coverage: 0.0000
  Batch 1190/5242, Loss: 3.5976, NLL: 3.5976, Coverage: 0.0000
  Batch 1200/5242, Loss: 4.0261, NLL: 4.0261, Coverage: 0.0000
  Batch 1210/5242, Loss: 4.5040, NLL: 4.5040, Coverage: 0.0000
  Batch 1220/5242, Loss: 3.7478, NLL: 3.7478, Coverage: 0.0000
  Batch 1230/5242, Loss: 4.1543, NLL: 4.1543, Coverage: 0.0000
  Batch 1240/5242, Loss: 3.8443, NLL: 3.8443, Coverage: 0.0000
  Batch 1250/5242, Loss: 4.2012, NLL: 4.2012, Coverage: 0.0000
  Batch 1260/5242, Loss: 3.8840, NLL: 3.8840, Coverage: 0.0000
  Batch 1270/5242, Loss: 3.8940, NLL: 3.8940, Coverage: 0.0000
  Batch 1280/5242, Loss: 4.3061, NLL: 4.3061, Coverage: 0.0000
  Batch 1290/5242, Loss: 3.7067, NLL: 3.7067, Coverage: 0.0000
  Batch 1300/5242, Loss: 4.3810, NLL: 4.3810, Coverage: 0.0000
  Batch 1310/5242, Loss: 3.8701, NLL: 3.8701, Coverage: 0.0000
  Batch 1320/5242, Loss: 3.9646, NLL: 3.9646, Coverage: 0.0000
  Batch 1330/5242, Loss: 4.0409, NLL: 4.0409, Coverage: 0.0000
  Batch 1340/5242, Loss: 3.7821, NLL: 3.7821, Coverage: 0.0000
  Batch 1350/5242, Loss: 3.6606, NLL: 3.6606, Coverage: 0.0000
  Batch 1360/5242, Loss: 3.9702, NLL: 3.9702, Coverage: 0.0000
  Batch 1370/5242, Loss: 4.0129, NLL: 4.0129, Coverage: 0.0000
  Batch 1380/5242, Loss: 3.7749, NLL: 3.7749, Coverage: 0.0000
  Batch 1390/5242, Loss: 3.9462, NLL: 3.9462, Coverage: 0.0000
  Batch 1400/5242, Loss: 4.3760, NLL: 4.3760, Coverage: 0.0000
  Batch 1410/5242, Loss: 3.8075, NLL: 3.8075, Coverage: 0.0000
  Batch 1420/5242, Loss: 4.5531, NLL: 4.5531, Coverage: 0.0000
  Batch 1430/5242, Loss: 3.9375, NLL: 3.9375, Coverage: 0.0000
  Batch 1440/5242, Loss: 4.0256, NLL: 4.0256, Coverage: 0.0000
  Batch 1450/5242, Loss: 4.3480, NLL: 4.3480, Coverage: 0.0000
  Batch 1460/5242, Loss: 3.7637, NLL: 3.7637, Coverage: 0.0000
  Batch 1470/5242, Loss: 4.1769, NLL: 4.1769, Coverage: 0.0000
  Batch 1480/5242, Loss: 4.0457, NLL: 4.0457, Coverage: 0.0000
  Batch 1490/5242, Loss: 4.1285, NLL: 4.1285, Coverage: 0.0000
  Batch 1500/5242, Loss: 4.2720, NLL: 4.2720, Coverage: 0.0000
  Batch 1510/5242, Loss: 4.0289, NLL: 4.0289, Coverage: 0.0000
  Batch 1520/5242, Loss: 3.5572, NLL: 3.5572, Coverage: 0.0000
  Batch 1530/5242, Loss: 4.0891, NLL: 4.0891, Coverage: 0.0000
  Batch 1540/5242, Loss: 4.2342, NLL: 4.2342, Coverage: 0.0000
  Batch 1550/5242, Loss: 4.0980, NLL: 4.0980, Coverage: 0.0000
  Batch 1560/5242, Loss: 3.9626, NLL: 3.9626, Coverage: 0.0000
  Batch 1570/5242, Loss: 3.5368, NLL: 3.5368, Coverage: 0.0000
  Batch 1580/5242, Loss: 3.5435, NLL: 3.5435, Coverage: 0.0000
  Batch 1590/5242, Loss: 4.3433, NLL: 4.3433, Coverage: 0.0000
  Batch 1600/5242, Loss: 3.5730, NLL: 3.5730, Coverage: 0.0000
  Batch 1610/5242, Loss: 3.6940, NLL: 3.6940, Coverage: 0.0000
  Batch 1620/5242, Loss: 3.8274, NLL: 3.8274, Coverage: 0.0000
  Batch 1630/5242, Loss: 4.1449, NLL: 4.1449, Coverage: 0.0000
  Batch 1640/5242, Loss: 4.3328, NLL: 4.3328, Coverage: 0.0000
  Batch 1650/5242, Loss: 4.3044, NLL: 4.3044, Coverage: 0.0000
  Batch 1660/5242, Loss: 3.5916, NLL: 3.5916, Coverage: 0.0000
  Batch 1670/5242, Loss: 4.0765, NLL: 4.0765, Coverage: 0.0000
  Batch 1680/5242, Loss: 4.4106, NLL: 4.4106, Coverage: 0.0000
  Batch 1690/5242, Loss: 4.0487, NLL: 4.0487, Coverage: 0.0000
  Batch 1700/5242, Loss: 3.6753, NLL: 3.6753, Coverage: 0.0000
  Batch 1710/5242, Loss: 4.0322, NLL: 4.0322, Coverage: 0.0000
  Batch 1720/5242, Loss: 3.8840, NLL: 3.8840, Coverage: 0.0000
  Batch 1730/5242, Loss: 4.2722, NLL: 4.2722, Coverage: 0.0000
  Batch 1740/5242, Loss: 3.9040, NLL: 3.9040, Coverage: 0.0000
  Batch 1750/5242, Loss: 3.9021, NLL: 3.9021, Coverage: 0.0000
  Batch 1760/5242, Loss: 4.2275, NLL: 4.2275, Coverage: 0.0000
  Batch 1770/5242, Loss: 3.7765, NLL: 3.7765, Coverage: 0.0000
  Batch 1780/5242, Loss: 4.0029, NLL: 4.0029, Coverage: 0.0000
  Batch 1790/5242, Loss: 3.5578, NLL: 3.5578, Coverage: 0.0000
  Batch 1800/5242, Loss: 3.9769, NLL: 3.9769, Coverage: 0.0000
  Batch 1810/5242, Loss: 4.0306, NLL: 4.0306, Coverage: 0.0000
  Batch 1820/5242, Loss: 4.2764, NLL: 4.2764, Coverage: 0.0000
  Batch 1830/5242, Loss: 3.9309, NLL: 3.9309, Coverage: 0.0000
  Batch 1840/5242, Loss: 3.5960, NLL: 3.5960, Coverage: 0.0000
  Batch 1850/5242, Loss: 3.8352, NLL: 3.8352, Coverage: 0.0000
  Batch 1860/5242, Loss: 3.8556, NLL: 3.8556, Coverage: 0.0000
  Batch 1870/5242, Loss: 3.8471, NLL: 3.8471, Coverage: 0.0000
  Batch 1880/5242, Loss: 4.0199, NLL: 4.0199, Coverage: 0.0000
  Batch 1890/5242, Loss: 3.9515, NLL: 3.9515, Coverage: 0.0000
  Batch 1900/5242, Loss: 4.5521, NLL: 4.5521, Coverage: 0.0000
  Batch 1910/5242, Loss: 3.8075, NLL: 3.8075, Coverage: 0.0000
  Batch 1920/5242, Loss: 4.1036, NLL: 4.1036, Coverage: 0.0000
  Batch 1930/5242, Loss: 3.8290, NLL: 3.8290, Coverage: 0.0000
  Batch 1940/5242, Loss: 3.6236, NLL: 3.6236, Coverage: 0.0000
  Batch 1950/5242, Loss: 3.9185, NLL: 3.9185, Coverage: 0.0000
  Batch 1960/5242, Loss: 4.5133, NLL: 4.5133, Coverage: 0.0000
  Batch 1970/5242, Loss: 4.1292, NLL: 4.1292, Coverage: 0.0000
  Batch 1980/5242, Loss: 3.7248, NLL: 3.7248, Coverage: 0.0000
  Batch 1990/5242, Loss: 4.3029, NLL: 4.3029, Coverage: 0.0000
  Batch 2000/5242, Loss: 4.2309, NLL: 4.2309, Coverage: 0.0000
  Batch 2010/5242, Loss: 3.9855, NLL: 3.9855, Coverage: 0.0000
  Batch 2020/5242, Loss: 4.2070, NLL: 4.2070, Coverage: 0.0000
  Batch 2030/5242, Loss: 4.0290, NLL: 4.0290, Coverage: 0.0000
  Batch 2040/5242, Loss: 4.2874, NLL: 4.2874, Coverage: 0.0000
  Batch 2050/5242, Loss: 4.0319, NLL: 4.0319, Coverage: 0.0000
  Batch 2060/5242, Loss: 4.2932, NLL: 4.2932, Coverage: 0.0000
  Batch 2070/5242, Loss: 4.0498, NLL: 4.0498, Coverage: 0.0000
  Batch 2080/5242, Loss: 3.8472, NLL: 3.8472, Coverage: 0.0000
  Batch 2090/5242, Loss: 3.9533, NLL: 3.9533, Coverage: 0.0000
  Batch 2100/5242, Loss: 3.8529, NLL: 3.8529, Coverage: 0.0000
  Batch 2110/5242, Loss: 3.7819, NLL: 3.7819, Coverage: 0.0000
  Batch 2120/5242, Loss: 3.7183, NLL: 3.7183, Coverage: 0.0000
  Batch 2130/5242, Loss: 3.7868, NLL: 3.7868, Coverage: 0.0000
  Batch 2140/5242, Loss: 3.9447, NLL: 3.9447, Coverage: 0.0000
  Batch 2150/5242, Loss: 4.1695, NLL: 4.1695, Coverage: 0.0000
  Batch 2160/5242, Loss: 3.7244, NLL: 3.7244, Coverage: 0.0000
  Batch 2170/5242, Loss: 3.5795, NLL: 3.5795, Coverage: 0.0000
  Batch 2180/5242, Loss: 3.9128, NLL: 3.9128, Coverage: 0.0000
  Batch 2190/5242, Loss: 3.9458, NLL: 3.9458, Coverage: 0.0000
  Batch 2200/5242, Loss: 4.0423, NLL: 4.0423, Coverage: 0.0000
  Batch 2210/5242, Loss: 3.7937, NLL: 3.7937, Coverage: 0.0000
  Batch 2220/5242, Loss: 4.3779, NLL: 4.3779, Coverage: 0.0000
  Batch 2230/5242, Loss: 4.1288, NLL: 4.1288, Coverage: 0.0000
  Batch 2240/5242, Loss: 4.0501, NLL: 4.0501, Coverage: 0.0000
  Batch 2250/5242, Loss: 3.4906, NLL: 3.4906, Coverage: 0.0000
  Batch 2260/5242, Loss: 4.2999, NLL: 4.2999, Coverage: 0.0000
  Batch 2270/5242, Loss: 3.6840, NLL: 3.6840, Coverage: 0.0000
  Batch 2280/5242, Loss: 3.6298, NLL: 3.6298, Coverage: 0.0000
  Batch 2290/5242, Loss: 3.7292, NLL: 3.7292, Coverage: 0.0000
  Batch 2300/5242, Loss: 3.9676, NLL: 3.9676, Coverage: 0.0000
  Batch 2310/5242, Loss: 3.6495, NLL: 3.6495, Coverage: 0.0000
  Batch 2320/5242, Loss: 4.0199, NLL: 4.0199, Coverage: 0.0000
  Batch 2330/5242, Loss: 3.7706, NLL: 3.7706, Coverage: 0.0000
  Batch 2340/5242, Loss: 4.1284, NLL: 4.1284, Coverage: 0.0000
  Batch 2350/5242, Loss: 3.8101, NLL: 3.8101, Coverage: 0.0000
  Batch 2360/5242, Loss: 4.3034, NLL: 4.3034, Coverage: 0.0000
  Batch 2370/5242, Loss: 4.0459, NLL: 4.0459, Coverage: 0.0000
  Batch 2380/5242, Loss: 4.1280, NLL: 4.1280, Coverage: 0.0000
  Batch 2390/5242, Loss: 4.2894, NLL: 4.2894, Coverage: 0.0000
  Batch 2400/5242, Loss: 3.8613, NLL: 3.8613, Coverage: 0.0000
  Batch 2410/5242, Loss: 4.1588, NLL: 4.1588, Coverage: 0.0000
  Batch 2420/5242, Loss: 3.9563, NLL: 3.9563, Coverage: 0.0000
  Batch 2430/5242, Loss: 3.7872, NLL: 3.7872, Coverage: 0.0000
  Batch 2440/5242, Loss: 3.8650, NLL: 3.8650, Coverage: 0.0000
  Batch 2450/5242, Loss: 3.8269, NLL: 3.8269, Coverage: 0.0000
  Batch 2460/5242, Loss: 4.2372, NLL: 4.2372, Coverage: 0.0000
  Batch 2470/5242, Loss: 3.6246, NLL: 3.6246, Coverage: 0.0000
  Batch 2480/5242, Loss: 3.6358, NLL: 3.6358, Coverage: 0.0000
  Batch 2490/5242, Loss: 4.1326, NLL: 4.1326, Coverage: 0.0000
  Batch 2500/5242, Loss: 4.3803, NLL: 4.3803, Coverage: 0.0000
  Batch 2510/5242, Loss: 3.9433, NLL: 3.9433, Coverage: 0.0000
  Batch 2520/5242, Loss: 4.2795, NLL: 4.2795, Coverage: 0.0000
  Batch 2530/5242, Loss: 3.8406, NLL: 3.8406, Coverage: 0.0000
  Batch 2540/5242, Loss: 3.7901, NLL: 3.7901, Coverage: 0.0000
  Batch 2550/5242, Loss: 3.7915, NLL: 3.7915, Coverage: 0.0000
  Batch 2560/5242, Loss: 4.4092, NLL: 4.4092, Coverage: 0.0000
  Batch 2570/5242, Loss: 3.9195, NLL: 3.9195, Coverage: 0.0000
  Batch 2580/5242, Loss: 4.0913, NLL: 4.0913, Coverage: 0.0000
  Batch 2590/5242, Loss: 4.0233, NLL: 4.0233, Coverage: 0.0000
  Batch 2600/5242, Loss: 3.8299, NLL: 3.8299, Coverage: 0.0000
  Batch 2610/5242, Loss: 4.1365, NLL: 4.1365, Coverage: 0.0000
  Batch 2620/5242, Loss: 3.8958, NLL: 3.8958, Coverage: 0.0000
  Batch 2630/5242, Loss: 4.3338, NLL: 4.3338, Coverage: 0.0000
  Batch 2640/5242, Loss: 3.9877, NLL: 3.9877, Coverage: 0.0000
  Batch 2650/5242, Loss: 3.4132, NLL: 3.4132, Coverage: 0.0000
  Batch 2660/5242, Loss: 3.5221, NLL: 3.5221, Coverage: 0.0000
  Batch 2670/5242, Loss: 3.8767, NLL: 3.8767, Coverage: 0.0000
  Batch 2680/5242, Loss: 4.1309, NLL: 4.1309, Coverage: 0.0000
  Batch 2690/5242, Loss: 4.0045, NLL: 4.0045, Coverage: 0.0000
  Batch 2700/5242, Loss: 4.2599, NLL: 4.2599, Coverage: 0.0000
  Batch 2710/5242, Loss: 3.5984, NLL: 3.5984, Coverage: 0.0000
  Batch 2720/5242, Loss: 3.9906, NLL: 3.9906, Coverage: 0.0000
  Batch 2730/5242, Loss: 3.9184, NLL: 3.9184, Coverage: 0.0000
  Batch 2740/5242, Loss: 4.5805, NLL: 4.5805, Coverage: 0.0000
  Batch 2750/5242, Loss: 3.6635, NLL: 3.6635, Coverage: 0.0000
  Batch 2760/5242, Loss: 4.3258, NLL: 4.3258, Coverage: 0.0000
  Batch 2770/5242, Loss: 4.2308, NLL: 4.2308, Coverage: 0.0000
  Batch 2780/5242, Loss: 4.2470, NLL: 4.2470, Coverage: 0.0000
  Batch 2790/5242, Loss: 4.1293, NLL: 4.1293, Coverage: 0.0000
  Batch 2800/5242, Loss: 4.5312, NLL: 4.5312, Coverage: 0.0000
  Batch 2810/5242, Loss: 3.8356, NLL: 3.8356, Coverage: 0.0000
  Batch 2820/5242, Loss: 3.5736, NLL: 3.5736, Coverage: 0.0000
  Batch 2830/5242, Loss: 4.1957, NLL: 4.1957, Coverage: 0.0000
  Batch 2840/5242, Loss: 3.8900, NLL: 3.8900, Coverage: 0.0000
  Batch 2850/5242, Loss: 4.1140, NLL: 4.1140, Coverage: 0.0000
  Batch 2860/5242, Loss: 3.4915, NLL: 3.4915, Coverage: 0.0000
  Batch 2870/5242, Loss: 3.5877, NLL: 3.5877, Coverage: 0.0000
  Batch 2880/5242, Loss: 4.2691, NLL: 4.2691, Coverage: 0.0000
  Batch 2890/5242, Loss: 3.9597, NLL: 3.9597, Coverage: 0.0000
  Batch 2900/5242, Loss: 4.1272, NLL: 4.1272, Coverage: 0.0000
  Batch 2910/5242, Loss: 3.8605, NLL: 3.8605, Coverage: 0.0000
  Batch 2920/5242, Loss: 4.1830, NLL: 4.1830, Coverage: 0.0000
  Batch 2930/5242, Loss: 3.5080, NLL: 3.5080, Coverage: 0.0000
  Batch 2940/5242, Loss: 3.6493, NLL: 3.6493, Coverage: 0.0000
  Batch 2950/5242, Loss: 3.9696, NLL: 3.9696, Coverage: 0.0000
  Batch 2960/5242, Loss: 4.2427, NLL: 4.2427, Coverage: 0.0000
  Batch 2970/5242, Loss: 4.3515, NLL: 4.3515, Coverage: 0.0000
  Batch 2980/5242, Loss: 3.8471, NLL: 3.8471, Coverage: 0.0000
  Batch 2990/5242, Loss: 3.9930, NLL: 3.9930, Coverage: 0.0000
  Batch 3000/5242, Loss: 3.8140, NLL: 3.8140, Coverage: 0.0000
  Batch 3010/5242, Loss: 3.7103, NLL: 3.7103, Coverage: 0.0000
  Batch 3020/5242, Loss: 3.9707, NLL: 3.9707, Coverage: 0.0000
  Batch 3030/5242, Loss: 4.1864, NLL: 4.1864, Coverage: 0.0000
  Batch 3040/5242, Loss: 3.5364, NLL: 3.5364, Coverage: 0.0000
  Batch 3050/5242, Loss: 4.3649, NLL: 4.3649, Coverage: 0.0000
  Batch 3060/5242, Loss: 4.1604, NLL: 4.1604, Coverage: 0.0000
  Batch 3070/5242, Loss: 3.8591, NLL: 3.8591, Coverage: 0.0000
  Batch 3080/5242, Loss: 4.0475, NLL: 4.0475, Coverage: 0.0000
  Batch 3090/5242, Loss: 3.9762, NLL: 3.9762, Coverage: 0.0000
  Batch 3100/5242, Loss: 3.8783, NLL: 3.8783, Coverage: 0.0000
  Batch 3110/5242, Loss: 4.1154, NLL: 4.1154, Coverage: 0.0000
  Batch 3120/5242, Loss: 3.6482, NLL: 3.6482, Coverage: 0.0000
  Batch 3130/5242, Loss: 4.4447, NLL: 4.4447, Coverage: 0.0000
  Batch 3140/5242, Loss: 3.9327, NLL: 3.9327, Coverage: 0.0000
  Batch 3150/5242, Loss: 4.1684, NLL: 4.1684, Coverage: 0.0000
  Batch 3160/5242, Loss: 3.7095, NLL: 3.7095, Coverage: 0.0000
  Batch 3170/5242, Loss: 4.3670, NLL: 4.3670, Coverage: 0.0000
  Batch 3180/5242, Loss: 3.7750, NLL: 3.7750, Coverage: 0.0000
  Batch 3190/5242, Loss: 3.9285, NLL: 3.9285, Coverage: 0.0000
  Batch 3200/5242, Loss: 3.8047, NLL: 3.8047, Coverage: 0.0000
  Batch 3210/5242, Loss: 3.8355, NLL: 3.8355, Coverage: 0.0000
  Batch 3220/5242, Loss: 4.4704, NLL: 4.4704, Coverage: 0.0000
  Batch 3230/5242, Loss: 3.8972, NLL: 3.8972, Coverage: 0.0000
  Batch 3240/5242, Loss: 4.1571, NLL: 4.1571, Coverage: 0.0000
  Batch 3250/5242, Loss: 3.9635, NLL: 3.9635, Coverage: 0.0000
  Batch 3260/5242, Loss: 3.9548, NLL: 3.9548, Coverage: 0.0000
  Batch 3270/5242, Loss: 4.4463, NLL: 4.4463, Coverage: 0.0000
  Batch 3280/5242, Loss: 4.1346, NLL: 4.1346, Coverage: 0.0000
  Batch 3290/5242, Loss: 3.9665, NLL: 3.9665, Coverage: 0.0000
  Batch 3300/5242, Loss: 4.0417, NLL: 4.0417, Coverage: 0.0000
  Batch 3310/5242, Loss: 4.1473, NLL: 4.1473, Coverage: 0.0000
  Batch 3320/5242, Loss: 3.9362, NLL: 3.9362, Coverage: 0.0000
  Batch 3330/5242, Loss: 3.6102, NLL: 3.6102, Coverage: 0.0000
  Batch 3340/5242, Loss: 4.0363, NLL: 4.0363, Coverage: 0.0000
  Batch 3350/5242, Loss: 4.1493, NLL: 4.1493, Coverage: 0.0000
  Batch 3360/5242, Loss: 3.7372, NLL: 3.7372, Coverage: 0.0000
  Batch 3370/5242, Loss: 4.2733, NLL: 4.2733, Coverage: 0.0000
  Batch 3380/5242, Loss: 4.0762, NLL: 4.0762, Coverage: 0.0000
  Batch 3390/5242, Loss: 4.1231, NLL: 4.1231, Coverage: 0.0000
  Batch 3400/5242, Loss: 3.7171, NLL: 3.7171, Coverage: 0.0000
  Batch 3410/5242, Loss: 3.8867, NLL: 3.8867, Coverage: 0.0000
  Batch 3420/5242, Loss: 4.0021, NLL: 4.0021, Coverage: 0.0000
  Batch 3430/5242, Loss: 3.8600, NLL: 3.8600, Coverage: 0.0000
  Batch 3440/5242, Loss: 4.1285, NLL: 4.1285, Coverage: 0.0000
  Batch 3450/5242, Loss: 4.1800, NLL: 4.1800, Coverage: 0.0000
  Batch 3460/5242, Loss: 4.0472, NLL: 4.0472, Coverage: 0.0000
  Batch 3470/5242, Loss: 4.3591, NLL: 4.3591, Coverage: 0.0000
  Batch 3480/5242, Loss: 3.9566, NLL: 3.9566, Coverage: 0.0000
  Batch 3490/5242, Loss: 4.1746, NLL: 4.1746, Coverage: 0.0000
  Batch 3500/5242, Loss: 3.9879, NLL: 3.9879, Coverage: 0.0000
  Batch 3510/5242, Loss: 4.1152, NLL: 4.1152, Coverage: 0.0000
  Batch 3520/5242, Loss: 3.4506, NLL: 3.4506, Coverage: 0.0000
  Batch 3530/5242, Loss: 4.1868, NLL: 4.1868, Coverage: 0.0000
  Batch 3540/5242, Loss: 3.6015, NLL: 3.6015, Coverage: 0.0000
  Batch 3550/5242, Loss: 3.7763, NLL: 3.7763, Coverage: 0.0000
  Batch 3560/5242, Loss: 3.8768, NLL: 3.8768, Coverage: 0.0000
  Batch 3570/5242, Loss: 4.1699, NLL: 4.1699, Coverage: 0.0000
  Batch 3580/5242, Loss: 4.3833, NLL: 4.3833, Coverage: 0.0000
  Batch 3590/5242, Loss: 3.9507, NLL: 3.9507, Coverage: 0.0000
  Batch 3600/5242, Loss: 4.0274, NLL: 4.0274, Coverage: 0.0000
  Batch 3610/5242, Loss: 3.5769, NLL: 3.5769, Coverage: 0.0000
  Batch 3620/5242, Loss: 3.6299, NLL: 3.6299, Coverage: 0.0000
  Batch 3630/5242, Loss: 4.4679, NLL: 4.4679, Coverage: 0.0000
  Batch 3640/5242, Loss: 4.2274, NLL: 4.2274, Coverage: 0.0000
  Batch 3650/5242, Loss: 3.8918, NLL: 3.8918, Coverage: 0.0000
  Batch 3660/5242, Loss: 4.5315, NLL: 4.5315, Coverage: 0.0000
  Batch 3670/5242, Loss: 4.4565, NLL: 4.4565, Coverage: 0.0000
  Batch 3680/5242, Loss: 3.6550, NLL: 3.6550, Coverage: 0.0000
  Batch 3690/5242, Loss: 4.3428, NLL: 4.3428, Coverage: 0.0000
  Batch 3700/5242, Loss: 3.6218, NLL: 3.6218, Coverage: 0.0000
  Batch 3710/5242, Loss: 3.7578, NLL: 3.7578, Coverage: 0.0000
  Batch 3720/5242, Loss: 4.0153, NLL: 4.0153, Coverage: 0.0000
  Batch 3730/5242, Loss: 3.8981, NLL: 3.8981, Coverage: 0.0000
  Batch 3740/5242, Loss: 4.2434, NLL: 4.2434, Coverage: 0.0000
  Batch 3750/5242, Loss: 3.9089, NLL: 3.9089, Coverage: 0.0000
  Batch 3760/5242, Loss: 3.8961, NLL: 3.8961, Coverage: 0.0000
  Batch 3770/5242, Loss: 4.6130, NLL: 4.6130, Coverage: 0.0000
  Batch 3780/5242, Loss: 4.2501, NLL: 4.2501, Coverage: 0.0000
  Batch 3790/5242, Loss: 3.8507, NLL: 3.8507, Coverage: 0.0000
  Batch 3800/5242, Loss: 4.2943, NLL: 4.2943, Coverage: 0.0000
  Batch 3810/5242, Loss: 4.3759, NLL: 4.3759, Coverage: 0.0000
  Batch 3820/5242, Loss: 3.8085, NLL: 3.8085, Coverage: 0.0000
  Batch 3830/5242, Loss: 4.1789, NLL: 4.1789, Coverage: 0.0000
  Batch 3840/5242, Loss: 4.1455, NLL: 4.1455, Coverage: 0.0000
  Batch 3850/5242, Loss: 4.4143, NLL: 4.4143, Coverage: 0.0000
  Batch 3860/5242, Loss: 3.9273, NLL: 3.9273, Coverage: 0.0000
  Batch 3870/5242, Loss: 3.9912, NLL: 3.9912, Coverage: 0.0000
  Batch 3880/5242, Loss: 3.9475, NLL: 3.9475, Coverage: 0.0000
  Batch 3890/5242, Loss: 3.8214, NLL: 3.8214, Coverage: 0.0000
  Batch 3900/5242, Loss: 3.8048, NLL: 3.8048, Coverage: 0.0000
  Batch 3910/5242, Loss: 4.4022, NLL: 4.4022, Coverage: 0.0000
  Batch 3920/5242, Loss: 3.8380, NLL: 3.8380, Coverage: 0.0000
  Batch 3930/5242, Loss: 3.8719, NLL: 3.8719, Coverage: 0.0000
  Batch 3940/5242, Loss: 4.6512, NLL: 4.6512, Coverage: 0.0000
  Batch 3950/5242, Loss: 3.2890, NLL: 3.2890, Coverage: 0.0000
  Batch 3960/5242, Loss: 4.2520, NLL: 4.2520, Coverage: 0.0000
  Batch 3970/5242, Loss: 3.8056, NLL: 3.8056, Coverage: 0.0000
  Batch 3980/5242, Loss: 3.8601, NLL: 3.8601, Coverage: 0.0000
  Batch 3990/5242, Loss: 4.0304, NLL: 4.0304, Coverage: 0.0000
  Batch 4000/5242, Loss: 4.0276, NLL: 4.0276, Coverage: 0.0000
  Batch 4010/5242, Loss: 3.5718, NLL: 3.5718, Coverage: 0.0000
  Batch 4020/5242, Loss: 3.8796, NLL: 3.8796, Coverage: 0.0000
  Batch 4030/5242, Loss: 4.3062, NLL: 4.3062, Coverage: 0.0000
  Batch 4040/5242, Loss: 4.3345, NLL: 4.3345, Coverage: 0.0000
  Batch 4050/5242, Loss: 4.0721, NLL: 4.0721, Coverage: 0.0000
  Batch 4060/5242, Loss: 3.6249, NLL: 3.6249, Coverage: 0.0000
  Batch 4070/5242, Loss: 4.0441, NLL: 4.0441, Coverage: 0.0000
  Batch 4080/5242, Loss: 4.1242, NLL: 4.1242, Coverage: 0.0000
  Batch 4090/5242, Loss: 4.2692, NLL: 4.2692, Coverage: 0.0000
  Batch 4100/5242, Loss: 4.4882, NLL: 4.4882, Coverage: 0.0000
  Batch 4110/5242, Loss: 4.1378, NLL: 4.1378, Coverage: 0.0000
  Batch 4120/5242, Loss: 3.9376, NLL: 3.9376, Coverage: 0.0000
  Batch 4130/5242, Loss: 3.9854, NLL: 3.9854, Coverage: 0.0000
  Batch 4140/5242, Loss: 3.6775, NLL: 3.6775, Coverage: 0.0000
  Batch 4150/5242, Loss: 3.8273, NLL: 3.8273, Coverage: 0.0000
  Batch 4160/5242, Loss: 3.7232, NLL: 3.7232, Coverage: 0.0000
  Batch 4170/5242, Loss: 4.1016, NLL: 4.1016, Coverage: 0.0000
  Batch 4180/5242, Loss: 4.2771, NLL: 4.2771, Coverage: 0.0000
  Batch 4190/5242, Loss: 3.4786, NLL: 3.4786, Coverage: 0.0000
  Batch 4200/5242, Loss: 3.9193, NLL: 3.9193, Coverage: 0.0000
  Batch 4210/5242, Loss: 3.9009, NLL: 3.9009, Coverage: 0.0000
  Batch 4220/5242, Loss: 3.8410, NLL: 3.8410, Coverage: 0.0000
  Batch 4230/5242, Loss: 3.6204, NLL: 3.6204, Coverage: 0.0000
  Batch 4240/5242, Loss: 3.8790, NLL: 3.8790, Coverage: 0.0000
  Batch 4250/5242, Loss: 3.9543, NLL: 3.9543, Coverage: 0.0000
  Batch 4260/5242, Loss: 4.1543, NLL: 4.1543, Coverage: 0.0000
  Batch 4270/5242, Loss: 3.9471, NLL: 3.9471, Coverage: 0.0000
  Batch 4280/5242, Loss: 3.8134, NLL: 3.8134, Coverage: 0.0000
  Batch 4290/5242, Loss: 3.6560, NLL: 3.6560, Coverage: 0.0000
  Batch 4300/5242, Loss: 4.2063, NLL: 4.2063, Coverage: 0.0000
  Batch 4310/5242, Loss: 3.7486, NLL: 3.7486, Coverage: 0.0000
  Batch 4320/5242, Loss: 3.6035, NLL: 3.6035, Coverage: 0.0000
  Batch 4330/5242, Loss: 4.4624, NLL: 4.4624, Coverage: 0.0000
  Batch 4340/5242, Loss: 4.2502, NLL: 4.2502, Coverage: 0.0000
  Batch 4350/5242, Loss: 3.8351, NLL: 3.8351, Coverage: 0.0000
  Batch 4360/5242, Loss: 3.7838, NLL: 3.7838, Coverage: 0.0000
  Batch 4370/5242, Loss: 3.8008, NLL: 3.8008, Coverage: 0.0000
  Batch 4380/5242, Loss: 3.7631, NLL: 3.7631, Coverage: 0.0000
  Batch 4390/5242, Loss: 4.9219, NLL: 4.9219, Coverage: 0.0000
  Batch 4400/5242, Loss: 4.0605, NLL: 4.0605, Coverage: 0.0000
  Batch 4410/5242, Loss: 3.8465, NLL: 3.8465, Coverage: 0.0000
  Batch 4420/5242, Loss: 4.0892, NLL: 4.0892, Coverage: 0.0000
  Batch 4430/5242, Loss: 4.2077, NLL: 4.2077, Coverage: 0.0000
  Batch 4440/5242, Loss: 4.1554, NLL: 4.1554, Coverage: 0.0000
  Batch 4450/5242, Loss: 4.4254, NLL: 4.4254, Coverage: 0.0000
  Batch 4460/5242, Loss: 3.9324, NLL: 3.9324, Coverage: 0.0000
  Batch 4470/5242, Loss: 4.5476, NLL: 4.5476, Coverage: 0.0000
  Batch 4480/5242, Loss: 3.8992, NLL: 3.8992, Coverage: 0.0000
  Batch 4490/5242, Loss: 4.1982, NLL: 4.1982, Coverage: 0.0000
  Batch 4500/5242, Loss: 4.5419, NLL: 4.5419, Coverage: 0.0000
  Batch 4510/5242, Loss: 3.9195, NLL: 3.9195, Coverage: 0.0000
  Batch 4520/5242, Loss: 3.6007, NLL: 3.6007, Coverage: 0.0000
  Batch 4530/5242, Loss: 3.9413, NLL: 3.9413, Coverage: 0.0000
  Batch 4540/5242, Loss: 4.1559, NLL: 4.1559, Coverage: 0.0000
  Batch 4550/5242, Loss: 3.7204, NLL: 3.7204, Coverage: 0.0000
  Batch 4560/5242, Loss: 3.7717, NLL: 3.7717, Coverage: 0.0000
  Batch 4570/5242, Loss: 3.9492, NLL: 3.9492, Coverage: 0.0000
  Batch 4580/5242, Loss: 4.0659, NLL: 4.0659, Coverage: 0.0000
  Batch 4590/5242, Loss: 4.1323, NLL: 4.1323, Coverage: 0.0000
  Batch 4600/5242, Loss: 3.5006, NLL: 3.5006, Coverage: 0.0000
  Batch 4610/5242, Loss: 4.2947, NLL: 4.2947, Coverage: 0.0000
  Batch 4620/5242, Loss: 3.7944, NLL: 3.7944, Coverage: 0.0000
  Batch 4630/5242, Loss: 3.9909, NLL: 3.9909, Coverage: 0.0000
  Batch 4640/5242, Loss: 4.2763, NLL: 4.2763, Coverage: 0.0000
  Batch 4650/5242, Loss: 3.7753, NLL: 3.7753, Coverage: 0.0000
  Batch 4660/5242, Loss: 3.7845, NLL: 3.7845, Coverage: 0.0000
  Batch 4670/5242, Loss: 4.4679, NLL: 4.4679, Coverage: 0.0000
  Batch 4680/5242, Loss: 3.7652, NLL: 3.7652, Coverage: 0.0000
  Batch 4690/5242, Loss: 4.4279, NLL: 4.4279, Coverage: 0.0000
  Batch 4700/5242, Loss: 3.7997, NLL: 3.7997, Coverage: 0.0000
  Batch 4710/5242, Loss: 3.7612, NLL: 3.7612, Coverage: 0.0000
  Batch 4720/5242, Loss: 4.1276, NLL: 4.1276, Coverage: 0.0000
  Batch 4730/5242, Loss: 3.9750, NLL: 3.9750, Coverage: 0.0000
  Batch 4740/5242, Loss: 3.6350, NLL: 3.6350, Coverage: 0.0000
  Batch 4750/5242, Loss: 4.5868, NLL: 4.5868, Coverage: 0.0000
  Batch 4760/5242, Loss: 4.1036, NLL: 4.1036, Coverage: 0.0000
  Batch 4770/5242, Loss: 3.6041, NLL: 3.6041, Coverage: 0.0000
  Batch 4780/5242, Loss: 3.9837, NLL: 3.9837, Coverage: 0.0000
  Batch 4790/5242, Loss: 4.3058, NLL: 4.3058, Coverage: 0.0000
  Batch 4800/5242, Loss: 3.6383, NLL: 3.6383, Coverage: 0.0000
  Batch 4810/5242, Loss: 3.6594, NLL: 3.6594, Coverage: 0.0000
  Batch 4820/5242, Loss: 4.3265, NLL: 4.3265, Coverage: 0.0000
  Batch 4830/5242, Loss: 3.4910, NLL: 3.4910, Coverage: 0.0000
  Batch 4840/5242, Loss: 3.6167, NLL: 3.6167, Coverage: 0.0000
  Batch 4850/5242, Loss: 3.8124, NLL: 3.8124, Coverage: 0.0000
  Batch 4860/5242, Loss: 3.7887, NLL: 3.7887, Coverage: 0.0000
  Batch 4870/5242, Loss: 3.5654, NLL: 3.5654, Coverage: 0.0000
  Batch 4880/5242, Loss: 3.7780, NLL: 3.7780, Coverage: 0.0000
  Batch 4890/5242, Loss: 3.9972, NLL: 3.9972, Coverage: 0.0000
  Batch 4900/5242, Loss: 4.1791, NLL: 4.1791, Coverage: 0.0000
  Batch 4910/5242, Loss: 4.2897, NLL: 4.2897, Coverage: 0.0000
  Batch 4920/5242, Loss: 4.1978, NLL: 4.1978, Coverage: 0.0000
  Batch 4930/5242, Loss: 3.8782, NLL: 3.8782, Coverage: 0.0000
  Batch 4940/5242, Loss: 3.9442, NLL: 3.9442, Coverage: 0.0000
  Batch 4950/5242, Loss: 4.3044, NLL: 4.3044, Coverage: 0.0000
  Batch 4960/5242, Loss: 4.0951, NLL: 4.0951, Coverage: 0.0000
  Batch 4970/5242, Loss: 4.0360, NLL: 4.0360, Coverage: 0.0000
  Batch 4980/5242, Loss: 4.0862, NLL: 4.0862, Coverage: 0.0000
  Batch 4990/5242, Loss: 4.4312, NLL: 4.4312, Coverage: 0.0000
  Batch 5000/5242, Loss: 3.8629, NLL: 3.8629, Coverage: 0.0000
  Batch 5010/5242, Loss: 4.6274, NLL: 4.6274, Coverage: 0.0000
  Batch 5020/5242, Loss: 4.2666, NLL: 4.2666, Coverage: 0.0000
  Batch 5030/5242, Loss: 3.5247, NLL: 3.5247, Coverage: 0.0000
  Batch 5040/5242, Loss: 3.8978, NLL: 3.8978, Coverage: 0.0000
  Batch 5050/5242, Loss: 4.4001, NLL: 4.4001, Coverage: 0.0000
  Batch 5060/5242, Loss: 3.9499, NLL: 3.9499, Coverage: 0.0000
  Batch 5070/5242, Loss: 4.3471, NLL: 4.3471, Coverage: 0.0000
  Batch 5080/5242, Loss: 4.2084, NLL: 4.2084, Coverage: 0.0000
  Batch 5090/5242, Loss: 3.8502, NLL: 3.8502, Coverage: 0.0000
  Batch 5100/5242, Loss: 4.0537, NLL: 4.0537, Coverage: 0.0000
  Batch 5110/5242, Loss: 3.7382, NLL: 3.7382, Coverage: 0.0000
  Batch 5120/5242, Loss: 4.4951, NLL: 4.4951, Coverage: 0.0000
  Batch 5130/5242, Loss: 4.1521, NLL: 4.1521, Coverage: 0.0000
  Batch 5140/5242, Loss: 3.9455, NLL: 3.9455, Coverage: 0.0000
  Batch 5150/5242, Loss: 4.0486, NLL: 4.0486, Coverage: 0.0000
  Batch 5160/5242, Loss: 3.8909, NLL: 3.8909, Coverage: 0.0000
  Batch 5170/5242, Loss: 3.9467, NLL: 3.9467, Coverage: 0.0000
  Batch 5180/5242, Loss: 3.6373, NLL: 3.6373, Coverage: 0.0000
  Batch 5190/5242, Loss: 3.7116, NLL: 3.7116, Coverage: 0.0000
  Batch 5200/5242, Loss: 3.9713, NLL: 3.9713, Coverage: 0.0000
  Batch 5210/5242, Loss: 3.8229, NLL: 3.8229, Coverage: 0.0000
  Batch 5220/5242, Loss: 4.4066, NLL: 4.4066, Coverage: 0.0000
  Batch 5230/5242, Loss: 4.3405, NLL: 4.3405, Coverage: 0.0000
  Batch 5240/5242, Loss: 3.9278, NLL: 3.9278, Coverage: 0.0000

  Train Loss: 3.9886 (NLL: 3.9886, Cov: 0.0000)
  Val Loss: 6.3810 (NLL: 6.3810, Cov: 0.0000)
  Time: 34m 4s

Epoch 13/20
----------------------------------------
  Batch 10/5242, Loss: 3.5582, NLL: 3.5582, Coverage: 0.0000
  Batch 20/5242, Loss: 3.7659, NLL: 3.7659, Coverage: 0.0000
  Batch 30/5242, Loss: 3.7639, NLL: 3.7639, Coverage: 0.0000
  Batch 40/5242, Loss: 3.6387, NLL: 3.6387, Coverage: 0.0000
  Batch 50/5242, Loss: 3.9849, NLL: 3.9849, Coverage: 0.0000
  Batch 60/5242, Loss: 4.0179, NLL: 4.0179, Coverage: 0.0000
  Batch 70/5242, Loss: 3.9783, NLL: 3.9783, Coverage: 0.0000
  Batch 80/5242, Loss: 4.5970, NLL: 4.5970, Coverage: 0.0000
  Batch 90/5242, Loss: 4.1319, NLL: 4.1319, Coverage: 0.0000
  Batch 100/5242, Loss: 3.7073, NLL: 3.7073, Coverage: 0.0000
  Batch 110/5242, Loss: 3.7736, NLL: 3.7736, Coverage: 0.0000
  Batch 120/5242, Loss: 3.8664, NLL: 3.8664, Coverage: 0.0000
  Batch 130/5242, Loss: 4.1199, NLL: 4.1199, Coverage: 0.0000
  Batch 140/5242, Loss: 4.0479, NLL: 4.0479, Coverage: 0.0000
  Batch 150/5242, Loss: 3.6650, NLL: 3.6650, Coverage: 0.0000
  Batch 160/5242, Loss: 3.9439, NLL: 3.9439, Coverage: 0.0000
  Batch 170/5242, Loss: 4.2043, NLL: 4.2043, Coverage: 0.0000
  Batch 180/5242, Loss: 3.5558, NLL: 3.5558, Coverage: 0.0000
  Batch 190/5242, Loss: 3.9561, NLL: 3.9561, Coverage: 0.0000
  Batch 200/5242, Loss: 4.1612, NLL: 4.1612, Coverage: 0.0000
  Batch 210/5242, Loss: 3.8990, NLL: 3.8990, Coverage: 0.0000
  Batch 220/5242, Loss: 4.3327, NLL: 4.3327, Coverage: 0.0000
  Batch 230/5242, Loss: 3.9788, NLL: 3.9788, Coverage: 0.0000
  Batch 240/5242, Loss: 4.1301, NLL: 4.1301, Coverage: 0.0000
  Batch 250/5242, Loss: 3.7202, NLL: 3.7202, Coverage: 0.0000
  Batch 260/5242, Loss: 4.1845, NLL: 4.1845, Coverage: 0.0000
  Batch 270/5242, Loss: 4.3093, NLL: 4.3093, Coverage: 0.0000
  Batch 280/5242, Loss: 4.3819, NLL: 4.3819, Coverage: 0.0000
  Batch 290/5242, Loss: 3.8842, NLL: 3.8842, Coverage: 0.0000
  Batch 300/5242, Loss: 3.9944, NLL: 3.9944, Coverage: 0.0000
  Batch 310/5242, Loss: 4.0336, NLL: 4.0336, Coverage: 0.0000
  Batch 320/5242, Loss: 4.0287, NLL: 4.0287, Coverage: 0.0000
  Batch 330/5242, Loss: 3.6192, NLL: 3.6192, Coverage: 0.0000
  Batch 340/5242, Loss: 4.4289, NLL: 4.4289, Coverage: 0.0000
  Batch 350/5242, Loss: 3.9760, NLL: 3.9760, Coverage: 0.0000
  Batch 360/5242, Loss: 4.0926, NLL: 4.0926, Coverage: 0.0000
  Batch 370/5242, Loss: 3.9154, NLL: 3.9154, Coverage: 0.0000
  Batch 380/5242, Loss: 3.8977, NLL: 3.8977, Coverage: 0.0000
  Batch 390/5242, Loss: 4.1784, NLL: 4.1784, Coverage: 0.0000
  Batch 400/5242, Loss: 4.0646, NLL: 4.0646, Coverage: 0.0000
  Batch 410/5242, Loss: 4.4189, NLL: 4.4189, Coverage: 0.0000
  Batch 420/5242, Loss: 4.3121, NLL: 4.3121, Coverage: 0.0000
  Batch 430/5242, Loss: 3.7858, NLL: 3.7858, Coverage: 0.0000
  Batch 440/5242, Loss: 4.1733, NLL: 4.1733, Coverage: 0.0000
  Batch 450/5242, Loss: 3.8960, NLL: 3.8960, Coverage: 0.0000
  Batch 460/5242, Loss: 3.7585, NLL: 3.7585, Coverage: 0.0000
  Batch 470/5242, Loss: 4.1277, NLL: 4.1277, Coverage: 0.0000
  Batch 480/5242, Loss: 3.7689, NLL: 3.7689, Coverage: 0.0000
  Batch 490/5242, Loss: 3.9047, NLL: 3.9047, Coverage: 0.0000
  Batch 500/5242, Loss: 3.8350, NLL: 3.8350, Coverage: 0.0000
  Batch 510/5242, Loss: 3.6669, NLL: 3.6669, Coverage: 0.0000
  Batch 520/5242, Loss: 3.5537, NLL: 3.5537, Coverage: 0.0000
  Batch 530/5242, Loss: 4.1917, NLL: 4.1917, Coverage: 0.0000
  Batch 540/5242, Loss: 3.9237, NLL: 3.9237, Coverage: 0.0000
  Batch 550/5242, Loss: 3.9166, NLL: 3.9166, Coverage: 0.0000
  Batch 560/5242, Loss: 3.9927, NLL: 3.9927, Coverage: 0.0000
  Batch 570/5242, Loss: 3.7694, NLL: 3.7694, Coverage: 0.0000
  Batch 580/5242, Loss: 3.8019, NLL: 3.8019, Coverage: 0.0000
  Batch 590/5242, Loss: 4.1236, NLL: 4.1236, Coverage: 0.0000
  Batch 600/5242, Loss: 3.7953, NLL: 3.7953, Coverage: 0.0000
  Batch 610/5242, Loss: 4.2662, NLL: 4.2662, Coverage: 0.0000
  Batch 620/5242, Loss: 4.0330, NLL: 4.0330, Coverage: 0.0000
  Batch 630/5242, Loss: 3.8181, NLL: 3.8181, Coverage: 0.0000
  Batch 640/5242, Loss: 3.8614, NLL: 3.8614, Coverage: 0.0000
  Batch 650/5242, Loss: 4.3094, NLL: 4.3094, Coverage: 0.0000
  Batch 660/5242, Loss: 3.8597, NLL: 3.8597, Coverage: 0.0000
  Batch 670/5242, Loss: 4.2946, NLL: 4.2946, Coverage: 0.0000
  Batch 680/5242, Loss: 3.9770, NLL: 3.9770, Coverage: 0.0000
  Batch 690/5242, Loss: 3.4706, NLL: 3.4706, Coverage: 0.0000
  Batch 700/5242, Loss: 4.5119, NLL: 4.5119, Coverage: 0.0000
  Batch 710/5242, Loss: 3.8726, NLL: 3.8726, Coverage: 0.0000
  Batch 720/5242, Loss: 4.1085, NLL: 4.1085, Coverage: 0.0000
  Batch 730/5242, Loss: 4.1223, NLL: 4.1223, Coverage: 0.0000
  Batch 740/5242, Loss: 3.8133, NLL: 3.8133, Coverage: 0.0000
  Batch 750/5242, Loss: 4.0166, NLL: 4.0166, Coverage: 0.0000
  Batch 760/5242, Loss: 4.0798, NLL: 4.0798, Coverage: 0.0000
  Batch 770/5242, Loss: 3.8962, NLL: 3.8962, Coverage: 0.0000
  Batch 780/5242, Loss: 4.2511, NLL: 4.2511, Coverage: 0.0000
  Batch 790/5242, Loss: 3.9494, NLL: 3.9494, Coverage: 0.0000
  Batch 800/5242, Loss: 3.9308, NLL: 3.9308, Coverage: 0.0000
  Batch 810/5242, Loss: 4.3148, NLL: 4.3148, Coverage: 0.0000
  Batch 820/5242, Loss: 3.2511, NLL: 3.2511, Coverage: 0.0000
  Batch 830/5242, Loss: 3.9096, NLL: 3.9096, Coverage: 0.0000
  Batch 840/5242, Loss: 4.2389, NLL: 4.2389, Coverage: 0.0000
  Batch 850/5242, Loss: 4.1303, NLL: 4.1303, Coverage: 0.0000
  Batch 860/5242, Loss: 3.9971, NLL: 3.9971, Coverage: 0.0000
  Batch 870/5242, Loss: 4.3427, NLL: 4.3427, Coverage: 0.0000
  Batch 880/5242, Loss: 3.6947, NLL: 3.6947, Coverage: 0.0000
  Batch 890/5242, Loss: 3.7976, NLL: 3.7976, Coverage: 0.0000
  Batch 900/5242, Loss: 3.9947, NLL: 3.9947, Coverage: 0.0000
  Batch 910/5242, Loss: 3.5354, NLL: 3.5354, Coverage: 0.0000
  Batch 920/5242, Loss: 3.8319, NLL: 3.8319, Coverage: 0.0000
  Batch 930/5242, Loss: 3.7656, NLL: 3.7656, Coverage: 0.0000
  Batch 940/5242, Loss: 4.3739, NLL: 4.3739, Coverage: 0.0000
  Batch 950/5242, Loss: 4.1845, NLL: 4.1845, Coverage: 0.0000
  Batch 960/5242, Loss: 4.0102, NLL: 4.0102, Coverage: 0.0000
  Batch 970/5242, Loss: 3.9265, NLL: 3.9265, Coverage: 0.0000
  Batch 980/5242, Loss: 4.1426, NLL: 4.1426, Coverage: 0.0000
  Batch 990/5242, Loss: 3.8850, NLL: 3.8850, Coverage: 0.0000
  Batch 1000/5242, Loss: 3.4674, NLL: 3.4674, Coverage: 0.0000
  Batch 1010/5242, Loss: 3.5486, NLL: 3.5486, Coverage: 0.0000
  Batch 1020/5242, Loss: 3.6831, NLL: 3.6831, Coverage: 0.0000
  Batch 1030/5242, Loss: 3.6705, NLL: 3.6705, Coverage: 0.0000
  Batch 1040/5242, Loss: 3.7605, NLL: 3.7605, Coverage: 0.0000
  Batch 1050/5242, Loss: 4.4553, NLL: 4.4553, Coverage: 0.0000
  Batch 1060/5242, Loss: 3.4387, NLL: 3.4387, Coverage: 0.0000
  Batch 1070/5242, Loss: 4.2979, NLL: 4.2979, Coverage: 0.0000
  Batch 1080/5242, Loss: 3.7716, NLL: 3.7716, Coverage: 0.0000
  Batch 1090/5242, Loss: 3.7888, NLL: 3.7888, Coverage: 0.0000
  Batch 1100/5242, Loss: 4.2330, NLL: 4.2330, Coverage: 0.0000
  Batch 1110/5242, Loss: 3.9373, NLL: 3.9373, Coverage: 0.0000
  Batch 1120/5242, Loss: 3.7783, NLL: 3.7783, Coverage: 0.0000
  Batch 1130/5242, Loss: 3.4522, NLL: 3.4522, Coverage: 0.0000
  Batch 1140/5242, Loss: 3.4877, NLL: 3.4877, Coverage: 0.0000
  Batch 1150/5242, Loss: 3.9908, NLL: 3.9908, Coverage: 0.0000
  Batch 1160/5242, Loss: 3.8503, NLL: 3.8503, Coverage: 0.0000
  Batch 1170/5242, Loss: 3.5756, NLL: 3.5756, Coverage: 0.0000
  Batch 1180/5242, Loss: 3.8804, NLL: 3.8804, Coverage: 0.0000
  Batch 1190/5242, Loss: 4.1856, NLL: 4.1856, Coverage: 0.0000
  Batch 1200/5242, Loss: 3.7036, NLL: 3.7036, Coverage: 0.0000
  Batch 1210/5242, Loss: 3.7470, NLL: 3.7470, Coverage: 0.0000
  Batch 1220/5242, Loss: 4.0341, NLL: 4.0341, Coverage: 0.0000
  Batch 1230/5242, Loss: 4.2437, NLL: 4.2437, Coverage: 0.0000
  Batch 1240/5242, Loss: 3.7153, NLL: 3.7153, Coverage: 0.0000
  Batch 1250/5242, Loss: 3.9321, NLL: 3.9321, Coverage: 0.0000
  Batch 1260/5242, Loss: 3.3730, NLL: 3.3730, Coverage: 0.0000
  Batch 1270/5242, Loss: 3.7374, NLL: 3.7374, Coverage: 0.0000
  Batch 1280/5242, Loss: 3.8891, NLL: 3.8891, Coverage: 0.0000
  Batch 1290/5242, Loss: 4.1861, NLL: 4.1861, Coverage: 0.0000
  Batch 1300/5242, Loss: 4.2181, NLL: 4.2181, Coverage: 0.0000
  Batch 1310/5242, Loss: 4.3719, NLL: 4.3719, Coverage: 0.0000
  Batch 1320/5242, Loss: 4.3502, NLL: 4.3502, Coverage: 0.0000
  Batch 1330/5242, Loss: 3.3112, NLL: 3.3112, Coverage: 0.0000
  Batch 1340/5242, Loss: 4.0610, NLL: 4.0610, Coverage: 0.0000
  Batch 1350/5242, Loss: 4.3058, NLL: 4.3058, Coverage: 0.0000
  Batch 1360/5242, Loss: 3.3441, NLL: 3.3441, Coverage: 0.0000
  Batch 1370/5242, Loss: 3.8605, NLL: 3.8605, Coverage: 0.0000
  Batch 1380/5242, Loss: 4.1668, NLL: 4.1668, Coverage: 0.0000
  Batch 1390/5242, Loss: 3.9573, NLL: 3.9573, Coverage: 0.0000
  Batch 1400/5242, Loss: 4.1185, NLL: 4.1185, Coverage: 0.0000
  Batch 1410/5242, Loss: 3.6656, NLL: 3.6656, Coverage: 0.0000
  Batch 1420/5242, Loss: 4.0656, NLL: 4.0656, Coverage: 0.0000
  Batch 1430/5242, Loss: 3.6125, NLL: 3.6125, Coverage: 0.0000
  Batch 1440/5242, Loss: 3.5718, NLL: 3.5718, Coverage: 0.0000
  Batch 1450/5242, Loss: 3.7242, NLL: 3.7242, Coverage: 0.0000
  Batch 1460/5242, Loss: 4.2128, NLL: 4.2128, Coverage: 0.0000
  Batch 1470/5242, Loss: 3.8760, NLL: 3.8760, Coverage: 0.0000
  Batch 1480/5242, Loss: 3.9257, NLL: 3.9257, Coverage: 0.0000
  Batch 1490/5242, Loss: 4.5985, NLL: 4.5985, Coverage: 0.0000
  Batch 1500/5242, Loss: 4.3660, NLL: 4.3660, Coverage: 0.0000
  Batch 1510/5242, Loss: 4.4563, NLL: 4.4563, Coverage: 0.0000
  Batch 1520/5242, Loss: 3.3740, NLL: 3.3740, Coverage: 0.0000
  Batch 1530/5242, Loss: 3.7901, NLL: 3.7901, Coverage: 0.0000
  Batch 1540/5242, Loss: 3.9249, NLL: 3.9249, Coverage: 0.0000
  Batch 1550/5242, Loss: 3.7122, NLL: 3.7122, Coverage: 0.0000
  Batch 1560/5242, Loss: 3.8278, NLL: 3.8278, Coverage: 0.0000
  Batch 1570/5242, Loss: 3.6494, NLL: 3.6494, Coverage: 0.0000
  Batch 1580/5242, Loss: 3.6885, NLL: 3.6885, Coverage: 0.0000
  Batch 1590/5242, Loss: 4.1088, NLL: 4.1088, Coverage: 0.0000
  Batch 1600/5242, Loss: 3.9567, NLL: 3.9567, Coverage: 0.0000
  Batch 1610/5242, Loss: 3.9426, NLL: 3.9426, Coverage: 0.0000
  Batch 1620/5242, Loss: 3.8398, NLL: 3.8398, Coverage: 0.0000
  Batch 1630/5242, Loss: 4.0107, NLL: 4.0107, Coverage: 0.0000
  Batch 1640/5242, Loss: 3.7996, NLL: 3.7996, Coverage: 0.0000
  Batch 1650/5242, Loss: 4.4530, NLL: 4.4530, Coverage: 0.0000
  Batch 1660/5242, Loss: 4.0210, NLL: 4.0210, Coverage: 0.0000
  Batch 1670/5242, Loss: 4.1668, NLL: 4.1668, Coverage: 0.0000
  Batch 1680/5242, Loss: 3.9235, NLL: 3.9235, Coverage: 0.0000
  Batch 1690/5242, Loss: 4.0204, NLL: 4.0204, Coverage: 0.0000
  Batch 1700/5242, Loss: 3.7840, NLL: 3.7840, Coverage: 0.0000
  Batch 1710/5242, Loss: 3.9128, NLL: 3.9128, Coverage: 0.0000
  Batch 1720/5242, Loss: 3.9605, NLL: 3.9605, Coverage: 0.0000
  Batch 1730/5242, Loss: 4.4593, NLL: 4.4593, Coverage: 0.0000
  Batch 1740/5242, Loss: 4.5132, NLL: 4.5132, Coverage: 0.0000
  Batch 1750/5242, Loss: 4.2263, NLL: 4.2263, Coverage: 0.0000
  Batch 1760/5242, Loss: 3.7131, NLL: 3.7131, Coverage: 0.0000
  Batch 1770/5242, Loss: 4.0257, NLL: 4.0257, Coverage: 0.0000
  Batch 1780/5242, Loss: 3.8867, NLL: 3.8867, Coverage: 0.0000
  Batch 1790/5242, Loss: 4.2545, NLL: 4.2545, Coverage: 0.0000
  Batch 1800/5242, Loss: 3.7941, NLL: 3.7941, Coverage: 0.0000
  Batch 1810/5242, Loss: 4.0122, NLL: 4.0122, Coverage: 0.0000
  Batch 1820/5242, Loss: 3.8311, NLL: 3.8311, Coverage: 0.0000
  Batch 1830/5242, Loss: 4.0470, NLL: 4.0470, Coverage: 0.0000
  Batch 1840/5242, Loss: 4.2873, NLL: 4.2873, Coverage: 0.0000
  Batch 1850/5242, Loss: 3.7801, NLL: 3.7801, Coverage: 0.0000
  Batch 1860/5242, Loss: 4.4245, NLL: 4.4245, Coverage: 0.0000
  Batch 1870/5242, Loss: 4.2167, NLL: 4.2167, Coverage: 0.0000
  Batch 1880/5242, Loss: 3.8730, NLL: 3.8730, Coverage: 0.0000
  Batch 1890/5242, Loss: 4.0675, NLL: 4.0675, Coverage: 0.0000
  Batch 1900/5242, Loss: 4.1808, NLL: 4.1808, Coverage: 0.0000
  Batch 1910/5242, Loss: 4.1312, NLL: 4.1312, Coverage: 0.0000
  Batch 1920/5242, Loss: 4.2190, NLL: 4.2190, Coverage: 0.0000
  Batch 1930/5242, Loss: 3.9223, NLL: 3.9223, Coverage: 0.0000
  Batch 1940/5242, Loss: 3.7424, NLL: 3.7424, Coverage: 0.0000
  Batch 1950/5242, Loss: 3.5710, NLL: 3.5710, Coverage: 0.0000
  Batch 1960/5242, Loss: 4.6073, NLL: 4.6073, Coverage: 0.0000
  Batch 1970/5242, Loss: 3.6955, NLL: 3.6955, Coverage: 0.0000
  Batch 1980/5242, Loss: 4.1179, NLL: 4.1179, Coverage: 0.0000
  Batch 1990/5242, Loss: 4.0446, NLL: 4.0446, Coverage: 0.0000
  Batch 2000/5242, Loss: 4.0736, NLL: 4.0736, Coverage: 0.0000
  Batch 2010/5242, Loss: 3.8457, NLL: 3.8457, Coverage: 0.0000
  Batch 2020/5242, Loss: 3.4342, NLL: 3.4342, Coverage: 0.0000
  Batch 2030/5242, Loss: 4.2179, NLL: 4.2179, Coverage: 0.0000
  Batch 2040/5242, Loss: 3.8387, NLL: 3.8387, Coverage: 0.0000
  Batch 2050/5242, Loss: 3.6893, NLL: 3.6893, Coverage: 0.0000
  Batch 2060/5242, Loss: 4.4813, NLL: 4.4813, Coverage: 0.0000
  Batch 2070/5242, Loss: 3.9250, NLL: 3.9250, Coverage: 0.0000
  Batch 2080/5242, Loss: 4.1074, NLL: 4.1074, Coverage: 0.0000
  Batch 2090/5242, Loss: 4.2458, NLL: 4.2458, Coverage: 0.0000
  Batch 2100/5242, Loss: 3.6919, NLL: 3.6919, Coverage: 0.0000
  Batch 2110/5242, Loss: 4.0890, NLL: 4.0890, Coverage: 0.0000
  Batch 2120/5242, Loss: 3.7588, NLL: 3.7588, Coverage: 0.0000
  Batch 2130/5242, Loss: 4.3439, NLL: 4.3439, Coverage: 0.0000
  Batch 2140/5242, Loss: 4.2447, NLL: 4.2447, Coverage: 0.0000
  Batch 2150/5242, Loss: 4.2764, NLL: 4.2764, Coverage: 0.0000
  Batch 2160/5242, Loss: 3.7667, NLL: 3.7667, Coverage: 0.0000
  Batch 2170/5242, Loss: 3.5531, NLL: 3.5531, Coverage: 0.0000
  Batch 2180/5242, Loss: 3.7772, NLL: 3.7772, Coverage: 0.0000
  Batch 2190/5242, Loss: 4.1574, NLL: 4.1574, Coverage: 0.0000
  Batch 2200/5242, Loss: 3.3421, NLL: 3.3421, Coverage: 0.0000
  Batch 2210/5242, Loss: 4.3363, NLL: 4.3363, Coverage: 0.0000
  Batch 2220/5242, Loss: 4.2384, NLL: 4.2384, Coverage: 0.0000
  Batch 2230/5242, Loss: 4.4074, NLL: 4.4074, Coverage: 0.0000
  Batch 2240/5242, Loss: 3.9230, NLL: 3.9230, Coverage: 0.0000
  Batch 2250/5242, Loss: 4.2335, NLL: 4.2335, Coverage: 0.0000
  Batch 2260/5242, Loss: 4.3637, NLL: 4.3637, Coverage: 0.0000
  Batch 2270/5242, Loss: 3.9433, NLL: 3.9433, Coverage: 0.0000
  Batch 2280/5242, Loss: 3.8410, NLL: 3.8410, Coverage: 0.0000
  Batch 2290/5242, Loss: 3.7715, NLL: 3.7715, Coverage: 0.0000
  Batch 2300/5242, Loss: 3.7992, NLL: 3.7992, Coverage: 0.0000
  Batch 2310/5242, Loss: 3.7926, NLL: 3.7926, Coverage: 0.0000
  Batch 2320/5242, Loss: 4.2244, NLL: 4.2244, Coverage: 0.0000
  Batch 2330/5242, Loss: 3.9529, NLL: 3.9529, Coverage: 0.0000
  Batch 2340/5242, Loss: 3.9137, NLL: 3.9137, Coverage: 0.0000
  Batch 2350/5242, Loss: 4.0027, NLL: 4.0027, Coverage: 0.0000
  Batch 2360/5242, Loss: 4.1061, NLL: 4.1061, Coverage: 0.0000
  Batch 2370/5242, Loss: 3.9648, NLL: 3.9648, Coverage: 0.0000
  Batch 2380/5242, Loss: 3.8231, NLL: 3.8231, Coverage: 0.0000
  Batch 2390/5242, Loss: 4.0629, NLL: 4.0629, Coverage: 0.0000
  Batch 2400/5242, Loss: 3.5903, NLL: 3.5903, Coverage: 0.0000
  Batch 2410/5242, Loss: 4.0403, NLL: 4.0403, Coverage: 0.0000
  Batch 2420/5242, Loss: 4.7063, NLL: 4.7063, Coverage: 0.0000
  Batch 2430/5242, Loss: 3.9338, NLL: 3.9338, Coverage: 0.0000
  Batch 2440/5242, Loss: 4.0424, NLL: 4.0424, Coverage: 0.0000
  Batch 2450/5242, Loss: 3.6104, NLL: 3.6104, Coverage: 0.0000
  Batch 2460/5242, Loss: 3.6318, NLL: 3.6318, Coverage: 0.0000
  Batch 2470/5242, Loss: 4.3546, NLL: 4.3546, Coverage: 0.0000
  Batch 2480/5242, Loss: 4.6060, NLL: 4.6060, Coverage: 0.0000
  Batch 2490/5242, Loss: 4.0576, NLL: 4.0576, Coverage: 0.0000
  Batch 2500/5242, Loss: 3.7833, NLL: 3.7833, Coverage: 0.0000
  Batch 2510/5242, Loss: 4.4081, NLL: 4.4081, Coverage: 0.0000
  Batch 2520/5242, Loss: 4.0504, NLL: 4.0504, Coverage: 0.0000
  Batch 2530/5242, Loss: 4.0720, NLL: 4.0720, Coverage: 0.0000
  Batch 2540/5242, Loss: 4.1023, NLL: 4.1023, Coverage: 0.0000
  Batch 2550/5242, Loss: 3.4799, NLL: 3.4799, Coverage: 0.0000
  Batch 2560/5242, Loss: 3.9578, NLL: 3.9578, Coverage: 0.0000
  Batch 2570/5242, Loss: 3.5806, NLL: 3.5806, Coverage: 0.0000
  Batch 2580/5242, Loss: 3.9786, NLL: 3.9786, Coverage: 0.0000
  Batch 2590/5242, Loss: 3.8331, NLL: 3.8331, Coverage: 0.0000
  Batch 2600/5242, Loss: 4.1079, NLL: 4.1079, Coverage: 0.0000
  Batch 2610/5242, Loss: 3.8519, NLL: 3.8519, Coverage: 0.0000
  Batch 2620/5242, Loss: 4.5054, NLL: 4.5054, Coverage: 0.0000
  Batch 2630/5242, Loss: 3.8233, NLL: 3.8233, Coverage: 0.0000
  Batch 2640/5242, Loss: 3.9300, NLL: 3.9300, Coverage: 0.0000
  Batch 2650/5242, Loss: 4.1642, NLL: 4.1642, Coverage: 0.0000
  Batch 2660/5242, Loss: 4.2328, NLL: 4.2328, Coverage: 0.0000
  Batch 2670/5242, Loss: 3.7004, NLL: 3.7004, Coverage: 0.0000
  Batch 2680/5242, Loss: 4.1962, NLL: 4.1962, Coverage: 0.0000
  Batch 2690/5242, Loss: 4.1147, NLL: 4.1147, Coverage: 0.0000
  Batch 2700/5242, Loss: 3.9722, NLL: 3.9722, Coverage: 0.0000
  Batch 2710/5242, Loss: 4.4297, NLL: 4.4297, Coverage: 0.0000
  Batch 2720/5242, Loss: 3.7976, NLL: 3.7976, Coverage: 0.0000
  Batch 2730/5242, Loss: 3.7802, NLL: 3.7802, Coverage: 0.0000
  Batch 2740/5242, Loss: 4.0335, NLL: 4.0335, Coverage: 0.0000
  Batch 2750/5242, Loss: 4.4714, NLL: 4.4714, Coverage: 0.0000
  Batch 2760/5242, Loss: 4.0384, NLL: 4.0384, Coverage: 0.0000
  Batch 2770/5242, Loss: 3.8818, NLL: 3.8818, Coverage: 0.0000
  Batch 2780/5242, Loss: 4.2643, NLL: 4.2643, Coverage: 0.0000
  Batch 2790/5242, Loss: 3.7039, NLL: 3.7039, Coverage: 0.0000
  Batch 2800/5242, Loss: 3.8144, NLL: 3.8144, Coverage: 0.0000
  Batch 2810/5242, Loss: 4.0680, NLL: 4.0680, Coverage: 0.0000
  Batch 2820/5242, Loss: 4.4715, NLL: 4.4715, Coverage: 0.0000
  Batch 2830/5242, Loss: 4.0110, NLL: 4.0110, Coverage: 0.0000
  Batch 2840/5242, Loss: 3.9925, NLL: 3.9925, Coverage: 0.0000
  Batch 2850/5242, Loss: 4.1160, NLL: 4.1160, Coverage: 0.0000
  Batch 2860/5242, Loss: 3.7202, NLL: 3.7202, Coverage: 0.0000
  Batch 2870/5242, Loss: 3.7179, NLL: 3.7179, Coverage: 0.0000
  Batch 2880/5242, Loss: 4.2065, NLL: 4.2065, Coverage: 0.0000
  Batch 2890/5242, Loss: 3.8558, NLL: 3.8558, Coverage: 0.0000
  Batch 2900/5242, Loss: 4.0664, NLL: 4.0664, Coverage: 0.0000
  Batch 2910/5242, Loss: 3.5631, NLL: 3.5631, Coverage: 0.0000
  Batch 2920/5242, Loss: 3.9508, NLL: 3.9508, Coverage: 0.0000
  Batch 2930/5242, Loss: 3.6690, NLL: 3.6690, Coverage: 0.0000
  Batch 2940/5242, Loss: 3.9022, NLL: 3.9022, Coverage: 0.0000
  Batch 2950/5242, Loss: 4.0167, NLL: 4.0167, Coverage: 0.0000
  Batch 2960/5242, Loss: 3.9645, NLL: 3.9645, Coverage: 0.0000
  Batch 2970/5242, Loss: 4.1799, NLL: 4.1799, Coverage: 0.0000
  Batch 2980/5242, Loss: 4.0473, NLL: 4.0473, Coverage: 0.0000
  Batch 2990/5242, Loss: 3.2496, NLL: 3.2496, Coverage: 0.0000
  Batch 3000/5242, Loss: 3.4464, NLL: 3.4464, Coverage: 0.0000
  Batch 3010/5242, Loss: 4.0670, NLL: 4.0670, Coverage: 0.0000
  Batch 3020/5242, Loss: 3.9977, NLL: 3.9977, Coverage: 0.0000
  Batch 3030/5242, Loss: 3.7661, NLL: 3.7661, Coverage: 0.0000
  Batch 3040/5242, Loss: 3.9604, NLL: 3.9604, Coverage: 0.0000
  Batch 3050/5242, Loss: 4.0504, NLL: 4.0504, Coverage: 0.0000
  Batch 3060/5242, Loss: 3.9970, NLL: 3.9970, Coverage: 0.0000
  Batch 3070/5242, Loss: 4.0232, NLL: 4.0232, Coverage: 0.0000
  Batch 3080/5242, Loss: 4.0914, NLL: 4.0914, Coverage: 0.0000
  Batch 3090/5242, Loss: 3.6942, NLL: 3.6942, Coverage: 0.0000
  Batch 3100/5242, Loss: 3.8925, NLL: 3.8925, Coverage: 0.0000
  Batch 3110/5242, Loss: 4.5183, NLL: 4.5183, Coverage: 0.0000
  Batch 3120/5242, Loss: 3.9647, NLL: 3.9647, Coverage: 0.0000
  Batch 3130/5242, Loss: 3.5126, NLL: 3.5126, Coverage: 0.0000
  Batch 3140/5242, Loss: 3.4282, NLL: 3.4282, Coverage: 0.0000
  Batch 3150/5242, Loss: 4.0671, NLL: 4.0671, Coverage: 0.0000
  Batch 3160/5242, Loss: 3.8613, NLL: 3.8613, Coverage: 0.0000
  Batch 3170/5242, Loss: 4.4841, NLL: 4.4841, Coverage: 0.0000
  Batch 3180/5242, Loss: 3.8413, NLL: 3.8413, Coverage: 0.0000
  Batch 3190/5242, Loss: 4.4782, NLL: 4.4782, Coverage: 0.0000
  Batch 3200/5242, Loss: 4.0299, NLL: 4.0299, Coverage: 0.0000
  Batch 3210/5242, Loss: 3.8619, NLL: 3.8619, Coverage: 0.0000
  Batch 3220/5242, Loss: 4.1768, NLL: 4.1768, Coverage: 0.0000
  Batch 3230/5242, Loss: 4.2417, NLL: 4.2417, Coverage: 0.0000
  Batch 3240/5242, Loss: 3.6820, NLL: 3.6820, Coverage: 0.0000
  Batch 3250/5242, Loss: 4.4586, NLL: 4.4586, Coverage: 0.0000
  Batch 3260/5242, Loss: 4.1712, NLL: 4.1712, Coverage: 0.0000
  Batch 3270/5242, Loss: 4.0381, NLL: 4.0381, Coverage: 0.0000
  Batch 3280/5242, Loss: 4.4040, NLL: 4.4040, Coverage: 0.0000
  Batch 3290/5242, Loss: 4.1339, NLL: 4.1339, Coverage: 0.0000
  Batch 3300/5242, Loss: 4.1219, NLL: 4.1219, Coverage: 0.0000
  Batch 3310/5242, Loss: 3.7425, NLL: 3.7425, Coverage: 0.0000
  Batch 3320/5242, Loss: 4.1053, NLL: 4.1053, Coverage: 0.0000
  Batch 3330/5242, Loss: 3.9521, NLL: 3.9521, Coverage: 0.0000
  Batch 3340/5242, Loss: 4.2635, NLL: 4.2635, Coverage: 0.0000
  Batch 3350/5242, Loss: 4.0778, NLL: 4.0778, Coverage: 0.0000
  Batch 3360/5242, Loss: 4.3503, NLL: 4.3503, Coverage: 0.0000
  Batch 3370/5242, Loss: 3.7435, NLL: 3.7435, Coverage: 0.0000
  Batch 3380/5242, Loss: 4.2085, NLL: 4.2085, Coverage: 0.0000
  Batch 3390/5242, Loss: 4.4768, NLL: 4.4768, Coverage: 0.0000
  Batch 3400/5242, Loss: 3.9224, NLL: 3.9224, Coverage: 0.0000
  Batch 3410/5242, Loss: 4.1903, NLL: 4.1903, Coverage: 0.0000
  Batch 3420/5242, Loss: 3.5409, NLL: 3.5409, Coverage: 0.0000
  Batch 3430/5242, Loss: 4.2608, NLL: 4.2608, Coverage: 0.0000
  Batch 3440/5242, Loss: 3.9615, NLL: 3.9615, Coverage: 0.0000
  Batch 3450/5242, Loss: 3.7571, NLL: 3.7571, Coverage: 0.0000
  Batch 3460/5242, Loss: 3.7157, NLL: 3.7157, Coverage: 0.0000
  Batch 3470/5242, Loss: 4.0343, NLL: 4.0343, Coverage: 0.0000
  Batch 3480/5242, Loss: 4.1975, NLL: 4.1975, Coverage: 0.0000
  Batch 3490/5242, Loss: 3.9244, NLL: 3.9244, Coverage: 0.0000
  Batch 3500/5242, Loss: 3.7434, NLL: 3.7434, Coverage: 0.0000
  Batch 3510/5242, Loss: 3.7749, NLL: 3.7749, Coverage: 0.0000
  Batch 3520/5242, Loss: 3.9449, NLL: 3.9449, Coverage: 0.0000
  Batch 3530/5242, Loss: 4.2520, NLL: 4.2520, Coverage: 0.0000
  Batch 3540/5242, Loss: 3.4348, NLL: 3.4348, Coverage: 0.0000
  Batch 3550/5242, Loss: 4.0978, NLL: 4.0978, Coverage: 0.0000
  Batch 3560/5242, Loss: 4.1923, NLL: 4.1923, Coverage: 0.0000
  Batch 3570/5242, Loss: 4.2660, NLL: 4.2660, Coverage: 0.0000
  Batch 3580/5242, Loss: 3.6998, NLL: 3.6998, Coverage: 0.0000
  Batch 3590/5242, Loss: 4.0144, NLL: 4.0144, Coverage: 0.0000
  Batch 3600/5242, Loss: 4.0596, NLL: 4.0596, Coverage: 0.0000
  Batch 3610/5242, Loss: 3.7910, NLL: 3.7910, Coverage: 0.0000
  Batch 3620/5242, Loss: 4.1393, NLL: 4.1393, Coverage: 0.0000
  Batch 3630/5242, Loss: 3.3921, NLL: 3.3921, Coverage: 0.0000
  Batch 3640/5242, Loss: 4.1307, NLL: 4.1307, Coverage: 0.0000
  Batch 3650/5242, Loss: 4.3183, NLL: 4.3183, Coverage: 0.0000
  Batch 3660/5242, Loss: 4.0805, NLL: 4.0805, Coverage: 0.0000
  Batch 3670/5242, Loss: 3.8799, NLL: 3.8799, Coverage: 0.0000
  Batch 3680/5242, Loss: 4.1353, NLL: 4.1353, Coverage: 0.0000
  Batch 3690/5242, Loss: 4.5657, NLL: 4.5657, Coverage: 0.0000
  Batch 3700/5242, Loss: 3.5500, NLL: 3.5500, Coverage: 0.0000
  Batch 3710/5242, Loss: 3.6165, NLL: 3.6165, Coverage: 0.0000
  Batch 3720/5242, Loss: 4.0856, NLL: 4.0856, Coverage: 0.0000
  Batch 3730/5242, Loss: 4.5487, NLL: 4.5487, Coverage: 0.0000
  Batch 3740/5242, Loss: 3.5417, NLL: 3.5417, Coverage: 0.0000
  Batch 3750/5242, Loss: 3.7214, NLL: 3.7214, Coverage: 0.0000
  Batch 3760/5242, Loss: 3.8805, NLL: 3.8805, Coverage: 0.0000
  Batch 3770/5242, Loss: 4.1745, NLL: 4.1745, Coverage: 0.0000
  Batch 3780/5242, Loss: 3.6743, NLL: 3.6743, Coverage: 0.0000
  Batch 3790/5242, Loss: 4.0465, NLL: 4.0465, Coverage: 0.0000
  Batch 3800/5242, Loss: 4.1151, NLL: 4.1151, Coverage: 0.0000
  Batch 3810/5242, Loss: 3.7984, NLL: 3.7984, Coverage: 0.0000
  Batch 3820/5242, Loss: 3.8069, NLL: 3.8069, Coverage: 0.0000
  Batch 3830/5242, Loss: 4.0601, NLL: 4.0601, Coverage: 0.0000
  Batch 3840/5242, Loss: 4.1323, NLL: 4.1323, Coverage: 0.0000
  Batch 3850/5242, Loss: 4.1333, NLL: 4.1333, Coverage: 0.0000
  Batch 3860/5242, Loss: 4.0674, NLL: 4.0674, Coverage: 0.0000
  Batch 3870/5242, Loss: 3.9205, NLL: 3.9205, Coverage: 0.0000
  Batch 3880/5242, Loss: 4.0597, NLL: 4.0597, Coverage: 0.0000
  Batch 3890/5242, Loss: 4.0021, NLL: 4.0021, Coverage: 0.0000
  Batch 3900/5242, Loss: 3.7902, NLL: 3.7902, Coverage: 0.0000
  Batch 3910/5242, Loss: 3.6609, NLL: 3.6609, Coverage: 0.0000
  Batch 3920/5242, Loss: 3.9345, NLL: 3.9345, Coverage: 0.0000
  Batch 3930/5242, Loss: 4.0450, NLL: 4.0450, Coverage: 0.0000
  Batch 3940/5242, Loss: 3.7756, NLL: 3.7756, Coverage: 0.0000
  Batch 3950/5242, Loss: 3.6258, NLL: 3.6258, Coverage: 0.0000
  Batch 3960/5242, Loss: 4.3027, NLL: 4.3027, Coverage: 0.0000
  Batch 3970/5242, Loss: 4.1615, NLL: 4.1615, Coverage: 0.0000
  Batch 3980/5242, Loss: 3.8056, NLL: 3.8056, Coverage: 0.0000
  Batch 3990/5242, Loss: 4.5200, NLL: 4.5200, Coverage: 0.0000
  Batch 4000/5242, Loss: 3.7583, NLL: 3.7583, Coverage: 0.0000
  Batch 4010/5242, Loss: 4.0686, NLL: 4.0686, Coverage: 0.0000
  Batch 4020/5242, Loss: 4.2073, NLL: 4.2073, Coverage: 0.0000
  Batch 4030/5242, Loss: 4.0105, NLL: 4.0105, Coverage: 0.0000
  Batch 4040/5242, Loss: 3.6522, NLL: 3.6522, Coverage: 0.0000
  Batch 4050/5242, Loss: 4.3501, NLL: 4.3501, Coverage: 0.0000
  Batch 4060/5242, Loss: 4.3509, NLL: 4.3509, Coverage: 0.0000
  Batch 4070/5242, Loss: 3.5759, NLL: 3.5759, Coverage: 0.0000
  Batch 4080/5242, Loss: 4.1096, NLL: 4.1096, Coverage: 0.0000
  Batch 4090/5242, Loss: 4.2961, NLL: 4.2961, Coverage: 0.0000
  Batch 4100/5242, Loss: 4.0418, NLL: 4.0418, Coverage: 0.0000
  Batch 4110/5242, Loss: 4.0261, NLL: 4.0261, Coverage: 0.0000
  Batch 4120/5242, Loss: 4.2644, NLL: 4.2644, Coverage: 0.0000
  Batch 4130/5242, Loss: 3.9218, NLL: 3.9218, Coverage: 0.0000
  Batch 4140/5242, Loss: 3.8886, NLL: 3.8886, Coverage: 0.0000
  Batch 4150/5242, Loss: 4.1237, NLL: 4.1237, Coverage: 0.0000
  Batch 4160/5242, Loss: 3.8096, NLL: 3.8096, Coverage: 0.0000
  Batch 4170/5242, Loss: 3.8016, NLL: 3.8016, Coverage: 0.0000
  Batch 4180/5242, Loss: 4.1862, NLL: 4.1862, Coverage: 0.0000
  Batch 4190/5242, Loss: 4.1471, NLL: 4.1471, Coverage: 0.0000
  Batch 4200/5242, Loss: 4.2604, NLL: 4.2604, Coverage: 0.0000
  Batch 4210/5242, Loss: 4.4519, NLL: 4.4519, Coverage: 0.0000
  Batch 4220/5242, Loss: 3.7771, NLL: 3.7771, Coverage: 0.0000
  Batch 4230/5242, Loss: 4.2469, NLL: 4.2469, Coverage: 0.0000
  Batch 4240/5242, Loss: 4.3056, NLL: 4.3056, Coverage: 0.0000
  Batch 4250/5242, Loss: 4.2495, NLL: 4.2495, Coverage: 0.0000
  Batch 4260/5242, Loss: 4.4151, NLL: 4.4151, Coverage: 0.0000
  Batch 4270/5242, Loss: 4.2714, NLL: 4.2714, Coverage: 0.0000
  Batch 4280/5242, Loss: 4.3247, NLL: 4.3247, Coverage: 0.0000
  Batch 4290/5242, Loss: 3.8958, NLL: 3.8958, Coverage: 0.0000
  Batch 4300/5242, Loss: 3.8879, NLL: 3.8879, Coverage: 0.0000
  Batch 4310/5242, Loss: 3.5364, NLL: 3.5364, Coverage: 0.0000
  Batch 4320/5242, Loss: 3.4757, NLL: 3.4757, Coverage: 0.0000
  Batch 4330/5242, Loss: 4.1144, NLL: 4.1144, Coverage: 0.0000
  Batch 4340/5242, Loss: 4.0495, NLL: 4.0495, Coverage: 0.0000
  Batch 4350/5242, Loss: 3.9302, NLL: 3.9302, Coverage: 0.0000
  Batch 4360/5242, Loss: 3.6990, NLL: 3.6990, Coverage: 0.0000
  Batch 4370/5242, Loss: 4.0054, NLL: 4.0054, Coverage: 0.0000
  Batch 4380/5242, Loss: 4.1321, NLL: 4.1321, Coverage: 0.0000
  Batch 4390/5242, Loss: 3.6621, NLL: 3.6621, Coverage: 0.0000
  Batch 4400/5242, Loss: 4.0471, NLL: 4.0471, Coverage: 0.0000
  Batch 4410/5242, Loss: 3.8945, NLL: 3.8945, Coverage: 0.0000
  Batch 4420/5242, Loss: 4.5916, NLL: 4.5916, Coverage: 0.0000
  Batch 4430/5242, Loss: 3.7327, NLL: 3.7327, Coverage: 0.0000
  Batch 4440/5242, Loss: 3.9526, NLL: 3.9526, Coverage: 0.0000
  Batch 4450/5242, Loss: 4.4214, NLL: 4.4214, Coverage: 0.0000
  Batch 4460/5242, Loss: 3.9159, NLL: 3.9159, Coverage: 0.0000
  Batch 4470/5242, Loss: 4.6191, NLL: 4.6191, Coverage: 0.0000
  Batch 4480/5242, Loss: 3.7582, NLL: 3.7582, Coverage: 0.0000
  Batch 4490/5242, Loss: 4.2823, NLL: 4.2823, Coverage: 0.0000
  Batch 4500/5242, Loss: 4.5529, NLL: 4.5529, Coverage: 0.0000
  Batch 4510/5242, Loss: 4.3971, NLL: 4.3971, Coverage: 0.0000
  Batch 4520/5242, Loss: 4.0157, NLL: 4.0157, Coverage: 0.0000
  Batch 4530/5242, Loss: 4.2515, NLL: 4.2515, Coverage: 0.0000
  Batch 4540/5242, Loss: 4.2394, NLL: 4.2394, Coverage: 0.0000
  Batch 4550/5242, Loss: 3.7248, NLL: 3.7248, Coverage: 0.0000
  Batch 4560/5242, Loss: 3.8143, NLL: 3.8143, Coverage: 0.0000
  Batch 4570/5242, Loss: 3.7877, NLL: 3.7877, Coverage: 0.0000
  Batch 4580/5242, Loss: 3.8703, NLL: 3.8703, Coverage: 0.0000
  Batch 4590/5242, Loss: 3.8802, NLL: 3.8802, Coverage: 0.0000
  Batch 4600/5242, Loss: 3.9769, NLL: 3.9769, Coverage: 0.0000
  Batch 4610/5242, Loss: 4.1792, NLL: 4.1792, Coverage: 0.0000
  Batch 4620/5242, Loss: 4.1008, NLL: 4.1008, Coverage: 0.0000
  Batch 4630/5242, Loss: 3.9219, NLL: 3.9219, Coverage: 0.0000
  Batch 4640/5242, Loss: 3.9981, NLL: 3.9981, Coverage: 0.0000
  Batch 4650/5242, Loss: 4.1987, NLL: 4.1987, Coverage: 0.0000
  Batch 4660/5242, Loss: 4.2306, NLL: 4.2306, Coverage: 0.0000
  Batch 4670/5242, Loss: 4.4911, NLL: 4.4911, Coverage: 0.0000
  Batch 4680/5242, Loss: 3.8573, NLL: 3.8573, Coverage: 0.0000
  Batch 4690/5242, Loss: 3.5744, NLL: 3.5744, Coverage: 0.0000
  Batch 4700/5242, Loss: 4.2091, NLL: 4.2091, Coverage: 0.0000
  Batch 4710/5242, Loss: 3.7820, NLL: 3.7820, Coverage: 0.0000
  Batch 4720/5242, Loss: 4.3726, NLL: 4.3726, Coverage: 0.0000
  Batch 4730/5242, Loss: 3.9410, NLL: 3.9410, Coverage: 0.0000
  Batch 4740/5242, Loss: 4.3909, NLL: 4.3909, Coverage: 0.0000
  Batch 4750/5242, Loss: 4.0483, NLL: 4.0483, Coverage: 0.0000
  Batch 4760/5242, Loss: 4.3360, NLL: 4.3360, Coverage: 0.0000
  Batch 4770/5242, Loss: 3.8245, NLL: 3.8245, Coverage: 0.0000
  Batch 4780/5242, Loss: 4.2197, NLL: 4.2197, Coverage: 0.0000
  Batch 4790/5242, Loss: 4.2344, NLL: 4.2344, Coverage: 0.0000
  Batch 4800/5242, Loss: 4.3237, NLL: 4.3237, Coverage: 0.0000
  Batch 4810/5242, Loss: 4.1720, NLL: 4.1720, Coverage: 0.0000
  Batch 4820/5242, Loss: 3.8611, NLL: 3.8611, Coverage: 0.0000
  Batch 4830/5242, Loss: 4.2504, NLL: 4.2504, Coverage: 0.0000
  Batch 4840/5242, Loss: 4.0714, NLL: 4.0714, Coverage: 0.0000
  Batch 4850/5242, Loss: 3.7828, NLL: 3.7828, Coverage: 0.0000
  Batch 4860/5242, Loss: 3.9730, NLL: 3.9730, Coverage: 0.0000
  Batch 4870/5242, Loss: 4.5315, NLL: 4.5315, Coverage: 0.0000
  Batch 4880/5242, Loss: 4.4697, NLL: 4.4697, Coverage: 0.0000
  Batch 4890/5242, Loss: 4.0521, NLL: 4.0521, Coverage: 0.0000
  Batch 4900/5242, Loss: 3.6064, NLL: 3.6064, Coverage: 0.0000
  Batch 4910/5242, Loss: 4.3202, NLL: 4.3202, Coverage: 0.0000
  Batch 4920/5242, Loss: 4.0557, NLL: 4.0557, Coverage: 0.0000
  Batch 4930/5242, Loss: 4.0436, NLL: 4.0436, Coverage: 0.0000
  Batch 4940/5242, Loss: 3.9999, NLL: 3.9999, Coverage: 0.0000
  Batch 4950/5242, Loss: 3.6440, NLL: 3.6440, Coverage: 0.0000
  Batch 4960/5242, Loss: 4.0313, NLL: 4.0313, Coverage: 0.0000
  Batch 4970/5242, Loss: 3.9019, NLL: 3.9019, Coverage: 0.0000
  Batch 4980/5242, Loss: 3.9084, NLL: 3.9084, Coverage: 0.0000
  Batch 4990/5242, Loss: 3.6509, NLL: 3.6509, Coverage: 0.0000
  Batch 5000/5242, Loss: 3.5560, NLL: 3.5560, Coverage: 0.0000
  Batch 5010/5242, Loss: 3.9395, NLL: 3.9395, Coverage: 0.0000
  Batch 5020/5242, Loss: 4.1793, NLL: 4.1793, Coverage: 0.0000
  Batch 5030/5242, Loss: 4.1290, NLL: 4.1290, Coverage: 0.0000
  Batch 5040/5242, Loss: 4.1402, NLL: 4.1402, Coverage: 0.0000
  Batch 5050/5242, Loss: 4.1385, NLL: 4.1385, Coverage: 0.0000
  Batch 5060/5242, Loss: 4.2797, NLL: 4.2797, Coverage: 0.0000
  Batch 5070/5242, Loss: 4.1735, NLL: 4.1735, Coverage: 0.0000
  Batch 5080/5242, Loss: 3.8222, NLL: 3.8222, Coverage: 0.0000
  Batch 5090/5242, Loss: 3.9783, NLL: 3.9783, Coverage: 0.0000
  Batch 5100/5242, Loss: 3.8523, NLL: 3.8523, Coverage: 0.0000
  Batch 5110/5242, Loss: 3.5720, NLL: 3.5720, Coverage: 0.0000
  Batch 5120/5242, Loss: 3.9365, NLL: 3.9365, Coverage: 0.0000
  Batch 5130/5242, Loss: 3.4785, NLL: 3.4785, Coverage: 0.0000
  Batch 5140/5242, Loss: 4.0790, NLL: 4.0790, Coverage: 0.0000
  Batch 5150/5242, Loss: 4.4883, NLL: 4.4883, Coverage: 0.0000
  Batch 5160/5242, Loss: 4.0209, NLL: 4.0209, Coverage: 0.0000
  Batch 5170/5242, Loss: 3.9433, NLL: 3.9433, Coverage: 0.0000
  Batch 5180/5242, Loss: 4.0393, NLL: 4.0393, Coverage: 0.0000
  Batch 5190/5242, Loss: 4.2812, NLL: 4.2812, Coverage: 0.0000
  Batch 5200/5242, Loss: 3.9352, NLL: 3.9352, Coverage: 0.0000
  Batch 5210/5242, Loss: 3.6773, NLL: 3.6773, Coverage: 0.0000
  Batch 5220/5242, Loss: 3.6796, NLL: 3.6796, Coverage: 0.0000
  Batch 5230/5242, Loss: 3.6808, NLL: 3.6808, Coverage: 0.0000
  Batch 5240/5242, Loss: 3.9102, NLL: 3.9102, Coverage: 0.0000

  Train Loss: 3.9764 (NLL: 3.9764, Cov: 0.0000)
  Val Loss: 6.3816 (NLL: 6.3816, Cov: 0.0000)
  Time: 34m 6s

Epoch 14/20
----------------------------------------
  Batch 10/5242, Loss: 3.8248, NLL: 3.8248, Coverage: 0.0000
  Batch 20/5242, Loss: 3.8334, NLL: 3.8334, Coverage: 0.0000
  Batch 30/5242, Loss: 3.4231, NLL: 3.4231, Coverage: 0.0000
  Batch 40/5242, Loss: 4.0270, NLL: 4.0270, Coverage: 0.0000
  Batch 50/5242, Loss: 4.1494, NLL: 4.1494, Coverage: 0.0000
  Batch 60/5242, Loss: 3.6198, NLL: 3.6198, Coverage: 0.0000
  Batch 70/5242, Loss: 3.6063, NLL: 3.6063, Coverage: 0.0000
  Batch 80/5242, Loss: 3.7230, NLL: 3.7230, Coverage: 0.0000
  Batch 90/5242, Loss: 3.9952, NLL: 3.9952, Coverage: 0.0000
  Batch 100/5242, Loss: 4.2718, NLL: 4.2718, Coverage: 0.0000
  Batch 110/5242, Loss: 4.2140, NLL: 4.2140, Coverage: 0.0000
  Batch 120/5242, Loss: 3.9154, NLL: 3.9154, Coverage: 0.0000
  Batch 130/5242, Loss: 3.9992, NLL: 3.9992, Coverage: 0.0000
  Batch 140/5242, Loss: 4.2125, NLL: 4.2125, Coverage: 0.0000
  Batch 150/5242, Loss: 4.0876, NLL: 4.0876, Coverage: 0.0000
  Batch 160/5242, Loss: 4.1036, NLL: 4.1036, Coverage: 0.0000
  Batch 170/5242, Loss: 3.7645, NLL: 3.7645, Coverage: 0.0000
  Batch 180/5242, Loss: 3.5723, NLL: 3.5723, Coverage: 0.0000
  Batch 190/5242, Loss: 3.5339, NLL: 3.5339, Coverage: 0.0000
  Batch 200/5242, Loss: 3.8930, NLL: 3.8930, Coverage: 0.0000
  Batch 210/5242, Loss: 4.1187, NLL: 4.1187, Coverage: 0.0000
  Batch 220/5242, Loss: 3.6856, NLL: 3.6856, Coverage: 0.0000
  Batch 230/5242, Loss: 4.0897, NLL: 4.0897, Coverage: 0.0000
  Batch 240/5242, Loss: 4.3347, NLL: 4.3347, Coverage: 0.0000
  Batch 250/5242, Loss: 3.6933, NLL: 3.6933, Coverage: 0.0000
  Batch 260/5242, Loss: 3.8441, NLL: 3.8441, Coverage: 0.0000
  Batch 270/5242, Loss: 3.2736, NLL: 3.2736, Coverage: 0.0000
  Batch 280/5242, Loss: 4.0935, NLL: 4.0935, Coverage: 0.0000
  Batch 290/5242, Loss: 3.8366, NLL: 3.8366, Coverage: 0.0000
  Batch 300/5242, Loss: 4.1708, NLL: 4.1708, Coverage: 0.0000
  Batch 310/5242, Loss: 4.3787, NLL: 4.3787, Coverage: 0.0000
  Batch 320/5242, Loss: 4.2410, NLL: 4.2410, Coverage: 0.0000
  Batch 330/5242, Loss: 3.5262, NLL: 3.5262, Coverage: 0.0000
  Batch 340/5242, Loss: 4.3692, NLL: 4.3692, Coverage: 0.0000
  Batch 350/5242, Loss: 3.8373, NLL: 3.8373, Coverage: 0.0000
  Batch 360/5242, Loss: 3.9253, NLL: 3.9253, Coverage: 0.0000
  Batch 370/5242, Loss: 3.9911, NLL: 3.9911, Coverage: 0.0000
  Batch 380/5242, Loss: 4.1295, NLL: 4.1295, Coverage: 0.0000
  Batch 390/5242, Loss: 3.9948, NLL: 3.9948, Coverage: 0.0000
  Batch 400/5242, Loss: 3.8364, NLL: 3.8364, Coverage: 0.0000
  Batch 410/5242, Loss: 3.6740, NLL: 3.6740, Coverage: 0.0000
  Batch 420/5242, Loss: 3.9335, NLL: 3.9335, Coverage: 0.0000
  Batch 430/5242, Loss: 3.5423, NLL: 3.5423, Coverage: 0.0000
  Batch 440/5242, Loss: 4.0960, NLL: 4.0960, Coverage: 0.0000
  Batch 450/5242, Loss: 4.2896, NLL: 4.2896, Coverage: 0.0000
  Batch 460/5242, Loss: 4.0168, NLL: 4.0168, Coverage: 0.0000
  Batch 470/5242, Loss: 4.2217, NLL: 4.2217, Coverage: 0.0000
  Batch 480/5242, Loss: 4.3876, NLL: 4.3876, Coverage: 0.0000
  Batch 490/5242, Loss: 4.4503, NLL: 4.4503, Coverage: 0.0000
  Batch 500/5242, Loss: 4.1485, NLL: 4.1485, Coverage: 0.0000
  Batch 510/5242, Loss: 3.8655, NLL: 3.8655, Coverage: 0.0000
  Batch 520/5242, Loss: 3.7947, NLL: 3.7947, Coverage: 0.0000
  Batch 530/5242, Loss: 4.3698, NLL: 4.3698, Coverage: 0.0000
  Batch 540/5242, Loss: 3.4586, NLL: 3.4586, Coverage: 0.0000
  Batch 550/5242, Loss: 4.2406, NLL: 4.2406, Coverage: 0.0000
  Batch 560/5242, Loss: 4.2754, NLL: 4.2754, Coverage: 0.0000
  Batch 570/5242, Loss: 3.6864, NLL: 3.6864, Coverage: 0.0000
  Batch 580/5242, Loss: 3.9954, NLL: 3.9954, Coverage: 0.0000
  Batch 590/5242, Loss: 3.8593, NLL: 3.8593, Coverage: 0.0000
  Batch 600/5242, Loss: 4.0926, NLL: 4.0926, Coverage: 0.0000
  Batch 610/5242, Loss: 3.7632, NLL: 3.7632, Coverage: 0.0000
  Batch 620/5242, Loss: 4.2181, NLL: 4.2181, Coverage: 0.0000
  Batch 630/5242, Loss: 3.8103, NLL: 3.8103, Coverage: 0.0000
  Batch 640/5242, Loss: 3.9994, NLL: 3.9994, Coverage: 0.0000
  Batch 650/5242, Loss: 3.7062, NLL: 3.7062, Coverage: 0.0000
  Batch 660/5242, Loss: 4.0500, NLL: 4.0500, Coverage: 0.0000
  Batch 670/5242, Loss: 3.5004, NLL: 3.5004, Coverage: 0.0000
  Batch 680/5242, Loss: 3.4668, NLL: 3.4668, Coverage: 0.0000
  Batch 690/5242, Loss: 4.0702, NLL: 4.0702, Coverage: 0.0000
  Batch 700/5242, Loss: 3.7814, NLL: 3.7814, Coverage: 0.0000
  Batch 710/5242, Loss: 4.1068, NLL: 4.1068, Coverage: 0.0000
  Batch 720/5242, Loss: 3.3643, NLL: 3.3643, Coverage: 0.0000
  Batch 730/5242, Loss: 3.8409, NLL: 3.8409, Coverage: 0.0000
  Batch 740/5242, Loss: 4.0152, NLL: 4.0152, Coverage: 0.0000
  Batch 750/5242, Loss: 4.2604, NLL: 4.2604, Coverage: 0.0000
  Batch 760/5242, Loss: 4.1541, NLL: 4.1541, Coverage: 0.0000
  Batch 770/5242, Loss: 4.1308, NLL: 4.1308, Coverage: 0.0000
  Batch 780/5242, Loss: 4.0393, NLL: 4.0393, Coverage: 0.0000
  Batch 790/5242, Loss: 3.5272, NLL: 3.5272, Coverage: 0.0000
  Batch 800/5242, Loss: 3.8281, NLL: 3.8281, Coverage: 0.0000
  Batch 810/5242, Loss: 3.6943, NLL: 3.6943, Coverage: 0.0000
  Batch 820/5242, Loss: 4.1430, NLL: 4.1430, Coverage: 0.0000
  Batch 830/5242, Loss: 3.4693, NLL: 3.4693, Coverage: 0.0000
  Batch 840/5242, Loss: 3.7553, NLL: 3.7553, Coverage: 0.0000
  Batch 850/5242, Loss: 4.0981, NLL: 4.0981, Coverage: 0.0000
  Batch 860/5242, Loss: 4.2079, NLL: 4.2079, Coverage: 0.0000
  Batch 870/5242, Loss: 3.9684, NLL: 3.9684, Coverage: 0.0000
  Batch 880/5242, Loss: 3.6875, NLL: 3.6875, Coverage: 0.0000
  Batch 890/5242, Loss: 4.1649, NLL: 4.1649, Coverage: 0.0000
  Batch 900/5242, Loss: 4.0884, NLL: 4.0884, Coverage: 0.0000
  Batch 910/5242, Loss: 3.8784, NLL: 3.8784, Coverage: 0.0000
  Batch 920/5242, Loss: 3.8259, NLL: 3.8259, Coverage: 0.0000
  Batch 930/5242, Loss: 3.8121, NLL: 3.8121, Coverage: 0.0000
  Batch 940/5242, Loss: 3.6432, NLL: 3.6432, Coverage: 0.0000
  Batch 950/5242, Loss: 4.1173, NLL: 4.1173, Coverage: 0.0000
  Batch 960/5242, Loss: 3.8616, NLL: 3.8616, Coverage: 0.0000
  Batch 970/5242, Loss: 3.8616, NLL: 3.8616, Coverage: 0.0000
  Batch 980/5242, Loss: 4.2656, NLL: 4.2656, Coverage: 0.0000
  Batch 990/5242, Loss: 3.7509, NLL: 3.7509, Coverage: 0.0000
  Batch 1000/5242, Loss: 3.9284, NLL: 3.9284, Coverage: 0.0000
  Batch 1010/5242, Loss: 4.0219, NLL: 4.0219, Coverage: 0.0000
  Batch 1020/5242, Loss: 3.2669, NLL: 3.2669, Coverage: 0.0000
  Batch 1030/5242, Loss: 3.9574, NLL: 3.9574, Coverage: 0.0000
  Batch 1040/5242, Loss: 3.8864, NLL: 3.8864, Coverage: 0.0000
  Batch 1050/5242, Loss: 3.8265, NLL: 3.8265, Coverage: 0.0000
  Batch 1060/5242, Loss: 4.6732, NLL: 4.6732, Coverage: 0.0000
  Batch 1070/5242, Loss: 3.8429, NLL: 3.8429, Coverage: 0.0000
  Batch 1080/5242, Loss: 3.7413, NLL: 3.7413, Coverage: 0.0000
  Batch 1090/5242, Loss: 3.4781, NLL: 3.4781, Coverage: 0.0000
  Batch 1100/5242, Loss: 4.1763, NLL: 4.1763, Coverage: 0.0000
  Batch 1110/5242, Loss: 3.7765, NLL: 3.7765, Coverage: 0.0000
  Batch 1120/5242, Loss: 3.7642, NLL: 3.7642, Coverage: 0.0000
  Batch 1130/5242, Loss: 3.8653, NLL: 3.8653, Coverage: 0.0000
  Batch 1140/5242, Loss: 3.8134, NLL: 3.8134, Coverage: 0.0000
  Batch 1150/5242, Loss: 3.6629, NLL: 3.6629, Coverage: 0.0000
  Batch 1160/5242, Loss: 3.9275, NLL: 3.9275, Coverage: 0.0000
  Batch 1170/5242, Loss: 3.7980, NLL: 3.7980, Coverage: 0.0000
  Batch 1180/5242, Loss: 3.6239, NLL: 3.6239, Coverage: 0.0000
  Batch 1190/5242, Loss: 3.8007, NLL: 3.8007, Coverage: 0.0000
  Batch 1200/5242, Loss: 3.7764, NLL: 3.7764, Coverage: 0.0000
  Batch 1210/5242, Loss: 4.0498, NLL: 4.0498, Coverage: 0.0000
  Batch 1220/5242, Loss: 3.8368, NLL: 3.8368, Coverage: 0.0000
  Batch 1230/5242, Loss: 4.7845, NLL: 4.7845, Coverage: 0.0000
  Batch 1240/5242, Loss: 3.8574, NLL: 3.8574, Coverage: 0.0000
  Batch 1250/5242, Loss: 3.9412, NLL: 3.9412, Coverage: 0.0000
  Batch 1260/5242, Loss: 3.6340, NLL: 3.6340, Coverage: 0.0000
  Batch 1270/5242, Loss: 3.9686, NLL: 3.9686, Coverage: 0.0000
  Batch 1280/5242, Loss: 3.8453, NLL: 3.8453, Coverage: 0.0000
  Batch 1290/5242, Loss: 4.0758, NLL: 4.0758, Coverage: 0.0000
  Batch 1300/5242, Loss: 3.6395, NLL: 3.6395, Coverage: 0.0000
  Batch 1310/5242, Loss: 4.2929, NLL: 4.2929, Coverage: 0.0000
  Batch 1320/5242, Loss: 4.4463, NLL: 4.4463, Coverage: 0.0000
  Batch 1330/5242, Loss: 3.7345, NLL: 3.7345, Coverage: 0.0000
  Batch 1340/5242, Loss: 3.6617, NLL: 3.6617, Coverage: 0.0000
  Batch 1350/5242, Loss: 4.1832, NLL: 4.1832, Coverage: 0.0000
  Batch 1360/5242, Loss: 3.9089, NLL: 3.9089, Coverage: 0.0000
  Batch 1370/5242, Loss: 3.5178, NLL: 3.5178, Coverage: 0.0000
  Batch 1380/5242, Loss: 3.1794, NLL: 3.1794, Coverage: 0.0000
  Batch 1390/5242, Loss: 4.0924, NLL: 4.0924, Coverage: 0.0000
  Batch 1400/5242, Loss: 4.2693, NLL: 4.2693, Coverage: 0.0000
  Batch 1410/5242, Loss: 4.1565, NLL: 4.1565, Coverage: 0.0000
  Batch 1420/5242, Loss: 4.2546, NLL: 4.2546, Coverage: 0.0000
  Batch 1430/5242, Loss: 4.1259, NLL: 4.1259, Coverage: 0.0000
  Batch 1440/5242, Loss: 4.1914, NLL: 4.1914, Coverage: 0.0000
  Batch 1450/5242, Loss: 4.0559, NLL: 4.0559, Coverage: 0.0000
  Batch 1460/5242, Loss: 4.1105, NLL: 4.1105, Coverage: 0.0000
  Batch 1470/5242, Loss: 4.2134, NLL: 4.2134, Coverage: 0.0000
  Batch 1480/5242, Loss: 3.6411, NLL: 3.6411, Coverage: 0.0000
  Batch 1490/5242, Loss: 3.5555, NLL: 3.5555, Coverage: 0.0000
  Batch 1500/5242, Loss: 3.9269, NLL: 3.9269, Coverage: 0.0000
  Batch 1510/5242, Loss: 3.7263, NLL: 3.7263, Coverage: 0.0000
  Batch 1520/5242, Loss: 3.6804, NLL: 3.6804, Coverage: 0.0000
  Batch 1530/5242, Loss: 4.0451, NLL: 4.0451, Coverage: 0.0000
  Batch 1540/5242, Loss: 3.4101, NLL: 3.4101, Coverage: 0.0000
  Batch 1550/5242, Loss: 3.8171, NLL: 3.8171, Coverage: 0.0000
  Batch 1560/5242, Loss: 3.5316, NLL: 3.5316, Coverage: 0.0000
  Batch 1570/5242, Loss: 4.0738, NLL: 4.0738, Coverage: 0.0000
  Batch 1580/5242, Loss: 3.9542, NLL: 3.9542, Coverage: 0.0000
  Batch 1590/5242, Loss: 4.4973, NLL: 4.4973, Coverage: 0.0000
  Batch 1600/5242, Loss: 4.3773, NLL: 4.3773, Coverage: 0.0000
  Batch 1610/5242, Loss: 3.9597, NLL: 3.9597, Coverage: 0.0000
  Batch 1620/5242, Loss: 3.9233, NLL: 3.9233, Coverage: 0.0000
  Batch 1630/5242, Loss: 3.5032, NLL: 3.5032, Coverage: 0.0000
  Batch 1640/5242, Loss: 3.8562, NLL: 3.8562, Coverage: 0.0000
  Batch 1650/5242, Loss: 3.6314, NLL: 3.6314, Coverage: 0.0000
  Batch 1660/5242, Loss: 3.8402, NLL: 3.8402, Coverage: 0.0000
  Batch 1670/5242, Loss: 3.7007, NLL: 3.7007, Coverage: 0.0000
  Batch 1680/5242, Loss: 3.7112, NLL: 3.7112, Coverage: 0.0000
  Batch 1690/5242, Loss: 3.8271, NLL: 3.8271, Coverage: 0.0000
  Batch 1700/5242, Loss: 4.2260, NLL: 4.2260, Coverage: 0.0000
  Batch 1710/5242, Loss: 3.8026, NLL: 3.8026, Coverage: 0.0000
  Batch 1720/5242, Loss: 3.9334, NLL: 3.9334, Coverage: 0.0000
  Batch 1730/5242, Loss: 4.5416, NLL: 4.5416, Coverage: 0.0000
  Batch 1740/5242, Loss: 4.0265, NLL: 4.0265, Coverage: 0.0000
  Batch 1750/5242, Loss: 4.4172, NLL: 4.4172, Coverage: 0.0000
  Batch 1760/5242, Loss: 4.3198, NLL: 4.3198, Coverage: 0.0000
  Batch 1770/5242, Loss: 3.9791, NLL: 3.9791, Coverage: 0.0000
  Batch 1780/5242, Loss: 4.2649, NLL: 4.2649, Coverage: 0.0000
  Batch 1790/5242, Loss: 4.3974, NLL: 4.3974, Coverage: 0.0000
  Batch 1800/5242, Loss: 4.3800, NLL: 4.3800, Coverage: 0.0000
  Batch 1810/5242, Loss: 4.1469, NLL: 4.1469, Coverage: 0.0000
  Batch 1820/5242, Loss: 4.3644, NLL: 4.3644, Coverage: 0.0000
  Batch 1830/5242, Loss: 3.4991, NLL: 3.4991, Coverage: 0.0000
  Batch 1840/5242, Loss: 3.9548, NLL: 3.9548, Coverage: 0.0000
  Batch 1850/5242, Loss: 3.9451, NLL: 3.9451, Coverage: 0.0000
  Batch 1860/5242, Loss: 3.8799, NLL: 3.8799, Coverage: 0.0000
  Batch 1870/5242, Loss: 3.7587, NLL: 3.7587, Coverage: 0.0000
  Batch 1880/5242, Loss: 3.4267, NLL: 3.4267, Coverage: 0.0000
  Batch 1890/5242, Loss: 4.2578, NLL: 4.2578, Coverage: 0.0000
  Batch 1900/5242, Loss: 3.6993, NLL: 3.6993, Coverage: 0.0000
  Batch 1910/5242, Loss: 3.7347, NLL: 3.7347, Coverage: 0.0000
  Batch 1920/5242, Loss: 3.7402, NLL: 3.7402, Coverage: 0.0000
  Batch 1930/5242, Loss: 3.6418, NLL: 3.6418, Coverage: 0.0000
  Batch 1940/5242, Loss: 3.7779, NLL: 3.7779, Coverage: 0.0000
  Batch 1950/5242, Loss: 3.6237, NLL: 3.6237, Coverage: 0.0000
  Batch 1960/5242, Loss: 4.0854, NLL: 4.0854, Coverage: 0.0000
  Batch 1970/5242, Loss: 4.2204, NLL: 4.2204, Coverage: 0.0000
  Batch 1980/5242, Loss: 4.0773, NLL: 4.0773, Coverage: 0.0000
  Batch 1990/5242, Loss: 4.3889, NLL: 4.3889, Coverage: 0.0000
  Batch 2000/5242, Loss: 4.0306, NLL: 4.0306, Coverage: 0.0000
  Batch 2010/5242, Loss: 3.3022, NLL: 3.3022, Coverage: 0.0000
  Batch 2020/5242, Loss: 4.3338, NLL: 4.3338, Coverage: 0.0000
  Batch 2030/5242, Loss: 4.1555, NLL: 4.1555, Coverage: 0.0000
  Batch 2040/5242, Loss: 4.1716, NLL: 4.1716, Coverage: 0.0000
  Batch 2050/5242, Loss: 3.7793, NLL: 3.7793, Coverage: 0.0000
  Batch 2060/5242, Loss: 3.4894, NLL: 3.4894, Coverage: 0.0000
  Batch 2070/5242, Loss: 3.6248, NLL: 3.6248, Coverage: 0.0000
  Batch 2080/5242, Loss: 3.9192, NLL: 3.9192, Coverage: 0.0000
  Batch 2090/5242, Loss: 4.0524, NLL: 4.0524, Coverage: 0.0000
  Batch 2100/5242, Loss: 3.9393, NLL: 3.9393, Coverage: 0.0000
  Batch 2110/5242, Loss: 3.6890, NLL: 3.6890, Coverage: 0.0000
  Batch 2120/5242, Loss: 4.0087, NLL: 4.0087, Coverage: 0.0000
  Batch 2130/5242, Loss: 4.1583, NLL: 4.1583, Coverage: 0.0000
  Batch 2140/5242, Loss: 3.8374, NLL: 3.8374, Coverage: 0.0000
  Batch 2150/5242, Loss: 4.1648, NLL: 4.1648, Coverage: 0.0000
  Batch 2160/5242, Loss: 4.0234, NLL: 4.0234, Coverage: 0.0000
  Batch 2170/5242, Loss: 4.1263, NLL: 4.1263, Coverage: 0.0000
  Batch 2180/5242, Loss: 4.1063, NLL: 4.1063, Coverage: 0.0000
  Batch 2190/5242, Loss: 3.4335, NLL: 3.4335, Coverage: 0.0000
  Batch 2200/5242, Loss: 3.8331, NLL: 3.8331, Coverage: 0.0000
  Batch 2210/5242, Loss: 4.1439, NLL: 4.1439, Coverage: 0.0000
  Batch 2220/5242, Loss: 3.9208, NLL: 3.9208, Coverage: 0.0000
  Batch 2230/5242, Loss: 4.1151, NLL: 4.1151, Coverage: 0.0000
  Batch 2240/5242, Loss: 3.7470, NLL: 3.7470, Coverage: 0.0000
  Batch 2250/5242, Loss: 4.2632, NLL: 4.2632, Coverage: 0.0000
  Batch 2260/5242, Loss: 3.7319, NLL: 3.7319, Coverage: 0.0000
  Batch 2270/5242, Loss: 3.6094, NLL: 3.6094, Coverage: 0.0000
  Batch 2280/5242, Loss: 3.6732, NLL: 3.6732, Coverage: 0.0000
  Batch 2290/5242, Loss: 4.0612, NLL: 4.0612, Coverage: 0.0000
  Batch 2300/5242, Loss: 4.1044, NLL: 4.1044, Coverage: 0.0000
  Batch 2310/5242, Loss: 3.7705, NLL: 3.7705, Coverage: 0.0000
  Batch 2320/5242, Loss: 4.1173, NLL: 4.1173, Coverage: 0.0000
  Batch 2330/5242, Loss: 4.4381, NLL: 4.4381, Coverage: 0.0000
  Batch 2340/5242, Loss: 3.9119, NLL: 3.9119, Coverage: 0.0000
  Batch 2350/5242, Loss: 3.9426, NLL: 3.9426, Coverage: 0.0000
  Batch 2360/5242, Loss: 3.5826, NLL: 3.5826, Coverage: 0.0000
  Batch 2370/5242, Loss: 3.6606, NLL: 3.6606, Coverage: 0.0000
  Batch 2380/5242, Loss: 4.3254, NLL: 4.3254, Coverage: 0.0000
  Batch 2390/5242, Loss: 4.0868, NLL: 4.0868, Coverage: 0.0000
  Batch 2400/5242, Loss: 4.2487, NLL: 4.2487, Coverage: 0.0000
  Batch 2410/5242, Loss: 3.6793, NLL: 3.6793, Coverage: 0.0000
  Batch 2420/5242, Loss: 3.9077, NLL: 3.9077, Coverage: 0.0000
  Batch 2430/5242, Loss: 4.2444, NLL: 4.2444, Coverage: 0.0000
  Batch 2440/5242, Loss: 3.7297, NLL: 3.7297, Coverage: 0.0000
  Batch 2450/5242, Loss: 4.0432, NLL: 4.0432, Coverage: 0.0000
  Batch 2460/5242, Loss: 3.1786, NLL: 3.1786, Coverage: 0.0000
  Batch 2470/5242, Loss: 4.1053, NLL: 4.1053, Coverage: 0.0000
  Batch 2480/5242, Loss: 3.8970, NLL: 3.8970, Coverage: 0.0000
  Batch 2490/5242, Loss: 3.8669, NLL: 3.8669, Coverage: 0.0000
  Batch 2500/5242, Loss: 3.9452, NLL: 3.9452, Coverage: 0.0000
  Batch 2510/5242, Loss: 3.7545, NLL: 3.7545, Coverage: 0.0000
  Batch 2520/5242, Loss: 4.0589, NLL: 4.0589, Coverage: 0.0000
  Batch 2530/5242, Loss: 3.5651, NLL: 3.5651, Coverage: 0.0000
  Batch 2540/5242, Loss: 3.8504, NLL: 3.8504, Coverage: 0.0000
  Batch 2550/5242, Loss: 3.6644, NLL: 3.6644, Coverage: 0.0000
  Batch 2560/5242, Loss: 4.0984, NLL: 4.0984, Coverage: 0.0000
  Batch 2570/5242, Loss: 3.8059, NLL: 3.8059, Coverage: 0.0000
  Batch 2580/5242, Loss: 3.9077, NLL: 3.9077, Coverage: 0.0000
  Batch 2590/5242, Loss: 4.0407, NLL: 4.0407, Coverage: 0.0000
  Batch 2600/5242, Loss: 3.7425, NLL: 3.7425, Coverage: 0.0000
  Batch 2610/5242, Loss: 3.6420, NLL: 3.6420, Coverage: 0.0000
  Batch 2620/5242, Loss: 4.1882, NLL: 4.1882, Coverage: 0.0000
  Batch 2630/5242, Loss: 3.8581, NLL: 3.8581, Coverage: 0.0000
  Batch 2640/5242, Loss: 4.0487, NLL: 4.0487, Coverage: 0.0000
  Batch 2650/5242, Loss: 3.7191, NLL: 3.7191, Coverage: 0.0000
  Batch 2660/5242, Loss: 4.0060, NLL: 4.0060, Coverage: 0.0000
  Batch 2670/5242, Loss: 3.6759, NLL: 3.6759, Coverage: 0.0000
  Batch 2680/5242, Loss: 4.0869, NLL: 4.0869, Coverage: 0.0000
  Batch 2690/5242, Loss: 3.9458, NLL: 3.9458, Coverage: 0.0000
  Batch 2700/5242, Loss: 3.7907, NLL: 3.7907, Coverage: 0.0000
  Batch 2710/5242, Loss: 3.9015, NLL: 3.9015, Coverage: 0.0000
  Batch 2720/5242, Loss: 4.4342, NLL: 4.4342, Coverage: 0.0000
  Batch 2730/5242, Loss: 3.6642, NLL: 3.6642, Coverage: 0.0000
  Batch 2740/5242, Loss: 3.8769, NLL: 3.8769, Coverage: 0.0000
  Batch 2750/5242, Loss: 3.6440, NLL: 3.6440, Coverage: 0.0000
  Batch 2760/5242, Loss: 4.0848, NLL: 4.0848, Coverage: 0.0000
  Batch 2770/5242, Loss: 4.6898, NLL: 4.6898, Coverage: 0.0000
  Batch 2780/5242, Loss: 3.7182, NLL: 3.7182, Coverage: 0.0000
  Batch 2790/5242, Loss: 4.8548, NLL: 4.8548, Coverage: 0.0000
  Batch 2800/5242, Loss: 4.3867, NLL: 4.3867, Coverage: 0.0000
  Batch 2810/5242, Loss: 4.0695, NLL: 4.0695, Coverage: 0.0000
  Batch 2820/5242, Loss: 3.7010, NLL: 3.7010, Coverage: 0.0000
  Batch 2830/5242, Loss: 4.1687, NLL: 4.1687, Coverage: 0.0000
  Batch 2840/5242, Loss: 4.0289, NLL: 4.0289, Coverage: 0.0000
  Batch 2850/5242, Loss: 4.0720, NLL: 4.0720, Coverage: 0.0000
  Batch 2860/5242, Loss: 3.6441, NLL: 3.6441, Coverage: 0.0000
  Batch 2870/5242, Loss: 3.8522, NLL: 3.8522, Coverage: 0.0000
  Batch 2880/5242, Loss: 4.0814, NLL: 4.0814, Coverage: 0.0000
  Batch 2890/5242, Loss: 3.8595, NLL: 3.8595, Coverage: 0.0000
  Batch 2900/5242, Loss: 4.1524, NLL: 4.1524, Coverage: 0.0000
  Batch 2910/5242, Loss: 4.2837, NLL: 4.2837, Coverage: 0.0000
  Batch 2920/5242, Loss: 4.1511, NLL: 4.1511, Coverage: 0.0000
  Batch 2930/5242, Loss: 3.6288, NLL: 3.6288, Coverage: 0.0000
  Batch 2940/5242, Loss: 3.6223, NLL: 3.6223, Coverage: 0.0000
  Batch 2950/5242, Loss: 3.6890, NLL: 3.6890, Coverage: 0.0000
  Batch 2960/5242, Loss: 3.8944, NLL: 3.8944, Coverage: 0.0000
  Batch 2970/5242, Loss: 3.8528, NLL: 3.8528, Coverage: 0.0000
  Batch 2980/5242, Loss: 4.1332, NLL: 4.1332, Coverage: 0.0000
  Batch 2990/5242, Loss: 3.9984, NLL: 3.9984, Coverage: 0.0000
  Batch 3000/5242, Loss: 3.5985, NLL: 3.5985, Coverage: 0.0000
  Batch 3010/5242, Loss: 3.7668, NLL: 3.7668, Coverage: 0.0000
  Batch 3020/5242, Loss: 4.6767, NLL: 4.6767, Coverage: 0.0000
  Batch 3030/5242, Loss: 3.7340, NLL: 3.7340, Coverage: 0.0000
  Batch 3040/5242, Loss: 4.2565, NLL: 4.2565, Coverage: 0.0000
  Batch 3050/5242, Loss: 3.9156, NLL: 3.9156, Coverage: 0.0000
  Batch 3060/5242, Loss: 3.9638, NLL: 3.9638, Coverage: 0.0000
  Batch 3070/5242, Loss: 4.2544, NLL: 4.2544, Coverage: 0.0000
  Batch 3080/5242, Loss: 3.8989, NLL: 3.8989, Coverage: 0.0000
  Batch 3090/5242, Loss: 4.3727, NLL: 4.3727, Coverage: 0.0000
  Batch 3100/5242, Loss: 3.5731, NLL: 3.5731, Coverage: 0.0000
  Batch 3110/5242, Loss: 4.1503, NLL: 4.1503, Coverage: 0.0000
  Batch 3120/5242, Loss: 4.2249, NLL: 4.2249, Coverage: 0.0000
  Batch 3130/5242, Loss: 3.8291, NLL: 3.8291, Coverage: 0.0000
  Batch 3140/5242, Loss: 3.8241, NLL: 3.8241, Coverage: 0.0000
  Batch 3150/5242, Loss: 3.8457, NLL: 3.8457, Coverage: 0.0000
  Batch 3160/5242, Loss: 3.9052, NLL: 3.9052, Coverage: 0.0000
  Batch 3170/5242, Loss: 3.6051, NLL: 3.6051, Coverage: 0.0000
  Batch 3180/5242, Loss: 4.1357, NLL: 4.1357, Coverage: 0.0000
  Batch 3190/5242, Loss: 3.8252, NLL: 3.8252, Coverage: 0.0000
  Batch 3200/5242, Loss: 3.8261, NLL: 3.8261, Coverage: 0.0000
  Batch 3210/5242, Loss: 4.0578, NLL: 4.0578, Coverage: 0.0000
  Batch 3220/5242, Loss: 3.8753, NLL: 3.8753, Coverage: 0.0000
  Batch 3230/5242, Loss: 3.6090, NLL: 3.6090, Coverage: 0.0000
  Batch 3240/5242, Loss: 4.3238, NLL: 4.3238, Coverage: 0.0000
  Batch 3250/5242, Loss: 3.9053, NLL: 3.9053, Coverage: 0.0000
  Batch 3260/5242, Loss: 4.0367, NLL: 4.0367, Coverage: 0.0000
  Batch 3270/5242, Loss: 3.6095, NLL: 3.6095, Coverage: 0.0000
  Batch 3280/5242, Loss: 3.9523, NLL: 3.9523, Coverage: 0.0000
  Batch 3290/5242, Loss: 3.7173, NLL: 3.7173, Coverage: 0.0000
  Batch 3300/5242, Loss: 4.0683, NLL: 4.0683, Coverage: 0.0000
  Batch 3310/5242, Loss: 4.0689, NLL: 4.0689, Coverage: 0.0000
  Batch 3320/5242, Loss: 4.0239, NLL: 4.0239, Coverage: 0.0000
  Batch 3330/5242, Loss: 3.9864, NLL: 3.9864, Coverage: 0.0000
  Batch 3340/5242, Loss: 4.1894, NLL: 4.1894, Coverage: 0.0000
  Batch 3350/5242, Loss: 4.0579, NLL: 4.0579, Coverage: 0.0000
  Batch 3360/5242, Loss: 4.3363, NLL: 4.3363, Coverage: 0.0000
  Batch 3370/5242, Loss: 4.1336, NLL: 4.1336, Coverage: 0.0000
  Batch 3380/5242, Loss: 3.8644, NLL: 3.8644, Coverage: 0.0000
  Batch 3390/5242, Loss: 3.8090, NLL: 3.8090, Coverage: 0.0000
  Batch 3400/5242, Loss: 4.4070, NLL: 4.4070, Coverage: 0.0000
  Batch 3410/5242, Loss: 4.1669, NLL: 4.1669, Coverage: 0.0000
  Batch 3420/5242, Loss: 3.7471, NLL: 3.7471, Coverage: 0.0000
  Batch 3430/5242, Loss: 3.8415, NLL: 3.8415, Coverage: 0.0000
  Batch 3440/5242, Loss: 3.9885, NLL: 3.9885, Coverage: 0.0000
  Batch 3450/5242, Loss: 3.6468, NLL: 3.6468, Coverage: 0.0000
  Batch 3460/5242, Loss: 3.9385, NLL: 3.9385, Coverage: 0.0000
  Batch 3470/5242, Loss: 3.4900, NLL: 3.4900, Coverage: 0.0000
  Batch 3480/5242, Loss: 3.7708, NLL: 3.7708, Coverage: 0.0000
  Batch 3490/5242, Loss: 3.6060, NLL: 3.6060, Coverage: 0.0000
  Batch 3500/5242, Loss: 3.9919, NLL: 3.9919, Coverage: 0.0000
  Batch 3510/5242, Loss: 3.7851, NLL: 3.7851, Coverage: 0.0000
  Batch 3520/5242, Loss: 4.3155, NLL: 4.3155, Coverage: 0.0000
  Batch 3530/5242, Loss: 3.7126, NLL: 3.7126, Coverage: 0.0000
  Batch 3540/5242, Loss: 4.1591, NLL: 4.1591, Coverage: 0.0000
  Batch 3550/5242, Loss: 4.2172, NLL: 4.2172, Coverage: 0.0000
  Batch 3560/5242, Loss: 3.9287, NLL: 3.9287, Coverage: 0.0000
  Batch 3570/5242, Loss: 3.8891, NLL: 3.8891, Coverage: 0.0000
  Batch 3580/5242, Loss: 3.8643, NLL: 3.8643, Coverage: 0.0000
  Batch 3590/5242, Loss: 4.2000, NLL: 4.2000, Coverage: 0.0000
  Batch 3600/5242, Loss: 3.8335, NLL: 3.8335, Coverage: 0.0000
  Batch 3610/5242, Loss: 3.7237, NLL: 3.7237, Coverage: 0.0000
  Batch 3620/5242, Loss: 3.8526, NLL: 3.8526, Coverage: 0.0000
  Batch 3630/5242, Loss: 4.1942, NLL: 4.1942, Coverage: 0.0000
  Batch 3640/5242, Loss: 4.1849, NLL: 4.1849, Coverage: 0.0000
  Batch 3650/5242, Loss: 4.4856, NLL: 4.4856, Coverage: 0.0000
  Batch 3660/5242, Loss: 3.8663, NLL: 3.8663, Coverage: 0.0000
  Batch 3670/5242, Loss: 4.0900, NLL: 4.0900, Coverage: 0.0000
  Batch 3680/5242, Loss: 4.3549, NLL: 4.3549, Coverage: 0.0000
  Batch 3690/5242, Loss: 4.3050, NLL: 4.3050, Coverage: 0.0000
  Batch 3700/5242, Loss: 3.9421, NLL: 3.9421, Coverage: 0.0000
  Batch 3710/5242, Loss: 3.4257, NLL: 3.4257, Coverage: 0.0000
  Batch 3720/5242, Loss: 3.7660, NLL: 3.7660, Coverage: 0.0000
  Batch 3730/5242, Loss: 3.6696, NLL: 3.6696, Coverage: 0.0000
  Batch 3740/5242, Loss: 4.1711, NLL: 4.1711, Coverage: 0.0000
  Batch 3750/5242, Loss: 3.7050, NLL: 3.7050, Coverage: 0.0000
  Batch 3760/5242, Loss: 3.7422, NLL: 3.7422, Coverage: 0.0000
  Batch 3770/5242, Loss: 3.4150, NLL: 3.4150, Coverage: 0.0000
  Batch 3780/5242, Loss: 4.3753, NLL: 4.3753, Coverage: 0.0000
  Batch 3790/5242, Loss: 3.8330, NLL: 3.8330, Coverage: 0.0000
  Batch 3800/5242, Loss: 4.3264, NLL: 4.3264, Coverage: 0.0000
  Batch 3810/5242, Loss: 3.8067, NLL: 3.8067, Coverage: 0.0000
  Batch 3820/5242, Loss: 4.0497, NLL: 4.0497, Coverage: 0.0000
  Batch 3830/5242, Loss: 3.8484, NLL: 3.8484, Coverage: 0.0000
  Batch 3840/5242, Loss: 3.8534, NLL: 3.8534, Coverage: 0.0000
  Batch 3850/5242, Loss: 4.0399, NLL: 4.0399, Coverage: 0.0000
  Batch 3860/5242, Loss: 4.0469, NLL: 4.0469, Coverage: 0.0000
  Batch 3870/5242, Loss: 3.5753, NLL: 3.5753, Coverage: 0.0000
  Batch 3880/5242, Loss: 4.0793, NLL: 4.0793, Coverage: 0.0000
  Batch 3890/5242, Loss: 3.7133, NLL: 3.7133, Coverage: 0.0000
  Batch 3900/5242, Loss: 4.0694, NLL: 4.0694, Coverage: 0.0000
  Batch 3910/5242, Loss: 4.1347, NLL: 4.1347, Coverage: 0.0000
  Batch 3920/5242, Loss: 3.8922, NLL: 3.8922, Coverage: 0.0000
  Batch 3930/5242, Loss: 4.5631, NLL: 4.5631, Coverage: 0.0000
  Batch 3940/5242, Loss: 3.8507, NLL: 3.8507, Coverage: 0.0000
  Batch 3950/5242, Loss: 3.5904, NLL: 3.5904, Coverage: 0.0000
  Batch 3960/5242, Loss: 4.0375, NLL: 4.0375, Coverage: 0.0000
  Batch 3970/5242, Loss: 3.8410, NLL: 3.8410, Coverage: 0.0000
  Batch 3980/5242, Loss: 3.5898, NLL: 3.5898, Coverage: 0.0000
  Batch 3990/5242, Loss: 4.0578, NLL: 4.0578, Coverage: 0.0000
  Batch 4000/5242, Loss: 3.9431, NLL: 3.9431, Coverage: 0.0000
  Batch 4010/5242, Loss: 3.8615, NLL: 3.8615, Coverage: 0.0000
  Batch 4020/5242, Loss: 3.7486, NLL: 3.7486, Coverage: 0.0000
  Batch 4030/5242, Loss: 4.3853, NLL: 4.3853, Coverage: 0.0000
  Batch 4040/5242, Loss: 4.6321, NLL: 4.6321, Coverage: 0.0000
  Batch 4050/5242, Loss: 4.0813, NLL: 4.0813, Coverage: 0.0000
  Batch 4060/5242, Loss: 4.0425, NLL: 4.0425, Coverage: 0.0000
  Batch 4070/5242, Loss: 4.1937, NLL: 4.1937, Coverage: 0.0000
  Batch 4080/5242, Loss: 3.4680, NLL: 3.4680, Coverage: 0.0000
  Batch 4090/5242, Loss: 3.9419, NLL: 3.9419, Coverage: 0.0000
  Batch 4100/5242, Loss: 3.8352, NLL: 3.8352, Coverage: 0.0000
  Batch 4110/5242, Loss: 4.0290, NLL: 4.0290, Coverage: 0.0000
  Batch 4120/5242, Loss: 3.5013, NLL: 3.5013, Coverage: 0.0000
  Batch 4130/5242, Loss: 4.1420, NLL: 4.1420, Coverage: 0.0000
  Batch 4140/5242, Loss: 4.5346, NLL: 4.5346, Coverage: 0.0000
  Batch 4150/5242, Loss: 3.7174, NLL: 3.7174, Coverage: 0.0000
  Batch 4160/5242, Loss: 4.0257, NLL: 4.0257, Coverage: 0.0000
  Batch 4170/5242, Loss: 4.1871, NLL: 4.1871, Coverage: 0.0000
  Batch 4180/5242, Loss: 4.1852, NLL: 4.1852, Coverage: 0.0000
  Batch 4190/5242, Loss: 4.1428, NLL: 4.1428, Coverage: 0.0000
  Batch 4200/5242, Loss: 3.4766, NLL: 3.4766, Coverage: 0.0000
  Batch 4210/5242, Loss: 4.1301, NLL: 4.1301, Coverage: 0.0000
  Batch 4220/5242, Loss: 3.9045, NLL: 3.9045, Coverage: 0.0000
  Batch 4230/5242, Loss: 4.3569, NLL: 4.3569, Coverage: 0.0000
  Batch 4240/5242, Loss: 4.0815, NLL: 4.0815, Coverage: 0.0000
  Batch 4250/5242, Loss: 3.8691, NLL: 3.8691, Coverage: 0.0000
  Batch 4260/5242, Loss: 3.7698, NLL: 3.7698, Coverage: 0.0000
  Batch 4270/5242, Loss: 3.4325, NLL: 3.4325, Coverage: 0.0000
  Batch 4280/5242, Loss: 3.9830, NLL: 3.9830, Coverage: 0.0000
  Batch 4290/5242, Loss: 3.7392, NLL: 3.7392, Coverage: 0.0000
  Batch 4300/5242, Loss: 3.6593, NLL: 3.6593, Coverage: 0.0000
  Batch 4310/5242, Loss: 3.6798, NLL: 3.6798, Coverage: 0.0000
  Batch 4320/5242, Loss: 3.7970, NLL: 3.7970, Coverage: 0.0000
  Batch 4330/5242, Loss: 4.2994, NLL: 4.2994, Coverage: 0.0000
  Batch 4340/5242, Loss: 3.9352, NLL: 3.9352, Coverage: 0.0000
  Batch 4350/5242, Loss: 3.6767, NLL: 3.6767, Coverage: 0.0000
  Batch 4360/5242, Loss: 3.5665, NLL: 3.5665, Coverage: 0.0000
  Batch 4370/5242, Loss: 4.0442, NLL: 4.0442, Coverage: 0.0000
  Batch 4380/5242, Loss: 4.0254, NLL: 4.0254, Coverage: 0.0000
  Batch 4390/5242, Loss: 3.7673, NLL: 3.7673, Coverage: 0.0000
  Batch 4400/5242, Loss: 4.2088, NLL: 4.2088, Coverage: 0.0000
  Batch 4410/5242, Loss: 3.8091, NLL: 3.8091, Coverage: 0.0000
  Batch 4420/5242, Loss: 3.7414, NLL: 3.7414, Coverage: 0.0000
  Batch 4430/5242, Loss: 3.5162, NLL: 3.5162, Coverage: 0.0000
  Batch 4440/5242, Loss: 4.0027, NLL: 4.0027, Coverage: 0.0000
  Batch 4450/5242, Loss: 3.8362, NLL: 3.8362, Coverage: 0.0000
  Batch 4460/5242, Loss: 3.9718, NLL: 3.9718, Coverage: 0.0000
  Batch 4470/5242, Loss: 4.0163, NLL: 4.0163, Coverage: 0.0000
  Batch 4480/5242, Loss: 3.3402, NLL: 3.3402, Coverage: 0.0000
  Batch 4490/5242, Loss: 4.3051, NLL: 4.3051, Coverage: 0.0000
  Batch 4500/5242, Loss: 4.0439, NLL: 4.0439, Coverage: 0.0000
  Batch 4510/5242, Loss: 4.0879, NLL: 4.0879, Coverage: 0.0000
  Batch 4520/5242, Loss: 3.5972, NLL: 3.5972, Coverage: 0.0000
  Batch 4530/5242, Loss: 3.6670, NLL: 3.6670, Coverage: 0.0000
  Batch 4540/5242, Loss: 4.2614, NLL: 4.2614, Coverage: 0.0000
  Batch 4550/5242, Loss: 3.8506, NLL: 3.8506, Coverage: 0.0000
  Batch 4560/5242, Loss: 4.0254, NLL: 4.0254, Coverage: 0.0000
  Batch 4570/5242, Loss: 4.1616, NLL: 4.1616, Coverage: 0.0000
  Batch 4580/5242, Loss: 3.8767, NLL: 3.8767, Coverage: 0.0000
  Batch 4590/5242, Loss: 4.3416, NLL: 4.3416, Coverage: 0.0000
  Batch 4600/5242, Loss: 3.7596, NLL: 3.7596, Coverage: 0.0000
  Batch 4610/5242, Loss: 4.0277, NLL: 4.0277, Coverage: 0.0000
  Batch 4620/5242, Loss: 4.1774, NLL: 4.1774, Coverage: 0.0000
  Batch 4630/5242, Loss: 4.3852, NLL: 4.3852, Coverage: 0.0000
  Batch 4640/5242, Loss: 3.4887, NLL: 3.4887, Coverage: 0.0000
  Batch 4650/5242, Loss: 4.1617, NLL: 4.1617, Coverage: 0.0000
  Batch 4660/5242, Loss: 3.9158, NLL: 3.9158, Coverage: 0.0000
  Batch 4670/5242, Loss: 4.0021, NLL: 4.0021, Coverage: 0.0000
  Batch 4680/5242, Loss: 3.7095, NLL: 3.7095, Coverage: 0.0000
  Batch 4690/5242, Loss: 3.5551, NLL: 3.5551, Coverage: 0.0000
  Batch 4700/5242, Loss: 4.2791, NLL: 4.2791, Coverage: 0.0000
  Batch 4710/5242, Loss: 3.5915, NLL: 3.5915, Coverage: 0.0000
  Batch 4720/5242, Loss: 3.6934, NLL: 3.6934, Coverage: 0.0000
  Batch 4730/5242, Loss: 4.1167, NLL: 4.1167, Coverage: 0.0000
  Batch 4740/5242, Loss: 3.8433, NLL: 3.8433, Coverage: 0.0000
  Batch 4750/5242, Loss: 4.2287, NLL: 4.2287, Coverage: 0.0000
  Batch 4760/5242, Loss: 3.9854, NLL: 3.9854, Coverage: 0.0000
  Batch 4770/5242, Loss: 4.4150, NLL: 4.4150, Coverage: 0.0000
  Batch 4780/5242, Loss: 3.8405, NLL: 3.8405, Coverage: 0.0000
  Batch 4790/5242, Loss: 4.1262, NLL: 4.1262, Coverage: 0.0000
  Batch 4800/5242, Loss: 3.7001, NLL: 3.7001, Coverage: 0.0000
  Batch 4810/5242, Loss: 3.8300, NLL: 3.8300, Coverage: 0.0000
  Batch 4820/5242, Loss: 3.7270, NLL: 3.7270, Coverage: 0.0000
  Batch 4830/5242, Loss: 4.2043, NLL: 4.2043, Coverage: 0.0000
  Batch 4840/5242, Loss: 4.4013, NLL: 4.4013, Coverage: 0.0000
  Batch 4850/5242, Loss: 4.1233, NLL: 4.1233, Coverage: 0.0000
  Batch 4860/5242, Loss: 4.1729, NLL: 4.1729, Coverage: 0.0000
  Batch 4870/5242, Loss: 3.8397, NLL: 3.8397, Coverage: 0.0000
  Batch 4880/5242, Loss: 3.9160, NLL: 3.9160, Coverage: 0.0000
  Batch 4890/5242, Loss: 4.3987, NLL: 4.3987, Coverage: 0.0000
  Batch 4900/5242, Loss: 4.0533, NLL: 4.0533, Coverage: 0.0000
  Batch 4910/5242, Loss: 4.3825, NLL: 4.3825, Coverage: 0.0000
  Batch 4920/5242, Loss: 3.5718, NLL: 3.5718, Coverage: 0.0000
  Batch 4930/5242, Loss: 3.7407, NLL: 3.7407, Coverage: 0.0000
  Batch 4940/5242, Loss: 4.2635, NLL: 4.2635, Coverage: 0.0000
  Batch 4950/5242, Loss: 3.3955, NLL: 3.3955, Coverage: 0.0000
  Batch 4960/5242, Loss: 3.5867, NLL: 3.5867, Coverage: 0.0000
  Batch 4970/5242, Loss: 3.9001, NLL: 3.9001, Coverage: 0.0000
  Batch 4980/5242, Loss: 3.9571, NLL: 3.9571, Coverage: 0.0000
  Batch 4990/5242, Loss: 3.8216, NLL: 3.8216, Coverage: 0.0000
  Batch 5000/5242, Loss: 3.7614, NLL: 3.7614, Coverage: 0.0000
  Batch 5010/5242, Loss: 4.0875, NLL: 4.0875, Coverage: 0.0000
  Batch 5020/5242, Loss: 4.2781, NLL: 4.2781, Coverage: 0.0000
  Batch 5030/5242, Loss: 3.6209, NLL: 3.6209, Coverage: 0.0000
  Batch 5040/5242, Loss: 4.0162, NLL: 4.0162, Coverage: 0.0000
  Batch 5050/5242, Loss: 4.0320, NLL: 4.0320, Coverage: 0.0000
  Batch 5060/5242, Loss: 3.3528, NLL: 3.3528, Coverage: 0.0000
  Batch 5070/5242, Loss: 3.9331, NLL: 3.9331, Coverage: 0.0000
  Batch 5080/5242, Loss: 3.8380, NLL: 3.8380, Coverage: 0.0000
  Batch 5090/5242, Loss: 4.1078, NLL: 4.1078, Coverage: 0.0000
  Batch 5100/5242, Loss: 3.8908, NLL: 3.8908, Coverage: 0.0000
  Batch 5110/5242, Loss: 3.9723, NLL: 3.9723, Coverage: 0.0000
  Batch 5120/5242, Loss: 4.3368, NLL: 4.3368, Coverage: 0.0000
  Batch 5130/5242, Loss: 3.9091, NLL: 3.9091, Coverage: 0.0000
  Batch 5140/5242, Loss: 3.6712, NLL: 3.6712, Coverage: 0.0000
  Batch 5150/5242, Loss: 3.7849, NLL: 3.7849, Coverage: 0.0000
  Batch 5160/5242, Loss: 3.9229, NLL: 3.9229, Coverage: 0.0000
  Batch 5170/5242, Loss: 3.9215, NLL: 3.9215, Coverage: 0.0000
  Batch 5180/5242, Loss: 3.9595, NLL: 3.9595, Coverage: 0.0000
  Batch 5190/5242, Loss: 3.7105, NLL: 3.7105, Coverage: 0.0000
  Batch 5200/5242, Loss: 3.9962, NLL: 3.9962, Coverage: 0.0000
  Batch 5210/5242, Loss: 4.0509, NLL: 4.0509, Coverage: 0.0000
  Batch 5220/5242, Loss: 3.9165, NLL: 3.9165, Coverage: 0.0000
  Batch 5230/5242, Loss: 4.3172, NLL: 4.3172, Coverage: 0.0000
  Batch 5240/5242, Loss: 3.8722, NLL: 3.8722, Coverage: 0.0000
  ✓ Learning rate reduced: 0.000125 → 0.000063

  Train Loss: 3.9584 (NLL: 3.9584, Cov: 0.0000)
  Val Loss: 6.3837 (NLL: 6.3837, Cov: 0.0000)
  Time: 34m 1s

Epoch 15/20
----------------------------------------
  Batch 10/5242, Loss: 4.0261, NLL: 4.0261, Coverage: 0.0000
  Batch 20/5242, Loss: 3.6864, NLL: 3.6864, Coverage: 0.0000
  Batch 30/5242, Loss: 4.3320, NLL: 4.3320, Coverage: 0.0000
  Batch 40/5242, Loss: 3.4446, NLL: 3.4446, Coverage: 0.0000
  Batch 50/5242, Loss: 3.6966, NLL: 3.6966, Coverage: 0.0000
  Batch 60/5242, Loss: 3.7350, NLL: 3.7350, Coverage: 0.0000
  Batch 70/5242, Loss: 3.6075, NLL: 3.6075, Coverage: 0.0000
  Batch 80/5242, Loss: 3.6287, NLL: 3.6287, Coverage: 0.0000
  Batch 90/5242, Loss: 3.8752, NLL: 3.8752, Coverage: 0.0000
  Batch 100/5242, Loss: 4.3785, NLL: 4.3785, Coverage: 0.0000
  Batch 110/5242, Loss: 4.0274, NLL: 4.0274, Coverage: 0.0000
  Batch 120/5242, Loss: 4.7439, NLL: 4.7439, Coverage: 0.0000
  Batch 130/5242, Loss: 4.3134, NLL: 4.3134, Coverage: 0.0000
  Batch 140/5242, Loss: 4.0782, NLL: 4.0782, Coverage: 0.0000
  Batch 150/5242, Loss: 3.6167, NLL: 3.6167, Coverage: 0.0000
  Batch 160/5242, Loss: 4.0518, NLL: 4.0518, Coverage: 0.0000
  Batch 170/5242, Loss: 3.3227, NLL: 3.3227, Coverage: 0.0000
  Batch 180/5242, Loss: 4.0904, NLL: 4.0904, Coverage: 0.0000
  Batch 190/5242, Loss: 3.8136, NLL: 3.8136, Coverage: 0.0000
  Batch 200/5242, Loss: 4.0080, NLL: 4.0080, Coverage: 0.0000
  Batch 210/5242, Loss: 4.3128, NLL: 4.3128, Coverage: 0.0000
  Batch 220/5242, Loss: 3.9599, NLL: 3.9599, Coverage: 0.0000
  Batch 230/5242, Loss: 3.7268, NLL: 3.7268, Coverage: 0.0000
  Batch 240/5242, Loss: 3.8265, NLL: 3.8265, Coverage: 0.0000
  Batch 250/5242, Loss: 4.1033, NLL: 4.1033, Coverage: 0.0000
  Batch 260/5242, Loss: 3.9643, NLL: 3.9643, Coverage: 0.0000
  Batch 270/5242, Loss: 4.6549, NLL: 4.6549, Coverage: 0.0000
  Batch 280/5242, Loss: 3.8655, NLL: 3.8655, Coverage: 0.0000
  Batch 290/5242, Loss: 4.1886, NLL: 4.1886, Coverage: 0.0000
  Batch 300/5242, Loss: 3.8347, NLL: 3.8347, Coverage: 0.0000
  Batch 310/5242, Loss: 4.3046, NLL: 4.3046, Coverage: 0.0000
  Batch 320/5242, Loss: 4.3531, NLL: 4.3531, Coverage: 0.0000
  Batch 330/5242, Loss: 3.9646, NLL: 3.9646, Coverage: 0.0000
  Batch 340/5242, Loss: 3.8294, NLL: 3.8294, Coverage: 0.0000
  Batch 350/5242, Loss: 3.7891, NLL: 3.7891, Coverage: 0.0000
  Batch 360/5242, Loss: 3.4309, NLL: 3.4309, Coverage: 0.0000
  Batch 370/5242, Loss: 4.0710, NLL: 4.0710, Coverage: 0.0000
  Batch 380/5242, Loss: 4.0091, NLL: 4.0091, Coverage: 0.0000
  Batch 390/5242, Loss: 3.7740, NLL: 3.7740, Coverage: 0.0000
  Batch 400/5242, Loss: 4.2301, NLL: 4.2301, Coverage: 0.0000
  Batch 410/5242, Loss: 3.6827, NLL: 3.6827, Coverage: 0.0000
  Batch 420/5242, Loss: 3.4800, NLL: 3.4800, Coverage: 0.0000
  Batch 430/5242, Loss: 3.6831, NLL: 3.6831, Coverage: 0.0000
  Batch 440/5242, Loss: 4.2278, NLL: 4.2278, Coverage: 0.0000
  Batch 450/5242, Loss: 4.5435, NLL: 4.5435, Coverage: 0.0000
  Batch 460/5242, Loss: 3.8562, NLL: 3.8562, Coverage: 0.0000
  Batch 470/5242, Loss: 3.6126, NLL: 3.6126, Coverage: 0.0000
  Batch 480/5242, Loss: 4.1916, NLL: 4.1916, Coverage: 0.0000
  Batch 490/5242, Loss: 3.7184, NLL: 3.7184, Coverage: 0.0000
  Batch 500/5242, Loss: 3.6096, NLL: 3.6096, Coverage: 0.0000
  Batch 510/5242, Loss: 4.0529, NLL: 4.0529, Coverage: 0.0000
  Batch 520/5242, Loss: 4.4685, NLL: 4.4685, Coverage: 0.0000
  Batch 530/5242, Loss: 3.9394, NLL: 3.9394, Coverage: 0.0000
  Batch 540/5242, Loss: 4.2867, NLL: 4.2867, Coverage: 0.0000
  Batch 550/5242, Loss: 3.9406, NLL: 3.9406, Coverage: 0.0000
  Batch 560/5242, Loss: 4.0563, NLL: 4.0563, Coverage: 0.0000
  Batch 570/5242, Loss: 3.9090, NLL: 3.9090, Coverage: 0.0000
  Batch 580/5242, Loss: 4.1166, NLL: 4.1166, Coverage: 0.0000
  Batch 590/5242, Loss: 3.9848, NLL: 3.9848, Coverage: 0.0000
  Batch 600/5242, Loss: 4.0467, NLL: 4.0467, Coverage: 0.0000
  Batch 610/5242, Loss: 4.3493, NLL: 4.3493, Coverage: 0.0000
  Batch 620/5242, Loss: 3.8986, NLL: 3.8986, Coverage: 0.0000
  Batch 630/5242, Loss: 4.2417, NLL: 4.2417, Coverage: 0.0000
  Batch 640/5242, Loss: 4.0778, NLL: 4.0778, Coverage: 0.0000
  Batch 650/5242, Loss: 3.7751, NLL: 3.7751, Coverage: 0.0000
  Batch 660/5242, Loss: 3.2750, NLL: 3.2750, Coverage: 0.0000
  Batch 670/5242, Loss: 3.6571, NLL: 3.6571, Coverage: 0.0000
  Batch 680/5242, Loss: 4.0387, NLL: 4.0387, Coverage: 0.0000
  Batch 690/5242, Loss: 3.6322, NLL: 3.6322, Coverage: 0.0000
  Batch 700/5242, Loss: 4.2167, NLL: 4.2167, Coverage: 0.0000
  Batch 710/5242, Loss: 3.7179, NLL: 3.7179, Coverage: 0.0000
  Batch 720/5242, Loss: 3.8779, NLL: 3.8779, Coverage: 0.0000
  Batch 730/5242, Loss: 4.1063, NLL: 4.1063, Coverage: 0.0000
  Batch 740/5242, Loss: 3.7601, NLL: 3.7601, Coverage: 0.0000
  Batch 750/5242, Loss: 3.9235, NLL: 3.9235, Coverage: 0.0000
  Batch 760/5242, Loss: 3.5192, NLL: 3.5192, Coverage: 0.0000
  Batch 770/5242, Loss: 3.2935, NLL: 3.2935, Coverage: 0.0000
  Batch 780/5242, Loss: 3.7160, NLL: 3.7160, Coverage: 0.0000
  Batch 790/5242, Loss: 3.6406, NLL: 3.6406, Coverage: 0.0000
  Batch 800/5242, Loss: 3.8463, NLL: 3.8463, Coverage: 0.0000
  Batch 810/5242, Loss: 3.6275, NLL: 3.6275, Coverage: 0.0000
  Batch 820/5242, Loss: 3.9961, NLL: 3.9961, Coverage: 0.0000
  Batch 830/5242, Loss: 3.5135, NLL: 3.5135, Coverage: 0.0000
  Batch 840/5242, Loss: 4.0097, NLL: 4.0097, Coverage: 0.0000
  Batch 850/5242, Loss: 3.7577, NLL: 3.7577, Coverage: 0.0000
  Batch 860/5242, Loss: 4.0950, NLL: 4.0950, Coverage: 0.0000
  Batch 870/5242, Loss: 3.9614, NLL: 3.9614, Coverage: 0.0000
  Batch 880/5242, Loss: 3.8634, NLL: 3.8634, Coverage: 0.0000
  Batch 890/5242, Loss: 3.9355, NLL: 3.9355, Coverage: 0.0000
  Batch 900/5242, Loss: 3.4540, NLL: 3.4540, Coverage: 0.0000
  Batch 910/5242, Loss: 4.1205, NLL: 4.1205, Coverage: 0.0000
  Batch 920/5242, Loss: 3.5357, NLL: 3.5357, Coverage: 0.0000
  Batch 930/5242, Loss: 4.1704, NLL: 4.1704, Coverage: 0.0000
  Batch 940/5242, Loss: 3.6228, NLL: 3.6228, Coverage: 0.0000
  Batch 950/5242, Loss: 3.6944, NLL: 3.6944, Coverage: 0.0000
  Batch 960/5242, Loss: 4.0503, NLL: 4.0503, Coverage: 0.0000
  Batch 970/5242, Loss: 3.6652, NLL: 3.6652, Coverage: 0.0000
  Batch 980/5242, Loss: 3.6058, NLL: 3.6058, Coverage: 0.0000
  Batch 990/5242, Loss: 3.8745, NLL: 3.8745, Coverage: 0.0000
  Batch 1000/5242, Loss: 3.9183, NLL: 3.9183, Coverage: 0.0000
  Batch 1010/5242, Loss: 4.2563, NLL: 4.2563, Coverage: 0.0000
  Batch 1020/5242, Loss: 3.9606, NLL: 3.9606, Coverage: 0.0000
  Batch 1030/5242, Loss: 3.9471, NLL: 3.9471, Coverage: 0.0000
  Batch 1040/5242, Loss: 3.7132, NLL: 3.7132, Coverage: 0.0000
  Batch 1050/5242, Loss: 3.7055, NLL: 3.7055, Coverage: 0.0000
  Batch 1060/5242, Loss: 4.1511, NLL: 4.1511, Coverage: 0.0000
  Batch 1070/5242, Loss: 4.2528, NLL: 4.2528, Coverage: 0.0000
  Batch 1080/5242, Loss: 3.8312, NLL: 3.8312, Coverage: 0.0000
  Batch 1090/5242, Loss: 3.6510, NLL: 3.6510, Coverage: 0.0000
  Batch 1100/5242, Loss: 4.0467, NLL: 4.0467, Coverage: 0.0000
  Batch 1110/5242, Loss: 3.9671, NLL: 3.9671, Coverage: 0.0000
  Batch 1120/5242, Loss: 4.3498, NLL: 4.3498, Coverage: 0.0000
  Batch 1130/5242, Loss: 3.7032, NLL: 3.7032, Coverage: 0.0000
  Batch 1140/5242, Loss: 4.0755, NLL: 4.0755, Coverage: 0.0000
  Batch 1150/5242, Loss: 3.8521, NLL: 3.8521, Coverage: 0.0000
  Batch 1160/5242, Loss: 3.7516, NLL: 3.7516, Coverage: 0.0000
  Batch 1170/5242, Loss: 4.4224, NLL: 4.4224, Coverage: 0.0000
  Batch 1180/5242, Loss: 3.7120, NLL: 3.7120, Coverage: 0.0000
  Batch 1190/5242, Loss: 4.0430, NLL: 4.0430, Coverage: 0.0000
  Batch 1200/5242, Loss: 3.6631, NLL: 3.6631, Coverage: 0.0000
  Batch 1210/5242, Loss: 4.3963, NLL: 4.3963, Coverage: 0.0000
  Batch 1220/5242, Loss: 3.9317, NLL: 3.9317, Coverage: 0.0000
  Batch 1230/5242, Loss: 3.5371, NLL: 3.5371, Coverage: 0.0000
  Batch 1240/5242, Loss: 4.1207, NLL: 4.1207, Coverage: 0.0000
  Batch 1250/5242, Loss: 3.7767, NLL: 3.7767, Coverage: 0.0000
  Batch 1260/5242, Loss: 3.6698, NLL: 3.6698, Coverage: 0.0000
  Batch 1270/5242, Loss: 4.3319, NLL: 4.3319, Coverage: 0.0000
  Batch 1280/5242, Loss: 4.0879, NLL: 4.0879, Coverage: 0.0000
  Batch 1290/5242, Loss: 4.5506, NLL: 4.5506, Coverage: 0.0000
  Batch 1300/5242, Loss: 3.8927, NLL: 3.8927, Coverage: 0.0000
  Batch 1310/5242, Loss: 3.7999, NLL: 3.7999, Coverage: 0.0000
  Batch 1320/5242, Loss: 4.1517, NLL: 4.1517, Coverage: 0.0000
  Batch 1330/5242, Loss: 3.7120, NLL: 3.7120, Coverage: 0.0000
  Batch 1340/5242, Loss: 3.9266, NLL: 3.9266, Coverage: 0.0000
  Batch 1350/5242, Loss: 3.7737, NLL: 3.7737, Coverage: 0.0000
  Batch 1360/5242, Loss: 3.9997, NLL: 3.9997, Coverage: 0.0000
  Batch 1370/5242, Loss: 3.9158, NLL: 3.9158, Coverage: 0.0000
  Batch 1380/5242, Loss: 4.0879, NLL: 4.0879, Coverage: 0.0000
  Batch 1390/5242, Loss: 4.2481, NLL: 4.2481, Coverage: 0.0000
  Batch 1400/5242, Loss: 4.2777, NLL: 4.2777, Coverage: 0.0000
  Batch 1410/5242, Loss: 3.7000, NLL: 3.7000, Coverage: 0.0000
  Batch 1420/5242, Loss: 3.9892, NLL: 3.9892, Coverage: 0.0000
  Batch 1430/5242, Loss: 3.5506, NLL: 3.5506, Coverage: 0.0000
  Batch 1440/5242, Loss: 3.7959, NLL: 3.7959, Coverage: 0.0000
  Batch 1450/5242, Loss: 4.0737, NLL: 4.0737, Coverage: 0.0000
  Batch 1460/5242, Loss: 4.0410, NLL: 4.0410, Coverage: 0.0000
  Batch 1470/5242, Loss: 3.5402, NLL: 3.5402, Coverage: 0.0000
  Batch 1480/5242, Loss: 4.0607, NLL: 4.0607, Coverage: 0.0000
  Batch 1490/5242, Loss: 4.0725, NLL: 4.0725, Coverage: 0.0000
  Batch 1500/5242, Loss: 3.3981, NLL: 3.3981, Coverage: 0.0000
  Batch 1510/5242, Loss: 3.9925, NLL: 3.9925, Coverage: 0.0000
  Batch 1520/5242, Loss: 4.1804, NLL: 4.1804, Coverage: 0.0000
  Batch 1530/5242, Loss: 3.6591, NLL: 3.6591, Coverage: 0.0000
  Batch 1540/5242, Loss: 4.4705, NLL: 4.4705, Coverage: 0.0000
  Batch 1550/5242, Loss: 4.0425, NLL: 4.0425, Coverage: 0.0000
  Batch 1560/5242, Loss: 3.8605, NLL: 3.8605, Coverage: 0.0000
  Batch 1570/5242, Loss: 4.3249, NLL: 4.3249, Coverage: 0.0000
  Batch 1580/5242, Loss: 4.1475, NLL: 4.1475, Coverage: 0.0000
  Batch 1590/5242, Loss: 4.1729, NLL: 4.1729, Coverage: 0.0000
  Batch 1600/5242, Loss: 3.4904, NLL: 3.4904, Coverage: 0.0000
  Batch 1610/5242, Loss: 4.2669, NLL: 4.2669, Coverage: 0.0000
  Batch 1620/5242, Loss: 4.0746, NLL: 4.0746, Coverage: 0.0000
  Batch 1630/5242, Loss: 3.7396, NLL: 3.7396, Coverage: 0.0000
  Batch 1640/5242, Loss: 4.1528, NLL: 4.1528, Coverage: 0.0000
  Batch 1650/5242, Loss: 4.5132, NLL: 4.5132, Coverage: 0.0000
  Batch 1660/5242, Loss: 3.9834, NLL: 3.9834, Coverage: 0.0000
  Batch 1670/5242, Loss: 3.7636, NLL: 3.7636, Coverage: 0.0000
  Batch 1680/5242, Loss: 4.1249, NLL: 4.1249, Coverage: 0.0000
  Batch 1690/5242, Loss: 3.3870, NLL: 3.3870, Coverage: 0.0000
  Batch 1700/5242, Loss: 4.4757, NLL: 4.4757, Coverage: 0.0000
  Batch 1710/5242, Loss: 4.5034, NLL: 4.5034, Coverage: 0.0000
  Batch 1720/5242, Loss: 4.2482, NLL: 4.2482, Coverage: 0.0000
  Batch 1730/5242, Loss: 4.1497, NLL: 4.1497, Coverage: 0.0000
  Batch 1740/5242, Loss: 3.9070, NLL: 3.9070, Coverage: 0.0000
  Batch 1750/5242, Loss: 3.8795, NLL: 3.8795, Coverage: 0.0000
  Batch 1760/5242, Loss: 4.1142, NLL: 4.1142, Coverage: 0.0000
  Batch 1770/5242, Loss: 4.1176, NLL: 4.1176, Coverage: 0.0000
  Batch 1780/5242, Loss: 3.6085, NLL: 3.6085, Coverage: 0.0000
  Batch 1790/5242, Loss: 3.9503, NLL: 3.9503, Coverage: 0.0000
  Batch 1800/5242, Loss: 4.3517, NLL: 4.3517, Coverage: 0.0000
  Batch 1810/5242, Loss: 3.6612, NLL: 3.6612, Coverage: 0.0000
  Batch 1820/5242, Loss: 3.8474, NLL: 3.8474, Coverage: 0.0000
  Batch 1830/5242, Loss: 3.7479, NLL: 3.7479, Coverage: 0.0000
  Batch 1840/5242, Loss: 4.2151, NLL: 4.2151, Coverage: 0.0000
  Batch 1850/5242, Loss: 4.3497, NLL: 4.3497, Coverage: 0.0000
  Batch 1860/5242, Loss: 3.5139, NLL: 3.5139, Coverage: 0.0000
  Batch 1870/5242, Loss: 4.1346, NLL: 4.1346, Coverage: 0.0000
  Batch 1880/5242, Loss: 3.6903, NLL: 3.6903, Coverage: 0.0000
  Batch 1890/5242, Loss: 4.2430, NLL: 4.2430, Coverage: 0.0000
  Batch 1900/5242, Loss: 4.0209, NLL: 4.0209, Coverage: 0.0000
  Batch 1910/5242, Loss: 3.7315, NLL: 3.7315, Coverage: 0.0000
  Batch 1920/5242, Loss: 3.4214, NLL: 3.4214, Coverage: 0.0000
  Batch 1930/5242, Loss: 3.8183, NLL: 3.8183, Coverage: 0.0000
  Batch 1940/5242, Loss: 3.9587, NLL: 3.9587, Coverage: 0.0000
  Batch 1950/5242, Loss: 3.6383, NLL: 3.6383, Coverage: 0.0000
  Batch 1960/5242, Loss: 3.9284, NLL: 3.9284, Coverage: 0.0000
  Batch 1970/5242, Loss: 4.0048, NLL: 4.0048, Coverage: 0.0000
  Batch 1980/5242, Loss: 3.7606, NLL: 3.7606, Coverage: 0.0000
  Batch 1990/5242, Loss: 4.3612, NLL: 4.3612, Coverage: 0.0000
  Batch 2000/5242, Loss: 3.8226, NLL: 3.8226, Coverage: 0.0000
  Batch 2010/5242, Loss: 3.6344, NLL: 3.6344, Coverage: 0.0000
  Batch 2020/5242, Loss: 4.0810, NLL: 4.0810, Coverage: 0.0000
  Batch 2030/5242, Loss: 3.7872, NLL: 3.7872, Coverage: 0.0000
  Batch 2040/5242, Loss: 3.9666, NLL: 3.9666, Coverage: 0.0000
  Batch 2050/5242, Loss: 3.9223, NLL: 3.9223, Coverage: 0.0000
  Batch 2060/5242, Loss: 4.0023, NLL: 4.0023, Coverage: 0.0000
  Batch 2070/5242, Loss: 3.5021, NLL: 3.5021, Coverage: 0.0000
  Batch 2080/5242, Loss: 4.3697, NLL: 4.3697, Coverage: 0.0000
  Batch 2090/5242, Loss: 4.2307, NLL: 4.2307, Coverage: 0.0000
  Batch 2100/5242, Loss: 4.2711, NLL: 4.2711, Coverage: 0.0000
  Batch 2110/5242, Loss: 3.7295, NLL: 3.7295, Coverage: 0.0000
  Batch 2120/5242, Loss: 3.7047, NLL: 3.7047, Coverage: 0.0000
  Batch 2130/5242, Loss: 3.9942, NLL: 3.9942, Coverage: 0.0000
  Batch 2140/5242, Loss: 4.1554, NLL: 4.1554, Coverage: 0.0000
  Batch 2150/5242, Loss: 3.7135, NLL: 3.7135, Coverage: 0.0000
  Batch 2160/5242, Loss: 3.8778, NLL: 3.8778, Coverage: 0.0000
  Batch 2170/5242, Loss: 4.0068, NLL: 4.0068, Coverage: 0.0000
  Batch 2180/5242, Loss: 4.2503, NLL: 4.2503, Coverage: 0.0000
  Batch 2190/5242, Loss: 4.3008, NLL: 4.3008, Coverage: 0.0000
  Batch 2200/5242, Loss: 3.8706, NLL: 3.8706, Coverage: 0.0000
  Batch 2210/5242, Loss: 4.2356, NLL: 4.2356, Coverage: 0.0000
  Batch 2220/5242, Loss: 3.9601, NLL: 3.9601, Coverage: 0.0000
  Batch 2230/5242, Loss: 4.3542, NLL: 4.3542, Coverage: 0.0000
  Batch 2240/5242, Loss: 3.6745, NLL: 3.6745, Coverage: 0.0000
  Batch 2250/5242, Loss: 4.3330, NLL: 4.3330, Coverage: 0.0000
  Batch 2260/5242, Loss: 4.5356, NLL: 4.5356, Coverage: 0.0000
  Batch 2270/5242, Loss: 3.6497, NLL: 3.6497, Coverage: 0.0000
  Batch 2280/5242, Loss: 3.6028, NLL: 3.6028, Coverage: 0.0000
  Batch 2290/5242, Loss: 3.6945, NLL: 3.6945, Coverage: 0.0000
  Batch 2300/5242, Loss: 4.1215, NLL: 4.1215, Coverage: 0.0000
  Batch 2310/5242, Loss: 4.0611, NLL: 4.0611, Coverage: 0.0000
  Batch 2320/5242, Loss: 4.0013, NLL: 4.0013, Coverage: 0.0000
  Batch 2330/5242, Loss: 4.0539, NLL: 4.0539, Coverage: 0.0000
  Batch 2340/5242, Loss: 4.2475, NLL: 4.2475, Coverage: 0.0000
  Batch 2350/5242, Loss: 4.1459, NLL: 4.1459, Coverage: 0.0000
  Batch 2360/5242, Loss: 4.0962, NLL: 4.0962, Coverage: 0.0000
  Batch 2370/5242, Loss: 3.5862, NLL: 3.5862, Coverage: 0.0000
  Batch 2380/5242, Loss: 3.9859, NLL: 3.9859, Coverage: 0.0000
  Batch 2390/5242, Loss: 4.5837, NLL: 4.5837, Coverage: 0.0000
  Batch 2400/5242, Loss: 4.5600, NLL: 4.5600, Coverage: 0.0000
  Batch 2410/5242, Loss: 4.2111, NLL: 4.2111, Coverage: 0.0000
  Batch 2420/5242, Loss: 4.3671, NLL: 4.3671, Coverage: 0.0000
  Batch 2430/5242, Loss: 3.8393, NLL: 3.8393, Coverage: 0.0000
  Batch 2440/5242, Loss: 4.1124, NLL: 4.1124, Coverage: 0.0000
  Batch 2450/5242, Loss: 3.9758, NLL: 3.9758, Coverage: 0.0000
  Batch 2460/5242, Loss: 3.4187, NLL: 3.4187, Coverage: 0.0000
  Batch 2470/5242, Loss: 3.7365, NLL: 3.7365, Coverage: 0.0000
  Batch 2480/5242, Loss: 3.8859, NLL: 3.8859, Coverage: 0.0000
  Batch 2490/5242, Loss: 4.0401, NLL: 4.0401, Coverage: 0.0000
  Batch 2500/5242, Loss: 3.8981, NLL: 3.8981, Coverage: 0.0000
  Batch 2510/5242, Loss: 4.5533, NLL: 4.5533, Coverage: 0.0000
  Batch 2520/5242, Loss: 4.0428, NLL: 4.0428, Coverage: 0.0000
  Batch 2530/5242, Loss: 4.3183, NLL: 4.3183, Coverage: 0.0000
  Batch 2540/5242, Loss: 3.8102, NLL: 3.8102, Coverage: 0.0000
  Batch 2550/5242, Loss: 3.8627, NLL: 3.8627, Coverage: 0.0000
  Batch 2560/5242, Loss: 3.9902, NLL: 3.9902, Coverage: 0.0000
  Batch 2570/5242, Loss: 4.5164, NLL: 4.5164, Coverage: 0.0000
  Batch 2580/5242, Loss: 3.9696, NLL: 3.9696, Coverage: 0.0000
  Batch 2590/5242, Loss: 3.9097, NLL: 3.9097, Coverage: 0.0000
  Batch 2600/5242, Loss: 3.9083, NLL: 3.9083, Coverage: 0.0000
  Batch 2610/5242, Loss: 3.8007, NLL: 3.8007, Coverage: 0.0000
  Batch 2620/5242, Loss: 4.0201, NLL: 4.0201, Coverage: 0.0000
  Batch 2630/5242, Loss: 3.7005, NLL: 3.7005, Coverage: 0.0000
  Batch 2640/5242, Loss: 3.6863, NLL: 3.6863, Coverage: 0.0000
  Batch 2650/5242, Loss: 3.6303, NLL: 3.6303, Coverage: 0.0000
  Batch 2660/5242, Loss: 3.7273, NLL: 3.7273, Coverage: 0.0000
  Batch 2670/5242, Loss: 3.9836, NLL: 3.9836, Coverage: 0.0000
  Batch 2680/5242, Loss: 3.9646, NLL: 3.9646, Coverage: 0.0000
  Batch 2690/5242, Loss: 3.9764, NLL: 3.9764, Coverage: 0.0000
  Batch 2700/5242, Loss: 3.5557, NLL: 3.5557, Coverage: 0.0000
  Batch 2710/5242, Loss: 3.9294, NLL: 3.9294, Coverage: 0.0000
  Batch 2720/5242, Loss: 3.8428, NLL: 3.8428, Coverage: 0.0000
  Batch 2730/5242, Loss: 3.6066, NLL: 3.6066, Coverage: 0.0000
  Batch 2740/5242, Loss: 3.7029, NLL: 3.7029, Coverage: 0.0000
  Batch 2750/5242, Loss: 3.7278, NLL: 3.7278, Coverage: 0.0000
  Batch 2760/5242, Loss: 4.0938, NLL: 4.0938, Coverage: 0.0000
  Batch 2770/5242, Loss: 3.9633, NLL: 3.9633, Coverage: 0.0000
  Batch 2780/5242, Loss: 3.8367, NLL: 3.8367, Coverage: 0.0000
  Batch 2790/5242, Loss: 3.6702, NLL: 3.6702, Coverage: 0.0000
  Batch 2800/5242, Loss: 3.9642, NLL: 3.9642, Coverage: 0.0000
  Batch 2810/5242, Loss: 3.6995, NLL: 3.6995, Coverage: 0.0000
  Batch 2820/5242, Loss: 4.1536, NLL: 4.1536, Coverage: 0.0000
  Batch 2830/5242, Loss: 4.2016, NLL: 4.2016, Coverage: 0.0000
  Batch 2840/5242, Loss: 3.8177, NLL: 3.8177, Coverage: 0.0000
  Batch 2850/5242, Loss: 3.5030, NLL: 3.5030, Coverage: 0.0000
  Batch 2860/5242, Loss: 3.9745, NLL: 3.9745, Coverage: 0.0000
  Batch 2870/5242, Loss: 3.3307, NLL: 3.3307, Coverage: 0.0000
  Batch 2880/5242, Loss: 3.8163, NLL: 3.8163, Coverage: 0.0000
  Batch 2890/5242, Loss: 4.1470, NLL: 4.1470, Coverage: 0.0000
  Batch 2900/5242, Loss: 4.0256, NLL: 4.0256, Coverage: 0.0000
  Batch 2910/5242, Loss: 4.3144, NLL: 4.3144, Coverage: 0.0000
  Batch 2920/5242, Loss: 3.5886, NLL: 3.5886, Coverage: 0.0000
  Batch 2930/5242, Loss: 3.9020, NLL: 3.9020, Coverage: 0.0000
  Batch 2940/5242, Loss: 3.6246, NLL: 3.6246, Coverage: 0.0000
  Batch 2950/5242, Loss: 4.1537, NLL: 4.1537, Coverage: 0.0000
  Batch 2960/5242, Loss: 3.6510, NLL: 3.6510, Coverage: 0.0000
  Batch 2970/5242, Loss: 4.5485, NLL: 4.5485, Coverage: 0.0000
  Batch 2980/5242, Loss: 3.7937, NLL: 3.7937, Coverage: 0.0000
  Batch 2990/5242, Loss: 3.8005, NLL: 3.8005, Coverage: 0.0000
  Batch 3000/5242, Loss: 3.6014, NLL: 3.6014, Coverage: 0.0000
  Batch 3010/5242, Loss: 3.6889, NLL: 3.6889, Coverage: 0.0000
  Batch 3020/5242, Loss: 3.4820, NLL: 3.4820, Coverage: 0.0000
  Batch 3030/5242, Loss: 4.1797, NLL: 4.1797, Coverage: 0.0000
  Batch 3040/5242, Loss: 3.3836, NLL: 3.3836, Coverage: 0.0000
  Batch 3050/5242, Loss: 4.1861, NLL: 4.1861, Coverage: 0.0000
  Batch 3060/5242, Loss: 3.6099, NLL: 3.6099, Coverage: 0.0000
  Batch 3070/5242, Loss: 3.9804, NLL: 3.9804, Coverage: 0.0000
  Batch 3080/5242, Loss: 3.6623, NLL: 3.6623, Coverage: 0.0000
  Batch 3090/5242, Loss: 3.7686, NLL: 3.7686, Coverage: 0.0000
  Batch 3100/5242, Loss: 4.2802, NLL: 4.2802, Coverage: 0.0000
  Batch 3110/5242, Loss: 4.0081, NLL: 4.0081, Coverage: 0.0000
  Batch 3120/5242, Loss: 3.9746, NLL: 3.9746, Coverage: 0.0000
  Batch 3130/5242, Loss: 3.9492, NLL: 3.9492, Coverage: 0.0000
  Batch 3140/5242, Loss: 3.7911, NLL: 3.7911, Coverage: 0.0000
  Batch 3150/5242, Loss: 4.2187, NLL: 4.2187, Coverage: 0.0000
  Batch 3160/5242, Loss: 4.2487, NLL: 4.2487, Coverage: 0.0000
  Batch 3170/5242, Loss: 4.0578, NLL: 4.0578, Coverage: 0.0000
  Batch 3180/5242, Loss: 3.9289, NLL: 3.9289, Coverage: 0.0000
  Batch 3190/5242, Loss: 4.1690, NLL: 4.1690, Coverage: 0.0000
  Batch 3200/5242, Loss: 3.4901, NLL: 3.4901, Coverage: 0.0000
  Batch 3210/5242, Loss: 3.3815, NLL: 3.3815, Coverage: 0.0000
  Batch 3220/5242, Loss: 3.8054, NLL: 3.8054, Coverage: 0.0000
  Batch 3230/5242, Loss: 3.7714, NLL: 3.7714, Coverage: 0.0000
  Batch 3240/5242, Loss: 3.9838, NLL: 3.9838, Coverage: 0.0000
  Batch 3250/5242, Loss: 4.4039, NLL: 4.4039, Coverage: 0.0000
  Batch 3260/5242, Loss: 3.6903, NLL: 3.6903, Coverage: 0.0000
  Batch 3270/5242, Loss: 3.8796, NLL: 3.8796, Coverage: 0.0000
  Batch 3280/5242, Loss: 4.5644, NLL: 4.5644, Coverage: 0.0000
  Batch 3290/5242, Loss: 3.8161, NLL: 3.8161, Coverage: 0.0000
  Batch 3300/5242, Loss: 3.8223, NLL: 3.8223, Coverage: 0.0000
  Batch 3310/5242, Loss: 3.8243, NLL: 3.8243, Coverage: 0.0000
  Batch 3320/5242, Loss: 3.7174, NLL: 3.7174, Coverage: 0.0000
  Batch 3330/5242, Loss: 4.3210, NLL: 4.3210, Coverage: 0.0000
  Batch 3340/5242, Loss: 3.8133, NLL: 3.8133, Coverage: 0.0000
  Batch 3350/5242, Loss: 3.8746, NLL: 3.8746, Coverage: 0.0000
  Batch 3360/5242, Loss: 4.4002, NLL: 4.4002, Coverage: 0.0000
  Batch 3370/5242, Loss: 4.0846, NLL: 4.0846, Coverage: 0.0000
  Batch 3380/5242, Loss: 3.7605, NLL: 3.7605, Coverage: 0.0000
  Batch 3390/5242, Loss: 3.5224, NLL: 3.5224, Coverage: 0.0000
  Batch 3400/5242, Loss: 3.9170, NLL: 3.9170, Coverage: 0.0000
  Batch 3410/5242, Loss: 3.3508, NLL: 3.3508, Coverage: 0.0000
  Batch 3420/5242, Loss: 3.8195, NLL: 3.8195, Coverage: 0.0000
  Batch 3430/5242, Loss: 3.8435, NLL: 3.8435, Coverage: 0.0000
  Batch 3440/5242, Loss: 4.2619, NLL: 4.2619, Coverage: 0.0000
  Batch 3450/5242, Loss: 4.1177, NLL: 4.1177, Coverage: 0.0000
  Batch 3460/5242, Loss: 3.6073, NLL: 3.6073, Coverage: 0.0000
  Batch 3470/5242, Loss: 3.7202, NLL: 3.7202, Coverage: 0.0000
  Batch 3480/5242, Loss: 3.9485, NLL: 3.9485, Coverage: 0.0000
  Batch 3490/5242, Loss: 4.2322, NLL: 4.2322, Coverage: 0.0000
  Batch 3500/5242, Loss: 4.0219, NLL: 4.0219, Coverage: 0.0000
  Batch 3510/5242, Loss: 4.2394, NLL: 4.2394, Coverage: 0.0000
  Batch 3520/5242, Loss: 4.4378, NLL: 4.4378, Coverage: 0.0000
  Batch 3530/5242, Loss: 3.3854, NLL: 3.3854, Coverage: 0.0000
  Batch 3540/5242, Loss: 3.9257, NLL: 3.9257, Coverage: 0.0000
  Batch 3550/5242, Loss: 3.9496, NLL: 3.9496, Coverage: 0.0000
  Batch 3560/5242, Loss: 4.2832, NLL: 4.2832, Coverage: 0.0000
  Batch 3570/5242, Loss: 4.5421, NLL: 4.5421, Coverage: 0.0000
  Batch 3580/5242, Loss: 4.0017, NLL: 4.0017, Coverage: 0.0000
  Batch 3590/5242, Loss: 3.6830, NLL: 3.6830, Coverage: 0.0000
  Batch 3600/5242, Loss: 3.9931, NLL: 3.9931, Coverage: 0.0000
  Batch 3610/5242, Loss: 3.8393, NLL: 3.8393, Coverage: 0.0000
  Batch 3620/5242, Loss: 3.3665, NLL: 3.3665, Coverage: 0.0000
  Batch 3630/5242, Loss: 3.7913, NLL: 3.7913, Coverage: 0.0000
  Batch 3640/5242, Loss: 4.3949, NLL: 4.3949, Coverage: 0.0000
  Batch 3650/5242, Loss: 4.2874, NLL: 4.2874, Coverage: 0.0000
  Batch 3660/5242, Loss: 4.2244, NLL: 4.2244, Coverage: 0.0000
  Batch 3670/5242, Loss: 4.1662, NLL: 4.1662, Coverage: 0.0000
  Batch 3680/5242, Loss: 3.9772, NLL: 3.9772, Coverage: 0.0000
  Batch 3690/5242, Loss: 3.9624, NLL: 3.9624, Coverage: 0.0000
  Batch 3700/5242, Loss: 4.1662, NLL: 4.1662, Coverage: 0.0000
  Batch 3710/5242, Loss: 4.2205, NLL: 4.2205, Coverage: 0.0000
  Batch 3720/5242, Loss: 3.8129, NLL: 3.8129, Coverage: 0.0000
  Batch 3730/5242, Loss: 4.1320, NLL: 4.1320, Coverage: 0.0000
  Batch 3740/5242, Loss: 3.8949, NLL: 3.8949, Coverage: 0.0000
  Batch 3750/5242, Loss: 3.9059, NLL: 3.9059, Coverage: 0.0000
  Batch 3760/5242, Loss: 3.9167, NLL: 3.9167, Coverage: 0.0000
  Batch 3770/5242, Loss: 4.2834, NLL: 4.2834, Coverage: 0.0000
  Batch 3780/5242, Loss: 3.7638, NLL: 3.7638, Coverage: 0.0000
  Batch 3790/5242, Loss: 4.4459, NLL: 4.4459, Coverage: 0.0000
  Batch 3800/5242, Loss: 3.9092, NLL: 3.9092, Coverage: 0.0000
  Batch 3810/5242, Loss: 4.1235, NLL: 4.1235, Coverage: 0.0000
  Batch 3820/5242, Loss: 4.2855, NLL: 4.2855, Coverage: 0.0000
  Batch 3830/5242, Loss: 3.8947, NLL: 3.8947, Coverage: 0.0000
  Batch 3840/5242, Loss: 4.1103, NLL: 4.1103, Coverage: 0.0000
  Batch 3850/5242, Loss: 3.8834, NLL: 3.8834, Coverage: 0.0000
  Batch 3860/5242, Loss: 3.9724, NLL: 3.9724, Coverage: 0.0000
  Batch 3870/5242, Loss: 4.8617, NLL: 4.8617, Coverage: 0.0000
  Batch 3880/5242, Loss: 3.9235, NLL: 3.9235, Coverage: 0.0000
  Batch 3890/5242, Loss: 4.1306, NLL: 4.1306, Coverage: 0.0000
  Batch 3900/5242, Loss: 3.7627, NLL: 3.7627, Coverage: 0.0000
  Batch 3910/5242, Loss: 3.8332, NLL: 3.8332, Coverage: 0.0000
  Batch 3920/5242, Loss: 3.9569, NLL: 3.9569, Coverage: 0.0000
  Batch 3930/5242, Loss: 3.4779, NLL: 3.4779, Coverage: 0.0000
  Batch 3940/5242, Loss: 3.8284, NLL: 3.8284, Coverage: 0.0000
  Batch 3950/5242, Loss: 3.8036, NLL: 3.8036, Coverage: 0.0000
  Batch 3960/5242, Loss: 3.6837, NLL: 3.6837, Coverage: 0.0000
  Batch 3970/5242, Loss: 3.7005, NLL: 3.7005, Coverage: 0.0000
  Batch 3980/5242, Loss: 4.1162, NLL: 4.1162, Coverage: 0.0000
  Batch 3990/5242, Loss: 3.4826, NLL: 3.4826, Coverage: 0.0000
  Batch 4000/5242, Loss: 3.7328, NLL: 3.7328, Coverage: 0.0000
  Batch 4010/5242, Loss: 4.4027, NLL: 4.4027, Coverage: 0.0000
  Batch 4020/5242, Loss: 4.0648, NLL: 4.0648, Coverage: 0.0000
  Batch 4030/5242, Loss: 4.0304, NLL: 4.0304, Coverage: 0.0000
  Batch 4040/5242, Loss: 3.9214, NLL: 3.9214, Coverage: 0.0000
  Batch 4050/5242, Loss: 3.8197, NLL: 3.8197, Coverage: 0.0000
  Batch 4060/5242, Loss: 3.9346, NLL: 3.9346, Coverage: 0.0000
  Batch 4070/5242, Loss: 4.0826, NLL: 4.0826, Coverage: 0.0000
  Batch 4080/5242, Loss: 3.8555, NLL: 3.8555, Coverage: 0.0000
  Batch 4090/5242, Loss: 3.7863, NLL: 3.7863, Coverage: 0.0000
  Batch 4100/5242, Loss: 4.0509, NLL: 4.0509, Coverage: 0.0000
  Batch 4110/5242, Loss: 4.2411, NLL: 4.2411, Coverage: 0.0000
  Batch 4120/5242, Loss: 3.9570, NLL: 3.9570, Coverage: 0.0000
  Batch 4130/5242, Loss: 4.0696, NLL: 4.0696, Coverage: 0.0000
  Batch 4140/5242, Loss: 3.5921, NLL: 3.5921, Coverage: 0.0000
  Batch 4150/5242, Loss: 4.1342, NLL: 4.1342, Coverage: 0.0000
  Batch 4160/5242, Loss: 4.5560, NLL: 4.5560, Coverage: 0.0000
  Batch 4170/5242, Loss: 3.4489, NLL: 3.4489, Coverage: 0.0000
  Batch 4180/5242, Loss: 5.0920, NLL: 5.0920, Coverage: 0.0000
  Batch 4190/5242, Loss: 4.6318, NLL: 4.6318, Coverage: 0.0000
  Batch 4200/5242, Loss: 4.1131, NLL: 4.1131, Coverage: 0.0000
  Batch 4210/5242, Loss: 3.9197, NLL: 3.9197, Coverage: 0.0000
  Batch 4220/5242, Loss: 3.7240, NLL: 3.7240, Coverage: 0.0000
  Batch 4230/5242, Loss: 4.2769, NLL: 4.2769, Coverage: 0.0000
  Batch 4240/5242, Loss: 4.1042, NLL: 4.1042, Coverage: 0.0000
  Batch 4250/5242, Loss: 3.7712, NLL: 3.7712, Coverage: 0.0000
  Batch 4260/5242, Loss: 3.9294, NLL: 3.9294, Coverage: 0.0000
  Batch 4270/5242, Loss: 4.4844, NLL: 4.4844, Coverage: 0.0000
  Batch 4280/5242, Loss: 3.6831, NLL: 3.6831, Coverage: 0.0000
  Batch 4290/5242, Loss: 3.8368, NLL: 3.8368, Coverage: 0.0000
  Batch 4300/5242, Loss: 4.0715, NLL: 4.0715, Coverage: 0.0000
  Batch 4310/5242, Loss: 4.0499, NLL: 4.0499, Coverage: 0.0000
  Batch 4320/5242, Loss: 4.1689, NLL: 4.1689, Coverage: 0.0000
  Batch 4330/5242, Loss: 4.1500, NLL: 4.1500, Coverage: 0.0000
  Batch 4340/5242, Loss: 3.8213, NLL: 3.8213, Coverage: 0.0000
  Batch 4350/5242, Loss: 3.7917, NLL: 3.7917, Coverage: 0.0000
  Batch 4360/5242, Loss: 3.5949, NLL: 3.5949, Coverage: 0.0000
  Batch 4370/5242, Loss: 3.6628, NLL: 3.6628, Coverage: 0.0000
  Batch 4380/5242, Loss: 3.9515, NLL: 3.9515, Coverage: 0.0000
  Batch 4390/5242, Loss: 4.3272, NLL: 4.3272, Coverage: 0.0000
  Batch 4400/5242, Loss: 3.9060, NLL: 3.9060, Coverage: 0.0000
  Batch 4410/5242, Loss: 4.0194, NLL: 4.0194, Coverage: 0.0000
  Batch 4420/5242, Loss: 3.6616, NLL: 3.6616, Coverage: 0.0000
  Batch 4430/5242, Loss: 4.0119, NLL: 4.0119, Coverage: 0.0000
  Batch 4440/5242, Loss: 3.8046, NLL: 3.8046, Coverage: 0.0000
  Batch 4450/5242, Loss: 3.7337, NLL: 3.7337, Coverage: 0.0000
  Batch 4460/5242, Loss: 3.9888, NLL: 3.9888, Coverage: 0.0000
  Batch 4470/5242, Loss: 3.5252, NLL: 3.5252, Coverage: 0.0000
  Batch 4480/5242, Loss: 3.7320, NLL: 3.7320, Coverage: 0.0000
  Batch 4490/5242, Loss: 3.4515, NLL: 3.4515, Coverage: 0.0000
  Batch 4500/5242, Loss: 3.7487, NLL: 3.7487, Coverage: 0.0000
  Batch 4510/5242, Loss: 3.9812, NLL: 3.9812, Coverage: 0.0000
  Batch 4520/5242, Loss: 3.6596, NLL: 3.6596, Coverage: 0.0000
  Batch 4530/5242, Loss: 4.4064, NLL: 4.4064, Coverage: 0.0000
  Batch 4540/5242, Loss: 4.4876, NLL: 4.4876, Coverage: 0.0000
  Batch 4550/5242, Loss: 3.9419, NLL: 3.9419, Coverage: 0.0000
  Batch 4560/5242, Loss: 4.3195, NLL: 4.3195, Coverage: 0.0000
  Batch 4570/5242, Loss: 3.7690, NLL: 3.7690, Coverage: 0.0000
  Batch 4580/5242, Loss: 3.7870, NLL: 3.7870, Coverage: 0.0000
  Batch 4590/5242, Loss: 4.0876, NLL: 4.0876, Coverage: 0.0000
  Batch 4600/5242, Loss: 3.7591, NLL: 3.7591, Coverage: 0.0000
  Batch 4610/5242, Loss: 4.0331, NLL: 4.0331, Coverage: 0.0000
  Batch 4620/5242, Loss: 3.8866, NLL: 3.8866, Coverage: 0.0000
  Batch 4630/5242, Loss: 3.9053, NLL: 3.9053, Coverage: 0.0000
  Batch 4640/5242, Loss: 3.9220, NLL: 3.9220, Coverage: 0.0000
  Batch 4650/5242, Loss: 3.8758, NLL: 3.8758, Coverage: 0.0000
  Batch 4660/5242, Loss: 3.9983, NLL: 3.9983, Coverage: 0.0000
  Batch 4670/5242, Loss: 3.8830, NLL: 3.8830, Coverage: 0.0000
  Batch 4680/5242, Loss: 4.1164, NLL: 4.1164, Coverage: 0.0000
  Batch 4690/5242, Loss: 4.0660, NLL: 4.0660, Coverage: 0.0000
  Batch 4700/5242, Loss: 3.9675, NLL: 3.9675, Coverage: 0.0000
  Batch 4710/5242, Loss: 4.5038, NLL: 4.5038, Coverage: 0.0000
  Batch 4720/5242, Loss: 3.8403, NLL: 3.8403, Coverage: 0.0000
  Batch 4730/5242, Loss: 4.0185, NLL: 4.0185, Coverage: 0.0000
  Batch 4740/5242, Loss: 3.9389, NLL: 3.9389, Coverage: 0.0000
  Batch 4750/5242, Loss: 3.9914, NLL: 3.9914, Coverage: 0.0000
  Batch 4760/5242, Loss: 4.0335, NLL: 4.0335, Coverage: 0.0000
  Batch 4770/5242, Loss: 3.9825, NLL: 3.9825, Coverage: 0.0000
  Batch 4780/5242, Loss: 3.5645, NLL: 3.5645, Coverage: 0.0000
  Batch 4790/5242, Loss: 3.7683, NLL: 3.7683, Coverage: 0.0000
  Batch 4800/5242, Loss: 4.1856, NLL: 4.1856, Coverage: 0.0000
  Batch 4810/5242, Loss: 4.4000, NLL: 4.4000, Coverage: 0.0000
  Batch 4820/5242, Loss: 4.0224, NLL: 4.0224, Coverage: 0.0000
  Batch 4830/5242, Loss: 3.8185, NLL: 3.8185, Coverage: 0.0000
  Batch 4840/5242, Loss: 3.6834, NLL: 3.6834, Coverage: 0.0000
  Batch 4850/5242, Loss: 4.2837, NLL: 4.2837, Coverage: 0.0000
  Batch 4860/5242, Loss: 3.2985, NLL: 3.2985, Coverage: 0.0000
  Batch 4870/5242, Loss: 3.8794, NLL: 3.8794, Coverage: 0.0000
  Batch 4880/5242, Loss: 4.2299, NLL: 4.2299, Coverage: 0.0000
  Batch 4890/5242, Loss: 4.2857, NLL: 4.2857, Coverage: 0.0000
  Batch 4900/5242, Loss: 4.2215, NLL: 4.2215, Coverage: 0.0000
  Batch 4910/5242, Loss: 3.8517, NLL: 3.8517, Coverage: 0.0000
  Batch 4920/5242, Loss: 3.7076, NLL: 3.7076, Coverage: 0.0000
  Batch 4930/5242, Loss: 4.0037, NLL: 4.0037, Coverage: 0.0000
  Batch 4940/5242, Loss: 3.8895, NLL: 3.8895, Coverage: 0.0000
  Batch 4950/5242, Loss: 3.6154, NLL: 3.6154, Coverage: 0.0000
  Batch 4960/5242, Loss: 4.3264, NLL: 4.3264, Coverage: 0.0000
  Batch 4970/5242, Loss: 3.9163, NLL: 3.9163, Coverage: 0.0000
  Batch 4980/5242, Loss: 3.8187, NLL: 3.8187, Coverage: 0.0000
  Batch 4990/5242, Loss: 4.1131, NLL: 4.1131, Coverage: 0.0000
  Batch 5000/5242, Loss: 3.9955, NLL: 3.9955, Coverage: 0.0000
  Batch 5010/5242, Loss: 4.0143, NLL: 4.0143, Coverage: 0.0000
  Batch 5020/5242, Loss: 4.0229, NLL: 4.0229, Coverage: 0.0000
  Batch 5030/5242, Loss: 3.9771, NLL: 3.9771, Coverage: 0.0000
  Batch 5040/5242, Loss: 3.6739, NLL: 3.6739, Coverage: 0.0000
  Batch 5050/5242, Loss: 3.8872, NLL: 3.8872, Coverage: 0.0000
  Batch 5060/5242, Loss: 3.9550, NLL: 3.9550, Coverage: 0.0000
  Batch 5070/5242, Loss: 4.5082, NLL: 4.5082, Coverage: 0.0000
  Batch 5080/5242, Loss: 3.9946, NLL: 3.9946, Coverage: 0.0000
  Batch 5090/5242, Loss: 3.9030, NLL: 3.9030, Coverage: 0.0000
  Batch 5100/5242, Loss: 4.2093, NLL: 4.2093, Coverage: 0.0000
  Batch 5110/5242, Loss: 3.5691, NLL: 3.5691, Coverage: 0.0000
  Batch 5120/5242, Loss: 4.0060, NLL: 4.0060, Coverage: 0.0000
  Batch 5130/5242, Loss: 4.0004, NLL: 4.0004, Coverage: 0.0000
  Batch 5140/5242, Loss: 4.1512, NLL: 4.1512, Coverage: 0.0000
  Batch 5150/5242, Loss: 3.8203, NLL: 3.8203, Coverage: 0.0000
  Batch 5160/5242, Loss: 4.4573, NLL: 4.4573, Coverage: 0.0000
  Batch 5170/5242, Loss: 3.8034, NLL: 3.8034, Coverage: 0.0000
  Batch 5180/5242, Loss: 3.5768, NLL: 3.5768, Coverage: 0.0000
  Batch 5190/5242, Loss: 4.6391, NLL: 4.6391, Coverage: 0.0000
  Batch 5200/5242, Loss: 3.8863, NLL: 3.8863, Coverage: 0.0000
  Batch 5210/5242, Loss: 3.6333, NLL: 3.6333, Coverage: 0.0000
  Batch 5220/5242, Loss: 3.5646, NLL: 3.5646, Coverage: 0.0000
  Batch 5230/5242, Loss: 3.5334, NLL: 3.5334, Coverage: 0.0000
  Batch 5240/5242, Loss: 3.8065, NLL: 3.8065, Coverage: 0.0000

  Train Loss: 3.9388 (NLL: 3.9388, Cov: 0.0000)
  Val Loss: 6.4027 (NLL: 6.4027, Cov: 0.0000)
  Time: 34m 13s
  ✓ Saved checkpoint to /scratch/aitordiez/News2Stock/pointer_generator_fasttext/checkpoints/checkpoint_epoch_15.pt

Epoch 16/20
----------------------------------------
  Batch 10/5242, Loss: 3.8050, NLL: 3.8050, Coverage: 0.0000
  Batch 20/5242, Loss: 3.9753, NLL: 3.9753, Coverage: 0.0000
  Batch 30/5242, Loss: 4.1174, NLL: 4.1174, Coverage: 0.0000
  Batch 40/5242, Loss: 4.1587, NLL: 4.1587, Coverage: 0.0000
  Batch 50/5242, Loss: 3.6964, NLL: 3.6964, Coverage: 0.0000
  Batch 60/5242, Loss: 3.8862, NLL: 3.8862, Coverage: 0.0000
  Batch 70/5242, Loss: 3.7104, NLL: 3.7104, Coverage: 0.0000
  Batch 80/5242, Loss: 3.9956, NLL: 3.9956, Coverage: 0.0000
  Batch 90/5242, Loss: 3.9271, NLL: 3.9271, Coverage: 0.0000
  Batch 100/5242, Loss: 4.1183, NLL: 4.1183, Coverage: 0.0000
  Batch 110/5242, Loss: 3.6900, NLL: 3.6900, Coverage: 0.0000
  Batch 120/5242, Loss: 3.9477, NLL: 3.9477, Coverage: 0.0000
  Batch 130/5242, Loss: 4.0924, NLL: 4.0924, Coverage: 0.0000
  Batch 140/5242, Loss: 4.2033, NLL: 4.2033, Coverage: 0.0000
  Batch 150/5242, Loss: 4.2637, NLL: 4.2637, Coverage: 0.0000
  Batch 160/5242, Loss: 3.9080, NLL: 3.9080, Coverage: 0.0000
  Batch 170/5242, Loss: 3.6431, NLL: 3.6431, Coverage: 0.0000
  Batch 180/5242, Loss: 3.7935, NLL: 3.7935, Coverage: 0.0000
  Batch 190/5242, Loss: 3.8331, NLL: 3.8331, Coverage: 0.0000
  Batch 200/5242, Loss: 3.9088, NLL: 3.9088, Coverage: 0.0000
  Batch 210/5242, Loss: 3.7381, NLL: 3.7381, Coverage: 0.0000
  Batch 220/5242, Loss: 3.6142, NLL: 3.6142, Coverage: 0.0000
  Batch 230/5242, Loss: 4.3739, NLL: 4.3739, Coverage: 0.0000
  Batch 240/5242, Loss: 3.7689, NLL: 3.7689, Coverage: 0.0000
  Batch 250/5242, Loss: 4.1260, NLL: 4.1260, Coverage: 0.0000
  Batch 260/5242, Loss: 3.8623, NLL: 3.8623, Coverage: 0.0000
  Batch 270/5242, Loss: 4.0293, NLL: 4.0293, Coverage: 0.0000
  Batch 280/5242, Loss: 4.1340, NLL: 4.1340, Coverage: 0.0000
  Batch 290/5242, Loss: 3.9735, NLL: 3.9735, Coverage: 0.0000
  Batch 300/5242, Loss: 4.2733, NLL: 4.2733, Coverage: 0.0000
  Batch 310/5242, Loss: 3.9729, NLL: 3.9729, Coverage: 0.0000
  Batch 320/5242, Loss: 3.7286, NLL: 3.7286, Coverage: 0.0000
  Batch 330/5242, Loss: 3.7361, NLL: 3.7361, Coverage: 0.0000
  Batch 340/5242, Loss: 3.8853, NLL: 3.8853, Coverage: 0.0000
  Batch 350/5242, Loss: 4.0695, NLL: 4.0695, Coverage: 0.0000
  Batch 360/5242, Loss: 3.4310, NLL: 3.4310, Coverage: 0.0000
  Batch 370/5242, Loss: 4.3468, NLL: 4.3468, Coverage: 0.0000
  Batch 380/5242, Loss: 4.4107, NLL: 4.4107, Coverage: 0.0000
  Batch 390/5242, Loss: 3.8052, NLL: 3.8052, Coverage: 0.0000
  Batch 400/5242, Loss: 4.0431, NLL: 4.0431, Coverage: 0.0000
  Batch 410/5242, Loss: 3.7554, NLL: 3.7554, Coverage: 0.0000
  Batch 420/5242, Loss: 3.4544, NLL: 3.4544, Coverage: 0.0000
  Batch 430/5242, Loss: 3.8794, NLL: 3.8794, Coverage: 0.0000
  Batch 440/5242, Loss: 3.4465, NLL: 3.4465, Coverage: 0.0000
  Batch 450/5242, Loss: 3.8758, NLL: 3.8758, Coverage: 0.0000
  Batch 460/5242, Loss: 3.9203, NLL: 3.9203, Coverage: 0.0000
  Batch 470/5242, Loss: 3.8815, NLL: 3.8815, Coverage: 0.0000
  Batch 480/5242, Loss: 3.2904, NLL: 3.2904, Coverage: 0.0000
  Batch 490/5242, Loss: 3.9738, NLL: 3.9738, Coverage: 0.0000
  Batch 500/5242, Loss: 3.6787, NLL: 3.6787, Coverage: 0.0000
  Batch 510/5242, Loss: 3.8061, NLL: 3.8061, Coverage: 0.0000
  Batch 520/5242, Loss: 3.6157, NLL: 3.6157, Coverage: 0.0000
  Batch 530/5242, Loss: 4.1189, NLL: 4.1189, Coverage: 0.0000
  Batch 540/5242, Loss: 3.6219, NLL: 3.6219, Coverage: 0.0000
  Batch 550/5242, Loss: 3.5566, NLL: 3.5566, Coverage: 0.0000
  Batch 560/5242, Loss: 4.0208, NLL: 4.0208, Coverage: 0.0000
  Batch 570/5242, Loss: 3.9652, NLL: 3.9652, Coverage: 0.0000
  Batch 580/5242, Loss: 3.6377, NLL: 3.6377, Coverage: 0.0000
  Batch 590/5242, Loss: 4.1993, NLL: 4.1993, Coverage: 0.0000
  Batch 600/5242, Loss: 3.8663, NLL: 3.8663, Coverage: 0.0000
  Batch 610/5242, Loss: 3.9663, NLL: 3.9663, Coverage: 0.0000
  Batch 620/5242, Loss: 4.2072, NLL: 4.2072, Coverage: 0.0000
  Batch 630/5242, Loss: 4.1806, NLL: 4.1806, Coverage: 0.0000
  Batch 640/5242, Loss: 3.9560, NLL: 3.9560, Coverage: 0.0000
  Batch 650/5242, Loss: 3.7770, NLL: 3.7770, Coverage: 0.0000
  Batch 660/5242, Loss: 4.0682, NLL: 4.0682, Coverage: 0.0000
  Batch 670/5242, Loss: 4.3505, NLL: 4.3505, Coverage: 0.0000
  Batch 680/5242, Loss: 3.5613, NLL: 3.5613, Coverage: 0.0000
  Batch 690/5242, Loss: 4.0190, NLL: 4.0190, Coverage: 0.0000
  Batch 700/5242, Loss: 4.3694, NLL: 4.3694, Coverage: 0.0000
  Batch 710/5242, Loss: 4.4975, NLL: 4.4975, Coverage: 0.0000
  Batch 720/5242, Loss: 4.2170, NLL: 4.2170, Coverage: 0.0000
  Batch 730/5242, Loss: 3.5235, NLL: 3.5235, Coverage: 0.0000
  Batch 740/5242, Loss: 3.6986, NLL: 3.6986, Coverage: 0.0000
  Batch 750/5242, Loss: 3.9701, NLL: 3.9701, Coverage: 0.0000
  Batch 760/5242, Loss: 3.9817, NLL: 3.9817, Coverage: 0.0000
  Batch 770/5242, Loss: 3.8852, NLL: 3.8852, Coverage: 0.0000
  Batch 780/5242, Loss: 3.8694, NLL: 3.8694, Coverage: 0.0000
  Batch 790/5242, Loss: 4.2231, NLL: 4.2231, Coverage: 0.0000
  Batch 800/5242, Loss: 4.0003, NLL: 4.0003, Coverage: 0.0000
  Batch 810/5242, Loss: 4.0516, NLL: 4.0516, Coverage: 0.0000
  Batch 820/5242, Loss: 4.0992, NLL: 4.0992, Coverage: 0.0000
  Batch 830/5242, Loss: 4.2612, NLL: 4.2612, Coverage: 0.0000
  Batch 840/5242, Loss: 3.9888, NLL: 3.9888, Coverage: 0.0000
  Batch 850/5242, Loss: 4.2463, NLL: 4.2463, Coverage: 0.0000
  Batch 860/5242, Loss: 4.0443, NLL: 4.0443, Coverage: 0.0000
  Batch 870/5242, Loss: 3.9429, NLL: 3.9429, Coverage: 0.0000
  Batch 880/5242, Loss: 4.4463, NLL: 4.4463, Coverage: 0.0000
  Batch 890/5242, Loss: 4.0575, NLL: 4.0575, Coverage: 0.0000
  Batch 900/5242, Loss: 3.5118, NLL: 3.5118, Coverage: 0.0000
  Batch 910/5242, Loss: 4.0227, NLL: 4.0227, Coverage: 0.0000
  Batch 920/5242, Loss: 3.9609, NLL: 3.9609, Coverage: 0.0000
  Batch 930/5242, Loss: 3.3203, NLL: 3.3203, Coverage: 0.0000
  Batch 940/5242, Loss: 3.7950, NLL: 3.7950, Coverage: 0.0000
  Batch 950/5242, Loss: 3.5077, NLL: 3.5077, Coverage: 0.0000
  Batch 960/5242, Loss: 3.9393, NLL: 3.9393, Coverage: 0.0000
  Batch 970/5242, Loss: 3.9652, NLL: 3.9652, Coverage: 0.0000
  Batch 980/5242, Loss: 3.8807, NLL: 3.8807, Coverage: 0.0000
  Batch 990/5242, Loss: 4.1173, NLL: 4.1173, Coverage: 0.0000
  Batch 1000/5242, Loss: 4.0053, NLL: 4.0053, Coverage: 0.0000
  Batch 1010/5242, Loss: 3.6988, NLL: 3.6988, Coverage: 0.0000
  Batch 1020/5242, Loss: 3.7676, NLL: 3.7676, Coverage: 0.0000
  Batch 1030/5242, Loss: 3.7167, NLL: 3.7167, Coverage: 0.0000
  Batch 1040/5242, Loss: 3.6321, NLL: 3.6321, Coverage: 0.0000
  Batch 1050/5242, Loss: 3.4375, NLL: 3.4375, Coverage: 0.0000
  Batch 1060/5242, Loss: 3.7717, NLL: 3.7717, Coverage: 0.0000
  Batch 1070/5242, Loss: 4.1638, NLL: 4.1638, Coverage: 0.0000
  Batch 1080/5242, Loss: 3.8123, NLL: 3.8123, Coverage: 0.0000
  Batch 1090/5242, Loss: 4.2519, NLL: 4.2519, Coverage: 0.0000
  Batch 1100/5242, Loss: 4.2358, NLL: 4.2358, Coverage: 0.0000
  Batch 1110/5242, Loss: 3.7747, NLL: 3.7747, Coverage: 0.0000
  Batch 1120/5242, Loss: 3.0013, NLL: 3.0013, Coverage: 0.0000
  Batch 1130/5242, Loss: 4.2298, NLL: 4.2298, Coverage: 0.0000
  Batch 1140/5242, Loss: 3.5479, NLL: 3.5479, Coverage: 0.0000
  Batch 1150/5242, Loss: 3.9954, NLL: 3.9954, Coverage: 0.0000
  Batch 1160/5242, Loss: 4.1255, NLL: 4.1255, Coverage: 0.0000
  Batch 1170/5242, Loss: 4.2904, NLL: 4.2904, Coverage: 0.0000
  Batch 1180/5242, Loss: 3.7570, NLL: 3.7570, Coverage: 0.0000
  Batch 1190/5242, Loss: 4.0002, NLL: 4.0002, Coverage: 0.0000
  Batch 1200/5242, Loss: 3.8729, NLL: 3.8729, Coverage: 0.0000
  Batch 1210/5242, Loss: 3.8567, NLL: 3.8567, Coverage: 0.0000
  Batch 1220/5242, Loss: 3.9733, NLL: 3.9733, Coverage: 0.0000
  Batch 1230/5242, Loss: 3.9966, NLL: 3.9966, Coverage: 0.0000
  Batch 1240/5242, Loss: 4.3134, NLL: 4.3134, Coverage: 0.0000
  Batch 1250/5242, Loss: 3.6649, NLL: 3.6649, Coverage: 0.0000
  Batch 1260/5242, Loss: 4.0140, NLL: 4.0140, Coverage: 0.0000
  Batch 1270/5242, Loss: 3.6332, NLL: 3.6332, Coverage: 0.0000
  Batch 1280/5242, Loss: 4.1619, NLL: 4.1619, Coverage: 0.0000
  Batch 1290/5242, Loss: 4.0361, NLL: 4.0361, Coverage: 0.0000
  Batch 1300/5242, Loss: 3.7965, NLL: 3.7965, Coverage: 0.0000
  Batch 1310/5242, Loss: 4.0949, NLL: 4.0949, Coverage: 0.0000
  Batch 1320/5242, Loss: 3.5544, NLL: 3.5544, Coverage: 0.0000
  Batch 1330/5242, Loss: 4.1304, NLL: 4.1304, Coverage: 0.0000
  Batch 1340/5242, Loss: 3.6882, NLL: 3.6882, Coverage: 0.0000
  Batch 1350/5242, Loss: 3.8955, NLL: 3.8955, Coverage: 0.0000
  Batch 1360/5242, Loss: 3.9452, NLL: 3.9452, Coverage: 0.0000
  Batch 1370/5242, Loss: 3.9258, NLL: 3.9258, Coverage: 0.0000
  Batch 1380/5242, Loss: 3.8321, NLL: 3.8321, Coverage: 0.0000
  Batch 1390/5242, Loss: 3.9921, NLL: 3.9921, Coverage: 0.0000
  Batch 1400/5242, Loss: 3.6940, NLL: 3.6940, Coverage: 0.0000
  Batch 1410/5242, Loss: 3.4812, NLL: 3.4812, Coverage: 0.0000
  Batch 1420/5242, Loss: 3.6489, NLL: 3.6489, Coverage: 0.0000
  Batch 1430/5242, Loss: 3.8920, NLL: 3.8920, Coverage: 0.0000
  Batch 1440/5242, Loss: 3.7334, NLL: 3.7334, Coverage: 0.0000
  Batch 1450/5242, Loss: 3.7744, NLL: 3.7744, Coverage: 0.0000
  Batch 1460/5242, Loss: 4.0579, NLL: 4.0579, Coverage: 0.0000
  Batch 1470/5242, Loss: 4.1428, NLL: 4.1428, Coverage: 0.0000
  Batch 1480/5242, Loss: 3.5806, NLL: 3.5806, Coverage: 0.0000
  Batch 1490/5242, Loss: 3.9735, NLL: 3.9735, Coverage: 0.0000
  Batch 1500/5242, Loss: 4.2502, NLL: 4.2502, Coverage: 0.0000
  Batch 1510/5242, Loss: 4.1630, NLL: 4.1630, Coverage: 0.0000
  Batch 1520/5242, Loss: 4.4106, NLL: 4.4106, Coverage: 0.0000
  Batch 1530/5242, Loss: 3.9554, NLL: 3.9554, Coverage: 0.0000
  Batch 1540/5242, Loss: 4.0587, NLL: 4.0587, Coverage: 0.0000
  Batch 1550/5242, Loss: 3.7265, NLL: 3.7265, Coverage: 0.0000
  Batch 1560/5242, Loss: 3.9087, NLL: 3.9087, Coverage: 0.0000
  Batch 1570/5242, Loss: 3.6008, NLL: 3.6008, Coverage: 0.0000
  Batch 1580/5242, Loss: 3.8209, NLL: 3.8209, Coverage: 0.0000
  Batch 1590/5242, Loss: 3.4185, NLL: 3.4185, Coverage: 0.0000
  Batch 1600/5242, Loss: 3.9277, NLL: 3.9277, Coverage: 0.0000
  Batch 1610/5242, Loss: 4.2378, NLL: 4.2378, Coverage: 0.0000
  Batch 1620/5242, Loss: 3.7598, NLL: 3.7598, Coverage: 0.0000
  Batch 1630/5242, Loss: 3.4442, NLL: 3.4442, Coverage: 0.0000
  Batch 1640/5242, Loss: 3.9486, NLL: 3.9486, Coverage: 0.0000
  Batch 1650/5242, Loss: 3.5455, NLL: 3.5455, Coverage: 0.0000
  Batch 1660/5242, Loss: 3.8429, NLL: 3.8429, Coverage: 0.0000
  Batch 1670/5242, Loss: 3.6044, NLL: 3.6044, Coverage: 0.0000
  Batch 1680/5242, Loss: 4.1986, NLL: 4.1986, Coverage: 0.0000
  Batch 1690/5242, Loss: 3.9104, NLL: 3.9104, Coverage: 0.0000
  Batch 1700/5242, Loss: 3.2877, NLL: 3.2877, Coverage: 0.0000
  Batch 1710/5242, Loss: 3.9185, NLL: 3.9185, Coverage: 0.0000
  Batch 1720/5242, Loss: 3.8968, NLL: 3.8968, Coverage: 0.0000
  Batch 1730/5242, Loss: 3.6028, NLL: 3.6028, Coverage: 0.0000
  Batch 1740/5242, Loss: 3.3935, NLL: 3.3935, Coverage: 0.0000
  Batch 1750/5242, Loss: 4.4353, NLL: 4.4353, Coverage: 0.0000
  Batch 1760/5242, Loss: 3.6741, NLL: 3.6741, Coverage: 0.0000
  Batch 1770/5242, Loss: 4.3134, NLL: 4.3134, Coverage: 0.0000
  Batch 1780/5242, Loss: 3.9873, NLL: 3.9873, Coverage: 0.0000
  Batch 1790/5242, Loss: 4.1352, NLL: 4.1352, Coverage: 0.0000
  Batch 1800/5242, Loss: 4.3336, NLL: 4.3336, Coverage: 0.0000
  Batch 1810/5242, Loss: 3.8758, NLL: 3.8758, Coverage: 0.0000
  Batch 1820/5242, Loss: 4.1995, NLL: 4.1995, Coverage: 0.0000
  Batch 1830/5242, Loss: 4.2526, NLL: 4.2526, Coverage: 0.0000
  Batch 1840/5242, Loss: 4.1190, NLL: 4.1190, Coverage: 0.0000
  Batch 1850/5242, Loss: 4.2733, NLL: 4.2733, Coverage: 0.0000
  Batch 1860/5242, Loss: 4.1777, NLL: 4.1777, Coverage: 0.0000
  Batch 1870/5242, Loss: 4.2997, NLL: 4.2997, Coverage: 0.0000
  Batch 1880/5242, Loss: 4.2385, NLL: 4.2385, Coverage: 0.0000
  Batch 1890/5242, Loss: 3.8932, NLL: 3.8932, Coverage: 0.0000
  Batch 1900/5242, Loss: 3.4941, NLL: 3.4941, Coverage: 0.0000
  Batch 1910/5242, Loss: 3.6523, NLL: 3.6523, Coverage: 0.0000
  Batch 1920/5242, Loss: 4.2964, NLL: 4.2964, Coverage: 0.0000
  Batch 1930/5242, Loss: 4.3967, NLL: 4.3967, Coverage: 0.0000
  Batch 1940/5242, Loss: 4.2516, NLL: 4.2516, Coverage: 0.0000
  Batch 1950/5242, Loss: 3.7811, NLL: 3.7811, Coverage: 0.0000
  Batch 1960/5242, Loss: 4.1005, NLL: 4.1005, Coverage: 0.0000
  Batch 1970/5242, Loss: 3.9421, NLL: 3.9421, Coverage: 0.0000
  Batch 1980/5242, Loss: 4.1251, NLL: 4.1251, Coverage: 0.0000
  Batch 1990/5242, Loss: 4.2115, NLL: 4.2115, Coverage: 0.0000
  Batch 2000/5242, Loss: 3.7108, NLL: 3.7108, Coverage: 0.0000
  Batch 2010/5242, Loss: 3.9488, NLL: 3.9488, Coverage: 0.0000
  Batch 2020/5242, Loss: 3.5945, NLL: 3.5945, Coverage: 0.0000
  Batch 2030/5242, Loss: 3.2561, NLL: 3.2561, Coverage: 0.0000
  Batch 2040/5242, Loss: 4.0851, NLL: 4.0851, Coverage: 0.0000
  Batch 2050/5242, Loss: 3.9774, NLL: 3.9774, Coverage: 0.0000
  Batch 2060/5242, Loss: 3.8891, NLL: 3.8891, Coverage: 0.0000
  Batch 2070/5242, Loss: 4.2880, NLL: 4.2880, Coverage: 0.0000
  Batch 2080/5242, Loss: 3.7555, NLL: 3.7555, Coverage: 0.0000
  Batch 2090/5242, Loss: 4.5557, NLL: 4.5557, Coverage: 0.0000
  Batch 2100/5242, Loss: 3.4298, NLL: 3.4298, Coverage: 0.0000
  Batch 2110/5242, Loss: 4.2473, NLL: 4.2473, Coverage: 0.0000
  Batch 2120/5242, Loss: 3.8923, NLL: 3.8923, Coverage: 0.0000
  Batch 2130/5242, Loss: 3.8527, NLL: 3.8527, Coverage: 0.0000
  Batch 2140/5242, Loss: 3.8571, NLL: 3.8571, Coverage: 0.0000
  Batch 2150/5242, Loss: 4.4610, NLL: 4.4610, Coverage: 0.0000
  Batch 2160/5242, Loss: 4.3132, NLL: 4.3132, Coverage: 0.0000
  Batch 2170/5242, Loss: 4.2808, NLL: 4.2808, Coverage: 0.0000
  Batch 2180/5242, Loss: 4.0519, NLL: 4.0519, Coverage: 0.0000
  Batch 2190/5242, Loss: 4.4377, NLL: 4.4377, Coverage: 0.0000
  Batch 2200/5242, Loss: 4.2393, NLL: 4.2393, Coverage: 0.0000
  Batch 2210/5242, Loss: 3.5578, NLL: 3.5578, Coverage: 0.0000
  Batch 2220/5242, Loss: 4.2870, NLL: 4.2870, Coverage: 0.0000
  Batch 2230/5242, Loss: 3.8913, NLL: 3.8913, Coverage: 0.0000
  Batch 2240/5242, Loss: 3.8517, NLL: 3.8517, Coverage: 0.0000
  Batch 2250/5242, Loss: 4.0923, NLL: 4.0923, Coverage: 0.0000
  Batch 2260/5242, Loss: 3.4432, NLL: 3.4432, Coverage: 0.0000
  Batch 2270/5242, Loss: 3.8581, NLL: 3.8581, Coverage: 0.0000
  Batch 2280/5242, Loss: 3.8070, NLL: 3.8070, Coverage: 0.0000
  Batch 2290/5242, Loss: 3.8110, NLL: 3.8110, Coverage: 0.0000
  Batch 2300/5242, Loss: 3.8822, NLL: 3.8822, Coverage: 0.0000
  Batch 2310/5242, Loss: 4.4156, NLL: 4.4156, Coverage: 0.0000
  Batch 2320/5242, Loss: 4.0281, NLL: 4.0281, Coverage: 0.0000
  Batch 2330/5242, Loss: 4.0409, NLL: 4.0409, Coverage: 0.0000
  Batch 2340/5242, Loss: 4.1003, NLL: 4.1003, Coverage: 0.0000
  Batch 2350/5242, Loss: 4.2274, NLL: 4.2274, Coverage: 0.0000
  Batch 2360/5242, Loss: 4.0296, NLL: 4.0296, Coverage: 0.0000
  Batch 2370/5242, Loss: 3.7444, NLL: 3.7444, Coverage: 0.0000
  Batch 2380/5242, Loss: 4.1181, NLL: 4.1181, Coverage: 0.0000
  Batch 2390/5242, Loss: 4.4143, NLL: 4.4143, Coverage: 0.0000
  Batch 2400/5242, Loss: 3.8975, NLL: 3.8975, Coverage: 0.0000
  Batch 2410/5242, Loss: 3.8482, NLL: 3.8482, Coverage: 0.0000
  Batch 2420/5242, Loss: 3.6267, NLL: 3.6267, Coverage: 0.0000
  Batch 2430/5242, Loss: 3.9835, NLL: 3.9835, Coverage: 0.0000
  Batch 2440/5242, Loss: 3.6976, NLL: 3.6976, Coverage: 0.0000
  Batch 2450/5242, Loss: 3.6284, NLL: 3.6284, Coverage: 0.0000
  Batch 2460/5242, Loss: 4.1736, NLL: 4.1736, Coverage: 0.0000
  Batch 2470/5242, Loss: 3.8350, NLL: 3.8350, Coverage: 0.0000
  Batch 2480/5242, Loss: 3.6376, NLL: 3.6376, Coverage: 0.0000
  Batch 2490/5242, Loss: 3.9125, NLL: 3.9125, Coverage: 0.0000
  Batch 2500/5242, Loss: 3.9286, NLL: 3.9286, Coverage: 0.0000
  Batch 2510/5242, Loss: 4.0600, NLL: 4.0600, Coverage: 0.0000
  Batch 2520/5242, Loss: 4.0082, NLL: 4.0082, Coverage: 0.0000
  Batch 2530/5242, Loss: 4.1719, NLL: 4.1719, Coverage: 0.0000
  Batch 2540/5242, Loss: 3.4290, NLL: 3.4290, Coverage: 0.0000
  Batch 2550/5242, Loss: 3.8834, NLL: 3.8834, Coverage: 0.0000
  Batch 2560/5242, Loss: 3.6855, NLL: 3.6855, Coverage: 0.0000
  Batch 2570/5242, Loss: 4.0397, NLL: 4.0397, Coverage: 0.0000
  Batch 2580/5242, Loss: 4.2957, NLL: 4.2957, Coverage: 0.0000
  Batch 2590/5242, Loss: 3.8466, NLL: 3.8466, Coverage: 0.0000
  Batch 2600/5242, Loss: 4.0535, NLL: 4.0535, Coverage: 0.0000
  Batch 2610/5242, Loss: 3.9921, NLL: 3.9921, Coverage: 0.0000
  Batch 2620/5242, Loss: 3.5463, NLL: 3.5463, Coverage: 0.0000
  Batch 2630/5242, Loss: 3.7491, NLL: 3.7491, Coverage: 0.0000
  Batch 2640/5242, Loss: 4.1332, NLL: 4.1332, Coverage: 0.0000
  Batch 2650/5242, Loss: 3.5496, NLL: 3.5496, Coverage: 0.0000
  Batch 2660/5242, Loss: 4.0580, NLL: 4.0580, Coverage: 0.0000
  Batch 2670/5242, Loss: 4.0600, NLL: 4.0600, Coverage: 0.0000
  Batch 2680/5242, Loss: 4.0374, NLL: 4.0374, Coverage: 0.0000
  Batch 2690/5242, Loss: 3.7403, NLL: 3.7403, Coverage: 0.0000
  Batch 2700/5242, Loss: 3.6399, NLL: 3.6399, Coverage: 0.0000
  Batch 2710/5242, Loss: 3.7766, NLL: 3.7766, Coverage: 0.0000
  Batch 2720/5242, Loss: 3.8322, NLL: 3.8322, Coverage: 0.0000
  Batch 2730/5242, Loss: 3.6002, NLL: 3.6002, Coverage: 0.0000
  Batch 2740/5242, Loss: 3.9099, NLL: 3.9099, Coverage: 0.0000
  Batch 2750/5242, Loss: 3.7392, NLL: 3.7392, Coverage: 0.0000
  Batch 2760/5242, Loss: 3.3281, NLL: 3.3281, Coverage: 0.0000
  Batch 2770/5242, Loss: 4.1700, NLL: 4.1700, Coverage: 0.0000
  Batch 2780/5242, Loss: 3.7633, NLL: 3.7633, Coverage: 0.0000
  Batch 2790/5242, Loss: 3.5817, NLL: 3.5817, Coverage: 0.0000
  Batch 2800/5242, Loss: 4.2326, NLL: 4.2326, Coverage: 0.0000
  Batch 2810/5242, Loss: 4.0915, NLL: 4.0915, Coverage: 0.0000
  Batch 2820/5242, Loss: 4.3371, NLL: 4.3371, Coverage: 0.0000
  Batch 2830/5242, Loss: 3.8296, NLL: 3.8296, Coverage: 0.0000
  Batch 2840/5242, Loss: 3.6344, NLL: 3.6344, Coverage: 0.0000
  Batch 2850/5242, Loss: 3.8513, NLL: 3.8513, Coverage: 0.0000
  Batch 2860/5242, Loss: 3.7536, NLL: 3.7536, Coverage: 0.0000
  Batch 2870/5242, Loss: 3.4269, NLL: 3.4269, Coverage: 0.0000
  Batch 2880/5242, Loss: 4.0840, NLL: 4.0840, Coverage: 0.0000
  Batch 2890/5242, Loss: 3.8392, NLL: 3.8392, Coverage: 0.0000
  Batch 2900/5242, Loss: 3.7562, NLL: 3.7562, Coverage: 0.0000
  Batch 2910/5242, Loss: 4.1783, NLL: 4.1783, Coverage: 0.0000
  Batch 2920/5242, Loss: 3.8420, NLL: 3.8420, Coverage: 0.0000
  Batch 2930/5242, Loss: 3.7414, NLL: 3.7414, Coverage: 0.0000
  Batch 2940/5242, Loss: 3.7433, NLL: 3.7433, Coverage: 0.0000
  Batch 2950/5242, Loss: 3.6718, NLL: 3.6718, Coverage: 0.0000
  Batch 2960/5242, Loss: 3.8503, NLL: 3.8503, Coverage: 0.0000
  Batch 2970/5242, Loss: 3.3260, NLL: 3.3260, Coverage: 0.0000
  Batch 2980/5242, Loss: 3.6773, NLL: 3.6773, Coverage: 0.0000
  Batch 2990/5242, Loss: 3.8770, NLL: 3.8770, Coverage: 0.0000
  Batch 3000/5242, Loss: 4.2277, NLL: 4.2277, Coverage: 0.0000
  Batch 3010/5242, Loss: 3.9112, NLL: 3.9112, Coverage: 0.0000
  Batch 3020/5242, Loss: 3.8453, NLL: 3.8453, Coverage: 0.0000
  Batch 3030/5242, Loss: 3.7027, NLL: 3.7027, Coverage: 0.0000
  Batch 3040/5242, Loss: 4.1883, NLL: 4.1883, Coverage: 0.0000
  Batch 3050/5242, Loss: 3.8448, NLL: 3.8448, Coverage: 0.0000
  Batch 3060/5242, Loss: 3.1111, NLL: 3.1111, Coverage: 0.0000
  Batch 3070/5242, Loss: 3.5552, NLL: 3.5552, Coverage: 0.0000
  Batch 3080/5242, Loss: 3.6903, NLL: 3.6903, Coverage: 0.0000
  Batch 3090/5242, Loss: 3.9942, NLL: 3.9942, Coverage: 0.0000
  Batch 3100/5242, Loss: 4.2350, NLL: 4.2350, Coverage: 0.0000
  Batch 3110/5242, Loss: 4.3737, NLL: 4.3737, Coverage: 0.0000
  Batch 3120/5242, Loss: 3.3622, NLL: 3.3622, Coverage: 0.0000
  Batch 3130/5242, Loss: 4.2345, NLL: 4.2345, Coverage: 0.0000
  Batch 3140/5242, Loss: 3.7153, NLL: 3.7153, Coverage: 0.0000
  Batch 3150/5242, Loss: 3.5760, NLL: 3.5760, Coverage: 0.0000
  Batch 3160/5242, Loss: 3.5169, NLL: 3.5169, Coverage: 0.0000
  Batch 3170/5242, Loss: 4.2611, NLL: 4.2611, Coverage: 0.0000
  Batch 3180/5242, Loss: 4.0887, NLL: 4.0887, Coverage: 0.0000
  Batch 3190/5242, Loss: 3.9821, NLL: 3.9821, Coverage: 0.0000
  Batch 3200/5242, Loss: 3.9943, NLL: 3.9943, Coverage: 0.0000
  Batch 3210/5242, Loss: 3.9420, NLL: 3.9420, Coverage: 0.0000
  Batch 3220/5242, Loss: 3.9059, NLL: 3.9059, Coverage: 0.0000
  Batch 3230/5242, Loss: 3.9996, NLL: 3.9996, Coverage: 0.0000
  Batch 3240/5242, Loss: 4.1998, NLL: 4.1998, Coverage: 0.0000
  Batch 3250/5242, Loss: 4.0686, NLL: 4.0686, Coverage: 0.0000
  Batch 3260/5242, Loss: 4.0913, NLL: 4.0913, Coverage: 0.0000
  Batch 3270/5242, Loss: 4.5037, NLL: 4.5037, Coverage: 0.0000
  Batch 3280/5242, Loss: 3.9169, NLL: 3.9169, Coverage: 0.0000
  Batch 3290/5242, Loss: 4.2867, NLL: 4.2867, Coverage: 0.0000
  Batch 3300/5242, Loss: 3.9631, NLL: 3.9631, Coverage: 0.0000
  Batch 3310/5242, Loss: 4.4415, NLL: 4.4415, Coverage: 0.0000
  Batch 3320/5242, Loss: 3.9734, NLL: 3.9734, Coverage: 0.0000
  Batch 3330/5242, Loss: 4.0174, NLL: 4.0174, Coverage: 0.0000
  Batch 3340/5242, Loss: 3.8200, NLL: 3.8200, Coverage: 0.0000
  Batch 3350/5242, Loss: 3.6676, NLL: 3.6676, Coverage: 0.0000
  Batch 3360/5242, Loss: 4.3478, NLL: 4.3478, Coverage: 0.0000
  Batch 3370/5242, Loss: 4.1915, NLL: 4.1915, Coverage: 0.0000
  Batch 3380/5242, Loss: 3.9270, NLL: 3.9270, Coverage: 0.0000
  Batch 3390/5242, Loss: 4.3321, NLL: 4.3321, Coverage: 0.0000
  Batch 3400/5242, Loss: 3.8519, NLL: 3.8519, Coverage: 0.0000
  Batch 3410/5242, Loss: 3.8677, NLL: 3.8677, Coverage: 0.0000
  Batch 3420/5242, Loss: 4.0045, NLL: 4.0045, Coverage: 0.0000
  Batch 3430/5242, Loss: 4.3813, NLL: 4.3813, Coverage: 0.0000
  Batch 3440/5242, Loss: 4.1713, NLL: 4.1713, Coverage: 0.0000
  Batch 3450/5242, Loss: 3.9834, NLL: 3.9834, Coverage: 0.0000
  Batch 3460/5242, Loss: 3.7295, NLL: 3.7295, Coverage: 0.0000
  Batch 3470/5242, Loss: 3.3637, NLL: 3.3637, Coverage: 0.0000
  Batch 3480/5242, Loss: 4.1087, NLL: 4.1087, Coverage: 0.0000
  Batch 3490/5242, Loss: 4.4090, NLL: 4.4090, Coverage: 0.0000
  Batch 3500/5242, Loss: 3.4206, NLL: 3.4206, Coverage: 0.0000
  Batch 3510/5242, Loss: 3.9692, NLL: 3.9692, Coverage: 0.0000
  Batch 3520/5242, Loss: 4.0604, NLL: 4.0604, Coverage: 0.0000
  Batch 3530/5242, Loss: 3.3681, NLL: 3.3681, Coverage: 0.0000
  Batch 3540/5242, Loss: 3.6916, NLL: 3.6916, Coverage: 0.0000
  Batch 3550/5242, Loss: 3.6046, NLL: 3.6046, Coverage: 0.0000
  Batch 3560/5242, Loss: 4.1076, NLL: 4.1076, Coverage: 0.0000
  Batch 3570/5242, Loss: 3.7784, NLL: 3.7784, Coverage: 0.0000
  Batch 3580/5242, Loss: 4.4954, NLL: 4.4954, Coverage: 0.0000
  Batch 3590/5242, Loss: 3.7855, NLL: 3.7855, Coverage: 0.0000
  Batch 3600/5242, Loss: 4.3984, NLL: 4.3984, Coverage: 0.0000
  Batch 3610/5242, Loss: 4.0986, NLL: 4.0986, Coverage: 0.0000
  Batch 3620/5242, Loss: 3.4259, NLL: 3.4259, Coverage: 0.0000
  Batch 3630/5242, Loss: 4.1594, NLL: 4.1594, Coverage: 0.0000
  Batch 3640/5242, Loss: 4.2509, NLL: 4.2509, Coverage: 0.0000
  Batch 3650/5242, Loss: 3.9591, NLL: 3.9591, Coverage: 0.0000
  Batch 3660/5242, Loss: 3.8041, NLL: 3.8041, Coverage: 0.0000
  Batch 3670/5242, Loss: 4.0531, NLL: 4.0531, Coverage: 0.0000
  Batch 3680/5242, Loss: 3.8717, NLL: 3.8717, Coverage: 0.0000
  Batch 3690/5242, Loss: 4.3442, NLL: 4.3442, Coverage: 0.0000
  Batch 3700/5242, Loss: 4.0299, NLL: 4.0299, Coverage: 0.0000
  Batch 3710/5242, Loss: 3.5239, NLL: 3.5239, Coverage: 0.0000
  Batch 3720/5242, Loss: 3.7292, NLL: 3.7292, Coverage: 0.0000
  Batch 3730/5242, Loss: 3.6483, NLL: 3.6483, Coverage: 0.0000
  Batch 3740/5242, Loss: 3.7727, NLL: 3.7727, Coverage: 0.0000
  Batch 3750/5242, Loss: 3.9840, NLL: 3.9840, Coverage: 0.0000
  Batch 3760/5242, Loss: 3.6871, NLL: 3.6871, Coverage: 0.0000
  Batch 3770/5242, Loss: 3.6358, NLL: 3.6358, Coverage: 0.0000
  Batch 3780/5242, Loss: 4.0492, NLL: 4.0492, Coverage: 0.0000
  Batch 3790/5242, Loss: 3.7147, NLL: 3.7147, Coverage: 0.0000
  Batch 3800/5242, Loss: 3.9516, NLL: 3.9516, Coverage: 0.0000
  Batch 3810/5242, Loss: 3.9593, NLL: 3.9593, Coverage: 0.0000
  Batch 3820/5242, Loss: 3.5015, NLL: 3.5015, Coverage: 0.0000
  Batch 3830/5242, Loss: 4.0669, NLL: 4.0669, Coverage: 0.0000
  Batch 3840/5242, Loss: 4.1429, NLL: 4.1429, Coverage: 0.0000
  Batch 3850/5242, Loss: 3.2772, NLL: 3.2772, Coverage: 0.0000
  Batch 3860/5242, Loss: 3.9945, NLL: 3.9945, Coverage: 0.0000
  Batch 3870/5242, Loss: 4.4408, NLL: 4.4408, Coverage: 0.0000
  Batch 3880/5242, Loss: 3.4999, NLL: 3.4999, Coverage: 0.0000
  Batch 3890/5242, Loss: 3.8901, NLL: 3.8901, Coverage: 0.0000
  Batch 3900/5242, Loss: 3.9937, NLL: 3.9937, Coverage: 0.0000
  Batch 3910/5242, Loss: 3.6838, NLL: 3.6838, Coverage: 0.0000
  Batch 3920/5242, Loss: 3.7866, NLL: 3.7866, Coverage: 0.0000
  Batch 3930/5242, Loss: 3.7668, NLL: 3.7668, Coverage: 0.0000
  Batch 3940/5242, Loss: 3.9973, NLL: 3.9973, Coverage: 0.0000
  Batch 3950/5242, Loss: 3.9519, NLL: 3.9519, Coverage: 0.0000
  Batch 3960/5242, Loss: 3.7963, NLL: 3.7963, Coverage: 0.0000
  Batch 3970/5242, Loss: 3.6297, NLL: 3.6297, Coverage: 0.0000
  Batch 3980/5242, Loss: 4.0052, NLL: 4.0052, Coverage: 0.0000
  Batch 3990/5242, Loss: 3.8860, NLL: 3.8860, Coverage: 0.0000
  Batch 4000/5242, Loss: 4.0228, NLL: 4.0228, Coverage: 0.0000
  Batch 4010/5242, Loss: 3.6524, NLL: 3.6524, Coverage: 0.0000
  Batch 4020/5242, Loss: 3.8525, NLL: 3.8525, Coverage: 0.0000
  Batch 4030/5242, Loss: 3.8267, NLL: 3.8267, Coverage: 0.0000
  Batch 4040/5242, Loss: 3.8333, NLL: 3.8333, Coverage: 0.0000
  Batch 4050/5242, Loss: 4.0225, NLL: 4.0225, Coverage: 0.0000
  Batch 4060/5242, Loss: 3.9868, NLL: 3.9868, Coverage: 0.0000
  Batch 4070/5242, Loss: 3.9648, NLL: 3.9648, Coverage: 0.0000
  Batch 4080/5242, Loss: 3.4611, NLL: 3.4611, Coverage: 0.0000
  Batch 4090/5242, Loss: 3.9035, NLL: 3.9035, Coverage: 0.0000
  Batch 4100/5242, Loss: 3.9974, NLL: 3.9974, Coverage: 0.0000
  Batch 4110/5242, Loss: 4.2947, NLL: 4.2947, Coverage: 0.0000
  Batch 4120/5242, Loss: 3.4744, NLL: 3.4744, Coverage: 0.0000
  Batch 4130/5242, Loss: 4.1740, NLL: 4.1740, Coverage: 0.0000
  Batch 4140/5242, Loss: 3.8877, NLL: 3.8877, Coverage: 0.0000
  Batch 4150/5242, Loss: 4.0072, NLL: 4.0072, Coverage: 0.0000
  Batch 4160/5242, Loss: 3.6712, NLL: 3.6712, Coverage: 0.0000
  Batch 4170/5242, Loss: 3.4068, NLL: 3.4068, Coverage: 0.0000
  Batch 4180/5242, Loss: 4.1843, NLL: 4.1843, Coverage: 0.0000
  Batch 4190/5242, Loss: 3.9870, NLL: 3.9870, Coverage: 0.0000
  Batch 4200/5242, Loss: 3.9739, NLL: 3.9739, Coverage: 0.0000
  Batch 4210/5242, Loss: 3.8432, NLL: 3.8432, Coverage: 0.0000
  Batch 4220/5242, Loss: 4.0150, NLL: 4.0150, Coverage: 0.0000
  Batch 4230/5242, Loss: 4.2224, NLL: 4.2224, Coverage: 0.0000
  Batch 4240/5242, Loss: 3.9470, NLL: 3.9470, Coverage: 0.0000
  Batch 4250/5242, Loss: 3.2417, NLL: 3.2417, Coverage: 0.0000
  Batch 4260/5242, Loss: 4.2234, NLL: 4.2234, Coverage: 0.0000
  Batch 4270/5242, Loss: 4.2814, NLL: 4.2814, Coverage: 0.0000
  Batch 4280/5242, Loss: 3.9479, NLL: 3.9479, Coverage: 0.0000
  Batch 4290/5242, Loss: 3.5624, NLL: 3.5624, Coverage: 0.0000
  Batch 4300/5242, Loss: 4.0155, NLL: 4.0155, Coverage: 0.0000
  Batch 4310/5242, Loss: 3.7809, NLL: 3.7809, Coverage: 0.0000
  Batch 4320/5242, Loss: 3.5233, NLL: 3.5233, Coverage: 0.0000
  Batch 4330/5242, Loss: 3.7082, NLL: 3.7082, Coverage: 0.0000
  Batch 4340/5242, Loss: 3.6791, NLL: 3.6791, Coverage: 0.0000
  Batch 4350/5242, Loss: 4.0523, NLL: 4.0523, Coverage: 0.0000
  Batch 4360/5242, Loss: 3.7224, NLL: 3.7224, Coverage: 0.0000
  Batch 4370/5242, Loss: 3.6886, NLL: 3.6886, Coverage: 0.0000
  Batch 4380/5242, Loss: 4.0353, NLL: 4.0353, Coverage: 0.0000
  Batch 4390/5242, Loss: 4.0751, NLL: 4.0751, Coverage: 0.0000
  Batch 4400/5242, Loss: 3.9043, NLL: 3.9043, Coverage: 0.0000
  Batch 4410/5242, Loss: 4.3179, NLL: 4.3179, Coverage: 0.0000
  Batch 4420/5242, Loss: 4.0604, NLL: 4.0604, Coverage: 0.0000
  Batch 4430/5242, Loss: 3.9894, NLL: 3.9894, Coverage: 0.0000
  Batch 4440/5242, Loss: 4.3584, NLL: 4.3584, Coverage: 0.0000
  Batch 4450/5242, Loss: 4.2389, NLL: 4.2389, Coverage: 0.0000
  Batch 4460/5242, Loss: 3.7815, NLL: 3.7815, Coverage: 0.0000
  Batch 4470/5242, Loss: 4.0089, NLL: 4.0089, Coverage: 0.0000
  Batch 4480/5242, Loss: 3.7164, NLL: 3.7164, Coverage: 0.0000
  Batch 4490/5242, Loss: 3.0604, NLL: 3.0604, Coverage: 0.0000
  Batch 4500/5242, Loss: 3.9296, NLL: 3.9296, Coverage: 0.0000
  Batch 4510/5242, Loss: 4.0455, NLL: 4.0455, Coverage: 0.0000
  Batch 4520/5242, Loss: 4.1248, NLL: 4.1248, Coverage: 0.0000
  Batch 4530/5242, Loss: 3.9718, NLL: 3.9718, Coverage: 0.0000
  Batch 4540/5242, Loss: 4.1877, NLL: 4.1877, Coverage: 0.0000
  Batch 4550/5242, Loss: 4.3396, NLL: 4.3396, Coverage: 0.0000
  Batch 4560/5242, Loss: 3.8577, NLL: 3.8577, Coverage: 0.0000
  Batch 4570/5242, Loss: 4.1123, NLL: 4.1123, Coverage: 0.0000
  Batch 4580/5242, Loss: 4.2783, NLL: 4.2783, Coverage: 0.0000
  Batch 4590/5242, Loss: 4.1449, NLL: 4.1449, Coverage: 0.0000
  Batch 4600/5242, Loss: 3.5333, NLL: 3.5333, Coverage: 0.0000
  Batch 4610/5242, Loss: 3.8655, NLL: 3.8655, Coverage: 0.0000
  Batch 4620/5242, Loss: 3.7206, NLL: 3.7206, Coverage: 0.0000
  Batch 4630/5242, Loss: 3.9102, NLL: 3.9102, Coverage: 0.0000
  Batch 4640/5242, Loss: 4.0469, NLL: 4.0469, Coverage: 0.0000
  Batch 4650/5242, Loss: 4.0189, NLL: 4.0189, Coverage: 0.0000
  Batch 4660/5242, Loss: 3.7206, NLL: 3.7206, Coverage: 0.0000
  Batch 4670/5242, Loss: 4.0039, NLL: 4.0039, Coverage: 0.0000
  Batch 4680/5242, Loss: 3.8301, NLL: 3.8301, Coverage: 0.0000
  Batch 4690/5242, Loss: 3.6883, NLL: 3.6883, Coverage: 0.0000
  Batch 4700/5242, Loss: 3.9881, NLL: 3.9881, Coverage: 0.0000
  Batch 4710/5242, Loss: 3.8417, NLL: 3.8417, Coverage: 0.0000
  Batch 4720/5242, Loss: 3.9994, NLL: 3.9994, Coverage: 0.0000
  Batch 4730/5242, Loss: 3.9178, NLL: 3.9178, Coverage: 0.0000
  Batch 4740/5242, Loss: 4.2170, NLL: 4.2170, Coverage: 0.0000
  Batch 4750/5242, Loss: 4.0586, NLL: 4.0586, Coverage: 0.0000
  Batch 4760/5242, Loss: 3.6041, NLL: 3.6041, Coverage: 0.0000
  Batch 4770/5242, Loss: 3.9678, NLL: 3.9678, Coverage: 0.0000
  Batch 4780/5242, Loss: 3.8197, NLL: 3.8197, Coverage: 0.0000
  Batch 4790/5242, Loss: 3.4944, NLL: 3.4944, Coverage: 0.0000
  Batch 4800/5242, Loss: 3.6928, NLL: 3.6928, Coverage: 0.0000
  Batch 4810/5242, Loss: 3.9934, NLL: 3.9934, Coverage: 0.0000
  Batch 4820/5242, Loss: 4.5394, NLL: 4.5394, Coverage: 0.0000
  Batch 4830/5242, Loss: 3.8657, NLL: 3.8657, Coverage: 0.0000
  Batch 4840/5242, Loss: 3.9156, NLL: 3.9156, Coverage: 0.0000
  Batch 4850/5242, Loss: 4.3460, NLL: 4.3460, Coverage: 0.0000
  Batch 4860/5242, Loss: 3.9367, NLL: 3.9367, Coverage: 0.0000
  Batch 4870/5242, Loss: 4.2651, NLL: 4.2651, Coverage: 0.0000
  Batch 4880/5242, Loss: 4.4157, NLL: 4.4157, Coverage: 0.0000
  Batch 4890/5242, Loss: 3.6413, NLL: 3.6413, Coverage: 0.0000
  Batch 4900/5242, Loss: 4.1246, NLL: 4.1246, Coverage: 0.0000
  Batch 4910/5242, Loss: 4.0508, NLL: 4.0508, Coverage: 0.0000
  Batch 4920/5242, Loss: 4.2038, NLL: 4.2038, Coverage: 0.0000
  Batch 4930/5242, Loss: 3.7202, NLL: 3.7202, Coverage: 0.0000
  Batch 4940/5242, Loss: 3.8773, NLL: 3.8773, Coverage: 0.0000
  Batch 4950/5242, Loss: 4.1666, NLL: 4.1666, Coverage: 0.0000
  Batch 4960/5242, Loss: 4.0852, NLL: 4.0852, Coverage: 0.0000
  Batch 4970/5242, Loss: 4.4063, NLL: 4.4063, Coverage: 0.0000
  Batch 4980/5242, Loss: 3.9444, NLL: 3.9444, Coverage: 0.0000
  Batch 4990/5242, Loss: 3.8072, NLL: 3.8072, Coverage: 0.0000
  Batch 5000/5242, Loss: 4.0065, NLL: 4.0065, Coverage: 0.0000
  Batch 5010/5242, Loss: 4.1651, NLL: 4.1651, Coverage: 0.0000
  Batch 5020/5242, Loss: 3.8800, NLL: 3.8800, Coverage: 0.0000
  Batch 5030/5242, Loss: 4.3164, NLL: 4.3164, Coverage: 0.0000
  Batch 5040/5242, Loss: 3.8335, NLL: 3.8335, Coverage: 0.0000
  Batch 5050/5242, Loss: 4.0244, NLL: 4.0244, Coverage: 0.0000
  Batch 5060/5242, Loss: 4.2540, NLL: 4.2540, Coverage: 0.0000
  Batch 5070/5242, Loss: 3.8895, NLL: 3.8895, Coverage: 0.0000
  Batch 5080/5242, Loss: 3.9155, NLL: 3.9155, Coverage: 0.0000
  Batch 5090/5242, Loss: 3.5103, NLL: 3.5103, Coverage: 0.0000
  Batch 5100/5242, Loss: 4.2845, NLL: 4.2845, Coverage: 0.0000
  Batch 5110/5242, Loss: 4.1150, NLL: 4.1150, Coverage: 0.0000
  Batch 5120/5242, Loss: 4.0954, NLL: 4.0954, Coverage: 0.0000
  Batch 5130/5242, Loss: 4.0263, NLL: 4.0263, Coverage: 0.0000
  Batch 5140/5242, Loss: 4.2467, NLL: 4.2467, Coverage: 0.0000
  Batch 5150/5242, Loss: 3.8993, NLL: 3.8993, Coverage: 0.0000
  Batch 5160/5242, Loss: 4.0298, NLL: 4.0298, Coverage: 0.0000
  Batch 5170/5242, Loss: 4.0371, NLL: 4.0371, Coverage: 0.0000
  Batch 5180/5242, Loss: 3.7929, NLL: 3.7929, Coverage: 0.0000
  Batch 5190/5242, Loss: 3.6178, NLL: 3.6178, Coverage: 0.0000
  Batch 5200/5242, Loss: 3.4249, NLL: 3.4249, Coverage: 0.0000
  Batch 5210/5242, Loss: 4.2315, NLL: 4.2315, Coverage: 0.0000
  Batch 5220/5242, Loss: 3.8753, NLL: 3.8753, Coverage: 0.0000
  Batch 5230/5242, Loss: 4.0203, NLL: 4.0203, Coverage: 0.0000
  Batch 5240/5242, Loss: 4.3218, NLL: 4.3218, Coverage: 0.0000

  Train Loss: 3.9275 (NLL: 3.9275, Cov: 0.0000)
  Val Loss: 6.4040 (NLL: 6.4040, Cov: 0.0000)
  Time: 34m 10s

Epoch 17/20
----------------------------------------
  Batch 10/5242, Loss: 3.9018, NLL: 3.9018, Coverage: 0.0000
  Batch 20/5242, Loss: 3.6888, NLL: 3.6888, Coverage: 0.0000
  Batch 30/5242, Loss: 3.8747, NLL: 3.8747, Coverage: 0.0000
  Batch 40/5242, Loss: 3.4579, NLL: 3.4579, Coverage: 0.0000
  Batch 50/5242, Loss: 3.9627, NLL: 3.9627, Coverage: 0.0000
  Batch 60/5242, Loss: 3.5970, NLL: 3.5970, Coverage: 0.0000
  Batch 70/5242, Loss: 3.6646, NLL: 3.6646, Coverage: 0.0000
  Batch 80/5242, Loss: 4.3680, NLL: 4.3680, Coverage: 0.0000
  Batch 90/5242, Loss: 4.0883, NLL: 4.0883, Coverage: 0.0000
  Batch 100/5242, Loss: 4.5107, NLL: 4.5107, Coverage: 0.0000
  Batch 110/5242, Loss: 4.0759, NLL: 4.0759, Coverage: 0.0000
  Batch 120/5242, Loss: 3.5678, NLL: 3.5678, Coverage: 0.0000
  Batch 130/5242, Loss: 3.2879, NLL: 3.2879, Coverage: 0.0000
  Batch 140/5242, Loss: 4.1898, NLL: 4.1898, Coverage: 0.0000
  Batch 150/5242, Loss: 3.5933, NLL: 3.5933, Coverage: 0.0000
  Batch 160/5242, Loss: 3.9304, NLL: 3.9304, Coverage: 0.0000
  Batch 170/5242, Loss: 3.7564, NLL: 3.7564, Coverage: 0.0000
  Batch 180/5242, Loss: 4.7673, NLL: 4.7673, Coverage: 0.0000
  Batch 190/5242, Loss: 4.0115, NLL: 4.0115, Coverage: 0.0000
  Batch 200/5242, Loss: 3.7057, NLL: 3.7057, Coverage: 0.0000
  Batch 210/5242, Loss: 3.6086, NLL: 3.6086, Coverage: 0.0000
  Batch 220/5242, Loss: 4.0639, NLL: 4.0639, Coverage: 0.0000
  Batch 230/5242, Loss: 4.3106, NLL: 4.3106, Coverage: 0.0000
  Batch 240/5242, Loss: 3.8248, NLL: 3.8248, Coverage: 0.0000
  Batch 250/5242, Loss: 4.1112, NLL: 4.1112, Coverage: 0.0000
  Batch 260/5242, Loss: 3.4708, NLL: 3.4708, Coverage: 0.0000
  Batch 270/5242, Loss: 3.9111, NLL: 3.9111, Coverage: 0.0000
  Batch 280/5242, Loss: 4.1388, NLL: 4.1388, Coverage: 0.0000
  Batch 290/5242, Loss: 4.3490, NLL: 4.3490, Coverage: 0.0000
  Batch 300/5242, Loss: 3.9019, NLL: 3.9019, Coverage: 0.0000
  Batch 310/5242, Loss: 4.0224, NLL: 4.0224, Coverage: 0.0000
  Batch 320/5242, Loss: 4.0130, NLL: 4.0130, Coverage: 0.0000
  Batch 330/5242, Loss: 4.1546, NLL: 4.1546, Coverage: 0.0000
  Batch 340/5242, Loss: 3.7520, NLL: 3.7520, Coverage: 0.0000
  Batch 350/5242, Loss: 3.9134, NLL: 3.9134, Coverage: 0.0000
  Batch 360/5242, Loss: 4.0396, NLL: 4.0396, Coverage: 0.0000
  Batch 370/5242, Loss: 3.7747, NLL: 3.7747, Coverage: 0.0000
  Batch 380/5242, Loss: 3.9195, NLL: 3.9195, Coverage: 0.0000
  Batch 390/5242, Loss: 3.9831, NLL: 3.9831, Coverage: 0.0000
  Batch 400/5242, Loss: 3.7292, NLL: 3.7292, Coverage: 0.0000
  Batch 410/5242, Loss: 3.9368, NLL: 3.9368, Coverage: 0.0000
  Batch 420/5242, Loss: 4.2881, NLL: 4.2881, Coverage: 0.0000
  Batch 430/5242, Loss: 4.0586, NLL: 4.0586, Coverage: 0.0000
  Batch 440/5242, Loss: 3.9482, NLL: 3.9482, Coverage: 0.0000
  Batch 450/5242, Loss: 3.6171, NLL: 3.6171, Coverage: 0.0000
  Batch 460/5242, Loss: 4.2680, NLL: 4.2680, Coverage: 0.0000
  Batch 470/5242, Loss: 4.0305, NLL: 4.0305, Coverage: 0.0000
  Batch 480/5242, Loss: 4.1288, NLL: 4.1288, Coverage: 0.0000
  Batch 490/5242, Loss: 3.6977, NLL: 3.6977, Coverage: 0.0000
  Batch 500/5242, Loss: 3.5011, NLL: 3.5011, Coverage: 0.0000
  Batch 510/5242, Loss: 3.7891, NLL: 3.7891, Coverage: 0.0000
  Batch 520/5242, Loss: 3.8706, NLL: 3.8706, Coverage: 0.0000
  Batch 530/5242, Loss: 3.7334, NLL: 3.7334, Coverage: 0.0000
  Batch 540/5242, Loss: 3.5857, NLL: 3.5857, Coverage: 0.0000
  Batch 550/5242, Loss: 4.5980, NLL: 4.5980, Coverage: 0.0000
  Batch 560/5242, Loss: 4.0782, NLL: 4.0782, Coverage: 0.0000
  Batch 570/5242, Loss: 3.6349, NLL: 3.6349, Coverage: 0.0000
  Batch 580/5242, Loss: 4.3673, NLL: 4.3673, Coverage: 0.0000
  Batch 590/5242, Loss: 4.1439, NLL: 4.1439, Coverage: 0.0000
  Batch 600/5242, Loss: 4.1805, NLL: 4.1805, Coverage: 0.0000
  Batch 610/5242, Loss: 3.5517, NLL: 3.5517, Coverage: 0.0000
  Batch 620/5242, Loss: 3.5838, NLL: 3.5838, Coverage: 0.0000
  Batch 630/5242, Loss: 3.9906, NLL: 3.9906, Coverage: 0.0000
  Batch 640/5242, Loss: 3.9399, NLL: 3.9399, Coverage: 0.0000
  Batch 650/5242, Loss: 3.8023, NLL: 3.8023, Coverage: 0.0000
  Batch 660/5242, Loss: 4.2042, NLL: 4.2042, Coverage: 0.0000
  Batch 670/5242, Loss: 3.9245, NLL: 3.9245, Coverage: 0.0000
  Batch 680/5242, Loss: 3.8919, NLL: 3.8919, Coverage: 0.0000
  Batch 690/5242, Loss: 4.3523, NLL: 4.3523, Coverage: 0.0000
  Batch 700/5242, Loss: 4.1781, NLL: 4.1781, Coverage: 0.0000
  Batch 710/5242, Loss: 3.4885, NLL: 3.4885, Coverage: 0.0000
  Batch 720/5242, Loss: 4.4352, NLL: 4.4352, Coverage: 0.0000
  Batch 730/5242, Loss: 3.7666, NLL: 3.7666, Coverage: 0.0000
  Batch 740/5242, Loss: 3.8503, NLL: 3.8503, Coverage: 0.0000
  Batch 750/5242, Loss: 3.8318, NLL: 3.8318, Coverage: 0.0000
  Batch 760/5242, Loss: 4.0798, NLL: 4.0798, Coverage: 0.0000
  Batch 770/5242, Loss: 4.2653, NLL: 4.2653, Coverage: 0.0000
  Batch 780/5242, Loss: 4.0686, NLL: 4.0686, Coverage: 0.0000
  Batch 790/5242, Loss: 4.4426, NLL: 4.4426, Coverage: 0.0000
  Batch 800/5242, Loss: 3.9728, NLL: 3.9728, Coverage: 0.0000
  Batch 810/5242, Loss: 4.4250, NLL: 4.4250, Coverage: 0.0000
  Batch 820/5242, Loss: 4.0691, NLL: 4.0691, Coverage: 0.0000
  Batch 830/5242, Loss: 4.2463, NLL: 4.2463, Coverage: 0.0000
  Batch 840/5242, Loss: 3.7264, NLL: 3.7264, Coverage: 0.0000
  Batch 850/5242, Loss: 4.0093, NLL: 4.0093, Coverage: 0.0000
  Batch 860/5242, Loss: 4.0398, NLL: 4.0398, Coverage: 0.0000
  Batch 870/5242, Loss: 3.6804, NLL: 3.6804, Coverage: 0.0000
  Batch 880/5242, Loss: 4.3757, NLL: 4.3757, Coverage: 0.0000
  Batch 890/5242, Loss: 4.1231, NLL: 4.1231, Coverage: 0.0000
  Batch 900/5242, Loss: 4.0280, NLL: 4.0280, Coverage: 0.0000
  Batch 910/5242, Loss: 4.2465, NLL: 4.2465, Coverage: 0.0000
  Batch 920/5242, Loss: 3.6738, NLL: 3.6738, Coverage: 0.0000
  Batch 930/5242, Loss: 3.2970, NLL: 3.2970, Coverage: 0.0000
  Batch 940/5242, Loss: 4.0031, NLL: 4.0031, Coverage: 0.0000
  Batch 950/5242, Loss: 3.9282, NLL: 3.9282, Coverage: 0.0000
  Batch 960/5242, Loss: 4.0787, NLL: 4.0787, Coverage: 0.0000
  Batch 970/5242, Loss: 4.0515, NLL: 4.0515, Coverage: 0.0000
  Batch 980/5242, Loss: 4.0296, NLL: 4.0296, Coverage: 0.0000
  Batch 990/5242, Loss: 4.4757, NLL: 4.4757, Coverage: 0.0000
  Batch 1000/5242, Loss: 4.2460, NLL: 4.2460, Coverage: 0.0000
  Batch 1010/5242, Loss: 3.8792, NLL: 3.8792, Coverage: 0.0000
  Batch 1020/5242, Loss: 3.7882, NLL: 3.7882, Coverage: 0.0000
  Batch 1030/5242, Loss: 3.7716, NLL: 3.7716, Coverage: 0.0000
  Batch 1040/5242, Loss: 3.5362, NLL: 3.5362, Coverage: 0.0000
  Batch 1050/5242, Loss: 3.8814, NLL: 3.8814, Coverage: 0.0000
  Batch 1060/5242, Loss: 3.8451, NLL: 3.8451, Coverage: 0.0000
  Batch 1070/5242, Loss: 3.9919, NLL: 3.9919, Coverage: 0.0000
  Batch 1080/5242, Loss: 4.2632, NLL: 4.2632, Coverage: 0.0000
  Batch 1090/5242, Loss: 4.4464, NLL: 4.4464, Coverage: 0.0000
  Batch 1100/5242, Loss: 3.8232, NLL: 3.8232, Coverage: 0.0000
  Batch 1110/5242, Loss: 4.1148, NLL: 4.1148, Coverage: 0.0000
  Batch 1120/5242, Loss: 3.9230, NLL: 3.9230, Coverage: 0.0000
  Batch 1130/5242, Loss: 3.7768, NLL: 3.7768, Coverage: 0.0000
  Batch 1140/5242, Loss: 4.0493, NLL: 4.0493, Coverage: 0.0000
  Batch 1150/5242, Loss: 3.6542, NLL: 3.6542, Coverage: 0.0000
  Batch 1160/5242, Loss: 3.8630, NLL: 3.8630, Coverage: 0.0000
  Batch 1170/5242, Loss: 4.2033, NLL: 4.2033, Coverage: 0.0000
  Batch 1180/5242, Loss: 4.0714, NLL: 4.0714, Coverage: 0.0000
  Batch 1190/5242, Loss: 3.8934, NLL: 3.8934, Coverage: 0.0000
  Batch 1200/5242, Loss: 4.4517, NLL: 4.4517, Coverage: 0.0000
  Batch 1210/5242, Loss: 3.4200, NLL: 3.4200, Coverage: 0.0000
  Batch 1220/5242, Loss: 3.7114, NLL: 3.7114, Coverage: 0.0000
  Batch 1230/5242, Loss: 3.5154, NLL: 3.5154, Coverage: 0.0000
  Batch 1240/5242, Loss: 3.4640, NLL: 3.4640, Coverage: 0.0000
  Batch 1250/5242, Loss: 4.2968, NLL: 4.2968, Coverage: 0.0000
  Batch 1260/5242, Loss: 3.9768, NLL: 3.9768, Coverage: 0.0000
  Batch 1270/5242, Loss: 4.3842, NLL: 4.3842, Coverage: 0.0000
  Batch 1280/5242, Loss: 4.0217, NLL: 4.0217, Coverage: 0.0000
  Batch 1290/5242, Loss: 3.9784, NLL: 3.9784, Coverage: 0.0000
  Batch 1300/5242, Loss: 4.0785, NLL: 4.0785, Coverage: 0.0000
  Batch 1310/5242, Loss: 3.9166, NLL: 3.9166, Coverage: 0.0000
  Batch 1320/5242, Loss: 3.8492, NLL: 3.8492, Coverage: 0.0000
  Batch 1330/5242, Loss: 3.7723, NLL: 3.7723, Coverage: 0.0000
  Batch 1340/5242, Loss: 3.7957, NLL: 3.7957, Coverage: 0.0000
  Batch 1350/5242, Loss: 3.5729, NLL: 3.5729, Coverage: 0.0000
  Batch 1360/5242, Loss: 4.3354, NLL: 4.3354, Coverage: 0.0000
  Batch 1370/5242, Loss: 4.1742, NLL: 4.1742, Coverage: 0.0000
  Batch 1380/5242, Loss: 4.1343, NLL: 4.1343, Coverage: 0.0000
  Batch 1390/5242, Loss: 4.0261, NLL: 4.0261, Coverage: 0.0000
  Batch 1400/5242, Loss: 3.9062, NLL: 3.9062, Coverage: 0.0000
  Batch 1410/5242, Loss: 4.3578, NLL: 4.3578, Coverage: 0.0000
  Batch 1420/5242, Loss: 4.1076, NLL: 4.1076, Coverage: 0.0000
  Batch 1430/5242, Loss: 4.0623, NLL: 4.0623, Coverage: 0.0000
  Batch 1440/5242, Loss: 3.7448, NLL: 3.7448, Coverage: 0.0000
  Batch 1450/5242, Loss: 3.7648, NLL: 3.7648, Coverage: 0.0000
  Batch 1460/5242, Loss: 3.8881, NLL: 3.8881, Coverage: 0.0000
  Batch 1470/5242, Loss: 4.2770, NLL: 4.2770, Coverage: 0.0000
  Batch 1480/5242, Loss: 3.9109, NLL: 3.9109, Coverage: 0.0000
  Batch 1490/5242, Loss: 3.8352, NLL: 3.8352, Coverage: 0.0000
  Batch 1500/5242, Loss: 3.7671, NLL: 3.7671, Coverage: 0.0000
  Batch 1510/5242, Loss: 3.8489, NLL: 3.8489, Coverage: 0.0000
  Batch 1520/5242, Loss: 3.6496, NLL: 3.6496, Coverage: 0.0000
  Batch 1530/5242, Loss: 4.1781, NLL: 4.1781, Coverage: 0.0000
  Batch 1540/5242, Loss: 4.1299, NLL: 4.1299, Coverage: 0.0000
  Batch 1550/5242, Loss: 3.8890, NLL: 3.8890, Coverage: 0.0000
  Batch 1560/5242, Loss: 3.5832, NLL: 3.5832, Coverage: 0.0000
  Batch 1570/5242, Loss: 3.9451, NLL: 3.9451, Coverage: 0.0000
  Batch 1580/5242, Loss: 4.5343, NLL: 4.5343, Coverage: 0.0000
  Batch 1590/5242, Loss: 3.9341, NLL: 3.9341, Coverage: 0.0000
  Batch 1600/5242, Loss: 4.5087, NLL: 4.5087, Coverage: 0.0000
  Batch 1610/5242, Loss: 4.0415, NLL: 4.0415, Coverage: 0.0000
  Batch 1620/5242, Loss: 3.9969, NLL: 3.9969, Coverage: 0.0000
  Batch 1630/5242, Loss: 4.3616, NLL: 4.3616, Coverage: 0.0000
  Batch 1640/5242, Loss: 3.8998, NLL: 3.8998, Coverage: 0.0000
  Batch 1650/5242, Loss: 4.5886, NLL: 4.5886, Coverage: 0.0000
  Batch 1660/5242, Loss: 3.6841, NLL: 3.6841, Coverage: 0.0000
  Batch 1670/5242, Loss: 3.5754, NLL: 3.5754, Coverage: 0.0000
  Batch 1680/5242, Loss: 3.2334, NLL: 3.2334, Coverage: 0.0000
  Batch 1690/5242, Loss: 4.1073, NLL: 4.1073, Coverage: 0.0000
  Batch 1700/5242, Loss: 3.9643, NLL: 3.9643, Coverage: 0.0000
  Batch 1710/5242, Loss: 3.5491, NLL: 3.5491, Coverage: 0.0000
  Batch 1720/5242, Loss: 4.0703, NLL: 4.0703, Coverage: 0.0000
  Batch 1730/5242, Loss: 3.9656, NLL: 3.9656, Coverage: 0.0000
  Batch 1740/5242, Loss: 3.2264, NLL: 3.2264, Coverage: 0.0000
  Batch 1750/5242, Loss: 4.0743, NLL: 4.0743, Coverage: 0.0000
  Batch 1760/5242, Loss: 3.6681, NLL: 3.6681, Coverage: 0.0000
  Batch 1770/5242, Loss: 3.7798, NLL: 3.7798, Coverage: 0.0000
  Batch 1780/5242, Loss: 3.8162, NLL: 3.8162, Coverage: 0.0000
  Batch 1790/5242, Loss: 3.9358, NLL: 3.9358, Coverage: 0.0000
  Batch 1800/5242, Loss: 3.8443, NLL: 3.8443, Coverage: 0.0000
  Batch 1810/5242, Loss: 4.3123, NLL: 4.3123, Coverage: 0.0000
  Batch 1820/5242, Loss: 4.0437, NLL: 4.0437, Coverage: 0.0000
  Batch 1830/5242, Loss: 4.3475, NLL: 4.3475, Coverage: 0.0000
  Batch 1840/5242, Loss: 3.9806, NLL: 3.9806, Coverage: 0.0000
  Batch 1850/5242, Loss: 3.9981, NLL: 3.9981, Coverage: 0.0000
  Batch 1860/5242, Loss: 3.3873, NLL: 3.3873, Coverage: 0.0000
  Batch 1870/5242, Loss: 3.7067, NLL: 3.7067, Coverage: 0.0000
  Batch 1880/5242, Loss: 3.7523, NLL: 3.7523, Coverage: 0.0000
  Batch 1890/5242, Loss: 4.2674, NLL: 4.2674, Coverage: 0.0000
  Batch 1900/5242, Loss: 3.8245, NLL: 3.8245, Coverage: 0.0000
  Batch 1910/5242, Loss: 3.8572, NLL: 3.8572, Coverage: 0.0000
  Batch 1920/5242, Loss: 3.4229, NLL: 3.4229, Coverage: 0.0000
  Batch 1930/5242, Loss: 3.6659, NLL: 3.6659, Coverage: 0.0000
  Batch 1940/5242, Loss: 4.2936, NLL: 4.2936, Coverage: 0.0000
  Batch 1950/5242, Loss: 4.3614, NLL: 4.3614, Coverage: 0.0000
  Batch 1960/5242, Loss: 3.7855, NLL: 3.7855, Coverage: 0.0000
  Batch 1970/5242, Loss: 3.9797, NLL: 3.9797, Coverage: 0.0000
  Batch 1980/5242, Loss: 3.8255, NLL: 3.8255, Coverage: 0.0000
  Batch 1990/5242, Loss: 3.6840, NLL: 3.6840, Coverage: 0.0000
  Batch 2000/5242, Loss: 4.1520, NLL: 4.1520, Coverage: 0.0000
  Batch 2010/5242, Loss: 4.3573, NLL: 4.3573, Coverage: 0.0000
  Batch 2020/5242, Loss: 3.6706, NLL: 3.6706, Coverage: 0.0000
  Batch 2030/5242, Loss: 3.6086, NLL: 3.6086, Coverage: 0.0000
  Batch 2040/5242, Loss: 3.7002, NLL: 3.7002, Coverage: 0.0000
  Batch 2050/5242, Loss: 4.1820, NLL: 4.1820, Coverage: 0.0000
  Batch 2060/5242, Loss: 3.8978, NLL: 3.8978, Coverage: 0.0000
  Batch 2070/5242, Loss: 4.4093, NLL: 4.4093, Coverage: 0.0000
  Batch 2080/5242, Loss: 4.2648, NLL: 4.2648, Coverage: 0.0000
  Batch 2090/5242, Loss: 3.8938, NLL: 3.8938, Coverage: 0.0000
  Batch 2100/5242, Loss: 3.7964, NLL: 3.7964, Coverage: 0.0000
  Batch 2110/5242, Loss: 3.8148, NLL: 3.8148, Coverage: 0.0000
  Batch 2120/5242, Loss: 3.7630, NLL: 3.7630, Coverage: 0.0000
  Batch 2130/5242, Loss: 4.1781, NLL: 4.1781, Coverage: 0.0000
  Batch 2140/5242, Loss: 3.4660, NLL: 3.4660, Coverage: 0.0000
  Batch 2150/5242, Loss: 3.8057, NLL: 3.8057, Coverage: 0.0000
  Batch 2160/5242, Loss: 3.4312, NLL: 3.4312, Coverage: 0.0000
  Batch 2170/5242, Loss: 3.7263, NLL: 3.7263, Coverage: 0.0000
  Batch 2180/5242, Loss: 3.9690, NLL: 3.9690, Coverage: 0.0000
  Batch 2190/5242, Loss: 3.7244, NLL: 3.7244, Coverage: 0.0000
  Batch 2200/5242, Loss: 4.3663, NLL: 4.3663, Coverage: 0.0000
  Batch 2210/5242, Loss: 3.9562, NLL: 3.9562, Coverage: 0.0000
  Batch 2220/5242, Loss: 4.1241, NLL: 4.1241, Coverage: 0.0000
  Batch 2230/5242, Loss: 4.5853, NLL: 4.5853, Coverage: 0.0000
  Batch 2240/5242, Loss: 4.1404, NLL: 4.1404, Coverage: 0.0000
  Batch 2250/5242, Loss: 3.7420, NLL: 3.7420, Coverage: 0.0000
  Batch 2260/5242, Loss: 3.9678, NLL: 3.9678, Coverage: 0.0000
  Batch 2270/5242, Loss: 4.0983, NLL: 4.0983, Coverage: 0.0000
  Batch 2280/5242, Loss: 3.8002, NLL: 3.8002, Coverage: 0.0000
  Batch 2290/5242, Loss: 3.5582, NLL: 3.5582, Coverage: 0.0000
  Batch 2300/5242, Loss: 4.1516, NLL: 4.1516, Coverage: 0.0000
  Batch 2310/5242, Loss: 3.8712, NLL: 3.8712, Coverage: 0.0000
  Batch 2320/5242, Loss: 3.9857, NLL: 3.9857, Coverage: 0.0000
  Batch 2330/5242, Loss: 3.5417, NLL: 3.5417, Coverage: 0.0000
  Batch 2340/5242, Loss: 4.2238, NLL: 4.2238, Coverage: 0.0000
  Batch 2350/5242, Loss: 4.1693, NLL: 4.1693, Coverage: 0.0000
  Batch 2360/5242, Loss: 3.6151, NLL: 3.6151, Coverage: 0.0000
  Batch 2370/5242, Loss: 3.6310, NLL: 3.6310, Coverage: 0.0000
  Batch 2380/5242, Loss: 4.1018, NLL: 4.1018, Coverage: 0.0000
  Batch 2390/5242, Loss: 3.9812, NLL: 3.9812, Coverage: 0.0000
  Batch 2400/5242, Loss: 3.4989, NLL: 3.4989, Coverage: 0.0000
  Batch 2410/5242, Loss: 3.9924, NLL: 3.9924, Coverage: 0.0000
  Batch 2420/5242, Loss: 3.9729, NLL: 3.9729, Coverage: 0.0000
  Batch 2430/5242, Loss: 4.2141, NLL: 4.2141, Coverage: 0.0000
  Batch 2440/5242, Loss: 3.6814, NLL: 3.6814, Coverage: 0.0000
  Batch 2450/5242, Loss: 3.7071, NLL: 3.7071, Coverage: 0.0000
  Batch 2460/5242, Loss: 3.9877, NLL: 3.9877, Coverage: 0.0000
  Batch 2470/5242, Loss: 3.8513, NLL: 3.8513, Coverage: 0.0000
  Batch 2480/5242, Loss: 3.8696, NLL: 3.8696, Coverage: 0.0000
  Batch 2490/5242, Loss: 4.4943, NLL: 4.4943, Coverage: 0.0000
  Batch 2500/5242, Loss: 3.9479, NLL: 3.9479, Coverage: 0.0000
  Batch 2510/5242, Loss: 3.9783, NLL: 3.9783, Coverage: 0.0000
  Batch 2520/5242, Loss: 3.9338, NLL: 3.9338, Coverage: 0.0000
  Batch 2530/5242, Loss: 3.7395, NLL: 3.7395, Coverage: 0.0000
  Batch 2540/5242, Loss: 3.8740, NLL: 3.8740, Coverage: 0.0000
  Batch 2550/5242, Loss: 4.0674, NLL: 4.0674, Coverage: 0.0000
  Batch 2560/5242, Loss: 4.3639, NLL: 4.3639, Coverage: 0.0000
  Batch 2570/5242, Loss: 4.2183, NLL: 4.2183, Coverage: 0.0000
  Batch 2580/5242, Loss: 4.0584, NLL: 4.0584, Coverage: 0.0000
  Batch 2590/5242, Loss: 4.1776, NLL: 4.1776, Coverage: 0.0000
  Batch 2600/5242, Loss: 4.2413, NLL: 4.2413, Coverage: 0.0000
  Batch 2610/5242, Loss: 4.0371, NLL: 4.0371, Coverage: 0.0000
  Batch 2620/5242, Loss: 3.7236, NLL: 3.7236, Coverage: 0.0000
  Batch 2630/5242, Loss: 3.7949, NLL: 3.7949, Coverage: 0.0000
  Batch 2640/5242, Loss: 3.7203, NLL: 3.7203, Coverage: 0.0000
  Batch 2650/5242, Loss: 3.8384, NLL: 3.8384, Coverage: 0.0000
  Batch 2660/5242, Loss: 4.0013, NLL: 4.0013, Coverage: 0.0000
  Batch 2670/5242, Loss: 4.2609, NLL: 4.2609, Coverage: 0.0000
  Batch 2680/5242, Loss: 4.1132, NLL: 4.1132, Coverage: 0.0000
  Batch 2690/5242, Loss: 4.0523, NLL: 4.0523, Coverage: 0.0000
  Batch 2700/5242, Loss: 3.6933, NLL: 3.6933, Coverage: 0.0000
  Batch 2710/5242, Loss: 4.3909, NLL: 4.3909, Coverage: 0.0000
  Batch 2720/5242, Loss: 3.5423, NLL: 3.5423, Coverage: 0.0000
  Batch 2730/5242, Loss: 4.1832, NLL: 4.1832, Coverage: 0.0000
  Batch 2740/5242, Loss: 4.1484, NLL: 4.1484, Coverage: 0.0000
  Batch 2750/5242, Loss: 4.2077, NLL: 4.2077, Coverage: 0.0000
  Batch 2760/5242, Loss: 3.8869, NLL: 3.8869, Coverage: 0.0000
  Batch 2770/5242, Loss: 4.1864, NLL: 4.1864, Coverage: 0.0000
  Batch 2780/5242, Loss: 4.0667, NLL: 4.0667, Coverage: 0.0000
  Batch 2790/5242, Loss: 4.2050, NLL: 4.2050, Coverage: 0.0000
  Batch 2800/5242, Loss: 4.0749, NLL: 4.0749, Coverage: 0.0000
  Batch 2810/5242, Loss: 3.9412, NLL: 3.9412, Coverage: 0.0000
  Batch 2820/5242, Loss: 3.7143, NLL: 3.7143, Coverage: 0.0000
  Batch 2830/5242, Loss: 4.0407, NLL: 4.0407, Coverage: 0.0000
  Batch 2840/5242, Loss: 3.7749, NLL: 3.7749, Coverage: 0.0000
  Batch 2850/5242, Loss: 4.0802, NLL: 4.0802, Coverage: 0.0000
  Batch 2860/5242, Loss: 4.1541, NLL: 4.1541, Coverage: 0.0000
  Batch 2870/5242, Loss: 4.1269, NLL: 4.1269, Coverage: 0.0000
  Batch 2880/5242, Loss: 3.7893, NLL: 3.7893, Coverage: 0.0000
  Batch 2890/5242, Loss: 4.0807, NLL: 4.0807, Coverage: 0.0000
  Batch 2900/5242, Loss: 4.0456, NLL: 4.0456, Coverage: 0.0000
  Batch 2910/5242, Loss: 4.0092, NLL: 4.0092, Coverage: 0.0000
  Batch 2920/5242, Loss: 3.7383, NLL: 3.7383, Coverage: 0.0000
  Batch 2930/5242, Loss: 4.0920, NLL: 4.0920, Coverage: 0.0000
  Batch 2940/5242, Loss: 3.8221, NLL: 3.8221, Coverage: 0.0000
  Batch 2950/5242, Loss: 3.6196, NLL: 3.6196, Coverage: 0.0000
  Batch 2960/5242, Loss: 3.8364, NLL: 3.8364, Coverage: 0.0000
  Batch 2970/5242, Loss: 3.5190, NLL: 3.5190, Coverage: 0.0000
  Batch 2980/5242, Loss: 3.4567, NLL: 3.4567, Coverage: 0.0000
  Batch 2990/5242, Loss: 4.1715, NLL: 4.1715, Coverage: 0.0000
  Batch 3000/5242, Loss: 3.5428, NLL: 3.5428, Coverage: 0.0000
  Batch 3010/5242, Loss: 3.9452, NLL: 3.9452, Coverage: 0.0000
  Batch 3020/5242, Loss: 3.8564, NLL: 3.8564, Coverage: 0.0000
  Batch 3030/5242, Loss: 4.0624, NLL: 4.0624, Coverage: 0.0000
  Batch 3040/5242, Loss: 4.2351, NLL: 4.2351, Coverage: 0.0000
  Batch 3050/5242, Loss: 3.9595, NLL: 3.9595, Coverage: 0.0000
  Batch 3060/5242, Loss: 3.8335, NLL: 3.8335, Coverage: 0.0000
  Batch 3070/5242, Loss: 4.1225, NLL: 4.1225, Coverage: 0.0000
  Batch 3080/5242, Loss: 3.8565, NLL: 3.8565, Coverage: 0.0000
  Batch 3090/5242, Loss: 3.6907, NLL: 3.6907, Coverage: 0.0000
  Batch 3100/5242, Loss: 3.7320, NLL: 3.7320, Coverage: 0.0000
  Batch 3110/5242, Loss: 3.8542, NLL: 3.8542, Coverage: 0.0000
  Batch 3120/5242, Loss: 4.1541, NLL: 4.1541, Coverage: 0.0000
  Batch 3130/5242, Loss: 4.1501, NLL: 4.1501, Coverage: 0.0000
  Batch 3140/5242, Loss: 4.0330, NLL: 4.0330, Coverage: 0.0000
  Batch 3150/5242, Loss: 3.9981, NLL: 3.9981, Coverage: 0.0000
  Batch 3160/5242, Loss: 4.0400, NLL: 4.0400, Coverage: 0.0000
  Batch 3170/5242, Loss: 3.2888, NLL: 3.2888, Coverage: 0.0000
  Batch 3180/5242, Loss: 3.5919, NLL: 3.5919, Coverage: 0.0000
  Batch 3190/5242, Loss: 3.9073, NLL: 3.9073, Coverage: 0.0000
  Batch 3200/5242, Loss: 4.3503, NLL: 4.3503, Coverage: 0.0000
  Batch 3210/5242, Loss: 3.9306, NLL: 3.9306, Coverage: 0.0000
  Batch 3220/5242, Loss: 3.7084, NLL: 3.7084, Coverage: 0.0000
  Batch 3230/5242, Loss: 3.8627, NLL: 3.8627, Coverage: 0.0000
  Batch 3240/5242, Loss: 3.7474, NLL: 3.7474, Coverage: 0.0000
  Batch 3250/5242, Loss: 4.2423, NLL: 4.2423, Coverage: 0.0000
  Batch 3260/5242, Loss: 4.3872, NLL: 4.3872, Coverage: 0.0000
  Batch 3270/5242, Loss: 4.0580, NLL: 4.0580, Coverage: 0.0000
  Batch 3280/5242, Loss: 4.5910, NLL: 4.5910, Coverage: 0.0000
  Batch 3290/5242, Loss: 4.1418, NLL: 4.1418, Coverage: 0.0000
  Batch 3300/5242, Loss: 4.1260, NLL: 4.1260, Coverage: 0.0000
  Batch 3310/5242, Loss: 4.0325, NLL: 4.0325, Coverage: 0.0000
  Batch 3320/5242, Loss: 4.2498, NLL: 4.2498, Coverage: 0.0000
  Batch 3330/5242, Loss: 4.0737, NLL: 4.0737, Coverage: 0.0000
  Batch 3340/5242, Loss: 3.8679, NLL: 3.8679, Coverage: 0.0000
  Batch 3350/5242, Loss: 3.7138, NLL: 3.7138, Coverage: 0.0000
  Batch 3360/5242, Loss: 3.6674, NLL: 3.6674, Coverage: 0.0000
  Batch 3370/5242, Loss: 3.6841, NLL: 3.6841, Coverage: 0.0000
  Batch 3380/5242, Loss: 3.8151, NLL: 3.8151, Coverage: 0.0000
  Batch 3390/5242, Loss: 3.7585, NLL: 3.7585, Coverage: 0.0000
  Batch 3400/5242, Loss: 4.3465, NLL: 4.3465, Coverage: 0.0000
  Batch 3410/5242, Loss: 3.8067, NLL: 3.8067, Coverage: 0.0000
  Batch 3420/5242, Loss: 3.5974, NLL: 3.5974, Coverage: 0.0000
  Batch 3430/5242, Loss: 3.8880, NLL: 3.8880, Coverage: 0.0000
  Batch 3440/5242, Loss: 4.3906, NLL: 4.3906, Coverage: 0.0000
  Batch 3450/5242, Loss: 3.5829, NLL: 3.5829, Coverage: 0.0000
  Batch 3460/5242, Loss: 3.9086, NLL: 3.9086, Coverage: 0.0000
  Batch 3470/5242, Loss: 3.9678, NLL: 3.9678, Coverage: 0.0000
  Batch 3480/5242, Loss: 3.5380, NLL: 3.5380, Coverage: 0.0000
  Batch 3490/5242, Loss: 3.8471, NLL: 3.8471, Coverage: 0.0000
  Batch 3500/5242, Loss: 3.8931, NLL: 3.8931, Coverage: 0.0000
  Batch 3510/5242, Loss: 4.2345, NLL: 4.2345, Coverage: 0.0000
  Batch 3520/5242, Loss: 4.1630, NLL: 4.1630, Coverage: 0.0000
  Batch 3530/5242, Loss: 3.5428, NLL: 3.5428, Coverage: 0.0000
  Batch 3540/5242, Loss: 3.8752, NLL: 3.8752, Coverage: 0.0000
  Batch 3550/5242, Loss: 3.8499, NLL: 3.8499, Coverage: 0.0000
  Batch 3560/5242, Loss: 4.5943, NLL: 4.5943, Coverage: 0.0000
  Batch 3570/5242, Loss: 4.0361, NLL: 4.0361, Coverage: 0.0000
  Batch 3580/5242, Loss: 3.8430, NLL: 3.8430, Coverage: 0.0000
  Batch 3590/5242, Loss: 4.1338, NLL: 4.1338, Coverage: 0.0000
  Batch 3600/5242, Loss: 4.4570, NLL: 4.4570, Coverage: 0.0000
  Batch 3610/5242, Loss: 3.9554, NLL: 3.9554, Coverage: 0.0000
  Batch 3620/5242, Loss: 3.9901, NLL: 3.9901, Coverage: 0.0000
  Batch 3630/5242, Loss: 3.7843, NLL: 3.7843, Coverage: 0.0000
  Batch 3640/5242, Loss: 4.3990, NLL: 4.3990, Coverage: 0.0000
  Batch 3650/5242, Loss: 4.4613, NLL: 4.4613, Coverage: 0.0000
  Batch 3660/5242, Loss: 4.1593, NLL: 4.1593, Coverage: 0.0000
  Batch 3670/5242, Loss: 3.8582, NLL: 3.8582, Coverage: 0.0000
  Batch 3680/5242, Loss: 4.2840, NLL: 4.2840, Coverage: 0.0000
  Batch 3690/5242, Loss: 4.0644, NLL: 4.0644, Coverage: 0.0000
  Batch 3700/5242, Loss: 3.9941, NLL: 3.9941, Coverage: 0.0000
  Batch 3710/5242, Loss: 3.9211, NLL: 3.9211, Coverage: 0.0000
  Batch 3720/5242, Loss: 3.5579, NLL: 3.5579, Coverage: 0.0000
  Batch 3730/5242, Loss: 3.9888, NLL: 3.9888, Coverage: 0.0000
  Batch 3740/5242, Loss: 4.2033, NLL: 4.2033, Coverage: 0.0000
  Batch 3750/5242, Loss: 4.1455, NLL: 4.1455, Coverage: 0.0000
  Batch 3760/5242, Loss: 3.9675, NLL: 3.9675, Coverage: 0.0000
  Batch 3770/5242, Loss: 3.7714, NLL: 3.7714, Coverage: 0.0000
  Batch 3780/5242, Loss: 3.8060, NLL: 3.8060, Coverage: 0.0000
  Batch 3790/5242, Loss: 4.0204, NLL: 4.0204, Coverage: 0.0000
  Batch 3800/5242, Loss: 3.8774, NLL: 3.8774, Coverage: 0.0000
  Batch 3810/5242, Loss: 3.6961, NLL: 3.6961, Coverage: 0.0000
  Batch 3820/5242, Loss: 4.0446, NLL: 4.0446, Coverage: 0.0000
  Batch 3830/5242, Loss: 4.3908, NLL: 4.3908, Coverage: 0.0000
  Batch 3840/5242, Loss: 3.9799, NLL: 3.9799, Coverage: 0.0000
  Batch 3850/5242, Loss: 3.8217, NLL: 3.8217, Coverage: 0.0000
  Batch 3860/5242, Loss: 4.0877, NLL: 4.0877, Coverage: 0.0000
  Batch 3870/5242, Loss: 3.9967, NLL: 3.9967, Coverage: 0.0000
  Batch 3880/5242, Loss: 4.0282, NLL: 4.0282, Coverage: 0.0000
  Batch 3890/5242, Loss: 4.0645, NLL: 4.0645, Coverage: 0.0000
  Batch 3900/5242, Loss: 4.0109, NLL: 4.0109, Coverage: 0.0000
  Batch 3910/5242, Loss: 3.9253, NLL: 3.9253, Coverage: 0.0000
  Batch 3920/5242, Loss: 4.1257, NLL: 4.1257, Coverage: 0.0000
  Batch 3930/5242, Loss: 4.1591, NLL: 4.1591, Coverage: 0.0000
  Batch 3940/5242, Loss: 3.8707, NLL: 3.8707, Coverage: 0.0000
  Batch 3950/5242, Loss: 3.8127, NLL: 3.8127, Coverage: 0.0000
  Batch 3960/5242, Loss: 3.5590, NLL: 3.5590, Coverage: 0.0000
  Batch 3970/5242, Loss: 4.0050, NLL: 4.0050, Coverage: 0.0000
  Batch 3980/5242, Loss: 3.5551, NLL: 3.5551, Coverage: 0.0000
  Batch 3990/5242, Loss: 3.8080, NLL: 3.8080, Coverage: 0.0000
  Batch 4000/5242, Loss: 3.4436, NLL: 3.4436, Coverage: 0.0000
  Batch 4010/5242, Loss: 3.5806, NLL: 3.5806, Coverage: 0.0000
  Batch 4020/5242, Loss: 3.8872, NLL: 3.8872, Coverage: 0.0000
  Batch 4030/5242, Loss: 3.9892, NLL: 3.9892, Coverage: 0.0000
  Batch 4040/5242, Loss: 3.7238, NLL: 3.7238, Coverage: 0.0000
  Batch 4050/5242, Loss: 4.0770, NLL: 4.0770, Coverage: 0.0000
  Batch 4060/5242, Loss: 3.5099, NLL: 3.5099, Coverage: 0.0000
  Batch 4070/5242, Loss: 4.1546, NLL: 4.1546, Coverage: 0.0000
  Batch 4080/5242, Loss: 3.9244, NLL: 3.9244, Coverage: 0.0000
  Batch 4090/5242, Loss: 3.6031, NLL: 3.6031, Coverage: 0.0000
  Batch 4100/5242, Loss: 4.2562, NLL: 4.2562, Coverage: 0.0000
  Batch 4110/5242, Loss: 3.9275, NLL: 3.9275, Coverage: 0.0000
  Batch 4120/5242, Loss: 3.3122, NLL: 3.3122, Coverage: 0.0000
  Batch 4130/5242, Loss: 3.7487, NLL: 3.7487, Coverage: 0.0000
  Batch 4140/5242, Loss: 3.6676, NLL: 3.6676, Coverage: 0.0000
  Batch 4150/5242, Loss: 3.8105, NLL: 3.8105, Coverage: 0.0000
  Batch 4160/5242, Loss: 4.0350, NLL: 4.0350, Coverage: 0.0000
  Batch 4170/5242, Loss: 4.2104, NLL: 4.2104, Coverage: 0.0000
  Batch 4180/5242, Loss: 4.1423, NLL: 4.1423, Coverage: 0.0000
  Batch 4190/5242, Loss: 3.5099, NLL: 3.5099, Coverage: 0.0000
  Batch 4200/5242, Loss: 3.8448, NLL: 3.8448, Coverage: 0.0000
  Batch 4210/5242, Loss: 4.6559, NLL: 4.6559, Coverage: 0.0000
  Batch 4220/5242, Loss: 4.5802, NLL: 4.5802, Coverage: 0.0000
  Batch 4230/5242, Loss: 3.4491, NLL: 3.4491, Coverage: 0.0000
  Batch 4240/5242, Loss: 4.2283, NLL: 4.2283, Coverage: 0.0000
  Batch 4250/5242, Loss: 3.9273, NLL: 3.9273, Coverage: 0.0000
  Batch 4260/5242, Loss: 3.4738, NLL: 3.4738, Coverage: 0.0000
  Batch 4270/5242, Loss: 4.2040, NLL: 4.2040, Coverage: 0.0000
  Batch 4280/5242, Loss: 3.9560, NLL: 3.9560, Coverage: 0.0000
  Batch 4290/5242, Loss: 4.5955, NLL: 4.5955, Coverage: 0.0000
  Batch 4300/5242, Loss: 4.4274, NLL: 4.4274, Coverage: 0.0000
  Batch 4310/5242, Loss: 4.3175, NLL: 4.3175, Coverage: 0.0000
  Batch 4320/5242, Loss: 3.5844, NLL: 3.5844, Coverage: 0.0000
  Batch 4330/5242, Loss: 4.1266, NLL: 4.1266, Coverage: 0.0000
  Batch 4340/5242, Loss: 3.8152, NLL: 3.8152, Coverage: 0.0000
  Batch 4350/5242, Loss: 4.0731, NLL: 4.0731, Coverage: 0.0000
  Batch 4360/5242, Loss: 4.0655, NLL: 4.0655, Coverage: 0.0000
  Batch 4370/5242, Loss: 3.9626, NLL: 3.9626, Coverage: 0.0000
  Batch 4380/5242, Loss: 3.8775, NLL: 3.8775, Coverage: 0.0000
  Batch 4390/5242, Loss: 4.0288, NLL: 4.0288, Coverage: 0.0000
  Batch 4400/5242, Loss: 3.8191, NLL: 3.8191, Coverage: 0.0000
  Batch 4410/5242, Loss: 4.1575, NLL: 4.1575, Coverage: 0.0000
  Batch 4420/5242, Loss: 3.5450, NLL: 3.5450, Coverage: 0.0000
  Batch 4430/5242, Loss: 3.1758, NLL: 3.1758, Coverage: 0.0000
  Batch 4440/5242, Loss: 3.9263, NLL: 3.9263, Coverage: 0.0000
  Batch 4450/5242, Loss: 4.3553, NLL: 4.3553, Coverage: 0.0000
  Batch 4460/5242, Loss: 3.9893, NLL: 3.9893, Coverage: 0.0000
  Batch 4470/5242, Loss: 3.8361, NLL: 3.8361, Coverage: 0.0000
  Batch 4480/5242, Loss: 3.8230, NLL: 3.8230, Coverage: 0.0000
  Batch 4490/5242, Loss: 4.1707, NLL: 4.1707, Coverage: 0.0000
  Batch 4500/5242, Loss: 3.7081, NLL: 3.7081, Coverage: 0.0000
  Batch 4510/5242, Loss: 3.6293, NLL: 3.6293, Coverage: 0.0000
  Batch 4520/5242, Loss: 4.0075, NLL: 4.0075, Coverage: 0.0000
  Batch 4530/5242, Loss: 3.3799, NLL: 3.3799, Coverage: 0.0000
  Batch 4540/5242, Loss: 3.7599, NLL: 3.7599, Coverage: 0.0000
  Batch 4550/5242, Loss: 4.1322, NLL: 4.1322, Coverage: 0.0000
  Batch 4560/5242, Loss: 3.8049, NLL: 3.8049, Coverage: 0.0000
  Batch 4570/5242, Loss: 4.9489, NLL: 4.9489, Coverage: 0.0000
  Batch 4580/5242, Loss: 4.1973, NLL: 4.1973, Coverage: 0.0000
  Batch 4590/5242, Loss: 3.7040, NLL: 3.7040, Coverage: 0.0000
  Batch 4600/5242, Loss: 3.4053, NLL: 3.4053, Coverage: 0.0000
  Batch 4610/5242, Loss: 3.8566, NLL: 3.8566, Coverage: 0.0000
  Batch 4620/5242, Loss: 3.5076, NLL: 3.5076, Coverage: 0.0000
  Batch 4630/5242, Loss: 3.7136, NLL: 3.7136, Coverage: 0.0000
  Batch 4640/5242, Loss: 3.7900, NLL: 3.7900, Coverage: 0.0000
  Batch 4650/5242, Loss: 3.9532, NLL: 3.9532, Coverage: 0.0000
  Batch 4660/5242, Loss: 4.1279, NLL: 4.1279, Coverage: 0.0000
  Batch 4670/5242, Loss: 3.6638, NLL: 3.6638, Coverage: 0.0000
  Batch 4680/5242, Loss: 3.7744, NLL: 3.7744, Coverage: 0.0000
  Batch 4690/5242, Loss: 3.3941, NLL: 3.3941, Coverage: 0.0000
  Batch 4700/5242, Loss: 3.9439, NLL: 3.9439, Coverage: 0.0000
  Batch 4710/5242, Loss: 4.2730, NLL: 4.2730, Coverage: 0.0000
  Batch 4720/5242, Loss: 4.0993, NLL: 4.0993, Coverage: 0.0000
  Batch 4730/5242, Loss: 3.6586, NLL: 3.6586, Coverage: 0.0000
  Batch 4740/5242, Loss: 3.6765, NLL: 3.6765, Coverage: 0.0000
  Batch 4750/5242, Loss: 3.9566, NLL: 3.9566, Coverage: 0.0000
  Batch 4760/5242, Loss: 3.6654, NLL: 3.6654, Coverage: 0.0000
  Batch 4770/5242, Loss: 4.0048, NLL: 4.0048, Coverage: 0.0000
  Batch 4780/5242, Loss: 3.6660, NLL: 3.6660, Coverage: 0.0000
  Batch 4790/5242, Loss: 4.0492, NLL: 4.0492, Coverage: 0.0000
  Batch 4800/5242, Loss: 4.2798, NLL: 4.2798, Coverage: 0.0000
  Batch 4810/5242, Loss: 3.9645, NLL: 3.9645, Coverage: 0.0000
  Batch 4820/5242, Loss: 3.7942, NLL: 3.7942, Coverage: 0.0000
  Batch 4830/5242, Loss: 4.0419, NLL: 4.0419, Coverage: 0.0000
  Batch 4840/5242, Loss: 3.8697, NLL: 3.8697, Coverage: 0.0000
  Batch 4850/5242, Loss: 3.9012, NLL: 3.9012, Coverage: 0.0000
  Batch 4860/5242, Loss: 3.8861, NLL: 3.8861, Coverage: 0.0000
  Batch 4870/5242, Loss: 3.2549, NLL: 3.2549, Coverage: 0.0000
  Batch 4880/5242, Loss: 4.0846, NLL: 4.0846, Coverage: 0.0000
  Batch 4890/5242, Loss: 4.1191, NLL: 4.1191, Coverage: 0.0000
  Batch 4900/5242, Loss: 3.3927, NLL: 3.3927, Coverage: 0.0000
  Batch 4910/5242, Loss: 3.3129, NLL: 3.3129, Coverage: 0.0000
  Batch 4920/5242, Loss: 4.1532, NLL: 4.1532, Coverage: 0.0000
  Batch 4930/5242, Loss: 3.3293, NLL: 3.3293, Coverage: 0.0000
  Batch 4940/5242, Loss: 3.8245, NLL: 3.8245, Coverage: 0.0000
  Batch 4950/5242, Loss: 4.0548, NLL: 4.0548, Coverage: 0.0000
  Batch 4960/5242, Loss: 3.5904, NLL: 3.5904, Coverage: 0.0000
  Batch 4970/5242, Loss: 3.9328, NLL: 3.9328, Coverage: 0.0000
  Batch 4980/5242, Loss: 3.8556, NLL: 3.8556, Coverage: 0.0000
  Batch 4990/5242, Loss: 3.3271, NLL: 3.3271, Coverage: 0.0000
  Batch 5000/5242, Loss: 3.8763, NLL: 3.8763, Coverage: 0.0000
  Batch 5010/5242, Loss: 3.6976, NLL: 3.6976, Coverage: 0.0000
  Batch 5020/5242, Loss: 3.9393, NLL: 3.9393, Coverage: 0.0000
  Batch 5030/5242, Loss: 3.8162, NLL: 3.8162, Coverage: 0.0000
  Batch 5040/5242, Loss: 3.7214, NLL: 3.7214, Coverage: 0.0000
  Batch 5050/5242, Loss: 4.0766, NLL: 4.0766, Coverage: 0.0000
  Batch 5060/5242, Loss: 3.6661, NLL: 3.6661, Coverage: 0.0000
  Batch 5070/5242, Loss: 4.0384, NLL: 4.0384, Coverage: 0.0000
  Batch 5080/5242, Loss: 3.7441, NLL: 3.7441, Coverage: 0.0000
  Batch 5090/5242, Loss: 4.0198, NLL: 4.0198, Coverage: 0.0000
  Batch 5100/5242, Loss: 4.3993, NLL: 4.3993, Coverage: 0.0000
  Batch 5110/5242, Loss: 4.1529, NLL: 4.1529, Coverage: 0.0000
  Batch 5120/5242, Loss: 4.0792, NLL: 4.0792, Coverage: 0.0000
  Batch 5130/5242, Loss: 3.7954, NLL: 3.7954, Coverage: 0.0000
  Batch 5140/5242, Loss: 4.0430, NLL: 4.0430, Coverage: 0.0000
  Batch 5150/5242, Loss: 3.8875, NLL: 3.8875, Coverage: 0.0000
  Batch 5160/5242, Loss: 3.5915, NLL: 3.5915, Coverage: 0.0000
  Batch 5170/5242, Loss: 3.7883, NLL: 3.7883, Coverage: 0.0000
  Batch 5180/5242, Loss: 4.1108, NLL: 4.1108, Coverage: 0.0000
  Batch 5190/5242, Loss: 3.4676, NLL: 3.4676, Coverage: 0.0000
  Batch 5200/5242, Loss: 4.0132, NLL: 4.0132, Coverage: 0.0000
  Batch 5210/5242, Loss: 3.9872, NLL: 3.9872, Coverage: 0.0000
  Batch 5220/5242, Loss: 3.7262, NLL: 3.7262, Coverage: 0.0000
  Batch 5230/5242, Loss: 3.8314, NLL: 3.8314, Coverage: 0.0000
  Batch 5240/5242, Loss: 3.7811, NLL: 3.7811, Coverage: 0.0000
  ✓ Learning rate reduced: 0.000063 → 0.000031

  Train Loss: 3.9270 (NLL: 3.9270, Cov: 0.0000)
  Val Loss: 6.3738 (NLL: 6.3738, Cov: 0.0000)
  Time: 33m 17s

Epoch 18/20
----------------------------------------
  Batch 10/5242, Loss: 3.9708, NLL: 3.9708, Coverage: 0.0000
  Batch 20/5242, Loss: 4.2982, NLL: 4.2982, Coverage: 0.0000
  Batch 30/5242, Loss: 3.8079, NLL: 3.8079, Coverage: 0.0000
  Batch 40/5242, Loss: 3.5879, NLL: 3.5879, Coverage: 0.0000
  Batch 50/5242, Loss: 3.6243, NLL: 3.6243, Coverage: 0.0000
  Batch 60/5242, Loss: 3.9490, NLL: 3.9490, Coverage: 0.0000
  Batch 70/5242, Loss: 3.8111, NLL: 3.8111, Coverage: 0.0000
  Batch 80/5242, Loss: 3.8109, NLL: 3.8109, Coverage: 0.0000
  Batch 90/5242, Loss: 3.4311, NLL: 3.4311, Coverage: 0.0000
  Batch 100/5242, Loss: 3.7961, NLL: 3.7961, Coverage: 0.0000
  Batch 110/5242, Loss: 3.5365, NLL: 3.5365, Coverage: 0.0000
  Batch 120/5242, Loss: 3.9056, NLL: 3.9056, Coverage: 0.0000
  Batch 130/5242, Loss: 3.5378, NLL: 3.5378, Coverage: 0.0000
  Batch 140/5242, Loss: 3.4302, NLL: 3.4302, Coverage: 0.0000
  Batch 150/5242, Loss: 3.8535, NLL: 3.8535, Coverage: 0.0000
  Batch 160/5242, Loss: 4.3642, NLL: 4.3642, Coverage: 0.0000
  Batch 170/5242, Loss: 3.7748, NLL: 3.7748, Coverage: 0.0000
  Batch 180/5242, Loss: 3.8209, NLL: 3.8209, Coverage: 0.0000
  Batch 190/5242, Loss: 3.7556, NLL: 3.7556, Coverage: 0.0000
  Batch 200/5242, Loss: 3.6017, NLL: 3.6017, Coverage: 0.0000
  Batch 210/5242, Loss: 3.9699, NLL: 3.9699, Coverage: 0.0000
  Batch 220/5242, Loss: 4.1060, NLL: 4.1060, Coverage: 0.0000
  Batch 230/5242, Loss: 3.4422, NLL: 3.4422, Coverage: 0.0000
  Batch 240/5242, Loss: 4.3450, NLL: 4.3450, Coverage: 0.0000
  Batch 250/5242, Loss: 3.6810, NLL: 3.6810, Coverage: 0.0000
  Batch 260/5242, Loss: 3.9179, NLL: 3.9179, Coverage: 0.0000
  Batch 270/5242, Loss: 3.5240, NLL: 3.5240, Coverage: 0.0000
  Batch 280/5242, Loss: 3.9820, NLL: 3.9820, Coverage: 0.0000
  Batch 290/5242, Loss: 4.0960, NLL: 4.0960, Coverage: 0.0000
  Batch 300/5242, Loss: 3.8950, NLL: 3.8950, Coverage: 0.0000
  Batch 310/5242, Loss: 3.5507, NLL: 3.5507, Coverage: 0.0000
  Batch 320/5242, Loss: 4.4713, NLL: 4.4713, Coverage: 0.0000
  Batch 330/5242, Loss: 4.0791, NLL: 4.0791, Coverage: 0.0000
  Batch 340/5242, Loss: 3.6238, NLL: 3.6238, Coverage: 0.0000
  Batch 350/5242, Loss: 3.4511, NLL: 3.4511, Coverage: 0.0000
  Batch 360/5242, Loss: 3.9242, NLL: 3.9242, Coverage: 0.0000
  Batch 370/5242, Loss: 4.2807, NLL: 4.2807, Coverage: 0.0000
  Batch 380/5242, Loss: 3.6391, NLL: 3.6391, Coverage: 0.0000
  Batch 390/5242, Loss: 3.7549, NLL: 3.7549, Coverage: 0.0000
  Batch 400/5242, Loss: 4.4860, NLL: 4.4860, Coverage: 0.0000
  Batch 410/5242, Loss: 3.5867, NLL: 3.5867, Coverage: 0.0000
  Batch 420/5242, Loss: 4.2044, NLL: 4.2044, Coverage: 0.0000
  Batch 430/5242, Loss: 3.6698, NLL: 3.6698, Coverage: 0.0000
  Batch 440/5242, Loss: 3.9263, NLL: 3.9263, Coverage: 0.0000
  Batch 450/5242, Loss: 4.3437, NLL: 4.3437, Coverage: 0.0000
  Batch 460/5242, Loss: 4.0729, NLL: 4.0729, Coverage: 0.0000
  Batch 470/5242, Loss: 3.5251, NLL: 3.5251, Coverage: 0.0000
  Batch 480/5242, Loss: 3.3384, NLL: 3.3384, Coverage: 0.0000
  Batch 490/5242, Loss: 3.7502, NLL: 3.7502, Coverage: 0.0000
  Batch 500/5242, Loss: 3.7857, NLL: 3.7857, Coverage: 0.0000
  Batch 510/5242, Loss: 3.8358, NLL: 3.8358, Coverage: 0.0000
  Batch 520/5242, Loss: 3.9200, NLL: 3.9200, Coverage: 0.0000
  Batch 530/5242, Loss: 4.0500, NLL: 4.0500, Coverage: 0.0000
  Batch 540/5242, Loss: 4.0930, NLL: 4.0930, Coverage: 0.0000
  Batch 550/5242, Loss: 4.0056, NLL: 4.0056, Coverage: 0.0000
  Batch 560/5242, Loss: 3.9423, NLL: 3.9423, Coverage: 0.0000
  Batch 570/5242, Loss: 3.8018, NLL: 3.8018, Coverage: 0.0000
  Batch 580/5242, Loss: 3.5032, NLL: 3.5032, Coverage: 0.0000
  Batch 590/5242, Loss: 3.9751, NLL: 3.9751, Coverage: 0.0000
  Batch 600/5242, Loss: 3.5508, NLL: 3.5508, Coverage: 0.0000
  Batch 610/5242, Loss: 3.6461, NLL: 3.6461, Coverage: 0.0000
  Batch 620/5242, Loss: 3.9735, NLL: 3.9735, Coverage: 0.0000
  Batch 630/5242, Loss: 4.0474, NLL: 4.0474, Coverage: 0.0000
  Batch 640/5242, Loss: 3.6304, NLL: 3.6304, Coverage: 0.0000
  Batch 650/5242, Loss: 3.6825, NLL: 3.6825, Coverage: 0.0000
  Batch 660/5242, Loss: 3.6142, NLL: 3.6142, Coverage: 0.0000
  Batch 670/5242, Loss: 4.2608, NLL: 4.2608, Coverage: 0.0000
  Batch 680/5242, Loss: 3.4333, NLL: 3.4333, Coverage: 0.0000
  Batch 690/5242, Loss: 3.9614, NLL: 3.9614, Coverage: 0.0000
  Batch 700/5242, Loss: 4.2133, NLL: 4.2133, Coverage: 0.0000
  Batch 710/5242, Loss: 3.5657, NLL: 3.5657, Coverage: 0.0000
  Batch 720/5242, Loss: 4.0104, NLL: 4.0104, Coverage: 0.0000
  Batch 730/5242, Loss: 3.9068, NLL: 3.9068, Coverage: 0.0000
  Batch 740/5242, Loss: 3.8837, NLL: 3.8837, Coverage: 0.0000
  Batch 750/5242, Loss: 3.8268, NLL: 3.8268, Coverage: 0.0000
  Batch 760/5242, Loss: 3.6407, NLL: 3.6407, Coverage: 0.0000
  Batch 770/5242, Loss: 3.9650, NLL: 3.9650, Coverage: 0.0000
  Batch 780/5242, Loss: 3.9273, NLL: 3.9273, Coverage: 0.0000
  Batch 790/5242, Loss: 3.9387, NLL: 3.9387, Coverage: 0.0000
  Batch 800/5242, Loss: 4.0335, NLL: 4.0335, Coverage: 0.0000
  Batch 810/5242, Loss: 3.7820, NLL: 3.7820, Coverage: 0.0000
  Batch 820/5242, Loss: 4.0797, NLL: 4.0797, Coverage: 0.0000
  Batch 830/5242, Loss: 4.3731, NLL: 4.3731, Coverage: 0.0000
  Batch 840/5242, Loss: 3.8818, NLL: 3.8818, Coverage: 0.0000
  Batch 850/5242, Loss: 3.6038, NLL: 3.6038, Coverage: 0.0000
  Batch 860/5242, Loss: 4.1737, NLL: 4.1737, Coverage: 0.0000
  Batch 870/5242, Loss: 3.8000, NLL: 3.8000, Coverage: 0.0000
  Batch 880/5242, Loss: 3.8195, NLL: 3.8195, Coverage: 0.0000
  Batch 890/5242, Loss: 4.1485, NLL: 4.1485, Coverage: 0.0000
  Batch 900/5242, Loss: 3.9575, NLL: 3.9575, Coverage: 0.0000
  Batch 910/5242, Loss: 3.8453, NLL: 3.8453, Coverage: 0.0000
  Batch 920/5242, Loss: 4.1371, NLL: 4.1371, Coverage: 0.0000
  Batch 930/5242, Loss: 3.7547, NLL: 3.7547, Coverage: 0.0000
  Batch 940/5242, Loss: 3.7465, NLL: 3.7465, Coverage: 0.0000
  Batch 950/5242, Loss: 3.7327, NLL: 3.7327, Coverage: 0.0000
  Batch 960/5242, Loss: 4.0767, NLL: 4.0767, Coverage: 0.0000
  Batch 970/5242, Loss: 3.7724, NLL: 3.7724, Coverage: 0.0000
  Batch 980/5242, Loss: 4.1851, NLL: 4.1851, Coverage: 0.0000
  Batch 990/5242, Loss: 3.5834, NLL: 3.5834, Coverage: 0.0000
  Batch 1000/5242, Loss: 3.6398, NLL: 3.6398, Coverage: 0.0000
  Batch 1010/5242, Loss: 3.7731, NLL: 3.7731, Coverage: 0.0000
  Batch 1020/5242, Loss: 3.8910, NLL: 3.8910, Coverage: 0.0000
  Batch 1030/5242, Loss: 3.1281, NLL: 3.1281, Coverage: 0.0000
  Batch 1040/5242, Loss: 4.2812, NLL: 4.2812, Coverage: 0.0000
  Batch 1050/5242, Loss: 3.9493, NLL: 3.9493, Coverage: 0.0000
  Batch 1060/5242, Loss: 3.5751, NLL: 3.5751, Coverage: 0.0000
  Batch 1070/5242, Loss: 4.5350, NLL: 4.5350, Coverage: 0.0000
  Batch 1080/5242, Loss: 4.0335, NLL: 4.0335, Coverage: 0.0000
  Batch 1090/5242, Loss: 3.9624, NLL: 3.9624, Coverage: 0.0000
  Batch 1100/5242, Loss: 4.1084, NLL: 4.1084, Coverage: 0.0000
  Batch 1110/5242, Loss: 3.8906, NLL: 3.8906, Coverage: 0.0000
  Batch 1120/5242, Loss: 3.5360, NLL: 3.5360, Coverage: 0.0000
  Batch 1130/5242, Loss: 3.8605, NLL: 3.8605, Coverage: 0.0000
  Batch 1140/5242, Loss: 4.0172, NLL: 4.0172, Coverage: 0.0000
  Batch 1150/5242, Loss: 4.2515, NLL: 4.2515, Coverage: 0.0000
  Batch 1160/5242, Loss: 4.1654, NLL: 4.1654, Coverage: 0.0000
  Batch 1170/5242, Loss: 4.4913, NLL: 4.4913, Coverage: 0.0000
  Batch 1180/5242, Loss: 4.1243, NLL: 4.1243, Coverage: 0.0000
  Batch 1190/5242, Loss: 3.6882, NLL: 3.6882, Coverage: 0.0000
  Batch 1200/5242, Loss: 4.2653, NLL: 4.2653, Coverage: 0.0000
  Batch 1210/5242, Loss: 3.8929, NLL: 3.8929, Coverage: 0.0000
  Batch 1220/5242, Loss: 3.7391, NLL: 3.7391, Coverage: 0.0000
  Batch 1230/5242, Loss: 4.6330, NLL: 4.6330, Coverage: 0.0000
  Batch 1240/5242, Loss: 4.0514, NLL: 4.0514, Coverage: 0.0000
  Batch 1250/5242, Loss: 3.5573, NLL: 3.5573, Coverage: 0.0000
  Batch 1260/5242, Loss: 3.8252, NLL: 3.8252, Coverage: 0.0000
  Batch 1270/5242, Loss: 3.6514, NLL: 3.6514, Coverage: 0.0000
  Batch 1280/5242, Loss: 3.3339, NLL: 3.3339, Coverage: 0.0000
  Batch 1290/5242, Loss: 3.6810, NLL: 3.6810, Coverage: 0.0000
  Batch 1300/5242, Loss: 3.7118, NLL: 3.7118, Coverage: 0.0000
  Batch 1310/5242, Loss: 3.7655, NLL: 3.7655, Coverage: 0.0000
  Batch 1320/5242, Loss: 4.2623, NLL: 4.2623, Coverage: 0.0000
  Batch 1330/5242, Loss: 4.1467, NLL: 4.1467, Coverage: 0.0000
  Batch 1340/5242, Loss: 3.9723, NLL: 3.9723, Coverage: 0.0000
  Batch 1350/5242, Loss: 3.9277, NLL: 3.9277, Coverage: 0.0000
  Batch 1360/5242, Loss: 3.8340, NLL: 3.8340, Coverage: 0.0000
  Batch 1370/5242, Loss: 3.7689, NLL: 3.7689, Coverage: 0.0000
  Batch 1380/5242, Loss: 3.7247, NLL: 3.7247, Coverage: 0.0000
  Batch 1390/5242, Loss: 3.6498, NLL: 3.6498, Coverage: 0.0000
  Batch 1400/5242, Loss: 4.2633, NLL: 4.2633, Coverage: 0.0000
  Batch 1410/5242, Loss: 4.1911, NLL: 4.1911, Coverage: 0.0000
  Batch 1420/5242, Loss: 3.8634, NLL: 3.8634, Coverage: 0.0000
  Batch 1430/5242, Loss: 3.6680, NLL: 3.6680, Coverage: 0.0000
  Batch 1440/5242, Loss: 4.0151, NLL: 4.0151, Coverage: 0.0000
  Batch 1450/5242, Loss: 3.9416, NLL: 3.9416, Coverage: 0.0000
  Batch 1460/5242, Loss: 4.1740, NLL: 4.1740, Coverage: 0.0000
  Batch 1470/5242, Loss: 4.3366, NLL: 4.3366, Coverage: 0.0000
  Batch 1480/5242, Loss: 3.7657, NLL: 3.7657, Coverage: 0.0000
  Batch 1490/5242, Loss: 4.4079, NLL: 4.4079, Coverage: 0.0000
  Batch 1500/5242, Loss: 4.0735, NLL: 4.0735, Coverage: 0.0000
  Batch 1510/5242, Loss: 4.2628, NLL: 4.2628, Coverage: 0.0000
  Batch 1520/5242, Loss: 3.6135, NLL: 3.6135, Coverage: 0.0000
  Batch 1530/5242, Loss: 3.7687, NLL: 3.7687, Coverage: 0.0000
  Batch 1540/5242, Loss: 3.7908, NLL: 3.7908, Coverage: 0.0000
  Batch 1550/5242, Loss: 4.2193, NLL: 4.2193, Coverage: 0.0000
  Batch 1560/5242, Loss: 3.6334, NLL: 3.6334, Coverage: 0.0000
  Batch 1570/5242, Loss: 3.6149, NLL: 3.6149, Coverage: 0.0000
  Batch 1580/5242, Loss: 4.0943, NLL: 4.0943, Coverage: 0.0000
  Batch 1590/5242, Loss: 4.2489, NLL: 4.2489, Coverage: 0.0000
  Batch 1600/5242, Loss: 3.3844, NLL: 3.3844, Coverage: 0.0000
  Batch 1610/5242, Loss: 3.2332, NLL: 3.2332, Coverage: 0.0000
  Batch 1620/5242, Loss: 4.1618, NLL: 4.1618, Coverage: 0.0000
  Batch 1630/5242, Loss: 3.4559, NLL: 3.4559, Coverage: 0.0000
  Batch 1640/5242, Loss: 4.0605, NLL: 4.0605, Coverage: 0.0000
  Batch 1650/5242, Loss: 3.9005, NLL: 3.9005, Coverage: 0.0000
  Batch 1660/5242, Loss: 3.9909, NLL: 3.9909, Coverage: 0.0000
  Batch 1670/5242, Loss: 4.2783, NLL: 4.2783, Coverage: 0.0000
  Batch 1680/5242, Loss: 3.7812, NLL: 3.7812, Coverage: 0.0000
  Batch 1690/5242, Loss: 3.6731, NLL: 3.6731, Coverage: 0.0000
  Batch 1700/5242, Loss: 4.7162, NLL: 4.7162, Coverage: 0.0000
  Batch 1710/5242, Loss: 3.7512, NLL: 3.7512, Coverage: 0.0000
  Batch 1720/5242, Loss: 3.4907, NLL: 3.4907, Coverage: 0.0000
  Batch 1730/5242, Loss: 4.3573, NLL: 4.3573, Coverage: 0.0000
  Batch 1740/5242, Loss: 3.4866, NLL: 3.4866, Coverage: 0.0000
  Batch 1750/5242, Loss: 4.3111, NLL: 4.3111, Coverage: 0.0000
  Batch 1760/5242, Loss: 4.3855, NLL: 4.3855, Coverage: 0.0000
  Batch 1770/5242, Loss: 3.5407, NLL: 3.5407, Coverage: 0.0000
  Batch 1780/5242, Loss: 4.3289, NLL: 4.3289, Coverage: 0.0000
  Batch 1790/5242, Loss: 3.7785, NLL: 3.7785, Coverage: 0.0000
  Batch 1800/5242, Loss: 3.7833, NLL: 3.7833, Coverage: 0.0000
  Batch 1810/5242, Loss: 3.8621, NLL: 3.8621, Coverage: 0.0000
  Batch 1820/5242, Loss: 3.8560, NLL: 3.8560, Coverage: 0.0000
  Batch 1830/5242, Loss: 4.1614, NLL: 4.1614, Coverage: 0.0000
  Batch 1840/5242, Loss: 3.6405, NLL: 3.6405, Coverage: 0.0000
  Batch 1850/5242, Loss: 3.6002, NLL: 3.6002, Coverage: 0.0000
  Batch 1860/5242, Loss: 3.6519, NLL: 3.6519, Coverage: 0.0000
  Batch 1870/5242, Loss: 3.7711, NLL: 3.7711, Coverage: 0.0000
  Batch 1880/5242, Loss: 3.7950, NLL: 3.7950, Coverage: 0.0000
  Batch 1890/5242, Loss: 3.9738, NLL: 3.9738, Coverage: 0.0000
  Batch 1900/5242, Loss: 3.8184, NLL: 3.8184, Coverage: 0.0000
  Batch 1910/5242, Loss: 3.4931, NLL: 3.4931, Coverage: 0.0000
  Batch 1920/5242, Loss: 3.9608, NLL: 3.9608, Coverage: 0.0000
  Batch 1930/5242, Loss: 4.1508, NLL: 4.1508, Coverage: 0.0000
  Batch 1940/5242, Loss: 3.6384, NLL: 3.6384, Coverage: 0.0000
  Batch 1950/5242, Loss: 3.9562, NLL: 3.9562, Coverage: 0.0000
  Batch 1960/5242, Loss: 3.7791, NLL: 3.7791, Coverage: 0.0000
  Batch 1970/5242, Loss: 3.9857, NLL: 3.9857, Coverage: 0.0000
  Batch 1980/5242, Loss: 4.2142, NLL: 4.2142, Coverage: 0.0000
  Batch 1990/5242, Loss: 3.6744, NLL: 3.6744, Coverage: 0.0000
  Batch 2000/5242, Loss: 3.6161, NLL: 3.6161, Coverage: 0.0000
  Batch 2010/5242, Loss: 4.2770, NLL: 4.2770, Coverage: 0.0000
  Batch 2020/5242, Loss: 3.7035, NLL: 3.7035, Coverage: 0.0000
  Batch 2030/5242, Loss: 4.1682, NLL: 4.1682, Coverage: 0.0000
  Batch 2040/5242, Loss: 3.9040, NLL: 3.9040, Coverage: 0.0000
  Batch 2050/5242, Loss: 3.9107, NLL: 3.9107, Coverage: 0.0000
  Batch 2060/5242, Loss: 3.7828, NLL: 3.7828, Coverage: 0.0000
  Batch 2070/5242, Loss: 4.0013, NLL: 4.0013, Coverage: 0.0000
  Batch 2080/5242, Loss: 3.6674, NLL: 3.6674, Coverage: 0.0000
  Batch 2090/5242, Loss: 3.8038, NLL: 3.8038, Coverage: 0.0000
  Batch 2100/5242, Loss: 4.0581, NLL: 4.0581, Coverage: 0.0000
  Batch 2110/5242, Loss: 3.9804, NLL: 3.9804, Coverage: 0.0000
  Batch 2120/5242, Loss: 3.9653, NLL: 3.9653, Coverage: 0.0000
  Batch 2130/5242, Loss: 3.6232, NLL: 3.6232, Coverage: 0.0000
  Batch 2140/5242, Loss: 4.4343, NLL: 4.4343, Coverage: 0.0000
  Batch 2150/5242, Loss: 3.5037, NLL: 3.5037, Coverage: 0.0000
  Batch 2160/5242, Loss: 3.5891, NLL: 3.5891, Coverage: 0.0000
  Batch 2170/5242, Loss: 3.9399, NLL: 3.9399, Coverage: 0.0000
  Batch 2180/5242, Loss: 3.9945, NLL: 3.9945, Coverage: 0.0000
  Batch 2190/5242, Loss: 3.9111, NLL: 3.9111, Coverage: 0.0000
  Batch 2200/5242, Loss: 3.6783, NLL: 3.6783, Coverage: 0.0000
  Batch 2210/5242, Loss: 3.4214, NLL: 3.4214, Coverage: 0.0000
  Batch 2220/5242, Loss: 3.8786, NLL: 3.8786, Coverage: 0.0000
  Batch 2230/5242, Loss: 4.2976, NLL: 4.2976, Coverage: 0.0000
  Batch 2240/5242, Loss: 4.0744, NLL: 4.0744, Coverage: 0.0000
  Batch 2250/5242, Loss: 4.0610, NLL: 4.0610, Coverage: 0.0000
  Batch 2260/5242, Loss: 3.9494, NLL: 3.9494, Coverage: 0.0000
  Batch 2270/5242, Loss: 4.0903, NLL: 4.0903, Coverage: 0.0000
  Batch 2280/5242, Loss: 3.9744, NLL: 3.9744, Coverage: 0.0000
  Batch 2290/5242, Loss: 4.0854, NLL: 4.0854, Coverage: 0.0000
  Batch 2300/5242, Loss: 4.1998, NLL: 4.1998, Coverage: 0.0000
  Batch 2310/5242, Loss: 4.4825, NLL: 4.4825, Coverage: 0.0000
  Batch 2320/5242, Loss: 4.1333, NLL: 4.1333, Coverage: 0.0000
  Batch 2330/5242, Loss: 4.0181, NLL: 4.0181, Coverage: 0.0000
  Batch 2340/5242, Loss: 3.7919, NLL: 3.7919, Coverage: 0.0000
  Batch 2350/5242, Loss: 3.5537, NLL: 3.5537, Coverage: 0.0000
  Batch 2360/5242, Loss: 3.7130, NLL: 3.7130, Coverage: 0.0000
  Batch 2370/5242, Loss: 4.1018, NLL: 4.1018, Coverage: 0.0000
  Batch 2380/5242, Loss: 3.8740, NLL: 3.8740, Coverage: 0.0000
  Batch 2390/5242, Loss: 3.7681, NLL: 3.7681, Coverage: 0.0000
  Batch 2400/5242, Loss: 3.8667, NLL: 3.8667, Coverage: 0.0000
  Batch 2410/5242, Loss: 3.7331, NLL: 3.7331, Coverage: 0.0000
  Batch 2420/5242, Loss: 3.5865, NLL: 3.5865, Coverage: 0.0000
  Batch 2430/5242, Loss: 3.6356, NLL: 3.6356, Coverage: 0.0000
  Batch 2440/5242, Loss: 4.1716, NLL: 4.1716, Coverage: 0.0000
  Batch 2450/5242, Loss: 4.0775, NLL: 4.0775, Coverage: 0.0000
  Batch 2460/5242, Loss: 3.6864, NLL: 3.6864, Coverage: 0.0000
  Batch 2470/5242, Loss: 3.9154, NLL: 3.9154, Coverage: 0.0000
  Batch 2480/5242, Loss: 3.9178, NLL: 3.9178, Coverage: 0.0000
  Batch 2490/5242, Loss: 3.8916, NLL: 3.8916, Coverage: 0.0000
  Batch 2500/5242, Loss: 3.8460, NLL: 3.8460, Coverage: 0.0000
  Batch 2510/5242, Loss: 3.9443, NLL: 3.9443, Coverage: 0.0000
  Batch 2520/5242, Loss: 4.1342, NLL: 4.1342, Coverage: 0.0000
  Batch 2530/5242, Loss: 3.8832, NLL: 3.8832, Coverage: 0.0000
  Batch 2540/5242, Loss: 3.9108, NLL: 3.9108, Coverage: 0.0000
  Batch 2550/5242, Loss: 3.0662, NLL: 3.0662, Coverage: 0.0000
  Batch 2560/5242, Loss: 3.7886, NLL: 3.7886, Coverage: 0.0000
  Batch 2570/5242, Loss: 3.7727, NLL: 3.7727, Coverage: 0.0000
  Batch 2580/5242, Loss: 3.6347, NLL: 3.6347, Coverage: 0.0000
  Batch 2590/5242, Loss: 3.8582, NLL: 3.8582, Coverage: 0.0000
  Batch 2600/5242, Loss: 4.0288, NLL: 4.0288, Coverage: 0.0000
  Batch 2610/5242, Loss: 4.1674, NLL: 4.1674, Coverage: 0.0000
  Batch 2620/5242, Loss: 4.2576, NLL: 4.2576, Coverage: 0.0000
  Batch 2630/5242, Loss: 4.0293, NLL: 4.0293, Coverage: 0.0000
  Batch 2640/5242, Loss: 3.5819, NLL: 3.5819, Coverage: 0.0000
  Batch 2650/5242, Loss: 4.3800, NLL: 4.3800, Coverage: 0.0000
  Batch 2660/5242, Loss: 3.8382, NLL: 3.8382, Coverage: 0.0000
  Batch 2670/5242, Loss: 3.6435, NLL: 3.6435, Coverage: 0.0000
  Batch 2680/5242, Loss: 3.6785, NLL: 3.6785, Coverage: 0.0000
  Batch 2690/5242, Loss: 4.0966, NLL: 4.0966, Coverage: 0.0000
  Batch 2700/5242, Loss: 4.0610, NLL: 4.0610, Coverage: 0.0000
  Batch 2710/5242, Loss: 4.1277, NLL: 4.1277, Coverage: 0.0000
  Batch 2720/5242, Loss: 3.4035, NLL: 3.4035, Coverage: 0.0000
  Batch 2730/5242, Loss: 3.5287, NLL: 3.5287, Coverage: 0.0000
  Batch 2740/5242, Loss: 3.9994, NLL: 3.9994, Coverage: 0.0000
  Batch 2750/5242, Loss: 3.6952, NLL: 3.6952, Coverage: 0.0000
  Batch 2760/5242, Loss: 3.9543, NLL: 3.9543, Coverage: 0.0000
  Batch 2770/5242, Loss: 3.4835, NLL: 3.4835, Coverage: 0.0000
  Batch 2780/5242, Loss: 3.8939, NLL: 3.8939, Coverage: 0.0000
  Batch 2790/5242, Loss: 3.9194, NLL: 3.9194, Coverage: 0.0000
  Batch 2800/5242, Loss: 3.6278, NLL: 3.6278, Coverage: 0.0000
  Batch 2810/5242, Loss: 4.2904, NLL: 4.2904, Coverage: 0.0000
  Batch 2820/5242, Loss: 4.2737, NLL: 4.2737, Coverage: 0.0000
  Batch 2830/5242, Loss: 3.7529, NLL: 3.7529, Coverage: 0.0000
  Batch 2840/5242, Loss: 3.7524, NLL: 3.7524, Coverage: 0.0000
  Batch 2850/5242, Loss: 3.5065, NLL: 3.5065, Coverage: 0.0000
  Batch 2860/5242, Loss: 3.9273, NLL: 3.9273, Coverage: 0.0000
  Batch 2870/5242, Loss: 3.6745, NLL: 3.6745, Coverage: 0.0000
  Batch 2880/5242, Loss: 3.6727, NLL: 3.6727, Coverage: 0.0000
  Batch 2890/5242, Loss: 3.7785, NLL: 3.7785, Coverage: 0.0000
  Batch 2900/5242, Loss: 3.9793, NLL: 3.9793, Coverage: 0.0000
  Batch 2910/5242, Loss: 3.6073, NLL: 3.6073, Coverage: 0.0000
  Batch 2920/5242, Loss: 3.9347, NLL: 3.9347, Coverage: 0.0000
  Batch 2930/5242, Loss: 4.2332, NLL: 4.2332, Coverage: 0.0000
  Batch 2940/5242, Loss: 4.0904, NLL: 4.0904, Coverage: 0.0000
  Batch 2950/5242, Loss: 3.5435, NLL: 3.5435, Coverage: 0.0000
  Batch 2960/5242, Loss: 3.8612, NLL: 3.8612, Coverage: 0.0000
  Batch 2970/5242, Loss: 3.1772, NLL: 3.1772, Coverage: 0.0000
  Batch 2980/5242, Loss: 3.6838, NLL: 3.6838, Coverage: 0.0000
  Batch 2990/5242, Loss: 3.8146, NLL: 3.8146, Coverage: 0.0000
  Batch 3000/5242, Loss: 4.1597, NLL: 4.1597, Coverage: 0.0000
  Batch 3010/5242, Loss: 3.9107, NLL: 3.9107, Coverage: 0.0000
  Batch 3020/5242, Loss: 3.8913, NLL: 3.8913, Coverage: 0.0000
  Batch 3030/5242, Loss: 4.0738, NLL: 4.0738, Coverage: 0.0000
  Batch 3040/5242, Loss: 3.8475, NLL: 3.8475, Coverage: 0.0000
  Batch 3050/5242, Loss: 3.6821, NLL: 3.6821, Coverage: 0.0000
  Batch 3060/5242, Loss: 4.3755, NLL: 4.3755, Coverage: 0.0000
  Batch 3070/5242, Loss: 3.5295, NLL: 3.5295, Coverage: 0.0000
  Batch 3080/5242, Loss: 3.6066, NLL: 3.6066, Coverage: 0.0000
  Batch 3090/5242, Loss: 4.0989, NLL: 4.0989, Coverage: 0.0000
  Batch 3100/5242, Loss: 3.6648, NLL: 3.6648, Coverage: 0.0000
  Batch 3110/5242, Loss: 4.5558, NLL: 4.5558, Coverage: 0.0000
  Batch 3120/5242, Loss: 3.8972, NLL: 3.8972, Coverage: 0.0000
  Batch 3130/5242, Loss: 3.8246, NLL: 3.8246, Coverage: 0.0000
  Batch 3140/5242, Loss: 3.8632, NLL: 3.8632, Coverage: 0.0000
  Batch 3150/5242, Loss: 3.8368, NLL: 3.8368, Coverage: 0.0000
  Batch 3160/5242, Loss: 4.2364, NLL: 4.2364, Coverage: 0.0000
  Batch 3170/5242, Loss: 3.8817, NLL: 3.8817, Coverage: 0.0000
  Batch 3180/5242, Loss: 4.0521, NLL: 4.0521, Coverage: 0.0000
  Batch 3190/5242, Loss: 3.6690, NLL: 3.6690, Coverage: 0.0000
  Batch 3200/5242, Loss: 3.3887, NLL: 3.3887, Coverage: 0.0000
  Batch 3210/5242, Loss: 3.7076, NLL: 3.7076, Coverage: 0.0000
  Batch 3220/5242, Loss: 3.5656, NLL: 3.5656, Coverage: 0.0000
  Batch 3230/5242, Loss: 3.8711, NLL: 3.8711, Coverage: 0.0000
  Batch 3240/5242, Loss: 3.8764, NLL: 3.8764, Coverage: 0.0000
  Batch 3250/5242, Loss: 3.7947, NLL: 3.7947, Coverage: 0.0000
  Batch 3260/5242, Loss: 3.9118, NLL: 3.9118, Coverage: 0.0000
  Batch 3270/5242, Loss: 3.9551, NLL: 3.9551, Coverage: 0.0000
  Batch 3280/5242, Loss: 4.0640, NLL: 4.0640, Coverage: 0.0000
  Batch 3290/5242, Loss: 3.7615, NLL: 3.7615, Coverage: 0.0000
  Batch 3300/5242, Loss: 3.9819, NLL: 3.9819, Coverage: 0.0000
  Batch 3310/5242, Loss: 4.3701, NLL: 4.3701, Coverage: 0.0000
  Batch 3320/5242, Loss: 3.8289, NLL: 3.8289, Coverage: 0.0000
  Batch 3330/5242, Loss: 3.8081, NLL: 3.8081, Coverage: 0.0000
  Batch 3340/5242, Loss: 4.0431, NLL: 4.0431, Coverage: 0.0000
  Batch 3350/5242, Loss: 4.3091, NLL: 4.3091, Coverage: 0.0000
  Batch 3360/5242, Loss: 4.2796, NLL: 4.2796, Coverage: 0.0000
  Batch 3370/5242, Loss: 4.1252, NLL: 4.1252, Coverage: 0.0000
  Batch 3380/5242, Loss: 3.9365, NLL: 3.9365, Coverage: 0.0000
  Batch 3390/5242, Loss: 3.7140, NLL: 3.7140, Coverage: 0.0000
  Batch 3400/5242, Loss: 2.8052, NLL: 2.8052, Coverage: 0.0000
  Batch 3410/5242, Loss: 4.3297, NLL: 4.3297, Coverage: 0.0000
  Batch 3420/5242, Loss: 3.6266, NLL: 3.6266, Coverage: 0.0000
  Batch 3430/5242, Loss: 4.3087, NLL: 4.3087, Coverage: 0.0000
  Batch 3440/5242, Loss: 3.6869, NLL: 3.6869, Coverage: 0.0000
  Batch 3450/5242, Loss: 4.3611, NLL: 4.3611, Coverage: 0.0000
  Batch 3460/5242, Loss: 3.7639, NLL: 3.7639, Coverage: 0.0000
  Batch 3470/5242, Loss: 3.9515, NLL: 3.9515, Coverage: 0.0000
  Batch 3480/5242, Loss: 4.0025, NLL: 4.0025, Coverage: 0.0000
  Batch 3490/5242, Loss: 3.5895, NLL: 3.5895, Coverage: 0.0000
  Batch 3500/5242, Loss: 3.7327, NLL: 3.7327, Coverage: 0.0000
  Batch 3510/5242, Loss: 4.0638, NLL: 4.0638, Coverage: 0.0000
  Batch 3520/5242, Loss: 3.6220, NLL: 3.6220, Coverage: 0.0000
  Batch 3530/5242, Loss: 4.1222, NLL: 4.1222, Coverage: 0.0000
  Batch 3540/5242, Loss: 3.5685, NLL: 3.5685, Coverage: 0.0000
  Batch 3550/5242, Loss: 4.0028, NLL: 4.0028, Coverage: 0.0000
  Batch 3560/5242, Loss: 4.3533, NLL: 4.3533, Coverage: 0.0000
  Batch 3570/5242, Loss: 3.6797, NLL: 3.6797, Coverage: 0.0000
  Batch 3580/5242, Loss: 3.6040, NLL: 3.6040, Coverage: 0.0000
  Batch 3590/5242, Loss: 3.8497, NLL: 3.8497, Coverage: 0.0000
  Batch 3600/5242, Loss: 3.7978, NLL: 3.7978, Coverage: 0.0000
  Batch 3610/5242, Loss: 3.8440, NLL: 3.8440, Coverage: 0.0000
  Batch 3620/5242, Loss: 3.4729, NLL: 3.4729, Coverage: 0.0000
  Batch 3630/5242, Loss: 3.8341, NLL: 3.8341, Coverage: 0.0000
  Batch 3640/5242, Loss: 4.2601, NLL: 4.2601, Coverage: 0.0000
  Batch 3650/5242, Loss: 4.2011, NLL: 4.2011, Coverage: 0.0000
  Batch 3660/5242, Loss: 4.7961, NLL: 4.7961, Coverage: 0.0000
  Batch 3670/5242, Loss: 3.8827, NLL: 3.8827, Coverage: 0.0000
  Batch 3680/5242, Loss: 3.5160, NLL: 3.5160, Coverage: 0.0000
  Batch 3690/5242, Loss: 3.7193, NLL: 3.7193, Coverage: 0.0000
  Batch 3700/5242, Loss: 4.0725, NLL: 4.0725, Coverage: 0.0000
  Batch 3710/5242, Loss: 3.8309, NLL: 3.8309, Coverage: 0.0000
  Batch 3720/5242, Loss: 3.4141, NLL: 3.4141, Coverage: 0.0000
  Batch 3730/5242, Loss: 3.8730, NLL: 3.8730, Coverage: 0.0000
  Batch 3740/5242, Loss: 3.6396, NLL: 3.6396, Coverage: 0.0000
  Batch 3750/5242, Loss: 3.8685, NLL: 3.8685, Coverage: 0.0000
  Batch 3760/5242, Loss: 4.0935, NLL: 4.0935, Coverage: 0.0000
  Batch 3770/5242, Loss: 4.1271, NLL: 4.1271, Coverage: 0.0000
  Batch 3780/5242, Loss: 3.9201, NLL: 3.9201, Coverage: 0.0000
  Batch 3790/5242, Loss: 4.1896, NLL: 4.1896, Coverage: 0.0000
  Batch 3800/5242, Loss: 3.9800, NLL: 3.9800, Coverage: 0.0000
  Batch 3810/5242, Loss: 3.6618, NLL: 3.6618, Coverage: 0.0000
  Batch 3820/5242, Loss: 3.9318, NLL: 3.9318, Coverage: 0.0000
  Batch 3830/5242, Loss: 3.8401, NLL: 3.8401, Coverage: 0.0000
  Batch 3840/5242, Loss: 4.4518, NLL: 4.4518, Coverage: 0.0000
  Batch 3850/5242, Loss: 3.3499, NLL: 3.3499, Coverage: 0.0000
  Batch 3860/5242, Loss: 4.3097, NLL: 4.3097, Coverage: 0.0000
  Batch 3870/5242, Loss: 3.9531, NLL: 3.9531, Coverage: 0.0000
  Batch 3880/5242, Loss: 3.9939, NLL: 3.9939, Coverage: 0.0000
  Batch 3890/5242, Loss: 3.5721, NLL: 3.5721, Coverage: 0.0000
  Batch 3900/5242, Loss: 4.0617, NLL: 4.0617, Coverage: 0.0000
  Batch 3910/5242, Loss: 3.9151, NLL: 3.9151, Coverage: 0.0000
  Batch 3920/5242, Loss: 3.9810, NLL: 3.9810, Coverage: 0.0000
  Batch 3930/5242, Loss: 3.6908, NLL: 3.6908, Coverage: 0.0000
  Batch 3940/5242, Loss: 3.9163, NLL: 3.9163, Coverage: 0.0000
  Batch 3950/5242, Loss: 4.2990, NLL: 4.2990, Coverage: 0.0000
  Batch 3960/5242, Loss: 3.8031, NLL: 3.8031, Coverage: 0.0000
  Batch 3970/5242, Loss: 3.9836, NLL: 3.9836, Coverage: 0.0000
  Batch 3980/5242, Loss: 3.7165, NLL: 3.7165, Coverage: 0.0000
  Batch 3990/5242, Loss: 3.9966, NLL: 3.9966, Coverage: 0.0000
  Batch 4000/5242, Loss: 3.4162, NLL: 3.4162, Coverage: 0.0000
  Batch 4010/5242, Loss: 3.8696, NLL: 3.8696, Coverage: 0.0000
  Batch 4020/5242, Loss: 3.4054, NLL: 3.4054, Coverage: 0.0000
  Batch 4030/5242, Loss: 4.5400, NLL: 4.5400, Coverage: 0.0000
  Batch 4040/5242, Loss: 3.8679, NLL: 3.8679, Coverage: 0.0000
  Batch 4050/5242, Loss: 3.7593, NLL: 3.7593, Coverage: 0.0000
  Batch 4060/5242, Loss: 4.1279, NLL: 4.1279, Coverage: 0.0000
  Batch 4070/5242, Loss: 3.9538, NLL: 3.9538, Coverage: 0.0000
  Batch 4080/5242, Loss: 3.9202, NLL: 3.9202, Coverage: 0.0000
  Batch 4090/5242, Loss: 3.7504, NLL: 3.7504, Coverage: 0.0000
  Batch 4100/5242, Loss: 4.1281, NLL: 4.1281, Coverage: 0.0000
  Batch 4110/5242, Loss: 4.1391, NLL: 4.1391, Coverage: 0.0000
  Batch 4120/5242, Loss: 3.8870, NLL: 3.8870, Coverage: 0.0000
  Batch 4130/5242, Loss: 3.9015, NLL: 3.9015, Coverage: 0.0000
  Batch 4140/5242, Loss: 3.9087, NLL: 3.9087, Coverage: 0.0000
  Batch 4150/5242, Loss: 4.1036, NLL: 4.1036, Coverage: 0.0000
  Batch 4160/5242, Loss: 3.5387, NLL: 3.5387, Coverage: 0.0000
  Batch 4170/5242, Loss: 3.5688, NLL: 3.5688, Coverage: 0.0000
  Batch 4180/5242, Loss: 3.9344, NLL: 3.9344, Coverage: 0.0000
  Batch 4190/5242, Loss: 3.7273, NLL: 3.7273, Coverage: 0.0000
  Batch 4200/5242, Loss: 3.5283, NLL: 3.5283, Coverage: 0.0000
  Batch 4210/5242, Loss: 4.0533, NLL: 4.0533, Coverage: 0.0000
  Batch 4220/5242, Loss: 4.2311, NLL: 4.2311, Coverage: 0.0000
  Batch 4230/5242, Loss: 3.7289, NLL: 3.7289, Coverage: 0.0000
  Batch 4240/5242, Loss: 4.1433, NLL: 4.1433, Coverage: 0.0000
  Batch 4250/5242, Loss: 3.6814, NLL: 3.6814, Coverage: 0.0000
  Batch 4260/5242, Loss: 3.9339, NLL: 3.9339, Coverage: 0.0000
  Batch 4270/5242, Loss: 3.8393, NLL: 3.8393, Coverage: 0.0000
  Batch 4280/5242, Loss: 4.2849, NLL: 4.2849, Coverage: 0.0000
  Batch 4290/5242, Loss: 3.7387, NLL: 3.7387, Coverage: 0.0000
  Batch 4300/5242, Loss: 3.7154, NLL: 3.7154, Coverage: 0.0000
  Batch 4310/5242, Loss: 3.9073, NLL: 3.9073, Coverage: 0.0000
  Batch 4320/5242, Loss: 3.8083, NLL: 3.8083, Coverage: 0.0000
  Batch 4330/5242, Loss: 3.7867, NLL: 3.7867, Coverage: 0.0000
  Batch 4340/5242, Loss: 3.9983, NLL: 3.9983, Coverage: 0.0000
  Batch 4350/5242, Loss: 3.4916, NLL: 3.4916, Coverage: 0.0000
  Batch 4360/5242, Loss: 4.0881, NLL: 4.0881, Coverage: 0.0000
  Batch 4370/5242, Loss: 4.0713, NLL: 4.0713, Coverage: 0.0000
  Batch 4380/5242, Loss: 3.7487, NLL: 3.7487, Coverage: 0.0000
  Batch 4390/5242, Loss: 3.3269, NLL: 3.3269, Coverage: 0.0000
  Batch 4400/5242, Loss: 3.6685, NLL: 3.6685, Coverage: 0.0000
  Batch 4410/5242, Loss: 4.2602, NLL: 4.2602, Coverage: 0.0000
  Batch 4420/5242, Loss: 3.7928, NLL: 3.7928, Coverage: 0.0000
  Batch 4430/5242, Loss: 3.8712, NLL: 3.8712, Coverage: 0.0000
  Batch 4440/5242, Loss: 3.9097, NLL: 3.9097, Coverage: 0.0000
  Batch 4450/5242, Loss: 3.8944, NLL: 3.8944, Coverage: 0.0000
  Batch 4460/5242, Loss: 3.8735, NLL: 3.8735, Coverage: 0.0000
  Batch 4470/5242, Loss: 4.1241, NLL: 4.1241, Coverage: 0.0000
  Batch 4480/5242, Loss: 3.8930, NLL: 3.8930, Coverage: 0.0000
  Batch 4490/5242, Loss: 4.1140, NLL: 4.1140, Coverage: 0.0000
  Batch 4500/5242, Loss: 3.8521, NLL: 3.8521, Coverage: 0.0000
  Batch 4510/5242, Loss: 3.8809, NLL: 3.8809, Coverage: 0.0000
  Batch 4520/5242, Loss: 3.8069, NLL: 3.8069, Coverage: 0.0000
  Batch 4530/5242, Loss: 4.6107, NLL: 4.6107, Coverage: 0.0000
  Batch 4540/5242, Loss: 3.5276, NLL: 3.5276, Coverage: 0.0000
  Batch 4550/5242, Loss: 3.8443, NLL: 3.8443, Coverage: 0.0000
  Batch 4560/5242, Loss: 3.5931, NLL: 3.5931, Coverage: 0.0000
  Batch 4570/5242, Loss: 3.5640, NLL: 3.5640, Coverage: 0.0000
  Batch 4580/5242, Loss: 3.7158, NLL: 3.7158, Coverage: 0.0000
  Batch 4590/5242, Loss: 3.7902, NLL: 3.7902, Coverage: 0.0000
  Batch 4600/5242, Loss: 3.9341, NLL: 3.9341, Coverage: 0.0000
  Batch 4610/5242, Loss: 4.2523, NLL: 4.2523, Coverage: 0.0000
  Batch 4620/5242, Loss: 3.8120, NLL: 3.8120, Coverage: 0.0000
  Batch 4630/5242, Loss: 3.9112, NLL: 3.9112, Coverage: 0.0000
  Batch 4640/5242, Loss: 3.9145, NLL: 3.9145, Coverage: 0.0000
  Batch 4650/5242, Loss: 4.1208, NLL: 4.1208, Coverage: 0.0000
  Batch 4660/5242, Loss: 4.1083, NLL: 4.1083, Coverage: 0.0000
  Batch 4670/5242, Loss: 3.3432, NLL: 3.3432, Coverage: 0.0000
  Batch 4680/5242, Loss: 3.6971, NLL: 3.6971, Coverage: 0.0000
  Batch 4690/5242, Loss: 3.9910, NLL: 3.9910, Coverage: 0.0000
  Batch 4700/5242, Loss: 3.8223, NLL: 3.8223, Coverage: 0.0000
  Batch 4710/5242, Loss: 3.5762, NLL: 3.5762, Coverage: 0.0000
  Batch 4720/5242, Loss: 3.7579, NLL: 3.7579, Coverage: 0.0000
  Batch 4730/5242, Loss: 3.9828, NLL: 3.9828, Coverage: 0.0000
  Batch 4740/5242, Loss: 4.2634, NLL: 4.2634, Coverage: 0.0000
  Batch 4750/5242, Loss: 4.0522, NLL: 4.0522, Coverage: 0.0000
  Batch 4760/5242, Loss: 3.9575, NLL: 3.9575, Coverage: 0.0000
  Batch 4770/5242, Loss: 4.0234, NLL: 4.0234, Coverage: 0.0000
  Batch 4780/5242, Loss: 4.1978, NLL: 4.1978, Coverage: 0.0000
  Batch 4790/5242, Loss: 3.5734, NLL: 3.5734, Coverage: 0.0000
  Batch 4800/5242, Loss: 3.8966, NLL: 3.8966, Coverage: 0.0000
  Batch 4810/5242, Loss: 3.9598, NLL: 3.9598, Coverage: 0.0000
  Batch 4820/5242, Loss: 4.3692, NLL: 4.3692, Coverage: 0.0000
  Batch 4830/5242, Loss: 3.4585, NLL: 3.4585, Coverage: 0.0000
  Batch 4840/5242, Loss: 4.1803, NLL: 4.1803, Coverage: 0.0000
  Batch 4850/5242, Loss: 3.6727, NLL: 3.6727, Coverage: 0.0000
  Batch 4860/5242, Loss: 3.7465, NLL: 3.7465, Coverage: 0.0000
  Batch 4870/5242, Loss: 3.8838, NLL: 3.8838, Coverage: 0.0000
  Batch 4880/5242, Loss: 4.0853, NLL: 4.0853, Coverage: 0.0000
  Batch 4890/5242, Loss: 4.4256, NLL: 4.4256, Coverage: 0.0000
  Batch 4900/5242, Loss: 3.0374, NLL: 3.0374, Coverage: 0.0000
  Batch 4910/5242, Loss: 3.9692, NLL: 3.9692, Coverage: 0.0000
  Batch 4920/5242, Loss: 3.6236, NLL: 3.6236, Coverage: 0.0000
  Batch 4930/5242, Loss: 4.0757, NLL: 4.0757, Coverage: 0.0000
  Batch 4940/5242, Loss: 3.8651, NLL: 3.8651, Coverage: 0.0000
  Batch 4950/5242, Loss: 3.8617, NLL: 3.8617, Coverage: 0.0000
  Batch 4960/5242, Loss: 4.0253, NLL: 4.0253, Coverage: 0.0000
  Batch 4970/5242, Loss: 3.9630, NLL: 3.9630, Coverage: 0.0000
  Batch 4980/5242, Loss: 3.9056, NLL: 3.9056, Coverage: 0.0000
  Batch 4990/5242, Loss: 3.5872, NLL: 3.5872, Coverage: 0.0000
  Batch 5000/5242, Loss: 3.8372, NLL: 3.8372, Coverage: 0.0000
  Batch 5010/5242, Loss: 3.6882, NLL: 3.6882, Coverage: 0.0000
  Batch 5020/5242, Loss: 4.1791, NLL: 4.1791, Coverage: 0.0000
  Batch 5030/5242, Loss: 3.9875, NLL: 3.9875, Coverage: 0.0000
  Batch 5040/5242, Loss: 3.8707, NLL: 3.8707, Coverage: 0.0000
  Batch 5050/5242, Loss: 3.5658, NLL: 3.5658, Coverage: 0.0000
  Batch 5060/5242, Loss: 3.4672, NLL: 3.4672, Coverage: 0.0000
  Batch 5070/5242, Loss: 3.9264, NLL: 3.9264, Coverage: 0.0000
  Batch 5080/5242, Loss: 3.9590, NLL: 3.9590, Coverage: 0.0000
  Batch 5090/5242, Loss: 3.8013, NLL: 3.8013, Coverage: 0.0000
  Batch 5100/5242, Loss: 4.1872, NLL: 4.1872, Coverage: 0.0000
  Batch 5110/5242, Loss: 4.2723, NLL: 4.2723, Coverage: 0.0000
  Batch 5120/5242, Loss: 3.7206, NLL: 3.7206, Coverage: 0.0000
  Batch 5130/5242, Loss: 3.6996, NLL: 3.6996, Coverage: 0.0000
  Batch 5140/5242, Loss: 3.8836, NLL: 3.8836, Coverage: 0.0000
  Batch 5150/5242, Loss: 3.8569, NLL: 3.8569, Coverage: 0.0000
  Batch 5160/5242, Loss: 4.4444, NLL: 4.4444, Coverage: 0.0000
  Batch 5170/5242, Loss: 3.7696, NLL: 3.7696, Coverage: 0.0000
  Batch 5180/5242, Loss: 3.9829, NLL: 3.9829, Coverage: 0.0000
  Batch 5190/5242, Loss: 3.6077, NLL: 3.6077, Coverage: 0.0000
  Batch 5200/5242, Loss: 4.4904, NLL: 4.4904, Coverage: 0.0000
  Batch 5210/5242, Loss: 3.8136, NLL: 3.8136, Coverage: 0.0000
  Batch 5220/5242, Loss: 3.7004, NLL: 3.7004, Coverage: 0.0000
  Batch 5230/5242, Loss: 3.8716, NLL: 3.8716, Coverage: 0.0000
  Batch 5240/5242, Loss: 3.9861, NLL: 3.9861, Coverage: 0.0000

  Train Loss: 3.9117 (NLL: 3.9117, Cov: 0.0000)
  Val Loss: 6.4023 (NLL: 6.4023, Cov: 0.0000)
  Time: 33m 15s

Epoch 19/20
----------------------------------------
  Batch 10/5242, Loss: 4.2429, NLL: 4.2429, Coverage: 0.0000
  Batch 20/5242, Loss: 3.9142, NLL: 3.9142, Coverage: 0.0000
  Batch 30/5242, Loss: 3.8404, NLL: 3.8404, Coverage: 0.0000
  Batch 40/5242, Loss: 4.2544, NLL: 4.2544, Coverage: 0.0000
  Batch 50/5242, Loss: 3.7849, NLL: 3.7849, Coverage: 0.0000
  Batch 60/5242, Loss: 3.7601, NLL: 3.7601, Coverage: 0.0000
  Batch 70/5242, Loss: 3.9906, NLL: 3.9906, Coverage: 0.0000
  Batch 80/5242, Loss: 3.5856, NLL: 3.5856, Coverage: 0.0000
  Batch 90/5242, Loss: 3.9431, NLL: 3.9431, Coverage: 0.0000
  Batch 100/5242, Loss: 4.0887, NLL: 4.0887, Coverage: 0.0000
  Batch 110/5242, Loss: 3.4749, NLL: 3.4749, Coverage: 0.0000
  Batch 120/5242, Loss: 4.0940, NLL: 4.0940, Coverage: 0.0000
  Batch 130/5242, Loss: 3.6232, NLL: 3.6232, Coverage: 0.0000
  Batch 140/5242, Loss: 4.1843, NLL: 4.1843, Coverage: 0.0000
  Batch 150/5242, Loss: 4.2157, NLL: 4.2157, Coverage: 0.0000
  Batch 160/5242, Loss: 3.7900, NLL: 3.7900, Coverage: 0.0000
  Batch 170/5242, Loss: 4.2434, NLL: 4.2434, Coverage: 0.0000
  Batch 180/5242, Loss: 4.8062, NLL: 4.8062, Coverage: 0.0000
  Batch 190/5242, Loss: 4.0529, NLL: 4.0529, Coverage: 0.0000
  Batch 200/5242, Loss: 3.9842, NLL: 3.9842, Coverage: 0.0000
  Batch 210/5242, Loss: 4.0622, NLL: 4.0622, Coverage: 0.0000
  Batch 220/5242, Loss: 3.7256, NLL: 3.7256, Coverage: 0.0000
  Batch 230/5242, Loss: 3.5613, NLL: 3.5613, Coverage: 0.0000
  Batch 240/5242, Loss: 4.6954, NLL: 4.6954, Coverage: 0.0000
  Batch 250/5242, Loss: 3.7963, NLL: 3.7963, Coverage: 0.0000
  Batch 260/5242, Loss: 4.0275, NLL: 4.0275, Coverage: 0.0000
  Batch 270/5242, Loss: 3.6354, NLL: 3.6354, Coverage: 0.0000
  Batch 280/5242, Loss: 3.6823, NLL: 3.6823, Coverage: 0.0000
  Batch 290/5242, Loss: 4.2013, NLL: 4.2013, Coverage: 0.0000
  Batch 300/5242, Loss: 4.0960, NLL: 4.0960, Coverage: 0.0000
  Batch 310/5242, Loss: 4.2477, NLL: 4.2477, Coverage: 0.0000
  Batch 320/5242, Loss: 4.3950, NLL: 4.3950, Coverage: 0.0000
  Batch 330/5242, Loss: 3.3324, NLL: 3.3324, Coverage: 0.0000
  Batch 340/5242, Loss: 3.8613, NLL: 3.8613, Coverage: 0.0000
  Batch 350/5242, Loss: 4.1497, NLL: 4.1497, Coverage: 0.0000
  Batch 360/5242, Loss: 3.6527, NLL: 3.6527, Coverage: 0.0000
  Batch 370/5242, Loss: 3.9800, NLL: 3.9800, Coverage: 0.0000
  Batch 380/5242, Loss: 3.9348, NLL: 3.9348, Coverage: 0.0000
  Batch 390/5242, Loss: 3.9473, NLL: 3.9473, Coverage: 0.0000
  Batch 400/5242, Loss: 3.8735, NLL: 3.8735, Coverage: 0.0000
  Batch 410/5242, Loss: 3.4330, NLL: 3.4330, Coverage: 0.0000
  Batch 420/5242, Loss: 4.3495, NLL: 4.3495, Coverage: 0.0000
  Batch 430/5242, Loss: 3.8525, NLL: 3.8525, Coverage: 0.0000
  Batch 440/5242, Loss: 3.7306, NLL: 3.7306, Coverage: 0.0000
  Batch 450/5242, Loss: 4.3596, NLL: 4.3596, Coverage: 0.0000
  Batch 460/5242, Loss: 3.7449, NLL: 3.7449, Coverage: 0.0000
  Batch 470/5242, Loss: 3.7871, NLL: 3.7871, Coverage: 0.0000
  Batch 480/5242, Loss: 3.7691, NLL: 3.7691, Coverage: 0.0000
  Batch 490/5242, Loss: 3.6750, NLL: 3.6750, Coverage: 0.0000
  Batch 500/5242, Loss: 3.8205, NLL: 3.8205, Coverage: 0.0000
  Batch 510/5242, Loss: 3.7339, NLL: 3.7339, Coverage: 0.0000
  Batch 520/5242, Loss: 3.8139, NLL: 3.8139, Coverage: 0.0000
  Batch 530/5242, Loss: 3.7417, NLL: 3.7417, Coverage: 0.0000
  Batch 540/5242, Loss: 3.6423, NLL: 3.6423, Coverage: 0.0000
  Batch 550/5242, Loss: 3.8938, NLL: 3.8938, Coverage: 0.0000
  Batch 560/5242, Loss: 3.5897, NLL: 3.5897, Coverage: 0.0000
  Batch 570/5242, Loss: 4.3275, NLL: 4.3275, Coverage: 0.0000
  Batch 580/5242, Loss: 3.9471, NLL: 3.9471, Coverage: 0.0000
  Batch 590/5242, Loss: 3.9957, NLL: 3.9957, Coverage: 0.0000
  Batch 600/5242, Loss: 3.3030, NLL: 3.3030, Coverage: 0.0000
  Batch 610/5242, Loss: 3.4940, NLL: 3.4940, Coverage: 0.0000
  Batch 620/5242, Loss: 3.8970, NLL: 3.8970, Coverage: 0.0000
  Batch 630/5242, Loss: 4.1509, NLL: 4.1509, Coverage: 0.0000
  Batch 640/5242, Loss: 3.9581, NLL: 3.9581, Coverage: 0.0000
  Batch 650/5242, Loss: 3.9023, NLL: 3.9023, Coverage: 0.0000
  Batch 660/5242, Loss: 4.4582, NLL: 4.4582, Coverage: 0.0000
  Batch 670/5242, Loss: 3.7707, NLL: 3.7707, Coverage: 0.0000
  Batch 680/5242, Loss: 4.1101, NLL: 4.1101, Coverage: 0.0000
  Batch 690/5242, Loss: 3.4226, NLL: 3.4226, Coverage: 0.0000
  Batch 700/5242, Loss: 3.6612, NLL: 3.6612, Coverage: 0.0000
  Batch 710/5242, Loss: 4.3092, NLL: 4.3092, Coverage: 0.0000
  Batch 720/5242, Loss: 3.6724, NLL: 3.6724, Coverage: 0.0000
  Batch 730/5242, Loss: 3.6489, NLL: 3.6489, Coverage: 0.0000
  Batch 740/5242, Loss: 3.6745, NLL: 3.6745, Coverage: 0.0000
  Batch 750/5242, Loss: 3.6133, NLL: 3.6133, Coverage: 0.0000
  Batch 760/5242, Loss: 4.2429, NLL: 4.2429, Coverage: 0.0000
  Batch 770/5242, Loss: 3.5302, NLL: 3.5302, Coverage: 0.0000
  Batch 780/5242, Loss: 3.8043, NLL: 3.8043, Coverage: 0.0000
  Batch 790/5242, Loss: 3.3880, NLL: 3.3880, Coverage: 0.0000
  Batch 800/5242, Loss: 3.9477, NLL: 3.9477, Coverage: 0.0000
  Batch 810/5242, Loss: 4.0205, NLL: 4.0205, Coverage: 0.0000
  Batch 820/5242, Loss: 3.5993, NLL: 3.5993, Coverage: 0.0000
  Batch 830/5242, Loss: 3.5639, NLL: 3.5639, Coverage: 0.0000
  Batch 840/5242, Loss: 3.9282, NLL: 3.9282, Coverage: 0.0000
  Batch 850/5242, Loss: 3.9656, NLL: 3.9656, Coverage: 0.0000
  Batch 860/5242, Loss: 3.8825, NLL: 3.8825, Coverage: 0.0000
  Batch 870/5242, Loss: 3.7661, NLL: 3.7661, Coverage: 0.0000
  Batch 880/5242, Loss: 4.2353, NLL: 4.2353, Coverage: 0.0000
  Batch 890/5242, Loss: 3.9533, NLL: 3.9533, Coverage: 0.0000
  Batch 900/5242, Loss: 4.6873, NLL: 4.6873, Coverage: 0.0000
  Batch 910/5242, Loss: 4.0915, NLL: 4.0915, Coverage: 0.0000
  Batch 920/5242, Loss: 3.8626, NLL: 3.8626, Coverage: 0.0000
  Batch 930/5242, Loss: 3.8126, NLL: 3.8126, Coverage: 0.0000
  Batch 940/5242, Loss: 4.0520, NLL: 4.0520, Coverage: 0.0000
  Batch 950/5242, Loss: 3.7701, NLL: 3.7701, Coverage: 0.0000
  Batch 960/5242, Loss: 3.6732, NLL: 3.6732, Coverage: 0.0000
  Batch 970/5242, Loss: 3.6680, NLL: 3.6680, Coverage: 0.0000
  Batch 980/5242, Loss: 4.0686, NLL: 4.0686, Coverage: 0.0000
  Batch 990/5242, Loss: 4.3757, NLL: 4.3757, Coverage: 0.0000
  Batch 1000/5242, Loss: 3.9254, NLL: 3.9254, Coverage: 0.0000
  Batch 1010/5242, Loss: 3.8752, NLL: 3.8752, Coverage: 0.0000
  Batch 1020/5242, Loss: 3.7862, NLL: 3.7862, Coverage: 0.0000
  Batch 1030/5242, Loss: 4.4140, NLL: 4.4140, Coverage: 0.0000
  Batch 1040/5242, Loss: 3.9437, NLL: 3.9437, Coverage: 0.0000
  Batch 1050/5242, Loss: 3.6675, NLL: 3.6675, Coverage: 0.0000
  Batch 1060/5242, Loss: 3.7763, NLL: 3.7763, Coverage: 0.0000
  Batch 1070/5242, Loss: 3.6404, NLL: 3.6404, Coverage: 0.0000
  Batch 1080/5242, Loss: 3.7508, NLL: 3.7508, Coverage: 0.0000
  Batch 1090/5242, Loss: 3.8566, NLL: 3.8566, Coverage: 0.0000
  Batch 1100/5242, Loss: 3.5412, NLL: 3.5412, Coverage: 0.0000
  Batch 1110/5242, Loss: 3.8447, NLL: 3.8447, Coverage: 0.0000
  Batch 1120/5242, Loss: 3.4459, NLL: 3.4459, Coverage: 0.0000
  Batch 1130/5242, Loss: 3.7836, NLL: 3.7836, Coverage: 0.0000
  Batch 1140/5242, Loss: 3.3643, NLL: 3.3643, Coverage: 0.0000
  Batch 1150/5242, Loss: 3.7321, NLL: 3.7321, Coverage: 0.0000
  Batch 1160/5242, Loss: 3.7843, NLL: 3.7843, Coverage: 0.0000
  Batch 1170/5242, Loss: 3.6677, NLL: 3.6677, Coverage: 0.0000
  Batch 1180/5242, Loss: 4.1887, NLL: 4.1887, Coverage: 0.0000
  Batch 1190/5242, Loss: 4.1596, NLL: 4.1596, Coverage: 0.0000
  Batch 1200/5242, Loss: 4.1050, NLL: 4.1050, Coverage: 0.0000
  Batch 1210/5242, Loss: 3.9362, NLL: 3.9362, Coverage: 0.0000
  Batch 1220/5242, Loss: 4.3883, NLL: 4.3883, Coverage: 0.0000
  Batch 1230/5242, Loss: 4.1944, NLL: 4.1944, Coverage: 0.0000
  Batch 1240/5242, Loss: 4.3082, NLL: 4.3082, Coverage: 0.0000
  Batch 1250/5242, Loss: 3.7704, NLL: 3.7704, Coverage: 0.0000
  Batch 1260/5242, Loss: 4.4774, NLL: 4.4774, Coverage: 0.0000
  Batch 1270/5242, Loss: 3.8469, NLL: 3.8469, Coverage: 0.0000
  Batch 1280/5242, Loss: 4.2515, NLL: 4.2515, Coverage: 0.0000
  Batch 1290/5242, Loss: 3.4363, NLL: 3.4363, Coverage: 0.0000
  Batch 1300/5242, Loss: 4.1422, NLL: 4.1422, Coverage: 0.0000
  Batch 1310/5242, Loss: 3.2240, NLL: 3.2240, Coverage: 0.0000
  Batch 1320/5242, Loss: 3.9242, NLL: 3.9242, Coverage: 0.0000
  Batch 1330/5242, Loss: 4.2787, NLL: 4.2787, Coverage: 0.0000
  Batch 1340/5242, Loss: 3.8017, NLL: 3.8017, Coverage: 0.0000
  Batch 1350/5242, Loss: 3.6158, NLL: 3.6158, Coverage: 0.0000
  Batch 1360/5242, Loss: 4.1314, NLL: 4.1314, Coverage: 0.0000
  Batch 1370/5242, Loss: 3.6511, NLL: 3.6511, Coverage: 0.0000
  Batch 1380/5242, Loss: 3.9309, NLL: 3.9309, Coverage: 0.0000
  Batch 1390/5242, Loss: 4.0435, NLL: 4.0435, Coverage: 0.0000
  Batch 1400/5242, Loss: 3.8841, NLL: 3.8841, Coverage: 0.0000
  Batch 1410/5242, Loss: 3.9662, NLL: 3.9662, Coverage: 0.0000
  Batch 1420/5242, Loss: 3.9223, NLL: 3.9223, Coverage: 0.0000
  Batch 1430/5242, Loss: 3.8933, NLL: 3.8933, Coverage: 0.0000
  Batch 1440/5242, Loss: 3.5280, NLL: 3.5280, Coverage: 0.0000
  Batch 1450/5242, Loss: 3.8126, NLL: 3.8126, Coverage: 0.0000
  Batch 1460/5242, Loss: 3.8258, NLL: 3.8258, Coverage: 0.0000
  Batch 1470/5242, Loss: 4.1470, NLL: 4.1470, Coverage: 0.0000
  Batch 1480/5242, Loss: 3.8456, NLL: 3.8456, Coverage: 0.0000
  Batch 1490/5242, Loss: 4.0023, NLL: 4.0023, Coverage: 0.0000
  Batch 1500/5242, Loss: 3.2547, NLL: 3.2547, Coverage: 0.0000
  Batch 1510/5242, Loss: 4.5145, NLL: 4.5145, Coverage: 0.0000
  Batch 1520/5242, Loss: 3.9476, NLL: 3.9476, Coverage: 0.0000
  Batch 1530/5242, Loss: 4.2560, NLL: 4.2560, Coverage: 0.0000
  Batch 1540/5242, Loss: 4.2866, NLL: 4.2866, Coverage: 0.0000
  Batch 1550/5242, Loss: 3.7415, NLL: 3.7415, Coverage: 0.0000
  Batch 1560/5242, Loss: 3.7257, NLL: 3.7257, Coverage: 0.0000
  Batch 1570/5242, Loss: 3.9227, NLL: 3.9227, Coverage: 0.0000
  Batch 1580/5242, Loss: 4.0805, NLL: 4.0805, Coverage: 0.0000
  Batch 1590/5242, Loss: 3.6012, NLL: 3.6012, Coverage: 0.0000
  Batch 1600/5242, Loss: 3.6938, NLL: 3.6938, Coverage: 0.0000
  Batch 1610/5242, Loss: 4.0798, NLL: 4.0798, Coverage: 0.0000
  Batch 1620/5242, Loss: 4.4204, NLL: 4.4204, Coverage: 0.0000
  Batch 1630/5242, Loss: 3.9537, NLL: 3.9537, Coverage: 0.0000
  Batch 1640/5242, Loss: 3.5243, NLL: 3.5243, Coverage: 0.0000
  Batch 1650/5242, Loss: 3.9768, NLL: 3.9768, Coverage: 0.0000
  Batch 1660/5242, Loss: 3.7680, NLL: 3.7680, Coverage: 0.0000
  Batch 1670/5242, Loss: 3.5093, NLL: 3.5093, Coverage: 0.0000
  Batch 1680/5242, Loss: 3.4658, NLL: 3.4658, Coverage: 0.0000
  Batch 1690/5242, Loss: 4.0228, NLL: 4.0228, Coverage: 0.0000
  Batch 1700/5242, Loss: 3.7622, NLL: 3.7622, Coverage: 0.0000
  Batch 1710/5242, Loss: 3.3443, NLL: 3.3443, Coverage: 0.0000
  Batch 1720/5242, Loss: 3.5042, NLL: 3.5042, Coverage: 0.0000
  Batch 1730/5242, Loss: 3.4856, NLL: 3.4856, Coverage: 0.0000
  Batch 1740/5242, Loss: 4.1885, NLL: 4.1885, Coverage: 0.0000
  Batch 1750/5242, Loss: 3.8913, NLL: 3.8913, Coverage: 0.0000
  Batch 1760/5242, Loss: 3.9768, NLL: 3.9768, Coverage: 0.0000
  Batch 1770/5242, Loss: 4.0041, NLL: 4.0041, Coverage: 0.0000
  Batch 1780/5242, Loss: 3.7809, NLL: 3.7809, Coverage: 0.0000
  Batch 1790/5242, Loss: 4.1148, NLL: 4.1148, Coverage: 0.0000
  Batch 1800/5242, Loss: 3.6611, NLL: 3.6611, Coverage: 0.0000
  Batch 1810/5242, Loss: 4.1557, NLL: 4.1557, Coverage: 0.0000
  Batch 1820/5242, Loss: 3.7135, NLL: 3.7135, Coverage: 0.0000
  Batch 1830/5242, Loss: 3.8814, NLL: 3.8814, Coverage: 0.0000
  Batch 1840/5242, Loss: 4.4094, NLL: 4.4094, Coverage: 0.0000
  Batch 1850/5242, Loss: 4.0340, NLL: 4.0340, Coverage: 0.0000
  Batch 1860/5242, Loss: 3.7391, NLL: 3.7391, Coverage: 0.0000
  Batch 1870/5242, Loss: 3.5603, NLL: 3.5603, Coverage: 0.0000
  Batch 1880/5242, Loss: 4.0191, NLL: 4.0191, Coverage: 0.0000
  Batch 1890/5242, Loss: 3.8639, NLL: 3.8639, Coverage: 0.0000
  Batch 1900/5242, Loss: 4.0129, NLL: 4.0129, Coverage: 0.0000
  Batch 1910/5242, Loss: 3.9972, NLL: 3.9972, Coverage: 0.0000
  Batch 1920/5242, Loss: 4.1895, NLL: 4.1895, Coverage: 0.0000
  Batch 1930/5242, Loss: 3.8530, NLL: 3.8530, Coverage: 0.0000
  Batch 1940/5242, Loss: 3.9200, NLL: 3.9200, Coverage: 0.0000
  Batch 1950/5242, Loss: 4.0333, NLL: 4.0333, Coverage: 0.0000
  Batch 1960/5242, Loss: 4.4025, NLL: 4.4025, Coverage: 0.0000
  Batch 1970/5242, Loss: 3.4791, NLL: 3.4791, Coverage: 0.0000
  Batch 1980/5242, Loss: 3.6276, NLL: 3.6276, Coverage: 0.0000
  Batch 1990/5242, Loss: 4.0081, NLL: 4.0081, Coverage: 0.0000
  Batch 2000/5242, Loss: 4.2785, NLL: 4.2785, Coverage: 0.0000
  Batch 2010/5242, Loss: 3.9476, NLL: 3.9476, Coverage: 0.0000
  Batch 2020/5242, Loss: 4.0848, NLL: 4.0848, Coverage: 0.0000
  Batch 2030/5242, Loss: 4.6964, NLL: 4.6964, Coverage: 0.0000
  Batch 2040/5242, Loss: 4.0241, NLL: 4.0241, Coverage: 0.0000
  Batch 2050/5242, Loss: 4.3750, NLL: 4.3750, Coverage: 0.0000
  Batch 2060/5242, Loss: 4.1790, NLL: 4.1790, Coverage: 0.0000
  Batch 2070/5242, Loss: 3.6819, NLL: 3.6819, Coverage: 0.0000
  Batch 2080/5242, Loss: 3.8034, NLL: 3.8034, Coverage: 0.0000
  Batch 2090/5242, Loss: 4.3745, NLL: 4.3745, Coverage: 0.0000
  Batch 2100/5242, Loss: 4.0329, NLL: 4.0329, Coverage: 0.0000
  Batch 2110/5242, Loss: 3.9144, NLL: 3.9144, Coverage: 0.0000
  Batch 2120/5242, Loss: 3.9536, NLL: 3.9536, Coverage: 0.0000
  Batch 2130/5242, Loss: 4.0015, NLL: 4.0015, Coverage: 0.0000
  Batch 2140/5242, Loss: 3.8195, NLL: 3.8195, Coverage: 0.0000
  Batch 2150/5242, Loss: 4.3931, NLL: 4.3931, Coverage: 0.0000
  Batch 2160/5242, Loss: 3.9885, NLL: 3.9885, Coverage: 0.0000
  Batch 2170/5242, Loss: 3.7978, NLL: 3.7978, Coverage: 0.0000
  Batch 2180/5242, Loss: 3.9708, NLL: 3.9708, Coverage: 0.0000
  Batch 2190/5242, Loss: 4.2162, NLL: 4.2162, Coverage: 0.0000
  Batch 2200/5242, Loss: 3.4906, NLL: 3.4906, Coverage: 0.0000
  Batch 2210/5242, Loss: 4.5884, NLL: 4.5884, Coverage: 0.0000
  Batch 2220/5242, Loss: 3.8538, NLL: 3.8538, Coverage: 0.0000
  Batch 2230/5242, Loss: 3.7654, NLL: 3.7654, Coverage: 0.0000
  Batch 2240/5242, Loss: 4.1768, NLL: 4.1768, Coverage: 0.0000
  Batch 2250/5242, Loss: 4.0821, NLL: 4.0821, Coverage: 0.0000
  Batch 2260/5242, Loss: 3.6971, NLL: 3.6971, Coverage: 0.0000
  Batch 2270/5242, Loss: 3.8358, NLL: 3.8358, Coverage: 0.0000
  Batch 2280/5242, Loss: 3.8394, NLL: 3.8394, Coverage: 0.0000
  Batch 2290/5242, Loss: 3.8360, NLL: 3.8360, Coverage: 0.0000
  Batch 2300/5242, Loss: 3.6112, NLL: 3.6112, Coverage: 0.0000
  Batch 2310/5242, Loss: 3.9673, NLL: 3.9673, Coverage: 0.0000
  Batch 2320/5242, Loss: 4.0515, NLL: 4.0515, Coverage: 0.0000
  Batch 2330/5242, Loss: 3.5806, NLL: 3.5806, Coverage: 0.0000
  Batch 2340/5242, Loss: 3.4178, NLL: 3.4178, Coverage: 0.0000
  Batch 2350/5242, Loss: 3.9663, NLL: 3.9663, Coverage: 0.0000
  Batch 2360/5242, Loss: 3.9738, NLL: 3.9738, Coverage: 0.0000
  Batch 2370/5242, Loss: 3.4679, NLL: 3.4679, Coverage: 0.0000
  Batch 2380/5242, Loss: 4.4063, NLL: 4.4063, Coverage: 0.0000
  Batch 2390/5242, Loss: 3.9879, NLL: 3.9879, Coverage: 0.0000
  Batch 2400/5242, Loss: 3.9600, NLL: 3.9600, Coverage: 0.0000
  Batch 2410/5242, Loss: 3.4278, NLL: 3.4278, Coverage: 0.0000
  Batch 2420/5242, Loss: 3.4566, NLL: 3.4566, Coverage: 0.0000
  Batch 2430/5242, Loss: 3.6152, NLL: 3.6152, Coverage: 0.0000
  Batch 2440/5242, Loss: 3.2999, NLL: 3.2999, Coverage: 0.0000
  Batch 2450/5242, Loss: 3.9972, NLL: 3.9972, Coverage: 0.0000
  Batch 2460/5242, Loss: 4.4476, NLL: 4.4476, Coverage: 0.0000
  Batch 2470/5242, Loss: 4.1273, NLL: 4.1273, Coverage: 0.0000
  Batch 2480/5242, Loss: 4.1132, NLL: 4.1132, Coverage: 0.0000
  Batch 2490/5242, Loss: 4.0499, NLL: 4.0499, Coverage: 0.0000
  Batch 2500/5242, Loss: 4.1290, NLL: 4.1290, Coverage: 0.0000
  Batch 2510/5242, Loss: 3.7788, NLL: 3.7788, Coverage: 0.0000
  Batch 2520/5242, Loss: 3.7645, NLL: 3.7645, Coverage: 0.0000
  Batch 2530/5242, Loss: 3.6752, NLL: 3.6752, Coverage: 0.0000
  Batch 2540/5242, Loss: 4.2381, NLL: 4.2381, Coverage: 0.0000
  Batch 2550/5242, Loss: 3.9212, NLL: 3.9212, Coverage: 0.0000
  Batch 2560/5242, Loss: 3.8802, NLL: 3.8802, Coverage: 0.0000
  Batch 2570/5242, Loss: 4.1312, NLL: 4.1312, Coverage: 0.0000
  Batch 2580/5242, Loss: 4.0276, NLL: 4.0276, Coverage: 0.0000
  Batch 2590/5242, Loss: 4.1835, NLL: 4.1835, Coverage: 0.0000
  Batch 2600/5242, Loss: 3.8739, NLL: 3.8739, Coverage: 0.0000
  Batch 2610/5242, Loss: 4.0334, NLL: 4.0334, Coverage: 0.0000
  Batch 2620/5242, Loss: 3.9077, NLL: 3.9077, Coverage: 0.0000
  Batch 2630/5242, Loss: 4.0036, NLL: 4.0036, Coverage: 0.0000
  Batch 2640/5242, Loss: 4.2424, NLL: 4.2424, Coverage: 0.0000
  Batch 2650/5242, Loss: 3.8559, NLL: 3.8559, Coverage: 0.0000
  Batch 2660/5242, Loss: 4.0782, NLL: 4.0782, Coverage: 0.0000
  Batch 2670/5242, Loss: 3.6385, NLL: 3.6385, Coverage: 0.0000
  Batch 2680/5242, Loss: 3.8471, NLL: 3.8471, Coverage: 0.0000
  Batch 2690/5242, Loss: 3.8611, NLL: 3.8611, Coverage: 0.0000
  Batch 2700/5242, Loss: 4.5075, NLL: 4.5075, Coverage: 0.0000
  Batch 2710/5242, Loss: 3.8951, NLL: 3.8951, Coverage: 0.0000
  Batch 2720/5242, Loss: 4.1898, NLL: 4.1898, Coverage: 0.0000
  Batch 2730/5242, Loss: 4.1527, NLL: 4.1527, Coverage: 0.0000
  Batch 2740/5242, Loss: 4.2968, NLL: 4.2968, Coverage: 0.0000
  Batch 2750/5242, Loss: 3.6746, NLL: 3.6746, Coverage: 0.0000
  Batch 2760/5242, Loss: 4.0577, NLL: 4.0577, Coverage: 0.0000
  Batch 2770/5242, Loss: 3.7958, NLL: 3.7958, Coverage: 0.0000
  Batch 2780/5242, Loss: 3.5674, NLL: 3.5674, Coverage: 0.0000
  Batch 2790/5242, Loss: 3.7402, NLL: 3.7402, Coverage: 0.0000
  Batch 2800/5242, Loss: 4.0578, NLL: 4.0578, Coverage: 0.0000
  Batch 2810/5242, Loss: 4.0150, NLL: 4.0150, Coverage: 0.0000
  Batch 2820/5242, Loss: 3.7916, NLL: 3.7916, Coverage: 0.0000
  Batch 2830/5242, Loss: 3.9836, NLL: 3.9836, Coverage: 0.0000
  Batch 2840/5242, Loss: 3.9335, NLL: 3.9335, Coverage: 0.0000
  Batch 2850/5242, Loss: 3.9703, NLL: 3.9703, Coverage: 0.0000
  Batch 2860/5242, Loss: 3.6485, NLL: 3.6485, Coverage: 0.0000
  Batch 2870/5242, Loss: 4.4118, NLL: 4.4118, Coverage: 0.0000
  Batch 2880/5242, Loss: 3.8125, NLL: 3.8125, Coverage: 0.0000
  Batch 2890/5242, Loss: 3.5262, NLL: 3.5262, Coverage: 0.0000
  Batch 2900/5242, Loss: 3.6292, NLL: 3.6292, Coverage: 0.0000
  Batch 2910/5242, Loss: 3.8588, NLL: 3.8588, Coverage: 0.0000
  Batch 2920/5242, Loss: 4.1914, NLL: 4.1914, Coverage: 0.0000
  Batch 2930/5242, Loss: 3.4287, NLL: 3.4287, Coverage: 0.0000
  Batch 2940/5242, Loss: 3.9431, NLL: 3.9431, Coverage: 0.0000
  Batch 2950/5242, Loss: 3.5136, NLL: 3.5136, Coverage: 0.0000
  Batch 2960/5242, Loss: 3.7960, NLL: 3.7960, Coverage: 0.0000
  Batch 2970/5242, Loss: 3.5775, NLL: 3.5775, Coverage: 0.0000
  Batch 2980/5242, Loss: 3.9488, NLL: 3.9488, Coverage: 0.0000
  Batch 2990/5242, Loss: 3.9717, NLL: 3.9717, Coverage: 0.0000
  Batch 3000/5242, Loss: 4.1355, NLL: 4.1355, Coverage: 0.0000
  Batch 3010/5242, Loss: 3.8608, NLL: 3.8608, Coverage: 0.0000
  Batch 3020/5242, Loss: 3.8249, NLL: 3.8249, Coverage: 0.0000
  Batch 3030/5242, Loss: 3.9643, NLL: 3.9643, Coverage: 0.0000
  Batch 3040/5242, Loss: 4.0739, NLL: 4.0739, Coverage: 0.0000
  Batch 3050/5242, Loss: 4.0061, NLL: 4.0061, Coverage: 0.0000
  Batch 3060/5242, Loss: 3.3761, NLL: 3.3761, Coverage: 0.0000
  Batch 3070/5242, Loss: 3.7927, NLL: 3.7927, Coverage: 0.0000
  Batch 3080/5242, Loss: 3.9298, NLL: 3.9298, Coverage: 0.0000
  Batch 3090/5242, Loss: 4.2508, NLL: 4.2508, Coverage: 0.0000
  Batch 3100/5242, Loss: 4.5081, NLL: 4.5081, Coverage: 0.0000
  Batch 3110/5242, Loss: 3.4192, NLL: 3.4192, Coverage: 0.0000
  Batch 3120/5242, Loss: 3.3869, NLL: 3.3869, Coverage: 0.0000
  Batch 3130/5242, Loss: 4.3334, NLL: 4.3334, Coverage: 0.0000
  Batch 3140/5242, Loss: 3.5699, NLL: 3.5699, Coverage: 0.0000
  Batch 3150/5242, Loss: 4.0573, NLL: 4.0573, Coverage: 0.0000
  Batch 3160/5242, Loss: 4.0753, NLL: 4.0753, Coverage: 0.0000
  Batch 3170/5242, Loss: 4.1750, NLL: 4.1750, Coverage: 0.0000
  Batch 3180/5242, Loss: 3.9318, NLL: 3.9318, Coverage: 0.0000
  Batch 3190/5242, Loss: 4.3795, NLL: 4.3795, Coverage: 0.0000
  Batch 3200/5242, Loss: 3.8421, NLL: 3.8421, Coverage: 0.0000
  Batch 3210/5242, Loss: 3.8305, NLL: 3.8305, Coverage: 0.0000
  Batch 3220/5242, Loss: 4.2516, NLL: 4.2516, Coverage: 0.0000
  Batch 3230/5242, Loss: 4.0409, NLL: 4.0409, Coverage: 0.0000
  Batch 3240/5242, Loss: 4.5653, NLL: 4.5653, Coverage: 0.0000
  Batch 3250/5242, Loss: 3.8161, NLL: 3.8161, Coverage: 0.0000
  Batch 3260/5242, Loss: 4.0843, NLL: 4.0843, Coverage: 0.0000
  Batch 3270/5242, Loss: 4.0784, NLL: 4.0784, Coverage: 0.0000
  Batch 3280/5242, Loss: 3.4642, NLL: 3.4642, Coverage: 0.0000
  Batch 3290/5242, Loss: 3.3275, NLL: 3.3275, Coverage: 0.0000
  Batch 3300/5242, Loss: 4.3236, NLL: 4.3236, Coverage: 0.0000
  Batch 3310/5242, Loss: 4.1342, NLL: 4.1342, Coverage: 0.0000
  Batch 3320/5242, Loss: 3.7904, NLL: 3.7904, Coverage: 0.0000
  Batch 3330/5242, Loss: 3.8811, NLL: 3.8811, Coverage: 0.0000
  Batch 3340/5242, Loss: 3.9135, NLL: 3.9135, Coverage: 0.0000
  Batch 3350/5242, Loss: 3.7688, NLL: 3.7688, Coverage: 0.0000
  Batch 3360/5242, Loss: 3.6875, NLL: 3.6875, Coverage: 0.0000
  Batch 3370/5242, Loss: 3.9371, NLL: 3.9371, Coverage: 0.0000
  Batch 3380/5242, Loss: 3.9865, NLL: 3.9865, Coverage: 0.0000
  Batch 3390/5242, Loss: 3.8263, NLL: 3.8263, Coverage: 0.0000
  Batch 3400/5242, Loss: 3.7501, NLL: 3.7501, Coverage: 0.0000
  Batch 3410/5242, Loss: 4.0476, NLL: 4.0476, Coverage: 0.0000
  Batch 3420/5242, Loss: 3.8677, NLL: 3.8677, Coverage: 0.0000
  Batch 3430/5242, Loss: 4.3092, NLL: 4.3092, Coverage: 0.0000
  Batch 3440/5242, Loss: 4.0022, NLL: 4.0022, Coverage: 0.0000
  Batch 3450/5242, Loss: 3.9010, NLL: 3.9010, Coverage: 0.0000
  Batch 3460/5242, Loss: 3.6314, NLL: 3.6314, Coverage: 0.0000
  Batch 3470/5242, Loss: 4.3395, NLL: 4.3395, Coverage: 0.0000
  Batch 3480/5242, Loss: 4.0771, NLL: 4.0771, Coverage: 0.0000
  Batch 3490/5242, Loss: 3.4810, NLL: 3.4810, Coverage: 0.0000
  Batch 3500/5242, Loss: 4.1862, NLL: 4.1862, Coverage: 0.0000
  Batch 3510/5242, Loss: 3.4105, NLL: 3.4105, Coverage: 0.0000
  Batch 3520/5242, Loss: 4.1828, NLL: 4.1828, Coverage: 0.0000
  Batch 3530/5242, Loss: 4.0754, NLL: 4.0754, Coverage: 0.0000
  Batch 3540/5242, Loss: 3.5219, NLL: 3.5219, Coverage: 0.0000
  Batch 3550/5242, Loss: 3.7269, NLL: 3.7269, Coverage: 0.0000
  Batch 3560/5242, Loss: 3.5902, NLL: 3.5902, Coverage: 0.0000
  Batch 3570/5242, Loss: 4.1644, NLL: 4.1644, Coverage: 0.0000
  Batch 3580/5242, Loss: 3.5538, NLL: 3.5538, Coverage: 0.0000
  Batch 3590/5242, Loss: 3.9352, NLL: 3.9352, Coverage: 0.0000
  Batch 3600/5242, Loss: 4.2571, NLL: 4.2571, Coverage: 0.0000
  Batch 3610/5242, Loss: 3.7128, NLL: 3.7128, Coverage: 0.0000
  Batch 3620/5242, Loss: 3.4823, NLL: 3.4823, Coverage: 0.0000
  Batch 3630/5242, Loss: 4.0586, NLL: 4.0586, Coverage: 0.0000
  Batch 3640/5242, Loss: 3.7872, NLL: 3.7872, Coverage: 0.0000
  Batch 3650/5242, Loss: 3.9032, NLL: 3.9032, Coverage: 0.0000
  Batch 3660/5242, Loss: 3.9202, NLL: 3.9202, Coverage: 0.0000
  Batch 3670/5242, Loss: 4.1645, NLL: 4.1645, Coverage: 0.0000
  Batch 3680/5242, Loss: 3.9015, NLL: 3.9015, Coverage: 0.0000
  Batch 3690/5242, Loss: 4.1868, NLL: 4.1868, Coverage: 0.0000
  Batch 3700/5242, Loss: 4.3345, NLL: 4.3345, Coverage: 0.0000
  Batch 3710/5242, Loss: 3.7337, NLL: 3.7337, Coverage: 0.0000
  Batch 3720/5242, Loss: 3.7658, NLL: 3.7658, Coverage: 0.0000
  Batch 3730/5242, Loss: 3.8760, NLL: 3.8760, Coverage: 0.0000
  Batch 3740/5242, Loss: 4.0819, NLL: 4.0819, Coverage: 0.0000
  Batch 3750/5242, Loss: 3.2941, NLL: 3.2941, Coverage: 0.0000
  Batch 3760/5242, Loss: 3.9473, NLL: 3.9473, Coverage: 0.0000
  Batch 3770/5242, Loss: 3.9500, NLL: 3.9500, Coverage: 0.0000
  Batch 3780/5242, Loss: 3.9326, NLL: 3.9326, Coverage: 0.0000
  Batch 3790/5242, Loss: 3.6143, NLL: 3.6143, Coverage: 0.0000
  Batch 3800/5242, Loss: 3.5139, NLL: 3.5139, Coverage: 0.0000
  Batch 3810/5242, Loss: 4.0253, NLL: 4.0253, Coverage: 0.0000
  Batch 3820/5242, Loss: 4.1048, NLL: 4.1048, Coverage: 0.0000
  Batch 3830/5242, Loss: 4.2061, NLL: 4.2061, Coverage: 0.0000
  Batch 3840/5242, Loss: 3.6855, NLL: 3.6855, Coverage: 0.0000
  Batch 3850/5242, Loss: 4.1181, NLL: 4.1181, Coverage: 0.0000
  Batch 3860/5242, Loss: 4.0526, NLL: 4.0526, Coverage: 0.0000
  Batch 3870/5242, Loss: 3.6369, NLL: 3.6369, Coverage: 0.0000
  Batch 3880/5242, Loss: 4.0971, NLL: 4.0971, Coverage: 0.0000
  Batch 3890/5242, Loss: 3.7933, NLL: 3.7933, Coverage: 0.0000
  Batch 3900/5242, Loss: 3.8328, NLL: 3.8328, Coverage: 0.0000
  Batch 3910/5242, Loss: 4.0640, NLL: 4.0640, Coverage: 0.0000
  Batch 3920/5242, Loss: 3.9790, NLL: 3.9790, Coverage: 0.0000
  Batch 3930/5242, Loss: 4.0987, NLL: 4.0987, Coverage: 0.0000
  Batch 3940/5242, Loss: 3.7473, NLL: 3.7473, Coverage: 0.0000
  Batch 3950/5242, Loss: 3.5621, NLL: 3.5621, Coverage: 0.0000
  Batch 3960/5242, Loss: 3.9709, NLL: 3.9709, Coverage: 0.0000
  Batch 3970/5242, Loss: 3.9429, NLL: 3.9429, Coverage: 0.0000
  Batch 3980/5242, Loss: 3.7621, NLL: 3.7621, Coverage: 0.0000
  Batch 3990/5242, Loss: 4.0858, NLL: 4.0858, Coverage: 0.0000
  Batch 4000/5242, Loss: 3.7322, NLL: 3.7322, Coverage: 0.0000
  Batch 4010/5242, Loss: 3.8008, NLL: 3.8008, Coverage: 0.0000
  Batch 4020/5242, Loss: 4.1877, NLL: 4.1877, Coverage: 0.0000
  Batch 4030/5242, Loss: 3.8980, NLL: 3.8980, Coverage: 0.0000
  Batch 4040/5242, Loss: 3.8090, NLL: 3.8090, Coverage: 0.0000
  Batch 4050/5242, Loss: 4.3108, NLL: 4.3108, Coverage: 0.0000
  Batch 4060/5242, Loss: 3.8796, NLL: 3.8796, Coverage: 0.0000
  Batch 4070/5242, Loss: 3.7550, NLL: 3.7550, Coverage: 0.0000
  Batch 4080/5242, Loss: 4.2426, NLL: 4.2426, Coverage: 0.0000
  Batch 4090/5242, Loss: 4.0777, NLL: 4.0777, Coverage: 0.0000
  Batch 4100/5242, Loss: 3.9077, NLL: 3.9077, Coverage: 0.0000
  Batch 4110/5242, Loss: 3.8224, NLL: 3.8224, Coverage: 0.0000
  Batch 4120/5242, Loss: 4.2207, NLL: 4.2207, Coverage: 0.0000
  Batch 4130/5242, Loss: 4.0270, NLL: 4.0270, Coverage: 0.0000
  Batch 4140/5242, Loss: 4.3921, NLL: 4.3921, Coverage: 0.0000
  Batch 4150/5242, Loss: 3.6834, NLL: 3.6834, Coverage: 0.0000
  Batch 4160/5242, Loss: 3.7264, NLL: 3.7264, Coverage: 0.0000
  Batch 4170/5242, Loss: 3.6403, NLL: 3.6403, Coverage: 0.0000
  Batch 4180/5242, Loss: 4.0982, NLL: 4.0982, Coverage: 0.0000
  Batch 4190/5242, Loss: 3.5877, NLL: 3.5877, Coverage: 0.0000
  Batch 4200/5242, Loss: 3.8141, NLL: 3.8141, Coverage: 0.0000
  Batch 4210/5242, Loss: 4.0065, NLL: 4.0065, Coverage: 0.0000
  Batch 4220/5242, Loss: 3.7194, NLL: 3.7194, Coverage: 0.0000
  Batch 4230/5242, Loss: 3.9330, NLL: 3.9330, Coverage: 0.0000
  Batch 4240/5242, Loss: 4.0835, NLL: 4.0835, Coverage: 0.0000
  Batch 4250/5242, Loss: 4.3468, NLL: 4.3468, Coverage: 0.0000
  Batch 4260/5242, Loss: 3.7033, NLL: 3.7033, Coverage: 0.0000
  Batch 4270/5242, Loss: 3.6217, NLL: 3.6217, Coverage: 0.0000
  Batch 4280/5242, Loss: 3.8951, NLL: 3.8951, Coverage: 0.0000
  Batch 4290/5242, Loss: 4.0453, NLL: 4.0453, Coverage: 0.0000
  Batch 4300/5242, Loss: 4.2223, NLL: 4.2223, Coverage: 0.0000
  Batch 4310/5242, Loss: 4.0876, NLL: 4.0876, Coverage: 0.0000
  Batch 4320/5242, Loss: 4.0270, NLL: 4.0270, Coverage: 0.0000
  Batch 4330/5242, Loss: 3.9394, NLL: 3.9394, Coverage: 0.0000
  Batch 4340/5242, Loss: 4.0120, NLL: 4.0120, Coverage: 0.0000
  Batch 4350/5242, Loss: 4.0916, NLL: 4.0916, Coverage: 0.0000
  Batch 4360/5242, Loss: 3.8518, NLL: 3.8518, Coverage: 0.0000
  Batch 4370/5242, Loss: 4.0586, NLL: 4.0586, Coverage: 0.0000
  Batch 4380/5242, Loss: 3.8802, NLL: 3.8802, Coverage: 0.0000
  Batch 4390/5242, Loss: 4.0434, NLL: 4.0434, Coverage: 0.0000
  Batch 4400/5242, Loss: 3.6842, NLL: 3.6842, Coverage: 0.0000
  Batch 4410/5242, Loss: 3.4063, NLL: 3.4063, Coverage: 0.0000
  Batch 4420/5242, Loss: 3.7648, NLL: 3.7648, Coverage: 0.0000
  Batch 4430/5242, Loss: 3.9763, NLL: 3.9763, Coverage: 0.0000
  Batch 4440/5242, Loss: 3.9239, NLL: 3.9239, Coverage: 0.0000
  Batch 4450/5242, Loss: 4.1340, NLL: 4.1340, Coverage: 0.0000
  Batch 4460/5242, Loss: 3.6456, NLL: 3.6456, Coverage: 0.0000
  Batch 4470/5242, Loss: 3.7845, NLL: 3.7845, Coverage: 0.0000
  Batch 4480/5242, Loss: 3.5452, NLL: 3.5452, Coverage: 0.0000
  Batch 4490/5242, Loss: 4.0037, NLL: 4.0037, Coverage: 0.0000
  Batch 4500/5242, Loss: 4.4063, NLL: 4.4063, Coverage: 0.0000
  Batch 4510/5242, Loss: 3.9467, NLL: 3.9467, Coverage: 0.0000
  Batch 4520/5242, Loss: 3.7094, NLL: 3.7094, Coverage: 0.0000
  Batch 4530/5242, Loss: 4.2486, NLL: 4.2486, Coverage: 0.0000
  Batch 4540/5242, Loss: 3.7974, NLL: 3.7974, Coverage: 0.0000
  Batch 4550/5242, Loss: 3.9983, NLL: 3.9983, Coverage: 0.0000
  Batch 4560/5242, Loss: 3.6268, NLL: 3.6268, Coverage: 0.0000
  Batch 4570/5242, Loss: 3.6121, NLL: 3.6121, Coverage: 0.0000
  Batch 4580/5242, Loss: 3.8027, NLL: 3.8027, Coverage: 0.0000
  Batch 4590/5242, Loss: 3.4332, NLL: 3.4332, Coverage: 0.0000
  Batch 4600/5242, Loss: 3.9682, NLL: 3.9682, Coverage: 0.0000
  Batch 4610/5242, Loss: 3.7036, NLL: 3.7036, Coverage: 0.0000
  Batch 4620/5242, Loss: 4.1810, NLL: 4.1810, Coverage: 0.0000
  Batch 4630/5242, Loss: 3.7084, NLL: 3.7084, Coverage: 0.0000
  Batch 4640/5242, Loss: 3.8489, NLL: 3.8489, Coverage: 0.0000
  Batch 4650/5242, Loss: 3.4873, NLL: 3.4873, Coverage: 0.0000
  Batch 4660/5242, Loss: 3.9921, NLL: 3.9921, Coverage: 0.0000
  Batch 4670/5242, Loss: 4.0498, NLL: 4.0498, Coverage: 0.0000
  Batch 4680/5242, Loss: 3.9924, NLL: 3.9924, Coverage: 0.0000
  Batch 4690/5242, Loss: 3.6660, NLL: 3.6660, Coverage: 0.0000
  Batch 4700/5242, Loss: 3.6673, NLL: 3.6673, Coverage: 0.0000
  Batch 4710/5242, Loss: 4.2481, NLL: 4.2481, Coverage: 0.0000
  Batch 4720/5242, Loss: 3.4350, NLL: 3.4350, Coverage: 0.0000
  Batch 4730/5242, Loss: 3.8241, NLL: 3.8241, Coverage: 0.0000
  Batch 4740/5242, Loss: 3.9345, NLL: 3.9345, Coverage: 0.0000
  Batch 4750/5242, Loss: 3.9788, NLL: 3.9788, Coverage: 0.0000
  Batch 4760/5242, Loss: 4.3902, NLL: 4.3902, Coverage: 0.0000
  Batch 4770/5242, Loss: 4.2474, NLL: 4.2474, Coverage: 0.0000
  Batch 4780/5242, Loss: 4.2940, NLL: 4.2940, Coverage: 0.0000
  Batch 4790/5242, Loss: 3.7328, NLL: 3.7328, Coverage: 0.0000
  Batch 4800/5242, Loss: 3.8154, NLL: 3.8154, Coverage: 0.0000
  Batch 4810/5242, Loss: 3.4202, NLL: 3.4202, Coverage: 0.0000
  Batch 4820/5242, Loss: 3.9292, NLL: 3.9292, Coverage: 0.0000
  Batch 4830/5242, Loss: 4.4108, NLL: 4.4108, Coverage: 0.0000
  Batch 4840/5242, Loss: 3.7656, NLL: 3.7656, Coverage: 0.0000
  Batch 4850/5242, Loss: 3.6988, NLL: 3.6988, Coverage: 0.0000
  Batch 4860/5242, Loss: 3.9137, NLL: 3.9137, Coverage: 0.0000
  Batch 4870/5242, Loss: 3.7803, NLL: 3.7803, Coverage: 0.0000
  Batch 4880/5242, Loss: 3.7980, NLL: 3.7980, Coverage: 0.0000
  Batch 4890/5242, Loss: 3.8827, NLL: 3.8827, Coverage: 0.0000
  Batch 4900/5242, Loss: 3.7941, NLL: 3.7941, Coverage: 0.0000
  Batch 4910/5242, Loss: 4.0485, NLL: 4.0485, Coverage: 0.0000
  Batch 4920/5242, Loss: 4.0211, NLL: 4.0211, Coverage: 0.0000
  Batch 4930/5242, Loss: 4.1946, NLL: 4.1946, Coverage: 0.0000
  Batch 4940/5242, Loss: 3.6466, NLL: 3.6466, Coverage: 0.0000
  Batch 4950/5242, Loss: 3.6214, NLL: 3.6214, Coverage: 0.0000
  Batch 4960/5242, Loss: 3.8528, NLL: 3.8528, Coverage: 0.0000
  Batch 4970/5242, Loss: 3.6225, NLL: 3.6225, Coverage: 0.0000
  Batch 4980/5242, Loss: 4.2203, NLL: 4.2203, Coverage: 0.0000
  Batch 4990/5242, Loss: 3.4595, NLL: 3.4595, Coverage: 0.0000
  Batch 5000/5242, Loss: 4.3403, NLL: 4.3403, Coverage: 0.0000
  Batch 5010/5242, Loss: 3.7915, NLL: 3.7915, Coverage: 0.0000
  Batch 5020/5242, Loss: 4.3193, NLL: 4.3193, Coverage: 0.0000
  Batch 5030/5242, Loss: 3.9260, NLL: 3.9260, Coverage: 0.0000
  Batch 5040/5242, Loss: 4.4962, NLL: 4.4962, Coverage: 0.0000
  Batch 5050/5242, Loss: 3.7987, NLL: 3.7987, Coverage: 0.0000
  Batch 5060/5242, Loss: 3.8311, NLL: 3.8311, Coverage: 0.0000
  Batch 5070/5242, Loss: 3.7284, NLL: 3.7284, Coverage: 0.0000
  Batch 5080/5242, Loss: 3.8844, NLL: 3.8844, Coverage: 0.0000
  Batch 5090/5242, Loss: 3.8059, NLL: 3.8059, Coverage: 0.0000
  Batch 5100/5242, Loss: 3.8651, NLL: 3.8651, Coverage: 0.0000
  Batch 5110/5242, Loss: 3.8410, NLL: 3.8410, Coverage: 0.0000
  Batch 5120/5242, Loss: 3.4895, NLL: 3.4895, Coverage: 0.0000
  Batch 5130/5242, Loss: 3.2384, NLL: 3.2384, Coverage: 0.0000
  Batch 5140/5242, Loss: 4.1771, NLL: 4.1771, Coverage: 0.0000
  Batch 5150/5242, Loss: 3.6338, NLL: 3.6338, Coverage: 0.0000
  Batch 5160/5242, Loss: 3.8171, NLL: 3.8171, Coverage: 0.0000
  Batch 5170/5242, Loss: 3.6909, NLL: 3.6909, Coverage: 0.0000
  Batch 5180/5242, Loss: 4.1678, NLL: 4.1678, Coverage: 0.0000
  Batch 5190/5242, Loss: 3.7860, NLL: 3.7860, Coverage: 0.0000
  Batch 5200/5242, Loss: 3.9083, NLL: 3.9083, Coverage: 0.0000
  Batch 5210/5242, Loss: 3.7472, NLL: 3.7472, Coverage: 0.0000
  Batch 5220/5242, Loss: 3.9477, NLL: 3.9477, Coverage: 0.0000
  Batch 5230/5242, Loss: 4.0420, NLL: 4.0420, Coverage: 0.0000
  Batch 5240/5242, Loss: 3.8736, NLL: 3.8736, Coverage: 0.0000

  Train Loss: 3.9104 (NLL: 3.9104, Cov: 0.0000)
  Val Loss: 6.3769 (NLL: 6.3769, Cov: 0.0000)
  Time: 34m 4s

Epoch 20/20
----------------------------------------
  Batch 10/5242, Loss: 3.7814, NLL: 3.7814, Coverage: 0.0000
  Batch 20/5242, Loss: 3.9099, NLL: 3.9099, Coverage: 0.0000
  Batch 30/5242, Loss: 4.1731, NLL: 4.1731, Coverage: 0.0000
  Batch 40/5242, Loss: 3.6385, NLL: 3.6385, Coverage: 0.0000
  Batch 50/5242, Loss: 3.7760, NLL: 3.7760, Coverage: 0.0000
  Batch 60/5242, Loss: 4.1460, NLL: 4.1460, Coverage: 0.0000
  Batch 70/5242, Loss: 3.9432, NLL: 3.9432, Coverage: 0.0000
  Batch 80/5242, Loss: 3.8773, NLL: 3.8773, Coverage: 0.0000
  Batch 90/5242, Loss: 4.1400, NLL: 4.1400, Coverage: 0.0000
  Batch 100/5242, Loss: 4.1946, NLL: 4.1946, Coverage: 0.0000
  Batch 110/5242, Loss: 3.8021, NLL: 3.8021, Coverage: 0.0000
  Batch 120/5242, Loss: 3.8113, NLL: 3.8113, Coverage: 0.0000
  Batch 130/5242, Loss: 3.8121, NLL: 3.8121, Coverage: 0.0000
  Batch 140/5242, Loss: 3.6661, NLL: 3.6661, Coverage: 0.0000
  Batch 150/5242, Loss: 3.9843, NLL: 3.9843, Coverage: 0.0000
  Batch 160/5242, Loss: 4.0850, NLL: 4.0850, Coverage: 0.0000
  Batch 170/5242, Loss: 4.0716, NLL: 4.0716, Coverage: 0.0000
  Batch 180/5242, Loss: 3.9091, NLL: 3.9091, Coverage: 0.0000
  Batch 190/5242, Loss: 3.7234, NLL: 3.7234, Coverage: 0.0000
  Batch 200/5242, Loss: 3.9251, NLL: 3.9251, Coverage: 0.0000
  Batch 210/5242, Loss: 3.7796, NLL: 3.7796, Coverage: 0.0000
  Batch 220/5242, Loss: 4.0710, NLL: 4.0710, Coverage: 0.0000
  Batch 230/5242, Loss: 3.6873, NLL: 3.6873, Coverage: 0.0000
  Batch 240/5242, Loss: 4.3450, NLL: 4.3450, Coverage: 0.0000
  Batch 250/5242, Loss: 4.1029, NLL: 4.1029, Coverage: 0.0000
  Batch 260/5242, Loss: 3.5120, NLL: 3.5120, Coverage: 0.0000
  Batch 270/5242, Loss: 3.6573, NLL: 3.6573, Coverage: 0.0000
  Batch 280/5242, Loss: 3.8078, NLL: 3.8078, Coverage: 0.0000
  Batch 290/5242, Loss: 4.3988, NLL: 4.3988, Coverage: 0.0000
  Batch 300/5242, Loss: 3.8430, NLL: 3.8430, Coverage: 0.0000
  Batch 310/5242, Loss: 4.6694, NLL: 4.6694, Coverage: 0.0000
  Batch 320/5242, Loss: 4.3117, NLL: 4.3117, Coverage: 0.0000
  Batch 330/5242, Loss: 3.9559, NLL: 3.9559, Coverage: 0.0000
  Batch 340/5242, Loss: 4.1289, NLL: 4.1289, Coverage: 0.0000
  Batch 350/5242, Loss: 4.0423, NLL: 4.0423, Coverage: 0.0000
  Batch 360/5242, Loss: 3.6168, NLL: 3.6168, Coverage: 0.0000
  Batch 370/5242, Loss: 3.9979, NLL: 3.9979, Coverage: 0.0000
  Batch 380/5242, Loss: 4.0783, NLL: 4.0783, Coverage: 0.0000
  Batch 390/5242, Loss: 3.5970, NLL: 3.5970, Coverage: 0.0000
  Batch 400/5242, Loss: 4.0806, NLL: 4.0806, Coverage: 0.0000
  Batch 410/5242, Loss: 3.6811, NLL: 3.6811, Coverage: 0.0000
  Batch 420/5242, Loss: 4.0289, NLL: 4.0289, Coverage: 0.0000
  Batch 430/5242, Loss: 3.9254, NLL: 3.9254, Coverage: 0.0000
  Batch 440/5242, Loss: 3.9994, NLL: 3.9994, Coverage: 0.0000
  Batch 450/5242, Loss: 4.0969, NLL: 4.0969, Coverage: 0.0000
  Batch 460/5242, Loss: 4.0693, NLL: 4.0693, Coverage: 0.0000
  Batch 470/5242, Loss: 4.3611, NLL: 4.3611, Coverage: 0.0000
  Batch 480/5242, Loss: 3.9378, NLL: 3.9378, Coverage: 0.0000
  Batch 490/5242, Loss: 3.6623, NLL: 3.6623, Coverage: 0.0000
  Batch 500/5242, Loss: 3.5683, NLL: 3.5683, Coverage: 0.0000
  Batch 510/5242, Loss: 3.6770, NLL: 3.6770, Coverage: 0.0000
  Batch 520/5242, Loss: 4.2562, NLL: 4.2562, Coverage: 0.0000
  Batch 530/5242, Loss: 4.4034, NLL: 4.4034, Coverage: 0.0000
  Batch 540/5242, Loss: 3.8813, NLL: 3.8813, Coverage: 0.0000
  Batch 550/5242, Loss: 4.0196, NLL: 4.0196, Coverage: 0.0000
  Batch 560/5242, Loss: 3.5077, NLL: 3.5077, Coverage: 0.0000
  Batch 570/5242, Loss: 3.8187, NLL: 3.8187, Coverage: 0.0000
  Batch 580/5242, Loss: 4.1360, NLL: 4.1360, Coverage: 0.0000
  Batch 590/5242, Loss: 3.6945, NLL: 3.6945, Coverage: 0.0000
  Batch 600/5242, Loss: 4.0547, NLL: 4.0547, Coverage: 0.0000
  Batch 610/5242, Loss: 3.9536, NLL: 3.9536, Coverage: 0.0000
  Batch 620/5242, Loss: 3.6464, NLL: 3.6464, Coverage: 0.0000
  Batch 630/5242, Loss: 4.0562, NLL: 4.0562, Coverage: 0.0000
  Batch 640/5242, Loss: 3.7116, NLL: 3.7116, Coverage: 0.0000
  Batch 650/5242, Loss: 3.7288, NLL: 3.7288, Coverage: 0.0000
  Batch 660/5242, Loss: 3.6952, NLL: 3.6952, Coverage: 0.0000
  Batch 670/5242, Loss: 4.3237, NLL: 4.3237, Coverage: 0.0000
  Batch 680/5242, Loss: 3.5697, NLL: 3.5697, Coverage: 0.0000
  Batch 690/5242, Loss: 4.1284, NLL: 4.1284, Coverage: 0.0000
  Batch 700/5242, Loss: 3.7698, NLL: 3.7698, Coverage: 0.0000
  Batch 710/5242, Loss: 3.4272, NLL: 3.4272, Coverage: 0.0000
  Batch 720/5242, Loss: 4.0405, NLL: 4.0405, Coverage: 0.0000
  Batch 730/5242, Loss: 4.1464, NLL: 4.1464, Coverage: 0.0000
  Batch 740/5242, Loss: 3.7769, NLL: 3.7769, Coverage: 0.0000
  Batch 750/5242, Loss: 3.7325, NLL: 3.7325, Coverage: 0.0000
  Batch 760/5242, Loss: 4.1875, NLL: 4.1875, Coverage: 0.0000
  Batch 770/5242, Loss: 3.8417, NLL: 3.8417, Coverage: 0.0000
  Batch 780/5242, Loss: 3.7881, NLL: 3.7881, Coverage: 0.0000
  Batch 790/5242, Loss: 3.4820, NLL: 3.4820, Coverage: 0.0000
  Batch 800/5242, Loss: 3.7978, NLL: 3.7978, Coverage: 0.0000
  Batch 810/5242, Loss: 4.1240, NLL: 4.1240, Coverage: 0.0000
  Batch 820/5242, Loss: 4.0596, NLL: 4.0596, Coverage: 0.0000
  Batch 830/5242, Loss: 4.1239, NLL: 4.1239, Coverage: 0.0000
  Batch 840/5242, Loss: 3.9423, NLL: 3.9423, Coverage: 0.0000
  Batch 850/5242, Loss: 4.2483, NLL: 4.2483, Coverage: 0.0000
  Batch 860/5242, Loss: 3.9625, NLL: 3.9625, Coverage: 0.0000
  Batch 870/5242, Loss: 4.0576, NLL: 4.0576, Coverage: 0.0000
  Batch 880/5242, Loss: 3.9736, NLL: 3.9736, Coverage: 0.0000
  Batch 890/5242, Loss: 3.7225, NLL: 3.7225, Coverage: 0.0000
  Batch 900/5242, Loss: 3.8755, NLL: 3.8755, Coverage: 0.0000
  Batch 910/5242, Loss: 4.3671, NLL: 4.3671, Coverage: 0.0000
  Batch 920/5242, Loss: 4.1200, NLL: 4.1200, Coverage: 0.0000
  Batch 930/5242, Loss: 3.8155, NLL: 3.8155, Coverage: 0.0000
  Batch 940/5242, Loss: 4.0004, NLL: 4.0004, Coverage: 0.0000
  Batch 950/5242, Loss: 3.9101, NLL: 3.9101, Coverage: 0.0000
  Batch 960/5242, Loss: 3.7356, NLL: 3.7356, Coverage: 0.0000
  Batch 970/5242, Loss: 3.3941, NLL: 3.3941, Coverage: 0.0000
  Batch 980/5242, Loss: 3.7589, NLL: 3.7589, Coverage: 0.0000
  Batch 990/5242, Loss: 3.3479, NLL: 3.3479, Coverage: 0.0000
  Batch 1000/5242, Loss: 3.9010, NLL: 3.9010, Coverage: 0.0000
  Batch 1010/5242, Loss: 4.0764, NLL: 4.0764, Coverage: 0.0000
  Batch 1020/5242, Loss: 3.9214, NLL: 3.9214, Coverage: 0.0000
  Batch 1030/5242, Loss: 3.6080, NLL: 3.6080, Coverage: 0.0000
  Batch 1040/5242, Loss: 3.8372, NLL: 3.8372, Coverage: 0.0000
  Batch 1050/5242, Loss: 3.4932, NLL: 3.4932, Coverage: 0.0000
  Batch 1060/5242, Loss: 3.8662, NLL: 3.8662, Coverage: 0.0000
  Batch 1070/5242, Loss: 3.9406, NLL: 3.9406, Coverage: 0.0000
  Batch 1080/5242, Loss: 4.1103, NLL: 4.1103, Coverage: 0.0000
  Batch 1090/5242, Loss: 3.7904, NLL: 3.7904, Coverage: 0.0000
  Batch 1100/5242, Loss: 3.6230, NLL: 3.6230, Coverage: 0.0000
  Batch 1110/5242, Loss: 3.6497, NLL: 3.6497, Coverage: 0.0000
  Batch 1120/5242, Loss: 4.2733, NLL: 4.2733, Coverage: 0.0000
  Batch 1130/5242, Loss: 3.7736, NLL: 3.7736, Coverage: 0.0000
  Batch 1140/5242, Loss: 3.9629, NLL: 3.9629, Coverage: 0.0000
  Batch 1150/5242, Loss: 3.7229, NLL: 3.7229, Coverage: 0.0000
  Batch 1160/5242, Loss: 4.1502, NLL: 4.1502, Coverage: 0.0000
  Batch 1170/5242, Loss: 4.0328, NLL: 4.0328, Coverage: 0.0000
  Batch 1180/5242, Loss: 3.8968, NLL: 3.8968, Coverage: 0.0000
  Batch 1190/5242, Loss: 3.7523, NLL: 3.7523, Coverage: 0.0000
  Batch 1200/5242, Loss: 4.1526, NLL: 4.1526, Coverage: 0.0000
  Batch 1210/5242, Loss: 3.6734, NLL: 3.6734, Coverage: 0.0000
  Batch 1220/5242, Loss: 4.0159, NLL: 4.0159, Coverage: 0.0000
  Batch 1230/5242, Loss: 4.6112, NLL: 4.6112, Coverage: 0.0000
  Batch 1240/5242, Loss: 3.7821, NLL: 3.7821, Coverage: 0.0000
  Batch 1250/5242, Loss: 3.7894, NLL: 3.7894, Coverage: 0.0000
  Batch 1260/5242, Loss: 3.7261, NLL: 3.7261, Coverage: 0.0000
  Batch 1270/5242, Loss: 4.0480, NLL: 4.0480, Coverage: 0.0000
  Batch 1280/5242, Loss: 3.9813, NLL: 3.9813, Coverage: 0.0000
  Batch 1290/5242, Loss: 3.6117, NLL: 3.6117, Coverage: 0.0000
  Batch 1300/5242, Loss: 4.1581, NLL: 4.1581, Coverage: 0.0000
  Batch 1310/5242, Loss: 3.5623, NLL: 3.5623, Coverage: 0.0000
  Batch 1320/5242, Loss: 3.5499, NLL: 3.5499, Coverage: 0.0000
  Batch 1330/5242, Loss: 3.8718, NLL: 3.8718, Coverage: 0.0000
  Batch 1340/5242, Loss: 4.1961, NLL: 4.1961, Coverage: 0.0000
  Batch 1350/5242, Loss: 3.6986, NLL: 3.6986, Coverage: 0.0000
  Batch 1360/5242, Loss: 3.8954, NLL: 3.8954, Coverage: 0.0000
  Batch 1370/5242, Loss: 3.5088, NLL: 3.5088, Coverage: 0.0000
  Batch 1380/5242, Loss: 4.2917, NLL: 4.2917, Coverage: 0.0000
  Batch 1390/5242, Loss: 3.6343, NLL: 3.6343, Coverage: 0.0000
  Batch 1400/5242, Loss: 3.4008, NLL: 3.4008, Coverage: 0.0000
  Batch 1410/5242, Loss: 4.0470, NLL: 4.0470, Coverage: 0.0000
  Batch 1420/5242, Loss: 4.0675, NLL: 4.0675, Coverage: 0.0000
  Batch 1430/5242, Loss: 3.9715, NLL: 3.9715, Coverage: 0.0000
  Batch 1440/5242, Loss: 3.8419, NLL: 3.8419, Coverage: 0.0000
  Batch 1450/5242, Loss: 3.7984, NLL: 3.7984, Coverage: 0.0000
  Batch 1460/5242, Loss: 3.9628, NLL: 3.9628, Coverage: 0.0000
  Batch 1470/5242, Loss: 4.4415, NLL: 4.4415, Coverage: 0.0000
  Batch 1480/5242, Loss: 3.8413, NLL: 3.8413, Coverage: 0.0000
  Batch 1490/5242, Loss: 3.6008, NLL: 3.6008, Coverage: 0.0000
  Batch 1500/5242, Loss: 4.1785, NLL: 4.1785, Coverage: 0.0000
  Batch 1510/5242, Loss: 3.6809, NLL: 3.6809, Coverage: 0.0000
  Batch 1520/5242, Loss: 3.9761, NLL: 3.9761, Coverage: 0.0000
  Batch 1530/5242, Loss: 3.9188, NLL: 3.9188, Coverage: 0.0000
  Batch 1540/5242, Loss: 4.2362, NLL: 4.2362, Coverage: 0.0000
  Batch 1550/5242, Loss: 4.1331, NLL: 4.1331, Coverage: 0.0000
  Batch 1560/5242, Loss: 4.3657, NLL: 4.3657, Coverage: 0.0000
  Batch 1570/5242, Loss: 3.6467, NLL: 3.6467, Coverage: 0.0000
  Batch 1580/5242, Loss: 3.8291, NLL: 3.8291, Coverage: 0.0000
  Batch 1590/5242, Loss: 4.0061, NLL: 4.0061, Coverage: 0.0000
  Batch 1600/5242, Loss: 3.6852, NLL: 3.6852, Coverage: 0.0000
  Batch 1610/5242, Loss: 3.3988, NLL: 3.3988, Coverage: 0.0000
  Batch 1620/5242, Loss: 3.4588, NLL: 3.4588, Coverage: 0.0000
  Batch 1630/5242, Loss: 4.1484, NLL: 4.1484, Coverage: 0.0000
  Batch 1640/5242, Loss: 3.9587, NLL: 3.9587, Coverage: 0.0000
  Batch 1650/5242, Loss: 4.0881, NLL: 4.0881, Coverage: 0.0000
  Batch 1660/5242, Loss: 3.4059, NLL: 3.4059, Coverage: 0.0000
  Batch 1670/5242, Loss: 4.0547, NLL: 4.0547, Coverage: 0.0000
  Batch 1680/5242, Loss: 3.8357, NLL: 3.8357, Coverage: 0.0000
  Batch 1690/5242, Loss: 4.3992, NLL: 4.3992, Coverage: 0.0000
  Batch 1700/5242, Loss: 4.1694, NLL: 4.1694, Coverage: 0.0000
  Batch 1710/5242, Loss: 3.3869, NLL: 3.3869, Coverage: 0.0000
  Batch 1720/5242, Loss: 4.0472, NLL: 4.0472, Coverage: 0.0000
  Batch 1730/5242, Loss: 3.7354, NLL: 3.7354, Coverage: 0.0000
  Batch 1740/5242, Loss: 3.7295, NLL: 3.7295, Coverage: 0.0000
  Batch 1750/5242, Loss: 4.2855, NLL: 4.2855, Coverage: 0.0000
  Batch 1760/5242, Loss: 3.8361, NLL: 3.8361, Coverage: 0.0000
  Batch 1770/5242, Loss: 3.9404, NLL: 3.9404, Coverage: 0.0000
  Batch 1780/5242, Loss: 4.2835, NLL: 4.2835, Coverage: 0.0000
  Batch 1790/5242, Loss: 3.8326, NLL: 3.8326, Coverage: 0.0000
  Batch 1800/5242, Loss: 3.8861, NLL: 3.8861, Coverage: 0.0000
  Batch 1810/5242, Loss: 3.3546, NLL: 3.3546, Coverage: 0.0000
  Batch 1820/5242, Loss: 3.4585, NLL: 3.4585, Coverage: 0.0000
  Batch 1830/5242, Loss: 4.2389, NLL: 4.2389, Coverage: 0.0000
  Batch 1840/5242, Loss: 4.0568, NLL: 4.0568, Coverage: 0.0000
  Batch 1850/5242, Loss: 4.0621, NLL: 4.0621, Coverage: 0.0000
  Batch 1860/5242, Loss: 4.1766, NLL: 4.1766, Coverage: 0.0000
  Batch 1870/5242, Loss: 3.4750, NLL: 3.4750, Coverage: 0.0000
  Batch 1880/5242, Loss: 4.0328, NLL: 4.0328, Coverage: 0.0000
  Batch 1890/5242, Loss: 3.4586, NLL: 3.4586, Coverage: 0.0000
  Batch 1900/5242, Loss: 4.0289, NLL: 4.0289, Coverage: 0.0000
  Batch 1910/5242, Loss: 3.4491, NLL: 3.4491, Coverage: 0.0000
  Batch 1920/5242, Loss: 3.9761, NLL: 3.9761, Coverage: 0.0000
  Batch 1930/5242, Loss: 3.7042, NLL: 3.7042, Coverage: 0.0000
  Batch 1940/5242, Loss: 4.3898, NLL: 4.3898, Coverage: 0.0000
  Batch 1950/5242, Loss: 4.1511, NLL: 4.1511, Coverage: 0.0000
  Batch 1960/5242, Loss: 4.3518, NLL: 4.3518, Coverage: 0.0000
  Batch 1970/5242, Loss: 3.8279, NLL: 3.8279, Coverage: 0.0000
  Batch 1980/5242, Loss: 3.9567, NLL: 3.9567, Coverage: 0.0000
  Batch 1990/5242, Loss: 3.8451, NLL: 3.8451, Coverage: 0.0000
  Batch 2000/5242, Loss: 4.0258, NLL: 4.0258, Coverage: 0.0000
  Batch 2010/5242, Loss: 3.7639, NLL: 3.7639, Coverage: 0.0000
  Batch 2020/5242, Loss: 4.0326, NLL: 4.0326, Coverage: 0.0000
  Batch 2030/5242, Loss: 3.7808, NLL: 3.7808, Coverage: 0.0000
  Batch 2040/5242, Loss: 3.9728, NLL: 3.9728, Coverage: 0.0000
  Batch 2050/5242, Loss: 4.1184, NLL: 4.1184, Coverage: 0.0000
  Batch 2060/5242, Loss: 3.9513, NLL: 3.9513, Coverage: 0.0000
  Batch 2070/5242, Loss: 3.8699, NLL: 3.8699, Coverage: 0.0000
  Batch 2080/5242, Loss: 4.1053, NLL: 4.1053, Coverage: 0.0000
  Batch 2090/5242, Loss: 3.6632, NLL: 3.6632, Coverage: 0.0000
  Batch 2100/5242, Loss: 3.8034, NLL: 3.8034, Coverage: 0.0000
  Batch 2110/5242, Loss: 4.1304, NLL: 4.1304, Coverage: 0.0000
  Batch 2120/5242, Loss: 3.9325, NLL: 3.9325, Coverage: 0.0000
  Batch 2130/5242, Loss: 3.7620, NLL: 3.7620, Coverage: 0.0000
  Batch 2140/5242, Loss: 3.7908, NLL: 3.7908, Coverage: 0.0000
  Batch 2150/5242, Loss: 3.9582, NLL: 3.9582, Coverage: 0.0000
  Batch 2160/5242, Loss: 3.7442, NLL: 3.7442, Coverage: 0.0000
  Batch 2170/5242, Loss: 3.9946, NLL: 3.9946, Coverage: 0.0000
  Batch 2180/5242, Loss: 4.1015, NLL: 4.1015, Coverage: 0.0000
  Batch 2190/5242, Loss: 3.7124, NLL: 3.7124, Coverage: 0.0000
  Batch 2200/5242, Loss: 4.1108, NLL: 4.1108, Coverage: 0.0000
  Batch 2210/5242, Loss: 3.6406, NLL: 3.6406, Coverage: 0.0000
  Batch 2220/5242, Loss: 3.6108, NLL: 3.6108, Coverage: 0.0000
  Batch 2230/5242, Loss: 4.1505, NLL: 4.1505, Coverage: 0.0000
  Batch 2240/5242, Loss: 4.1389, NLL: 4.1389, Coverage: 0.0000
  Batch 2250/5242, Loss: 4.3120, NLL: 4.3120, Coverage: 0.0000
  Batch 2260/5242, Loss: 4.0119, NLL: 4.0119, Coverage: 0.0000
  Batch 2270/5242, Loss: 3.3363, NLL: 3.3363, Coverage: 0.0000
  Batch 2280/5242, Loss: 3.9424, NLL: 3.9424, Coverage: 0.0000
  Batch 2290/5242, Loss: 4.0462, NLL: 4.0462, Coverage: 0.0000
  Batch 2300/5242, Loss: 4.4110, NLL: 4.4110, Coverage: 0.0000
  Batch 2310/5242, Loss: 3.5622, NLL: 3.5622, Coverage: 0.0000
  Batch 2320/5242, Loss: 3.9217, NLL: 3.9217, Coverage: 0.0000
  Batch 2330/5242, Loss: 3.6949, NLL: 3.6949, Coverage: 0.0000
  Batch 2340/5242, Loss: 3.9808, NLL: 3.9808, Coverage: 0.0000
  Batch 2350/5242, Loss: 3.9436, NLL: 3.9436, Coverage: 0.0000
  Batch 2360/5242, Loss: 4.0054, NLL: 4.0054, Coverage: 0.0000
  Batch 2370/5242, Loss: 3.8560, NLL: 3.8560, Coverage: 0.0000
  Batch 2380/5242, Loss: 4.0783, NLL: 4.0783, Coverage: 0.0000
  Batch 2390/5242, Loss: 3.8686, NLL: 3.8686, Coverage: 0.0000
  Batch 2400/5242, Loss: 3.7571, NLL: 3.7571, Coverage: 0.0000
  Batch 2410/5242, Loss: 4.1922, NLL: 4.1922, Coverage: 0.0000
  Batch 2420/5242, Loss: 3.7859, NLL: 3.7859, Coverage: 0.0000
  Batch 2430/5242, Loss: 4.0698, NLL: 4.0698, Coverage: 0.0000
  Batch 2440/5242, Loss: 4.1450, NLL: 4.1450, Coverage: 0.0000
  Batch 2450/5242, Loss: 3.9497, NLL: 3.9497, Coverage: 0.0000
  Batch 2460/5242, Loss: 3.9018, NLL: 3.9018, Coverage: 0.0000
  Batch 2470/5242, Loss: 3.7176, NLL: 3.7176, Coverage: 0.0000
  Batch 2480/5242, Loss: 3.9842, NLL: 3.9842, Coverage: 0.0000
  Batch 2490/5242, Loss: 3.8771, NLL: 3.8771, Coverage: 0.0000
  Batch 2500/5242, Loss: 3.9096, NLL: 3.9096, Coverage: 0.0000
  Batch 2510/5242, Loss: 3.9549, NLL: 3.9549, Coverage: 0.0000
  Batch 2520/5242, Loss: 4.0489, NLL: 4.0489, Coverage: 0.0000
  Batch 2530/5242, Loss: 4.1695, NLL: 4.1695, Coverage: 0.0000
  Batch 2540/5242, Loss: 4.2350, NLL: 4.2350, Coverage: 0.0000
  Batch 2550/5242, Loss: 4.1078, NLL: 4.1078, Coverage: 0.0000
  Batch 2560/5242, Loss: 3.6795, NLL: 3.6795, Coverage: 0.0000
  Batch 2570/5242, Loss: 4.0523, NLL: 4.0523, Coverage: 0.0000
  Batch 2580/5242, Loss: 4.1068, NLL: 4.1068, Coverage: 0.0000
  Batch 2590/5242, Loss: 3.5768, NLL: 3.5768, Coverage: 0.0000
  Batch 2600/5242, Loss: 3.9904, NLL: 3.9904, Coverage: 0.0000
  Batch 2610/5242, Loss: 3.6428, NLL: 3.6428, Coverage: 0.0000
  Batch 2620/5242, Loss: 3.8973, NLL: 3.8973, Coverage: 0.0000
  Batch 2630/5242, Loss: 3.7097, NLL: 3.7097, Coverage: 0.0000
  Batch 2640/5242, Loss: 3.8265, NLL: 3.8265, Coverage: 0.0000
  Batch 2650/5242, Loss: 4.0382, NLL: 4.0382, Coverage: 0.0000
  Batch 2660/5242, Loss: 3.7826, NLL: 3.7826, Coverage: 0.0000
  Batch 2670/5242, Loss: 3.6582, NLL: 3.6582, Coverage: 0.0000
  Batch 2680/5242, Loss: 3.8385, NLL: 3.8385, Coverage: 0.0000
  Batch 2690/5242, Loss: 3.7772, NLL: 3.7772, Coverage: 0.0000
  Batch 2700/5242, Loss: 4.1404, NLL: 4.1404, Coverage: 0.0000
  Batch 2710/5242, Loss: 3.2948, NLL: 3.2948, Coverage: 0.0000
  Batch 2720/5242, Loss: 3.6241, NLL: 3.6241, Coverage: 0.0000
  Batch 2730/5242, Loss: 4.1440, NLL: 4.1440, Coverage: 0.0000
  Batch 2740/5242, Loss: 4.4013, NLL: 4.4013, Coverage: 0.0000
  Batch 2750/5242, Loss: 3.9951, NLL: 3.9951, Coverage: 0.0000
  Batch 2760/5242, Loss: 3.3417, NLL: 3.3417, Coverage: 0.0000
  Batch 2770/5242, Loss: 3.8264, NLL: 3.8264, Coverage: 0.0000
  Batch 2780/5242, Loss: 3.7242, NLL: 3.7242, Coverage: 0.0000
  Batch 2790/5242, Loss: 3.7316, NLL: 3.7316, Coverage: 0.0000
  Batch 2800/5242, Loss: 3.6824, NLL: 3.6824, Coverage: 0.0000
  Batch 2810/5242, Loss: 3.9784, NLL: 3.9784, Coverage: 0.0000
  Batch 2820/5242, Loss: 3.8739, NLL: 3.8739, Coverage: 0.0000
  Batch 2830/5242, Loss: 3.8599, NLL: 3.8599, Coverage: 0.0000
  Batch 2840/5242, Loss: 3.7281, NLL: 3.7281, Coverage: 0.0000
  Batch 2850/5242, Loss: 3.8573, NLL: 3.8573, Coverage: 0.0000
  Batch 2860/5242, Loss: 3.8566, NLL: 3.8566, Coverage: 0.0000
  Batch 2870/5242, Loss: 3.3829, NLL: 3.3829, Coverage: 0.0000
  Batch 2880/5242, Loss: 3.8078, NLL: 3.8078, Coverage: 0.0000
  Batch 2890/5242, Loss: 3.7704, NLL: 3.7704, Coverage: 0.0000
  Batch 2900/5242, Loss: 3.6051, NLL: 3.6051, Coverage: 0.0000
  Batch 2910/5242, Loss: 3.7198, NLL: 3.7198, Coverage: 0.0000
  Batch 2920/5242, Loss: 3.5305, NLL: 3.5305, Coverage: 0.0000
  Batch 2930/5242, Loss: 3.9889, NLL: 3.9889, Coverage: 0.0000
  Batch 2940/5242, Loss: 3.5659, NLL: 3.5659, Coverage: 0.0000
  Batch 2950/5242, Loss: 4.3316, NLL: 4.3316, Coverage: 0.0000
  Batch 2960/5242, Loss: 4.3259, NLL: 4.3259, Coverage: 0.0000
  Batch 2970/5242, Loss: 3.7167, NLL: 3.7167, Coverage: 0.0000
  Batch 2980/5242, Loss: 4.2488, NLL: 4.2488, Coverage: 0.0000
  Batch 2990/5242, Loss: 3.3482, NLL: 3.3482, Coverage: 0.0000
  Batch 3000/5242, Loss: 3.6718, NLL: 3.6718, Coverage: 0.0000
  Batch 3010/5242, Loss: 4.1043, NLL: 4.1043, Coverage: 0.0000
  Batch 3020/5242, Loss: 3.9467, NLL: 3.9467, Coverage: 0.0000
  Batch 3030/5242, Loss: 3.3676, NLL: 3.3676, Coverage: 0.0000
  Batch 3040/5242, Loss: 3.5462, NLL: 3.5462, Coverage: 0.0000
  Batch 3050/5242, Loss: 4.0103, NLL: 4.0103, Coverage: 0.0000
  Batch 3060/5242, Loss: 4.3079, NLL: 4.3079, Coverage: 0.0000
  Batch 3070/5242, Loss: 3.9696, NLL: 3.9696, Coverage: 0.0000
  Batch 3080/5242, Loss: 4.0653, NLL: 4.0653, Coverage: 0.0000
  Batch 3090/5242, Loss: 3.8400, NLL: 3.8400, Coverage: 0.0000
  Batch 3100/5242, Loss: 4.0212, NLL: 4.0212, Coverage: 0.0000
  Batch 3110/5242, Loss: 3.9173, NLL: 3.9173, Coverage: 0.0000
  Batch 3120/5242, Loss: 4.0175, NLL: 4.0175, Coverage: 0.0000
  Batch 3130/5242, Loss: 3.6612, NLL: 3.6612, Coverage: 0.0000
  Batch 3140/5242, Loss: 3.7265, NLL: 3.7265, Coverage: 0.0000
  Batch 3150/5242, Loss: 3.6277, NLL: 3.6277, Coverage: 0.0000
  Batch 3160/5242, Loss: 4.0720, NLL: 4.0720, Coverage: 0.0000
  Batch 3170/5242, Loss: 3.7453, NLL: 3.7453, Coverage: 0.0000
  Batch 3180/5242, Loss: 4.0540, NLL: 4.0540, Coverage: 0.0000
  Batch 3190/5242, Loss: 4.0392, NLL: 4.0392, Coverage: 0.0000
  Batch 3200/5242, Loss: 4.0536, NLL: 4.0536, Coverage: 0.0000
  Batch 3210/5242, Loss: 4.2872, NLL: 4.2872, Coverage: 0.0000
  Batch 3220/5242, Loss: 3.9826, NLL: 3.9826, Coverage: 0.0000
  Batch 3230/5242, Loss: 4.3829, NLL: 4.3829, Coverage: 0.0000
  Batch 3240/5242, Loss: 3.9874, NLL: 3.9874, Coverage: 0.0000
  Batch 3250/5242, Loss: 3.7743, NLL: 3.7743, Coverage: 0.0000
  Batch 3260/5242, Loss: 4.2294, NLL: 4.2294, Coverage: 0.0000
  Batch 3270/5242, Loss: 4.0382, NLL: 4.0382, Coverage: 0.0000
  Batch 3280/5242, Loss: 4.6209, NLL: 4.6209, Coverage: 0.0000
  Batch 3290/5242, Loss: 4.1376, NLL: 4.1376, Coverage: 0.0000
  Batch 3300/5242, Loss: 3.8128, NLL: 3.8128, Coverage: 0.0000
  Batch 3310/5242, Loss: 3.6022, NLL: 3.6022, Coverage: 0.0000
  Batch 3320/5242, Loss: 4.0580, NLL: 4.0580, Coverage: 0.0000
  Batch 3330/5242, Loss: 3.8821, NLL: 3.8821, Coverage: 0.0000
  Batch 3340/5242, Loss: 3.9128, NLL: 3.9128, Coverage: 0.0000
  Batch 3350/5242, Loss: 3.8720, NLL: 3.8720, Coverage: 0.0000
  Batch 3360/5242, Loss: 3.9056, NLL: 3.9056, Coverage: 0.0000
  Batch 3370/5242, Loss: 3.9286, NLL: 3.9286, Coverage: 0.0000
  Batch 3380/5242, Loss: 3.9010, NLL: 3.9010, Coverage: 0.0000
  Batch 3390/5242, Loss: 3.7812, NLL: 3.7812, Coverage: 0.0000
  Batch 3400/5242, Loss: 3.9536, NLL: 3.9536, Coverage: 0.0000
  Batch 3410/5242, Loss: 3.5661, NLL: 3.5661, Coverage: 0.0000
  Batch 3420/5242, Loss: 3.5837, NLL: 3.5837, Coverage: 0.0000
  Batch 3430/5242, Loss: 3.4401, NLL: 3.4401, Coverage: 0.0000
  Batch 3440/5242, Loss: 3.9267, NLL: 3.9267, Coverage: 0.0000
  Batch 3450/5242, Loss: 3.6926, NLL: 3.6926, Coverage: 0.0000
  Batch 3460/5242, Loss: 3.6047, NLL: 3.6047, Coverage: 0.0000
  Batch 3470/5242, Loss: 4.0146, NLL: 4.0146, Coverage: 0.0000
  Batch 3480/5242, Loss: 4.1353, NLL: 4.1353, Coverage: 0.0000
  Batch 3490/5242, Loss: 3.9920, NLL: 3.9920, Coverage: 0.0000
  Batch 3500/5242, Loss: 4.1027, NLL: 4.1027, Coverage: 0.0000
  Batch 3510/5242, Loss: 3.6058, NLL: 3.6058, Coverage: 0.0000
  Batch 3520/5242, Loss: 4.0935, NLL: 4.0935, Coverage: 0.0000
  Batch 3530/5242, Loss: 3.8941, NLL: 3.8941, Coverage: 0.0000
  Batch 3540/5242, Loss: 3.6993, NLL: 3.6993, Coverage: 0.0000
  Batch 3550/5242, Loss: 3.9094, NLL: 3.9094, Coverage: 0.0000
  Batch 3560/5242, Loss: 3.6701, NLL: 3.6701, Coverage: 0.0000
  Batch 3570/5242, Loss: 4.5527, NLL: 4.5527, Coverage: 0.0000
  Batch 3580/5242, Loss: 4.4322, NLL: 4.4322, Coverage: 0.0000
  Batch 3590/5242, Loss: 3.6471, NLL: 3.6471, Coverage: 0.0000
  Batch 3600/5242, Loss: 3.7529, NLL: 3.7529, Coverage: 0.0000
  Batch 3610/5242, Loss: 3.6295, NLL: 3.6295, Coverage: 0.0000
  Batch 3620/5242, Loss: 4.3370, NLL: 4.3370, Coverage: 0.0000
  Batch 3630/5242, Loss: 3.6349, NLL: 3.6349, Coverage: 0.0000
  Batch 3640/5242, Loss: 3.7624, NLL: 3.7624, Coverage: 0.0000
  Batch 3650/5242, Loss: 4.5169, NLL: 4.5169, Coverage: 0.0000
  Batch 3660/5242, Loss: 4.0983, NLL: 4.0983, Coverage: 0.0000
  Batch 3670/5242, Loss: 3.6896, NLL: 3.6896, Coverage: 0.0000
  Batch 3680/5242, Loss: 3.6669, NLL: 3.6669, Coverage: 0.0000
  Batch 3690/5242, Loss: 3.9974, NLL: 3.9974, Coverage: 0.0000
  Batch 3700/5242, Loss: 3.7251, NLL: 3.7251, Coverage: 0.0000
  Batch 3710/5242, Loss: 4.0551, NLL: 4.0551, Coverage: 0.0000
  Batch 3720/5242, Loss: 3.7685, NLL: 3.7685, Coverage: 0.0000
  Batch 3730/5242, Loss: 4.0670, NLL: 4.0670, Coverage: 0.0000
  Batch 3740/5242, Loss: 3.7663, NLL: 3.7663, Coverage: 0.0000
  Batch 3750/5242, Loss: 3.8046, NLL: 3.8046, Coverage: 0.0000
  Batch 3760/5242, Loss: 3.7074, NLL: 3.7074, Coverage: 0.0000
  Batch 3770/5242, Loss: 4.5818, NLL: 4.5818, Coverage: 0.0000
  Batch 3780/5242, Loss: 4.0094, NLL: 4.0094, Coverage: 0.0000
  Batch 3790/5242, Loss: 3.7054, NLL: 3.7054, Coverage: 0.0000
  Batch 3800/5242, Loss: 3.9911, NLL: 3.9911, Coverage: 0.0000
  Batch 3810/5242, Loss: 4.4132, NLL: 4.4132, Coverage: 0.0000
  Batch 3820/5242, Loss: 3.6951, NLL: 3.6951, Coverage: 0.0000
  Batch 3830/5242, Loss: 3.8598, NLL: 3.8598, Coverage: 0.0000
  Batch 3840/5242, Loss: 3.5414, NLL: 3.5414, Coverage: 0.0000
  Batch 3850/5242, Loss: 4.1148, NLL: 4.1148, Coverage: 0.0000
  Batch 3860/5242, Loss: 3.6642, NLL: 3.6642, Coverage: 0.0000
  Batch 3870/5242, Loss: 3.6950, NLL: 3.6950, Coverage: 0.0000
  Batch 3880/5242, Loss: 3.8678, NLL: 3.8678, Coverage: 0.0000
  Batch 3890/5242, Loss: 3.5444, NLL: 3.5444, Coverage: 0.0000
  Batch 3900/5242, Loss: 4.4539, NLL: 4.4539, Coverage: 0.0000
  Batch 3910/5242, Loss: 3.4481, NLL: 3.4481, Coverage: 0.0000
  Batch 3920/5242, Loss: 3.9275, NLL: 3.9275, Coverage: 0.0000
  Batch 3930/5242, Loss: 3.4534, NLL: 3.4534, Coverage: 0.0000
  Batch 3940/5242, Loss: 3.6881, NLL: 3.6881, Coverage: 0.0000
  Batch 3950/5242, Loss: 3.4511, NLL: 3.4511, Coverage: 0.0000
  Batch 3960/5242, Loss: 4.0095, NLL: 4.0095, Coverage: 0.0000
  Batch 3970/5242, Loss: 3.5914, NLL: 3.5914, Coverage: 0.0000
  Batch 3980/5242, Loss: 4.1349, NLL: 4.1349, Coverage: 0.0000
  Batch 3990/5242, Loss: 3.8706, NLL: 3.8706, Coverage: 0.0000
  Batch 4000/5242, Loss: 3.4163, NLL: 3.4163, Coverage: 0.0000
  Batch 4010/5242, Loss: 4.2592, NLL: 4.2592, Coverage: 0.0000
  Batch 4020/5242, Loss: 4.0663, NLL: 4.0663, Coverage: 0.0000
  Batch 4030/5242, Loss: 3.6446, NLL: 3.6446, Coverage: 0.0000
  Batch 4040/5242, Loss: 3.5964, NLL: 3.5964, Coverage: 0.0000
  Batch 4050/5242, Loss: 4.2777, NLL: 4.2777, Coverage: 0.0000
  Batch 4060/5242, Loss: 3.8282, NLL: 3.8282, Coverage: 0.0000
  Batch 4070/5242, Loss: 4.0987, NLL: 4.0987, Coverage: 0.0000
  Batch 4080/5242, Loss: 4.6315, NLL: 4.6315, Coverage: 0.0000
  Batch 4090/5242, Loss: 4.0659, NLL: 4.0659, Coverage: 0.0000
  Batch 4100/5242, Loss: 3.9918, NLL: 3.9918, Coverage: 0.0000
  Batch 4110/5242, Loss: 3.5113, NLL: 3.5113, Coverage: 0.0000
  Batch 4120/5242, Loss: 3.5339, NLL: 3.5339, Coverage: 0.0000
  Batch 4130/5242, Loss: 3.8119, NLL: 3.8119, Coverage: 0.0000
  Batch 4140/5242, Loss: 3.4805, NLL: 3.4805, Coverage: 0.0000
  Batch 4150/5242, Loss: 3.9188, NLL: 3.9188, Coverage: 0.0000
  Batch 4160/5242, Loss: 3.6246, NLL: 3.6246, Coverage: 0.0000
  Batch 4170/5242, Loss: 3.8959, NLL: 3.8959, Coverage: 0.0000
  Batch 4180/5242, Loss: 3.8221, NLL: 3.8221, Coverage: 0.0000
  Batch 4190/5242, Loss: 4.1299, NLL: 4.1299, Coverage: 0.0000
  Batch 4200/5242, Loss: 4.0198, NLL: 4.0198, Coverage: 0.0000
  Batch 4210/5242, Loss: 4.4956, NLL: 4.4956, Coverage: 0.0000
  Batch 4220/5242, Loss: 4.1486, NLL: 4.1486, Coverage: 0.0000
  Batch 4230/5242, Loss: 3.6767, NLL: 3.6767, Coverage: 0.0000
  Batch 4240/5242, Loss: 3.8262, NLL: 3.8262, Coverage: 0.0000
  Batch 4250/5242, Loss: 4.0829, NLL: 4.0829, Coverage: 0.0000
  Batch 4260/5242, Loss: 3.6110, NLL: 3.6110, Coverage: 0.0000
  Batch 4270/5242, Loss: 4.4520, NLL: 4.4520, Coverage: 0.0000
  Batch 4280/5242, Loss: 3.7748, NLL: 3.7748, Coverage: 0.0000
  Batch 4290/5242, Loss: 3.7407, NLL: 3.7407, Coverage: 0.0000
  Batch 4300/5242, Loss: 4.2606, NLL: 4.2606, Coverage: 0.0000
  Batch 4310/5242, Loss: 4.3254, NLL: 4.3254, Coverage: 0.0000
  Batch 4320/5242, Loss: 3.7844, NLL: 3.7844, Coverage: 0.0000
  Batch 4330/5242, Loss: 3.8953, NLL: 3.8953, Coverage: 0.0000
  Batch 4340/5242, Loss: 3.7151, NLL: 3.7151, Coverage: 0.0000
  Batch 4350/5242, Loss: 3.7801, NLL: 3.7801, Coverage: 0.0000
  Batch 4360/5242, Loss: 4.0420, NLL: 4.0420, Coverage: 0.0000
  Batch 4370/5242, Loss: 4.0660, NLL: 4.0660, Coverage: 0.0000
  Batch 4380/5242, Loss: 4.4468, NLL: 4.4468, Coverage: 0.0000
  Batch 4390/5242, Loss: 3.9393, NLL: 3.9393, Coverage: 0.0000
  Batch 4400/5242, Loss: 3.5438, NLL: 3.5438, Coverage: 0.0000
  Batch 4410/5242, Loss: 3.6131, NLL: 3.6131, Coverage: 0.0000
  Batch 4420/5242, Loss: 3.7459, NLL: 3.7459, Coverage: 0.0000
  Batch 4430/5242, Loss: 3.8087, NLL: 3.8087, Coverage: 0.0000
  Batch 4440/5242, Loss: 3.8001, NLL: 3.8001, Coverage: 0.0000
  Batch 4450/5242, Loss: 4.2757, NLL: 4.2757, Coverage: 0.0000
  Batch 4460/5242, Loss: 3.8881, NLL: 3.8881, Coverage: 0.0000
  Batch 4470/5242, Loss: 3.9338, NLL: 3.9338, Coverage: 0.0000
  Batch 4480/5242, Loss: 4.0678, NLL: 4.0678, Coverage: 0.0000
  Batch 4490/5242, Loss: 3.7297, NLL: 3.7297, Coverage: 0.0000
  Batch 4500/5242, Loss: 3.9681, NLL: 3.9681, Coverage: 0.0000
  Batch 4510/5242, Loss: 3.7948, NLL: 3.7948, Coverage: 0.0000
  Batch 4520/5242, Loss: 4.1064, NLL: 4.1064, Coverage: 0.0000
  Batch 4530/5242, Loss: 3.6548, NLL: 3.6548, Coverage: 0.0000
  Batch 4540/5242, Loss: 3.6599, NLL: 3.6599, Coverage: 0.0000
  Batch 4550/5242, Loss: 3.9988, NLL: 3.9988, Coverage: 0.0000
  Batch 4560/5242, Loss: 3.7147, NLL: 3.7147, Coverage: 0.0000
  Batch 4570/5242, Loss: 3.6909, NLL: 3.6909, Coverage: 0.0000
  Batch 4580/5242, Loss: 4.0397, NLL: 4.0397, Coverage: 0.0000
  Batch 4590/5242, Loss: 3.8360, NLL: 3.8360, Coverage: 0.0000
  Batch 4600/5242, Loss: 3.6009, NLL: 3.6009, Coverage: 0.0000
  Batch 4610/5242, Loss: 3.6372, NLL: 3.6372, Coverage: 0.0000
  Batch 4620/5242, Loss: 3.9382, NLL: 3.9382, Coverage: 0.0000
  Batch 4630/5242, Loss: 3.7300, NLL: 3.7300, Coverage: 0.0000
  Batch 4640/5242, Loss: 3.9118, NLL: 3.9118, Coverage: 0.0000
  Batch 4650/5242, Loss: 3.9388, NLL: 3.9388, Coverage: 0.0000
  Batch 4660/5242, Loss: 4.2839, NLL: 4.2839, Coverage: 0.0000
  Batch 4670/5242, Loss: 3.9657, NLL: 3.9657, Coverage: 0.0000
  Batch 4680/5242, Loss: 3.8619, NLL: 3.8619, Coverage: 0.0000
  Batch 4690/5242, Loss: 3.9817, NLL: 3.9817, Coverage: 0.0000
  Batch 4700/5242, Loss: 4.0466, NLL: 4.0466, Coverage: 0.0000
  Batch 4710/5242, Loss: 3.4529, NLL: 3.4529, Coverage: 0.0000
  Batch 4720/5242, Loss: 4.3616, NLL: 4.3616, Coverage: 0.0000
  Batch 4730/5242, Loss: 4.0067, NLL: 4.0067, Coverage: 0.0000
  Batch 4740/5242, Loss: 3.5211, NLL: 3.5211, Coverage: 0.0000
  Batch 4750/5242, Loss: 4.3527, NLL: 4.3527, Coverage: 0.0000
  Batch 4760/5242, Loss: 3.7789, NLL: 3.7789, Coverage: 0.0000
  Batch 4770/5242, Loss: 4.0062, NLL: 4.0062, Coverage: 0.0000
  Batch 4780/5242, Loss: 3.7464, NLL: 3.7464, Coverage: 0.0000
  Batch 4790/5242, Loss: 3.7479, NLL: 3.7479, Coverage: 0.0000
  Batch 4800/5242, Loss: 3.6823, NLL: 3.6823, Coverage: 0.0000
  Batch 4810/5242, Loss: 4.1722, NLL: 4.1722, Coverage: 0.0000
  Batch 4820/5242, Loss: 3.5547, NLL: 3.5547, Coverage: 0.0000
  Batch 4830/5242, Loss: 3.8319, NLL: 3.8319, Coverage: 0.0000
  Batch 4840/5242, Loss: 3.8370, NLL: 3.8370, Coverage: 0.0000
  Batch 4850/5242, Loss: 3.4958, NLL: 3.4958, Coverage: 0.0000
  Batch 4860/5242, Loss: 3.8022, NLL: 3.8022, Coverage: 0.0000
  Batch 4870/5242, Loss: 3.9378, NLL: 3.9378, Coverage: 0.0000
  Batch 4880/5242, Loss: 4.0309, NLL: 4.0309, Coverage: 0.0000
  Batch 4890/5242, Loss: 3.9480, NLL: 3.9480, Coverage: 0.0000
  Batch 4900/5242, Loss: 3.8328, NLL: 3.8328, Coverage: 0.0000
  Batch 4910/5242, Loss: 3.7125, NLL: 3.7125, Coverage: 0.0000
  Batch 4920/5242, Loss: 3.4877, NLL: 3.4877, Coverage: 0.0000
  Batch 4930/5242, Loss: 4.2975, NLL: 4.2975, Coverage: 0.0000
  Batch 4940/5242, Loss: 3.8466, NLL: 3.8466, Coverage: 0.0000
  Batch 4950/5242, Loss: 4.0769, NLL: 4.0769, Coverage: 0.0000
  Batch 4960/5242, Loss: 4.2505, NLL: 4.2505, Coverage: 0.0000
  Batch 4970/5242, Loss: 3.9041, NLL: 3.9041, Coverage: 0.0000
  Batch 4980/5242, Loss: 3.9578, NLL: 3.9578, Coverage: 0.0000
  Batch 4990/5242, Loss: 3.9201, NLL: 3.9201, Coverage: 0.0000
  Batch 5000/5242, Loss: 3.8423, NLL: 3.8423, Coverage: 0.0000
  Batch 5010/5242, Loss: 4.0612, NLL: 4.0612, Coverage: 0.0000
  Batch 5020/5242, Loss: 3.3619, NLL: 3.3619, Coverage: 0.0000
  Batch 5030/5242, Loss: 3.9081, NLL: 3.9081, Coverage: 0.0000
  Batch 5040/5242, Loss: 3.8406, NLL: 3.8406, Coverage: 0.0000
  Batch 5050/5242, Loss: 3.3375, NLL: 3.3375, Coverage: 0.0000
  Batch 5060/5242, Loss: 3.9486, NLL: 3.9486, Coverage: 0.0000
  Batch 5070/5242, Loss: 4.0056, NLL: 4.0056, Coverage: 0.0000
  Batch 5080/5242, Loss: 4.2197, NLL: 4.2197, Coverage: 0.0000
  Batch 5090/5242, Loss: 3.8150, NLL: 3.8150, Coverage: 0.0000
  Batch 5100/5242, Loss: 4.2629, NLL: 4.2629, Coverage: 0.0000
  Batch 5110/5242, Loss: 3.7219, NLL: 3.7219, Coverage: 0.0000
  Batch 5120/5242, Loss: 4.1136, NLL: 4.1136, Coverage: 0.0000
  Batch 5130/5242, Loss: 4.1679, NLL: 4.1679, Coverage: 0.0000
  Batch 5140/5242, Loss: 4.4281, NLL: 4.4281, Coverage: 0.0000
  Batch 5150/5242, Loss: 4.2237, NLL: 4.2237, Coverage: 0.0000
  Batch 5160/5242, Loss: 4.0743, NLL: 4.0743, Coverage: 0.0000
  Batch 5170/5242, Loss: 3.5109, NLL: 3.5109, Coverage: 0.0000
  Batch 5180/5242, Loss: 3.9771, NLL: 3.9771, Coverage: 0.0000
  Batch 5190/5242, Loss: 4.1641, NLL: 4.1641, Coverage: 0.0000
  Batch 5200/5242, Loss: 4.1628, NLL: 4.1628, Coverage: 0.0000
  Batch 5210/5242, Loss: 3.8035, NLL: 3.8035, Coverage: 0.0000
  Batch 5220/5242, Loss: 4.0881, NLL: 4.0881, Coverage: 0.0000
  Batch 5230/5242, Loss: 3.7746, NLL: 3.7746, Coverage: 0.0000
  Batch 5240/5242, Loss: 3.7284, NLL: 3.7284, Coverage: 0.0000
  ✓ Learning rate reduced: 0.000031 → 0.000016

  Train Loss: 3.9063 (NLL: 3.9063, Cov: 0.0000)
  Val Loss: 6.3856 (NLL: 6.3856, Cov: 0.0000)
  Time: 33m 18s
  ✓ Saved checkpoint to /scratch/aitordiez/News2Stock/pointer_generator_fasttext/checkpoints/checkpoint_epoch_20.pt

================================================================================
FINAL EVALUATION ON TEST SET
================================================================================
Loading best model from: /scratch/aitordiez/News2Stock/pointer_generator_fasttext/checkpoints/best_model.pt

Test Loss: 6.2952 (NLL: 6.2952, Cov: 0.0000)

================================================================================
TRAINING COMPLETE!
================================================================================
Best validation loss: 6.2402
Test loss: 6.2952
Best model saved to: /scratch/aitordiez/News2Stock/pointer_generator_fasttext/checkpoints/best_model.pt
Training log saved to: /scratch/aitordiez/News2Stock/pointer_generator_fasttext/logs/training_20251119_125951.log
Training completed successfully!
Ending time: Thu Nov 20 00:18:46 CET 2025
Running inference on test examples...
================================================================================
POINTER-GENERATOR NETWORK INFERENCE
================================================================================

✓ Using device: cuda

Loading vocabulary...
✓ Vocabulary size: 20000

Loading model from: /scratch/aitordiez/News2Stock/pointer_generator_fasttext/checkpoints/best_model.pt
✓ Loaded model from /scratch/aitordiez/News2Stock/pointer_generator_fasttext/checkpoints/best_model.pt
  Epoch: 2
  Val Loss: 6.2402
✓ Decoding method: beam search (size=4)

================================================================================
GENERATING SUMMARIES
================================================================================

Showing 3 examples from test set:

Example 1:
--------------------------------------------------------------------------------
Source: a whale with a lot of money to spend has taken a noticeably bearish stance on tesla looking at options history for tesla nasdaq tsla we detected 142 strange trades if we consider the specifics of each...

Target: whales have been targeting a price range from 700 0 to 2000 0 below we can observe the evolution of the volume and open interest of calls and puts respectively for all of tesla truist securities downgraded its action to buy with a price target of 1000 bofa securities has decided to maintain its neutral rating on tesla which currently sits at a price target option trades are riskier asset compared to just trading the stock

Generated: whales have been targeting a price range from 700 0 to 2000 0 below we can observe the evolution of the volume and open interest of calls and puts respectively for all of tesla s whale tesla has decided to maintain its overweight rating on the which currently sits at a price target of tesla has decided to maintain its overweight rating on the which currently sits at a price target of tesla
================================================================================

Example 2:
--------------------------------------------------------------------------------
Source: ray dalio founded hedge fund bridgewater associates may have disposed of its entire holdings in most chinese tech stocks but it still swears by the country s electric vehicle startups what happened br...

Target: fund added to stakes in nio xpeng in 13f filing it also doubled down on ford ev holdings at the end of the second quarter controversially the fund is not a shareholder of tesla which is a big tesla fan in real life to keep an eye out for the coming quarters even though it s not in the ev business

Generated: ray dalio s some of the positions in most valuable tech stocks bridgewater is some of the second largest hedge fund with about 150 billion in assets under pressure in s p 500 is the world s largest hedge fund with about 150 billion in assets under management ray ford s doubled in million in first half of this year read more about this story here s a look at some of the best known
================================================================================

Example 3:
--------------------------------------------------------------------------------
Source: a hard seltzer featuring a bored ape yacht club nft hit stores thursday here s a look at the bored ape used and the company behind the product what happened happy dad launched a new banana flavored ha...

Target: happy dad is owned by nelk which also owns the full send podcast the beverage is available in 12 packs in stores across the u s including in new york los angeles bored ape yacht club is the latest alcoholic brand to hit the market hard to reach millennial market is driving demand for new alcoholic products to some s are also getting harder to come by

Generated: elon musk in a top banana video hard to ape dad club is one of the most well known nft nft and club in 2021 s s s s is a bored ape ipa club is stores in the bored ape club and is a of the most popular known nft nft nft club
================================================================================

Job finished at: Thu Nov 20 00:19:19 CET 2025
