Job ID: 3680376
Running on node: hyperion-118.sw.ehu.es
Starting time: Wed Nov 19 16:05:02 CET 2025
GPU assigned: 0
Working directory: /scratch/aitordiez/News2Stock/simple_seq2seq_fasttext
Preprocessed data not found. Running preprocessing first...
================================================================================
PREPROCESSING NEWS DATASET
================================================================================
Loading data from all companies...
  ✓ Loaded amazon: 12391 examples
  ✓ Loaded apple: 24208 examples
  ✓ Loaded google: 13341 examples
  ✓ Loaded meta: 15187 examples
  ✓ Loaded microsoft: 12932 examples
  ✓ Loaded nvidia: 10215 examples
  ✓ Loaded tesla: 27131 examples

✓ Total combined: 115405 examples
Dataset shape: (115405, 7)
Columns: ['id', 'author', 'created', 'title', 'teaser', 'clean_body', 'body_summary']

✓ Using 'clean_body' as source (original text)
✓ Using 'body_summary' as target (summary)

After removing NaN: 115405 examples

Cleaning and tokenizing...
Final dataset size: 104839 examples

Source statistics:
  Mean length: 501.4
  Max length: 68068
  Min length: 10

Target statistics:
  Mean length: 73.6
  Max length: 359
  Min length: 24

Data split:
  Train: 83871 examples
  Val: 10483 examples
  Test: 10485 examples

================================================================================
BUILDING VOCABULARY
================================================================================
Vocabulary built with 20000 words
Most common words: [('the', 2305240), ('to', 1319557), ('of', 1066526), ('a', 980590), ('and', 923291), ('in', 866032), ('s', 713343), ('on', 548749), ('for', 506111), ('is', 504702)]

================================================================================
SAVING PREPROCESSED DATA
================================================================================
✓ Saved preprocessed data to: /scratch/aitordiez/News2Stock/simple_seq2seq/preprocessed_data.pkl
✓ Vocabulary size: 20000

Preprocessing complete!
Preprocessing complete!
Starting training...
================================================================================
SIMPLE SEQ2SEQ TRAINING
================================================================================

✓ Using device: cuda

Loading preprocessed data...
✓ Train: 83871 examples
✓ Val: 10483 examples
✓ Test: 10485 examples
✓ Vocabulary size: 20000

✓ Created dataloaders (batch_size=8)

================================================================================
INITIALIZING MODEL
================================================================================

Initializing embeddings with FastText...
Loading FastText model from /scratch/aitordiez/News2Stock/models/cc.en.300.bin...
✓ FastText model loaded
Initializing embeddings with FastText vectors...
✓ Initialized 19999/20000 embeddings with FastText vectors
Loading FastText model from /scratch/aitordiez/News2Stock/models/cc.en.300.bin...
✓ FastText model loaded
Initializing embeddings with FastText vectors...
✓ Initialized 19999/20000 embeddings with FastText vectors
✓ Embeddings initialized with FastText

✓ Model initialized
✓ Trainable parameters: 36,078,240
✓ Optimizer: Adam (lr=0.001)
✓ Loss: CrossEntropyLoss

================================================================================
TRAINING
================================================================================
✓ Logging to: /scratch/aitordiez/News2Stock/simple_seq2seq_fasttext/logs/training_20251119_160714.log

Epoch 1/20
----------------------------------------
  Batch 10/10484, Loss: 7.2187
  Batch 20/10484, Loss: 7.3186
  Batch 30/10484, Loss: 7.1430
  Batch 40/10484, Loss: 7.1557
  Batch 50/10484, Loss: 6.8380
  Batch 60/10484, Loss: 6.9724
  Batch 70/10484, Loss: 6.8946
  Batch 80/10484, Loss: 6.8197
  Batch 90/10484, Loss: 6.9673
  Batch 100/10484, Loss: 6.7463
  Batch 110/10484, Loss: 7.0629
  Batch 120/10484, Loss: 7.2068
  Batch 130/10484, Loss: 6.8973
  Batch 140/10484, Loss: 6.9272
  Batch 150/10484, Loss: 6.7747
  Batch 160/10484, Loss: 6.8858
  Batch 170/10484, Loss: 7.0493
  Batch 180/10484, Loss: 6.5054
  Batch 190/10484, Loss: 6.8775
  Batch 200/10484, Loss: 6.3992
  Batch 210/10484, Loss: 6.8674
  Batch 220/10484, Loss: 6.8133
  Batch 230/10484, Loss: 6.5921
  Batch 240/10484, Loss: 6.7723
  Batch 250/10484, Loss: 6.7601
  Batch 260/10484, Loss: 6.7008
  Batch 270/10484, Loss: 6.3239
  Batch 280/10484, Loss: 6.7139
  Batch 290/10484, Loss: 6.4679
  Batch 300/10484, Loss: 6.2889
  Batch 310/10484, Loss: 6.5625
  Batch 320/10484, Loss: 6.5993
  Batch 330/10484, Loss: 6.5425
  Batch 340/10484, Loss: 6.6450
  Batch 350/10484, Loss: 6.7756
  Batch 360/10484, Loss: 6.5937
  Batch 370/10484, Loss: 6.6062
  Batch 380/10484, Loss: 6.7243
  Batch 390/10484, Loss: 6.4473
  Batch 400/10484, Loss: 6.2116
  Batch 410/10484, Loss: 6.4710
  Batch 420/10484, Loss: 6.0698
  Batch 430/10484, Loss: 6.4777
  Batch 440/10484, Loss: 6.4746
  Batch 450/10484, Loss: 6.3965
  Batch 460/10484, Loss: 6.2510
  Batch 470/10484, Loss: 6.0196
  Batch 480/10484, Loss: 6.5058
  Batch 490/10484, Loss: 6.3960
  Batch 500/10484, Loss: 6.5585
  Batch 510/10484, Loss: 6.2879
  Batch 520/10484, Loss: 6.4604
  Batch 530/10484, Loss: 6.1105
  Batch 540/10484, Loss: 6.4408
  Batch 550/10484, Loss: 6.2205
  Batch 560/10484, Loss: 6.4222
  Batch 570/10484, Loss: 6.5505
  Batch 580/10484, Loss: 6.1209
  Batch 590/10484, Loss: 6.4454
  Batch 600/10484, Loss: 6.2063
  Batch 610/10484, Loss: 6.2427
  Batch 620/10484, Loss: 5.8847
  Batch 630/10484, Loss: 6.5640
  Batch 640/10484, Loss: 6.3307
  Batch 650/10484, Loss: 6.3133
  Batch 660/10484, Loss: 5.6532
  Batch 670/10484, Loss: 6.4320
  Batch 680/10484, Loss: 6.0322
  Batch 690/10484, Loss: 6.3737
  Batch 700/10484, Loss: 6.6758
  Batch 710/10484, Loss: 6.3730
  Batch 720/10484, Loss: 5.9771
  Batch 730/10484, Loss: 6.4569
  Batch 740/10484, Loss: 6.1375
  Batch 750/10484, Loss: 6.2653
  Batch 760/10484, Loss: 6.2329
  Batch 770/10484, Loss: 5.7691
  Batch 780/10484, Loss: 6.3343
  Batch 790/10484, Loss: 6.0452
  Batch 800/10484, Loss: 5.6635
  Batch 810/10484, Loss: 6.2793
  Batch 820/10484, Loss: 6.2663
  Batch 830/10484, Loss: 6.1123
  Batch 840/10484, Loss: 6.3516
  Batch 850/10484, Loss: 6.5783
  Batch 860/10484, Loss: 6.1017
  Batch 870/10484, Loss: 5.7558
  Batch 880/10484, Loss: 6.0869
  Batch 890/10484, Loss: 5.8880
  Batch 900/10484, Loss: 5.9573
  Batch 910/10484, Loss: 5.9107
  Batch 920/10484, Loss: 5.9744
  Batch 930/10484, Loss: 6.4652
  Batch 940/10484, Loss: 6.1943
  Batch 950/10484, Loss: 6.0820
  Batch 960/10484, Loss: 6.0409
  Batch 970/10484, Loss: 5.9477
  Batch 980/10484, Loss: 5.8779
  Batch 990/10484, Loss: 5.8175
  Batch 1000/10484, Loss: 5.8857
  Batch 1010/10484, Loss: 6.1093
  Batch 1020/10484, Loss: 6.1998
  Batch 1030/10484, Loss: 5.9155
  Batch 1040/10484, Loss: 5.5882
  Batch 1050/10484, Loss: 6.0964
  Batch 1060/10484, Loss: 5.7073
  Batch 1070/10484, Loss: 6.3524
  Batch 1080/10484, Loss: 5.5163
  Batch 1090/10484, Loss: 6.5334
  Batch 1100/10484, Loss: 6.0093
  Batch 1110/10484, Loss: 6.3003
  Batch 1120/10484, Loss: 5.7551
  Batch 1130/10484, Loss: 5.9099
  Batch 1140/10484, Loss: 5.5584
  Batch 1150/10484, Loss: 5.9997
  Batch 1160/10484, Loss: 5.9177
  Batch 1170/10484, Loss: 6.0319
  Batch 1180/10484, Loss: 5.7422
  Batch 1190/10484, Loss: 5.8596
  Batch 1200/10484, Loss: 6.1941
  Batch 1210/10484, Loss: 6.2408
  Batch 1220/10484, Loss: 5.9777
  Batch 1230/10484, Loss: 6.2812
  Batch 1240/10484, Loss: 6.2059
  Batch 1250/10484, Loss: 5.7662
  Batch 1260/10484, Loss: 5.8509
  Batch 1270/10484, Loss: 5.7598
  Batch 1280/10484, Loss: 6.4650
  Batch 1290/10484, Loss: 5.2676
  Batch 1300/10484, Loss: 6.0856
  Batch 1310/10484, Loss: 5.9312
  Batch 1320/10484, Loss: 6.0902
  Batch 1330/10484, Loss: 5.9009
  Batch 1340/10484, Loss: 5.8525
  Batch 1350/10484, Loss: 6.0369
  Batch 1360/10484, Loss: 5.8144
  Batch 1370/10484, Loss: 5.9600
  Batch 1380/10484, Loss: 5.9431
  Batch 1390/10484, Loss: 5.2582
  Batch 1400/10484, Loss: 6.1036
  Batch 1410/10484, Loss: 5.8016
  Batch 1420/10484, Loss: 5.6964
  Batch 1430/10484, Loss: 5.8085
  Batch 1440/10484, Loss: 5.8052
  Batch 1450/10484, Loss: 5.8628
  Batch 1460/10484, Loss: 5.9879
  Batch 1470/10484, Loss: 6.0762
  Batch 1480/10484, Loss: 6.1162
  Batch 1490/10484, Loss: 6.0551
  Batch 1500/10484, Loss: 6.1772
  Batch 1510/10484, Loss: 5.9205
  Batch 1520/10484, Loss: 5.8914
  Batch 1530/10484, Loss: 5.9983
  Batch 1540/10484, Loss: 5.9797
  Batch 1550/10484, Loss: 6.1032
  Batch 1560/10484, Loss: 5.5135
  Batch 1570/10484, Loss: 5.7359
  Batch 1580/10484, Loss: 5.3171
  Batch 1590/10484, Loss: 5.3910
  Batch 1600/10484, Loss: 5.8439
  Batch 1610/10484, Loss: 5.7898
  Batch 1620/10484, Loss: 5.6603
  Batch 1630/10484, Loss: 6.0851
  Batch 1640/10484, Loss: 5.5672
  Batch 1650/10484, Loss: 5.9086
  Batch 1660/10484, Loss: 5.7499
  Batch 1670/10484, Loss: 6.0525
  Batch 1680/10484, Loss: 5.8290
  Batch 1690/10484, Loss: 6.1166
  Batch 1700/10484, Loss: 5.7305
  Batch 1710/10484, Loss: 5.7344
  Batch 1720/10484, Loss: 5.5755
  Batch 1730/10484, Loss: 5.9484
  Batch 1740/10484, Loss: 5.0391
  Batch 1750/10484, Loss: 6.2495
  Batch 1760/10484, Loss: 5.7952
  Batch 1770/10484, Loss: 5.3795
  Batch 1780/10484, Loss: 5.4691
  Batch 1790/10484, Loss: 5.3529
  Batch 1800/10484, Loss: 5.8503
  Batch 1810/10484, Loss: 5.7782
  Batch 1820/10484, Loss: 5.8801
  Batch 1830/10484, Loss: 5.7534
  Batch 1840/10484, Loss: 5.1803
  Batch 1850/10484, Loss: 5.8848
  Batch 1860/10484, Loss: 5.6933
  Batch 1870/10484, Loss: 5.4869
  Batch 1880/10484, Loss: 5.7288
  Batch 1890/10484, Loss: 5.7934
  Batch 1900/10484, Loss: 5.6474
  Batch 1910/10484, Loss: 5.9753
  Batch 1920/10484, Loss: 5.3574
  Batch 1930/10484, Loss: 5.8309
  Batch 1940/10484, Loss: 5.6443
  Batch 1950/10484, Loss: 5.6656
  Batch 1960/10484, Loss: 5.8638
  Batch 1970/10484, Loss: 6.1482
  Batch 1980/10484, Loss: 5.8044
  Batch 1990/10484, Loss: 5.7309
  Batch 2000/10484, Loss: 5.7754
  Batch 2010/10484, Loss: 6.0826
  Batch 2020/10484, Loss: 5.7010
  Batch 2030/10484, Loss: 5.4912
  Batch 2040/10484, Loss: 5.6488
  Batch 2050/10484, Loss: 5.7953
  Batch 2060/10484, Loss: 5.9212
  Batch 2070/10484, Loss: 6.1933
  Batch 2080/10484, Loss: 5.3674
  Batch 2090/10484, Loss: 5.5404
  Batch 2100/10484, Loss: 5.5605
  Batch 2110/10484, Loss: 5.3964
  Batch 2120/10484, Loss: 5.8029
  Batch 2130/10484, Loss: 5.8878
  Batch 2140/10484, Loss: 5.5827
  Batch 2150/10484, Loss: 5.7561
  Batch 2160/10484, Loss: 5.7596
  Batch 2170/10484, Loss: 5.3216
  Batch 2180/10484, Loss: 5.5916
  Batch 2190/10484, Loss: 5.5694
  Batch 2200/10484, Loss: 5.8002
  Batch 2210/10484, Loss: 6.2125
  Batch 2220/10484, Loss: 5.5906
  Batch 2230/10484, Loss: 5.6201
  Batch 2240/10484, Loss: 5.7818
  Batch 2250/10484, Loss: 5.8745
  Batch 2260/10484, Loss: 5.7861
  Batch 2270/10484, Loss: 5.5238
  Batch 2280/10484, Loss: 5.9498
  Batch 2290/10484, Loss: 5.4635
  Batch 2300/10484, Loss: 5.4068
  Batch 2310/10484, Loss: 5.2691
  Batch 2320/10484, Loss: 5.7440
  Batch 2330/10484, Loss: 5.7889
  Batch 2340/10484, Loss: 5.6478
  Batch 2350/10484, Loss: 5.8850
  Batch 2360/10484, Loss: 5.7887
  Batch 2370/10484, Loss: 5.5012
  Batch 2380/10484, Loss: 5.6557
  Batch 2390/10484, Loss: 5.1916
  Batch 2400/10484, Loss: 4.5871
  Batch 2410/10484, Loss: 5.9940
  Batch 2420/10484, Loss: 6.0135
  Batch 2430/10484, Loss: 5.4938
  Batch 2440/10484, Loss: 5.9556
  Batch 2450/10484, Loss: 5.1979
  Batch 2460/10484, Loss: 5.7450
  Batch 2470/10484, Loss: 5.8902
  Batch 2480/10484, Loss: 5.9310
  Batch 2490/10484, Loss: 5.6065
  Batch 2500/10484, Loss: 5.8609
  Batch 2510/10484, Loss: 5.5702
  Batch 2520/10484, Loss: 5.3959
  Batch 2530/10484, Loss: 5.4418
  Batch 2540/10484, Loss: 5.3815
  Batch 2550/10484, Loss: 6.0779
  Batch 2560/10484, Loss: 5.5426
  Batch 2570/10484, Loss: 5.6454
  Batch 2580/10484, Loss: 5.9800
  Batch 2590/10484, Loss: 5.8013
  Batch 2600/10484, Loss: 5.8518
  Batch 2610/10484, Loss: 5.4995
  Batch 2620/10484, Loss: 5.3892
  Batch 2630/10484, Loss: 5.5085
  Batch 2640/10484, Loss: 5.5320
  Batch 2650/10484, Loss: 5.6521
  Batch 2660/10484, Loss: 5.4020
  Batch 2670/10484, Loss: 5.8333
  Batch 2680/10484, Loss: 5.8598
  Batch 2690/10484, Loss: 5.2734
  Batch 2700/10484, Loss: 5.4950
  Batch 2710/10484, Loss: 5.9521
  Batch 2720/10484, Loss: 5.2357
  Batch 2730/10484, Loss: 5.5945
  Batch 2740/10484, Loss: 5.9065
  Batch 2750/10484, Loss: 5.4118
  Batch 2760/10484, Loss: 5.4134
  Batch 2770/10484, Loss: 5.4636
  Batch 2780/10484, Loss: 5.6260
  Batch 2790/10484, Loss: 5.5330
  Batch 2800/10484, Loss: 5.8331
  Batch 2810/10484, Loss: 5.5906
  Batch 2820/10484, Loss: 5.5394
  Batch 2830/10484, Loss: 5.4971
  Batch 2840/10484, Loss: 5.5925
  Batch 2850/10484, Loss: 5.7740
  Batch 2860/10484, Loss: 4.9123
  Batch 2870/10484, Loss: 5.6871
  Batch 2880/10484, Loss: 5.4543
  Batch 2890/10484, Loss: 5.3441
  Batch 2900/10484, Loss: 5.3986
  Batch 2910/10484, Loss: 5.6338
  Batch 2920/10484, Loss: 5.5764
  Batch 2930/10484, Loss: 5.0274
  Batch 2940/10484, Loss: 5.4784
  Batch 2950/10484, Loss: 5.4509
  Batch 2960/10484, Loss: 5.5101
  Batch 2970/10484, Loss: 5.5229
  Batch 2980/10484, Loss: 5.8767
  Batch 2990/10484, Loss: 5.2766
  Batch 3000/10484, Loss: 5.6046
  Batch 3010/10484, Loss: 5.7654
  Batch 3020/10484, Loss: 5.2632
  Batch 3030/10484, Loss: 4.7817
  Batch 3040/10484, Loss: 5.8076
  Batch 3050/10484, Loss: 5.6300
  Batch 3060/10484, Loss: 5.7840
  Batch 3070/10484, Loss: 5.1338
  Batch 3080/10484, Loss: 5.6175
  Batch 3090/10484, Loss: 5.0650
  Batch 3100/10484, Loss: 5.8864
  Batch 3110/10484, Loss: 5.6069
  Batch 3120/10484, Loss: 5.3589
  Batch 3130/10484, Loss: 5.4047
  Batch 3140/10484, Loss: 5.5616
  Batch 3150/10484, Loss: 5.4412
  Batch 3160/10484, Loss: 5.4677
  Batch 3170/10484, Loss: 5.6947
  Batch 3180/10484, Loss: 5.1292
  Batch 3190/10484, Loss: 5.1937
  Batch 3200/10484, Loss: 5.4311
  Batch 3210/10484, Loss: 5.1966
  Batch 3220/10484, Loss: 5.3944
  Batch 3230/10484, Loss: 5.6751
  Batch 3240/10484, Loss: 5.3929
  Batch 3250/10484, Loss: 5.3734
  Batch 3260/10484, Loss: 5.6679
  Batch 3270/10484, Loss: 5.4550
  Batch 3280/10484, Loss: 5.1218
  Batch 3290/10484, Loss: 5.6635
  Batch 3300/10484, Loss: 5.9638
  Batch 3310/10484, Loss: 5.1606
  Batch 3320/10484, Loss: 5.4973
  Batch 3330/10484, Loss: 5.1617
  Batch 3340/10484, Loss: 5.0147
  Batch 3350/10484, Loss: 5.7041
  Batch 3360/10484, Loss: 5.0086
  Batch 3370/10484, Loss: 4.9717
  Batch 3380/10484, Loss: 5.5450
  Batch 3390/10484, Loss: 6.1099
  Batch 3400/10484, Loss: 5.7169
  Batch 3410/10484, Loss: 5.4475
  Batch 3420/10484, Loss: 5.6613
  Batch 3430/10484, Loss: 5.4583
  Batch 3440/10484, Loss: 5.3078
  Batch 3450/10484, Loss: 5.6939
  Batch 3460/10484, Loss: 5.6958
  Batch 3470/10484, Loss: 5.3552
  Batch 3480/10484, Loss: 5.3419
  Batch 3490/10484, Loss: 5.0823
  Batch 3500/10484, Loss: 5.5377
  Batch 3510/10484, Loss: 5.2044
  Batch 3520/10484, Loss: 4.9355
  Batch 3530/10484, Loss: 5.3489
  Batch 3540/10484, Loss: 5.5258
  Batch 3550/10484, Loss: 5.4260
  Batch 3560/10484, Loss: 5.2500
  Batch 3570/10484, Loss: 5.3659
  Batch 3580/10484, Loss: 4.9978
  Batch 3590/10484, Loss: 5.4279
  Batch 3600/10484, Loss: 5.0685
  Batch 3610/10484, Loss: 5.5747
  Batch 3620/10484, Loss: 5.3122
  Batch 3630/10484, Loss: 5.5575
  Batch 3640/10484, Loss: 5.8631
  Batch 3650/10484, Loss: 5.5100
  Batch 3660/10484, Loss: 5.8007
  Batch 3670/10484, Loss: 5.6043
  Batch 3680/10484, Loss: 5.5077
  Batch 3690/10484, Loss: 5.2413
  Batch 3700/10484, Loss: 5.4965
  Batch 3710/10484, Loss: 5.1409
  Batch 3720/10484, Loss: 5.5979
  Batch 3730/10484, Loss: 4.6677
  Batch 3740/10484, Loss: 5.6658
  Batch 3750/10484, Loss: 5.5518
  Batch 3760/10484, Loss: 5.3764
  Batch 3770/10484, Loss: 5.6315
  Batch 3780/10484, Loss: 4.8912
  Batch 3790/10484, Loss: 4.7179
  Batch 3800/10484, Loss: 5.3272
  Batch 3810/10484, Loss: 5.2041
  Batch 3820/10484, Loss: 4.8734
  Batch 3830/10484, Loss: 5.0306
  Batch 3840/10484, Loss: 5.6833
  Batch 3850/10484, Loss: 5.7149
  Batch 3860/10484, Loss: 5.9473
  Batch 3870/10484, Loss: 5.4194
  Batch 3880/10484, Loss: 6.0800
  Batch 3890/10484, Loss: 5.3057
  Batch 3900/10484, Loss: 5.7859
  Batch 3910/10484, Loss: 5.5954
  Batch 3920/10484, Loss: 5.4667
  Batch 3930/10484, Loss: 5.4607
  Batch 3940/10484, Loss: 4.9334
  Batch 3950/10484, Loss: 5.5744
  Batch 3960/10484, Loss: 5.6101
  Batch 3970/10484, Loss: 5.6408
  Batch 3980/10484, Loss: 5.0621
  Batch 3990/10484, Loss: 5.3275
  Batch 4000/10484, Loss: 5.5616
  Batch 4010/10484, Loss: 5.6903
  Batch 4020/10484, Loss: 5.1931
  Batch 4030/10484, Loss: 5.5182
  Batch 4040/10484, Loss: 5.6458
  Batch 4050/10484, Loss: 5.6903
  Batch 4060/10484, Loss: 5.5019
  Batch 4070/10484, Loss: 5.3172
  Batch 4080/10484, Loss: 5.5267
  Batch 4090/10484, Loss: 5.4770
  Batch 4100/10484, Loss: 5.5717
  Batch 4110/10484, Loss: 5.5345
  Batch 4120/10484, Loss: 5.5206
  Batch 4130/10484, Loss: 5.6291
  Batch 4140/10484, Loss: 5.5734
  Batch 4150/10484, Loss: 5.2659
  Batch 4160/10484, Loss: 5.5646
  Batch 4170/10484, Loss: 5.5111
  Batch 4180/10484, Loss: 5.6952
  Batch 4190/10484, Loss: 5.7686
  Batch 4200/10484, Loss: 5.5487
  Batch 4210/10484, Loss: 5.3298
  Batch 4220/10484, Loss: 5.1841
  Batch 4230/10484, Loss: 5.3297
  Batch 4240/10484, Loss: 5.6437
  Batch 4250/10484, Loss: 5.3439
  Batch 4260/10484, Loss: 5.2578
  Batch 4270/10484, Loss: 5.4601
  Batch 4280/10484, Loss: 5.7078
  Batch 4290/10484, Loss: 5.1818
  Batch 4300/10484, Loss: 5.7213
  Batch 4310/10484, Loss: 5.4276
  Batch 4320/10484, Loss: 5.2250
  Batch 4330/10484, Loss: 5.7031
  Batch 4340/10484, Loss: 5.6694
  Batch 4350/10484, Loss: 5.1941
  Batch 4360/10484, Loss: 5.5007
  Batch 4370/10484, Loss: 5.8593
  Batch 4380/10484, Loss: 5.3900
  Batch 4390/10484, Loss: 5.2260
  Batch 4400/10484, Loss: 5.0874
  Batch 4410/10484, Loss: 5.4456
  Batch 4420/10484, Loss: 5.6486
  Batch 4430/10484, Loss: 5.6685
  Batch 4440/10484, Loss: 5.2043
  Batch 4450/10484, Loss: 4.6755
  Batch 4460/10484, Loss: 5.5143
  Batch 4470/10484, Loss: 5.5835
  Batch 4480/10484, Loss: 4.8693
  Batch 4490/10484, Loss: 5.2831
  Batch 4500/10484, Loss: 5.3491
  Batch 4510/10484, Loss: 5.2433
  Batch 4520/10484, Loss: 5.7840
  Batch 4530/10484, Loss: 4.8311
  Batch 4540/10484, Loss: 5.6202
  Batch 4550/10484, Loss: 5.5425
  Batch 4560/10484, Loss: 5.1578
  Batch 4570/10484, Loss: 5.2510
  Batch 4580/10484, Loss: 5.3600
  Batch 4590/10484, Loss: 4.9525
  Batch 4600/10484, Loss: 4.8311
  Batch 4610/10484, Loss: 5.3911
  Batch 4620/10484, Loss: 4.9794
  Batch 4630/10484, Loss: 5.7589
  Batch 4640/10484, Loss: 5.4141
  Batch 4650/10484, Loss: 5.4331
  Batch 4660/10484, Loss: 5.6413
  Batch 4670/10484, Loss: 5.5165
  Batch 4680/10484, Loss: 5.1639
  Batch 4690/10484, Loss: 4.9622
  Batch 4700/10484, Loss: 5.0683
  Batch 4710/10484, Loss: 5.3518
  Batch 4720/10484, Loss: 4.5204
  Batch 4730/10484, Loss: 6.0149
  Batch 4740/10484, Loss: 5.1924
  Batch 4750/10484, Loss: 5.3028
  Batch 4760/10484, Loss: 5.2077
  Batch 4770/10484, Loss: 5.0218
  Batch 4780/10484, Loss: 5.2369
  Batch 4790/10484, Loss: 5.8468
  Batch 4800/10484, Loss: 5.5554
  Batch 4810/10484, Loss: 5.2032
  Batch 4820/10484, Loss: 4.5806
  Batch 4830/10484, Loss: 5.5484
  Batch 4840/10484, Loss: 5.4255
  Batch 4850/10484, Loss: 5.8863
  Batch 4860/10484, Loss: 5.4366
  Batch 4870/10484, Loss: 5.1935
  Batch 4880/10484, Loss: 5.0340
  Batch 4890/10484, Loss: 5.4832
  Batch 4900/10484, Loss: 5.2231
  Batch 4910/10484, Loss: 5.2264
  Batch 4920/10484, Loss: 5.5956
  Batch 4930/10484, Loss: 5.7694
  Batch 4940/10484, Loss: 5.3481
  Batch 4950/10484, Loss: 5.0766
  Batch 4960/10484, Loss: 5.2317
  Batch 4970/10484, Loss: 5.1880
  Batch 4980/10484, Loss: 4.7343
  Batch 4990/10484, Loss: 5.1272
  Batch 5000/10484, Loss: 4.5764
  Batch 5010/10484, Loss: 5.8549
  Batch 5020/10484, Loss: 5.4614
  Batch 5030/10484, Loss: 5.5749
  Batch 5040/10484, Loss: 5.0893
  Batch 5050/10484, Loss: 4.8459
  Batch 5060/10484, Loss: 5.2149
  Batch 5070/10484, Loss: 5.6047
  Batch 5080/10484, Loss: 4.7745
  Batch 5090/10484, Loss: 5.2782
  Batch 5100/10484, Loss: 5.4323
  Batch 5110/10484, Loss: 4.9553
  Batch 5120/10484, Loss: 5.5623
  Batch 5130/10484, Loss: 5.4030
  Batch 5140/10484, Loss: 4.7381
  Batch 5150/10484, Loss: 5.3717
  Batch 5160/10484, Loss: 5.8705
  Batch 5170/10484, Loss: 5.1717
  Batch 5180/10484, Loss: 5.0824
  Batch 5190/10484, Loss: 5.6217
  Batch 5200/10484, Loss: 5.4100
  Batch 5210/10484, Loss: 5.4032
  Batch 5220/10484, Loss: 5.3960
  Batch 5230/10484, Loss: 5.1375
  Batch 5240/10484, Loss: 5.3180
  Batch 5250/10484, Loss: 5.1955
  Batch 5260/10484, Loss: 4.8033
  Batch 5270/10484, Loss: 5.2954
  Batch 5280/10484, Loss: 4.9977
  Batch 5290/10484, Loss: 5.2150
  Batch 5300/10484, Loss: 5.1744
  Batch 5310/10484, Loss: 5.4505
  Batch 5320/10484, Loss: 5.1093
  Batch 5330/10484, Loss: 5.5855
  Batch 5340/10484, Loss: 5.5218
  Batch 5350/10484, Loss: 5.0450
  Batch 5360/10484, Loss: 5.4270
  Batch 5370/10484, Loss: 5.5700
  Batch 5380/10484, Loss: 5.2878
  Batch 5390/10484, Loss: 5.7467
  Batch 5400/10484, Loss: 5.7506
  Batch 5410/10484, Loss: 5.2411
  Batch 5420/10484, Loss: 5.5308
  Batch 5430/10484, Loss: 5.0417
  Batch 5440/10484, Loss: 5.6298
  Batch 5450/10484, Loss: 4.7333
  Batch 5460/10484, Loss: 5.2840
  Batch 5470/10484, Loss: 5.2852
  Batch 5480/10484, Loss: 5.4529
  Batch 5490/10484, Loss: 5.5344
  Batch 5500/10484, Loss: 5.4924
  Batch 5510/10484, Loss: 5.2203
  Batch 5520/10484, Loss: 5.6569
  Batch 5530/10484, Loss: 5.3208
  Batch 5540/10484, Loss: 5.3681
  Batch 5550/10484, Loss: 5.2520
  Batch 5560/10484, Loss: 5.6442
  Batch 5570/10484, Loss: 5.2816
  Batch 5580/10484, Loss: 5.1698
  Batch 5590/10484, Loss: 4.8340
  Batch 5600/10484, Loss: 5.9861
  Batch 5610/10484, Loss: 5.2713
  Batch 5620/10484, Loss: 5.2999
  Batch 5630/10484, Loss: 5.2313
  Batch 5640/10484, Loss: 5.2548
  Batch 5650/10484, Loss: 5.5340
  Batch 5660/10484, Loss: 4.7199
  Batch 5670/10484, Loss: 5.0112
  Batch 5680/10484, Loss: 5.2868
  Batch 5690/10484, Loss: 5.2396
  Batch 5700/10484, Loss: 5.4929
  Batch 5710/10484, Loss: 4.7458
  Batch 5720/10484, Loss: 5.6176
  Batch 5730/10484, Loss: 5.4810
  Batch 5740/10484, Loss: 5.4566
  Batch 5750/10484, Loss: 5.5000
  Batch 5760/10484, Loss: 5.4902
  Batch 5770/10484, Loss: 5.0326
  Batch 5780/10484, Loss: 4.8339
  Batch 5790/10484, Loss: 4.6732
  Batch 5800/10484, Loss: 5.0557
  Batch 5810/10484, Loss: 4.8699
  Batch 5820/10484, Loss: 5.4896
  Batch 5830/10484, Loss: 5.0340
  Batch 5840/10484, Loss: 4.9593
  Batch 5850/10484, Loss: 5.4497
  Batch 5860/10484, Loss: 5.0416
  Batch 5870/10484, Loss: 4.8350
  Batch 5880/10484, Loss: 5.1451
  Batch 5890/10484, Loss: 4.9637
  Batch 5900/10484, Loss: 5.3589
  Batch 5910/10484, Loss: 5.4056
  Batch 5920/10484, Loss: 5.0415
  Batch 5930/10484, Loss: 5.5825
  Batch 5940/10484, Loss: 5.3065
  Batch 5950/10484, Loss: 5.2733
  Batch 5960/10484, Loss: 5.1244
  Batch 5970/10484, Loss: 4.8971
  Batch 5980/10484, Loss: 5.3966
  Batch 5990/10484, Loss: 5.6014
  Batch 6000/10484, Loss: 5.4421
  Batch 6010/10484, Loss: 5.3747
  Batch 6020/10484, Loss: 5.5681
  Batch 6030/10484, Loss: 5.1823
  Batch 6040/10484, Loss: 5.1465
  Batch 6050/10484, Loss: 5.2135
  Batch 6060/10484, Loss: 5.5818
  Batch 6070/10484, Loss: 5.2901
  Batch 6080/10484, Loss: 4.9918
  Batch 6090/10484, Loss: 5.1464
  Batch 6100/10484, Loss: 5.5910
  Batch 6110/10484, Loss: 5.2837
  Batch 6120/10484, Loss: 5.2249
  Batch 6130/10484, Loss: 5.1190
  Batch 6140/10484, Loss: 5.5497
  Batch 6150/10484, Loss: 5.4573
  Batch 6160/10484, Loss: 5.2228
  Batch 6170/10484, Loss: 4.9316
  Batch 6180/10484, Loss: 5.4238
  Batch 6190/10484, Loss: 5.0735
  Batch 6200/10484, Loss: 4.7355
  Batch 6210/10484, Loss: 5.3038
  Batch 6220/10484, Loss: 4.9708
  Batch 6230/10484, Loss: 5.1130
  Batch 6240/10484, Loss: 4.8102
  Batch 6250/10484, Loss: 5.2501
  Batch 6260/10484, Loss: 5.2191
  Batch 6270/10484, Loss: 4.8566
  Batch 6280/10484, Loss: 4.9209
  Batch 6290/10484, Loss: 4.9787
  Batch 6300/10484, Loss: 5.1500
  Batch 6310/10484, Loss: 5.3826
  Batch 6320/10484, Loss: 5.2631
  Batch 6330/10484, Loss: 4.7125
  Batch 6340/10484, Loss: 5.2144
  Batch 6350/10484, Loss: 4.7360
  Batch 6360/10484, Loss: 5.3063
  Batch 6370/10484, Loss: 4.8523
  Batch 6380/10484, Loss: 5.0954
  Batch 6390/10484, Loss: 5.0998
  Batch 6400/10484, Loss: 5.5070
  Batch 6410/10484, Loss: 5.4043
  Batch 6420/10484, Loss: 5.3619
  Batch 6430/10484, Loss: 5.2690
  Batch 6440/10484, Loss: 5.1553
  Batch 6450/10484, Loss: 5.1384
  Batch 6460/10484, Loss: 5.2552
  Batch 6470/10484, Loss: 5.1456
  Batch 6480/10484, Loss: 5.2797
  Batch 6490/10484, Loss: 5.3516
  Batch 6500/10484, Loss: 4.7562
  Batch 6510/10484, Loss: 5.1741
  Batch 6520/10484, Loss: 5.4028
  Batch 6530/10484, Loss: 4.9200
  Batch 6540/10484, Loss: 5.0438
  Batch 6550/10484, Loss: 5.0654
  Batch 6560/10484, Loss: 4.9597
  Batch 6570/10484, Loss: 5.4386
  Batch 6580/10484, Loss: 5.5622
  Batch 6590/10484, Loss: 5.5573
  Batch 6600/10484, Loss: 5.0432
  Batch 6610/10484, Loss: 5.6965
  Batch 6620/10484, Loss: 5.3156
  Batch 6630/10484, Loss: 5.1417
  Batch 6640/10484, Loss: 5.2159
  Batch 6650/10484, Loss: 4.6025
  Batch 6660/10484, Loss: 4.9245
  Batch 6670/10484, Loss: 5.0155
  Batch 6680/10484, Loss: 4.8047
  Batch 6690/10484, Loss: 5.1747
  Batch 6700/10484, Loss: 5.1920
  Batch 6710/10484, Loss: 4.8941
  Batch 6720/10484, Loss: 5.5041
  Batch 6730/10484, Loss: 5.6292
  Batch 6740/10484, Loss: 4.9975
  Batch 6750/10484, Loss: 5.4856
  Batch 6760/10484, Loss: 5.5588
  Batch 6770/10484, Loss: 5.4401
  Batch 6780/10484, Loss: 5.4734
  Batch 6790/10484, Loss: 5.1506
  Batch 6800/10484, Loss: 5.5852
  Batch 6810/10484, Loss: 5.4580
  Batch 6820/10484, Loss: 5.0069
  Batch 6830/10484, Loss: 5.3325
  Batch 6840/10484, Loss: 5.5183
  Batch 6850/10484, Loss: 5.0553
  Batch 6860/10484, Loss: 5.2508
  Batch 6870/10484, Loss: 5.4492
  Batch 6880/10484, Loss: 5.2064
  Batch 6890/10484, Loss: 4.8931
  Batch 6900/10484, Loss: 5.0648
  Batch 6910/10484, Loss: 5.2212
  Batch 6920/10484, Loss: 5.3362
  Batch 6930/10484, Loss: 5.3898
  Batch 6940/10484, Loss: 5.0397
  Batch 6950/10484, Loss: 5.0394
  Batch 6960/10484, Loss: 4.6224
  Batch 6970/10484, Loss: 5.1084
  Batch 6980/10484, Loss: 5.6731
  Batch 6990/10484, Loss: 5.3600
  Batch 7000/10484, Loss: 5.8847
  Batch 7010/10484, Loss: 5.0336
  Batch 7020/10484, Loss: 5.8420
  Batch 7030/10484, Loss: 5.4280
  Batch 7040/10484, Loss: 5.1244
  Batch 7050/10484, Loss: 5.5520
  Batch 7060/10484, Loss: 5.3927
  Batch 7070/10484, Loss: 4.4241
  Batch 7080/10484, Loss: 5.6344
  Batch 7090/10484, Loss: 5.3922
  Batch 7100/10484, Loss: 4.5556
  Batch 7110/10484, Loss: 5.4291
  Batch 7120/10484, Loss: 4.7347
  Batch 7130/10484, Loss: 5.3715
  Batch 7140/10484, Loss: 5.2899
  Batch 7150/10484, Loss: 5.7535
  Batch 7160/10484, Loss: 5.4560
  Batch 7170/10484, Loss: 4.8655
  Batch 7180/10484, Loss: 5.1220
  Batch 7190/10484, Loss: 5.7233
  Batch 7200/10484, Loss: 5.7792
  Batch 7210/10484, Loss: 5.2206
  Batch 7220/10484, Loss: 5.4867
  Batch 7230/10484, Loss: 4.8722
  Batch 7240/10484, Loss: 5.3340
  Batch 7250/10484, Loss: 5.4736
  Batch 7260/10484, Loss: 4.8401
  Batch 7270/10484, Loss: 5.0813
  Batch 7280/10484, Loss: 5.1300
  Batch 7290/10484, Loss: 5.3157
  Batch 7300/10484, Loss: 5.1132
  Batch 7310/10484, Loss: 4.9278
  Batch 7320/10484, Loss: 5.3533
  Batch 7330/10484, Loss: 5.2832
  Batch 7340/10484, Loss: 5.0619
  Batch 7350/10484, Loss: 5.1151
  Batch 7360/10484, Loss: 5.1370
  Batch 7370/10484, Loss: 4.9516
  Batch 7380/10484, Loss: 5.1177
  Batch 7390/10484, Loss: 5.2513
  Batch 7400/10484, Loss: 4.5245
  Batch 7410/10484, Loss: 5.2788
  Batch 7420/10484, Loss: 5.5473
  Batch 7430/10484, Loss: 5.3463
  Batch 7440/10484, Loss: 5.4112
  Batch 7450/10484, Loss: 5.5316
  Batch 7460/10484, Loss: 4.8878
  Batch 7470/10484, Loss: 5.2232
  Batch 7480/10484, Loss: 5.0057
  Batch 7490/10484, Loss: 5.3965
  Batch 7500/10484, Loss: 5.2121
  Batch 7510/10484, Loss: 4.6156
  Batch 7520/10484, Loss: 5.2791
  Batch 7530/10484, Loss: 5.3727
  Batch 7540/10484, Loss: 5.6131
  Batch 7550/10484, Loss: 5.0135
  Batch 7560/10484, Loss: 5.2333
  Batch 7570/10484, Loss: 4.9369
  Batch 7580/10484, Loss: 5.1309
  Batch 7590/10484, Loss: 5.0815
  Batch 7600/10484, Loss: 5.3471
  Batch 7610/10484, Loss: 4.9326
  Batch 7620/10484, Loss: 5.3154
  Batch 7630/10484, Loss: 4.8012
  Batch 7640/10484, Loss: 5.1351
  Batch 7650/10484, Loss: 5.3430
  Batch 7660/10484, Loss: 5.5812
  Batch 7670/10484, Loss: 5.2095
  Batch 7680/10484, Loss: 4.9489
  Batch 7690/10484, Loss: 5.5600
  Batch 7700/10484, Loss: 5.1564
  Batch 7710/10484, Loss: 5.8124
  Batch 7720/10484, Loss: 5.0618
  Batch 7730/10484, Loss: 4.8287
  Batch 7740/10484, Loss: 5.3091
  Batch 7750/10484, Loss: 5.1092
  Batch 7760/10484, Loss: 5.0481
  Batch 7770/10484, Loss: 5.2135
  Batch 7780/10484, Loss: 4.8295
  Batch 7790/10484, Loss: 4.9755
  Batch 7800/10484, Loss: 5.4785
  Batch 7810/10484, Loss: 5.0392
  Batch 7820/10484, Loss: 4.9562
  Batch 7830/10484, Loss: 5.5598
  Batch 7840/10484, Loss: 4.7208
  Batch 7850/10484, Loss: 5.1502
  Batch 7860/10484, Loss: 5.3375
  Batch 7870/10484, Loss: 5.4608
  Batch 7880/10484, Loss: 5.3913
  Batch 7890/10484, Loss: 5.6276
  Batch 7900/10484, Loss: 5.5826
  Batch 7910/10484, Loss: 5.5593
  Batch 7920/10484, Loss: 5.4576
  Batch 7930/10484, Loss: 5.0345
  Batch 7940/10484, Loss: 5.5104
  Batch 7950/10484, Loss: 4.7456
  Batch 7960/10484, Loss: 5.0589
  Batch 7970/10484, Loss: 5.0416
  Batch 7980/10484, Loss: 5.2353
  Batch 7990/10484, Loss: 5.3591
  Batch 8000/10484, Loss: 4.8417
  Batch 8010/10484, Loss: 5.3193
  Batch 8020/10484, Loss: 5.1995
  Batch 8030/10484, Loss: 5.2743
  Batch 8040/10484, Loss: 4.9912
  Batch 8050/10484, Loss: 5.5489
  Batch 8060/10484, Loss: 5.2328
  Batch 8070/10484, Loss: 4.9600
  Batch 8080/10484, Loss: 5.0112
  Batch 8090/10484, Loss: 5.5662
  Batch 8100/10484, Loss: 5.3184
  Batch 8110/10484, Loss: 4.9683
  Batch 8120/10484, Loss: 4.9476
  Batch 8130/10484, Loss: 5.3219
  Batch 8140/10484, Loss: 5.2692
  Batch 8150/10484, Loss: 4.8766
  Batch 8160/10484, Loss: 5.3277
  Batch 8170/10484, Loss: 5.5738
  Batch 8180/10484, Loss: 5.2373
  Batch 8190/10484, Loss: 4.8682
  Batch 8200/10484, Loss: 5.0646
  Batch 8210/10484, Loss: 4.7584
  Batch 8220/10484, Loss: 4.9349
  Batch 8230/10484, Loss: 5.4062
  Batch 8240/10484, Loss: 5.2909
  Batch 8250/10484, Loss: 5.2328
  Batch 8260/10484, Loss: 4.8680
  Batch 8270/10484, Loss: 5.4351
  Batch 8280/10484, Loss: 4.6803
  Batch 8290/10484, Loss: 4.9042
  Batch 8300/10484, Loss: 5.2661
  Batch 8310/10484, Loss: 5.3244
  Batch 8320/10484, Loss: 4.9184
  Batch 8330/10484, Loss: 4.8909
  Batch 8340/10484, Loss: 5.2927
  Batch 8350/10484, Loss: 4.6422
  Batch 8360/10484, Loss: 4.5994
  Batch 8370/10484, Loss: 5.0083
  Batch 8380/10484, Loss: 5.4235
  Batch 8390/10484, Loss: 4.5878
  Batch 8400/10484, Loss: 5.6400
  Batch 8410/10484, Loss: 5.2187
  Batch 8420/10484, Loss: 5.0456
  Batch 8430/10484, Loss: 5.0700
  Batch 8440/10484, Loss: 5.2562
  Batch 8450/10484, Loss: 5.5372
  Batch 8460/10484, Loss: 4.7745
  Batch 8470/10484, Loss: 5.4570
  Batch 8480/10484, Loss: 4.7452
  Batch 8490/10484, Loss: 5.0065
  Batch 8500/10484, Loss: 5.4856
  Batch 8510/10484, Loss: 4.9735
  Batch 8520/10484, Loss: 5.4327
  Batch 8530/10484, Loss: 5.5775
  Batch 8540/10484, Loss: 5.1932
  Batch 8550/10484, Loss: 5.5216
  Batch 8560/10484, Loss: 5.1147
  Batch 8570/10484, Loss: 5.3520
  Batch 8580/10484, Loss: 5.0351
  Batch 8590/10484, Loss: 5.5509
  Batch 8600/10484, Loss: 4.8994
  Batch 8610/10484, Loss: 5.5428
  Batch 8620/10484, Loss: 5.2048
  Batch 8630/10484, Loss: 4.6821
  Batch 8640/10484, Loss: 5.3266
  Batch 8650/10484, Loss: 4.9463
  Batch 8660/10484, Loss: 5.1038
  Batch 8670/10484, Loss: 5.0726
  Batch 8680/10484, Loss: 5.1746
  Batch 8690/10484, Loss: 4.6766
  Batch 8700/10484, Loss: 5.3096
  Batch 8710/10484, Loss: 5.6905
  Batch 8720/10484, Loss: 5.8105
  Batch 8730/10484, Loss: 5.5412
  Batch 8740/10484, Loss: 5.3619
  Batch 8750/10484, Loss: 5.7079
  Batch 8760/10484, Loss: 5.7452
  Batch 8770/10484, Loss: 4.5610
  Batch 8780/10484, Loss: 5.1040
  Batch 8790/10484, Loss: 5.4399
  Batch 8800/10484, Loss: 5.3144
  Batch 8810/10484, Loss: 5.0066
  Batch 8820/10484, Loss: 5.0881
  Batch 8830/10484, Loss: 5.0594
  Batch 8840/10484, Loss: 5.3001
  Batch 8850/10484, Loss: 5.4703
  Batch 8860/10484, Loss: 4.8274
  Batch 8870/10484, Loss: 5.4782
  Batch 8880/10484, Loss: 5.2970
  Batch 8890/10484, Loss: 5.4111
  Batch 8900/10484, Loss: 5.4381
  Batch 8910/10484, Loss: 4.7123
  Batch 8920/10484, Loss: 4.8526
  Batch 8930/10484, Loss: 5.3922
  Batch 8940/10484, Loss: 5.0025
  Batch 8950/10484, Loss: 4.6555
  Batch 8960/10484, Loss: 5.4374
  Batch 8970/10484, Loss: 5.0775
  Batch 8980/10484, Loss: 5.5062
  Batch 8990/10484, Loss: 5.3523
  Batch 9000/10484, Loss: 4.8244
  Batch 9010/10484, Loss: 5.1027
  Batch 9020/10484, Loss: 4.7556
  Batch 9030/10484, Loss: 4.9825
  Batch 9040/10484, Loss: 4.9506
  Batch 9050/10484, Loss: 4.6540
  Batch 9060/10484, Loss: 5.1382
  Batch 9070/10484, Loss: 5.4189
  Batch 9080/10484, Loss: 4.3536
  Batch 9090/10484, Loss: 5.2427
  Batch 9100/10484, Loss: 5.0807
  Batch 9110/10484, Loss: 5.0007
  Batch 9120/10484, Loss: 4.5602
  Batch 9130/10484, Loss: 4.9635
  Batch 9140/10484, Loss: 5.3423
  Batch 9150/10484, Loss: 5.1839
  Batch 9160/10484, Loss: 4.7877
  Batch 9170/10484, Loss: 5.2121
  Batch 9180/10484, Loss: 5.3625
  Batch 9190/10484, Loss: 5.5545
  Batch 9200/10484, Loss: 5.0158
  Batch 9210/10484, Loss: 5.0565
  Batch 9220/10484, Loss: 5.0479
  Batch 9230/10484, Loss: 5.3672
  Batch 9240/10484, Loss: 5.9599
  Batch 9250/10484, Loss: 4.5385
  Batch 9260/10484, Loss: 5.0384
  Batch 9270/10484, Loss: 5.5811
  Batch 9280/10484, Loss: 4.9987
  Batch 9290/10484, Loss: 4.1962
  Batch 9300/10484, Loss: 5.7015
  Batch 9310/10484, Loss: 4.9376
  Batch 9320/10484, Loss: 5.3315
  Batch 9330/10484, Loss: 5.3687
  Batch 9340/10484, Loss: 5.3243
  Batch 9350/10484, Loss: 4.7600
  Batch 9360/10484, Loss: 4.7625
  Batch 9370/10484, Loss: 5.4787
  Batch 9380/10484, Loss: 5.0300
  Batch 9390/10484, Loss: 4.9630
  Batch 9400/10484, Loss: 4.8554
  Batch 9410/10484, Loss: 4.9763
  Batch 9420/10484, Loss: 5.2901
  Batch 9430/10484, Loss: 5.4709
  Batch 9440/10484, Loss: 5.1300
  Batch 9450/10484, Loss: 5.6965
  Batch 9460/10484, Loss: 5.3777
  Batch 9470/10484, Loss: 5.3861
  Batch 9480/10484, Loss: 4.9884
  Batch 9490/10484, Loss: 4.6552
  Batch 9500/10484, Loss: 5.0988
  Batch 9510/10484, Loss: 5.7007
  Batch 9520/10484, Loss: 4.9252
  Batch 9530/10484, Loss: 4.6619
  Batch 9540/10484, Loss: 4.8542
  Batch 9550/10484, Loss: 5.1557
  Batch 9560/10484, Loss: 4.6811
  Batch 9570/10484, Loss: 4.6793
  Batch 9580/10484, Loss: 5.5324
  Batch 9590/10484, Loss: 4.8154
  Batch 9600/10484, Loss: 5.2697
  Batch 9610/10484, Loss: 5.2520
  Batch 9620/10484, Loss: 4.9539
  Batch 9630/10484, Loss: 4.8354
  Batch 9640/10484, Loss: 5.2518
  Batch 9650/10484, Loss: 5.2379
  Batch 9660/10484, Loss: 5.0122
  Batch 9670/10484, Loss: 5.0395
  Batch 9680/10484, Loss: 5.1342
  Batch 9690/10484, Loss: 4.4398
  Batch 9700/10484, Loss: 5.2964
  Batch 9710/10484, Loss: 5.8593
  Batch 9720/10484, Loss: 5.0120
  Batch 9730/10484, Loss: 5.3810
  Batch 9740/10484, Loss: 5.4784
  Batch 9750/10484, Loss: 4.8452
  Batch 9760/10484, Loss: 5.2583
  Batch 9770/10484, Loss: 4.5374
  Batch 9780/10484, Loss: 5.1932
  Batch 9790/10484, Loss: 4.7498
  Batch 9800/10484, Loss: 4.9852
  Batch 9810/10484, Loss: 4.7207
  Batch 9820/10484, Loss: 5.1192
  Batch 9830/10484, Loss: 4.5503
  Batch 9840/10484, Loss: 4.9280
  Batch 9850/10484, Loss: 5.2948
  Batch 9860/10484, Loss: 5.3971
  Batch 9870/10484, Loss: 5.1142
  Batch 9880/10484, Loss: 5.0534
  Batch 9890/10484, Loss: 4.7895
  Batch 9900/10484, Loss: 4.7727
  Batch 9910/10484, Loss: 5.2852
  Batch 9920/10484, Loss: 4.9991
  Batch 9930/10484, Loss: 5.0154
  Batch 9940/10484, Loss: 4.7196
  Batch 9950/10484, Loss: 5.1902
  Batch 9960/10484, Loss: 4.9976
  Batch 9970/10484, Loss: 5.3154
  Batch 9980/10484, Loss: 4.3320
  Batch 9990/10484, Loss: 4.5715
  Batch 10000/10484, Loss: 5.3150
  Batch 10010/10484, Loss: 4.5735
  Batch 10020/10484, Loss: 4.9673
  Batch 10030/10484, Loss: 4.5896
  Batch 10040/10484, Loss: 5.2377
  Batch 10050/10484, Loss: 4.8972
  Batch 10060/10484, Loss: 5.1035
  Batch 10070/10484, Loss: 4.4375
  Batch 10080/10484, Loss: 5.5171
  Batch 10090/10484, Loss: 4.6136
  Batch 10100/10484, Loss: 4.8349
  Batch 10110/10484, Loss: 5.2517
  Batch 10120/10484, Loss: 5.0921
  Batch 10130/10484, Loss: 5.5703
  Batch 10140/10484, Loss: 4.9993
  Batch 10150/10484, Loss: 4.9419
  Batch 10160/10484, Loss: 5.5155
  Batch 10170/10484, Loss: 4.9588
  Batch 10180/10484, Loss: 5.5171
  Batch 10190/10484, Loss: 4.5165
  Batch 10200/10484, Loss: 5.5632
  Batch 10210/10484, Loss: 4.6745
  Batch 10220/10484, Loss: 4.7820
  Batch 10230/10484, Loss: 5.0501
  Batch 10240/10484, Loss: 4.7177
  Batch 10250/10484, Loss: 5.0330
  Batch 10260/10484, Loss: 5.0482
  Batch 10270/10484, Loss: 5.3380
  Batch 10280/10484, Loss: 5.3846
  Batch 10290/10484, Loss: 4.7199
  Batch 10300/10484, Loss: 5.1115
  Batch 10310/10484, Loss: 4.9739
  Batch 10320/10484, Loss: 4.5094
  Batch 10330/10484, Loss: 4.8403
  Batch 10340/10484, Loss: 5.9957
  Batch 10350/10484, Loss: 5.5052
  Batch 10360/10484, Loss: 5.3578
  Batch 10370/10484, Loss: 5.1094
  Batch 10380/10484, Loss: 5.0573
  Batch 10390/10484, Loss: 5.3686
  Batch 10400/10484, Loss: 5.1113
  Batch 10410/10484, Loss: 5.6529
  Batch 10420/10484, Loss: 4.9903
  Batch 10430/10484, Loss: 4.9669
  Batch 10440/10484, Loss: 4.9549
  Batch 10450/10484, Loss: 5.1820
  Batch 10460/10484, Loss: 5.3656
  Batch 10470/10484, Loss: 4.8572
  Batch 10480/10484, Loss: 4.8677

  Train Loss: 5.4412
  Val Loss: 6.6599
  Time: 31m 41s
  ✓ Saved checkpoint to /scratch/aitordiez/News2Stock/simple_seq2seq_fasttext/checkpoints/checkpoint_epoch_1.pt
  ✓ New best model saved! (val_loss: 6.6599)

Epoch 2/20
----------------------------------------
  Batch 10/10484, Loss: 4.3048
  Batch 20/10484, Loss: 5.0827
  Batch 30/10484, Loss: 4.7486
  Batch 40/10484, Loss: 4.9006
  Batch 50/10484, Loss: 5.3423
  Batch 60/10484, Loss: 4.8635
  Batch 70/10484, Loss: 5.1642
  Batch 80/10484, Loss: 4.3176
  Batch 90/10484, Loss: 4.6957
  Batch 100/10484, Loss: 5.0722
  Batch 110/10484, Loss: 4.9689
  Batch 120/10484, Loss: 4.7388
  Batch 130/10484, Loss: 4.7781
  Batch 140/10484, Loss: 4.8366
  Batch 150/10484, Loss: 4.8390
  Batch 160/10484, Loss: 4.6635
  Batch 170/10484, Loss: 5.1952
  Batch 180/10484, Loss: 4.6118
  Batch 190/10484, Loss: 4.7827
  Batch 200/10484, Loss: 4.6378
  Batch 210/10484, Loss: 4.3926
  Batch 220/10484, Loss: 4.8731
  Batch 230/10484, Loss: 5.1657
  Batch 240/10484, Loss: 5.2563
  Batch 250/10484, Loss: 5.2281
  Batch 260/10484, Loss: 4.6183
  Batch 270/10484, Loss: 4.3096
  Batch 280/10484, Loss: 5.4329
  Batch 290/10484, Loss: 5.1533
  Batch 300/10484, Loss: 4.9154
  Batch 310/10484, Loss: 4.5734
  Batch 320/10484, Loss: 4.8404
  Batch 330/10484, Loss: 5.0801
  Batch 340/10484, Loss: 5.4258
  Batch 350/10484, Loss: 4.7633
  Batch 360/10484, Loss: 4.9886
  Batch 370/10484, Loss: 4.3812
  Batch 380/10484, Loss: 5.1411
  Batch 390/10484, Loss: 4.6427
  Batch 400/10484, Loss: 4.4838
  Batch 410/10484, Loss: 4.6039
  Batch 420/10484, Loss: 4.7933
  Batch 430/10484, Loss: 5.1429
  Batch 440/10484, Loss: 4.9949
  Batch 450/10484, Loss: 5.1288
  Batch 460/10484, Loss: 4.8075
  Batch 470/10484, Loss: 4.6888
  Batch 480/10484, Loss: 5.4738
  Batch 490/10484, Loss: 4.6627
  Batch 500/10484, Loss: 4.7964
  Batch 510/10484, Loss: 5.1877
  Batch 520/10484, Loss: 4.5956
  Batch 530/10484, Loss: 4.8520
  Batch 540/10484, Loss: 4.6466
  Batch 550/10484, Loss: 4.7501
  Batch 560/10484, Loss: 4.5695
  Batch 570/10484, Loss: 4.7943
  Batch 580/10484, Loss: 4.8396
  Batch 590/10484, Loss: 4.6354
  Batch 600/10484, Loss: 4.3023
  Batch 610/10484, Loss: 5.2078
  Batch 620/10484, Loss: 4.4230
  Batch 630/10484, Loss: 4.7773
  Batch 640/10484, Loss: 4.8148
  Batch 650/10484, Loss: 4.9164
  Batch 660/10484, Loss: 5.0031
  Batch 670/10484, Loss: 5.1011
  Batch 680/10484, Loss: 5.4238
  Batch 690/10484, Loss: 4.9188
  Batch 700/10484, Loss: 5.1255
  Batch 710/10484, Loss: 4.6060
  Batch 720/10484, Loss: 4.6361
  Batch 730/10484, Loss: 4.8927
  Batch 740/10484, Loss: 4.6993
  Batch 750/10484, Loss: 5.2673
  Batch 760/10484, Loss: 5.4821
  Batch 770/10484, Loss: 5.0170
  Batch 780/10484, Loss: 4.6679
  Batch 790/10484, Loss: 5.1476
  Batch 800/10484, Loss: 4.9430
  Batch 810/10484, Loss: 4.7625
  Batch 820/10484, Loss: 5.1538
  Batch 830/10484, Loss: 4.8347
  Batch 840/10484, Loss: 5.1500
  Batch 850/10484, Loss: 5.1484
  Batch 860/10484, Loss: 4.9878
  Batch 870/10484, Loss: 4.6529
  Batch 880/10484, Loss: 4.8910
  Batch 890/10484, Loss: 4.6572
  Batch 900/10484, Loss: 4.7447
  Batch 910/10484, Loss: 5.3413
  Batch 920/10484, Loss: 4.9985
  Batch 930/10484, Loss: 5.1736
  Batch 940/10484, Loss: 4.4060
  Batch 950/10484, Loss: 5.1784
  Batch 960/10484, Loss: 4.6554
  Batch 970/10484, Loss: 4.6956
  Batch 980/10484, Loss: 4.8997
  Batch 990/10484, Loss: 4.5153
  Batch 1000/10484, Loss: 4.5001
  Batch 1010/10484, Loss: 5.4640
  Batch 1020/10484, Loss: 4.5619
  Batch 1030/10484, Loss: 5.1953
  Batch 1040/10484, Loss: 5.4293
  Batch 1050/10484, Loss: 5.1080
  Batch 1060/10484, Loss: 4.6432
  Batch 1070/10484, Loss: 5.0162
  Batch 1080/10484, Loss: 5.1436
  Batch 1090/10484, Loss: 4.3954
  Batch 1100/10484, Loss: 4.6951
  Batch 1110/10484, Loss: 5.2328
  Batch 1120/10484, Loss: 5.4241
  Batch 1130/10484, Loss: 4.9340
  Batch 1140/10484, Loss: 4.5846
  Batch 1150/10484, Loss: 5.0014
  Batch 1160/10484, Loss: 4.9304
  Batch 1170/10484, Loss: 4.8956
  Batch 1180/10484, Loss: 4.9486
  Batch 1190/10484, Loss: 4.5026
  Batch 1200/10484, Loss: 4.4554
  Batch 1210/10484, Loss: 4.4686
  Batch 1220/10484, Loss: 4.5248
  Batch 1230/10484, Loss: 4.7154
  Batch 1240/10484, Loss: 5.1817
  Batch 1250/10484, Loss: 4.7307
  Batch 1260/10484, Loss: 4.9041
  Batch 1270/10484, Loss: 4.7872
  Batch 1280/10484, Loss: 5.1472
  Batch 1290/10484, Loss: 5.1732
  Batch 1300/10484, Loss: 4.7872
  Batch 1310/10484, Loss: 5.3798
  Batch 1320/10484, Loss: 5.4825
  Batch 1330/10484, Loss: 4.9393
  Batch 1340/10484, Loss: 4.9954
  Batch 1350/10484, Loss: 5.0627
  Batch 1360/10484, Loss: 4.9330
  Batch 1370/10484, Loss: 4.8034
  Batch 1380/10484, Loss: 4.5507
  Batch 1390/10484, Loss: 4.9519
  Batch 1400/10484, Loss: 5.4769
  Batch 1410/10484, Loss: 4.8551
  Batch 1420/10484, Loss: 4.0531
  Batch 1430/10484, Loss: 4.5557
  Batch 1440/10484, Loss: 4.8790
  Batch 1450/10484, Loss: 4.7405
  Batch 1460/10484, Loss: 4.7059
  Batch 1470/10484, Loss: 5.5129
  Batch 1480/10484, Loss: 4.8471
  Batch 1490/10484, Loss: 4.8803
  Batch 1500/10484, Loss: 4.3824
  Batch 1510/10484, Loss: 4.0655
  Batch 1520/10484, Loss: 4.8752
  Batch 1530/10484, Loss: 5.3377
  Batch 1540/10484, Loss: 5.0527
  Batch 1550/10484, Loss: 4.7498
  Batch 1560/10484, Loss: 4.6862
  Batch 1570/10484, Loss: 4.7721
  Batch 1580/10484, Loss: 5.3158
  Batch 1590/10484, Loss: 5.1738
  Batch 1600/10484, Loss: 4.5422
  Batch 1610/10484, Loss: 5.0481
  Batch 1620/10484, Loss: 4.8826
  Batch 1630/10484, Loss: 4.9698
  Batch 1640/10484, Loss: 5.2108
  Batch 1650/10484, Loss: 4.7932
  Batch 1660/10484, Loss: 4.8990
  Batch 1670/10484, Loss: 4.9975
  Batch 1680/10484, Loss: 4.9410
  Batch 1690/10484, Loss: 4.8285
  Batch 1700/10484, Loss: 4.7625
  Batch 1710/10484, Loss: 5.3330
  Batch 1720/10484, Loss: 4.4805
  Batch 1730/10484, Loss: 4.9292
  Batch 1740/10484, Loss: 4.9336
  Batch 1750/10484, Loss: 5.1324
  Batch 1760/10484, Loss: 4.9606
  Batch 1770/10484, Loss: 4.9591
  Batch 1780/10484, Loss: 5.1540
  Batch 1790/10484, Loss: 4.6014
  Batch 1800/10484, Loss: 5.1325
  Batch 1810/10484, Loss: 5.3322
  Batch 1820/10484, Loss: 4.3694
  Batch 1830/10484, Loss: 4.7366
  Batch 1840/10484, Loss: 5.0614
  Batch 1850/10484, Loss: 4.4880
  Batch 1860/10484, Loss: 4.4213
  Batch 1870/10484, Loss: 5.5313
  Batch 1880/10484, Loss: 4.7680
  Batch 1890/10484, Loss: 4.7404
  Batch 1900/10484, Loss: 5.1757
  Batch 1910/10484, Loss: 4.7882
  Batch 1920/10484, Loss: 5.0367
  Batch 1930/10484, Loss: 4.3048
  Batch 1940/10484, Loss: 4.6037
  Batch 1950/10484, Loss: 5.0906
  Batch 1960/10484, Loss: 5.3568
  Batch 1970/10484, Loss: 4.4898
  Batch 1980/10484, Loss: 4.5957
  Batch 1990/10484, Loss: 4.4953
  Batch 2000/10484, Loss: 4.8815
  Batch 2010/10484, Loss: 4.3490
  Batch 2020/10484, Loss: 4.8593
  Batch 2030/10484, Loss: 4.8391
  Batch 2040/10484, Loss: 4.9341
  Batch 2050/10484, Loss: 4.5831
  Batch 2060/10484, Loss: 4.8330
  Batch 2070/10484, Loss: 4.7190
  Batch 2080/10484, Loss: 4.8063
  Batch 2090/10484, Loss: 5.2189
  Batch 2100/10484, Loss: 4.5741
  Batch 2110/10484, Loss: 4.9098
  Batch 2120/10484, Loss: 5.2089
  Batch 2130/10484, Loss: 4.1964
  Batch 2140/10484, Loss: 4.5453
  Batch 2150/10484, Loss: 4.1781
  Batch 2160/10484, Loss: 4.8455
  Batch 2170/10484, Loss: 5.2633
  Batch 2180/10484, Loss: 4.3568
  Batch 2190/10484, Loss: 4.9356
  Batch 2200/10484, Loss: 4.6772
  Batch 2210/10484, Loss: 4.7229
  Batch 2220/10484, Loss: 5.2505
  Batch 2230/10484, Loss: 5.0144
  Batch 2240/10484, Loss: 5.1009
  Batch 2250/10484, Loss: 5.1222
  Batch 2260/10484, Loss: 4.5403
  Batch 2270/10484, Loss: 5.3833
  Batch 2280/10484, Loss: 4.8949
  Batch 2290/10484, Loss: 4.9451
  Batch 2300/10484, Loss: 4.9906
  Batch 2310/10484, Loss: 5.3590
  Batch 2320/10484, Loss: 4.2228
  Batch 2330/10484, Loss: 4.3921
  Batch 2340/10484, Loss: 4.6269
  Batch 2350/10484, Loss: 5.4347
  Batch 2360/10484, Loss: 4.4150
  Batch 2370/10484, Loss: 4.7107
  Batch 2380/10484, Loss: 4.9733
  Batch 2390/10484, Loss: 4.9767
  Batch 2400/10484, Loss: 5.2857
  Batch 2410/10484, Loss: 5.2622
  Batch 2420/10484, Loss: 5.5341
  Batch 2430/10484, Loss: 4.7516
  Batch 2440/10484, Loss: 4.4606
  Batch 2450/10484, Loss: 5.2773
  Batch 2460/10484, Loss: 4.6140
  Batch 2470/10484, Loss: 4.8901
  Batch 2480/10484, Loss: 4.9027
  Batch 2490/10484, Loss: 5.0472
  Batch 2500/10484, Loss: 5.1420
  Batch 2510/10484, Loss: 4.9468
  Batch 2520/10484, Loss: 5.1264
  Batch 2530/10484, Loss: 4.6693
  Batch 2540/10484, Loss: 5.3987
  Batch 2550/10484, Loss: 4.3062
  Batch 2560/10484, Loss: 5.0695
  Batch 2570/10484, Loss: 5.1266
  Batch 2580/10484, Loss: 3.8545
  Batch 2590/10484, Loss: 3.8762
  Batch 2600/10484, Loss: 5.1738
  Batch 2610/10484, Loss: 4.5428
  Batch 2620/10484, Loss: 4.6418
  Batch 2630/10484, Loss: 4.3392
  Batch 2640/10484, Loss: 4.9155
  Batch 2650/10484, Loss: 4.7717
  Batch 2660/10484, Loss: 4.4700
  Batch 2670/10484, Loss: 4.8656
  Batch 2680/10484, Loss: 5.2470
  Batch 2690/10484, Loss: 4.8264
  Batch 2700/10484, Loss: 5.2200
  Batch 2710/10484, Loss: 4.9485
  Batch 2720/10484, Loss: 5.0154
  Batch 2730/10484, Loss: 4.5411
  Batch 2740/10484, Loss: 4.8585
  Batch 2750/10484, Loss: 5.0916
  Batch 2760/10484, Loss: 4.4241
  Batch 2770/10484, Loss: 4.7757
  Batch 2780/10484, Loss: 4.8857
  Batch 2790/10484, Loss: 4.7242
  Batch 2800/10484, Loss: 4.3877
  Batch 2810/10484, Loss: 4.5829
  Batch 2820/10484, Loss: 4.2796
  Batch 2830/10484, Loss: 4.8699
  Batch 2840/10484, Loss: 5.4416
  Batch 2850/10484, Loss: 4.4575
  Batch 2860/10484, Loss: 5.0155
  Batch 2870/10484, Loss: 4.9919
  Batch 2880/10484, Loss: 4.7303
  Batch 2890/10484, Loss: 4.7908
  Batch 2900/10484, Loss: 5.1826
  Batch 2910/10484, Loss: 4.8445
  Batch 2920/10484, Loss: 4.8524
  Batch 2930/10484, Loss: 4.7507
  Batch 2940/10484, Loss: 5.5363
  Batch 2950/10484, Loss: 4.6178
  Batch 2960/10484, Loss: 4.6411
  Batch 2970/10484, Loss: 5.0082
  Batch 2980/10484, Loss: 4.8780
  Batch 2990/10484, Loss: 5.1031
  Batch 3000/10484, Loss: 4.9034
  Batch 3010/10484, Loss: 5.2268
  Batch 3020/10484, Loss: 5.1204
  Batch 3030/10484, Loss: 4.9999
  Batch 3040/10484, Loss: 4.7358
  Batch 3050/10484, Loss: 4.1682
  Batch 3060/10484, Loss: 5.5207
  Batch 3070/10484, Loss: 4.8488
  Batch 3080/10484, Loss: 4.3645
  Batch 3090/10484, Loss: 4.6367
  Batch 3100/10484, Loss: 4.6397
  Batch 3110/10484, Loss: 4.6215
  Batch 3120/10484, Loss: 4.2371
  Batch 3130/10484, Loss: 4.1591
  Batch 3140/10484, Loss: 4.6238
  Batch 3150/10484, Loss: 5.0113
  Batch 3160/10484, Loss: 5.1258
  Batch 3170/10484, Loss: 5.0452
  Batch 3180/10484, Loss: 4.2387
  Batch 3190/10484, Loss: 5.4594
  Batch 3200/10484, Loss: 5.0881
  Batch 3210/10484, Loss: 4.3632
  Batch 3220/10484, Loss: 5.0177
  Batch 3230/10484, Loss: 4.8946
  Batch 3240/10484, Loss: 4.8874
  Batch 3250/10484, Loss: 4.8719
  Batch 3260/10484, Loss: 4.3721
  Batch 3270/10484, Loss: 4.5728
  Batch 3280/10484, Loss: 4.8457
  Batch 3290/10484, Loss: 5.2251
  Batch 3300/10484, Loss: 4.7163
  Batch 3310/10484, Loss: 4.6554
  Batch 3320/10484, Loss: 4.6704
  Batch 3330/10484, Loss: 5.1442
  Batch 3340/10484, Loss: 5.1424
  Batch 3350/10484, Loss: 5.3125
  Batch 3360/10484, Loss: 4.8193
  Batch 3370/10484, Loss: 4.7251
  Batch 3380/10484, Loss: 4.9746
  Batch 3390/10484, Loss: 4.5438
  Batch 3400/10484, Loss: 4.4996
  Batch 3410/10484, Loss: 5.0516
  Batch 3420/10484, Loss: 5.0251
  Batch 3430/10484, Loss: 5.0078
  Batch 3440/10484, Loss: 5.2259
  Batch 3450/10484, Loss: 4.3330
  Batch 3460/10484, Loss: 5.1544
  Batch 3470/10484, Loss: 5.5321
  Batch 3480/10484, Loss: 4.8292
  Batch 3490/10484, Loss: 4.7964
  Batch 3500/10484, Loss: 5.3158
  Batch 3510/10484, Loss: 4.2687
  Batch 3520/10484, Loss: 4.9066
  Batch 3530/10484, Loss: 4.9306
  Batch 3540/10484, Loss: 4.8023
  Batch 3550/10484, Loss: 4.6850
  Batch 3560/10484, Loss: 5.0189
  Batch 3570/10484, Loss: 4.4873
  Batch 3580/10484, Loss: 5.1144
  Batch 3590/10484, Loss: 4.9241
  Batch 3600/10484, Loss: 5.0216
  Batch 3610/10484, Loss: 4.6712
  Batch 3620/10484, Loss: 4.4593
  Batch 3630/10484, Loss: 4.7721
  Batch 3640/10484, Loss: 5.0224
  Batch 3650/10484, Loss: 4.6354
  Batch 3660/10484, Loss: 4.4122
  Batch 3670/10484, Loss: 5.0778
  Batch 3680/10484, Loss: 4.7813
  Batch 3690/10484, Loss: 4.4416
  Batch 3700/10484, Loss: 4.2751
  Batch 3710/10484, Loss: 4.7393
  Batch 3720/10484, Loss: 4.8633
  Batch 3730/10484, Loss: 4.8195
  Batch 3740/10484, Loss: 5.2651
  Batch 3750/10484, Loss: 5.2119
  Batch 3760/10484, Loss: 4.7418
  Batch 3770/10484, Loss: 4.8742
  Batch 3780/10484, Loss: 5.1696
  Batch 3790/10484, Loss: 4.7416
  Batch 3800/10484, Loss: 4.8809
  Batch 3810/10484, Loss: 5.1837
  Batch 3820/10484, Loss: 4.8334
  Batch 3830/10484, Loss: 4.3818
  Batch 3840/10484, Loss: 4.7901
  Batch 3850/10484, Loss: 4.8831
  Batch 3860/10484, Loss: 4.3126
  Batch 3870/10484, Loss: 3.9905
  Batch 3880/10484, Loss: 4.4227
  Batch 3890/10484, Loss: 5.1877
  Batch 3900/10484, Loss: 5.0131
  Batch 3910/10484, Loss: 4.9154
  Batch 3920/10484, Loss: 4.6462
  Batch 3930/10484, Loss: 5.3388
  Batch 3940/10484, Loss: 4.8943
  Batch 3950/10484, Loss: 5.0442
  Batch 3960/10484, Loss: 4.7020
  Batch 3970/10484, Loss: 5.1934
  Batch 3980/10484, Loss: 4.8182
  Batch 3990/10484, Loss: 5.0897
  Batch 4000/10484, Loss: 5.3498
  Batch 4010/10484, Loss: 4.8167
  Batch 4020/10484, Loss: 3.8341
  Batch 4030/10484, Loss: 5.0904
  Batch 4040/10484, Loss: 4.8957
  Batch 4050/10484, Loss: 5.4383
  Batch 4060/10484, Loss: 4.6431
  Batch 4070/10484, Loss: 4.7465
  Batch 4080/10484, Loss: 4.6975
  Batch 4090/10484, Loss: 3.8302
  Batch 4100/10484, Loss: 4.6962
  Batch 4110/10484, Loss: 4.8226
  Batch 4120/10484, Loss: 4.7146
  Batch 4130/10484, Loss: 4.9170
  Batch 4140/10484, Loss: 4.3707
  Batch 4150/10484, Loss: 4.8876
  Batch 4160/10484, Loss: 4.6868
  Batch 4170/10484, Loss: 4.7582
  Batch 4180/10484, Loss: 4.5829
  Batch 4190/10484, Loss: 5.0459
  Batch 4200/10484, Loss: 4.7154
  Batch 4210/10484, Loss: 4.8496
  Batch 4220/10484, Loss: 4.6251
  Batch 4230/10484, Loss: 5.4176
  Batch 4240/10484, Loss: 4.9311
  Batch 4250/10484, Loss: 4.9830
  Batch 4260/10484, Loss: 4.5836
  Batch 4270/10484, Loss: 4.6894
  Batch 4280/10484, Loss: 4.5700
  Batch 4290/10484, Loss: 5.0165
  Batch 4300/10484, Loss: 4.8356
  Batch 4310/10484, Loss: 4.6488
  Batch 4320/10484, Loss: 4.2945
  Batch 4330/10484, Loss: 4.8685
  Batch 4340/10484, Loss: 4.7580
  Batch 4350/10484, Loss: 4.5577
  Batch 4360/10484, Loss: 4.6647
  Batch 4370/10484, Loss: 5.1156
  Batch 4380/10484, Loss: 4.6272
  Batch 4390/10484, Loss: 4.4185
  Batch 4400/10484, Loss: 5.0106
  Batch 4410/10484, Loss: 4.6954
  Batch 4420/10484, Loss: 4.4594
  Batch 4430/10484, Loss: 4.5670
  Batch 4440/10484, Loss: 5.2305
  Batch 4450/10484, Loss: 4.8066
  Batch 4460/10484, Loss: 5.2190
  Batch 4470/10484, Loss: 4.9426
  Batch 4480/10484, Loss: 4.9090
  Batch 4490/10484, Loss: 4.2257
  Batch 4500/10484, Loss: 4.9139
  Batch 4510/10484, Loss: 4.5154
  Batch 4520/10484, Loss: 5.2408
  Batch 4530/10484, Loss: 5.2749
  Batch 4540/10484, Loss: 4.4959
  Batch 4550/10484, Loss: 4.6573
  Batch 4560/10484, Loss: 5.0045
  Batch 4570/10484, Loss: 5.1583
  Batch 4580/10484, Loss: 4.8435
  Batch 4590/10484, Loss: 5.4969
  Batch 4600/10484, Loss: 4.6328
  Batch 4610/10484, Loss: 5.2039
  Batch 4620/10484, Loss: 4.5476
  Batch 4630/10484, Loss: 4.5742
  Batch 4640/10484, Loss: 4.9877
  Batch 4650/10484, Loss: 5.0887
  Batch 4660/10484, Loss: 4.6602
  Batch 4670/10484, Loss: 4.7493
  Batch 4680/10484, Loss: 5.1490
  Batch 4690/10484, Loss: 4.6441
  Batch 4700/10484, Loss: 4.4194
  Batch 4710/10484, Loss: 5.0039
  Batch 4720/10484, Loss: 4.5071
  Batch 4730/10484, Loss: 5.0617
  Batch 4740/10484, Loss: 4.8853
  Batch 4750/10484, Loss: 4.9722
  Batch 4760/10484, Loss: 4.4075
  Batch 4770/10484, Loss: 4.3172
  Batch 4780/10484, Loss: 4.8297
  Batch 4790/10484, Loss: 5.3027
  Batch 4800/10484, Loss: 4.8340
  Batch 4810/10484, Loss: 5.2443
  Batch 4820/10484, Loss: 4.8881
  Batch 4830/10484, Loss: 4.8938
  Batch 4840/10484, Loss: 4.4443
  Batch 4850/10484, Loss: 4.6097
  Batch 4860/10484, Loss: 4.4313
  Batch 4870/10484, Loss: 4.9342
  Batch 4880/10484, Loss: 5.0533
  Batch 4890/10484, Loss: 4.9947
  Batch 4900/10484, Loss: 5.1951
  Batch 4910/10484, Loss: 4.4775
  Batch 4920/10484, Loss: 4.4919
  Batch 4930/10484, Loss: 4.8452
  Batch 4940/10484, Loss: 4.3199
  Batch 4950/10484, Loss: 4.7056
  Batch 4960/10484, Loss: 4.0955
  Batch 4970/10484, Loss: 4.3960
  Batch 4980/10484, Loss: 4.3270
  Batch 4990/10484, Loss: 4.5784
  Batch 5000/10484, Loss: 4.8700
  Batch 5010/10484, Loss: 4.9236
  Batch 5020/10484, Loss: 4.9966
  Batch 5030/10484, Loss: 4.7187
  Batch 5040/10484, Loss: 4.6358
  Batch 5050/10484, Loss: 4.7297
  Batch 5060/10484, Loss: 4.8858
  Batch 5070/10484, Loss: 5.5834
  Batch 5080/10484, Loss: 4.8340
  Batch 5090/10484, Loss: 4.4458
  Batch 5100/10484, Loss: 4.7736
  Batch 5110/10484, Loss: 4.9984
  Batch 5120/10484, Loss: 4.9700
  Batch 5130/10484, Loss: 4.9149
  Batch 5140/10484, Loss: 4.9959
  Batch 5150/10484, Loss: 4.6393
  Batch 5160/10484, Loss: 4.5792
  Batch 5170/10484, Loss: 4.6953
  Batch 5180/10484, Loss: 4.1786
  Batch 5190/10484, Loss: 5.1329
  Batch 5200/10484, Loss: 5.2102
  Batch 5210/10484, Loss: 4.9716
  Batch 5220/10484, Loss: 4.4597
  Batch 5230/10484, Loss: 5.1021
  Batch 5240/10484, Loss: 4.4932
  Batch 5250/10484, Loss: 4.5145
  Batch 5260/10484, Loss: 4.7279
  Batch 5270/10484, Loss: 4.8715
  Batch 5280/10484, Loss: 4.7187
  Batch 5290/10484, Loss: 5.3419
  Batch 5300/10484, Loss: 4.7526
  Batch 5310/10484, Loss: 5.0121
  Batch 5320/10484, Loss: 5.2639
  Batch 5330/10484, Loss: 5.2133
  Batch 5340/10484, Loss: 4.9981
  Batch 5350/10484, Loss: 4.9785
  Batch 5360/10484, Loss: 4.6498
  Batch 5370/10484, Loss: 4.6921
  Batch 5380/10484, Loss: 4.4794
  Batch 5390/10484, Loss: 4.8221
  Batch 5400/10484, Loss: 4.7340
  Batch 5410/10484, Loss: 5.3670
  Batch 5420/10484, Loss: 5.1459
  Batch 5430/10484, Loss: 4.2482
  Batch 5440/10484, Loss: 5.0449
  Batch 5450/10484, Loss: 5.0887
  Batch 5460/10484, Loss: 4.9778
  Batch 5470/10484, Loss: 4.8282
  Batch 5480/10484, Loss: 5.0937
  Batch 5490/10484, Loss: 4.7789
  Batch 5500/10484, Loss: 4.6426
  Batch 5510/10484, Loss: 4.7582
  Batch 5520/10484, Loss: 4.1575
  Batch 5530/10484, Loss: 5.1344
  Batch 5540/10484, Loss: 4.9964
  Batch 5550/10484, Loss: 4.7754
  Batch 5560/10484, Loss: 5.4882
  Batch 5570/10484, Loss: 5.0844
  Batch 5580/10484, Loss: 4.7537
  Batch 5590/10484, Loss: 5.4191
  Batch 5600/10484, Loss: 5.0042
  Batch 5610/10484, Loss: 5.1262
  Batch 5620/10484, Loss: 5.2142
  Batch 5630/10484, Loss: 5.5736
  Batch 5640/10484, Loss: 4.3100
  Batch 5650/10484, Loss: 4.6592
  Batch 5660/10484, Loss: 4.8355
  Batch 5670/10484, Loss: 5.0622
  Batch 5680/10484, Loss: 4.1728
  Batch 5690/10484, Loss: 5.1124
  Batch 5700/10484, Loss: 5.0079
  Batch 5710/10484, Loss: 4.6057
  Batch 5720/10484, Loss: 4.7577
  Batch 5730/10484, Loss: 4.1870
  Batch 5740/10484, Loss: 4.8125
  Batch 5750/10484, Loss: 4.9771
  Batch 5760/10484, Loss: 4.8600
  Batch 5770/10484, Loss: 4.7819
  Batch 5780/10484, Loss: 4.9230
  Batch 5790/10484, Loss: 4.3711
  Batch 5800/10484, Loss: 5.1101
  Batch 5810/10484, Loss: 4.6912
  Batch 5820/10484, Loss: 4.7957
  Batch 5830/10484, Loss: 4.6803
  Batch 5840/10484, Loss: 4.9005
  Batch 5850/10484, Loss: 4.3449
  Batch 5860/10484, Loss: 4.6017
  Batch 5870/10484, Loss: 4.9896
  Batch 5880/10484, Loss: 4.8541
  Batch 5890/10484, Loss: 4.6958
  Batch 5900/10484, Loss: 4.8042
  Batch 5910/10484, Loss: 5.0387
  Batch 5920/10484, Loss: 5.3613
  Batch 5930/10484, Loss: 5.2578
  Batch 5940/10484, Loss: 4.7480
  Batch 5950/10484, Loss: 5.1248
  Batch 5960/10484, Loss: 4.8226
  Batch 5970/10484, Loss: 4.9396
  Batch 5980/10484, Loss: 4.6499
  Batch 5990/10484, Loss: 5.1183
  Batch 6000/10484, Loss: 4.8416
  Batch 6010/10484, Loss: 4.5140
  Batch 6020/10484, Loss: 5.1309
  Batch 6030/10484, Loss: 4.9336
  Batch 6040/10484, Loss: 3.8004
  Batch 6050/10484, Loss: 4.8153
  Batch 6060/10484, Loss: 4.7816
  Batch 6070/10484, Loss: 5.0796
  Batch 6080/10484, Loss: 4.4449
  Batch 6090/10484, Loss: 4.8947
  Batch 6100/10484, Loss: 4.5688
  Batch 6110/10484, Loss: 4.6535
  Batch 6120/10484, Loss: 4.4062
  Batch 6130/10484, Loss: 4.7702
  Batch 6140/10484, Loss: 5.1069
  Batch 6150/10484, Loss: 4.4975
  Batch 6160/10484, Loss: 4.6041
  Batch 6170/10484, Loss: 5.3059
  Batch 6180/10484, Loss: 5.0430
  Batch 6190/10484, Loss: 4.7391
  Batch 6200/10484, Loss: 4.5521
  Batch 6210/10484, Loss: 5.1576
  Batch 6220/10484, Loss: 4.7122
  Batch 6230/10484, Loss: 5.1149
  Batch 6240/10484, Loss: 4.4400
  Batch 6250/10484, Loss: 5.1495
  Batch 6260/10484, Loss: 4.5365
  Batch 6270/10484, Loss: 4.0856
  Batch 6280/10484, Loss: 4.4880
  Batch 6290/10484, Loss: 4.9759
  Batch 6300/10484, Loss: 4.9157
  Batch 6310/10484, Loss: 4.3727
  Batch 6320/10484, Loss: 4.6952
  Batch 6330/10484, Loss: 5.3043
  Batch 6340/10484, Loss: 4.8389
  Batch 6350/10484, Loss: 4.3395
  Batch 6360/10484, Loss: 5.3585
  Batch 6370/10484, Loss: 4.7890
  Batch 6380/10484, Loss: 4.2430
  Batch 6390/10484, Loss: 5.2040
  Batch 6400/10484, Loss: 4.9681
  Batch 6410/10484, Loss: 5.1945
  Batch 6420/10484, Loss: 4.4817
  Batch 6430/10484, Loss: 4.9157
  Batch 6440/10484, Loss: 4.6047
  Batch 6450/10484, Loss: 5.0133
  Batch 6460/10484, Loss: 4.7209
  Batch 6470/10484, Loss: 4.6419
  Batch 6480/10484, Loss: 5.3767
  Batch 6490/10484, Loss: 4.5746
  Batch 6500/10484, Loss: 4.6686
  Batch 6510/10484, Loss: 4.6153
  Batch 6520/10484, Loss: 4.9003
  Batch 6530/10484, Loss: 5.0304
  Batch 6540/10484, Loss: 5.1037
  Batch 6550/10484, Loss: 4.7490
  Batch 6560/10484, Loss: 4.9044
  Batch 6570/10484, Loss: 4.6325
  Batch 6580/10484, Loss: 5.2349
  Batch 6590/10484, Loss: 4.6802
  Batch 6600/10484, Loss: 4.9978
  Batch 6610/10484, Loss: 4.6995
  Batch 6620/10484, Loss: 5.1982
  Batch 6630/10484, Loss: 4.9811
  Batch 6640/10484, Loss: 4.3980
  Batch 6650/10484, Loss: 4.7654
  Batch 6660/10484, Loss: 4.8302
  Batch 6670/10484, Loss: 4.5153
  Batch 6680/10484, Loss: 4.8862
  Batch 6690/10484, Loss: 4.4514
  Batch 6700/10484, Loss: 4.9318
  Batch 6710/10484, Loss: 4.3650
  Batch 6720/10484, Loss: 4.7287
  Batch 6730/10484, Loss: 4.9138
  Batch 6740/10484, Loss: 5.0047
  Batch 6750/10484, Loss: 4.6863
  Batch 6760/10484, Loss: 4.7887
  Batch 6770/10484, Loss: 4.6152
  Batch 6780/10484, Loss: 4.7676
  Batch 6790/10484, Loss: 4.7165
  Batch 6800/10484, Loss: 4.5701
  Batch 6810/10484, Loss: 4.8988
  Batch 6820/10484, Loss: 4.7652
  Batch 6830/10484, Loss: 4.7627
  Batch 6840/10484, Loss: 5.1917
  Batch 6850/10484, Loss: 4.8633
  Batch 6860/10484, Loss: 4.8532
  Batch 6870/10484, Loss: 4.6103
  Batch 6880/10484, Loss: 5.2014
  Batch 6890/10484, Loss: 4.6413
  Batch 6900/10484, Loss: 4.4232
  Batch 6910/10484, Loss: 4.9522
  Batch 6920/10484, Loss: 5.0390
  Batch 6930/10484, Loss: 5.1641
  Batch 6940/10484, Loss: 4.5056
  Batch 6950/10484, Loss: 4.4584
  Batch 6960/10484, Loss: 4.4143
  Batch 6970/10484, Loss: 4.4657
  Batch 6980/10484, Loss: 4.8875
  Batch 6990/10484, Loss: 4.7431
  Batch 7000/10484, Loss: 4.3835
  Batch 7010/10484, Loss: 4.5327
  Batch 7020/10484, Loss: 4.3495
  Batch 7030/10484, Loss: 5.4172
  Batch 7040/10484, Loss: 4.6411
  Batch 7050/10484, Loss: 4.8293
  Batch 7060/10484, Loss: 4.7871
  Batch 7070/10484, Loss: 4.9667
  Batch 7080/10484, Loss: 5.1814
  Batch 7090/10484, Loss: 4.0968
  Batch 7100/10484, Loss: 4.4893
  Batch 7110/10484, Loss: 4.5474
  Batch 7120/10484, Loss: 5.3245
  Batch 7130/10484, Loss: 4.9998
  Batch 7140/10484, Loss: 5.4254
  Batch 7150/10484, Loss: 5.4201
  Batch 7160/10484, Loss: 4.6549
  Batch 7170/10484, Loss: 4.7563
  Batch 7180/10484, Loss: 4.5364
  Batch 7190/10484, Loss: 5.5385
  Batch 7200/10484, Loss: 4.7406
  Batch 7210/10484, Loss: 4.8125
  Batch 7220/10484, Loss: 5.1650
  Batch 7230/10484, Loss: 4.8638
  Batch 7240/10484, Loss: 4.9689
  Batch 7250/10484, Loss: 4.6041
  Batch 7260/10484, Loss: 4.2026
  Batch 7270/10484, Loss: 4.5268
  Batch 7280/10484, Loss: 4.1434
  Batch 7290/10484, Loss: 4.7135
  Batch 7300/10484, Loss: 4.7803
  Batch 7310/10484, Loss: 5.0351
  Batch 7320/10484, Loss: 4.3557
  Batch 7330/10484, Loss: 4.2477
  Batch 7340/10484, Loss: 4.4635
  Batch 7350/10484, Loss: 4.9939
  Batch 7360/10484, Loss: 4.7076
  Batch 7370/10484, Loss: 4.8088
  Batch 7380/10484, Loss: 5.0640
  Batch 7390/10484, Loss: 4.6202
  Batch 7400/10484, Loss: 4.3881
  Batch 7410/10484, Loss: 4.7083
  Batch 7420/10484, Loss: 5.0585
  Batch 7430/10484, Loss: 4.4375
  Batch 7440/10484, Loss: 4.6055
  Batch 7450/10484, Loss: 3.6350
  Batch 7460/10484, Loss: 4.3436
  Batch 7470/10484, Loss: 4.8376
  Batch 7480/10484, Loss: 4.4919
  Batch 7490/10484, Loss: 5.0999
  Batch 7500/10484, Loss: 4.4565
  Batch 7510/10484, Loss: 4.7546
  Batch 7520/10484, Loss: 5.3179
  Batch 7530/10484, Loss: 4.1035
  Batch 7540/10484, Loss: 4.7018
  Batch 7550/10484, Loss: 4.9381
  Batch 7560/10484, Loss: 5.0213
  Batch 7570/10484, Loss: 4.5723
  Batch 7580/10484, Loss: 5.3866
  Batch 7590/10484, Loss: 4.8937
  Batch 7600/10484, Loss: 4.7139
  Batch 7610/10484, Loss: 4.1406
  Batch 7620/10484, Loss: 5.1906
  Batch 7630/10484, Loss: 4.3435
  Batch 7640/10484, Loss: 4.5839
  Batch 7650/10484, Loss: 4.6062
  Batch 7660/10484, Loss: 5.7189
  Batch 7670/10484, Loss: 5.0409
  Batch 7680/10484, Loss: 5.0887
  Batch 7690/10484, Loss: 4.7848
  Batch 7700/10484, Loss: 4.4995
  Batch 7710/10484, Loss: 4.5777
  Batch 7720/10484, Loss: 4.2678
  Batch 7730/10484, Loss: 4.9357
  Batch 7740/10484, Loss: 5.1464
  Batch 7750/10484, Loss: 5.2190
  Batch 7760/10484, Loss: 5.0436
  Batch 7770/10484, Loss: 4.7822
  Batch 7780/10484, Loss: 4.6340
  Batch 7790/10484, Loss: 4.8268
  Batch 7800/10484, Loss: 4.9719
  Batch 7810/10484, Loss: 4.8627
  Batch 7820/10484, Loss: 4.9858
  Batch 7830/10484, Loss: 4.6410
  Batch 7840/10484, Loss: 4.9152
  Batch 7850/10484, Loss: 4.6101
  Batch 7860/10484, Loss: 4.8309
  Batch 7870/10484, Loss: 4.8689
  Batch 7880/10484, Loss: 4.9784
  Batch 7890/10484, Loss: 4.6572
  Batch 7900/10484, Loss: 4.0688
  Batch 7910/10484, Loss: 4.8991
  Batch 7920/10484, Loss: 4.3997
  Batch 7930/10484, Loss: 4.7716
  Batch 7940/10484, Loss: 4.7084
  Batch 7950/10484, Loss: 4.6705
  Batch 7960/10484, Loss: 4.9782
  Batch 7970/10484, Loss: 5.1187
  Batch 7980/10484, Loss: 5.0288
  Batch 7990/10484, Loss: 4.8055
  Batch 8000/10484, Loss: 5.0041
  Batch 8010/10484, Loss: 5.0829
  Batch 8020/10484, Loss: 5.1131
  Batch 8030/10484, Loss: 5.0256
  Batch 8040/10484, Loss: 4.8683
  Batch 8050/10484, Loss: 4.6645
  Batch 8060/10484, Loss: 4.8439
  Batch 8070/10484, Loss: 5.2938
  Batch 8080/10484, Loss: 4.2921
  Batch 8090/10484, Loss: 5.0910
  Batch 8100/10484, Loss: 4.6818
  Batch 8110/10484, Loss: 4.7553
  Batch 8120/10484, Loss: 5.4473
  Batch 8130/10484, Loss: 4.7692
  Batch 8140/10484, Loss: 4.6431
  Batch 8150/10484, Loss: 4.8961
  Batch 8160/10484, Loss: 5.1669
  Batch 8170/10484, Loss: 5.1061
  Batch 8180/10484, Loss: 4.5993
  Batch 8190/10484, Loss: 4.8356
  Batch 8200/10484, Loss: 4.8035
  Batch 8210/10484, Loss: 4.8374
  Batch 8220/10484, Loss: 5.1731
  Batch 8230/10484, Loss: 5.3252
  Batch 8240/10484, Loss: 4.8772
  Batch 8250/10484, Loss: 4.7680
  Batch 8260/10484, Loss: 4.7389
  Batch 8270/10484, Loss: 4.9089
  Batch 8280/10484, Loss: 5.0471
  Batch 8290/10484, Loss: 4.6396
  Batch 8300/10484, Loss: 4.8975
  Batch 8310/10484, Loss: 4.7940
  Batch 8320/10484, Loss: 4.7953
  Batch 8330/10484, Loss: 4.8469
  Batch 8340/10484, Loss: 4.5962
  Batch 8350/10484, Loss: 4.1429
  Batch 8360/10484, Loss: 4.1723
  Batch 8370/10484, Loss: 4.5992
  Batch 8380/10484, Loss: 4.9238
  Batch 8390/10484, Loss: 4.4166
  Batch 8400/10484, Loss: 4.4063
  Batch 8410/10484, Loss: 4.5293
  Batch 8420/10484, Loss: 4.6421
  Batch 8430/10484, Loss: 4.8931
  Batch 8440/10484, Loss: 4.4902
  Batch 8450/10484, Loss: 4.9816
  Batch 8460/10484, Loss: 4.5302
  Batch 8470/10484, Loss: 4.1034
  Batch 8480/10484, Loss: 4.6455
  Batch 8490/10484, Loss: 5.2416
  Batch 8500/10484, Loss: 4.8771
  Batch 8510/10484, Loss: 5.2157
  Batch 8520/10484, Loss: 5.1968
  Batch 8530/10484, Loss: 4.8119
  Batch 8540/10484, Loss: 4.6201
  Batch 8550/10484, Loss: 4.5933
  Batch 8560/10484, Loss: 4.6171
  Batch 8570/10484, Loss: 4.5747
  Batch 8580/10484, Loss: 4.5982
  Batch 8590/10484, Loss: 4.4851
  Batch 8600/10484, Loss: 4.5899
  Batch 8610/10484, Loss: 4.3836
  Batch 8620/10484, Loss: 4.5558
  Batch 8630/10484, Loss: 4.4282
  Batch 8640/10484, Loss: 4.9729
  Batch 8650/10484, Loss: 4.8414
  Batch 8660/10484, Loss: 4.8879
  Batch 8670/10484, Loss: 5.2709
  Batch 8680/10484, Loss: 5.2173
  Batch 8690/10484, Loss: 5.1770
  Batch 8700/10484, Loss: 4.0935
  Batch 8710/10484, Loss: 5.1868
  Batch 8720/10484, Loss: 4.7290
  Batch 8730/10484, Loss: 4.8255
  Batch 8740/10484, Loss: 4.7080
  Batch 8750/10484, Loss: 4.4783
  Batch 8760/10484, Loss: 4.5962
  Batch 8770/10484, Loss: 4.7853
  Batch 8780/10484, Loss: 4.4781
  Batch 8790/10484, Loss: 5.1941
  Batch 8800/10484, Loss: 5.0880
  Batch 8810/10484, Loss: 4.5359
  Batch 8820/10484, Loss: 4.7222
  Batch 8830/10484, Loss: 4.3063
  Batch 8840/10484, Loss: 5.3265
  Batch 8850/10484, Loss: 5.0912
  Batch 8860/10484, Loss: 4.5811
  Batch 8870/10484, Loss: 4.7123
  Batch 8880/10484, Loss: 4.8451
  Batch 8890/10484, Loss: 5.0675
  Batch 8900/10484, Loss: 5.0396
  Batch 8910/10484, Loss: 4.4319
  Batch 8920/10484, Loss: 4.8601
  Batch 8930/10484, Loss: 5.2116
  Batch 8940/10484, Loss: 4.7287
  Batch 8950/10484, Loss: 4.6979
  Batch 8960/10484, Loss: 4.3712
  Batch 8970/10484, Loss: 5.0690
  Batch 8980/10484, Loss: 4.7318
  Batch 8990/10484, Loss: 5.2713
  Batch 9000/10484, Loss: 4.2566
  Batch 9010/10484, Loss: 5.2463
  Batch 9020/10484, Loss: 4.4801
  Batch 9030/10484, Loss: 4.5665
  Batch 9040/10484, Loss: 5.0203
  Batch 9050/10484, Loss: 5.4785
  Batch 9060/10484, Loss: 3.7843
  Batch 9070/10484, Loss: 5.2685
  Batch 9080/10484, Loss: 5.0749
  Batch 9090/10484, Loss: 4.4275
  Batch 9100/10484, Loss: 4.3463
  Batch 9110/10484, Loss: 5.2201
  Batch 9120/10484, Loss: 4.2518
  Batch 9130/10484, Loss: 4.3345
  Batch 9140/10484, Loss: 4.8151
  Batch 9150/10484, Loss: 5.2058
  Batch 9160/10484, Loss: 5.1409
  Batch 9170/10484, Loss: 4.7941
  Batch 9180/10484, Loss: 4.5219
  Batch 9190/10484, Loss: 4.7072
  Batch 9200/10484, Loss: 5.1544
  Batch 9210/10484, Loss: 4.6408
  Batch 9220/10484, Loss: 4.7014
  Batch 9230/10484, Loss: 4.8753
  Batch 9240/10484, Loss: 4.2741
  Batch 9250/10484, Loss: 4.7499
  Batch 9260/10484, Loss: 4.5691
  Batch 9270/10484, Loss: 5.1342
  Batch 9280/10484, Loss: 4.4958
  Batch 9290/10484, Loss: 4.8459
  Batch 9300/10484, Loss: 4.7619
  Batch 9310/10484, Loss: 4.6324
  Batch 9320/10484, Loss: 4.9142
  Batch 9330/10484, Loss: 5.2209
  Batch 9340/10484, Loss: 4.7000
  Batch 9350/10484, Loss: 4.4940
  Batch 9360/10484, Loss: 5.3531
  Batch 9370/10484, Loss: 4.8270
  Batch 9380/10484, Loss: 4.4081
  Batch 9390/10484, Loss: 5.1177
  Batch 9400/10484, Loss: 4.9019
  Batch 9410/10484, Loss: 4.6836
  Batch 9420/10484, Loss: 4.6621
  Batch 9430/10484, Loss: 4.9016
  Batch 9440/10484, Loss: 5.1055
  Batch 9450/10484, Loss: 4.8048
  Batch 9460/10484, Loss: 3.7977
  Batch 9470/10484, Loss: 4.4773
  Batch 9480/10484, Loss: 4.7328
  Batch 9490/10484, Loss: 4.5981
  Batch 9500/10484, Loss: 4.2853
  Batch 9510/10484, Loss: 4.5829
  Batch 9520/10484, Loss: 4.5562
  Batch 9530/10484, Loss: 4.3925
  Batch 9540/10484, Loss: 4.6907
  Batch 9550/10484, Loss: 4.7540
  Batch 9560/10484, Loss: 4.0201
  Batch 9570/10484, Loss: 5.1663
  Batch 9580/10484, Loss: 5.1569
  Batch 9590/10484, Loss: 4.9701
  Batch 9600/10484, Loss: 4.9080
  Batch 9610/10484, Loss: 5.0316
  Batch 9620/10484, Loss: 4.3949
  Batch 9630/10484, Loss: 4.9038
  Batch 9640/10484, Loss: 4.1246
  Batch 9650/10484, Loss: 4.4600
  Batch 9660/10484, Loss: 4.9898
  Batch 9670/10484, Loss: 4.9926
  Batch 9680/10484, Loss: 4.8078
  Batch 9690/10484, Loss: 4.8176
  Batch 9700/10484, Loss: 4.2678
  Batch 9710/10484, Loss: 4.8683
  Batch 9720/10484, Loss: 4.5668
  Batch 9730/10484, Loss: 4.8065
  Batch 9740/10484, Loss: 4.6937
  Batch 9750/10484, Loss: 4.4396
  Batch 9760/10484, Loss: 4.5300
  Batch 9770/10484, Loss: 4.8120
  Batch 9780/10484, Loss: 4.8380
  Batch 9790/10484, Loss: 4.8970
  Batch 9800/10484, Loss: 5.0843
  Batch 9810/10484, Loss: 4.6939
  Batch 9820/10484, Loss: 4.8003
  Batch 9830/10484, Loss: 4.8273
  Batch 9840/10484, Loss: 5.2166
  Batch 9850/10484, Loss: 4.6898
  Batch 9860/10484, Loss: 4.7168
  Batch 9870/10484, Loss: 4.7642
  Batch 9880/10484, Loss: 4.5331
  Batch 9890/10484, Loss: 4.3695
  Batch 9900/10484, Loss: 4.0571
  Batch 9910/10484, Loss: 5.1168
  Batch 9920/10484, Loss: 4.6335
  Batch 9930/10484, Loss: 4.3116
  Batch 9940/10484, Loss: 4.4477
  Batch 9950/10484, Loss: 4.9799
  Batch 9960/10484, Loss: 4.8953
  Batch 9970/10484, Loss: 4.3591
  Batch 9980/10484, Loss: 5.1322
  Batch 9990/10484, Loss: 4.4752
  Batch 10000/10484, Loss: 4.7952
  Batch 10010/10484, Loss: 4.7415
  Batch 10020/10484, Loss: 4.8053
  Batch 10030/10484, Loss: 4.9582
  Batch 10040/10484, Loss: 4.1173
  Batch 10050/10484, Loss: 4.9381
  Batch 10060/10484, Loss: 5.2023
  Batch 10070/10484, Loss: 4.9081
  Batch 10080/10484, Loss: 4.9375
  Batch 10090/10484, Loss: 4.3986
  Batch 10100/10484, Loss: 4.6115
  Batch 10110/10484, Loss: 4.3662
  Batch 10120/10484, Loss: 5.3219
  Batch 10130/10484, Loss: 5.4272
  Batch 10140/10484, Loss: 5.1525
  Batch 10150/10484, Loss: 4.8479
  Batch 10160/10484, Loss: 4.9835
  Batch 10170/10484, Loss: 4.2942
  Batch 10180/10484, Loss: 4.5081
  Batch 10190/10484, Loss: 5.1451
  Batch 10200/10484, Loss: 4.5361
  Batch 10210/10484, Loss: 4.4707
  Batch 10220/10484, Loss: 4.9552
  Batch 10230/10484, Loss: 5.4931
  Batch 10240/10484, Loss: 5.1831
  Batch 10250/10484, Loss: 4.5105
  Batch 10260/10484, Loss: 4.2160
  Batch 10270/10484, Loss: 5.0042
  Batch 10280/10484, Loss: 4.2963
  Batch 10290/10484, Loss: 4.7844
  Batch 10300/10484, Loss: 4.4729
  Batch 10310/10484, Loss: 3.7016
  Batch 10320/10484, Loss: 4.3674
  Batch 10330/10484, Loss: 4.5332
  Batch 10340/10484, Loss: 4.3038
  Batch 10350/10484, Loss: 5.0582
  Batch 10360/10484, Loss: 4.4696
  Batch 10370/10484, Loss: 4.5107
  Batch 10380/10484, Loss: 4.4440
  Batch 10390/10484, Loss: 4.7147
  Batch 10400/10484, Loss: 4.5881
  Batch 10410/10484, Loss: 4.4884
  Batch 10420/10484, Loss: 5.2724
  Batch 10430/10484, Loss: 5.2466
  Batch 10440/10484, Loss: 4.5927
  Batch 10450/10484, Loss: 4.9774
  Batch 10460/10484, Loss: 4.6268
  Batch 10470/10484, Loss: 4.3930
  Batch 10480/10484, Loss: 4.8621

  Train Loss: 4.8246
  Val Loss: 6.5810
  Time: 31m 38s
  ✓ Saved checkpoint to /scratch/aitordiez/News2Stock/simple_seq2seq_fasttext/checkpoints/checkpoint_epoch_2.pt
  ✓ New best model saved! (val_loss: 6.5810)

Epoch 3/20
----------------------------------------
  Batch 10/10484, Loss: 5.2381
  Batch 20/10484, Loss: 4.6179
  Batch 30/10484, Loss: 4.3258
  Batch 40/10484, Loss: 4.0463
  Batch 50/10484, Loss: 4.7293
  Batch 60/10484, Loss: 4.7162
  Batch 70/10484, Loss: 4.6508
  Batch 80/10484, Loss: 4.5064
  Batch 90/10484, Loss: 4.1884
  Batch 100/10484, Loss: 3.9498
  Batch 110/10484, Loss: 4.4360
  Batch 120/10484, Loss: 4.7179
  Batch 130/10484, Loss: 3.8939
  Batch 140/10484, Loss: 4.8102
  Batch 150/10484, Loss: 5.0096
  Batch 160/10484, Loss: 3.9017
  Batch 170/10484, Loss: 4.5148
  Batch 180/10484, Loss: 4.2755
  Batch 190/10484, Loss: 4.3032
  Batch 200/10484, Loss: 4.7060
  Batch 210/10484, Loss: 4.8079
  Batch 220/10484, Loss: 4.6648
  Batch 230/10484, Loss: 4.6531
  Batch 240/10484, Loss: 4.2567
  Batch 250/10484, Loss: 4.3003
  Batch 260/10484, Loss: 4.4689
  Batch 270/10484, Loss: 4.5919
  Batch 280/10484, Loss: 4.4383
  Batch 290/10484, Loss: 4.9314
  Batch 300/10484, Loss: 4.4224
  Batch 310/10484, Loss: 4.9092
  Batch 320/10484, Loss: 4.9937
  Batch 330/10484, Loss: 4.7221
  Batch 340/10484, Loss: 4.6495
  Batch 350/10484, Loss: 4.7072
  Batch 360/10484, Loss: 4.5246
  Batch 370/10484, Loss: 4.0929
  Batch 380/10484, Loss: 4.3568
  Batch 390/10484, Loss: 4.9740
  Batch 400/10484, Loss: 4.4162
  Batch 410/10484, Loss: 4.7820
  Batch 420/10484, Loss: 4.8065
  Batch 430/10484, Loss: 4.4868
  Batch 440/10484, Loss: 3.8066
  Batch 450/10484, Loss: 4.1515
  Batch 460/10484, Loss: 4.7138
  Batch 470/10484, Loss: 5.0162
  Batch 480/10484, Loss: 4.3454
  Batch 490/10484, Loss: 4.8838
  Batch 500/10484, Loss: 3.8103
  Batch 510/10484, Loss: 4.4242
  Batch 520/10484, Loss: 4.5846
  Batch 530/10484, Loss: 4.3417
  Batch 540/10484, Loss: 4.3823
  Batch 550/10484, Loss: 4.7189
  Batch 560/10484, Loss: 3.9709
  Batch 570/10484, Loss: 4.8091
  Batch 580/10484, Loss: 4.8178
  Batch 590/10484, Loss: 4.4467
  Batch 600/10484, Loss: 4.8027
  Batch 610/10484, Loss: 5.1380
  Batch 620/10484, Loss: 4.6550
  Batch 630/10484, Loss: 4.7940
  Batch 640/10484, Loss: 4.7818
  Batch 650/10484, Loss: 4.8730
  Batch 660/10484, Loss: 4.4185
  Batch 670/10484, Loss: 4.2458
  Batch 680/10484, Loss: 4.8737
  Batch 690/10484, Loss: 4.5760
  Batch 700/10484, Loss: 4.6040
  Batch 710/10484, Loss: 4.6326
  Batch 720/10484, Loss: 4.6783
  Batch 730/10484, Loss: 4.8691
  Batch 740/10484, Loss: 4.7677
  Batch 750/10484, Loss: 4.6621
  Batch 760/10484, Loss: 4.7660
  Batch 770/10484, Loss: 5.0293
  Batch 780/10484, Loss: 4.4052
  Batch 790/10484, Loss: 4.3102
  Batch 800/10484, Loss: 4.9563
  Batch 810/10484, Loss: 4.7130
  Batch 820/10484, Loss: 5.1751
  Batch 830/10484, Loss: 4.8776
  Batch 840/10484, Loss: 3.8545
  Batch 850/10484, Loss: 4.5641
  Batch 860/10484, Loss: 4.9369
  Batch 870/10484, Loss: 4.9159
  Batch 880/10484, Loss: 3.9556
  Batch 890/10484, Loss: 4.0262
  Batch 900/10484, Loss: 4.6063
  Batch 910/10484, Loss: 4.2308
  Batch 920/10484, Loss: 4.0627
  Batch 930/10484, Loss: 4.9625
  Batch 940/10484, Loss: 4.4826
  Batch 950/10484, Loss: 4.9381
  Batch 960/10484, Loss: 4.9227
  Batch 970/10484, Loss: 4.8406
  Batch 980/10484, Loss: 5.2401
  Batch 990/10484, Loss: 4.6719
  Batch 1000/10484, Loss: 4.5412
  Batch 1010/10484, Loss: 4.5254
  Batch 1020/10484, Loss: 5.0598
  Batch 1030/10484, Loss: 4.6646
  Batch 1040/10484, Loss: 4.3673
  Batch 1050/10484, Loss: 4.7008
  Batch 1060/10484, Loss: 4.7352
  Batch 1070/10484, Loss: 4.4548
  Batch 1080/10484, Loss: 4.6960
  Batch 1090/10484, Loss: 5.3777
  Batch 1100/10484, Loss: 4.9822
  Batch 1110/10484, Loss: 4.3826
  Batch 1120/10484, Loss: 4.1708
  Batch 1130/10484, Loss: 4.5298
  Batch 1140/10484, Loss: 4.6186
  Batch 1150/10484, Loss: 4.3521
  Batch 1160/10484, Loss: 4.2753
  Batch 1170/10484, Loss: 4.9167
  Batch 1180/10484, Loss: 5.6466
  Batch 1190/10484, Loss: 4.2915
  Batch 1200/10484, Loss: 4.2811
  Batch 1210/10484, Loss: 5.1914
  Batch 1220/10484, Loss: 4.8540
  Batch 1230/10484, Loss: 4.7766
  Batch 1240/10484, Loss: 3.9366
  Batch 1250/10484, Loss: 4.5209
  Batch 1260/10484, Loss: 4.7808
  Batch 1270/10484, Loss: 3.8414
  Batch 1280/10484, Loss: 5.0579
  Batch 1290/10484, Loss: 4.6620
  Batch 1300/10484, Loss: 4.2306
  Batch 1310/10484, Loss: 4.8394
  Batch 1320/10484, Loss: 4.3836
  Batch 1330/10484, Loss: 4.6214
  Batch 1340/10484, Loss: 4.5652
  Batch 1350/10484, Loss: 4.5352
  Batch 1360/10484, Loss: 4.2726
  Batch 1370/10484, Loss: 5.5598
  Batch 1380/10484, Loss: 3.7559
  Batch 1390/10484, Loss: 5.3116
  Batch 1400/10484, Loss: 4.1830
  Batch 1410/10484, Loss: 4.9484
  Batch 1420/10484, Loss: 4.1626
  Batch 1430/10484, Loss: 4.8157
  Batch 1440/10484, Loss: 4.3937
  Batch 1450/10484, Loss: 4.2824
  Batch 1460/10484, Loss: 3.8952
  Batch 1470/10484, Loss: 5.0536
  Batch 1480/10484, Loss: 4.1098
  Batch 1490/10484, Loss: 4.5333
  Batch 1500/10484, Loss: 4.3778
  Batch 1510/10484, Loss: 4.6039
  Batch 1520/10484, Loss: 4.7433
  Batch 1530/10484, Loss: 4.8095
  Batch 1540/10484, Loss: 4.8128
  Batch 1550/10484, Loss: 4.8847
  Batch 1560/10484, Loss: 3.9712
  Batch 1570/10484, Loss: 4.8105
  Batch 1580/10484, Loss: 4.5414
  Batch 1590/10484, Loss: 4.6960
  Batch 1600/10484, Loss: 4.4286
  Batch 1610/10484, Loss: 4.6931
  Batch 1620/10484, Loss: 4.4603
  Batch 1630/10484, Loss: 4.7685
  Batch 1640/10484, Loss: 4.7410
  Batch 1650/10484, Loss: 4.4147
  Batch 1660/10484, Loss: 4.5665
  Batch 1670/10484, Loss: 4.1859
  Batch 1680/10484, Loss: 4.4578
  Batch 1690/10484, Loss: 4.2273
  Batch 1700/10484, Loss: 4.7067
  Batch 1710/10484, Loss: 4.7846
  Batch 1720/10484, Loss: 4.4166
  Batch 1730/10484, Loss: 5.0103
  Batch 1740/10484, Loss: 4.2977
  Batch 1750/10484, Loss: 4.4795
  Batch 1760/10484, Loss: 4.8544
  Batch 1770/10484, Loss: 4.7811
  Batch 1780/10484, Loss: 4.7014
  Batch 1790/10484, Loss: 4.6300
  Batch 1800/10484, Loss: 4.6228
  Batch 1810/10484, Loss: 4.2798
  Batch 1820/10484, Loss: 5.4959
  Batch 1830/10484, Loss: 4.0902
  Batch 1840/10484, Loss: 4.4862
  Batch 1850/10484, Loss: 4.6374
  Batch 1860/10484, Loss: 4.4774
  Batch 1870/10484, Loss: 4.5102
  Batch 1880/10484, Loss: 4.7606
  Batch 1890/10484, Loss: 4.6223
  Batch 1900/10484, Loss: 4.6261
  Batch 1910/10484, Loss: 4.9827
  Batch 1920/10484, Loss: 4.8849
  Batch 1930/10484, Loss: 4.6651
  Batch 1940/10484, Loss: 3.8375
  Batch 1950/10484, Loss: 4.0845
  Batch 1960/10484, Loss: 5.1920
  Batch 1970/10484, Loss: 4.3286
  Batch 1980/10484, Loss: 3.6512
  Batch 1990/10484, Loss: 4.6532
  Batch 2000/10484, Loss: 4.5356
  Batch 2010/10484, Loss: 4.5531
  Batch 2020/10484, Loss: 4.4111
  Batch 2030/10484, Loss: 4.7402
  Batch 2040/10484, Loss: 4.8794
  Batch 2050/10484, Loss: 4.4789
  Batch 2060/10484, Loss: 4.4659
  Batch 2070/10484, Loss: 4.3824
  Batch 2080/10484, Loss: 4.0608
  Batch 2090/10484, Loss: 4.6510
  Batch 2100/10484, Loss: 4.8646
  Batch 2110/10484, Loss: 4.7807
  Batch 2120/10484, Loss: 5.0311
  Batch 2130/10484, Loss: 4.1229
  Batch 2140/10484, Loss: 4.6672
  Batch 2150/10484, Loss: 4.9503
  Batch 2160/10484, Loss: 4.6952
  Batch 2170/10484, Loss: 5.0519
  Batch 2180/10484, Loss: 4.5939
  Batch 2190/10484, Loss: 4.4630
  Batch 2200/10484, Loss: 4.7306
  Batch 2210/10484, Loss: 4.6392
  Batch 2220/10484, Loss: 4.7308
  Batch 2230/10484, Loss: 4.4363
  Batch 2240/10484, Loss: 4.4554
  Batch 2250/10484, Loss: 4.7918
  Batch 2260/10484, Loss: 4.9675
  Batch 2270/10484, Loss: 4.4823
  Batch 2280/10484, Loss: 3.9740
  Batch 2290/10484, Loss: 4.7298
  Batch 2300/10484, Loss: 4.5672
  Batch 2310/10484, Loss: 4.7222
  Batch 2320/10484, Loss: 4.0889
  Batch 2330/10484, Loss: 4.4893
  Batch 2340/10484, Loss: 4.8187
  Batch 2350/10484, Loss: 4.0382
  Batch 2360/10484, Loss: 4.4749
  Batch 2370/10484, Loss: 4.9530
  Batch 2380/10484, Loss: 5.0534
  Batch 2390/10484, Loss: 4.4967
  Batch 2400/10484, Loss: 4.7970
  Batch 2410/10484, Loss: 4.0723
  Batch 2420/10484, Loss: 4.9003
  Batch 2430/10484, Loss: 4.7068
  Batch 2440/10484, Loss: 5.0704
  Batch 2450/10484, Loss: 5.0121
  Batch 2460/10484, Loss: 5.0337
  Batch 2470/10484, Loss: 4.9406
  Batch 2480/10484, Loss: 4.7011
  Batch 2490/10484, Loss: 4.5480
  Batch 2500/10484, Loss: 3.9684
  Batch 2510/10484, Loss: 4.3342
  Batch 2520/10484, Loss: 4.6716
  Batch 2530/10484, Loss: 4.4521
  Batch 2540/10484, Loss: 4.6994
  Batch 2550/10484, Loss: 4.6624
  Batch 2560/10484, Loss: 4.5116
  Batch 2570/10484, Loss: 4.4386
  Batch 2580/10484, Loss: 4.0029
  Batch 2590/10484, Loss: 4.9055
  Batch 2600/10484, Loss: 4.4820
  Batch 2610/10484, Loss: 3.9586
  Batch 2620/10484, Loss: 4.4056
  Batch 2630/10484, Loss: 4.6463
  Batch 2640/10484, Loss: 4.8746
  Batch 2650/10484, Loss: 4.1555
  Batch 2660/10484, Loss: 4.6557
  Batch 2670/10484, Loss: 4.5033
  Batch 2680/10484, Loss: 5.2074
  Batch 2690/10484, Loss: 4.4278
  Batch 2700/10484, Loss: 4.6668
  Batch 2710/10484, Loss: 3.9947
  Batch 2720/10484, Loss: 4.1867
  Batch 2730/10484, Loss: 4.5176
  Batch 2740/10484, Loss: 4.2367
  Batch 2750/10484, Loss: 4.2099
  Batch 2760/10484, Loss: 4.5957
  Batch 2770/10484, Loss: 4.9963
  Batch 2780/10484, Loss: 4.7990
  Batch 2790/10484, Loss: 4.8633
  Batch 2800/10484, Loss: 4.6283
  Batch 2810/10484, Loss: 5.0074
  Batch 2820/10484, Loss: 4.3091
  Batch 2830/10484, Loss: 4.9242
  Batch 2840/10484, Loss: 4.4479
  Batch 2850/10484, Loss: 4.1874
  Batch 2860/10484, Loss: 4.6773
  Batch 2870/10484, Loss: 4.2529
  Batch 2880/10484, Loss: 4.1606
  Batch 2890/10484, Loss: 4.9142
  Batch 2900/10484, Loss: 4.8218
  Batch 2910/10484, Loss: 4.8367
  Batch 2920/10484, Loss: 4.2724
  Batch 2930/10484, Loss: 4.5899
  Batch 2940/10484, Loss: 4.6672
  Batch 2950/10484, Loss: 4.2476
  Batch 2960/10484, Loss: 4.3091
  Batch 2970/10484, Loss: 5.0882
  Batch 2980/10484, Loss: 4.3773
  Batch 2990/10484, Loss: 4.2742
  Batch 3000/10484, Loss: 4.8192
  Batch 3010/10484, Loss: 4.4572
  Batch 3020/10484, Loss: 4.5408
  Batch 3030/10484, Loss: 4.9390
  Batch 3040/10484, Loss: 4.6535
  Batch 3050/10484, Loss: 4.6829
  Batch 3060/10484, Loss: 4.8273
  Batch 3070/10484, Loss: 4.2770
  Batch 3080/10484, Loss: 4.7817
  Batch 3090/10484, Loss: 4.8391
  Batch 3100/10484, Loss: 4.6033
  Batch 3110/10484, Loss: 4.2728
  Batch 3120/10484, Loss: 3.7927
  Batch 3130/10484, Loss: 4.4892
  Batch 3140/10484, Loss: 4.5211
  Batch 3150/10484, Loss: 5.3089
  Batch 3160/10484, Loss: 4.5280
  Batch 3170/10484, Loss: 4.6652
  Batch 3180/10484, Loss: 5.0481
  Batch 3190/10484, Loss: 4.8090
  Batch 3200/10484, Loss: 4.5346
  Batch 3210/10484, Loss: 4.1939
  Batch 3220/10484, Loss: 4.4943
  Batch 3230/10484, Loss: 3.9013
  Batch 3240/10484, Loss: 4.4481
  Batch 3250/10484, Loss: 4.9464
  Batch 3260/10484, Loss: 4.1749
  Batch 3270/10484, Loss: 4.2637
  Batch 3280/10484, Loss: 3.9423
  Batch 3290/10484, Loss: 4.6152
  Batch 3300/10484, Loss: 4.8809
  Batch 3310/10484, Loss: 4.3893
  Batch 3320/10484, Loss: 4.5794
  Batch 3330/10484, Loss: 4.4711
  Batch 3340/10484, Loss: 4.2080
  Batch 3350/10484, Loss: 4.2896
  Batch 3360/10484, Loss: 4.4126
  Batch 3370/10484, Loss: 3.9889
  Batch 3380/10484, Loss: 4.9982
  Batch 3390/10484, Loss: 4.9385
  Batch 3400/10484, Loss: 4.9055
  Batch 3410/10484, Loss: 4.4998
  Batch 3420/10484, Loss: 4.8468
  Batch 3430/10484, Loss: 4.5516
  Batch 3440/10484, Loss: 3.7475
  Batch 3450/10484, Loss: 4.6203
  Batch 3460/10484, Loss: 4.8740
  Batch 3470/10484, Loss: 3.9486
  Batch 3480/10484, Loss: 4.1478
  Batch 3490/10484, Loss: 4.1909
  Batch 3500/10484, Loss: 4.9245
  Batch 3510/10484, Loss: 4.7958
  Batch 3520/10484, Loss: 4.4857
  Batch 3530/10484, Loss: 4.6148
  Batch 3540/10484, Loss: 4.4394
  Batch 3550/10484, Loss: 4.2315
  Batch 3560/10484, Loss: 4.8603
  Batch 3570/10484, Loss: 4.4623
  Batch 3580/10484, Loss: 5.2283
  Batch 3590/10484, Loss: 4.3694
  Batch 3600/10484, Loss: 4.3521
  Batch 3610/10484, Loss: 4.3292
  Batch 3620/10484, Loss: 4.7343
  Batch 3630/10484, Loss: 4.5389
  Batch 3640/10484, Loss: 4.3627
  Batch 3650/10484, Loss: 4.9040
  Batch 3660/10484, Loss: 4.7314
  Batch 3670/10484, Loss: 4.7170
  Batch 3680/10484, Loss: 5.4360
  Batch 3690/10484, Loss: 4.9039
  Batch 3700/10484, Loss: 4.8593
  Batch 3710/10484, Loss: 4.5916
  Batch 3720/10484, Loss: 5.0163
  Batch 3730/10484, Loss: 4.6498
  Batch 3740/10484, Loss: 5.1319
  Batch 3750/10484, Loss: 4.8330
  Batch 3760/10484, Loss: 4.2754
  Batch 3770/10484, Loss: 4.2133
  Batch 3780/10484, Loss: 4.4184
  Batch 3790/10484, Loss: 4.8512
  Batch 3800/10484, Loss: 4.1262
  Batch 3810/10484, Loss: 4.6332
  Batch 3820/10484, Loss: 5.3007
  Batch 3830/10484, Loss: 4.7481
  Batch 3840/10484, Loss: 4.1873
  Batch 3850/10484, Loss: 4.2917
  Batch 3860/10484, Loss: 4.3255
  Batch 3870/10484, Loss: 4.3151
  Batch 3880/10484, Loss: 4.6273
  Batch 3890/10484, Loss: 4.2166
  Batch 3900/10484, Loss: 4.8835
  Batch 3910/10484, Loss: 4.5057
  Batch 3920/10484, Loss: 4.3490
  Batch 3930/10484, Loss: 4.6046
  Batch 3940/10484, Loss: 4.6191
  Batch 3950/10484, Loss: 5.2743
  Batch 3960/10484, Loss: 4.2320
  Batch 3970/10484, Loss: 4.3722
  Batch 3980/10484, Loss: 4.9065
  Batch 3990/10484, Loss: 4.5188
  Batch 4000/10484, Loss: 4.4899
  Batch 4010/10484, Loss: 5.0893
  Batch 4020/10484, Loss: 5.1237
  Batch 4030/10484, Loss: 4.3883
  Batch 4040/10484, Loss: 4.7847
  Batch 4050/10484, Loss: 5.1432
  Batch 4060/10484, Loss: 4.3828
  Batch 4070/10484, Loss: 5.1057
  Batch 4080/10484, Loss: 4.4983
  Batch 4090/10484, Loss: 4.4531
  Batch 4100/10484, Loss: 5.0999
  Batch 4110/10484, Loss: 4.6370
  Batch 4120/10484, Loss: 4.4268
  Batch 4130/10484, Loss: 4.4212
  Batch 4140/10484, Loss: 4.3546
  Batch 4150/10484, Loss: 4.7239
  Batch 4160/10484, Loss: 4.5182
  Batch 4170/10484, Loss: 4.0372
  Batch 4180/10484, Loss: 4.0602
  Batch 4190/10484, Loss: 4.9751
  Batch 4200/10484, Loss: 4.3065
  Batch 4210/10484, Loss: 4.4972
  Batch 4220/10484, Loss: 4.0094
  Batch 4230/10484, Loss: 5.1717
  Batch 4240/10484, Loss: 4.5661
  Batch 4250/10484, Loss: 4.1123
  Batch 4260/10484, Loss: 4.0360
  Batch 4270/10484, Loss: 4.4784
  Batch 4280/10484, Loss: 4.6523
  Batch 4290/10484, Loss: 4.9138
  Batch 4300/10484, Loss: 4.4871
  Batch 4310/10484, Loss: 4.4148
  Batch 4320/10484, Loss: 4.1408
  Batch 4330/10484, Loss: 4.0557
  Batch 4340/10484, Loss: 4.5262
  Batch 4350/10484, Loss: 4.2120
  Batch 4360/10484, Loss: 4.6110
  Batch 4370/10484, Loss: 4.6272
  Batch 4380/10484, Loss: 4.9069
  Batch 4390/10484, Loss: 4.1884
  Batch 4400/10484, Loss: 4.4873
  Batch 4410/10484, Loss: 4.7207
  Batch 4420/10484, Loss: 4.0154
  Batch 4430/10484, Loss: 4.1254
  Batch 4440/10484, Loss: 4.5651
  Batch 4450/10484, Loss: 4.5642
  Batch 4460/10484, Loss: 4.9996
  Batch 4470/10484, Loss: 4.5611
  Batch 4480/10484, Loss: 4.3443
  Batch 4490/10484, Loss: 4.4039
  Batch 4500/10484, Loss: 4.5720
  Batch 4510/10484, Loss: 3.5066
  Batch 4520/10484, Loss: 4.3257
  Batch 4530/10484, Loss: 4.6983
  Batch 4540/10484, Loss: 4.5256
  Batch 4550/10484, Loss: 4.4765
  Batch 4560/10484, Loss: 4.1920
  Batch 4570/10484, Loss: 4.6784
  Batch 4580/10484, Loss: 4.9149
  Batch 4590/10484, Loss: 4.6129
  Batch 4600/10484, Loss: 5.3712
  Batch 4610/10484, Loss: 4.6558
  Batch 4620/10484, Loss: 4.0103
  Batch 4630/10484, Loss: 4.5700
  Batch 4640/10484, Loss: 4.4744
  Batch 4650/10484, Loss: 4.2878
  Batch 4660/10484, Loss: 4.4656
  Batch 4670/10484, Loss: 4.2819
  Batch 4680/10484, Loss: 4.6188
  Batch 4690/10484, Loss: 4.4471
  Batch 4700/10484, Loss: 4.3554
  Batch 4710/10484, Loss: 4.5588
  Batch 4720/10484, Loss: 5.0290
  Batch 4730/10484, Loss: 4.4125
  Batch 4740/10484, Loss: 3.6256
  Batch 4750/10484, Loss: 4.8841
  Batch 4760/10484, Loss: 5.1487
  Batch 4770/10484, Loss: 4.3247
  Batch 4780/10484, Loss: 4.8666
  Batch 4790/10484, Loss: 4.3163
  Batch 4800/10484, Loss: 4.5532
  Batch 4810/10484, Loss: 4.0340
  Batch 4820/10484, Loss: 4.8175
  Batch 4830/10484, Loss: 4.6643
  Batch 4840/10484, Loss: 5.1414
  Batch 4850/10484, Loss: 4.2412
  Batch 4860/10484, Loss: 4.4531
  Batch 4870/10484, Loss: 4.4510
  Batch 4880/10484, Loss: 4.9481
  Batch 4890/10484, Loss: 3.9298
  Batch 4900/10484, Loss: 4.4850
  Batch 4910/10484, Loss: 3.8789
  Batch 4920/10484, Loss: 4.6446
  Batch 4930/10484, Loss: 5.1714
  Batch 4940/10484, Loss: 4.5448
  Batch 4950/10484, Loss: 4.4427
  Batch 4960/10484, Loss: 4.6270
  Batch 4970/10484, Loss: 4.6964
  Batch 4980/10484, Loss: 4.7636
  Batch 4990/10484, Loss: 5.0233
  Batch 5000/10484, Loss: 4.4579
  Batch 5010/10484, Loss: 4.7539
  Batch 5020/10484, Loss: 4.8293
  Batch 5030/10484, Loss: 4.6714
  Batch 5040/10484, Loss: 4.8840
  Batch 5050/10484, Loss: 4.7831
  Batch 5060/10484, Loss: 4.5995
  Batch 5070/10484, Loss: 4.6431
  Batch 5080/10484, Loss: 4.8571
  Batch 5090/10484, Loss: 5.0328
  Batch 5100/10484, Loss: 4.0170
  Batch 5110/10484, Loss: 4.5959
  Batch 5120/10484, Loss: 4.4269
  Batch 5130/10484, Loss: 4.2594
  Batch 5140/10484, Loss: 4.1302
  Batch 5150/10484, Loss: 4.5314
  Batch 5160/10484, Loss: 4.3617
  Batch 5170/10484, Loss: 4.4005
  Batch 5180/10484, Loss: 4.3129
  Batch 5190/10484, Loss: 4.4162
  Batch 5200/10484, Loss: 4.4333
  Batch 5210/10484, Loss: 4.0281
  Batch 5220/10484, Loss: 4.6413
  Batch 5230/10484, Loss: 4.7020
  Batch 5240/10484, Loss: 4.5026
  Batch 5250/10484, Loss: 4.8441
  Batch 5260/10484, Loss: 5.0708
  Batch 5270/10484, Loss: 4.1555
  Batch 5280/10484, Loss: 5.0936
  Batch 5290/10484, Loss: 4.4687
  Batch 5300/10484, Loss: 4.9941
  Batch 5310/10484, Loss: 4.8255
  Batch 5320/10484, Loss: 4.3379
  Batch 5330/10484, Loss: 4.5091
  Batch 5340/10484, Loss: 4.9604
  Batch 5350/10484, Loss: 4.3838
  Batch 5360/10484, Loss: 4.4811
  Batch 5370/10484, Loss: 4.4526
  Batch 5380/10484, Loss: 4.6100
  Batch 5390/10484, Loss: 5.1215
  Batch 5400/10484, Loss: 4.7614
  Batch 5410/10484, Loss: 4.5390
  Batch 5420/10484, Loss: 4.0486
  Batch 5430/10484, Loss: 4.9145
  Batch 5440/10484, Loss: 3.8008
  Batch 5450/10484, Loss: 5.2827
  Batch 5460/10484, Loss: 4.5044
  Batch 5470/10484, Loss: 4.4949
  Batch 5480/10484, Loss: 4.9411
  Batch 5490/10484, Loss: 4.6909
  Batch 5500/10484, Loss: 4.4540
  Batch 5510/10484, Loss: 5.0949
  Batch 5520/10484, Loss: 4.2272
  Batch 5530/10484, Loss: 4.6312
  Batch 5540/10484, Loss: 5.0336
  Batch 5550/10484, Loss: 4.2757
  Batch 5560/10484, Loss: 4.2239
  Batch 5570/10484, Loss: 4.9563
  Batch 5580/10484, Loss: 4.4988
  Batch 5590/10484, Loss: 4.9723
  Batch 5600/10484, Loss: 4.4664
  Batch 5610/10484, Loss: 4.5809
  Batch 5620/10484, Loss: 4.4812
  Batch 5630/10484, Loss: 4.8458
  Batch 5640/10484, Loss: 5.0990
  Batch 5650/10484, Loss: 4.5485
  Batch 5660/10484, Loss: 5.0091
  Batch 5670/10484, Loss: 4.6518
  Batch 5680/10484, Loss: 4.7629
  Batch 5690/10484, Loss: 4.4739
  Batch 5700/10484, Loss: 5.2801
  Batch 5710/10484, Loss: 4.1060
  Batch 5720/10484, Loss: 4.0360
  Batch 5730/10484, Loss: 4.6436
  Batch 5740/10484, Loss: 4.7686
  Batch 5750/10484, Loss: 3.8933
  Batch 5760/10484, Loss: 4.3673
  Batch 5770/10484, Loss: 5.1010
  Batch 5780/10484, Loss: 4.6265
  Batch 5790/10484, Loss: 4.5346
  Batch 5800/10484, Loss: 4.4486
  Batch 5810/10484, Loss: 4.3256
  Batch 5820/10484, Loss: 4.8713
  Batch 5830/10484, Loss: 4.5078
  Batch 5840/10484, Loss: 3.4558
  Batch 5850/10484, Loss: 4.1680
  Batch 5860/10484, Loss: 3.7567
  Batch 5870/10484, Loss: 4.9512
  Batch 5880/10484, Loss: 4.6436
  Batch 5890/10484, Loss: 5.3966
  Batch 5900/10484, Loss: 4.8679
  Batch 5910/10484, Loss: 4.3337
  Batch 5920/10484, Loss: 4.0915
  Batch 5930/10484, Loss: 4.3552
  Batch 5940/10484, Loss: 5.2697
  Batch 5950/10484, Loss: 4.3719
  Batch 5960/10484, Loss: 4.5218
  Batch 5970/10484, Loss: 5.0378
  Batch 5980/10484, Loss: 4.4282
  Batch 5990/10484, Loss: 4.4605
  Batch 6000/10484, Loss: 4.8988
  Batch 6010/10484, Loss: 4.1090
  Batch 6020/10484, Loss: 4.2563
  Batch 6030/10484, Loss: 4.7498
  Batch 6040/10484, Loss: 4.5432
  Batch 6050/10484, Loss: 4.6123
  Batch 6060/10484, Loss: 5.3173
  Batch 6070/10484, Loss: 4.2896
  Batch 6080/10484, Loss: 4.1377
  Batch 6090/10484, Loss: 4.2127
  Batch 6100/10484, Loss: 4.5084
  Batch 6110/10484, Loss: 5.2376
  Batch 6120/10484, Loss: 4.1504
  Batch 6130/10484, Loss: 4.2599
  Batch 6140/10484, Loss: 4.8038
  Batch 6150/10484, Loss: 3.7202
  Batch 6160/10484, Loss: 4.8925
  Batch 6170/10484, Loss: 4.7762
  Batch 6180/10484, Loss: 4.9929
  Batch 6190/10484, Loss: 4.1268
  Batch 6200/10484, Loss: 4.9213
  Batch 6210/10484, Loss: 4.5065
  Batch 6220/10484, Loss: 4.1283
  Batch 6230/10484, Loss: 4.2227
  Batch 6240/10484, Loss: 4.2721
  Batch 6250/10484, Loss: 4.9406
  Batch 6260/10484, Loss: 4.3279
  Batch 6270/10484, Loss: 4.5543
  Batch 6280/10484, Loss: 4.5638
  Batch 6290/10484, Loss: 4.2701
  Batch 6300/10484, Loss: 4.3982
  Batch 6310/10484, Loss: 4.4147
  Batch 6320/10484, Loss: 4.8566
  Batch 6330/10484, Loss: 4.5079
  Batch 6340/10484, Loss: 4.1169
  Batch 6350/10484, Loss: 4.2088
  Batch 6360/10484, Loss: 5.0163
  Batch 6370/10484, Loss: 4.8725
  Batch 6380/10484, Loss: 4.9103
  Batch 6390/10484, Loss: 4.3368
  Batch 6400/10484, Loss: 4.1702
  Batch 6410/10484, Loss: 4.7598
  Batch 6420/10484, Loss: 4.4420
  Batch 6430/10484, Loss: 4.4679
  Batch 6440/10484, Loss: 5.1581
  Batch 6450/10484, Loss: 5.0431
  Batch 6460/10484, Loss: 4.6864
  Batch 6470/10484, Loss: 4.7695
  Batch 6480/10484, Loss: 4.6597
  Batch 6490/10484, Loss: 4.3287
  Batch 6500/10484, Loss: 4.6937
  Batch 6510/10484, Loss: 4.1805
  Batch 6520/10484, Loss: 4.5225
  Batch 6530/10484, Loss: 5.1885
  Batch 6540/10484, Loss: 4.1590
  Batch 6550/10484, Loss: 4.8969
  Batch 6560/10484, Loss: 4.4203
  Batch 6570/10484, Loss: 4.2983
  Batch 6580/10484, Loss: 4.0035
  Batch 6590/10484, Loss: 4.4415
  Batch 6600/10484, Loss: 4.3654
  Batch 6610/10484, Loss: 5.0479
  Batch 6620/10484, Loss: 4.3855
  Batch 6630/10484, Loss: 4.7694
  Batch 6640/10484, Loss: 4.5862
  Batch 6650/10484, Loss: 4.3936
  Batch 6660/10484, Loss: 4.4611
  Batch 6670/10484, Loss: 5.0057
  Batch 6680/10484, Loss: 4.4772
  Batch 6690/10484, Loss: 4.0733
  Batch 6700/10484, Loss: 4.3005
  Batch 6710/10484, Loss: 4.3565
  Batch 6720/10484, Loss: 4.6710
  Batch 6730/10484, Loss: 5.0077
  Batch 6740/10484, Loss: 4.9329
  Batch 6750/10484, Loss: 4.6854
  Batch 6760/10484, Loss: 4.5236
  Batch 6770/10484, Loss: 4.0136
  Batch 6780/10484, Loss: 4.7304
  Batch 6790/10484, Loss: 4.8379
  Batch 6800/10484, Loss: 4.6796
  Batch 6810/10484, Loss: 5.1974
  Batch 6820/10484, Loss: 5.2139
  Batch 6830/10484, Loss: 4.3087
  Batch 6840/10484, Loss: 4.3200
  Batch 6850/10484, Loss: 4.7402
  Batch 6860/10484, Loss: 4.7048
  Batch 6870/10484, Loss: 4.3505
  Batch 6880/10484, Loss: 4.5794
  Batch 6890/10484, Loss: 4.4067
  Batch 6900/10484, Loss: 4.4094
  Batch 6910/10484, Loss: 4.4024
  Batch 6920/10484, Loss: 5.3542
  Batch 6930/10484, Loss: 3.9763
  Batch 6940/10484, Loss: 4.3946
  Batch 6950/10484, Loss: 4.3550
  Batch 6960/10484, Loss: 4.7380
  Batch 6970/10484, Loss: 4.5943
  Batch 6980/10484, Loss: 4.2476
  Batch 6990/10484, Loss: 4.3663
  Batch 7000/10484, Loss: 4.1692
  Batch 7010/10484, Loss: 3.9841
  Batch 7020/10484, Loss: 3.7852
  Batch 7030/10484, Loss: 4.4668
  Batch 7040/10484, Loss: 4.8412
  Batch 7050/10484, Loss: 4.8739
  Batch 7060/10484, Loss: 4.0156
  Batch 7070/10484, Loss: 5.0730
  Batch 7080/10484, Loss: 4.7462
  Batch 7090/10484, Loss: 4.6646
  Batch 7100/10484, Loss: 4.3556
  Batch 7110/10484, Loss: 4.7960
  Batch 7120/10484, Loss: 3.4182
  Batch 7130/10484, Loss: 4.6305
  Batch 7140/10484, Loss: 4.5395
  Batch 7150/10484, Loss: 4.7263
  Batch 7160/10484, Loss: 3.9034
  Batch 7170/10484, Loss: 4.7528
  Batch 7180/10484, Loss: 4.5952
  Batch 7190/10484, Loss: 4.4663
  Batch 7200/10484, Loss: 4.7671
  Batch 7210/10484, Loss: 4.0905
  Batch 7220/10484, Loss: 4.8561
  Batch 7230/10484, Loss: 4.1576
  Batch 7240/10484, Loss: 4.4295
  Batch 7250/10484, Loss: 4.5398
  Batch 7260/10484, Loss: 4.5945
  Batch 7270/10484, Loss: 4.1082
  Batch 7280/10484, Loss: 4.9969
  Batch 7290/10484, Loss: 4.4599
  Batch 7300/10484, Loss: 4.3558
  Batch 7310/10484, Loss: 4.2430
  Batch 7320/10484, Loss: 5.1047
  Batch 7330/10484, Loss: 5.3037
  Batch 7340/10484, Loss: 5.0307
  Batch 7350/10484, Loss: 4.2661
  Batch 7360/10484, Loss: 4.1080
  Batch 7370/10484, Loss: 4.5617
  Batch 7380/10484, Loss: 4.9514
  Batch 7390/10484, Loss: 4.1865
  Batch 7400/10484, Loss: 4.8256
  Batch 7410/10484, Loss: 4.1904
  Batch 7420/10484, Loss: 4.2764
  Batch 7430/10484, Loss: 4.9911
  Batch 7440/10484, Loss: 4.9267
  Batch 7450/10484, Loss: 4.3046
  Batch 7460/10484, Loss: 4.4250
  Batch 7470/10484, Loss: 4.4802
  Batch 7480/10484, Loss: 5.2555
  Batch 7490/10484, Loss: 4.5747
  Batch 7500/10484, Loss: 4.2125
  Batch 7510/10484, Loss: 4.5302
  Batch 7520/10484, Loss: 4.7823
  Batch 7530/10484, Loss: 4.3789
  Batch 7540/10484, Loss: 5.2005
  Batch 7550/10484, Loss: 3.9994
  Batch 7560/10484, Loss: 4.7435
  Batch 7570/10484, Loss: 3.8328
  Batch 7580/10484, Loss: 5.0745
  Batch 7590/10484, Loss: 4.4804
  Batch 7600/10484, Loss: 4.9447
  Batch 7610/10484, Loss: 4.5534
  Batch 7620/10484, Loss: 5.0615
  Batch 7630/10484, Loss: 4.5554
  Batch 7640/10484, Loss: 4.4584
  Batch 7650/10484, Loss: 5.0661
  Batch 7660/10484, Loss: 4.7875
  Batch 7670/10484, Loss: 4.5056
  Batch 7680/10484, Loss: 4.7880
  Batch 7690/10484, Loss: 4.8256
  Batch 7700/10484, Loss: 4.5902
  Batch 7710/10484, Loss: 4.4482
  Batch 7720/10484, Loss: 4.5179
  Batch 7730/10484, Loss: 5.4939
  Batch 7740/10484, Loss: 4.6158
  Batch 7750/10484, Loss: 4.3110
  Batch 7760/10484, Loss: 4.5345
  Batch 7770/10484, Loss: 4.5987
  Batch 7780/10484, Loss: 4.0582
  Batch 7790/10484, Loss: 4.7176
  Batch 7800/10484, Loss: 4.7862
  Batch 7810/10484, Loss: 4.4986
  Batch 7820/10484, Loss: 4.1394
  Batch 7830/10484, Loss: 4.3838
  Batch 7840/10484, Loss: 3.3417
  Batch 7850/10484, Loss: 4.2646
  Batch 7860/10484, Loss: 5.0800
  Batch 7870/10484, Loss: 4.6307
  Batch 7880/10484, Loss: 4.4721
  Batch 7890/10484, Loss: 4.7034
  Batch 7900/10484, Loss: 4.8089
  Batch 7910/10484, Loss: 4.0131
  Batch 7920/10484, Loss: 4.8938
  Batch 7930/10484, Loss: 4.3124
  Batch 7940/10484, Loss: 4.5339
  Batch 7950/10484, Loss: 4.3661
  Batch 7960/10484, Loss: 3.5254
  Batch 7970/10484, Loss: 4.6810
  Batch 7980/10484, Loss: 4.4391
  Batch 7990/10484, Loss: 4.6952
  Batch 8000/10484, Loss: 4.3441
  Batch 8010/10484, Loss: 4.2115
  Batch 8020/10484, Loss: 4.8028
  Batch 8030/10484, Loss: 4.0225
  Batch 8040/10484, Loss: 4.8556
  Batch 8050/10484, Loss: 4.4651
  Batch 8060/10484, Loss: 4.5661
  Batch 8070/10484, Loss: 4.7969
  Batch 8080/10484, Loss: 4.9415
  Batch 8090/10484, Loss: 4.2519
  Batch 8100/10484, Loss: 3.7377
  Batch 8110/10484, Loss: 4.1621
  Batch 8120/10484, Loss: 5.0220
  Batch 8130/10484, Loss: 4.9994
  Batch 8140/10484, Loss: 4.4025
  Batch 8150/10484, Loss: 4.3325
  Batch 8160/10484, Loss: 5.0337
  Batch 8170/10484, Loss: 4.3378
  Batch 8180/10484, Loss: 4.2655
  Batch 8190/10484, Loss: 3.8768
  Batch 8200/10484, Loss: 4.5348
  Batch 8210/10484, Loss: 4.8972
  Batch 8220/10484, Loss: 4.8795
  Batch 8230/10484, Loss: 4.5754
  Batch 8240/10484, Loss: 4.1049
  Batch 8250/10484, Loss: 4.2796
  Batch 8260/10484, Loss: 5.2627
  Batch 8270/10484, Loss: 4.5790
  Batch 8280/10484, Loss: 4.4483
  Batch 8290/10484, Loss: 4.7294
  Batch 8300/10484, Loss: 4.8913
  Batch 8310/10484, Loss: 4.3731
  Batch 8320/10484, Loss: 4.4927
  Batch 8330/10484, Loss: 3.9568
  Batch 8340/10484, Loss: 4.6655
  Batch 8350/10484, Loss: 4.9186
  Batch 8360/10484, Loss: 4.4959
  Batch 8370/10484, Loss: 3.9216
  Batch 8380/10484, Loss: 4.6486
  Batch 8390/10484, Loss: 3.9806
  Batch 8400/10484, Loss: 4.6556
  Batch 8410/10484, Loss: 4.7029
  Batch 8420/10484, Loss: 4.7504
  Batch 8430/10484, Loss: 4.3071
  Batch 8440/10484, Loss: 4.4421
  Batch 8450/10484, Loss: 5.1251
  Batch 8460/10484, Loss: 4.6035
  Batch 8470/10484, Loss: 5.5756
  Batch 8480/10484, Loss: 4.7515
  Batch 8490/10484, Loss: 4.4041
  Batch 8500/10484, Loss: 4.5670
  Batch 8510/10484, Loss: 4.1779
  Batch 8520/10484, Loss: 4.7751
  Batch 8530/10484, Loss: 4.5289
  Batch 8540/10484, Loss: 4.6476
  Batch 8550/10484, Loss: 4.6544
  Batch 8560/10484, Loss: 4.4307
  Batch 8570/10484, Loss: 5.2905
  Batch 8580/10484, Loss: 4.0101
  Batch 8590/10484, Loss: 4.2075
  Batch 8600/10484, Loss: 4.2561
  Batch 8610/10484, Loss: 4.5385
  Batch 8620/10484, Loss: 4.1177
  Batch 8630/10484, Loss: 4.7415
  Batch 8640/10484, Loss: 4.1921
  Batch 8650/10484, Loss: 4.4807
  Batch 8660/10484, Loss: 5.0588
  Batch 8670/10484, Loss: 4.8873
  Batch 8680/10484, Loss: 4.6799
  Batch 8690/10484, Loss: 5.1834
  Batch 8700/10484, Loss: 4.2193
  Batch 8710/10484, Loss: 4.5375
  Batch 8720/10484, Loss: 4.2924
  Batch 8730/10484, Loss: 4.9654
  Batch 8740/10484, Loss: 4.6680
  Batch 8750/10484, Loss: 4.7591
  Batch 8760/10484, Loss: 4.2018
  Batch 8770/10484, Loss: 4.8029
  Batch 8780/10484, Loss: 4.1982
  Batch 8790/10484, Loss: 4.5178
  Batch 8800/10484, Loss: 4.1055
  Batch 8810/10484, Loss: 4.8023
  Batch 8820/10484, Loss: 4.4809
  Batch 8830/10484, Loss: 4.8345
  Batch 8840/10484, Loss: 4.7574
  Batch 8850/10484, Loss: 4.1901
  Batch 8860/10484, Loss: 4.8580
  Batch 8870/10484, Loss: 4.7199
  Batch 8880/10484, Loss: 5.0507
  Batch 8890/10484, Loss: 4.1588
  Batch 8900/10484, Loss: 4.1764
  Batch 8910/10484, Loss: 5.3699
  Batch 8920/10484, Loss: 4.5814
  Batch 8930/10484, Loss: 4.5891
  Batch 8940/10484, Loss: 4.3363
  Batch 8950/10484, Loss: 5.0431
  Batch 8960/10484, Loss: 4.3080
  Batch 8970/10484, Loss: 5.0897
  Batch 8980/10484, Loss: 4.9355
  Batch 8990/10484, Loss: 4.6844
  Batch 9000/10484, Loss: 4.4122
  Batch 9010/10484, Loss: 5.1071
  Batch 9020/10484, Loss: 4.3303
  Batch 9030/10484, Loss: 4.7021
  Batch 9040/10484, Loss: 4.5741
  Batch 9050/10484, Loss: 5.1777
  Batch 9060/10484, Loss: 4.3163
  Batch 9070/10484, Loss: 4.5533
  Batch 9080/10484, Loss: 5.0467
  Batch 9090/10484, Loss: 4.8668
  Batch 9100/10484, Loss: 4.3323
  Batch 9110/10484, Loss: 4.4410
  Batch 9120/10484, Loss: 4.6639
  Batch 9130/10484, Loss: 4.6117
  Batch 9140/10484, Loss: 4.6750
  Batch 9150/10484, Loss: 4.1053
  Batch 9160/10484, Loss: 4.6873
  Batch 9170/10484, Loss: 4.8989
  Batch 9180/10484, Loss: 4.8365
  Batch 9190/10484, Loss: 4.4143
  Batch 9200/10484, Loss: 4.4998
  Batch 9210/10484, Loss: 4.4760
  Batch 9220/10484, Loss: 4.2790
  Batch 9230/10484, Loss: 4.5423
  Batch 9240/10484, Loss: 4.5512
  Batch 9250/10484, Loss: 4.2723
  Batch 9260/10484, Loss: 4.5939
  Batch 9270/10484, Loss: 4.7969
  Batch 9280/10484, Loss: 4.1290
  Batch 9290/10484, Loss: 4.3641
  Batch 9300/10484, Loss: 4.8285
  Batch 9310/10484, Loss: 5.1600
  Batch 9320/10484, Loss: 4.4308
  Batch 9330/10484, Loss: 4.5144
  Batch 9340/10484, Loss: 4.6926
  Batch 9350/10484, Loss: 4.6430
  Batch 9360/10484, Loss: 4.6009
  Batch 9370/10484, Loss: 4.4294
  Batch 9380/10484, Loss: 4.1431
  Batch 9390/10484, Loss: 4.6260
  Batch 9400/10484, Loss: 3.9556
  Batch 9410/10484, Loss: 4.6342
  Batch 9420/10484, Loss: 4.0445
  Batch 9430/10484, Loss: 4.7938
  Batch 9440/10484, Loss: 4.0208
  Batch 9450/10484, Loss: 3.9880
  Batch 9460/10484, Loss: 4.8618
  Batch 9470/10484, Loss: 4.8940
  Batch 9480/10484, Loss: 4.7643
  Batch 9490/10484, Loss: 4.3841
  Batch 9500/10484, Loss: 4.8259
  Batch 9510/10484, Loss: 5.1353
  Batch 9520/10484, Loss: 4.6687
  Batch 9530/10484, Loss: 4.2076
  Batch 9540/10484, Loss: 4.6073
  Batch 9550/10484, Loss: 4.3984
  Batch 9560/10484, Loss: 4.5799
  Batch 9570/10484, Loss: 3.9750
  Batch 9580/10484, Loss: 4.3090
  Batch 9590/10484, Loss: 4.7631
  Batch 9600/10484, Loss: 4.3399
  Batch 9610/10484, Loss: 4.5721
  Batch 9620/10484, Loss: 4.4378
  Batch 9630/10484, Loss: 4.2202
  Batch 9640/10484, Loss: 5.2356
  Batch 9650/10484, Loss: 4.1327
  Batch 9660/10484, Loss: 4.0394
  Batch 9670/10484, Loss: 5.1702
  Batch 9680/10484, Loss: 4.8043
  Batch 9690/10484, Loss: 4.6692
  Batch 9700/10484, Loss: 4.8226
  Batch 9710/10484, Loss: 5.0892
  Batch 9720/10484, Loss: 4.1102
  Batch 9730/10484, Loss: 5.1736
  Batch 9740/10484, Loss: 4.9643
  Batch 9750/10484, Loss: 4.5967
  Batch 9760/10484, Loss: 4.0912
  Batch 9770/10484, Loss: 4.4334
  Batch 9780/10484, Loss: 4.5381
  Batch 9790/10484, Loss: 4.5293
  Batch 9800/10484, Loss: 4.2232
  Batch 9810/10484, Loss: 4.3439
  Batch 9820/10484, Loss: 4.4092
  Batch 9830/10484, Loss: 5.0051
  Batch 9840/10484, Loss: 4.3048
  Batch 9850/10484, Loss: 4.4788
  Batch 9860/10484, Loss: 4.4207
  Batch 9870/10484, Loss: 4.8397
  Batch 9880/10484, Loss: 4.3287
  Batch 9890/10484, Loss: 4.5972
  Batch 9900/10484, Loss: 4.5601
  Batch 9910/10484, Loss: 3.8571
  Batch 9920/10484, Loss: 4.0076
  Batch 9930/10484, Loss: 4.7985
  Batch 9940/10484, Loss: 4.2331
  Batch 9950/10484, Loss: 4.6173
  Batch 9960/10484, Loss: 4.4991
  Batch 9970/10484, Loss: 5.1056
  Batch 9980/10484, Loss: 4.6335
  Batch 9990/10484, Loss: 5.6328
  Batch 10000/10484, Loss: 4.6997
  Batch 10010/10484, Loss: 3.6228
  Batch 10020/10484, Loss: 4.8470
  Batch 10030/10484, Loss: 4.8519
  Batch 10040/10484, Loss: 5.1664
  Batch 10050/10484, Loss: 4.7982
  Batch 10060/10484, Loss: 5.0622
  Batch 10070/10484, Loss: 4.6756
  Batch 10080/10484, Loss: 4.2406
  Batch 10090/10484, Loss: 4.2294
  Batch 10100/10484, Loss: 4.9273
  Batch 10110/10484, Loss: 4.1435
  Batch 10120/10484, Loss: 4.2219
  Batch 10130/10484, Loss: 4.1613
  Batch 10140/10484, Loss: 4.2019
  Batch 10150/10484, Loss: 4.4097
  Batch 10160/10484, Loss: 5.0570
  Batch 10170/10484, Loss: 5.2760
  Batch 10180/10484, Loss: 3.9763
  Batch 10190/10484, Loss: 4.6906
  Batch 10200/10484, Loss: 4.9333
  Batch 10210/10484, Loss: 4.3421
  Batch 10220/10484, Loss: 4.0610
  Batch 10230/10484, Loss: 3.9276
  Batch 10240/10484, Loss: 4.6235
  Batch 10250/10484, Loss: 4.0253
  Batch 10260/10484, Loss: 4.4405
  Batch 10270/10484, Loss: 4.3905
  Batch 10280/10484, Loss: 4.5578
  Batch 10290/10484, Loss: 4.2316
  Batch 10300/10484, Loss: 5.1782
  Batch 10310/10484, Loss: 4.1123
  Batch 10320/10484, Loss: 4.8647
  Batch 10330/10484, Loss: 4.6601
  Batch 10340/10484, Loss: 5.0106
  Batch 10350/10484, Loss: 4.5523
  Batch 10360/10484, Loss: 4.5777
  Batch 10370/10484, Loss: 4.9223
  Batch 10380/10484, Loss: 4.8427
  Batch 10390/10484, Loss: 4.2294
  Batch 10400/10484, Loss: 4.3774
  Batch 10410/10484, Loss: 4.8376
  Batch 10420/10484, Loss: 4.8776
  Batch 10430/10484, Loss: 4.8719
  Batch 10440/10484, Loss: 4.3431
  Batch 10450/10484, Loss: 4.3602
  Batch 10460/10484, Loss: 4.6011
  Batch 10470/10484, Loss: 4.4768
  Batch 10480/10484, Loss: 4.9079

  Train Loss: 4.5600
  Val Loss: 6.5942
  Time: 31m 33s

Epoch 4/20
----------------------------------------
  Batch 10/10484, Loss: 4.3959
  Batch 20/10484, Loss: 4.3256
  Batch 30/10484, Loss: 3.6269
  Batch 40/10484, Loss: 4.8679
  Batch 50/10484, Loss: 4.3733
  Batch 60/10484, Loss: 4.3704
  Batch 70/10484, Loss: 4.5743
  Batch 80/10484, Loss: 4.0729
  Batch 90/10484, Loss: 4.3767
  Batch 100/10484, Loss: 3.4906
  Batch 110/10484, Loss: 4.4951
  Batch 120/10484, Loss: 4.2236
  Batch 130/10484, Loss: 4.8057
  Batch 140/10484, Loss: 4.5732
  Batch 150/10484, Loss: 4.0405
  Batch 160/10484, Loss: 4.3115
  Batch 170/10484, Loss: 3.8869
  Batch 180/10484, Loss: 4.8891
  Batch 190/10484, Loss: 4.0474
  Batch 200/10484, Loss: 5.0045
  Batch 210/10484, Loss: 4.5205
  Batch 220/10484, Loss: 4.9549
  Batch 230/10484, Loss: 4.4979
  Batch 240/10484, Loss: 4.3770
  Batch 250/10484, Loss: 3.7860
  Batch 260/10484, Loss: 4.1791
  Batch 270/10484, Loss: 4.3321
  Batch 280/10484, Loss: 4.3287
  Batch 290/10484, Loss: 4.1922
  Batch 300/10484, Loss: 4.6738
  Batch 310/10484, Loss: 4.2958
  Batch 320/10484, Loss: 3.7915
  Batch 330/10484, Loss: 4.0709
  Batch 340/10484, Loss: 4.3229
  Batch 350/10484, Loss: 3.9250
  Batch 360/10484, Loss: 4.2455
  Batch 370/10484, Loss: 4.5212
  Batch 380/10484, Loss: 4.1879
  Batch 390/10484, Loss: 4.5042
  Batch 400/10484, Loss: 3.8823
  Batch 410/10484, Loss: 4.0371
  Batch 420/10484, Loss: 4.4798
  Batch 430/10484, Loss: 4.0454
  Batch 440/10484, Loss: 4.4035
  Batch 450/10484, Loss: 3.8458
  Batch 460/10484, Loss: 4.6504
  Batch 470/10484, Loss: 4.6076
  Batch 480/10484, Loss: 4.4357
  Batch 490/10484, Loss: 4.4208
  Batch 500/10484, Loss: 4.2267
  Batch 510/10484, Loss: 4.7890
  Batch 520/10484, Loss: 4.2532
  Batch 530/10484, Loss: 4.2397
  Batch 540/10484, Loss: 4.2800
  Batch 550/10484, Loss: 4.4062
  Batch 560/10484, Loss: 4.2163
  Batch 570/10484, Loss: 4.2276
  Batch 580/10484, Loss: 4.1985
  Batch 590/10484, Loss: 4.4816
  Batch 600/10484, Loss: 4.5541
  Batch 610/10484, Loss: 4.4672
  Batch 620/10484, Loss: 4.5003
  Batch 630/10484, Loss: 3.7196
  Batch 640/10484, Loss: 4.2326
  Batch 650/10484, Loss: 4.1541
  Batch 660/10484, Loss: 4.9109
  Batch 670/10484, Loss: 3.4937
  Batch 680/10484, Loss: 4.0005
  Batch 690/10484, Loss: 4.3431
  Batch 700/10484, Loss: 4.3982
  Batch 710/10484, Loss: 4.1911
  Batch 720/10484, Loss: 4.4492
  Batch 730/10484, Loss: 3.9334
  Batch 740/10484, Loss: 4.3738
  Batch 750/10484, Loss: 3.8324
  Batch 760/10484, Loss: 4.8456
  Batch 770/10484, Loss: 4.4072
  Batch 780/10484, Loss: 4.6069
  Batch 790/10484, Loss: 4.2942
  Batch 800/10484, Loss: 4.8915
  Batch 810/10484, Loss: 4.4025
  Batch 820/10484, Loss: 4.0618
  Batch 830/10484, Loss: 4.2085
  Batch 840/10484, Loss: 4.5278
  Batch 850/10484, Loss: 4.7802
  Batch 860/10484, Loss: 4.2675
  Batch 870/10484, Loss: 4.1689
  Batch 880/10484, Loss: 4.6118
  Batch 890/10484, Loss: 5.0933
  Batch 900/10484, Loss: 3.9331
  Batch 910/10484, Loss: 4.5497
  Batch 920/10484, Loss: 3.8718
  Batch 930/10484, Loss: 4.0662
  Batch 940/10484, Loss: 4.2913
  Batch 950/10484, Loss: 4.0654
  Batch 960/10484, Loss: 3.7944
  Batch 970/10484, Loss: 4.2408
  Batch 980/10484, Loss: 4.4669
  Batch 990/10484, Loss: 5.1621
  Batch 1000/10484, Loss: 4.4164
  Batch 1010/10484, Loss: 3.9483
  Batch 1020/10484, Loss: 3.7220
  Batch 1030/10484, Loss: 4.6177
  Batch 1040/10484, Loss: 4.6363
  Batch 1050/10484, Loss: 4.0824
  Batch 1060/10484, Loss: 4.7244
  Batch 1070/10484, Loss: 4.2443
  Batch 1080/10484, Loss: 3.8824
  Batch 1090/10484, Loss: 4.6062
  Batch 1100/10484, Loss: 4.8412
  Batch 1110/10484, Loss: 4.8700
  Batch 1120/10484, Loss: 4.1939
  Batch 1130/10484, Loss: 3.7723
  Batch 1140/10484, Loss: 4.6822
  Batch 1150/10484, Loss: 4.0060
  Batch 1160/10484, Loss: 3.7746
  Batch 1170/10484, Loss: 4.7187
  Batch 1180/10484, Loss: 4.3055
  Batch 1190/10484, Loss: 4.0081
  Batch 1200/10484, Loss: 4.2589
  Batch 1210/10484, Loss: 4.3874
  Batch 1220/10484, Loss: 4.6774
  Batch 1230/10484, Loss: 4.6623
  Batch 1240/10484, Loss: 4.9378
  Batch 1250/10484, Loss: 4.2251
  Batch 1260/10484, Loss: 4.4339
  Batch 1270/10484, Loss: 4.5390
  Batch 1280/10484, Loss: 4.4589
  Batch 1290/10484, Loss: 4.4807
  Batch 1300/10484, Loss: 4.5474
  Batch 1310/10484, Loss: 4.3029
  Batch 1320/10484, Loss: 4.4762
  Batch 1330/10484, Loss: 4.1406
  Batch 1340/10484, Loss: 3.8769
  Batch 1350/10484, Loss: 4.9508
  Batch 1360/10484, Loss: 4.6515
  Batch 1370/10484, Loss: 3.7092
  Batch 1380/10484, Loss: 4.7182
  Batch 1390/10484, Loss: 4.5004
  Batch 1400/10484, Loss: 4.2208
  Batch 1410/10484, Loss: 4.4146
  Batch 1420/10484, Loss: 4.5317
  Batch 1430/10484, Loss: 4.5893
  Batch 1440/10484, Loss: 3.9252
  Batch 1450/10484, Loss: 4.6726
  Batch 1460/10484, Loss: 4.3625
  Batch 1470/10484, Loss: 4.5371
  Batch 1480/10484, Loss: 4.6291
  Batch 1490/10484, Loss: 4.5220
  Batch 1500/10484, Loss: 4.2824
  Batch 1510/10484, Loss: 4.3413
  Batch 1520/10484, Loss: 4.0523
  Batch 1530/10484, Loss: 4.4204
  Batch 1540/10484, Loss: 4.5110
  Batch 1550/10484, Loss: 4.6104
  Batch 1560/10484, Loss: 4.9440
  Batch 1570/10484, Loss: 3.9316
  Batch 1580/10484, Loss: 4.3594
  Batch 1590/10484, Loss: 4.8199
  Batch 1600/10484, Loss: 4.3572
  Batch 1610/10484, Loss: 4.6846
  Batch 1620/10484, Loss: 4.3308
  Batch 1630/10484, Loss: 4.1888
  Batch 1640/10484, Loss: 4.2000
  Batch 1650/10484, Loss: 4.4157
  Batch 1660/10484, Loss: 3.9098
  Batch 1670/10484, Loss: 4.7646
  Batch 1680/10484, Loss: 4.1874
  Batch 1690/10484, Loss: 4.7026
  Batch 1700/10484, Loss: 4.5820
  Batch 1710/10484, Loss: 4.5460
  Batch 1720/10484, Loss: 4.8878
  Batch 1730/10484, Loss: 4.0570
  Batch 1740/10484, Loss: 4.1102
  Batch 1750/10484, Loss: 4.2105
  Batch 1760/10484, Loss: 4.7683
  Batch 1770/10484, Loss: 4.9338
  Batch 1780/10484, Loss: 4.2420
  Batch 1790/10484, Loss: 4.6599
  Batch 1800/10484, Loss: 4.5899
  Batch 1810/10484, Loss: 4.0662
  Batch 1820/10484, Loss: 4.2239
  Batch 1830/10484, Loss: 4.7772
  Batch 1840/10484, Loss: 4.1015
  Batch 1850/10484, Loss: 3.8989
  Batch 1860/10484, Loss: 4.5622
  Batch 1870/10484, Loss: 4.1865
  Batch 1880/10484, Loss: 4.7810
  Batch 1890/10484, Loss: 4.2792
  Batch 1900/10484, Loss: 4.7048
  Batch 1910/10484, Loss: 4.3771
  Batch 1920/10484, Loss: 4.5628
  Batch 1930/10484, Loss: 4.2467
  Batch 1940/10484, Loss: 4.4963
  Batch 1950/10484, Loss: 4.1572
  Batch 1960/10484, Loss: 4.3336
  Batch 1970/10484, Loss: 4.2745
  Batch 1980/10484, Loss: 4.0096
  Batch 1990/10484, Loss: 4.4293
  Batch 2000/10484, Loss: 4.5537
  Batch 2010/10484, Loss: 4.4033
  Batch 2020/10484, Loss: 4.4028
  Batch 2030/10484, Loss: 4.7046
  Batch 2040/10484, Loss: 4.6044
  Batch 2050/10484, Loss: 5.2652
  Batch 2060/10484, Loss: 4.0168
  Batch 2070/10484, Loss: 4.4874
  Batch 2080/10484, Loss: 3.9725
  Batch 2090/10484, Loss: 4.6278
  Batch 2100/10484, Loss: 4.4177
  Batch 2110/10484, Loss: 4.5756
  Batch 2120/10484, Loss: 4.5785
  Batch 2130/10484, Loss: 4.3577
  Batch 2140/10484, Loss: 4.5196
  Batch 2150/10484, Loss: 4.3655
  Batch 2160/10484, Loss: 4.8169
  Batch 2170/10484, Loss: 3.9144
  Batch 2180/10484, Loss: 4.0393
  Batch 2190/10484, Loss: 4.2027
  Batch 2200/10484, Loss: 4.6164
  Batch 2210/10484, Loss: 4.7476
  Batch 2220/10484, Loss: 4.2546
  Batch 2230/10484, Loss: 4.8320
  Batch 2240/10484, Loss: 3.8725
  Batch 2250/10484, Loss: 4.7626
  Batch 2260/10484, Loss: 4.3203
  Batch 2270/10484, Loss: 3.9970
  Batch 2280/10484, Loss: 4.6948
  Batch 2290/10484, Loss: 4.7250
  Batch 2300/10484, Loss: 4.4556
  Batch 2310/10484, Loss: 4.5912
  Batch 2320/10484, Loss: 3.6201
  Batch 2330/10484, Loss: 4.5976
  Batch 2340/10484, Loss: 4.7104
  Batch 2350/10484, Loss: 4.7463
  Batch 2360/10484, Loss: 4.6557
  Batch 2370/10484, Loss: 4.5480
  Batch 2380/10484, Loss: 4.4063
  Batch 2390/10484, Loss: 4.9582
  Batch 2400/10484, Loss: 4.1429
  Batch 2410/10484, Loss: 4.5912
  Batch 2420/10484, Loss: 3.3300
  Batch 2430/10484, Loss: 4.3977
  Batch 2440/10484, Loss: 4.6437
  Batch 2450/10484, Loss: 4.6402
  Batch 2460/10484, Loss: 4.0733
  Batch 2470/10484, Loss: 4.0846
  Batch 2480/10484, Loss: 4.4706
  Batch 2490/10484, Loss: 3.8405
  Batch 2500/10484, Loss: 4.0178
  Batch 2510/10484, Loss: 4.0453
  Batch 2520/10484, Loss: 4.5313
  Batch 2530/10484, Loss: 3.7297
  Batch 2540/10484, Loss: 3.8138
  Batch 2550/10484, Loss: 4.3670
  Batch 2560/10484, Loss: 3.8789
  Batch 2570/10484, Loss: 4.3958
  Batch 2580/10484, Loss: 4.7498
  Batch 2590/10484, Loss: 4.4811
  Batch 2600/10484, Loss: 3.4328
  Batch 2610/10484, Loss: 4.1823
  Batch 2620/10484, Loss: 4.1793
  Batch 2630/10484, Loss: 4.0826
  Batch 2640/10484, Loss: 4.3679
  Batch 2650/10484, Loss: 4.2592
  Batch 2660/10484, Loss: 4.7738
  Batch 2670/10484, Loss: 4.5214
  Batch 2680/10484, Loss: 4.5835
  Batch 2690/10484, Loss: 4.3329
  Batch 2700/10484, Loss: 4.4587
  Batch 2710/10484, Loss: 4.4590
  Batch 2720/10484, Loss: 4.3123
  Batch 2730/10484, Loss: 3.9896
  Batch 2740/10484, Loss: 3.9073
  Batch 2750/10484, Loss: 4.0488
  Batch 2760/10484, Loss: 4.0908
  Batch 2770/10484, Loss: 4.7591
  Batch 2780/10484, Loss: 4.5658
  Batch 2790/10484, Loss: 4.4936
  Batch 2800/10484, Loss: 4.5506
  Batch 2810/10484, Loss: 4.7596
  Batch 2820/10484, Loss: 4.8813
  Batch 2830/10484, Loss: 4.1653
  Batch 2840/10484, Loss: 4.2673
  Batch 2850/10484, Loss: 4.0737
  Batch 2860/10484, Loss: 4.8355
  Batch 2870/10484, Loss: 4.2213
  Batch 2880/10484, Loss: 4.4105
  Batch 2890/10484, Loss: 4.5587
  Batch 2900/10484, Loss: 4.2713
  Batch 2910/10484, Loss: 4.5631
  Batch 2920/10484, Loss: 4.3229
  Batch 2930/10484, Loss: 4.9120
  Batch 2940/10484, Loss: 4.6110
  Batch 2950/10484, Loss: 4.0636
  Batch 2960/10484, Loss: 4.1680
  Batch 2970/10484, Loss: 4.1311
  Batch 2980/10484, Loss: 4.6151
  Batch 2990/10484, Loss: 4.2999
  Batch 3000/10484, Loss: 4.7321
  Batch 3010/10484, Loss: 4.5612
  Batch 3020/10484, Loss: 4.5427
  Batch 3030/10484, Loss: 4.2896
  Batch 3040/10484, Loss: 4.7643
  Batch 3050/10484, Loss: 4.4594
  Batch 3060/10484, Loss: 4.6248
  Batch 3070/10484, Loss: 4.2529
  Batch 3080/10484, Loss: 4.4043
  Batch 3090/10484, Loss: 3.6263
  Batch 3100/10484, Loss: 4.2398
  Batch 3110/10484, Loss: 4.7266
  Batch 3120/10484, Loss: 4.0324
  Batch 3130/10484, Loss: 5.0778
  Batch 3140/10484, Loss: 4.5290
  Batch 3150/10484, Loss: 4.2668
  Batch 3160/10484, Loss: 4.1420
  Batch 3170/10484, Loss: 4.3255
  Batch 3180/10484, Loss: 4.6099
  Batch 3190/10484, Loss: 4.8000
  Batch 3200/10484, Loss: 4.3502
  Batch 3210/10484, Loss: 4.3281
  Batch 3220/10484, Loss: 4.2438
  Batch 3230/10484, Loss: 4.0508
  Batch 3240/10484, Loss: 4.1239
  Batch 3250/10484, Loss: 3.2804
  Batch 3260/10484, Loss: 4.7761
  Batch 3270/10484, Loss: 4.5406
  Batch 3280/10484, Loss: 4.8731
  Batch 3290/10484, Loss: 4.3481
  Batch 3300/10484, Loss: 3.9829
  Batch 3310/10484, Loss: 4.1633
  Batch 3320/10484, Loss: 4.6571
  Batch 3330/10484, Loss: 4.2353
  Batch 3340/10484, Loss: 4.3196
  Batch 3350/10484, Loss: 3.9157
  Batch 3360/10484, Loss: 5.0213
  Batch 3370/10484, Loss: 4.2404
  Batch 3380/10484, Loss: 4.4885
  Batch 3390/10484, Loss: 4.9432
  Batch 3400/10484, Loss: 4.3805
  Batch 3410/10484, Loss: 4.0372
  Batch 3420/10484, Loss: 4.7305
  Batch 3430/10484, Loss: 4.1475
  Batch 3440/10484, Loss: 4.5740
  Batch 3450/10484, Loss: 4.1660
  Batch 3460/10484, Loss: 4.1835
  Batch 3470/10484, Loss: 4.1405
  Batch 3480/10484, Loss: 4.3480
  Batch 3490/10484, Loss: 4.5074
  Batch 3500/10484, Loss: 4.8692
  Batch 3510/10484, Loss: 4.4292
  Batch 3520/10484, Loss: 4.5467
  Batch 3530/10484, Loss: 4.6636
  Batch 3540/10484, Loss: 3.8297
  Batch 3550/10484, Loss: 4.6083
  Batch 3560/10484, Loss: 4.8929
  Batch 3570/10484, Loss: 4.0448
  Batch 3580/10484, Loss: 4.2105
  Batch 3590/10484, Loss: 4.1826
  Batch 3600/10484, Loss: 4.5291
  Batch 3610/10484, Loss: 4.9032
  Batch 3620/10484, Loss: 3.8143
  Batch 3630/10484, Loss: 4.9165
  Batch 3640/10484, Loss: 4.1075
  Batch 3650/10484, Loss: 4.1776
  Batch 3660/10484, Loss: 4.1595
  Batch 3670/10484, Loss: 3.7913
  Batch 3680/10484, Loss: 4.5877
  Batch 3690/10484, Loss: 4.7954
  Batch 3700/10484, Loss: 4.4955
  Batch 3710/10484, Loss: 4.8196
  Batch 3720/10484, Loss: 4.0761
  Batch 3730/10484, Loss: 4.4411
  Batch 3740/10484, Loss: 4.6638
  Batch 3750/10484, Loss: 4.5724
  Batch 3760/10484, Loss: 4.4222
  Batch 3770/10484, Loss: 4.6638
  Batch 3780/10484, Loss: 3.7893
  Batch 3790/10484, Loss: 4.2144
  Batch 3800/10484, Loss: 4.9011
  Batch 3810/10484, Loss: 3.6500
  Batch 3820/10484, Loss: 4.3399
  Batch 3830/10484, Loss: 4.1719
  Batch 3840/10484, Loss: 4.4639
  Batch 3850/10484, Loss: 4.3050
  Batch 3860/10484, Loss: 4.5136
  Batch 3870/10484, Loss: 5.0279
  Batch 3880/10484, Loss: 4.4072
  Batch 3890/10484, Loss: 4.4210
  Batch 3900/10484, Loss: 4.7336
  Batch 3910/10484, Loss: 4.6888
  Batch 3920/10484, Loss: 3.7466
  Batch 3930/10484, Loss: 4.3798
  Batch 3940/10484, Loss: 4.3775
  Batch 3950/10484, Loss: 4.6710
  Batch 3960/10484, Loss: 4.2544
  Batch 3970/10484, Loss: 4.3818
  Batch 3980/10484, Loss: 4.7431
  Batch 3990/10484, Loss: 4.6416
  Batch 4000/10484, Loss: 4.5879
  Batch 4010/10484, Loss: 4.4304
  Batch 4020/10484, Loss: 4.6537
  Batch 4030/10484, Loss: 4.4880
  Batch 4040/10484, Loss: 4.1280
  Batch 4050/10484, Loss: 4.9432
  Batch 4060/10484, Loss: 4.1950
  Batch 4070/10484, Loss: 3.7476
  Batch 4080/10484, Loss: 4.6218
  Batch 4090/10484, Loss: 4.1387
  Batch 4100/10484, Loss: 4.7161
  Batch 4110/10484, Loss: 4.7817
  Batch 4120/10484, Loss: 4.6673
  Batch 4130/10484, Loss: 4.1957
  Batch 4140/10484, Loss: 4.4473
  Batch 4150/10484, Loss: 4.3115
  Batch 4160/10484, Loss: 4.1751
  Batch 4170/10484, Loss: 4.7874
  Batch 4180/10484, Loss: 4.2862
  Batch 4190/10484, Loss: 4.5087
  Batch 4200/10484, Loss: 3.8206
  Batch 4210/10484, Loss: 4.2683
  Batch 4220/10484, Loss: 4.0909
  Batch 4230/10484, Loss: 4.3883
  Batch 4240/10484, Loss: 4.7543
  Batch 4250/10484, Loss: 4.5650
  Batch 4260/10484, Loss: 3.9533
  Batch 4270/10484, Loss: 4.4114
  Batch 4280/10484, Loss: 4.0155
  Batch 4290/10484, Loss: 4.5091
  Batch 4300/10484, Loss: 4.9503
  Batch 4310/10484, Loss: 4.1322
  Batch 4320/10484, Loss: 4.3480
  Batch 4330/10484, Loss: 5.1706
  Batch 4340/10484, Loss: 4.1915
  Batch 4350/10484, Loss: 4.8884
  Batch 4360/10484, Loss: 3.9439
  Batch 4370/10484, Loss: 3.6284
  Batch 4380/10484, Loss: 4.4904
  Batch 4390/10484, Loss: 4.6967
  Batch 4400/10484, Loss: 3.5198
  Batch 4410/10484, Loss: 4.7032
  Batch 4420/10484, Loss: 4.8742
  Batch 4430/10484, Loss: 4.1117
  Batch 4440/10484, Loss: 4.7095
  Batch 4450/10484, Loss: 4.0434
  Batch 4460/10484, Loss: 4.7130
  Batch 4470/10484, Loss: 4.7272
  Batch 4480/10484, Loss: 4.7838
  Batch 4490/10484, Loss: 4.7513
  Batch 4500/10484, Loss: 4.2820
  Batch 4510/10484, Loss: 4.1887
  Batch 4520/10484, Loss: 4.4046
  Batch 4530/10484, Loss: 4.3795
  Batch 4540/10484, Loss: 4.2337
  Batch 4550/10484, Loss: 3.8749
  Batch 4560/10484, Loss: 4.8565
  Batch 4570/10484, Loss: 4.9262
  Batch 4580/10484, Loss: 4.5067
  Batch 4590/10484, Loss: 4.0929
  Batch 4600/10484, Loss: 4.5701
  Batch 4610/10484, Loss: 4.0573
  Batch 4620/10484, Loss: 4.5062
  Batch 4630/10484, Loss: 4.1864
  Batch 4640/10484, Loss: 3.3121
  Batch 4650/10484, Loss: 4.8952
  Batch 4660/10484, Loss: 3.8929
  Batch 4670/10484, Loss: 4.0521
  Batch 4680/10484, Loss: 4.3540
  Batch 4690/10484, Loss: 4.4147
  Batch 4700/10484, Loss: 4.4079
  Batch 4710/10484, Loss: 3.8092
  Batch 4720/10484, Loss: 4.3905
  Batch 4730/10484, Loss: 4.6917
  Batch 4740/10484, Loss: 3.9801
  Batch 4750/10484, Loss: 4.4612
  Batch 4760/10484, Loss: 4.6211
  Batch 4770/10484, Loss: 4.2727
  Batch 4780/10484, Loss: 4.2837
  Batch 4790/10484, Loss: 4.2595
  Batch 4800/10484, Loss: 4.1389
  Batch 4810/10484, Loss: 4.1155
  Batch 4820/10484, Loss: 3.9972
  Batch 4830/10484, Loss: 4.7096
  Batch 4840/10484, Loss: 4.5374
  Batch 4850/10484, Loss: 4.7038
  Batch 4860/10484, Loss: 4.0913
  Batch 4870/10484, Loss: 3.7200
  Batch 4880/10484, Loss: 4.3878
  Batch 4890/10484, Loss: 4.5633
  Batch 4900/10484, Loss: 4.3305
  Batch 4910/10484, Loss: 4.9950
  Batch 4920/10484, Loss: 4.3993
  Batch 4930/10484, Loss: 4.1181
  Batch 4940/10484, Loss: 4.2177
  Batch 4950/10484, Loss: 4.1534
  Batch 4960/10484, Loss: 4.4389
  Batch 4970/10484, Loss: 3.9145
  Batch 4980/10484, Loss: 4.7120
  Batch 4990/10484, Loss: 4.4573
  Batch 5000/10484, Loss: 4.1788
  Batch 5010/10484, Loss: 4.1292
  Batch 5020/10484, Loss: 4.4107
  Batch 5030/10484, Loss: 3.8966
  Batch 5040/10484, Loss: 3.9463
  Batch 5050/10484, Loss: 4.7035
  Batch 5060/10484, Loss: 4.0687
  Batch 5070/10484, Loss: 4.7160
  Batch 5080/10484, Loss: 4.0893
  Batch 5090/10484, Loss: 4.4648
  Batch 5100/10484, Loss: 4.4709
  Batch 5110/10484, Loss: 4.0305
  Batch 5120/10484, Loss: 4.8106
  Batch 5130/10484, Loss: 4.1661
  Batch 5140/10484, Loss: 4.0142
  Batch 5150/10484, Loss: 4.6085
  Batch 5160/10484, Loss: 4.6578
  Batch 5170/10484, Loss: 3.9689
  Batch 5180/10484, Loss: 4.9324
  Batch 5190/10484, Loss: 4.3578
  Batch 5200/10484, Loss: 4.6141
  Batch 5210/10484, Loss: 4.3601
  Batch 5220/10484, Loss: 4.7687
  Batch 5230/10484, Loss: 4.6285
  Batch 5240/10484, Loss: 4.6822
  Batch 5250/10484, Loss: 5.3213
  Batch 5260/10484, Loss: 4.3054
  Batch 5270/10484, Loss: 4.2043
  Batch 5280/10484, Loss: 3.9524
  Batch 5290/10484, Loss: 4.0144
  Batch 5300/10484, Loss: 5.1838
  Batch 5310/10484, Loss: 4.1812
  Batch 5320/10484, Loss: 4.6359
  Batch 5330/10484, Loss: 3.8437
  Batch 5340/10484, Loss: 4.8183
  Batch 5350/10484, Loss: 4.0219
  Batch 5360/10484, Loss: 4.4042
  Batch 5370/10484, Loss: 4.2880
  Batch 5380/10484, Loss: 4.9223
  Batch 5390/10484, Loss: 4.3150
  Batch 5400/10484, Loss: 4.5627
  Batch 5410/10484, Loss: 5.0855
  Batch 5420/10484, Loss: 4.5971
  Batch 5430/10484, Loss: 4.0588
  Batch 5440/10484, Loss: 4.0846
  Batch 5450/10484, Loss: 4.8637
  Batch 5460/10484, Loss: 4.5555
  Batch 5470/10484, Loss: 4.0885
  Batch 5480/10484, Loss: 4.9486
  Batch 5490/10484, Loss: 4.1220
  Batch 5500/10484, Loss: 4.0501
  Batch 5510/10484, Loss: 3.8193
  Batch 5520/10484, Loss: 3.8825
  Batch 5530/10484, Loss: 3.9552
  Batch 5540/10484, Loss: 4.1173
  Batch 5550/10484, Loss: 4.3766
  Batch 5560/10484, Loss: 5.3842
  Batch 5570/10484, Loss: 4.2507
  Batch 5580/10484, Loss: 4.4805
  Batch 5590/10484, Loss: 4.3371
  Batch 5600/10484, Loss: 4.3152
  Batch 5610/10484, Loss: 4.4258
  Batch 5620/10484, Loss: 4.3079
  Batch 5630/10484, Loss: 4.6949
  Batch 5640/10484, Loss: 4.2878
  Batch 5650/10484, Loss: 4.1266
  Batch 5660/10484, Loss: 3.9673
  Batch 5670/10484, Loss: 4.0567
  Batch 5680/10484, Loss: 4.0820
  Batch 5690/10484, Loss: 4.7322
  Batch 5700/10484, Loss: 4.5934
  Batch 5710/10484, Loss: 4.7926
  Batch 5720/10484, Loss: 4.7713
  Batch 5730/10484, Loss: 4.4008
  Batch 5740/10484, Loss: 4.1880
  Batch 5750/10484, Loss: 3.8853
  Batch 5760/10484, Loss: 4.7250
  Batch 5770/10484, Loss: 4.4467
  Batch 5780/10484, Loss: 4.9656
  Batch 5790/10484, Loss: 4.5786
  Batch 5800/10484, Loss: 4.3877
  Batch 5810/10484, Loss: 4.2407
  Batch 5820/10484, Loss: 4.5178
  Batch 5830/10484, Loss: 4.4910
  Batch 5840/10484, Loss: 4.3641
  Batch 5850/10484, Loss: 4.5623
  Batch 5860/10484, Loss: 4.1274
  Batch 5870/10484, Loss: 4.4575
  Batch 5880/10484, Loss: 4.9838
  Batch 5890/10484, Loss: 4.3352
  Batch 5900/10484, Loss: 4.6548
  Batch 5910/10484, Loss: 4.3126
  Batch 5920/10484, Loss: 4.6406
  Batch 5930/10484, Loss: 3.7233
  Batch 5940/10484, Loss: 4.4377
  Batch 5950/10484, Loss: 4.4673
  Batch 5960/10484, Loss: 3.9353
  Batch 5970/10484, Loss: 4.1227
  Batch 5980/10484, Loss: 4.5090
  Batch 5990/10484, Loss: 4.6623
  Batch 6000/10484, Loss: 4.4633
  Batch 6010/10484, Loss: 4.4821
  Batch 6020/10484, Loss: 4.6989
  Batch 6030/10484, Loss: 4.2983
  Batch 6040/10484, Loss: 4.5751
  Batch 6050/10484, Loss: 4.0127
  Batch 6060/10484, Loss: 4.4357
  Batch 6070/10484, Loss: 3.7111
  Batch 6080/10484, Loss: 4.1826
  Batch 6090/10484, Loss: 4.3748
  Batch 6100/10484, Loss: 4.5482
  Batch 6110/10484, Loss: 4.5389
  Batch 6120/10484, Loss: 4.6682
  Batch 6130/10484, Loss: 4.2143
  Batch 6140/10484, Loss: 4.6388
  Batch 6150/10484, Loss: 4.8441
  Batch 6160/10484, Loss: 4.1492
  Batch 6170/10484, Loss: 4.1128
  Batch 6180/10484, Loss: 3.8733
  Batch 6190/10484, Loss: 4.2484
  Batch 6200/10484, Loss: 4.2550
  Batch 6210/10484, Loss: 5.3138
  Batch 6220/10484, Loss: 4.3751
  Batch 6230/10484, Loss: 4.5194
  Batch 6240/10484, Loss: 4.3903
  Batch 6250/10484, Loss: 4.8286
  Batch 6260/10484, Loss: 3.4508
  Batch 6270/10484, Loss: 4.3239
  Batch 6280/10484, Loss: 4.1626
  Batch 6290/10484, Loss: 4.5898
  Batch 6300/10484, Loss: 3.6657
  Batch 6310/10484, Loss: 4.4266
  Batch 6320/10484, Loss: 4.4019
  Batch 6330/10484, Loss: 4.1796
  Batch 6340/10484, Loss: 4.3737
  Batch 6350/10484, Loss: 4.8716
  Batch 6360/10484, Loss: 4.3242
  Batch 6370/10484, Loss: 3.9710
  Batch 6380/10484, Loss: 3.7707
  Batch 6390/10484, Loss: 4.3243
  Batch 6400/10484, Loss: 4.1402
  Batch 6410/10484, Loss: 4.7324
  Batch 6420/10484, Loss: 4.2175
  Batch 6430/10484, Loss: 4.1789
  Batch 6440/10484, Loss: 4.8252
  Batch 6450/10484, Loss: 4.2601
  Batch 6460/10484, Loss: 4.1649
  Batch 6470/10484, Loss: 3.8044
  Batch 6480/10484, Loss: 4.6715
  Batch 6490/10484, Loss: 4.0100
  Batch 6500/10484, Loss: 4.8726
  Batch 6510/10484, Loss: 3.6848
  Batch 6520/10484, Loss: 4.4005
  Batch 6530/10484, Loss: 3.7158
  Batch 6540/10484, Loss: 4.7408
  Batch 6550/10484, Loss: 4.8035
  Batch 6560/10484, Loss: 4.3616
  Batch 6570/10484, Loss: 3.9459
  Batch 6580/10484, Loss: 4.4061
  Batch 6590/10484, Loss: 4.6945
  Batch 6600/10484, Loss: 4.5924
  Batch 6610/10484, Loss: 4.3693
  Batch 6620/10484, Loss: 4.8191
  Batch 6630/10484, Loss: 4.6846
  Batch 6640/10484, Loss: 3.9374
  Batch 6650/10484, Loss: 4.4022
  Batch 6660/10484, Loss: 4.7167
  Batch 6670/10484, Loss: 4.3695
  Batch 6680/10484, Loss: 3.7901
  Batch 6690/10484, Loss: 4.0881
  Batch 6700/10484, Loss: 4.5769
  Batch 6710/10484, Loss: 4.7333
  Batch 6720/10484, Loss: 3.7818
  Batch 6730/10484, Loss: 4.3067
  Batch 6740/10484, Loss: 4.0804
  Batch 6750/10484, Loss: 3.7351
  Batch 6760/10484, Loss: 4.2364
  Batch 6770/10484, Loss: 4.3362
  Batch 6780/10484, Loss: 4.4896
  Batch 6790/10484, Loss: 4.4691
  Batch 6800/10484, Loss: 4.7361
  Batch 6810/10484, Loss: 4.0972
  Batch 6820/10484, Loss: 4.7641
  Batch 6830/10484, Loss: 4.1592
  Batch 6840/10484, Loss: 5.0109
  Batch 6850/10484, Loss: 4.5059
  Batch 6860/10484, Loss: 4.6166
  Batch 6870/10484, Loss: 4.1517
  Batch 6880/10484, Loss: 4.2293
  Batch 6890/10484, Loss: 4.5245
  Batch 6900/10484, Loss: 4.2917
  Batch 6910/10484, Loss: 4.3973
  Batch 6920/10484, Loss: 4.4332
  Batch 6930/10484, Loss: 4.0439
  Batch 6940/10484, Loss: 4.8378
  Batch 6950/10484, Loss: 4.1719
  Batch 6960/10484, Loss: 4.7193
  Batch 6970/10484, Loss: 4.5864
  Batch 6980/10484, Loss: 4.4302
  Batch 6990/10484, Loss: 4.3408
  Batch 7000/10484, Loss: 5.2034
  Batch 7010/10484, Loss: 4.6304
  Batch 7020/10484, Loss: 3.8768
  Batch 7030/10484, Loss: 4.7589
  Batch 7040/10484, Loss: 3.9041
  Batch 7050/10484, Loss: 4.4841
  Batch 7060/10484, Loss: 5.3187
  Batch 7070/10484, Loss: 4.9677
  Batch 7080/10484, Loss: 4.6401
  Batch 7090/10484, Loss: 4.5434
  Batch 7100/10484, Loss: 4.6127
  Batch 7110/10484, Loss: 4.6262
  Batch 7120/10484, Loss: 4.5895
  Batch 7130/10484, Loss: 4.8048
  Batch 7140/10484, Loss: 4.0974
  Batch 7150/10484, Loss: 4.3029
  Batch 7160/10484, Loss: 5.1403
  Batch 7170/10484, Loss: 4.3416
  Batch 7180/10484, Loss: 4.8980
  Batch 7190/10484, Loss: 4.3558
  Batch 7200/10484, Loss: 4.4759
  Batch 7210/10484, Loss: 4.5847
  Batch 7220/10484, Loss: 4.1655
  Batch 7230/10484, Loss: 4.1469
  Batch 7240/10484, Loss: 4.2775
  Batch 7250/10484, Loss: 4.2619
  Batch 7260/10484, Loss: 3.9680
  Batch 7270/10484, Loss: 3.9587
  Batch 7280/10484, Loss: 4.8556
  Batch 7290/10484, Loss: 3.8785
  Batch 7300/10484, Loss: 4.5753
  Batch 7310/10484, Loss: 4.0082
  Batch 7320/10484, Loss: 4.1989
  Batch 7330/10484, Loss: 5.0703
  Batch 7340/10484, Loss: 4.1641
  Batch 7350/10484, Loss: 4.5863
  Batch 7360/10484, Loss: 4.0989
  Batch 7370/10484, Loss: 4.4881
  Batch 7380/10484, Loss: 4.3326
  Batch 7390/10484, Loss: 4.9855
  Batch 7400/10484, Loss: 4.6652
  Batch 7410/10484, Loss: 3.9318
  Batch 7420/10484, Loss: 4.4791
  Batch 7430/10484, Loss: 4.5733
  Batch 7440/10484, Loss: 4.5863
  Batch 7450/10484, Loss: 4.7618
  Batch 7460/10484, Loss: 4.3145
  Batch 7470/10484, Loss: 4.6498
  Batch 7480/10484, Loss: 4.5055
  Batch 7490/10484, Loss: 4.1648
  Batch 7500/10484, Loss: 3.7881
  Batch 7510/10484, Loss: 4.4351
  Batch 7520/10484, Loss: 4.6433
  Batch 7530/10484, Loss: 4.3861
  Batch 7540/10484, Loss: 3.7289
  Batch 7550/10484, Loss: 3.8872
  Batch 7560/10484, Loss: 4.4433
  Batch 7570/10484, Loss: 4.0057
  Batch 7580/10484, Loss: 3.9866
  Batch 7590/10484, Loss: 4.3217
  Batch 7600/10484, Loss: 3.8672
  Batch 7610/10484, Loss: 4.8015
  Batch 7620/10484, Loss: 4.7192
  Batch 7630/10484, Loss: 4.2785
  Batch 7640/10484, Loss: 4.9060
  Batch 7650/10484, Loss: 4.5520
  Batch 7660/10484, Loss: 4.6029
  Batch 7670/10484, Loss: 4.8348
  Batch 7680/10484, Loss: 4.8149
  Batch 7690/10484, Loss: 4.9292
  Batch 7700/10484, Loss: 4.5464
  Batch 7710/10484, Loss: 4.2123
  Batch 7720/10484, Loss: 4.6007
  Batch 7730/10484, Loss: 4.7340
  Batch 7740/10484, Loss: 4.5816
  Batch 7750/10484, Loss: 4.3114
  Batch 7760/10484, Loss: 4.1254
  Batch 7770/10484, Loss: 4.6846
  Batch 7780/10484, Loss: 4.2821
  Batch 7790/10484, Loss: 5.0419
  Batch 7800/10484, Loss: 4.8716
  Batch 7810/10484, Loss: 3.8031
  Batch 7820/10484, Loss: 3.8877
  Batch 7830/10484, Loss: 4.1279
  Batch 7840/10484, Loss: 4.4548
  Batch 7850/10484, Loss: 4.3711
  Batch 7860/10484, Loss: 4.4205
  Batch 7870/10484, Loss: 4.3265
  Batch 7880/10484, Loss: 4.7602
  Batch 7890/10484, Loss: 4.2296
  Batch 7900/10484, Loss: 4.9341
  Batch 7910/10484, Loss: 3.7699
  Batch 7920/10484, Loss: 4.1664
  Batch 7930/10484, Loss: 3.8503
  Batch 7940/10484, Loss: 4.0038
  Batch 7950/10484, Loss: 4.3222
  Batch 7960/10484, Loss: 4.5830
  Batch 7970/10484, Loss: 4.1762
  Batch 7980/10484, Loss: 3.8957
  Batch 7990/10484, Loss: 4.0017
  Batch 8000/10484, Loss: 5.1148
  Batch 8010/10484, Loss: 3.9602
  Batch 8020/10484, Loss: 4.1737
  Batch 8030/10484, Loss: 4.4015
  Batch 8040/10484, Loss: 4.6915
  Batch 8050/10484, Loss: 4.5922
  Batch 8060/10484, Loss: 4.8706
  Batch 8070/10484, Loss: 4.9356
  Batch 8080/10484, Loss: 4.3055
  Batch 8090/10484, Loss: 4.8407
  Batch 8100/10484, Loss: 4.9767
  Batch 8110/10484, Loss: 3.8727
  Batch 8120/10484, Loss: 3.8452
  Batch 8130/10484, Loss: 4.9165
  Batch 8140/10484, Loss: 4.5583
  Batch 8150/10484, Loss: 4.4193
  Batch 8160/10484, Loss: 4.8178
  Batch 8170/10484, Loss: 4.4365
  Batch 8180/10484, Loss: 4.3353
  Batch 8190/10484, Loss: 3.8358
  Batch 8200/10484, Loss: 4.0999
  Batch 8210/10484, Loss: 4.4864
  Batch 8220/10484, Loss: 4.9673
  Batch 8230/10484, Loss: 4.7732
  Batch 8240/10484, Loss: 4.3781
  Batch 8250/10484, Loss: 4.3141
  Batch 8260/10484, Loss: 4.7433
  Batch 8270/10484, Loss: 4.9580
  Batch 8280/10484, Loss: 4.3316
  Batch 8290/10484, Loss: 4.3698
  Batch 8300/10484, Loss: 4.5624
  Batch 8310/10484, Loss: 4.4661
  Batch 8320/10484, Loss: 4.0471
  Batch 8330/10484, Loss: 4.0860
  Batch 8340/10484, Loss: 4.0527
  Batch 8350/10484, Loss: 4.6399
  Batch 8360/10484, Loss: 4.6333
  Batch 8370/10484, Loss: 4.3984
  Batch 8380/10484, Loss: 4.2182
  Batch 8390/10484, Loss: 3.7467
  Batch 8400/10484, Loss: 4.9943
  Batch 8410/10484, Loss: 4.5710
  Batch 8420/10484, Loss: 4.4721
  Batch 8430/10484, Loss: 4.5202
  Batch 8440/10484, Loss: 3.7235
  Batch 8450/10484, Loss: 4.6377
  Batch 8460/10484, Loss: 4.9804
  Batch 8470/10484, Loss: 4.5985
  Batch 8480/10484, Loss: 4.4823
  Batch 8490/10484, Loss: 4.6798
  Batch 8500/10484, Loss: 3.9327
  Batch 8510/10484, Loss: 3.8060
  Batch 8520/10484, Loss: 4.3090
  Batch 8530/10484, Loss: 4.5403
  Batch 8540/10484, Loss: 4.0929
  Batch 8550/10484, Loss: 4.0993
  Batch 8560/10484, Loss: 4.5989
  Batch 8570/10484, Loss: 4.6128
  Batch 8580/10484, Loss: 4.5862
  Batch 8590/10484, Loss: 4.2708
  Batch 8600/10484, Loss: 4.3376
  Batch 8610/10484, Loss: 3.7005
  Batch 8620/10484, Loss: 4.1887
  Batch 8630/10484, Loss: 4.3552
  Batch 8640/10484, Loss: 4.7184
  Batch 8650/10484, Loss: 4.0158
  Batch 8660/10484, Loss: 4.0409
  Batch 8670/10484, Loss: 3.6175
  Batch 8680/10484, Loss: 4.5487
  Batch 8690/10484, Loss: 4.2729
  Batch 8700/10484, Loss: 4.5756
  Batch 8710/10484, Loss: 4.4103
  Batch 8720/10484, Loss: 4.5577
  Batch 8730/10484, Loss: 4.1955
  Batch 8740/10484, Loss: 5.0970
  Batch 8750/10484, Loss: 4.2701
  Batch 8760/10484, Loss: 3.7936
  Batch 8770/10484, Loss: 4.6432
  Batch 8780/10484, Loss: 4.1622
  Batch 8790/10484, Loss: 4.4202
  Batch 8800/10484, Loss: 4.4908
  Batch 8810/10484, Loss: 4.0583
  Batch 8820/10484, Loss: 4.1771
  Batch 8830/10484, Loss: 3.8241
  Batch 8840/10484, Loss: 4.4968
  Batch 8850/10484, Loss: 4.4364
  Batch 8860/10484, Loss: 4.6571
  Batch 8870/10484, Loss: 4.8557
  Batch 8880/10484, Loss: 4.5243
  Batch 8890/10484, Loss: 4.0761
  Batch 8900/10484, Loss: 4.9778
  Batch 8910/10484, Loss: 4.3808
  Batch 8920/10484, Loss: 3.5622
  Batch 8930/10484, Loss: 4.0503
  Batch 8940/10484, Loss: 3.9653
  Batch 8950/10484, Loss: 4.3214
  Batch 8960/10484, Loss: 4.4969
  Batch 8970/10484, Loss: 4.4652
  Batch 8980/10484, Loss: 4.4178
  Batch 8990/10484, Loss: 4.5106
  Batch 9000/10484, Loss: 4.9156
  Batch 9010/10484, Loss: 3.9674
  Batch 9020/10484, Loss: 4.1528
  Batch 9030/10484, Loss: 4.1487
  Batch 9040/10484, Loss: 4.4987
  Batch 9050/10484, Loss: 4.2609
  Batch 9060/10484, Loss: 5.1928
  Batch 9070/10484, Loss: 4.0298
  Batch 9080/10484, Loss: 3.9640
  Batch 9090/10484, Loss: 4.5143
  Batch 9100/10484, Loss: 4.1665
  Batch 9110/10484, Loss: 3.9440
  Batch 9120/10484, Loss: 3.8639
  Batch 9130/10484, Loss: 4.7464
  Batch 9140/10484, Loss: 4.4737
  Batch 9150/10484, Loss: 4.1699
  Batch 9160/10484, Loss: 4.2184
  Batch 9170/10484, Loss: 4.1769
  Batch 9180/10484, Loss: 4.2504
  Batch 9190/10484, Loss: 4.4707
  Batch 9200/10484, Loss: 4.5854
  Batch 9210/10484, Loss: 4.7007
  Batch 9220/10484, Loss: 4.2087
  Batch 9230/10484, Loss: 4.4645
  Batch 9240/10484, Loss: 4.8155
  Batch 9250/10484, Loss: 4.7380
  Batch 9260/10484, Loss: 4.7435
  Batch 9270/10484, Loss: 4.3096
  Batch 9280/10484, Loss: 3.7063
  Batch 9290/10484, Loss: 3.8657
  Batch 9300/10484, Loss: 4.4647
  Batch 9310/10484, Loss: 4.6081
  Batch 9320/10484, Loss: 3.7176
  Batch 9330/10484, Loss: 4.6444
  Batch 9340/10484, Loss: 4.4034
  Batch 9350/10484, Loss: 4.2364
  Batch 9360/10484, Loss: 4.2460
  Batch 9370/10484, Loss: 4.4240
  Batch 9380/10484, Loss: 4.3641
  Batch 9390/10484, Loss: 4.1250
  Batch 9400/10484, Loss: 4.7789
  Batch 9410/10484, Loss: 4.2960
  Batch 9420/10484, Loss: 4.9580
  Batch 9430/10484, Loss: 4.0990
  Batch 9440/10484, Loss: 3.9979
  Batch 9450/10484, Loss: 3.7256
  Batch 9460/10484, Loss: 4.5723
  Batch 9470/10484, Loss: 3.9495
  Batch 9480/10484, Loss: 4.0626
  Batch 9490/10484, Loss: 4.3812
  Batch 9500/10484, Loss: 4.6765
  Batch 9510/10484, Loss: 5.0656
  Batch 9520/10484, Loss: 4.3546
  Batch 9530/10484, Loss: 4.0775
  Batch 9540/10484, Loss: 4.2447
  Batch 9550/10484, Loss: 4.6411
  Batch 9560/10484, Loss: 4.4137
  Batch 9570/10484, Loss: 4.9125
  Batch 9580/10484, Loss: 4.5334
  Batch 9590/10484, Loss: 3.9889
  Batch 9600/10484, Loss: 4.1981
  Batch 9610/10484, Loss: 4.5487
  Batch 9620/10484, Loss: 4.2680
  Batch 9630/10484, Loss: 5.1317
  Batch 9640/10484, Loss: 4.1944
  Batch 9650/10484, Loss: 4.2905
  Batch 9660/10484, Loss: 4.2426
  Batch 9670/10484, Loss: 4.7695
  Batch 9680/10484, Loss: 4.0053
  Batch 9690/10484, Loss: 4.6672
  Batch 9700/10484, Loss: 4.4700
  Batch 9710/10484, Loss: 4.1348
  Batch 9720/10484, Loss: 4.5508
  Batch 9730/10484, Loss: 4.2092
  Batch 9740/10484, Loss: 4.6632
  Batch 9750/10484, Loss: 4.2672
  Batch 9760/10484, Loss: 3.9709
  Batch 9770/10484, Loss: 4.3033
  Batch 9780/10484, Loss: 4.4446
  Batch 9790/10484, Loss: 4.4683
  Batch 9800/10484, Loss: 4.8568
  Batch 9810/10484, Loss: 3.6808
  Batch 9820/10484, Loss: 4.1009
  Batch 9830/10484, Loss: 4.1564
  Batch 9840/10484, Loss: 4.6271
  Batch 9850/10484, Loss: 4.2779
  Batch 9860/10484, Loss: 4.1127
  Batch 9870/10484, Loss: 4.3851
  Batch 9880/10484, Loss: 4.3123
  Batch 9890/10484, Loss: 4.6623
  Batch 9900/10484, Loss: 4.1807
  Batch 9910/10484, Loss: 4.1708
  Batch 9920/10484, Loss: 5.2501
  Batch 9930/10484, Loss: 4.5535
  Batch 9940/10484, Loss: 4.7367
  Batch 9950/10484, Loss: 4.8797
  Batch 9960/10484, Loss: 4.5101
  Batch 9970/10484, Loss: 4.2663
  Batch 9980/10484, Loss: 4.0141
  Batch 9990/10484, Loss: 4.6017
  Batch 10000/10484, Loss: 4.2446
  Batch 10010/10484, Loss: 4.2633
  Batch 10020/10484, Loss: 4.4149
  Batch 10030/10484, Loss: 4.2838
  Batch 10040/10484, Loss: 4.4144
  Batch 10050/10484, Loss: 4.4445
  Batch 10060/10484, Loss: 4.1417
  Batch 10070/10484, Loss: 4.1743
  Batch 10080/10484, Loss: 4.1340
  Batch 10090/10484, Loss: 4.1444
  Batch 10100/10484, Loss: 4.8837
  Batch 10110/10484, Loss: 4.3892
  Batch 10120/10484, Loss: 3.7946
  Batch 10130/10484, Loss: 4.6429
  Batch 10140/10484, Loss: 4.5775
  Batch 10150/10484, Loss: 4.6480
  Batch 10160/10484, Loss: 4.5519
  Batch 10170/10484, Loss: 4.3295
  Batch 10180/10484, Loss: 4.6650
  Batch 10190/10484, Loss: 4.3830
  Batch 10200/10484, Loss: 4.7334
  Batch 10210/10484, Loss: 4.2047
  Batch 10220/10484, Loss: 4.6994
  Batch 10230/10484, Loss: 4.7609
  Batch 10240/10484, Loss: 4.6877
  Batch 10250/10484, Loss: 3.9717
  Batch 10260/10484, Loss: 4.4502
  Batch 10270/10484, Loss: 4.2743
  Batch 10280/10484, Loss: 4.3457
  Batch 10290/10484, Loss: 4.6345
  Batch 10300/10484, Loss: 4.0526
  Batch 10310/10484, Loss: 4.0482
  Batch 10320/10484, Loss: 4.5291
  Batch 10330/10484, Loss: 3.5206
  Batch 10340/10484, Loss: 5.0641
  Batch 10350/10484, Loss: 4.6076
  Batch 10360/10484, Loss: 4.3773
  Batch 10370/10484, Loss: 4.3471
  Batch 10380/10484, Loss: 4.7976
  Batch 10390/10484, Loss: 4.1386
  Batch 10400/10484, Loss: 4.1829
  Batch 10410/10484, Loss: 4.5518
  Batch 10420/10484, Loss: 4.4863
  Batch 10430/10484, Loss: 4.4543
  Batch 10440/10484, Loss: 4.2574
  Batch 10450/10484, Loss: 3.8128
  Batch 10460/10484, Loss: 5.1482
  Batch 10470/10484, Loss: 4.7087
  Batch 10480/10484, Loss: 4.3315

  Train Loss: 4.3814
  Val Loss: 6.5853
  Time: 31m 36s

Epoch 5/20
----------------------------------------
  Batch 10/10484, Loss: 4.1261
  Batch 20/10484, Loss: 4.4258
  Batch 30/10484, Loss: 4.3070
  Batch 40/10484, Loss: 4.2627
  Batch 50/10484, Loss: 4.1716
  Batch 60/10484, Loss: 4.5578
  Batch 70/10484, Loss: 3.6522
  Batch 80/10484, Loss: 4.2242
  Batch 90/10484, Loss: 4.1063
  Batch 100/10484, Loss: 4.4928
  Batch 110/10484, Loss: 3.9377
  Batch 120/10484, Loss: 4.2381
  Batch 130/10484, Loss: 4.3258
  Batch 140/10484, Loss: 3.5607
  Batch 150/10484, Loss: 4.2398
  Batch 160/10484, Loss: 4.1262
  Batch 170/10484, Loss: 4.5887
  Batch 180/10484, Loss: 4.8046
  Batch 190/10484, Loss: 3.6225
  Batch 200/10484, Loss: 3.5512
  Batch 210/10484, Loss: 4.6913
  Batch 220/10484, Loss: 3.6235
  Batch 230/10484, Loss: 4.6354
  Batch 240/10484, Loss: 4.5069
  Batch 250/10484, Loss: 5.0133
  Batch 260/10484, Loss: 4.2264
  Batch 270/10484, Loss: 4.4237
  Batch 280/10484, Loss: 4.4006
  Batch 290/10484, Loss: 4.4476
  Batch 300/10484, Loss: 4.4193
  Batch 310/10484, Loss: 3.6183
  Batch 320/10484, Loss: 4.5730
  Batch 330/10484, Loss: 4.9562
  Batch 340/10484, Loss: 4.4562
  Batch 350/10484, Loss: 4.5941
  Batch 360/10484, Loss: 4.3214
  Batch 370/10484, Loss: 4.3999
  Batch 380/10484, Loss: 4.0357
  Batch 390/10484, Loss: 4.4088
  Batch 400/10484, Loss: 4.2860
  Batch 410/10484, Loss: 3.8993
  Batch 420/10484, Loss: 4.5813
  Batch 430/10484, Loss: 4.6318
  Batch 440/10484, Loss: 3.9867
  Batch 450/10484, Loss: 4.8537
  Batch 460/10484, Loss: 4.4122
  Batch 470/10484, Loss: 4.5161
  Batch 480/10484, Loss: 4.3024
  Batch 490/10484, Loss: 5.2367
  Batch 500/10484, Loss: 4.4518
  Batch 510/10484, Loss: 4.4246
  Batch 520/10484, Loss: 4.4874
  Batch 530/10484, Loss: 3.6652
  Batch 540/10484, Loss: 4.3613
  Batch 550/10484, Loss: 4.7712
  Batch 560/10484, Loss: 4.3423
  Batch 570/10484, Loss: 4.3321
  Batch 580/10484, Loss: 4.0247
  Batch 590/10484, Loss: 4.6205
  Batch 600/10484, Loss: 4.1256
  Batch 610/10484, Loss: 3.8660
  Batch 620/10484, Loss: 4.0918
  Batch 630/10484, Loss: 4.0428
  Batch 640/10484, Loss: 4.1321
  Batch 650/10484, Loss: 4.5944
  Batch 660/10484, Loss: 4.5749
  Batch 670/10484, Loss: 4.2254
  Batch 680/10484, Loss: 4.0982
  Batch 690/10484, Loss: 4.1804
  Batch 700/10484, Loss: 4.3750
  Batch 710/10484, Loss: 4.3975
  Batch 720/10484, Loss: 4.6118
  Batch 730/10484, Loss: 4.0254
  Batch 740/10484, Loss: 4.3253
  Batch 750/10484, Loss: 4.6730
  Batch 760/10484, Loss: 4.6878
  Batch 770/10484, Loss: 4.3106
  Batch 780/10484, Loss: 4.2545
  Batch 790/10484, Loss: 4.2442
  Batch 800/10484, Loss: 4.1703
  Batch 810/10484, Loss: 4.3031
  Batch 820/10484, Loss: 4.6874
  Batch 830/10484, Loss: 4.2624
  Batch 840/10484, Loss: 3.6280
  Batch 850/10484, Loss: 3.9512
  Batch 860/10484, Loss: 4.2547
  Batch 870/10484, Loss: 4.8386
  Batch 880/10484, Loss: 4.9935
  Batch 890/10484, Loss: 4.4041
  Batch 900/10484, Loss: 4.1947
  Batch 910/10484, Loss: 4.2844
  Batch 920/10484, Loss: 4.2118
  Batch 930/10484, Loss: 4.5919
  Batch 940/10484, Loss: 3.8325
  Batch 950/10484, Loss: 4.3036
  Batch 960/10484, Loss: 4.4278
  Batch 970/10484, Loss: 4.2241
  Batch 980/10484, Loss: 4.2782
  Batch 990/10484, Loss: 4.0079
  Batch 1000/10484, Loss: 4.6671
  Batch 1010/10484, Loss: 4.6623
  Batch 1020/10484, Loss: 4.1690
  Batch 1030/10484, Loss: 4.4377
  Batch 1040/10484, Loss: 5.0222
  Batch 1050/10484, Loss: 3.5361
  Batch 1060/10484, Loss: 4.1249
  Batch 1070/10484, Loss: 3.0251
  Batch 1080/10484, Loss: 4.0262
  Batch 1090/10484, Loss: 3.8363
  Batch 1100/10484, Loss: 3.4195
  Batch 1110/10484, Loss: 3.5826
  Batch 1120/10484, Loss: 4.3503
  Batch 1130/10484, Loss: 4.9386
  Batch 1140/10484, Loss: 4.2432
  Batch 1150/10484, Loss: 4.2186
  Batch 1160/10484, Loss: 4.3848
  Batch 1170/10484, Loss: 3.6735
  Batch 1180/10484, Loss: 3.3205
  Batch 1190/10484, Loss: 3.8847
  Batch 1200/10484, Loss: 4.0422
  Batch 1210/10484, Loss: 4.0379
  Batch 1220/10484, Loss: 4.6014
  Batch 1230/10484, Loss: 4.3729
  Batch 1240/10484, Loss: 4.8150
  Batch 1250/10484, Loss: 3.9253
  Batch 1260/10484, Loss: 4.8064
  Batch 1270/10484, Loss: 3.9454
  Batch 1280/10484, Loss: 4.2707
  Batch 1290/10484, Loss: 4.1749
  Batch 1300/10484, Loss: 3.7940
  Batch 1310/10484, Loss: 4.8796
  Batch 1320/10484, Loss: 3.5456
  Batch 1330/10484, Loss: 4.3943
  Batch 1340/10484, Loss: 4.2230
  Batch 1350/10484, Loss: 4.0009
  Batch 1360/10484, Loss: 4.1798
  Batch 1370/10484, Loss: 3.6489
  Batch 1380/10484, Loss: 3.7486
  Batch 1390/10484, Loss: 4.4520
  Batch 1400/10484, Loss: 4.1314
  Batch 1410/10484, Loss: 4.1365
  Batch 1420/10484, Loss: 3.9845
  Batch 1430/10484, Loss: 4.4284
  Batch 1440/10484, Loss: 4.9052
  Batch 1450/10484, Loss: 4.1593
  Batch 1460/10484, Loss: 4.0132
  Batch 1470/10484, Loss: 4.8075
  Batch 1480/10484, Loss: 4.4479
  Batch 1490/10484, Loss: 4.3222
  Batch 1500/10484, Loss: 4.6076
  Batch 1510/10484, Loss: 4.4498
  Batch 1520/10484, Loss: 4.5801
  Batch 1530/10484, Loss: 4.3543
  Batch 1540/10484, Loss: 4.5649
  Batch 1550/10484, Loss: 3.7345
  Batch 1560/10484, Loss: 4.2609
  Batch 1570/10484, Loss: 4.0312
  Batch 1580/10484, Loss: 4.0915
  Batch 1590/10484, Loss: 3.9140
  Batch 1600/10484, Loss: 3.7206
  Batch 1610/10484, Loss: 4.2695
  Batch 1620/10484, Loss: 4.3136
  Batch 1630/10484, Loss: 4.3064
  Batch 1640/10484, Loss: 4.6651
  Batch 1650/10484, Loss: 3.5067
  Batch 1660/10484, Loss: 4.7217
  Batch 1670/10484, Loss: 4.0918
  Batch 1680/10484, Loss: 4.6550
  Batch 1690/10484, Loss: 3.7701
  Batch 1700/10484, Loss: 4.0413
  Batch 1710/10484, Loss: 4.2839
  Batch 1720/10484, Loss: 4.5213
  Batch 1730/10484, Loss: 4.7045
  Batch 1740/10484, Loss: 3.7683
  Batch 1750/10484, Loss: 4.2332
  Batch 1760/10484, Loss: 3.9114
  Batch 1770/10484, Loss: 4.5461
  Batch 1780/10484, Loss: 4.3213
  Batch 1790/10484, Loss: 3.5659
  Batch 1800/10484, Loss: 4.4207
  Batch 1810/10484, Loss: 5.0778
  Batch 1820/10484, Loss: 4.3005
  Batch 1830/10484, Loss: 4.0869
  Batch 1840/10484, Loss: 4.6633
  Batch 1850/10484, Loss: 4.1224
  Batch 1860/10484, Loss: 4.4326
  Batch 1870/10484, Loss: 4.4615
  Batch 1880/10484, Loss: 4.2235
  Batch 1890/10484, Loss: 4.0315
  Batch 1900/10484, Loss: 4.3351
  Batch 1910/10484, Loss: 4.5532
  Batch 1920/10484, Loss: 4.2900
  Batch 1930/10484, Loss: 4.0487
  Batch 1940/10484, Loss: 4.5737
  Batch 1950/10484, Loss: 4.0249
  Batch 1960/10484, Loss: 4.5168
  Batch 1970/10484, Loss: 4.1436
  Batch 1980/10484, Loss: 4.2665
  Batch 1990/10484, Loss: 4.6536
  Batch 2000/10484, Loss: 4.6383
  Batch 2010/10484, Loss: 3.3447
  Batch 2020/10484, Loss: 4.1838
  Batch 2030/10484, Loss: 4.6748
  Batch 2040/10484, Loss: 3.5578
  Batch 2050/10484, Loss: 4.4380
  Batch 2060/10484, Loss: 4.3867
  Batch 2070/10484, Loss: 4.3468
  Batch 2080/10484, Loss: 4.4371
  Batch 2090/10484, Loss: 3.6932
  Batch 2100/10484, Loss: 3.9551
  Batch 2110/10484, Loss: 3.7182
  Batch 2120/10484, Loss: 4.8525
  Batch 2130/10484, Loss: 4.2209
  Batch 2140/10484, Loss: 4.0399
  Batch 2150/10484, Loss: 4.5741
  Batch 2160/10484, Loss: 4.5070
  Batch 2170/10484, Loss: 4.6530
  Batch 2180/10484, Loss: 4.3201
  Batch 2190/10484, Loss: 4.4171
  Batch 2200/10484, Loss: 4.4399
  Batch 2210/10484, Loss: 4.4859
  Batch 2220/10484, Loss: 3.9732
  Batch 2230/10484, Loss: 4.1263
  Batch 2240/10484, Loss: 4.5652
  Batch 2250/10484, Loss: 4.0270
  Batch 2260/10484, Loss: 3.9543
  Batch 2270/10484, Loss: 4.4754
  Batch 2280/10484, Loss: 3.9204
  Batch 2290/10484, Loss: 4.6495
  Batch 2300/10484, Loss: 4.5938
  Batch 2310/10484, Loss: 4.3005
  Batch 2320/10484, Loss: 3.8213
  Batch 2330/10484, Loss: 3.8706
  Batch 2340/10484, Loss: 3.8607
  Batch 2350/10484, Loss: 4.6163
  Batch 2360/10484, Loss: 4.2442
  Batch 2370/10484, Loss: 4.1393
  Batch 2380/10484, Loss: 4.4930
  Batch 2390/10484, Loss: 4.8768
  Batch 2400/10484, Loss: 4.8131
  Batch 2410/10484, Loss: 4.3553
  Batch 2420/10484, Loss: 4.4319
  Batch 2430/10484, Loss: 3.6581
  Batch 2440/10484, Loss: 4.2035
  Batch 2450/10484, Loss: 4.4919
  Batch 2460/10484, Loss: 3.9682
  Batch 2470/10484, Loss: 3.3897
  Batch 2480/10484, Loss: 3.7298
  Batch 2490/10484, Loss: 4.4358
  Batch 2500/10484, Loss: 4.4574
  Batch 2510/10484, Loss: 4.3931
  Batch 2520/10484, Loss: 4.1842
  Batch 2530/10484, Loss: 4.6487
  Batch 2540/10484, Loss: 3.9230
  Batch 2550/10484, Loss: 3.9619
  Batch 2560/10484, Loss: 3.9905
  Batch 2570/10484, Loss: 4.7862
  Batch 2580/10484, Loss: 4.5756
  Batch 2590/10484, Loss: 4.6541
  Batch 2600/10484, Loss: 4.8062
  Batch 2610/10484, Loss: 3.4366
  Batch 2620/10484, Loss: 3.7643
  Batch 2630/10484, Loss: 4.1029
  Batch 2640/10484, Loss: 3.5448
  Batch 2650/10484, Loss: 4.5015
  Batch 2660/10484, Loss: 4.1138
  Batch 2670/10484, Loss: 4.4534
  Batch 2680/10484, Loss: 4.1534
  Batch 2690/10484, Loss: 3.9762
  Batch 2700/10484, Loss: 4.2489
  Batch 2710/10484, Loss: 4.0053
  Batch 2720/10484, Loss: 3.9546
  Batch 2730/10484, Loss: 4.7862
  Batch 2740/10484, Loss: 4.0878
  Batch 2750/10484, Loss: 3.9122
  Batch 2760/10484, Loss: 4.1726
  Batch 2770/10484, Loss: 4.4780
  Batch 2780/10484, Loss: 4.2772
  Batch 2790/10484, Loss: 4.8327
  Batch 2800/10484, Loss: 4.7191
  Batch 2810/10484, Loss: 3.4772
  Batch 2820/10484, Loss: 4.0992
  Batch 2830/10484, Loss: 4.5970
  Batch 2840/10484, Loss: 3.9310
  Batch 2850/10484, Loss: 4.5103
  Batch 2860/10484, Loss: 3.8543
  Batch 2870/10484, Loss: 3.8347
  Batch 2880/10484, Loss: 4.0738
  Batch 2890/10484, Loss: 4.6177
  Batch 2900/10484, Loss: 4.1326
  Batch 2910/10484, Loss: 3.6870
  Batch 2920/10484, Loss: 3.7340
  Batch 2930/10484, Loss: 4.6715
  Batch 2940/10484, Loss: 4.9039
  Batch 2950/10484, Loss: 3.6472
  Batch 2960/10484, Loss: 4.6820
  Batch 2970/10484, Loss: 3.7806
  Batch 2980/10484, Loss: 4.2748
  Batch 2990/10484, Loss: 3.8416
  Batch 3000/10484, Loss: 4.5350
  Batch 3010/10484, Loss: 4.2307
  Batch 3020/10484, Loss: 4.2055
  Batch 3030/10484, Loss: 4.4910
  Batch 3040/10484, Loss: 4.7658
  Batch 3050/10484, Loss: 4.1338
  Batch 3060/10484, Loss: 4.3616
  Batch 3070/10484, Loss: 4.5384
  Batch 3080/10484, Loss: 4.5563
  Batch 3090/10484, Loss: 3.7774
  Batch 3100/10484, Loss: 4.1992
  Batch 3110/10484, Loss: 3.7324
  Batch 3120/10484, Loss: 4.2737
  Batch 3130/10484, Loss: 4.3830
  Batch 3140/10484, Loss: 4.1122
  Batch 3150/10484, Loss: 4.5516
  Batch 3160/10484, Loss: 3.7721
  Batch 3170/10484, Loss: 3.7755
  Batch 3180/10484, Loss: 4.2085
  Batch 3190/10484, Loss: 4.1486
  Batch 3200/10484, Loss: 5.0697
  Batch 3210/10484, Loss: 4.7745
  Batch 3220/10484, Loss: 3.9488
  Batch 3230/10484, Loss: 4.6012
  Batch 3240/10484, Loss: 4.4126
  Batch 3250/10484, Loss: 4.2632
  Batch 3260/10484, Loss: 4.3026
  Batch 3270/10484, Loss: 4.4980
  Batch 3280/10484, Loss: 4.5376
  Batch 3290/10484, Loss: 4.3099
  Batch 3300/10484, Loss: 4.1324
  Batch 3310/10484, Loss: 4.2109
  Batch 3320/10484, Loss: 3.8470
  Batch 3330/10484, Loss: 3.7562
  Batch 3340/10484, Loss: 4.3211
  Batch 3350/10484, Loss: 5.2136
  Batch 3360/10484, Loss: 4.6554
  Batch 3370/10484, Loss: 3.9526
  Batch 3380/10484, Loss: 4.1097
  Batch 3390/10484, Loss: 4.4652
  Batch 3400/10484, Loss: 3.9618
  Batch 3410/10484, Loss: 4.2226
  Batch 3420/10484, Loss: 4.5806
  Batch 3430/10484, Loss: 4.8835
  Batch 3440/10484, Loss: 4.1152
  Batch 3450/10484, Loss: 4.8075
  Batch 3460/10484, Loss: 3.8666
  Batch 3470/10484, Loss: 4.8516
  Batch 3480/10484, Loss: 3.8087
  Batch 3490/10484, Loss: 4.3679
  Batch 3500/10484, Loss: 3.9358
  Batch 3510/10484, Loss: 3.7616
  Batch 3520/10484, Loss: 4.6219
  Batch 3530/10484, Loss: 4.3982
  Batch 3540/10484, Loss: 4.4420
  Batch 3550/10484, Loss: 4.2424
  Batch 3560/10484, Loss: 4.3299
  Batch 3570/10484, Loss: 4.8120
  Batch 3580/10484, Loss: 3.8406
  Batch 3590/10484, Loss: 4.8933
  Batch 3600/10484, Loss: 4.5574
  Batch 3610/10484, Loss: 4.5056
  Batch 3620/10484, Loss: 4.6365
  Batch 3630/10484, Loss: 4.4234
  Batch 3640/10484, Loss: 3.6234
  Batch 3650/10484, Loss: 3.7761
  Batch 3660/10484, Loss: 4.2138
  Batch 3670/10484, Loss: 4.9984
  Batch 3680/10484, Loss: 3.4316
  Batch 3690/10484, Loss: 3.8539
  Batch 3700/10484, Loss: 4.4538
  Batch 3710/10484, Loss: 4.4405
  Batch 3720/10484, Loss: 5.1600
  Batch 3730/10484, Loss: 4.0773
  Batch 3740/10484, Loss: 4.1452
  Batch 3750/10484, Loss: 4.3606
  Batch 3760/10484, Loss: 4.1021
  Batch 3770/10484, Loss: 3.5472
  Batch 3780/10484, Loss: 4.4901
  Batch 3790/10484, Loss: 4.0603
  Batch 3800/10484, Loss: 4.3033
  Batch 3810/10484, Loss: 4.2505
  Batch 3820/10484, Loss: 3.6221
  Batch 3830/10484, Loss: 4.3784
  Batch 3840/10484, Loss: 4.1071
  Batch 3850/10484, Loss: 4.0036
  Batch 3860/10484, Loss: 4.0132
  Batch 3870/10484, Loss: 4.1504
  Batch 3880/10484, Loss: 3.7849
  Batch 3890/10484, Loss: 4.1000
  Batch 3900/10484, Loss: 4.0446
  Batch 3910/10484, Loss: 3.3724
  Batch 3920/10484, Loss: 3.5816
  Batch 3930/10484, Loss: 4.3773
  Batch 3940/10484, Loss: 4.4526
  Batch 3950/10484, Loss: 4.5602
  Batch 3960/10484, Loss: 3.6709
  Batch 3970/10484, Loss: 4.2854
  Batch 3980/10484, Loss: 3.9104
  Batch 3990/10484, Loss: 3.9206
  Batch 4000/10484, Loss: 4.3878
  Batch 4010/10484, Loss: 4.1842
  Batch 4020/10484, Loss: 4.0829
  Batch 4030/10484, Loss: 4.5227
  Batch 4040/10484, Loss: 4.2290
  Batch 4050/10484, Loss: 3.8169
  Batch 4060/10484, Loss: 4.3848
  Batch 4070/10484, Loss: 4.5258
  Batch 4080/10484, Loss: 3.8299
  Batch 4090/10484, Loss: 4.6512
  Batch 4100/10484, Loss: 4.5620
  Batch 4110/10484, Loss: 4.5774
  Batch 4120/10484, Loss: 3.7799
  Batch 4130/10484, Loss: 4.1586
  Batch 4140/10484, Loss: 3.9601
  Batch 4150/10484, Loss: 4.6885
  Batch 4160/10484, Loss: 3.9587
  Batch 4170/10484, Loss: 3.8584
  Batch 4180/10484, Loss: 4.6738
  Batch 4190/10484, Loss: 4.5658
  Batch 4200/10484, Loss: 4.4270
  Batch 4210/10484, Loss: 4.0429
  Batch 4220/10484, Loss: 4.3855
  Batch 4230/10484, Loss: 3.9679
  Batch 4240/10484, Loss: 4.1811
  Batch 4250/10484, Loss: 4.4091
  Batch 4260/10484, Loss: 3.9840
  Batch 4270/10484, Loss: 4.2395
  Batch 4280/10484, Loss: 4.1439
  Batch 4290/10484, Loss: 4.5315
  Batch 4300/10484, Loss: 4.2656
  Batch 4310/10484, Loss: 4.3117
  Batch 4320/10484, Loss: 4.2082
  Batch 4330/10484, Loss: 4.3339
  Batch 4340/10484, Loss: 4.0828
  Batch 4350/10484, Loss: 4.6068
  Batch 4360/10484, Loss: 4.3175
  Batch 4370/10484, Loss: 4.3031
  Batch 4380/10484, Loss: 3.9300
  Batch 4390/10484, Loss: 4.4678
  Batch 4400/10484, Loss: 4.1493
  Batch 4410/10484, Loss: 4.0254
  Batch 4420/10484, Loss: 4.0317
  Batch 4430/10484, Loss: 3.4879
  Batch 4440/10484, Loss: 3.6940
  Batch 4450/10484, Loss: 4.2479
  Batch 4460/10484, Loss: 3.9116
  Batch 4470/10484, Loss: 4.1416
  Batch 4480/10484, Loss: 3.6774
  Batch 4490/10484, Loss: 4.5308
  Batch 4500/10484, Loss: 4.2808
  Batch 4510/10484, Loss: 4.3913
  Batch 4520/10484, Loss: 4.1736
  Batch 4530/10484, Loss: 4.5443
  Batch 4540/10484, Loss: 4.4717
  Batch 4550/10484, Loss: 4.3533
  Batch 4560/10484, Loss: 4.8509
  Batch 4570/10484, Loss: 3.8783
  Batch 4580/10484, Loss: 4.6950
  Batch 4590/10484, Loss: 3.9363
  Batch 4600/10484, Loss: 4.1370
  Batch 4610/10484, Loss: 4.5267
  Batch 4620/10484, Loss: 4.4105
  Batch 4630/10484, Loss: 4.1295
  Batch 4640/10484, Loss: 5.2231
  Batch 4650/10484, Loss: 3.4777
  Batch 4660/10484, Loss: 3.9171
  Batch 4670/10484, Loss: 3.8843
  Batch 4680/10484, Loss: 4.0972
  Batch 4690/10484, Loss: 4.5405
  Batch 4700/10484, Loss: 3.6353
  Batch 4710/10484, Loss: 4.1903
  Batch 4720/10484, Loss: 4.4813
  Batch 4730/10484, Loss: 4.8586
  Batch 4740/10484, Loss: 4.3757
  Batch 4750/10484, Loss: 4.0750
  Batch 4760/10484, Loss: 5.0556
  Batch 4770/10484, Loss: 4.4141
  Batch 4780/10484, Loss: 4.8276
  Batch 4790/10484, Loss: 4.2326
  Batch 4800/10484, Loss: 4.0604
  Batch 4810/10484, Loss: 4.5135
  Batch 4820/10484, Loss: 4.1863
  Batch 4830/10484, Loss: 3.7062
  Batch 4840/10484, Loss: 3.5855
  Batch 4850/10484, Loss: 4.3172
  Batch 4860/10484, Loss: 4.1748
  Batch 4870/10484, Loss: 3.9021
  Batch 4880/10484, Loss: 3.7846
  Batch 4890/10484, Loss: 3.6804
  Batch 4900/10484, Loss: 4.0380
  Batch 4910/10484, Loss: 4.0143
  Batch 4920/10484, Loss: 4.0755
  Batch 4930/10484, Loss: 4.5104
  Batch 4940/10484, Loss: 4.3602
  Batch 4950/10484, Loss: 4.4763
  Batch 4960/10484, Loss: 4.2634
  Batch 4970/10484, Loss: 4.0640
  Batch 4980/10484, Loss: 4.0893
  Batch 4990/10484, Loss: 3.8167
  Batch 5000/10484, Loss: 4.3297
  Batch 5010/10484, Loss: 3.4624
  Batch 5020/10484, Loss: 3.5044
  Batch 5030/10484, Loss: 3.7571
  Batch 5040/10484, Loss: 4.3048
  Batch 5050/10484, Loss: 4.0556
  Batch 5060/10484, Loss: 4.5099
  Batch 5070/10484, Loss: 3.9813
  Batch 5080/10484, Loss: 4.2279
  Batch 5090/10484, Loss: 4.1165
  Batch 5100/10484, Loss: 4.0834
  Batch 5110/10484, Loss: 4.3969
  Batch 5120/10484, Loss: 4.4187
  Batch 5130/10484, Loss: 3.9449
  Batch 5140/10484, Loss: 4.0844
  Batch 5150/10484, Loss: 3.7373
  Batch 5160/10484, Loss: 4.1199
  Batch 5170/10484, Loss: 3.6634
  Batch 5180/10484, Loss: 4.1831
  Batch 5190/10484, Loss: 4.4939
  Batch 5200/10484, Loss: 4.4224
  Batch 5210/10484, Loss: 4.2264
  Batch 5220/10484, Loss: 4.2433
  Batch 5230/10484, Loss: 4.6769
  Batch 5240/10484, Loss: 4.4951
  Batch 5250/10484, Loss: 4.3349
  Batch 5260/10484, Loss: 4.7769
  Batch 5270/10484, Loss: 5.1058
  Batch 5280/10484, Loss: 4.1599
  Batch 5290/10484, Loss: 3.8040
  Batch 5300/10484, Loss: 4.5685
  Batch 5310/10484, Loss: 4.5981
  Batch 5320/10484, Loss: 4.4211
  Batch 5330/10484, Loss: 4.4175
  Batch 5340/10484, Loss: 3.5728
  Batch 5350/10484, Loss: 4.0141
  Batch 5360/10484, Loss: 4.3519
  Batch 5370/10484, Loss: 4.2218
  Batch 5380/10484, Loss: 3.8667
  Batch 5390/10484, Loss: 3.9854
  Batch 5400/10484, Loss: 4.7606
  Batch 5410/10484, Loss: 4.5700
  Batch 5420/10484, Loss: 4.2548
  Batch 5430/10484, Loss: 3.9765
  Batch 5440/10484, Loss: 4.3727
  Batch 5450/10484, Loss: 3.7227
  Batch 5460/10484, Loss: 4.0350
  Batch 5470/10484, Loss: 4.3171
  Batch 5480/10484, Loss: 3.7958
  Batch 5490/10484, Loss: 4.0187
  Batch 5500/10484, Loss: 4.5059
  Batch 5510/10484, Loss: 4.6911
  Batch 5520/10484, Loss: 3.8338
  Batch 5530/10484, Loss: 4.1882
  Batch 5540/10484, Loss: 4.2567
  Batch 5550/10484, Loss: 4.2622
  Batch 5560/10484, Loss: 4.2745
  Batch 5570/10484, Loss: 4.4384
  Batch 5580/10484, Loss: 4.0463
  Batch 5590/10484, Loss: 4.0790
  Batch 5600/10484, Loss: 4.5076
  Batch 5610/10484, Loss: 4.5405
  Batch 5620/10484, Loss: 4.2492
  Batch 5630/10484, Loss: 3.8576
  Batch 5640/10484, Loss: 4.3148
  Batch 5650/10484, Loss: 4.6939
  Batch 5660/10484, Loss: 4.0245
  Batch 5670/10484, Loss: 3.8361
  Batch 5680/10484, Loss: 4.0624
  Batch 5690/10484, Loss: 4.2970
  Batch 5700/10484, Loss: 4.7185
  Batch 5710/10484, Loss: 4.6040
  Batch 5720/10484, Loss: 4.5255
  Batch 5730/10484, Loss: 4.6396
  Batch 5740/10484, Loss: 4.5636
  Batch 5750/10484, Loss: 3.6412
  Batch 5760/10484, Loss: 3.7781
  Batch 5770/10484, Loss: 4.5806
  Batch 5780/10484, Loss: 4.3045
  Batch 5790/10484, Loss: 3.6988
  Batch 5800/10484, Loss: 4.0696
  Batch 5810/10484, Loss: 3.7728
  Batch 5820/10484, Loss: 4.1910
  Batch 5830/10484, Loss: 5.0002
  Batch 5840/10484, Loss: 4.5774
  Batch 5850/10484, Loss: 3.8564
  Batch 5860/10484, Loss: 4.8725
  Batch 5870/10484, Loss: 4.6731
  Batch 5880/10484, Loss: 4.6849
  Batch 5890/10484, Loss: 3.7598
  Batch 5900/10484, Loss: 4.1387
  Batch 5910/10484, Loss: 4.5872
  Batch 5920/10484, Loss: 4.5834
  Batch 5930/10484, Loss: 3.1618
  Batch 5940/10484, Loss: 4.0462
  Batch 5950/10484, Loss: 4.5556
  Batch 5960/10484, Loss: 4.1807
  Batch 5970/10484, Loss: 4.2905
  Batch 5980/10484, Loss: 4.1551
  Batch 5990/10484, Loss: 4.1850
  Batch 6000/10484, Loss: 4.0891
  Batch 6010/10484, Loss: 4.5239
  Batch 6020/10484, Loss: 4.0457
  Batch 6030/10484, Loss: 4.2017
  Batch 6040/10484, Loss: 3.7266
  Batch 6050/10484, Loss: 5.3674
  Batch 6060/10484, Loss: 4.3063
  Batch 6070/10484, Loss: 3.8550
  Batch 6080/10484, Loss: 4.3708
  Batch 6090/10484, Loss: 4.0977
  Batch 6100/10484, Loss: 3.9528
  Batch 6110/10484, Loss: 4.0514
  Batch 6120/10484, Loss: 4.7949
  Batch 6130/10484, Loss: 4.5640
  Batch 6140/10484, Loss: 4.5713
  Batch 6150/10484, Loss: 4.5187
  Batch 6160/10484, Loss: 4.4159
  Batch 6170/10484, Loss: 4.5091
  Batch 6180/10484, Loss: 3.8059
  Batch 6190/10484, Loss: 4.6207
  Batch 6200/10484, Loss: 3.9434
  Batch 6210/10484, Loss: 3.8647
  Batch 6220/10484, Loss: 4.1095
  Batch 6230/10484, Loss: 4.2549
  Batch 6240/10484, Loss: 3.8966
  Batch 6250/10484, Loss: 4.2676
  Batch 6260/10484, Loss: 4.1947
  Batch 6270/10484, Loss: 4.7299
  Batch 6280/10484, Loss: 4.7908
  Batch 6290/10484, Loss: 4.5052
  Batch 6300/10484, Loss: 4.2272
  Batch 6310/10484, Loss: 4.2271
  Batch 6320/10484, Loss: 3.9941
  Batch 6330/10484, Loss: 5.0164
  Batch 6340/10484, Loss: 4.2125
  Batch 6350/10484, Loss: 4.7439
  Batch 6360/10484, Loss: 4.8993
  Batch 6370/10484, Loss: 5.1377
  Batch 6380/10484, Loss: 3.4762
  Batch 6390/10484, Loss: 3.7310
  Batch 6400/10484, Loss: 3.9368
  Batch 6410/10484, Loss: 4.0059
  Batch 6420/10484, Loss: 4.8098
  Batch 6430/10484, Loss: 3.9712
  Batch 6440/10484, Loss: 3.9331
  Batch 6450/10484, Loss: 3.7675
  Batch 6460/10484, Loss: 4.3692
  Batch 6470/10484, Loss: 4.3861
  Batch 6480/10484, Loss: 4.0280
  Batch 6490/10484, Loss: 4.1321
  Batch 6500/10484, Loss: 4.1743
  Batch 6510/10484, Loss: 3.9831
  Batch 6520/10484, Loss: 4.1241
  Batch 6530/10484, Loss: 3.9262
  Batch 6540/10484, Loss: 3.9566
  Batch 6550/10484, Loss: 4.0687
  Batch 6560/10484, Loss: 3.7777
  Batch 6570/10484, Loss: 4.9494
  Batch 6580/10484, Loss: 4.5020
  Batch 6590/10484, Loss: 4.6307
  Batch 6600/10484, Loss: 4.1517
  Batch 6610/10484, Loss: 4.7206
  Batch 6620/10484, Loss: 4.1988
  Batch 6630/10484, Loss: 3.9091
  Batch 6640/10484, Loss: 4.6622
  Batch 6650/10484, Loss: 4.4191
  Batch 6660/10484, Loss: 3.7073
  Batch 6670/10484, Loss: 4.2740
  Batch 6680/10484, Loss: 3.7446
  Batch 6690/10484, Loss: 3.7947
  Batch 6700/10484, Loss: 3.8296
  Batch 6710/10484, Loss: 4.5204
  Batch 6720/10484, Loss: 3.6008
  Batch 6730/10484, Loss: 4.3363
  Batch 6740/10484, Loss: 4.3568
  Batch 6750/10484, Loss: 3.6415
  Batch 6760/10484, Loss: 4.4098
  Batch 6770/10484, Loss: 4.5528
  Batch 6780/10484, Loss: 4.2918
  Batch 6790/10484, Loss: 3.8870
  Batch 6800/10484, Loss: 4.3214
  Batch 6810/10484, Loss: 4.2104
  Batch 6820/10484, Loss: 3.6016
  Batch 6830/10484, Loss: 4.1203
  Batch 6840/10484, Loss: 4.9269
  Batch 6850/10484, Loss: 4.1617
  Batch 6860/10484, Loss: 4.1941
  Batch 6870/10484, Loss: 4.1780
  Batch 6880/10484, Loss: 4.0777
  Batch 6890/10484, Loss: 4.6839
  Batch 6900/10484, Loss: 4.0029
  Batch 6910/10484, Loss: 4.2349
  Batch 6920/10484, Loss: 4.5758
  Batch 6930/10484, Loss: 4.1715
  Batch 6940/10484, Loss: 4.1974
  Batch 6950/10484, Loss: 4.0457
  Batch 6960/10484, Loss: 4.0567
  Batch 6970/10484, Loss: 4.1492
  Batch 6980/10484, Loss: 4.4467
  Batch 6990/10484, Loss: 4.8453
  Batch 7000/10484, Loss: 4.4123
  Batch 7010/10484, Loss: 3.4964
  Batch 7020/10484, Loss: 4.1967
  Batch 7030/10484, Loss: 4.2301
  Batch 7040/10484, Loss: 4.5597
  Batch 7050/10484, Loss: 4.6843
  Batch 7060/10484, Loss: 4.3942
  Batch 7070/10484, Loss: 4.0325
  Batch 7080/10484, Loss: 4.7242
  Batch 7090/10484, Loss: 4.3640
  Batch 7100/10484, Loss: 4.2501
  Batch 7110/10484, Loss: 4.3964
  Batch 7120/10484, Loss: 4.8300
  Batch 7130/10484, Loss: 4.6260
  Batch 7140/10484, Loss: 4.1846
  Batch 7150/10484, Loss: 3.5393
  Batch 7160/10484, Loss: 4.2482
  Batch 7170/10484, Loss: 3.9515
  Batch 7180/10484, Loss: 3.7300
  Batch 7190/10484, Loss: 4.6900
  Batch 7200/10484, Loss: 4.5847
  Batch 7210/10484, Loss: 3.8988
  Batch 7220/10484, Loss: 4.1134
  Batch 7230/10484, Loss: 4.5493
  Batch 7240/10484, Loss: 4.0180
  Batch 7250/10484, Loss: 4.8749
  Batch 7260/10484, Loss: 4.1782
  Batch 7270/10484, Loss: 3.7740
  Batch 7280/10484, Loss: 4.2053
  Batch 7290/10484, Loss: 4.4845
  Batch 7300/10484, Loss: 5.0492
  Batch 7310/10484, Loss: 4.0997
  Batch 7320/10484, Loss: 4.7357
  Batch 7330/10484, Loss: 4.1704
  Batch 7340/10484, Loss: 3.6050
  Batch 7350/10484, Loss: 4.3715
  Batch 7360/10484, Loss: 4.2427
  Batch 7370/10484, Loss: 4.4241
  Batch 7380/10484, Loss: 3.5929
  Batch 7390/10484, Loss: 4.6601
  Batch 7400/10484, Loss: 3.5710
  Batch 7410/10484, Loss: 4.2561
  Batch 7420/10484, Loss: 4.6478
  Batch 7430/10484, Loss: 3.9871
  Batch 7440/10484, Loss: 4.5743
  Batch 7450/10484, Loss: 3.9773
  Batch 7460/10484, Loss: 4.3019
  Batch 7470/10484, Loss: 4.5741
  Batch 7480/10484, Loss: 4.1328
  Batch 7490/10484, Loss: 4.3755
  Batch 7500/10484, Loss: 4.3445
  Batch 7510/10484, Loss: 4.2070
  Batch 7520/10484, Loss: 3.9623
  Batch 7530/10484, Loss: 5.0258
  Batch 7540/10484, Loss: 4.5157
  Batch 7550/10484, Loss: 3.9057
  Batch 7560/10484, Loss: 3.9144
  Batch 7570/10484, Loss: 4.4500
  Batch 7580/10484, Loss: 3.7612
  Batch 7590/10484, Loss: 4.9010
  Batch 7600/10484, Loss: 4.2683
  Batch 7610/10484, Loss: 4.2370
  Batch 7620/10484, Loss: 4.1487
  Batch 7630/10484, Loss: 4.8625
  Batch 7640/10484, Loss: 4.5202
  Batch 7650/10484, Loss: 4.4165
  Batch 7660/10484, Loss: 4.1100
  Batch 7670/10484, Loss: 4.2721
  Batch 7680/10484, Loss: 4.2023
  Batch 7690/10484, Loss: 3.9774
  Batch 7700/10484, Loss: 4.3163
  Batch 7710/10484, Loss: 4.2234
  Batch 7720/10484, Loss: 4.2529
  Batch 7730/10484, Loss: 3.9926
  Batch 7740/10484, Loss: 4.2266
  Batch 7750/10484, Loss: 4.1928
  Batch 7760/10484, Loss: 4.0578
  Batch 7770/10484, Loss: 3.8324
  Batch 7780/10484, Loss: 4.4478
  Batch 7790/10484, Loss: 4.1823
  Batch 7800/10484, Loss: 3.9291
  Batch 7810/10484, Loss: 3.8039
  Batch 7820/10484, Loss: 5.3716
  Batch 7830/10484, Loss: 4.7892
  Batch 7840/10484, Loss: 3.9252
  Batch 7850/10484, Loss: 4.1117
  Batch 7860/10484, Loss: 3.9770
  Batch 7870/10484, Loss: 4.6396
  Batch 7880/10484, Loss: 4.1698
  Batch 7890/10484, Loss: 4.3355
  Batch 7900/10484, Loss: 4.7757
  Batch 7910/10484, Loss: 4.7713
  Batch 7920/10484, Loss: 4.1074
  Batch 7930/10484, Loss: 4.2690
  Batch 7940/10484, Loss: 3.5736
  Batch 7950/10484, Loss: 3.8798
  Batch 7960/10484, Loss: 4.5723
  Batch 7970/10484, Loss: 4.3249
  Batch 7980/10484, Loss: 4.6380
  Batch 7990/10484, Loss: 4.2235
  Batch 8000/10484, Loss: 4.3845
  Batch 8010/10484, Loss: 4.0851
  Batch 8020/10484, Loss: 4.3084
  Batch 8030/10484, Loss: 5.0038
  Batch 8040/10484, Loss: 5.0051
  Batch 8050/10484, Loss: 4.3947
  Batch 8060/10484, Loss: 4.7444
  Batch 8070/10484, Loss: 3.6039
  Batch 8080/10484, Loss: 4.6656
  Batch 8090/10484, Loss: 4.6120
  Batch 8100/10484, Loss: 4.3858
  Batch 8110/10484, Loss: 4.5326
  Batch 8120/10484, Loss: 4.2958
  Batch 8130/10484, Loss: 4.5991
  Batch 8140/10484, Loss: 4.1793
  Batch 8150/10484, Loss: 3.9866
  Batch 8160/10484, Loss: 4.6575
  Batch 8170/10484, Loss: 4.4952
  Batch 8180/10484, Loss: 4.2203
  Batch 8190/10484, Loss: 4.1011
  Batch 8200/10484, Loss: 4.7530
  Batch 8210/10484, Loss: 3.9114
  Batch 8220/10484, Loss: 5.0020
  Batch 8230/10484, Loss: 3.8813
  Batch 8240/10484, Loss: 4.1949
  Batch 8250/10484, Loss: 4.1004
  Batch 8260/10484, Loss: 4.7501
  Batch 8270/10484, Loss: 3.4001
  Batch 8280/10484, Loss: 4.1792
  Batch 8290/10484, Loss: 4.3258
  Batch 8300/10484, Loss: 3.7777
  Batch 8310/10484, Loss: 4.3735
  Batch 8320/10484, Loss: 5.1372
  Batch 8330/10484, Loss: 4.1866
  Batch 8340/10484, Loss: 4.2818
  Batch 8350/10484, Loss: 4.0434
  Batch 8360/10484, Loss: 4.4713
  Batch 8370/10484, Loss: 3.6522
  Batch 8380/10484, Loss: 4.1172
  Batch 8390/10484, Loss: 4.1726
  Batch 8400/10484, Loss: 4.6631
  Batch 8410/10484, Loss: 4.8808
  Batch 8420/10484, Loss: 4.3957
  Batch 8430/10484, Loss: 4.1424
  Batch 8440/10484, Loss: 4.3295
  Batch 8450/10484, Loss: 4.3429
  Batch 8460/10484, Loss: 4.1797
  Batch 8470/10484, Loss: 4.0309
  Batch 8480/10484, Loss: 4.0366
  Batch 8490/10484, Loss: 4.4701
  Batch 8500/10484, Loss: 4.0662
  Batch 8510/10484, Loss: 4.7782
  Batch 8520/10484, Loss: 3.8084
  Batch 8530/10484, Loss: 4.5458
  Batch 8540/10484, Loss: 3.9725
  Batch 8550/10484, Loss: 4.7926
  Batch 8560/10484, Loss: 3.5198
  Batch 8570/10484, Loss: 4.2297
  Batch 8580/10484, Loss: 4.5177
  Batch 8590/10484, Loss: 4.6014
  Batch 8600/10484, Loss: 4.0625
  Batch 8610/10484, Loss: 4.2842
  Batch 8620/10484, Loss: 4.2380
  Batch 8630/10484, Loss: 4.9222
  Batch 8640/10484, Loss: 4.2724
  Batch 8650/10484, Loss: 4.6626
  Batch 8660/10484, Loss: 4.7472
  Batch 8670/10484, Loss: 4.8546
  Batch 8680/10484, Loss: 3.7987
  Batch 8690/10484, Loss: 3.7072
  Batch 8700/10484, Loss: 3.7236
  Batch 8710/10484, Loss: 3.7840
  Batch 8720/10484, Loss: 4.7208
  Batch 8730/10484, Loss: 4.0042
  Batch 8740/10484, Loss: 4.5317
  Batch 8750/10484, Loss: 4.2350
  Batch 8760/10484, Loss: 4.1294
  Batch 8770/10484, Loss: 3.8726
  Batch 8780/10484, Loss: 4.2046
  Batch 8790/10484, Loss: 4.5580
  Batch 8800/10484, Loss: 4.1823
  Batch 8810/10484, Loss: 4.4263
  Batch 8820/10484, Loss: 4.4846
  Batch 8830/10484, Loss: 4.2319
  Batch 8840/10484, Loss: 4.7484
  Batch 8850/10484, Loss: 3.7790
  Batch 8860/10484, Loss: 4.3250
  Batch 8870/10484, Loss: 4.1302
  Batch 8880/10484, Loss: 4.6315
  Batch 8890/10484, Loss: 3.9959
  Batch 8900/10484, Loss: 4.5846
  Batch 8910/10484, Loss: 3.8012
  Batch 8920/10484, Loss: 4.4522
  Batch 8930/10484, Loss: 3.8657
  Batch 8940/10484, Loss: 4.4590
  Batch 8950/10484, Loss: 3.8403
  Batch 8960/10484, Loss: 4.2095
  Batch 8970/10484, Loss: 4.5406
  Batch 8980/10484, Loss: 3.8750
  Batch 8990/10484, Loss: 3.9837
  Batch 9000/10484, Loss: 4.4165
  Batch 9010/10484, Loss: 3.5721
  Batch 9020/10484, Loss: 4.2856
  Batch 9030/10484, Loss: 4.6634
  Batch 9040/10484, Loss: 4.6592
  Batch 9050/10484, Loss: 3.8406
  Batch 9060/10484, Loss: 5.0376
  Batch 9070/10484, Loss: 4.3469
  Batch 9080/10484, Loss: 4.3732
  Batch 9090/10484, Loss: 4.6496
  Batch 9100/10484, Loss: 3.9920
  Batch 9110/10484, Loss: 4.1469
  Batch 9120/10484, Loss: 4.6263
  Batch 9130/10484, Loss: 4.2500
  Batch 9140/10484, Loss: 4.2823
  Batch 9150/10484, Loss: 3.9909
  Batch 9160/10484, Loss: 3.6862
  Batch 9170/10484, Loss: 4.5386
  Batch 9180/10484, Loss: 4.2703
  Batch 9190/10484, Loss: 4.2598
  Batch 9200/10484, Loss: 3.8135
  Batch 9210/10484, Loss: 4.4300
  Batch 9220/10484, Loss: 4.0227
  Batch 9230/10484, Loss: 4.3053
  Batch 9240/10484, Loss: 4.4480
  Batch 9250/10484, Loss: 4.4470
  Batch 9260/10484, Loss: 4.3885
  Batch 9270/10484, Loss: 3.8180
  Batch 9280/10484, Loss: 4.3523
  Batch 9290/10484, Loss: 4.2030
  Batch 9300/10484, Loss: 4.7440
  Batch 9310/10484, Loss: 4.8784
  Batch 9320/10484, Loss: 4.1265
  Batch 9330/10484, Loss: 4.6603
  Batch 9340/10484, Loss: 4.5633
  Batch 9350/10484, Loss: 4.2477
  Batch 9360/10484, Loss: 3.7325
  Batch 9370/10484, Loss: 4.4591
  Batch 9380/10484, Loss: 4.0564
  Batch 9390/10484, Loss: 4.2464
  Batch 9400/10484, Loss: 4.3593
  Batch 9410/10484, Loss: 4.4401
  Batch 9420/10484, Loss: 4.2626
  Batch 9430/10484, Loss: 4.0578
  Batch 9440/10484, Loss: 5.0322
  Batch 9450/10484, Loss: 4.9053
  Batch 9460/10484, Loss: 3.9929
  Batch 9470/10484, Loss: 4.8254
  Batch 9480/10484, Loss: 4.4059
  Batch 9490/10484, Loss: 4.3903
  Batch 9500/10484, Loss: 3.7645
  Batch 9510/10484, Loss: 4.8857
  Batch 9520/10484, Loss: 4.5190
  Batch 9530/10484, Loss: 4.4888
  Batch 9540/10484, Loss: 4.4188
  Batch 9550/10484, Loss: 3.9337
  Batch 9560/10484, Loss: 4.1914
  Batch 9570/10484, Loss: 4.0624
  Batch 9580/10484, Loss: 3.9193
  Batch 9590/10484, Loss: 4.2487
  Batch 9600/10484, Loss: 3.0116
  Batch 9610/10484, Loss: 3.9905
  Batch 9620/10484, Loss: 3.3270
  Batch 9630/10484, Loss: 4.8244
  Batch 9640/10484, Loss: 4.8247
  Batch 9650/10484, Loss: 4.9827
  Batch 9660/10484, Loss: 4.2701
  Batch 9670/10484, Loss: 3.8690
  Batch 9680/10484, Loss: 4.1754
  Batch 9690/10484, Loss: 4.1290
  Batch 9700/10484, Loss: 4.5695
  Batch 9710/10484, Loss: 4.3850
  Batch 9720/10484, Loss: 3.8801
  Batch 9730/10484, Loss: 4.2553
  Batch 9740/10484, Loss: 4.6706
  Batch 9750/10484, Loss: 4.4254
  Batch 9760/10484, Loss: 4.5759
  Batch 9770/10484, Loss: 4.6796
  Batch 9780/10484, Loss: 4.1116
  Batch 9790/10484, Loss: 3.7906
  Batch 9800/10484, Loss: 4.2523
  Batch 9810/10484, Loss: 3.8200
  Batch 9820/10484, Loss: 4.7273
  Batch 9830/10484, Loss: 4.5277
  Batch 9840/10484, Loss: 4.3887
  Batch 9850/10484, Loss: 4.4764
  Batch 9860/10484, Loss: 4.4666
  Batch 9870/10484, Loss: 4.8016
  Batch 9880/10484, Loss: 4.2314
  Batch 9890/10484, Loss: 4.1350
  Batch 9900/10484, Loss: 4.0854
  Batch 9910/10484, Loss: 4.1245
  Batch 9920/10484, Loss: 4.3666
  Batch 9930/10484, Loss: 4.1351
  Batch 9940/10484, Loss: 4.4378
  Batch 9950/10484, Loss: 4.2222
  Batch 9960/10484, Loss: 4.2818
  Batch 9970/10484, Loss: 4.8559
  Batch 9980/10484, Loss: 4.6104
  Batch 9990/10484, Loss: 4.0841
  Batch 10000/10484, Loss: 4.5135
  Batch 10010/10484, Loss: 4.2279
  Batch 10020/10484, Loss: 4.2935
  Batch 10030/10484, Loss: 4.0520
  Batch 10040/10484, Loss: 4.3813
  Batch 10050/10484, Loss: 4.5025
  Batch 10060/10484, Loss: 4.0140
  Batch 10070/10484, Loss: 3.9803
  Batch 10080/10484, Loss: 4.8610
  Batch 10090/10484, Loss: 3.9102
  Batch 10100/10484, Loss: 4.0975
  Batch 10110/10484, Loss: 4.8354
  Batch 10120/10484, Loss: 3.6758
  Batch 10130/10484, Loss: 4.0640
  Batch 10140/10484, Loss: 4.2621
  Batch 10150/10484, Loss: 4.1371
  Batch 10160/10484, Loss: 4.4091
  Batch 10170/10484, Loss: 4.2741
  Batch 10180/10484, Loss: 4.8861
  Batch 10190/10484, Loss: 4.6231
  Batch 10200/10484, Loss: 3.9060
  Batch 10210/10484, Loss: 3.9884
  Batch 10220/10484, Loss: 4.1693
  Batch 10230/10484, Loss: 4.2314
  Batch 10240/10484, Loss: 4.4278
  Batch 10250/10484, Loss: 4.1618
  Batch 10260/10484, Loss: 4.1389
  Batch 10270/10484, Loss: 4.3378
  Batch 10280/10484, Loss: 3.9520
  Batch 10290/10484, Loss: 4.4260
  Batch 10300/10484, Loss: 4.8599
  Batch 10310/10484, Loss: 4.7438
  Batch 10320/10484, Loss: 4.3017
  Batch 10330/10484, Loss: 4.3391
  Batch 10340/10484, Loss: 4.2869
  Batch 10350/10484, Loss: 4.0264
  Batch 10360/10484, Loss: 3.7131
  Batch 10370/10484, Loss: 3.8866
  Batch 10380/10484, Loss: 4.5863
  Batch 10390/10484, Loss: 4.0198
  Batch 10400/10484, Loss: 4.5939
  Batch 10410/10484, Loss: 3.9707
  Batch 10420/10484, Loss: 4.9926
  Batch 10430/10484, Loss: 4.6349
  Batch 10440/10484, Loss: 4.2545
  Batch 10450/10484, Loss: 4.4421
  Batch 10460/10484, Loss: 4.2701
  Batch 10470/10484, Loss: 4.1681
  Batch 10480/10484, Loss: 4.5015

  Train Loss: 4.2557
  Val Loss: 6.6338
  Time: 31m 27s
  ✓ Saved checkpoint to /scratch/aitordiez/News2Stock/simple_seq2seq_fasttext/checkpoints/checkpoint_epoch_5.pt

Epoch 6/20
----------------------------------------
  Batch 10/10484, Loss: 4.1543
  Batch 20/10484, Loss: 4.0591
  Batch 30/10484, Loss: 4.2100
  Batch 40/10484, Loss: 3.7343
  Batch 50/10484, Loss: 4.5783
  Batch 60/10484, Loss: 4.4595
  Batch 70/10484, Loss: 4.3936
  Batch 80/10484, Loss: 4.0603
  Batch 90/10484, Loss: 4.2020
  Batch 100/10484, Loss: 3.8647
  Batch 110/10484, Loss: 4.5673
  Batch 120/10484, Loss: 4.1338
  Batch 130/10484, Loss: 3.7520
  Batch 140/10484, Loss: 3.6850
  Batch 150/10484, Loss: 3.8716
  Batch 160/10484, Loss: 3.7506
  Batch 170/10484, Loss: 4.3732
  Batch 180/10484, Loss: 4.0845
  Batch 190/10484, Loss: 4.2466
  Batch 200/10484, Loss: 3.9191
  Batch 210/10484, Loss: 3.8099
  Batch 220/10484, Loss: 4.1655
  Batch 230/10484, Loss: 3.8814
  Batch 240/10484, Loss: 4.1411
  Batch 250/10484, Loss: 4.5304
  Batch 260/10484, Loss: 3.5847
  Batch 270/10484, Loss: 3.6935
  Batch 280/10484, Loss: 4.0436
  Batch 290/10484, Loss: 3.8401
  Batch 300/10484, Loss: 3.6689
  Batch 310/10484, Loss: 4.7217
  Batch 320/10484, Loss: 4.8118
  Batch 330/10484, Loss: 4.4256
  Batch 340/10484, Loss: 4.1784
  Batch 350/10484, Loss: 3.5982
  Batch 360/10484, Loss: 4.3845
  Batch 370/10484, Loss: 3.7115
  Batch 380/10484, Loss: 4.5390
  Batch 390/10484, Loss: 4.6887
  Batch 400/10484, Loss: 4.3797
  Batch 410/10484, Loss: 4.1494
  Batch 420/10484, Loss: 4.4500
  Batch 430/10484, Loss: 4.0491
  Batch 440/10484, Loss: 4.3946
  Batch 450/10484, Loss: 4.3132
  Batch 460/10484, Loss: 4.0709
  Batch 470/10484, Loss: 3.7060
  Batch 480/10484, Loss: 4.4302
  Batch 490/10484, Loss: 4.4891
  Batch 500/10484, Loss: 4.1675
  Batch 510/10484, Loss: 4.0684
  Batch 520/10484, Loss: 4.1138
  Batch 530/10484, Loss: 3.8460
  Batch 540/10484, Loss: 3.7344
  Batch 550/10484, Loss: 4.0391
  Batch 560/10484, Loss: 4.1335
  Batch 570/10484, Loss: 4.8349
  Batch 580/10484, Loss: 3.9152
  Batch 590/10484, Loss: 3.9584
  Batch 600/10484, Loss: 4.7299
  Batch 610/10484, Loss: 3.4028
  Batch 620/10484, Loss: 4.3469
  Batch 630/10484, Loss: 4.2210
  Batch 640/10484, Loss: 3.6407
  Batch 650/10484, Loss: 4.5091
  Batch 660/10484, Loss: 4.3015
  Batch 670/10484, Loss: 3.9013
  Batch 680/10484, Loss: 3.8860
  Batch 690/10484, Loss: 4.0807
  Batch 700/10484, Loss: 4.2602
  Batch 710/10484, Loss: 4.0143
  Batch 720/10484, Loss: 4.5297
  Batch 730/10484, Loss: 3.8575
  Batch 740/10484, Loss: 3.9762
  Batch 750/10484, Loss: 4.3442
  Batch 760/10484, Loss: 4.2043
  Batch 770/10484, Loss: 3.8640
  Batch 780/10484, Loss: 4.0513
  Batch 790/10484, Loss: 3.9268
  Batch 800/10484, Loss: 3.9644
  Batch 810/10484, Loss: 4.0025
  Batch 820/10484, Loss: 4.5340
  Batch 830/10484, Loss: 3.9712
  Batch 840/10484, Loss: 4.0864
  Batch 850/10484, Loss: 3.6398
  Batch 860/10484, Loss: 4.1554
  Batch 870/10484, Loss: 4.1786
  Batch 880/10484, Loss: 4.0468
  Batch 890/10484, Loss: 4.4572
  Batch 900/10484, Loss: 4.7842
  Batch 910/10484, Loss: 4.3543
  Batch 920/10484, Loss: 4.1722
  Batch 930/10484, Loss: 4.2100
  Batch 940/10484, Loss: 4.5238
  Batch 950/10484, Loss: 4.2233
  Batch 960/10484, Loss: 4.7005
  Batch 970/10484, Loss: 4.5381
  Batch 980/10484, Loss: 4.1229
  Batch 990/10484, Loss: 4.1218
  Batch 1000/10484, Loss: 4.1317
  Batch 1010/10484, Loss: 4.1351
  Batch 1020/10484, Loss: 4.4560
  Batch 1030/10484, Loss: 3.9899
  Batch 1040/10484, Loss: 4.3849
  Batch 1050/10484, Loss: 4.6618
  Batch 1060/10484, Loss: 3.8152
  Batch 1070/10484, Loss: 4.2004
  Batch 1080/10484, Loss: 4.1441
  Batch 1090/10484, Loss: 4.1775
  Batch 1100/10484, Loss: 4.2825
  Batch 1110/10484, Loss: 3.5023
  Batch 1120/10484, Loss: 3.8255
  Batch 1130/10484, Loss: 3.5058
  Batch 1140/10484, Loss: 4.4603
  Batch 1150/10484, Loss: 4.3802
  Batch 1160/10484, Loss: 4.6847
  Batch 1170/10484, Loss: 3.8210
  Batch 1180/10484, Loss: 3.7113
  Batch 1190/10484, Loss: 4.2594
  Batch 1200/10484, Loss: 3.9343
  Batch 1210/10484, Loss: 4.2122
  Batch 1220/10484, Loss: 3.7904
  Batch 1230/10484, Loss: 3.9589
  Batch 1240/10484, Loss: 4.0506
  Batch 1250/10484, Loss: 4.2460
  Batch 1260/10484, Loss: 3.6264
  Batch 1270/10484, Loss: 4.5888
  Batch 1280/10484, Loss: 3.7982
  Batch 1290/10484, Loss: 3.3177
  Batch 1300/10484, Loss: 3.7530
  Batch 1310/10484, Loss: 3.5117
  Batch 1320/10484, Loss: 3.9534
  Batch 1330/10484, Loss: 4.2864
  Batch 1340/10484, Loss: 3.8098
  Batch 1350/10484, Loss: 3.7692
  Batch 1360/10484, Loss: 3.7665
  Batch 1370/10484, Loss: 4.2743
  Batch 1380/10484, Loss: 4.6604
  Batch 1390/10484, Loss: 4.2135
  Batch 1400/10484, Loss: 3.8932
  Batch 1410/10484, Loss: 3.9265
  Batch 1420/10484, Loss: 4.1092
  Batch 1430/10484, Loss: 4.2464
  Batch 1440/10484, Loss: 3.2305
  Batch 1450/10484, Loss: 4.1882
  Batch 1460/10484, Loss: 4.0689
  Batch 1470/10484, Loss: 4.3767
  Batch 1480/10484, Loss: 4.0812
  Batch 1490/10484, Loss: 3.9382
  Batch 1500/10484, Loss: 4.3430
  Batch 1510/10484, Loss: 4.0028
  Batch 1520/10484, Loss: 4.8136
  Batch 1530/10484, Loss: 4.1086
  Batch 1540/10484, Loss: 3.6328
  Batch 1550/10484, Loss: 4.2325
  Batch 1560/10484, Loss: 4.2502
  Batch 1570/10484, Loss: 4.7547
  Batch 1580/10484, Loss: 4.4241
  Batch 1590/10484, Loss: 4.5076
  Batch 1600/10484, Loss: 4.3503
  Batch 1610/10484, Loss: 3.6392
  Batch 1620/10484, Loss: 4.1853
  Batch 1630/10484, Loss: 3.7747
  Batch 1640/10484, Loss: 4.9044
  Batch 1650/10484, Loss: 3.5371
  Batch 1660/10484, Loss: 4.3286
  Batch 1670/10484, Loss: 4.1390
  Batch 1680/10484, Loss: 4.1421
  Batch 1690/10484, Loss: 3.7747
  Batch 1700/10484, Loss: 3.7446
  Batch 1710/10484, Loss: 4.2657
  Batch 1720/10484, Loss: 4.0213
  Batch 1730/10484, Loss: 3.9320
  Batch 1740/10484, Loss: 4.1216
  Batch 1750/10484, Loss: 4.2812
  Batch 1760/10484, Loss: 4.2494
  Batch 1770/10484, Loss: 4.5825
  Batch 1780/10484, Loss: 4.2687
  Batch 1790/10484, Loss: 4.2804
  Batch 1800/10484, Loss: 4.1644
  Batch 1810/10484, Loss: 3.5027
  Batch 1820/10484, Loss: 4.0610
  Batch 1830/10484, Loss: 4.6261
  Batch 1840/10484, Loss: 4.1260
  Batch 1850/10484, Loss: 4.5576
  Batch 1860/10484, Loss: 4.1684
  Batch 1870/10484, Loss: 4.0448
  Batch 1880/10484, Loss: 4.2781
  Batch 1890/10484, Loss: 4.5354
  Batch 1900/10484, Loss: 4.3954
  Batch 1910/10484, Loss: 4.1996
  Batch 1920/10484, Loss: 4.0936
  Batch 1930/10484, Loss: 4.1734
  Batch 1940/10484, Loss: 4.0743
  Batch 1950/10484, Loss: 4.1388
  Batch 1960/10484, Loss: 3.8785
  Batch 1970/10484, Loss: 4.1664
  Batch 1980/10484, Loss: 4.5621
  Batch 1990/10484, Loss: 4.2463
  Batch 2000/10484, Loss: 4.0832
  Batch 2010/10484, Loss: 4.5968
  Batch 2020/10484, Loss: 3.7475
  Batch 2030/10484, Loss: 4.3901
  Batch 2040/10484, Loss: 3.9714
  Batch 2050/10484, Loss: 4.0436
  Batch 2060/10484, Loss: 3.8466
  Batch 2070/10484, Loss: 4.0152
  Batch 2080/10484, Loss: 4.1935
  Batch 2090/10484, Loss: 4.2008
  Batch 2100/10484, Loss: 4.2482
  Batch 2110/10484, Loss: 3.7386
  Batch 2120/10484, Loss: 4.0519
  Batch 2130/10484, Loss: 4.2322
  Batch 2140/10484, Loss: 4.0548
  Batch 2150/10484, Loss: 4.2728
  Batch 2160/10484, Loss: 4.1326
  Batch 2170/10484, Loss: 3.9272
  Batch 2180/10484, Loss: 3.4867
  Batch 2190/10484, Loss: 4.2034
  Batch 2200/10484, Loss: 4.1479
  Batch 2210/10484, Loss: 4.5611
  Batch 2220/10484, Loss: 4.1605
  Batch 2230/10484, Loss: 4.4471
  Batch 2240/10484, Loss: 3.7887
  Batch 2250/10484, Loss: 4.4184
  Batch 2260/10484, Loss: 3.4453
  Batch 2270/10484, Loss: 4.2949
  Batch 2280/10484, Loss: 4.0881
  Batch 2290/10484, Loss: 3.8412
  Batch 2300/10484, Loss: 4.3363
  Batch 2310/10484, Loss: 4.5757
  Batch 2320/10484, Loss: 4.5220
  Batch 2330/10484, Loss: 4.0173
  Batch 2340/10484, Loss: 4.0639
  Batch 2350/10484, Loss: 4.3770
  Batch 2360/10484, Loss: 3.9978
  Batch 2370/10484, Loss: 3.4353
  Batch 2380/10484, Loss: 3.8939
  Batch 2390/10484, Loss: 4.2890
  Batch 2400/10484, Loss: 4.8541
  Batch 2410/10484, Loss: 3.4855
  Batch 2420/10484, Loss: 4.1867
  Batch 2430/10484, Loss: 4.3884
  Batch 2440/10484, Loss: 3.8530
  Batch 2450/10484, Loss: 4.2632
  Batch 2460/10484, Loss: 3.7261
  Batch 2470/10484, Loss: 4.4008
  Batch 2480/10484, Loss: 4.5989
  Batch 2490/10484, Loss: 3.7095
  Batch 2500/10484, Loss: 4.1531
  Batch 2510/10484, Loss: 4.2306
  Batch 2520/10484, Loss: 3.6860
  Batch 2530/10484, Loss: 4.4417
  Batch 2540/10484, Loss: 3.5592
  Batch 2550/10484, Loss: 4.1896
  Batch 2560/10484, Loss: 3.8795
  Batch 2570/10484, Loss: 4.3321
  Batch 2580/10484, Loss: 4.1677
  Batch 2590/10484, Loss: 3.7055
  Batch 2600/10484, Loss: 4.0122
  Batch 2610/10484, Loss: 3.6655
  Batch 2620/10484, Loss: 4.4265
  Batch 2630/10484, Loss: 4.0996
  Batch 2640/10484, Loss: 4.4980
  Batch 2650/10484, Loss: 3.7423
  Batch 2660/10484, Loss: 3.6699
  Batch 2670/10484, Loss: 4.1873
  Batch 2680/10484, Loss: 3.9299
  Batch 2690/10484, Loss: 4.1878
  Batch 2700/10484, Loss: 4.2667
  Batch 2710/10484, Loss: 4.8949
  Batch 2720/10484, Loss: 4.8234
  Batch 2730/10484, Loss: 4.3081
  Batch 2740/10484, Loss: 3.7866
  Batch 2750/10484, Loss: 4.7183
  Batch 2760/10484, Loss: 4.6397
  Batch 2770/10484, Loss: 4.0820
  Batch 2780/10484, Loss: 3.8344
  Batch 2790/10484, Loss: 4.4375
  Batch 2800/10484, Loss: 4.4332
  Batch 2810/10484, Loss: 4.6598
  Batch 2820/10484, Loss: 4.5531
  Batch 2830/10484, Loss: 3.8686
  Batch 2840/10484, Loss: 4.3560
  Batch 2850/10484, Loss: 4.0957
  Batch 2860/10484, Loss: 4.4875
  Batch 2870/10484, Loss: 3.8199
  Batch 2880/10484, Loss: 4.6378
  Batch 2890/10484, Loss: 4.4173
  Batch 2900/10484, Loss: 4.2475
  Batch 2910/10484, Loss: 4.5200
  Batch 2920/10484, Loss: 3.5549
  Batch 2930/10484, Loss: 4.5325
  Batch 2940/10484, Loss: 3.6509
  Batch 2950/10484, Loss: 3.4903
  Batch 2960/10484, Loss: 4.3226
  Batch 2970/10484, Loss: 3.8878
  Batch 2980/10484, Loss: 4.1936
  Batch 2990/10484, Loss: 4.6909
  Batch 3000/10484, Loss: 3.9851
  Batch 3010/10484, Loss: 3.4752
  Batch 3020/10484, Loss: 4.3590
  Batch 3030/10484, Loss: 4.5469
  Batch 3040/10484, Loss: 4.2436
  Batch 3050/10484, Loss: 4.2357
  Batch 3060/10484, Loss: 4.1558
  Batch 3070/10484, Loss: 4.2181
  Batch 3080/10484, Loss: 3.9333
  Batch 3090/10484, Loss: 4.1317
  Batch 3100/10484, Loss: 3.4080
  Batch 3110/10484, Loss: 4.1396
  Batch 3120/10484, Loss: 3.9790
  Batch 3130/10484, Loss: 4.4233
  Batch 3140/10484, Loss: 4.7302
  Batch 3150/10484, Loss: 4.4752
  Batch 3160/10484, Loss: 4.2379
  Batch 3170/10484, Loss: 4.0784
  Batch 3180/10484, Loss: 4.2221
  Batch 3190/10484, Loss: 3.7885
  Batch 3200/10484, Loss: 3.9331
  Batch 3210/10484, Loss: 4.7766
  Batch 3220/10484, Loss: 4.4578
  Batch 3230/10484, Loss: 3.9394
  Batch 3240/10484, Loss: 3.9581
  Batch 3250/10484, Loss: 3.5185
  Batch 3260/10484, Loss: 4.2656
  Batch 3270/10484, Loss: 4.3601
  Batch 3280/10484, Loss: 4.2479
  Batch 3290/10484, Loss: 4.5285
  Batch 3300/10484, Loss: 3.9823
  Batch 3310/10484, Loss: 3.4613
  Batch 3320/10484, Loss: 4.6328
  Batch 3330/10484, Loss: 4.4668
  Batch 3340/10484, Loss: 4.0698
  Batch 3350/10484, Loss: 4.3420
  Batch 3360/10484, Loss: 4.6231
  Batch 3370/10484, Loss: 4.1286
  Batch 3380/10484, Loss: 3.6412
  Batch 3390/10484, Loss: 4.5329
  Batch 3400/10484, Loss: 4.6852
  Batch 3410/10484, Loss: 3.8029
  Batch 3420/10484, Loss: 4.0075
  Batch 3430/10484, Loss: 3.8585
  Batch 3440/10484, Loss: 4.4758
  Batch 3450/10484, Loss: 4.2587
  Batch 3460/10484, Loss: 4.1652
  Batch 3470/10484, Loss: 3.9270
  Batch 3480/10484, Loss: 3.9654
  Batch 3490/10484, Loss: 2.9627
  Batch 3500/10484, Loss: 4.2546
  Batch 3510/10484, Loss: 4.4716
  Batch 3520/10484, Loss: 3.8705
  Batch 3530/10484, Loss: 3.7813
  Batch 3540/10484, Loss: 4.1385
  Batch 3550/10484, Loss: 4.4512
  Batch 3560/10484, Loss: 4.2164
  Batch 3570/10484, Loss: 4.2631
  Batch 3580/10484, Loss: 4.5202
  Batch 3590/10484, Loss: 3.2693
  Batch 3600/10484, Loss: 4.0953
  Batch 3610/10484, Loss: 4.1849
  Batch 3620/10484, Loss: 3.6984
  Batch 3630/10484, Loss: 4.2718
  Batch 3640/10484, Loss: 4.7808
  Batch 3650/10484, Loss: 3.9239
  Batch 3660/10484, Loss: 3.8735
  Batch 3670/10484, Loss: 3.9151
  Batch 3680/10484, Loss: 4.2417
  Batch 3690/10484, Loss: 3.7326
  Batch 3700/10484, Loss: 4.4338
  Batch 3710/10484, Loss: 4.0191
  Batch 3720/10484, Loss: 4.2921
  Batch 3730/10484, Loss: 4.0724
  Batch 3740/10484, Loss: 4.2830
  Batch 3750/10484, Loss: 3.8880
  Batch 3760/10484, Loss: 3.7852
  Batch 3770/10484, Loss: 4.5947
  Batch 3780/10484, Loss: 3.7212
  Batch 3790/10484, Loss: 4.5272
  Batch 3800/10484, Loss: 4.4868
  Batch 3810/10484, Loss: 4.1518
  Batch 3820/10484, Loss: 3.6904
  Batch 3830/10484, Loss: 3.6245
  Batch 3840/10484, Loss: 3.1546
  Batch 3850/10484, Loss: 4.4743
  Batch 3860/10484, Loss: 4.4210
  Batch 3870/10484, Loss: 4.1174
  Batch 3880/10484, Loss: 3.6801
  Batch 3890/10484, Loss: 3.7567
  Batch 3900/10484, Loss: 4.2023
  Batch 3910/10484, Loss: 4.5256
  Batch 3920/10484, Loss: 3.9421
  Batch 3930/10484, Loss: 4.5332
  Batch 3940/10484, Loss: 3.7768
  Batch 3950/10484, Loss: 3.7342
  Batch 3960/10484, Loss: 3.9449
  Batch 3970/10484, Loss: 3.8886
  Batch 3980/10484, Loss: 4.1418
  Batch 3990/10484, Loss: 3.5769
  Batch 4000/10484, Loss: 3.5166
  Batch 4010/10484, Loss: 3.3293
  Batch 4020/10484, Loss: 4.0657
  Batch 4030/10484, Loss: 4.3327
  Batch 4040/10484, Loss: 3.7299
  Batch 4050/10484, Loss: 4.0581
  Batch 4060/10484, Loss: 3.8260
  Batch 4070/10484, Loss: 4.5320
  Batch 4080/10484, Loss: 4.6542
  Batch 4090/10484, Loss: 3.4549
  Batch 4100/10484, Loss: 4.0485
  Batch 4110/10484, Loss: 4.0118
  Batch 4120/10484, Loss: 4.1233
  Batch 4130/10484, Loss: 4.4597
  Batch 4140/10484, Loss: 3.7209
  Batch 4150/10484, Loss: 4.1639
  Batch 4160/10484, Loss: 3.6370
  Batch 4170/10484, Loss: 4.1729
  Batch 4180/10484, Loss: 3.9949
  Batch 4190/10484, Loss: 3.9054
  Batch 4200/10484, Loss: 4.3713
  Batch 4210/10484, Loss: 4.1644
  Batch 4220/10484, Loss: 4.2611
  Batch 4230/10484, Loss: 4.1072
  Batch 4240/10484, Loss: 3.8006
  Batch 4250/10484, Loss: 4.3292
  Batch 4260/10484, Loss: 4.3289
  Batch 4270/10484, Loss: 4.2601
  Batch 4280/10484, Loss: 4.0698
  Batch 4290/10484, Loss: 3.8291
  Batch 4300/10484, Loss: 4.0926
  Batch 4310/10484, Loss: 3.7379
  Batch 4320/10484, Loss: 4.3482
  Batch 4330/10484, Loss: 4.2963
  Batch 4340/10484, Loss: 4.1974
  Batch 4350/10484, Loss: 3.9256
  Batch 4360/10484, Loss: 4.4196
  Batch 4370/10484, Loss: 3.7943
  Batch 4380/10484, Loss: 4.0879
  Batch 4390/10484, Loss: 4.2534
  Batch 4400/10484, Loss: 3.9330
  Batch 4410/10484, Loss: 4.2499
  Batch 4420/10484, Loss: 4.5204
  Batch 4430/10484, Loss: 4.2977
  Batch 4440/10484, Loss: 4.0966
  Batch 4450/10484, Loss: 3.8447
  Batch 4460/10484, Loss: 4.0802
  Batch 4470/10484, Loss: 3.4176
  Batch 4480/10484, Loss: 4.2867
  Batch 4490/10484, Loss: 4.2971
  Batch 4500/10484, Loss: 4.0390
  Batch 4510/10484, Loss: 4.8200
  Batch 4520/10484, Loss: 4.0414
  Batch 4530/10484, Loss: 4.7520
  Batch 4540/10484, Loss: 4.0757
  Batch 4550/10484, Loss: 4.1017
  Batch 4560/10484, Loss: 3.7073
  Batch 4570/10484, Loss: 4.1386
  Batch 4580/10484, Loss: 4.0999
  Batch 4590/10484, Loss: 3.7522
  Batch 4600/10484, Loss: 3.7196
  Batch 4610/10484, Loss: 3.6823
  Batch 4620/10484, Loss: 4.4772
  Batch 4630/10484, Loss: 4.0728
  Batch 4640/10484, Loss: 3.7538
  Batch 4650/10484, Loss: 3.4630
  Batch 4660/10484, Loss: 3.9331
  Batch 4670/10484, Loss: 3.9554
  Batch 4680/10484, Loss: 4.5931
  Batch 4690/10484, Loss: 4.9439
  Batch 4700/10484, Loss: 3.8186
  Batch 4710/10484, Loss: 3.7531
  Batch 4720/10484, Loss: 3.7968
  Batch 4730/10484, Loss: 3.8396
  Batch 4740/10484, Loss: 3.6416
  Batch 4750/10484, Loss: 4.2900
  Batch 4760/10484, Loss: 4.3221
  Batch 4770/10484, Loss: 3.9715
  Batch 4780/10484, Loss: 4.9502
  Batch 4790/10484, Loss: 3.5110
  Batch 4800/10484, Loss: 3.2501
  Batch 4810/10484, Loss: 4.2890
  Batch 4820/10484, Loss: 3.9711
  Batch 4830/10484, Loss: 3.6808
  Batch 4840/10484, Loss: 3.8479
  Batch 4850/10484, Loss: 3.9036
  Batch 4860/10484, Loss: 3.7911
  Batch 4870/10484, Loss: 4.4345
  Batch 4880/10484, Loss: 4.8886
  Batch 4890/10484, Loss: 3.9559
  Batch 4900/10484, Loss: 4.4368
  Batch 4910/10484, Loss: 3.8111
  Batch 4920/10484, Loss: 4.3867
  Batch 4930/10484, Loss: 4.2065
  Batch 4940/10484, Loss: 3.8630
  Batch 4950/10484, Loss: 3.9947
  Batch 4960/10484, Loss: 4.2572
  Batch 4970/10484, Loss: 4.3630
  Batch 4980/10484, Loss: 3.4769
  Batch 4990/10484, Loss: 3.7079
  Batch 5000/10484, Loss: 3.8631
  Batch 5010/10484, Loss: 4.1579
  Batch 5020/10484, Loss: 4.4405
  Batch 5030/10484, Loss: 4.2508
  Batch 5040/10484, Loss: 4.6825
  Batch 5050/10484, Loss: 4.6509
  Batch 5060/10484, Loss: 4.7451
  Batch 5070/10484, Loss: 4.3114
  Batch 5080/10484, Loss: 4.4138
  Batch 5090/10484, Loss: 4.3073
  Batch 5100/10484, Loss: 4.6013
  Batch 5110/10484, Loss: 4.3675
  Batch 5120/10484, Loss: 4.7953
  Batch 5130/10484, Loss: 4.7714
  Batch 5140/10484, Loss: 4.4622
  Batch 5150/10484, Loss: 3.9463
  Batch 5160/10484, Loss: 4.3491
  Batch 5170/10484, Loss: 4.5104
  Batch 5180/10484, Loss: 4.3235
  Batch 5190/10484, Loss: 3.4569
  Batch 5200/10484, Loss: 4.2564
  Batch 5210/10484, Loss: 3.8210
  Batch 5220/10484, Loss: 4.2330
  Batch 5230/10484, Loss: 4.1835
  Batch 5240/10484, Loss: 3.8067
  Batch 5250/10484, Loss: 4.5732
  Batch 5260/10484, Loss: 3.7899
  Batch 5270/10484, Loss: 4.6012
  Batch 5280/10484, Loss: 4.1181
  Batch 5290/10484, Loss: 3.4542
  Batch 5300/10484, Loss: 4.4060
  Batch 5310/10484, Loss: 4.1071
  Batch 5320/10484, Loss: 4.1679
  Batch 5330/10484, Loss: 3.7495
  Batch 5340/10484, Loss: 3.7026
  Batch 5350/10484, Loss: 3.6047
  Batch 5360/10484, Loss: 3.8401
  Batch 5370/10484, Loss: 4.1739
  Batch 5380/10484, Loss: 4.4710
  Batch 5390/10484, Loss: 4.3324
  Batch 5400/10484, Loss: 3.6182
  Batch 5410/10484, Loss: 3.8171
  Batch 5420/10484, Loss: 4.0253
  Batch 5430/10484, Loss: 4.0912
  Batch 5440/10484, Loss: 5.3889
  Batch 5450/10484, Loss: 4.2553
  Batch 5460/10484, Loss: 4.3956
  Batch 5470/10484, Loss: 3.9590
  Batch 5480/10484, Loss: 4.9198
  Batch 5490/10484, Loss: 3.3885
  Batch 5500/10484, Loss: 4.3360
  Batch 5510/10484, Loss: 4.3574
  Batch 5520/10484, Loss: 3.9927
  Batch 5530/10484, Loss: 4.1430
  Batch 5540/10484, Loss: 3.6560
  Batch 5550/10484, Loss: 4.0689
  Batch 5560/10484, Loss: 4.7636
  Batch 5570/10484, Loss: 4.3020
  Batch 5580/10484, Loss: 3.8684
  Batch 5590/10484, Loss: 4.3152
  Batch 5600/10484, Loss: 3.9782
  Batch 5610/10484, Loss: 3.9877
  Batch 5620/10484, Loss: 4.8399
  Batch 5630/10484, Loss: 4.1566
  Batch 5640/10484, Loss: 4.0204
  Batch 5650/10484, Loss: 4.0905
  Batch 5660/10484, Loss: 4.2820
  Batch 5670/10484, Loss: 4.0871
  Batch 5680/10484, Loss: 3.7260
  Batch 5690/10484, Loss: 4.5912
  Batch 5700/10484, Loss: 3.7782
  Batch 5710/10484, Loss: 5.1194
  Batch 5720/10484, Loss: 3.9411
  Batch 5730/10484, Loss: 4.2423
  Batch 5740/10484, Loss: 3.6112
  Batch 5750/10484, Loss: 4.1881
  Batch 5760/10484, Loss: 3.7107
  Batch 5770/10484, Loss: 4.4702
  Batch 5780/10484, Loss: 3.4936
  Batch 5790/10484, Loss: 4.2539
  Batch 5800/10484, Loss: 4.1086
  Batch 5810/10484, Loss: 4.6062
  Batch 5820/10484, Loss: 4.4640
  Batch 5830/10484, Loss: 4.3914
  Batch 5840/10484, Loss: 4.7212
  Batch 5850/10484, Loss: 3.7221
  Batch 5860/10484, Loss: 3.7856
  Batch 5870/10484, Loss: 4.6273
  Batch 5880/10484, Loss: 4.7278
  Batch 5890/10484, Loss: 4.6066
  Batch 5900/10484, Loss: 4.3682
  Batch 5910/10484, Loss: 3.5230
  Batch 5920/10484, Loss: 3.3854
  Batch 5930/10484, Loss: 4.2333
  Batch 5940/10484, Loss: 3.5536
  Batch 5950/10484, Loss: 4.1472
  Batch 5960/10484, Loss: 4.6099
  Batch 5970/10484, Loss: 4.0023
  Batch 5980/10484, Loss: 4.0556
  Batch 5990/10484, Loss: 3.8171
  Batch 6000/10484, Loss: 3.9632
  Batch 6010/10484, Loss: 3.9143
  Batch 6020/10484, Loss: 4.0457
  Batch 6030/10484, Loss: 4.2560
  Batch 6040/10484, Loss: 3.6851
  Batch 6050/10484, Loss: 3.2750
  Batch 6060/10484, Loss: 3.7402
  Batch 6070/10484, Loss: 3.4137
  Batch 6080/10484, Loss: 3.8508
  Batch 6090/10484, Loss: 4.2902
  Batch 6100/10484, Loss: 4.5942
  Batch 6110/10484, Loss: 4.4902
  Batch 6120/10484, Loss: 4.3615
  Batch 6130/10484, Loss: 3.8179
  Batch 6140/10484, Loss: 4.4886
  Batch 6150/10484, Loss: 3.6544
  Batch 6160/10484, Loss: 3.7729
  Batch 6170/10484, Loss: 4.0578
  Batch 6180/10484, Loss: 4.5600
  Batch 6190/10484, Loss: 3.4791
  Batch 6200/10484, Loss: 4.4845
  Batch 6210/10484, Loss: 3.7888
  Batch 6220/10484, Loss: 4.1151
  Batch 6230/10484, Loss: 3.7245
  Batch 6240/10484, Loss: 3.4306
  Batch 6250/10484, Loss: 3.1537
  Batch 6260/10484, Loss: 4.6300
  Batch 6270/10484, Loss: 4.2599
  Batch 6280/10484, Loss: 4.7521
  Batch 6290/10484, Loss: 4.7216
  Batch 6300/10484, Loss: 4.4753
  Batch 6310/10484, Loss: 4.9832
  Batch 6320/10484, Loss: 4.6140
  Batch 6330/10484, Loss: 3.9794
  Batch 6340/10484, Loss: 4.4656
  Batch 6350/10484, Loss: 3.5228
  Batch 6360/10484, Loss: 4.0189
  Batch 6370/10484, Loss: 3.5467
  Batch 6380/10484, Loss: 3.9781
  Batch 6390/10484, Loss: 3.5525
  Batch 6400/10484, Loss: 4.1094
  Batch 6410/10484, Loss: 4.0140
  Batch 6420/10484, Loss: 3.5687
  Batch 6430/10484, Loss: 4.8655
  Batch 6440/10484, Loss: 4.2224
  Batch 6450/10484, Loss: 4.8155
  Batch 6460/10484, Loss: 4.5298
  Batch 6470/10484, Loss: 3.9494
  Batch 6480/10484, Loss: 4.0327
  Batch 6490/10484, Loss: 4.0162
  Batch 6500/10484, Loss: 3.5201
  Batch 6510/10484, Loss: 4.3386
  Batch 6520/10484, Loss: 4.3215
  Batch 6530/10484, Loss: 3.7868
  Batch 6540/10484, Loss: 3.9077
  Batch 6550/10484, Loss: 4.3587
  Batch 6560/10484, Loss: 4.4195
  Batch 6570/10484, Loss: 4.4418
  Batch 6580/10484, Loss: 4.5399
  Batch 6590/10484, Loss: 4.2430
  Batch 6600/10484, Loss: 4.3433
  Batch 6610/10484, Loss: 4.4032
  Batch 6620/10484, Loss: 4.2401
  Batch 6630/10484, Loss: 4.2789
  Batch 6640/10484, Loss: 4.4370
  Batch 6650/10484, Loss: 4.2984
  Batch 6660/10484, Loss: 4.1038
  Batch 6670/10484, Loss: 3.1354
  Batch 6680/10484, Loss: 4.0294
  Batch 6690/10484, Loss: 4.8483
  Batch 6700/10484, Loss: 3.8225
  Batch 6710/10484, Loss: 4.4503
  Batch 6720/10484, Loss: 4.2951
  Batch 6730/10484, Loss: 3.8782
  Batch 6740/10484, Loss: 4.4937
  Batch 6750/10484, Loss: 4.3118
  Batch 6760/10484, Loss: 4.0487
  Batch 6770/10484, Loss: 3.9013
  Batch 6780/10484, Loss: 3.9049
  Batch 6790/10484, Loss: 3.9676
  Batch 6800/10484, Loss: 4.0748
  Batch 6810/10484, Loss: 4.1143
  Batch 6820/10484, Loss: 4.5862
  Batch 6830/10484, Loss: 4.3360
  Batch 6840/10484, Loss: 3.6444
  Batch 6850/10484, Loss: 4.2860
  Batch 6860/10484, Loss: 4.3067
  Batch 6870/10484, Loss: 4.3752
  Batch 6880/10484, Loss: 4.2460
  Batch 6890/10484, Loss: 4.5366
  Batch 6900/10484, Loss: 4.2160
  Batch 6910/10484, Loss: 4.5309
  Batch 6920/10484, Loss: 4.0446
  Batch 6930/10484, Loss: 4.5232
  Batch 6940/10484, Loss: 4.1426
  Batch 6950/10484, Loss: 4.3735
  Batch 6960/10484, Loss: 4.2281
  Batch 6970/10484, Loss: 4.4557
  Batch 6980/10484, Loss: 3.7684
  Batch 6990/10484, Loss: 4.4758
  Batch 7000/10484, Loss: 4.1495
  Batch 7010/10484, Loss: 4.1988
  Batch 7020/10484, Loss: 4.4284
  Batch 7030/10484, Loss: 3.4986
  Batch 7040/10484, Loss: 4.6030
  Batch 7050/10484, Loss: 4.1413
  Batch 7060/10484, Loss: 4.6365
  Batch 7070/10484, Loss: 4.2648
  Batch 7080/10484, Loss: 3.5517
  Batch 7090/10484, Loss: 3.4865
  Batch 7100/10484, Loss: 4.1499
  Batch 7110/10484, Loss: 3.7655
  Batch 7120/10484, Loss: 3.8571
  Batch 7130/10484, Loss: 3.9402
  Batch 7140/10484, Loss: 4.2738
  Batch 7150/10484, Loss: 4.1663
  Batch 7160/10484, Loss: 4.9598
  Batch 7170/10484, Loss: 4.1546
  Batch 7180/10484, Loss: 4.7958
  Batch 7190/10484, Loss: 3.9755
  Batch 7200/10484, Loss: 4.6466
  Batch 7210/10484, Loss: 4.2873
  Batch 7220/10484, Loss: 3.9082
  Batch 7230/10484, Loss: 4.8484
  Batch 7240/10484, Loss: 4.6842
  Batch 7250/10484, Loss: 4.6058
  Batch 7260/10484, Loss: 4.3902
  Batch 7270/10484, Loss: 4.1861
  Batch 7280/10484, Loss: 4.1690
  Batch 7290/10484, Loss: 4.0705
  Batch 7300/10484, Loss: 4.0222
  Batch 7310/10484, Loss: 4.2739
  Batch 7320/10484, Loss: 4.1772
  Batch 7330/10484, Loss: 4.0746
  Batch 7340/10484, Loss: 3.6277
  Batch 7350/10484, Loss: 5.1682
  Batch 7360/10484, Loss: 3.8643
  Batch 7370/10484, Loss: 4.1649
  Batch 7380/10484, Loss: 4.4905
  Batch 7390/10484, Loss: 3.7166
  Batch 7400/10484, Loss: 4.2841
  Batch 7410/10484, Loss: 3.8883
  Batch 7420/10484, Loss: 4.2160
  Batch 7430/10484, Loss: 3.9177
  Batch 7440/10484, Loss: 4.4994
  Batch 7450/10484, Loss: 4.8722
  Batch 7460/10484, Loss: 4.2032
  Batch 7470/10484, Loss: 4.0351
  Batch 7480/10484, Loss: 4.5532
  Batch 7490/10484, Loss: 4.1088
  Batch 7500/10484, Loss: 3.7511
  Batch 7510/10484, Loss: 4.1938
  Batch 7520/10484, Loss: 3.9628
  Batch 7530/10484, Loss: 3.8172
  Batch 7540/10484, Loss: 3.8766
  Batch 7550/10484, Loss: 4.2881
  Batch 7560/10484, Loss: 3.3606
  Batch 7570/10484, Loss: 3.9866
  Batch 7580/10484, Loss: 4.2639
  Batch 7590/10484, Loss: 4.3078
  Batch 7600/10484, Loss: 4.0620
  Batch 7610/10484, Loss: 3.2785
  Batch 7620/10484, Loss: 4.3331
  Batch 7630/10484, Loss: 4.6366
  Batch 7640/10484, Loss: 4.0151
  Batch 7650/10484, Loss: 4.3133
  Batch 7660/10484, Loss: 3.9231
  Batch 7670/10484, Loss: 4.5773
  Batch 7680/10484, Loss: 4.4022
  Batch 7690/10484, Loss: 3.6624
  Batch 7700/10484, Loss: 4.1297
  Batch 7710/10484, Loss: 4.1569
  Batch 7720/10484, Loss: 4.7513
  Batch 7730/10484, Loss: 3.5171
  Batch 7740/10484, Loss: 4.5494
  Batch 7750/10484, Loss: 3.6353
  Batch 7760/10484, Loss: 3.9253
  Batch 7770/10484, Loss: 3.8659
  Batch 7780/10484, Loss: 4.0129
  Batch 7790/10484, Loss: 4.0550
  Batch 7800/10484, Loss: 3.3008
  Batch 7810/10484, Loss: 4.1130
  Batch 7820/10484, Loss: 4.3725
  Batch 7830/10484, Loss: 4.7284
  Batch 7840/10484, Loss: 3.9350
  Batch 7850/10484, Loss: 4.6990
  Batch 7860/10484, Loss: 4.4545
  Batch 7870/10484, Loss: 4.0308
  Batch 7880/10484, Loss: 4.3784
  Batch 7890/10484, Loss: 3.8538
  Batch 7900/10484, Loss: 4.1393
  Batch 7910/10484, Loss: 3.7435
  Batch 7920/10484, Loss: 4.2495
  Batch 7930/10484, Loss: 4.0163
  Batch 7940/10484, Loss: 3.8017
  Batch 7950/10484, Loss: 3.9111
  Batch 7960/10484, Loss: 4.2240
  Batch 7970/10484, Loss: 4.4737
  Batch 7980/10484, Loss: 3.9129
  Batch 7990/10484, Loss: 4.1979
  Batch 8000/10484, Loss: 3.6917
  Batch 8010/10484, Loss: 4.3551
  Batch 8020/10484, Loss: 4.5365
  Batch 8030/10484, Loss: 4.2050
  Batch 8040/10484, Loss: 3.1796
  Batch 8050/10484, Loss: 4.8204
  Batch 8060/10484, Loss: 4.1772
  Batch 8070/10484, Loss: 3.7493
  Batch 8080/10484, Loss: 4.3992
  Batch 8090/10484, Loss: 3.8355
  Batch 8100/10484, Loss: 3.4980
  Batch 8110/10484, Loss: 4.1368
  Batch 8120/10484, Loss: 4.1898
  Batch 8130/10484, Loss: 4.7698
  Batch 8140/10484, Loss: 3.3716
  Batch 8150/10484, Loss: 4.2336
  Batch 8160/10484, Loss: 4.3150
  Batch 8170/10484, Loss: 4.3285
  Batch 8180/10484, Loss: 3.3485
  Batch 8190/10484, Loss: 4.3039
  Batch 8200/10484, Loss: 4.1615
  Batch 8210/10484, Loss: 3.8559
  Batch 8220/10484, Loss: 4.5456
  Batch 8230/10484, Loss: 4.7111
  Batch 8240/10484, Loss: 4.2131
  Batch 8250/10484, Loss: 4.8033
  Batch 8260/10484, Loss: 3.8467
  Batch 8270/10484, Loss: 4.3570
  Batch 8280/10484, Loss: 4.2763
  Batch 8290/10484, Loss: 4.2645
  Batch 8300/10484, Loss: 4.0684
  Batch 8310/10484, Loss: 3.4331
  Batch 8320/10484, Loss: 4.4639
  Batch 8330/10484, Loss: 4.7904
  Batch 8340/10484, Loss: 4.2718
  Batch 8350/10484, Loss: 4.0465
  Batch 8360/10484, Loss: 3.7058
  Batch 8370/10484, Loss: 4.4712
  Batch 8380/10484, Loss: 3.9526
  Batch 8390/10484, Loss: 4.4879
  Batch 8400/10484, Loss: 4.4331
  Batch 8410/10484, Loss: 4.0627
  Batch 8420/10484, Loss: 4.3305
  Batch 8430/10484, Loss: 4.2821
  Batch 8440/10484, Loss: 3.9632
  Batch 8450/10484, Loss: 4.4849
  Batch 8460/10484, Loss: 4.3722
  Batch 8470/10484, Loss: 4.2043
  Batch 8480/10484, Loss: 4.8445
  Batch 8490/10484, Loss: 3.9032
  Batch 8500/10484, Loss: 3.4131
  Batch 8510/10484, Loss: 3.7155
  Batch 8520/10484, Loss: 4.0941
  Batch 8530/10484, Loss: 3.7070
  Batch 8540/10484, Loss: 3.4498
  Batch 8550/10484, Loss: 4.0498
  Batch 8560/10484, Loss: 4.6700
  Batch 8570/10484, Loss: 4.1894
  Batch 8580/10484, Loss: 4.0295
  Batch 8590/10484, Loss: 4.4541
  Batch 8600/10484, Loss: 4.7464
  Batch 8610/10484, Loss: 3.9470
  Batch 8620/10484, Loss: 4.5558
  Batch 8630/10484, Loss: 3.7734
  Batch 8640/10484, Loss: 4.1398
  Batch 8650/10484, Loss: 4.4964
  Batch 8660/10484, Loss: 4.2632
  Batch 8670/10484, Loss: 3.9084
  Batch 8680/10484, Loss: 3.9695
  Batch 8690/10484, Loss: 4.2346
  Batch 8700/10484, Loss: 4.3154
  Batch 8710/10484, Loss: 4.3062
  Batch 8720/10484, Loss: 4.1233
  Batch 8730/10484, Loss: 4.0705
  Batch 8740/10484, Loss: 4.2098
  Batch 8750/10484, Loss: 4.8248
  Batch 8760/10484, Loss: 4.8062
  Batch 8770/10484, Loss: 3.8484
  Batch 8780/10484, Loss: 4.2728
  Batch 8790/10484, Loss: 4.2669
  Batch 8800/10484, Loss: 3.7582
  Batch 8810/10484, Loss: 4.8757
  Batch 8820/10484, Loss: 4.1327
  Batch 8830/10484, Loss: 3.5381
  Batch 8840/10484, Loss: 4.6620
  Batch 8850/10484, Loss: 4.4676
  Batch 8860/10484, Loss: 4.7300
  Batch 8870/10484, Loss: 4.1241
  Batch 8880/10484, Loss: 3.7861
  Batch 8890/10484, Loss: 4.2925
  Batch 8900/10484, Loss: 4.3161
  Batch 8910/10484, Loss: 3.8733
  Batch 8920/10484, Loss: 4.3556
  Batch 8930/10484, Loss: 4.0955
  Batch 8940/10484, Loss: 4.0879
  Batch 8950/10484, Loss: 4.1342
  Batch 8960/10484, Loss: 4.0158
  Batch 8970/10484, Loss: 3.4709
  Batch 8980/10484, Loss: 4.0675
  Batch 8990/10484, Loss: 4.2234
  Batch 9000/10484, Loss: 4.0047
  Batch 9010/10484, Loss: 4.3998
  Batch 9020/10484, Loss: 3.9215
  Batch 9030/10484, Loss: 4.9766
  Batch 9040/10484, Loss: 4.2757
  Batch 9050/10484, Loss: 4.3173
  Batch 9060/10484, Loss: 4.2575
  Batch 9070/10484, Loss: 4.4295
  Batch 9080/10484, Loss: 3.8690
  Batch 9090/10484, Loss: 3.6982
  Batch 9100/10484, Loss: 4.0689
  Batch 9110/10484, Loss: 4.1633
  Batch 9120/10484, Loss: 4.3816
  Batch 9130/10484, Loss: 4.2862
  Batch 9140/10484, Loss: 3.8528
  Batch 9150/10484, Loss: 5.4450
  Batch 9160/10484, Loss: 4.1909
  Batch 9170/10484, Loss: 3.4955
  Batch 9180/10484, Loss: 4.4818
  Batch 9190/10484, Loss: 4.3220
  Batch 9200/10484, Loss: 4.9566
  Batch 9210/10484, Loss: 4.3272
  Batch 9220/10484, Loss: 4.2441
  Batch 9230/10484, Loss: 3.0191
  Batch 9240/10484, Loss: 4.3426
  Batch 9250/10484, Loss: 4.0390
  Batch 9260/10484, Loss: 4.3971
  Batch 9270/10484, Loss: 4.3278
  Batch 9280/10484, Loss: 3.9055
  Batch 9290/10484, Loss: 4.0874
  Batch 9300/10484, Loss: 3.6199
  Batch 9310/10484, Loss: 4.0302
  Batch 9320/10484, Loss: 3.6335
  Batch 9330/10484, Loss: 4.1060
  Batch 9340/10484, Loss: 4.4217
  Batch 9350/10484, Loss: 3.6506
  Batch 9360/10484, Loss: 4.2452
  Batch 9370/10484, Loss: 4.2726
  Batch 9380/10484, Loss: 4.4083
  Batch 9390/10484, Loss: 3.7131
  Batch 9400/10484, Loss: 3.9629
  Batch 9410/10484, Loss: 4.3942
  Batch 9420/10484, Loss: 4.3390
  Batch 9430/10484, Loss: 4.0588
  Batch 9440/10484, Loss: 4.0431
  Batch 9450/10484, Loss: 3.9616
  Batch 9460/10484, Loss: 4.1978
  Batch 9470/10484, Loss: 4.2747
  Batch 9480/10484, Loss: 4.1360
  Batch 9490/10484, Loss: 4.0745
  Batch 9500/10484, Loss: 4.2883
  Batch 9510/10484, Loss: 4.1346
  Batch 9520/10484, Loss: 5.0789
  Batch 9530/10484, Loss: 3.8261
  Batch 9540/10484, Loss: 4.2605
  Batch 9550/10484, Loss: 3.4607
  Batch 9560/10484, Loss: 3.2784
  Batch 9570/10484, Loss: 4.6277
  Batch 9580/10484, Loss: 3.9739
  Batch 9590/10484, Loss: 4.3486
  Batch 9600/10484, Loss: 4.2520
  Batch 9610/10484, Loss: 4.7760
  Batch 9620/10484, Loss: 4.5958
  Batch 9630/10484, Loss: 4.3790
  Batch 9640/10484, Loss: 3.9273
  Batch 9650/10484, Loss: 4.2542
  Batch 9660/10484, Loss: 4.3043
  Batch 9670/10484, Loss: 4.8765
  Batch 9680/10484, Loss: 4.8383
  Batch 9690/10484, Loss: 3.8700
  Batch 9700/10484, Loss: 4.7175
  Batch 9710/10484, Loss: 4.0300
  Batch 9720/10484, Loss: 3.9155
  Batch 9730/10484, Loss: 4.1225
  Batch 9740/10484, Loss: 4.1745
  Batch 9750/10484, Loss: 4.1939
  Batch 9760/10484, Loss: 3.7926
  Batch 9770/10484, Loss: 4.4781
  Batch 9780/10484, Loss: 4.4416
  Batch 9790/10484, Loss: 3.8995
  Batch 9800/10484, Loss: 3.9822
  Batch 9810/10484, Loss: 3.8214
  Batch 9820/10484, Loss: 3.7192
  Batch 9830/10484, Loss: 4.1478
  Batch 9840/10484, Loss: 3.8890
  Batch 9850/10484, Loss: 3.3018
  Batch 9860/10484, Loss: 4.8739
  Batch 9870/10484, Loss: 4.2602
  Batch 9880/10484, Loss: 3.5911
  Batch 9890/10484, Loss: 4.8032
  Batch 9900/10484, Loss: 3.6726
  Batch 9910/10484, Loss: 3.7257
  Batch 9920/10484, Loss: 3.6717
  Batch 9930/10484, Loss: 4.5238
  Batch 9940/10484, Loss: 3.6859
  Batch 9950/10484, Loss: 4.2972
  Batch 9960/10484, Loss: 4.3020
  Batch 9970/10484, Loss: 4.4041
  Batch 9980/10484, Loss: 4.0902
  Batch 9990/10484, Loss: 4.4195
  Batch 10000/10484, Loss: 4.1881
  Batch 10010/10484, Loss: 4.6900
  Batch 10020/10484, Loss: 4.6339
  Batch 10030/10484, Loss: 4.3899
  Batch 10040/10484, Loss: 3.7285
  Batch 10050/10484, Loss: 4.0609
  Batch 10060/10484, Loss: 4.3372
  Batch 10070/10484, Loss: 3.7339
  Batch 10080/10484, Loss: 4.2993
  Batch 10090/10484, Loss: 3.6705
  Batch 10100/10484, Loss: 3.1735
  Batch 10110/10484, Loss: 3.9422
  Batch 10120/10484, Loss: 4.3389
  Batch 10130/10484, Loss: 4.4032
  Batch 10140/10484, Loss: 4.3735
  Batch 10150/10484, Loss: 3.9445
  Batch 10160/10484, Loss: 4.3369
  Batch 10170/10484, Loss: 4.0459
  Batch 10180/10484, Loss: 4.3427
  Batch 10190/10484, Loss: 4.2289
  Batch 10200/10484, Loss: 4.0880
  Batch 10210/10484, Loss: 4.0023
  Batch 10220/10484, Loss: 3.5740
  Batch 10230/10484, Loss: 4.2617
  Batch 10240/10484, Loss: 3.7464
  Batch 10250/10484, Loss: 3.7908
  Batch 10260/10484, Loss: 4.7721
  Batch 10270/10484, Loss: 4.2626
  Batch 10280/10484, Loss: 3.7639
  Batch 10290/10484, Loss: 4.3071
  Batch 10300/10484, Loss: 4.3931
  Batch 10310/10484, Loss: 4.1456
  Batch 10320/10484, Loss: 3.7934
  Batch 10330/10484, Loss: 4.0255
  Batch 10340/10484, Loss: 4.4290
  Batch 10350/10484, Loss: 3.8873
  Batch 10360/10484, Loss: 3.6886
  Batch 10370/10484, Loss: 4.2395
  Batch 10380/10484, Loss: 4.4197
  Batch 10390/10484, Loss: 4.5910
  Batch 10400/10484, Loss: 4.2822
  Batch 10410/10484, Loss: 3.2898
  Batch 10420/10484, Loss: 4.5789
  Batch 10430/10484, Loss: 4.3332
  Batch 10440/10484, Loss: 4.6318
  Batch 10450/10484, Loss: 4.6903
  Batch 10460/10484, Loss: 3.9295
  Batch 10470/10484, Loss: 4.3838
  Batch 10480/10484, Loss: 4.8366

  Train Loss: 4.1539
  Val Loss: 6.6327
  Time: 31m 27s

Epoch 7/20
----------------------------------------
  Batch 10/10484, Loss: 3.9165
  Batch 20/10484, Loss: 4.2112
  Batch 30/10484, Loss: 3.8997
  Batch 40/10484, Loss: 4.3982
  Batch 50/10484, Loss: 4.0841
  Batch 60/10484, Loss: 4.1955
  Batch 70/10484, Loss: 3.8989
  Batch 80/10484, Loss: 3.5400
  Batch 90/10484, Loss: 4.3796
  Batch 100/10484, Loss: 3.6560
  Batch 110/10484, Loss: 3.8194
  Batch 120/10484, Loss: 3.7577
  Batch 130/10484, Loss: 3.4505
  Batch 140/10484, Loss: 4.1599
  Batch 150/10484, Loss: 4.4848
  Batch 160/10484, Loss: 4.5555
  Batch 170/10484, Loss: 3.9071
  Batch 180/10484, Loss: 3.8410
  Batch 190/10484, Loss: 3.9643
  Batch 200/10484, Loss: 3.8651
  Batch 210/10484, Loss: 3.8893
  Batch 220/10484, Loss: 4.0918
  Batch 230/10484, Loss: 4.1316
  Batch 240/10484, Loss: 4.5418
  Batch 250/10484, Loss: 3.8860
  Batch 260/10484, Loss: 3.7353
  Batch 270/10484, Loss: 4.1735
  Batch 280/10484, Loss: 3.6340
  Batch 290/10484, Loss: 4.5477
  Batch 300/10484, Loss: 2.9709
  Batch 310/10484, Loss: 2.9619
  Batch 320/10484, Loss: 4.3699
  Batch 330/10484, Loss: 4.3812
  Batch 340/10484, Loss: 4.1700
  Batch 350/10484, Loss: 4.5347
  Batch 360/10484, Loss: 3.7242
  Batch 370/10484, Loss: 4.3815
  Batch 380/10484, Loss: 3.9208
  Batch 390/10484, Loss: 4.2771
  Batch 400/10484, Loss: 4.3080
  Batch 410/10484, Loss: 4.4307
  Batch 420/10484, Loss: 3.7522
  Batch 430/10484, Loss: 3.6443
  Batch 440/10484, Loss: 3.7086
  Batch 450/10484, Loss: 4.5962
  Batch 460/10484, Loss: 4.5275
  Batch 470/10484, Loss: 4.3369
  Batch 480/10484, Loss: 4.5610
  Batch 490/10484, Loss: 3.1736
  Batch 500/10484, Loss: 3.6664
  Batch 510/10484, Loss: 3.6888
  Batch 520/10484, Loss: 3.4136
  Batch 530/10484, Loss: 3.3818
  Batch 540/10484, Loss: 3.4955
  Batch 550/10484, Loss: 3.5790
  Batch 560/10484, Loss: 3.4013
  Batch 570/10484, Loss: 3.8950
  Batch 580/10484, Loss: 3.6774
  Batch 590/10484, Loss: 4.4984
  Batch 600/10484, Loss: 4.5063
  Batch 610/10484, Loss: 3.6143
  Batch 620/10484, Loss: 4.6355
  Batch 630/10484, Loss: 4.2768
  Batch 640/10484, Loss: 3.4778
  Batch 650/10484, Loss: 4.1144
  Batch 660/10484, Loss: 3.5303
  Batch 670/10484, Loss: 3.6251
  Batch 680/10484, Loss: 3.5417
  Batch 690/10484, Loss: 3.9246
  Batch 700/10484, Loss: 4.1789
  Batch 710/10484, Loss: 4.1829
  Batch 720/10484, Loss: 4.6730
  Batch 730/10484, Loss: 4.4522
  Batch 740/10484, Loss: 4.3561
  Batch 750/10484, Loss: 3.6637
  Batch 760/10484, Loss: 3.4466
  Batch 770/10484, Loss: 3.5795
  Batch 780/10484, Loss: 3.9330
  Batch 790/10484, Loss: 4.2637
  Batch 800/10484, Loss: 4.3184
  Batch 810/10484, Loss: 3.3142
  Batch 820/10484, Loss: 4.4814
  Batch 830/10484, Loss: 4.5067
  Batch 840/10484, Loss: 4.7387
  Batch 850/10484, Loss: 4.6128
  Batch 860/10484, Loss: 4.0127
  Batch 870/10484, Loss: 3.6258
  Batch 880/10484, Loss: 3.8864
  Batch 890/10484, Loss: 3.9692
  Batch 900/10484, Loss: 3.8248
  Batch 910/10484, Loss: 4.1353
  Batch 920/10484, Loss: 3.5541
  Batch 930/10484, Loss: 3.7921
  Batch 940/10484, Loss: 3.7104
  Batch 950/10484, Loss: 3.6107
  Batch 960/10484, Loss: 4.1236
  Batch 970/10484, Loss: 3.9648
  Batch 980/10484, Loss: 4.1222
  Batch 990/10484, Loss: 4.3766
  Batch 1000/10484, Loss: 4.7290
  Batch 1010/10484, Loss: 3.5990
  Batch 1020/10484, Loss: 3.7001
  Batch 1030/10484, Loss: 4.0026
  Batch 1040/10484, Loss: 3.8226
  Batch 1050/10484, Loss: 3.5938
  Batch 1060/10484, Loss: 4.4689
  Batch 1070/10484, Loss: 3.8568
  Batch 1080/10484, Loss: 4.6587
  Batch 1090/10484, Loss: 3.7343
  Batch 1100/10484, Loss: 3.3694
  Batch 1110/10484, Loss: 3.3542
  Batch 1120/10484, Loss: 3.8797
  Batch 1130/10484, Loss: 3.8286
  Batch 1140/10484, Loss: 3.6080
  Batch 1150/10484, Loss: 3.5715
  Batch 1160/10484, Loss: 4.0864
  Batch 1170/10484, Loss: 4.1099
  Batch 1180/10484, Loss: 4.5087
  Batch 1190/10484, Loss: 3.8153
  Batch 1200/10484, Loss: 3.8083
  Batch 1210/10484, Loss: 3.9384
  Batch 1220/10484, Loss: 3.6585
  Batch 1230/10484, Loss: 3.5644
  Batch 1240/10484, Loss: 3.8088
  Batch 1250/10484, Loss: 3.9060
  Batch 1260/10484, Loss: 3.9115
  Batch 1270/10484, Loss: 3.8279
  Batch 1280/10484, Loss: 3.6063
  Batch 1290/10484, Loss: 4.2353
  Batch 1300/10484, Loss: 4.1921
  Batch 1310/10484, Loss: 3.1459
  Batch 1320/10484, Loss: 3.8503
  Batch 1330/10484, Loss: 3.9904
  Batch 1340/10484, Loss: 4.6613
  Batch 1350/10484, Loss: 3.9465
  Batch 1360/10484, Loss: 4.4591
  Batch 1370/10484, Loss: 3.5374
  Batch 1380/10484, Loss: 4.3702
  Batch 1390/10484, Loss: 4.3645
  Batch 1400/10484, Loss: 4.0120
  Batch 1410/10484, Loss: 4.5168
  Batch 1420/10484, Loss: 4.0312
  Batch 1430/10484, Loss: 3.4488
  Batch 1440/10484, Loss: 3.5367
  Batch 1450/10484, Loss: 4.3988
  Batch 1460/10484, Loss: 3.6995
  Batch 1470/10484, Loss: 4.2943
  Batch 1480/10484, Loss: 4.1539
  Batch 1490/10484, Loss: 3.9571
  Batch 1500/10484, Loss: 4.2236
  Batch 1510/10484, Loss: 3.3583
  Batch 1520/10484, Loss: 3.9339
  Batch 1530/10484, Loss: 4.0591
  Batch 1540/10484, Loss: 3.9625
  Batch 1550/10484, Loss: 4.0218
  Batch 1560/10484, Loss: 4.2379
  Batch 1570/10484, Loss: 4.3763
  Batch 1580/10484, Loss: 4.4760
  Batch 1590/10484, Loss: 4.1145
  Batch 1600/10484, Loss: 3.2813
  Batch 1610/10484, Loss: 4.2215
  Batch 1620/10484, Loss: 3.8322
  Batch 1630/10484, Loss: 4.0336
  Batch 1640/10484, Loss: 3.8149
  Batch 1650/10484, Loss: 3.9556
  Batch 1660/10484, Loss: 3.6147
  Batch 1670/10484, Loss: 4.2088
  Batch 1680/10484, Loss: 4.3185
  Batch 1690/10484, Loss: 3.9540
  Batch 1700/10484, Loss: 3.9234
  Batch 1710/10484, Loss: 3.7491
  Batch 1720/10484, Loss: 3.8847
  Batch 1730/10484, Loss: 4.3219
  Batch 1740/10484, Loss: 3.9211
  Batch 1750/10484, Loss: 4.0516
  Batch 1760/10484, Loss: 4.4085
  Batch 1770/10484, Loss: 3.0615
  Batch 1780/10484, Loss: 3.6903
  Batch 1790/10484, Loss: 4.3768
  Batch 1800/10484, Loss: 4.7751
  Batch 1810/10484, Loss: 4.1096
  Batch 1820/10484, Loss: 3.8789
  Batch 1830/10484, Loss: 4.0974
  Batch 1840/10484, Loss: 4.2554
  Batch 1850/10484, Loss: 4.2370
  Batch 1860/10484, Loss: 3.7971
  Batch 1870/10484, Loss: 4.2431
  Batch 1880/10484, Loss: 3.8286
  Batch 1890/10484, Loss: 4.5240
  Batch 1900/10484, Loss: 4.1077
  Batch 1910/10484, Loss: 4.1879
  Batch 1920/10484, Loss: 4.1925
  Batch 1930/10484, Loss: 3.9103
  Batch 1940/10484, Loss: 4.2748
  Batch 1950/10484, Loss: 3.6270
  Batch 1960/10484, Loss: 4.4239
  Batch 1970/10484, Loss: 3.9917
  Batch 1980/10484, Loss: 3.4203
  Batch 1990/10484, Loss: 3.9750
  Batch 2000/10484, Loss: 4.1293
  Batch 2010/10484, Loss: 4.4652
  Batch 2020/10484, Loss: 4.5218
  Batch 2030/10484, Loss: 3.4159
  Batch 2040/10484, Loss: 3.8148
  Batch 2050/10484, Loss: 3.5263
  Batch 2060/10484, Loss: 3.8754
  Batch 2070/10484, Loss: 4.4825
  Batch 2080/10484, Loss: 4.3732
  Batch 2090/10484, Loss: 4.1428
  Batch 2100/10484, Loss: 4.5396
  Batch 2110/10484, Loss: 4.4415
  Batch 2120/10484, Loss: 4.1497
  Batch 2130/10484, Loss: 3.3597
  Batch 2140/10484, Loss: 4.8013
  Batch 2150/10484, Loss: 4.3279
  Batch 2160/10484, Loss: 3.6006
  Batch 2170/10484, Loss: 3.5011
  Batch 2180/10484, Loss: 3.8423
  Batch 2190/10484, Loss: 4.5619
  Batch 2200/10484, Loss: 3.9648
  Batch 2210/10484, Loss: 3.5395
  Batch 2220/10484, Loss: 4.2890
  Batch 2230/10484, Loss: 3.9448
  Batch 2240/10484, Loss: 4.1780
  Batch 2250/10484, Loss: 3.9711
  Batch 2260/10484, Loss: 4.1361
  Batch 2270/10484, Loss: 4.0503
  Batch 2280/10484, Loss: 4.2182
  Batch 2290/10484, Loss: 3.9414
  Batch 2300/10484, Loss: 4.5158
  Batch 2310/10484, Loss: 3.5417
  Batch 2320/10484, Loss: 4.1486
  Batch 2330/10484, Loss: 3.7609
  Batch 2340/10484, Loss: 3.2622
  Batch 2350/10484, Loss: 4.2505
  Batch 2360/10484, Loss: 4.0362
  Batch 2370/10484, Loss: 3.2332
  Batch 2380/10484, Loss: 3.7986
  Batch 2390/10484, Loss: 4.2868
  Batch 2400/10484, Loss: 3.3512
  Batch 2410/10484, Loss: 4.2386
  Batch 2420/10484, Loss: 3.7541
  Batch 2430/10484, Loss: 3.6270
  Batch 2440/10484, Loss: 4.0475
  Batch 2450/10484, Loss: 4.1913
  Batch 2460/10484, Loss: 4.1338
  Batch 2470/10484, Loss: 3.9054
  Batch 2480/10484, Loss: 4.0213
  Batch 2490/10484, Loss: 3.9729
  Batch 2500/10484, Loss: 3.4617
  Batch 2510/10484, Loss: 4.0437
  Batch 2520/10484, Loss: 4.5206
  Batch 2530/10484, Loss: 4.5982
  Batch 2540/10484, Loss: 4.7133
  Batch 2550/10484, Loss: 4.1424
  Batch 2560/10484, Loss: 4.2297
  Batch 2570/10484, Loss: 3.8730
  Batch 2580/10484, Loss: 4.5878
  Batch 2590/10484, Loss: 4.1002
  Batch 2600/10484, Loss: 4.0018
  Batch 2610/10484, Loss: 4.6859
  Batch 2620/10484, Loss: 3.9026
  Batch 2630/10484, Loss: 4.0038
  Batch 2640/10484, Loss: 3.8961
  Batch 2650/10484, Loss: 4.3780
  Batch 2660/10484, Loss: 3.8032
  Batch 2670/10484, Loss: 4.2724
  Batch 2680/10484, Loss: 4.0684
  Batch 2690/10484, Loss: 4.4387
  Batch 2700/10484, Loss: 3.6794
  Batch 2710/10484, Loss: 3.8052
  Batch 2720/10484, Loss: 3.7747
  Batch 2730/10484, Loss: 3.4410
  Batch 2740/10484, Loss: 3.7810
  Batch 2750/10484, Loss: 3.5822
  Batch 2760/10484, Loss: 4.0205
  Batch 2770/10484, Loss: 3.6824
  Batch 2780/10484, Loss: 4.1800
  Batch 2790/10484, Loss: 4.3675
  Batch 2800/10484, Loss: 4.3212
  Batch 2810/10484, Loss: 3.7069
  Batch 2820/10484, Loss: 3.7802
  Batch 2830/10484, Loss: 3.4502
  Batch 2840/10484, Loss: 3.4139
  Batch 2850/10484, Loss: 4.2067
  Batch 2860/10484, Loss: 4.5668
  Batch 2870/10484, Loss: 3.5540
  Batch 2880/10484, Loss: 4.0530
  Batch 2890/10484, Loss: 3.7820
  Batch 2900/10484, Loss: 3.7462
  Batch 2910/10484, Loss: 3.3500
  Batch 2920/10484, Loss: 4.3003
  Batch 2930/10484, Loss: 3.9402
  Batch 2940/10484, Loss: 4.0249
  Batch 2950/10484, Loss: 4.6875
  Batch 2960/10484, Loss: 3.9648
  Batch 2970/10484, Loss: 3.8416
  Batch 2980/10484, Loss: 4.1124
  Batch 2990/10484, Loss: 4.2293
  Batch 3000/10484, Loss: 4.3254
  Batch 3010/10484, Loss: 4.5622
  Batch 3020/10484, Loss: 3.7041
  Batch 3030/10484, Loss: 4.4683
  Batch 3040/10484, Loss: 4.0152
  Batch 3050/10484, Loss: 4.3603
  Batch 3060/10484, Loss: 3.9289
  Batch 3070/10484, Loss: 3.8508
  Batch 3080/10484, Loss: 3.7850
  Batch 3090/10484, Loss: 4.3273
  Batch 3100/10484, Loss: 3.6587
  Batch 3110/10484, Loss: 4.3719
  Batch 3120/10484, Loss: 4.4380
  Batch 3130/10484, Loss: 4.6756
  Batch 3140/10484, Loss: 4.1519
  Batch 3150/10484, Loss: 4.3272
  Batch 3160/10484, Loss: 3.8653
  Batch 3170/10484, Loss: 4.5472
  Batch 3180/10484, Loss: 3.5778
  Batch 3190/10484, Loss: 4.0630
  Batch 3200/10484, Loss: 4.0495
  Batch 3210/10484, Loss: 3.9519
  Batch 3220/10484, Loss: 3.9088
  Batch 3230/10484, Loss: 3.8701
  Batch 3240/10484, Loss: 4.3334
  Batch 3250/10484, Loss: 4.5103
  Batch 3260/10484, Loss: 4.3636
  Batch 3270/10484, Loss: 4.4627
  Batch 3280/10484, Loss: 4.4607
  Batch 3290/10484, Loss: 3.9063
  Batch 3300/10484, Loss: 4.1640
  Batch 3310/10484, Loss: 4.0272
  Batch 3320/10484, Loss: 3.7651
  Batch 3330/10484, Loss: 4.2544
  Batch 3340/10484, Loss: 4.0790
  Batch 3350/10484, Loss: 3.6006
  Batch 3360/10484, Loss: 3.5351
  Batch 3370/10484, Loss: 3.8456
  Batch 3380/10484, Loss: 4.1206
  Batch 3390/10484, Loss: 3.7575
  Batch 3400/10484, Loss: 4.1276
  Batch 3410/10484, Loss: 4.7040
  Batch 3420/10484, Loss: 4.3464
  Batch 3430/10484, Loss: 4.4069
  Batch 3440/10484, Loss: 4.4189
  Batch 3450/10484, Loss: 3.8318
  Batch 3460/10484, Loss: 4.4682
  Batch 3470/10484, Loss: 5.0506
  Batch 3480/10484, Loss: 4.6513
  Batch 3490/10484, Loss: 4.3408
  Batch 3500/10484, Loss: 3.8926
  Batch 3510/10484, Loss: 3.6555
  Batch 3520/10484, Loss: 4.1475
  Batch 3530/10484, Loss: 3.8758
  Batch 3540/10484, Loss: 4.7053
  Batch 3550/10484, Loss: 4.1604
  Batch 3560/10484, Loss: 3.6346
  Batch 3570/10484, Loss: 3.8907
  Batch 3580/10484, Loss: 4.2326
  Batch 3590/10484, Loss: 4.1456
  Batch 3600/10484, Loss: 4.6406
  Batch 3610/10484, Loss: 4.0922
  Batch 3620/10484, Loss: 4.2708
  Batch 3630/10484, Loss: 3.6845
  Batch 3640/10484, Loss: 4.0302
  Batch 3650/10484, Loss: 4.1458
  Batch 3660/10484, Loss: 4.7474
  Batch 3670/10484, Loss: 4.0557
  Batch 3680/10484, Loss: 3.8324
  Batch 3690/10484, Loss: 3.9396
  Batch 3700/10484, Loss: 4.0475
  Batch 3710/10484, Loss: 3.8116
  Batch 3720/10484, Loss: 4.2037
  Batch 3730/10484, Loss: 3.8773
  Batch 3740/10484, Loss: 4.1261
  Batch 3750/10484, Loss: 4.0453
  Batch 3760/10484, Loss: 4.0448
  Batch 3770/10484, Loss: 4.0763
  Batch 3780/10484, Loss: 4.2605
  Batch 3790/10484, Loss: 3.4818
  Batch 3800/10484, Loss: 3.6770
  Batch 3810/10484, Loss: 3.8004
  Batch 3820/10484, Loss: 3.9317
  Batch 3830/10484, Loss: 4.3738
  Batch 3840/10484, Loss: 3.7387
  Batch 3850/10484, Loss: 4.0047
  Batch 3860/10484, Loss: 4.3195
  Batch 3870/10484, Loss: 3.9286
  Batch 3880/10484, Loss: 4.2328
  Batch 3890/10484, Loss: 4.1956
  Batch 3900/10484, Loss: 4.3552
  Batch 3910/10484, Loss: 4.4809
  Batch 3920/10484, Loss: 4.0497
  Batch 3930/10484, Loss: 3.0604
  Batch 3940/10484, Loss: 4.0145
  Batch 3950/10484, Loss: 4.0924
  Batch 3960/10484, Loss: 3.7359
  Batch 3970/10484, Loss: 4.0590
  Batch 3980/10484, Loss: 3.9600
  Batch 3990/10484, Loss: 4.3471
  Batch 4000/10484, Loss: 3.9137
  Batch 4010/10484, Loss: 4.7958
  Batch 4020/10484, Loss: 3.9460
  Batch 4030/10484, Loss: 4.1177
  Batch 4040/10484, Loss: 4.6550
  Batch 4050/10484, Loss: 4.0254
  Batch 4060/10484, Loss: 4.6299
  Batch 4070/10484, Loss: 3.8330
  Batch 4080/10484, Loss: 4.3827
  Batch 4090/10484, Loss: 4.2529
  Batch 4100/10484, Loss: 3.7353
  Batch 4110/10484, Loss: 4.5285
  Batch 4120/10484, Loss: 4.2066
  Batch 4130/10484, Loss: 4.0400
  Batch 4140/10484, Loss: 4.6491
  Batch 4150/10484, Loss: 4.3147
  Batch 4160/10484, Loss: 3.6208
  Batch 4170/10484, Loss: 4.1202
  Batch 4180/10484, Loss: 3.7899
  Batch 4190/10484, Loss: 4.1873
  Batch 4200/10484, Loss: 3.9499
  Batch 4210/10484, Loss: 3.7198
  Batch 4220/10484, Loss: 3.9374
  Batch 4230/10484, Loss: 4.3531
  Batch 4240/10484, Loss: 4.2914
  Batch 4250/10484, Loss: 4.1924
  Batch 4260/10484, Loss: 4.2462
  Batch 4270/10484, Loss: 3.9257
  Batch 4280/10484, Loss: 4.4060
  Batch 4290/10484, Loss: 4.3215
  Batch 4300/10484, Loss: 4.5531
  Batch 4310/10484, Loss: 4.0567
  Batch 4320/10484, Loss: 3.3401
  Batch 4330/10484, Loss: 3.9525
  Batch 4340/10484, Loss: 4.2887
  Batch 4350/10484, Loss: 4.1690
  Batch 4360/10484, Loss: 4.1173
  Batch 4370/10484, Loss: 3.9778
  Batch 4380/10484, Loss: 3.9751
  Batch 4390/10484, Loss: 4.5468
  Batch 4400/10484, Loss: 3.6081
  Batch 4410/10484, Loss: 3.8681
  Batch 4420/10484, Loss: 4.1034
  Batch 4430/10484, Loss: 4.1075
  Batch 4440/10484, Loss: 4.1073
  Batch 4450/10484, Loss: 3.2712
  Batch 4460/10484, Loss: 4.1590
  Batch 4470/10484, Loss: 4.7431
  Batch 4480/10484, Loss: 4.6654
  Batch 4490/10484, Loss: 4.5278
  Batch 4500/10484, Loss: 4.5915
  Batch 4510/10484, Loss: 3.9226
  Batch 4520/10484, Loss: 3.8334
  Batch 4530/10484, Loss: 3.8663
  Batch 4540/10484, Loss: 3.9730
  Batch 4550/10484, Loss: 4.3312
  Batch 4560/10484, Loss: 4.1259
  Batch 4570/10484, Loss: 3.9367
  Batch 4580/10484, Loss: 4.3382
  Batch 4590/10484, Loss: 4.3559
  Batch 4600/10484, Loss: 3.6277
  Batch 4610/10484, Loss: 3.7863
  Batch 4620/10484, Loss: 4.2361
  Batch 4630/10484, Loss: 3.9615
  Batch 4640/10484, Loss: 3.7366
  Batch 4650/10484, Loss: 3.2705
  Batch 4660/10484, Loss: 4.3002
  Batch 4670/10484, Loss: 4.3591
  Batch 4680/10484, Loss: 4.3926
  Batch 4690/10484, Loss: 3.9191
  Batch 4700/10484, Loss: 3.7816
  Batch 4710/10484, Loss: 4.7874
  Batch 4720/10484, Loss: 4.0800
  Batch 4730/10484, Loss: 4.3801
  Batch 4740/10484, Loss: 4.1372
  Batch 4750/10484, Loss: 4.2616
  Batch 4760/10484, Loss: 4.0674
  Batch 4770/10484, Loss: 4.2011
  Batch 4780/10484, Loss: 3.9099
  Batch 4790/10484, Loss: 4.1930
  Batch 4800/10484, Loss: 4.4936
  Batch 4810/10484, Loss: 4.2318
  Batch 4820/10484, Loss: 4.0654
  Batch 4830/10484, Loss: 3.9700
  Batch 4840/10484, Loss: 3.7692
  Batch 4850/10484, Loss: 4.0837
  Batch 4860/10484, Loss: 4.2479
  Batch 4870/10484, Loss: 4.2260
  Batch 4880/10484, Loss: 3.0574
  Batch 4890/10484, Loss: 3.8985
  Batch 4900/10484, Loss: 4.0408
  Batch 4910/10484, Loss: 4.1489
  Batch 4920/10484, Loss: 2.9391
  Batch 4930/10484, Loss: 4.5137
  Batch 4940/10484, Loss: 4.3090
  Batch 4950/10484, Loss: 3.7584
  Batch 4960/10484, Loss: 4.1839
  Batch 4970/10484, Loss: 3.5464
  Batch 4980/10484, Loss: 3.6262
  Batch 4990/10484, Loss: 3.9568
  Batch 5000/10484, Loss: 3.9945
  Batch 5010/10484, Loss: 4.3798
  Batch 5020/10484, Loss: 4.5184
  Batch 5030/10484, Loss: 4.7154
  Batch 5040/10484, Loss: 4.1111
  Batch 5050/10484, Loss: 3.6527
  Batch 5060/10484, Loss: 3.6573
  Batch 5070/10484, Loss: 3.9948
  Batch 5080/10484, Loss: 4.1158
  Batch 5090/10484, Loss: 4.1000
  Batch 5100/10484, Loss: 4.7271
  Batch 5110/10484, Loss: 4.4299
  Batch 5120/10484, Loss: 3.7087
  Batch 5130/10484, Loss: 3.7014
  Batch 5140/10484, Loss: 3.8316
  Batch 5150/10484, Loss: 4.1574
  Batch 5160/10484, Loss: 4.2255
  Batch 5170/10484, Loss: 4.2734
  Batch 5180/10484, Loss: 3.7116
  Batch 5190/10484, Loss: 4.1122
  Batch 5200/10484, Loss: 4.2717
  Batch 5210/10484, Loss: 3.9771
  Batch 5220/10484, Loss: 4.4567
  Batch 5230/10484, Loss: 4.6011
  Batch 5240/10484, Loss: 4.4591
  Batch 5250/10484, Loss: 3.8382
  Batch 5260/10484, Loss: 3.6967
  Batch 5270/10484, Loss: 4.5253
  Batch 5280/10484, Loss: 3.6847
  Batch 5290/10484, Loss: 4.0310
  Batch 5300/10484, Loss: 3.5363
  Batch 5310/10484, Loss: 4.4405
  Batch 5320/10484, Loss: 4.0084
  Batch 5330/10484, Loss: 4.3356
  Batch 5340/10484, Loss: 3.9894
  Batch 5350/10484, Loss: 4.2000
  Batch 5360/10484, Loss: 4.1729
  Batch 5370/10484, Loss: 4.4685
  Batch 5380/10484, Loss: 3.9954
  Batch 5390/10484, Loss: 3.6681
  Batch 5400/10484, Loss: 3.7718
  Batch 5410/10484, Loss: 4.0287
  Batch 5420/10484, Loss: 3.1747
  Batch 5430/10484, Loss: 4.6171
  Batch 5440/10484, Loss: 3.8240
  Batch 5450/10484, Loss: 3.6222
  Batch 5460/10484, Loss: 4.3226
  Batch 5470/10484, Loss: 3.8469
  Batch 5480/10484, Loss: 4.4437
  Batch 5490/10484, Loss: 4.3558
  Batch 5500/10484, Loss: 4.2743
  Batch 5510/10484, Loss: 4.1764
  Batch 5520/10484, Loss: 4.2007
  Batch 5530/10484, Loss: 3.7794
  Batch 5540/10484, Loss: 3.9760
  Batch 5550/10484, Loss: 3.9694
  Batch 5560/10484, Loss: 4.1531
  Batch 5570/10484, Loss: 3.5383
  Batch 5580/10484, Loss: 4.3508
  Batch 5590/10484, Loss: 3.9801
  Batch 5600/10484, Loss: 3.5516
  Batch 5610/10484, Loss: 4.6730
  Batch 5620/10484, Loss: 4.0708
  Batch 5630/10484, Loss: 4.4983
  Batch 5640/10484, Loss: 3.8073
  Batch 5650/10484, Loss: 4.5086
  Batch 5660/10484, Loss: 4.3527
  Batch 5670/10484, Loss: 4.4362
  Batch 5680/10484, Loss: 3.5151
  Batch 5690/10484, Loss: 3.7556
  Batch 5700/10484, Loss: 3.3094
  Batch 5710/10484, Loss: 3.8007
  Batch 5720/10484, Loss: 4.3240
  Batch 5730/10484, Loss: 4.5204
  Batch 5740/10484, Loss: 4.1462
  Batch 5750/10484, Loss: 3.8937
  Batch 5760/10484, Loss: 4.2062
  Batch 5770/10484, Loss: 4.3398
  Batch 5780/10484, Loss: 4.0245
  Batch 5790/10484, Loss: 4.0175
  Batch 5800/10484, Loss: 4.2048
  Batch 5810/10484, Loss: 4.0642
  Batch 5820/10484, Loss: 3.9764
  Batch 5830/10484, Loss: 3.6689
  Batch 5840/10484, Loss: 4.7855
  Batch 5850/10484, Loss: 4.4929
  Batch 5860/10484, Loss: 4.1564
  Batch 5870/10484, Loss: 4.2075
  Batch 5880/10484, Loss: 4.0801
  Batch 5890/10484, Loss: 3.5261
  Batch 5900/10484, Loss: 3.8789
  Batch 5910/10484, Loss: 4.0991
  Batch 5920/10484, Loss: 3.9011
  Batch 5930/10484, Loss: 3.8416
  Batch 5940/10484, Loss: 4.1322
  Batch 5950/10484, Loss: 4.2564
  Batch 5960/10484, Loss: 3.8522
  Batch 5970/10484, Loss: 3.5286
  Batch 5980/10484, Loss: 3.4435
  Batch 5990/10484, Loss: 3.9979
  Batch 6000/10484, Loss: 4.0815
  Batch 6010/10484, Loss: 4.5845
  Batch 6020/10484, Loss: 3.3989
  Batch 6030/10484, Loss: 3.7963
  Batch 6040/10484, Loss: 4.1609
  Batch 6050/10484, Loss: 3.8849
  Batch 6060/10484, Loss: 4.4165
  Batch 6070/10484, Loss: 4.1589
  Batch 6080/10484, Loss: 4.2180
  Batch 6090/10484, Loss: 3.9605
  Batch 6100/10484, Loss: 4.8291
  Batch 6110/10484, Loss: 3.7367
  Batch 6120/10484, Loss: 3.8209
  Batch 6130/10484, Loss: 3.3653
  Batch 6140/10484, Loss: 4.1344
  Batch 6150/10484, Loss: 4.6641
  Batch 6160/10484, Loss: 3.9135
  Batch 6170/10484, Loss: 4.3777
  Batch 6180/10484, Loss: 3.7066
  Batch 6190/10484, Loss: 4.3823
  Batch 6200/10484, Loss: 4.2064
  Batch 6210/10484, Loss: 4.5295
  Batch 6220/10484, Loss: 4.8611
  Batch 6230/10484, Loss: 4.1785
  Batch 6240/10484, Loss: 4.0637
  Batch 6250/10484, Loss: 3.8935
  Batch 6260/10484, Loss: 4.4103
  Batch 6270/10484, Loss: 4.5031
  Batch 6280/10484, Loss: 3.6174
  Batch 6290/10484, Loss: 4.5887
  Batch 6300/10484, Loss: 4.4325
  Batch 6310/10484, Loss: 4.2824
  Batch 6320/10484, Loss: 4.4296
  Batch 6330/10484, Loss: 4.0084
  Batch 6340/10484, Loss: 4.0684
  Batch 6350/10484, Loss: 4.4855
  Batch 6360/10484, Loss: 4.0923
  Batch 6370/10484, Loss: 4.0925
  Batch 6380/10484, Loss: 3.8793
  Batch 6390/10484, Loss: 4.6239
  Batch 6400/10484, Loss: 3.9259
  Batch 6410/10484, Loss: 3.5828
  Batch 6420/10484, Loss: 4.5957
  Batch 6430/10484, Loss: 4.4081
  Batch 6440/10484, Loss: 4.5294
  Batch 6450/10484, Loss: 3.9823
  Batch 6460/10484, Loss: 3.8589
  Batch 6470/10484, Loss: 4.5758
  Batch 6480/10484, Loss: 4.3412
  Batch 6490/10484, Loss: 4.3682
  Batch 6500/10484, Loss: 4.1367
  Batch 6510/10484, Loss: 3.8704
  Batch 6520/10484, Loss: 4.1816
  Batch 6530/10484, Loss: 4.1606
  Batch 6540/10484, Loss: 4.4026
  Batch 6550/10484, Loss: 3.6051
  Batch 6560/10484, Loss: 4.7471
  Batch 6570/10484, Loss: 3.8513
  Batch 6580/10484, Loss: 3.4393
  Batch 6590/10484, Loss: 4.0004
  Batch 6600/10484, Loss: 4.5750
  Batch 6610/10484, Loss: 3.7338
  Batch 6620/10484, Loss: 4.1215
  Batch 6630/10484, Loss: 4.0348
  Batch 6640/10484, Loss: 3.9949
  Batch 6650/10484, Loss: 4.3434
  Batch 6660/10484, Loss: 4.4697
  Batch 6670/10484, Loss: 4.1664
  Batch 6680/10484, Loss: 4.0024
  Batch 6690/10484, Loss: 3.8516
  Batch 6700/10484, Loss: 4.2112
  Batch 6710/10484, Loss: 4.7147
  Batch 6720/10484, Loss: 4.0776
  Batch 6730/10484, Loss: 4.5638
  Batch 6740/10484, Loss: 4.1042
  Batch 6750/10484, Loss: 4.5351
  Batch 6760/10484, Loss: 4.1374
  Batch 6770/10484, Loss: 4.2025
  Batch 6780/10484, Loss: 3.4244
  Batch 6790/10484, Loss: 3.9507
  Batch 6800/10484, Loss: 4.3719
  Batch 6810/10484, Loss: 3.7919
  Batch 6820/10484, Loss: 3.7368
  Batch 6830/10484, Loss: 3.6094
  Batch 6840/10484, Loss: 3.5597
  Batch 6850/10484, Loss: 4.4407
  Batch 6860/10484, Loss: 3.6417
  Batch 6870/10484, Loss: 3.9304
  Batch 6880/10484, Loss: 4.3289
  Batch 6890/10484, Loss: 3.9119
  Batch 6900/10484, Loss: 3.6277
  Batch 6910/10484, Loss: 3.5861
  Batch 6920/10484, Loss: 3.5614
  Batch 6930/10484, Loss: 4.6631
  Batch 6940/10484, Loss: 3.6033
  Batch 6950/10484, Loss: 3.8495
  Batch 6960/10484, Loss: 4.1999
  Batch 6970/10484, Loss: 3.9913
  Batch 6980/10484, Loss: 4.2161
  Batch 6990/10484, Loss: 4.0944
  Batch 7000/10484, Loss: 3.6933
  Batch 7010/10484, Loss: 3.8149
  Batch 7020/10484, Loss: 4.3086
  Batch 7030/10484, Loss: 4.3626
  Batch 7040/10484, Loss: 3.8929
  Batch 7050/10484, Loss: 4.6220
  Batch 7060/10484, Loss: 4.0670
  Batch 7070/10484, Loss: 4.7740
  Batch 7080/10484, Loss: 3.5994
  Batch 7090/10484, Loss: 4.4013
  Batch 7100/10484, Loss: 4.6140
  Batch 7110/10484, Loss: 3.5396
  Batch 7120/10484, Loss: 4.0016
  Batch 7130/10484, Loss: 3.3656
  Batch 7140/10484, Loss: 4.1215
  Batch 7150/10484, Loss: 3.9252
  Batch 7160/10484, Loss: 4.0500
  Batch 7170/10484, Loss: 4.1839
  Batch 7180/10484, Loss: 3.5855
  Batch 7190/10484, Loss: 3.6756
  Batch 7200/10484, Loss: 4.9985
  Batch 7210/10484, Loss: 4.5287
  Batch 7220/10484, Loss: 3.7834
  Batch 7230/10484, Loss: 4.7576
  Batch 7240/10484, Loss: 4.6056
  Batch 7250/10484, Loss: 4.7685
  Batch 7260/10484, Loss: 4.0942
  Batch 7270/10484, Loss: 3.8239
  Batch 7280/10484, Loss: 4.0256
  Batch 7290/10484, Loss: 3.9567
  Batch 7300/10484, Loss: 4.3520
  Batch 7310/10484, Loss: 4.0838
  Batch 7320/10484, Loss: 3.8390
  Batch 7330/10484, Loss: 3.3592
  Batch 7340/10484, Loss: 3.4723
  Batch 7350/10484, Loss: 3.7723
  Batch 7360/10484, Loss: 3.5810
  Batch 7370/10484, Loss: 3.9392
  Batch 7380/10484, Loss: 4.3435
  Batch 7390/10484, Loss: 3.9747
  Batch 7400/10484, Loss: 3.7186
  Batch 7410/10484, Loss: 3.4216
  Batch 7420/10484, Loss: 3.9174
  Batch 7430/10484, Loss: 4.5076
  Batch 7440/10484, Loss: 4.2361
  Batch 7450/10484, Loss: 4.6326
  Batch 7460/10484, Loss: 4.3381
  Batch 7470/10484, Loss: 4.6122
  Batch 7480/10484, Loss: 4.7629
  Batch 7490/10484, Loss: 3.9405
  Batch 7500/10484, Loss: 4.0331
  Batch 7510/10484, Loss: 4.2886
  Batch 7520/10484, Loss: 4.7551
  Batch 7530/10484, Loss: 3.6890
  Batch 7540/10484, Loss: 4.3654
  Batch 7550/10484, Loss: 3.2431
  Batch 7560/10484, Loss: 4.5416
  Batch 7570/10484, Loss: 3.6845
  Batch 7580/10484, Loss: 4.1440
  Batch 7590/10484, Loss: 4.4030
  Batch 7600/10484, Loss: 4.3305
  Batch 7610/10484, Loss: 4.0248
  Batch 7620/10484, Loss: 2.9314
  Batch 7630/10484, Loss: 3.7822
  Batch 7640/10484, Loss: 4.0961
  Batch 7650/10484, Loss: 4.5549
  Batch 7660/10484, Loss: 3.1510
  Batch 7670/10484, Loss: 4.1313
  Batch 7680/10484, Loss: 4.2571
  Batch 7690/10484, Loss: 4.2462
  Batch 7700/10484, Loss: 3.5162
  Batch 7710/10484, Loss: 3.6697
  Batch 7720/10484, Loss: 4.2051
  Batch 7730/10484, Loss: 3.8540
  Batch 7740/10484, Loss: 4.2494
  Batch 7750/10484, Loss: 4.7719
  Batch 7760/10484, Loss: 3.9571
  Batch 7770/10484, Loss: 4.5032
  Batch 7780/10484, Loss: 4.0470
  Batch 7790/10484, Loss: 4.8872
  Batch 7800/10484, Loss: 3.9461
  Batch 7810/10484, Loss: 4.0226
  Batch 7820/10484, Loss: 3.6919
  Batch 7830/10484, Loss: 3.9256
  Batch 7840/10484, Loss: 3.7980
  Batch 7850/10484, Loss: 4.3548
  Batch 7860/10484, Loss: 4.5410
  Batch 7870/10484, Loss: 4.6073
  Batch 7880/10484, Loss: 4.3318
  Batch 7890/10484, Loss: 4.1656
  Batch 7900/10484, Loss: 4.0334
  Batch 7910/10484, Loss: 4.2774
  Batch 7920/10484, Loss: 4.5266
  Batch 7930/10484, Loss: 3.3890
  Batch 7940/10484, Loss: 4.2137
  Batch 7950/10484, Loss: 3.6556
  Batch 7960/10484, Loss: 4.0469
  Batch 7970/10484, Loss: 4.5885
  Batch 7980/10484, Loss: 4.0938
  Batch 7990/10484, Loss: 4.3538
  Batch 8000/10484, Loss: 3.8100
  Batch 8010/10484, Loss: 4.4999
  Batch 8020/10484, Loss: 3.5832
  Batch 8030/10484, Loss: 3.8233
  Batch 8040/10484, Loss: 4.0137
  Batch 8050/10484, Loss: 4.0452
  Batch 8060/10484, Loss: 4.1503
  Batch 8070/10484, Loss: 3.6720
  Batch 8080/10484, Loss: 4.3582
  Batch 8090/10484, Loss: 3.8546
  Batch 8100/10484, Loss: 4.3936
  Batch 8110/10484, Loss: 3.7315
  Batch 8120/10484, Loss: 3.6217
  Batch 8130/10484, Loss: 3.1685
  Batch 8140/10484, Loss: 4.7020
  Batch 8150/10484, Loss: 4.3259
  Batch 8160/10484, Loss: 3.9608
  Batch 8170/10484, Loss: 4.1517
  Batch 8180/10484, Loss: 3.5620
  Batch 8190/10484, Loss: 4.2186
  Batch 8200/10484, Loss: 4.6121
  Batch 8210/10484, Loss: 4.2461
  Batch 8220/10484, Loss: 3.8897
  Batch 8230/10484, Loss: 4.4326
  Batch 8240/10484, Loss: 4.1282
  Batch 8250/10484, Loss: 4.0335
  Batch 8260/10484, Loss: 3.9732
  Batch 8270/10484, Loss: 3.6479
  Batch 8280/10484, Loss: 4.2470
  Batch 8290/10484, Loss: 4.5468
  Batch 8300/10484, Loss: 4.0585
  Batch 8310/10484, Loss: 4.8758
  Batch 8320/10484, Loss: 3.4912
  Batch 8330/10484, Loss: 4.1707
  Batch 8340/10484, Loss: 4.4787
  Batch 8350/10484, Loss: 4.3091
  Batch 8360/10484, Loss: 4.0256
  Batch 8370/10484, Loss: 4.1102
  Batch 8380/10484, Loss: 4.0722
  Batch 8390/10484, Loss: 4.2224
  Batch 8400/10484, Loss: 4.2352
  Batch 8410/10484, Loss: 4.1410
  Batch 8420/10484, Loss: 4.3575
  Batch 8430/10484, Loss: 3.9659
  Batch 8440/10484, Loss: 4.4425
  Batch 8450/10484, Loss: 3.6951
  Batch 8460/10484, Loss: 3.8854
  Batch 8470/10484, Loss: 4.8687
  Batch 8480/10484, Loss: 4.2811
  Batch 8490/10484, Loss: 4.1693
  Batch 8500/10484, Loss: 4.2275
  Batch 8510/10484, Loss: 3.9157
  Batch 8520/10484, Loss: 3.8979
  Batch 8530/10484, Loss: 3.9001
  Batch 8540/10484, Loss: 4.1675
  Batch 8550/10484, Loss: 3.5943
  Batch 8560/10484, Loss: 4.1765
  Batch 8570/10484, Loss: 3.6022
  Batch 8580/10484, Loss: 4.6519
  Batch 8590/10484, Loss: 4.2406
  Batch 8600/10484, Loss: 3.8488
  Batch 8610/10484, Loss: 4.1548
  Batch 8620/10484, Loss: 4.1364
  Batch 8630/10484, Loss: 4.3894
  Batch 8640/10484, Loss: 4.4215
  Batch 8650/10484, Loss: 4.2811
  Batch 8660/10484, Loss: 3.9723
  Batch 8670/10484, Loss: 4.4500
  Batch 8680/10484, Loss: 3.9793
  Batch 8690/10484, Loss: 3.8878
  Batch 8700/10484, Loss: 4.2331
  Batch 8710/10484, Loss: 4.0710
  Batch 8720/10484, Loss: 3.9852
  Batch 8730/10484, Loss: 3.6592
  Batch 8740/10484, Loss: 4.3279
  Batch 8750/10484, Loss: 4.6460
  Batch 8760/10484, Loss: 4.3707
  Batch 8770/10484, Loss: 4.8799
  Batch 8780/10484, Loss: 4.1871
  Batch 8790/10484, Loss: 3.9705
  Batch 8800/10484, Loss: 3.8944
  Batch 8810/10484, Loss: 4.0964
  Batch 8820/10484, Loss: 4.3350
  Batch 8830/10484, Loss: 5.0122
  Batch 8840/10484, Loss: 4.2954
  Batch 8850/10484, Loss: 3.6674
  Batch 8860/10484, Loss: 4.1175
  Batch 8870/10484, Loss: 3.9481
  Batch 8880/10484, Loss: 3.9313
  Batch 8890/10484, Loss: 4.0512
  Batch 8900/10484, Loss: 3.8446
  Batch 8910/10484, Loss: 3.8344
  Batch 8920/10484, Loss: 3.0190
  Batch 8930/10484, Loss: 3.8608
  Batch 8940/10484, Loss: 4.5335
  Batch 8950/10484, Loss: 4.0677
  Batch 8960/10484, Loss: 4.5610
  Batch 8970/10484, Loss: 4.2820
  Batch 8980/10484, Loss: 3.2574
  Batch 8990/10484, Loss: 4.8151
  Batch 9000/10484, Loss: 4.1487
  Batch 9010/10484, Loss: 3.5232
  Batch 9020/10484, Loss: 4.2166
  Batch 9030/10484, Loss: 4.0531
  Batch 9040/10484, Loss: 3.5501
  Batch 9050/10484, Loss: 4.1177
  Batch 9060/10484, Loss: 4.6022
  Batch 9070/10484, Loss: 3.7845
  Batch 9080/10484, Loss: 4.0997
  Batch 9090/10484, Loss: 4.5042
  Batch 9100/10484, Loss: 4.7537
  Batch 9110/10484, Loss: 4.1238
  Batch 9120/10484, Loss: 3.5140
  Batch 9130/10484, Loss: 3.9620
  Batch 9140/10484, Loss: 4.0174
  Batch 9150/10484, Loss: 4.6842
  Batch 9160/10484, Loss: 4.3527
  Batch 9170/10484, Loss: 4.1110
  Batch 9180/10484, Loss: 4.9694
  Batch 9190/10484, Loss: 3.3954
  Batch 9200/10484, Loss: 3.8864
  Batch 9210/10484, Loss: 4.8306
  Batch 9220/10484, Loss: 4.6608
  Batch 9230/10484, Loss: 3.2639
  Batch 9240/10484, Loss: 3.8304
  Batch 9250/10484, Loss: 3.8931
  Batch 9260/10484, Loss: 3.3721
  Batch 9270/10484, Loss: 5.2666
  Batch 9280/10484, Loss: 4.6677
  Batch 9290/10484, Loss: 4.0727
  Batch 9300/10484, Loss: 4.2386
  Batch 9310/10484, Loss: 3.9487
  Batch 9320/10484, Loss: 3.4501
  Batch 9330/10484, Loss: 4.5352
  Batch 9340/10484, Loss: 3.8465
  Batch 9350/10484, Loss: 4.1769
  Batch 9360/10484, Loss: 4.0403
  Batch 9370/10484, Loss: 3.9337
  Batch 9380/10484, Loss: 4.2166
  Batch 9390/10484, Loss: 4.1206
  Batch 9400/10484, Loss: 3.9025
  Batch 9410/10484, Loss: 4.0861
  Batch 9420/10484, Loss: 3.9505
  Batch 9430/10484, Loss: 4.1265
  Batch 9440/10484, Loss: 4.1440
  Batch 9450/10484, Loss: 4.0107
  Batch 9460/10484, Loss: 4.4891
  Batch 9470/10484, Loss: 3.7613
  Batch 9480/10484, Loss: 4.0111
  Batch 9490/10484, Loss: 3.5580
  Batch 9500/10484, Loss: 3.7441
  Batch 9510/10484, Loss: 4.1266
  Batch 9520/10484, Loss: 4.2633
  Batch 9530/10484, Loss: 4.0626
  Batch 9540/10484, Loss: 4.2088
  Batch 9550/10484, Loss: 3.5796
  Batch 9560/10484, Loss: 4.4227
  Batch 9570/10484, Loss: 4.6950
  Batch 9580/10484, Loss: 4.2702
  Batch 9590/10484, Loss: 4.2140
  Batch 9600/10484, Loss: 3.5111
  Batch 9610/10484, Loss: 4.1942
  Batch 9620/10484, Loss: 4.4591
  Batch 9630/10484, Loss: 3.6323
  Batch 9640/10484, Loss: 4.2297
  Batch 9650/10484, Loss: 3.5729
  Batch 9660/10484, Loss: 4.2376
  Batch 9670/10484, Loss: 3.9570
  Batch 9680/10484, Loss: 3.6396
  Batch 9690/10484, Loss: 4.5890
  Batch 9700/10484, Loss: 4.0835
  Batch 9710/10484, Loss: 4.4683
  Batch 9720/10484, Loss: 3.4508
  Batch 9730/10484, Loss: 4.2610
  Batch 9740/10484, Loss: 4.1592
  Batch 9750/10484, Loss: 4.0624
  Batch 9760/10484, Loss: 4.6996
  Batch 9770/10484, Loss: 3.9695
  Batch 9780/10484, Loss: 4.4866
  Batch 9790/10484, Loss: 4.7047
  Batch 9800/10484, Loss: 3.9102
  Batch 9810/10484, Loss: 4.0337
  Batch 9820/10484, Loss: 3.6629
  Batch 9830/10484, Loss: 4.6184
  Batch 9840/10484, Loss: 4.6456
  Batch 9850/10484, Loss: 4.0132
  Batch 9860/10484, Loss: 4.5112
  Batch 9870/10484, Loss: 4.3256
  Batch 9880/10484, Loss: 4.5016
  Batch 9890/10484, Loss: 4.1458
  Batch 9900/10484, Loss: 3.4783
  Batch 9910/10484, Loss: 3.9496
  Batch 9920/10484, Loss: 3.6551
  Batch 9930/10484, Loss: 4.2472
  Batch 9940/10484, Loss: 2.8094
  Batch 9950/10484, Loss: 3.9970
  Batch 9960/10484, Loss: 3.5352
  Batch 9970/10484, Loss: 3.8268
  Batch 9980/10484, Loss: 4.2921
  Batch 9990/10484, Loss: 4.2185
  Batch 10000/10484, Loss: 4.2522
  Batch 10010/10484, Loss: 4.4449
  Batch 10020/10484, Loss: 4.2221
  Batch 10030/10484, Loss: 4.2818
  Batch 10040/10484, Loss: 4.3199
  Batch 10050/10484, Loss: 4.2605
  Batch 10060/10484, Loss: 4.2642
  Batch 10070/10484, Loss: 4.5314
  Batch 10080/10484, Loss: 3.6755
  Batch 10090/10484, Loss: 4.2750
  Batch 10100/10484, Loss: 4.3320
  Batch 10110/10484, Loss: 3.8864
  Batch 10120/10484, Loss: 4.0207
  Batch 10130/10484, Loss: 3.8447
  Batch 10140/10484, Loss: 4.0885
  Batch 10150/10484, Loss: 4.4423
  Batch 10160/10484, Loss: 4.5103
  Batch 10170/10484, Loss: 3.9284
  Batch 10180/10484, Loss: 3.7774
  Batch 10190/10484, Loss: 4.4585
  Batch 10200/10484, Loss: 4.8490
  Batch 10210/10484, Loss: 3.6695
  Batch 10220/10484, Loss: 4.4820
  Batch 10230/10484, Loss: 4.4481
  Batch 10240/10484, Loss: 4.5321
  Batch 10250/10484, Loss: 3.9663
  Batch 10260/10484, Loss: 4.3681
  Batch 10270/10484, Loss: 3.4992
  Batch 10280/10484, Loss: 3.5069
  Batch 10290/10484, Loss: 3.8823
  Batch 10300/10484, Loss: 4.2428
  Batch 10310/10484, Loss: 3.8771
  Batch 10320/10484, Loss: 3.7444
  Batch 10330/10484, Loss: 3.9487
  Batch 10340/10484, Loss: 3.8215
  Batch 10350/10484, Loss: 4.2410
  Batch 10360/10484, Loss: 4.5744
  Batch 10370/10484, Loss: 3.6688
  Batch 10380/10484, Loss: 4.1486
  Batch 10390/10484, Loss: 4.5082
  Batch 10400/10484, Loss: 4.7179
  Batch 10410/10484, Loss: 4.1750
  Batch 10420/10484, Loss: 4.1680
  Batch 10430/10484, Loss: 3.8213
  Batch 10440/10484, Loss: 4.3719
  Batch 10450/10484, Loss: 3.6299
  Batch 10460/10484, Loss: 3.9611
  Batch 10470/10484, Loss: 4.4955
  Batch 10480/10484, Loss: 3.8839

  Train Loss: 4.0850
  Val Loss: 6.6651
  Time: 31m 27s

Epoch 8/20
----------------------------------------
  Batch 10/10484, Loss: 3.8228
  Batch 20/10484, Loss: 4.1187
  Batch 30/10484, Loss: 2.9689
  Batch 40/10484, Loss: 3.8304
  Batch 50/10484, Loss: 3.6785
  Batch 60/10484, Loss: 4.1044
  Batch 70/10484, Loss: 3.7235
  Batch 80/10484, Loss: 3.9745
  Batch 90/10484, Loss: 3.8845
  Batch 100/10484, Loss: 4.1378
  Batch 110/10484, Loss: 3.6469
  Batch 120/10484, Loss: 3.6404
  Batch 130/10484, Loss: 3.7986
  Batch 140/10484, Loss: 3.9501
  Batch 150/10484, Loss: 3.5744
  Batch 160/10484, Loss: 4.6526
  Batch 170/10484, Loss: 3.8404
  Batch 180/10484, Loss: 3.9180
  Batch 190/10484, Loss: 3.4769
  Batch 200/10484, Loss: 4.5300
  Batch 210/10484, Loss: 4.3582
  Batch 220/10484, Loss: 4.1669
  Batch 230/10484, Loss: 3.9226
  Batch 240/10484, Loss: 3.9879
  Batch 250/10484, Loss: 4.1906
  Batch 260/10484, Loss: 3.9671
  Batch 270/10484, Loss: 3.6826
  Batch 280/10484, Loss: 4.0332
  Batch 290/10484, Loss: 3.9648
  Batch 300/10484, Loss: 3.3126
  Batch 310/10484, Loss: 3.5315
  Batch 320/10484, Loss: 3.9116
  Batch 330/10484, Loss: 4.2121
  Batch 340/10484, Loss: 3.8938
  Batch 350/10484, Loss: 3.7254
  Batch 360/10484, Loss: 4.4415
  Batch 370/10484, Loss: 3.7001
  Batch 380/10484, Loss: 3.6072
  Batch 390/10484, Loss: 3.6008
  Batch 400/10484, Loss: 3.9152
  Batch 410/10484, Loss: 3.5887
  Batch 420/10484, Loss: 3.3576
  Batch 430/10484, Loss: 3.9676
  Batch 440/10484, Loss: 3.8593
  Batch 450/10484, Loss: 2.9040
  Batch 460/10484, Loss: 3.9984
  Batch 470/10484, Loss: 4.5971
  Batch 480/10484, Loss: 3.8223
  Batch 490/10484, Loss: 4.2027
  Batch 500/10484, Loss: 3.3765
  Batch 510/10484, Loss: 4.1843
  Batch 520/10484, Loss: 4.0509
  Batch 530/10484, Loss: 3.5380
  Batch 540/10484, Loss: 4.0316
  Batch 550/10484, Loss: 4.0484
  Batch 560/10484, Loss: 4.0245
  Batch 570/10484, Loss: 3.6307
  Batch 580/10484, Loss: 4.2536
  Batch 590/10484, Loss: 3.5312
  Batch 600/10484, Loss: 3.4370
  Batch 610/10484, Loss: 4.1702
  Batch 620/10484, Loss: 4.2607
  Batch 630/10484, Loss: 4.0827
  Batch 640/10484, Loss: 4.2574
  Batch 650/10484, Loss: 3.4878
  Batch 660/10484, Loss: 4.3038
  Batch 670/10484, Loss: 4.3479
  Batch 680/10484, Loss: 4.1891
  Batch 690/10484, Loss: 3.7878
  Batch 700/10484, Loss: 4.1924
  Batch 710/10484, Loss: 4.5853
  Batch 720/10484, Loss: 3.6506
  Batch 730/10484, Loss: 4.1717
  Batch 740/10484, Loss: 4.1084
  Batch 750/10484, Loss: 4.0735
  Batch 760/10484, Loss: 4.1527
  Batch 770/10484, Loss: 4.1759
  Batch 780/10484, Loss: 3.5098
  Batch 790/10484, Loss: 3.4174
  Batch 800/10484, Loss: 3.9301
  Batch 810/10484, Loss: 3.9874
  Batch 820/10484, Loss: 4.4853
  Batch 830/10484, Loss: 3.9047
  Batch 840/10484, Loss: 3.6862
  Batch 850/10484, Loss: 3.9758
  Batch 860/10484, Loss: 4.2476
  Batch 870/10484, Loss: 4.1761
  Batch 880/10484, Loss: 4.0627
  Batch 890/10484, Loss: 3.6120
  Batch 900/10484, Loss: 3.8139
  Batch 910/10484, Loss: 3.9171
  Batch 920/10484, Loss: 4.2885
  Batch 930/10484, Loss: 4.0257
  Batch 940/10484, Loss: 3.8828
  Batch 950/10484, Loss: 4.2937
  Batch 960/10484, Loss: 4.1018
  Batch 970/10484, Loss: 4.5252
  Batch 980/10484, Loss: 4.1988
  Batch 990/10484, Loss: 3.9718
  Batch 1000/10484, Loss: 4.0521
  Batch 1010/10484, Loss: 4.1404
  Batch 1020/10484, Loss: 3.4984
  Batch 1030/10484, Loss: 3.3178
  Batch 1040/10484, Loss: 3.9892
  Batch 1050/10484, Loss: 3.9608
  Batch 1060/10484, Loss: 4.4024
  Batch 1070/10484, Loss: 3.9332
  Batch 1080/10484, Loss: 3.6702
  Batch 1090/10484, Loss: 3.9170
  Batch 1100/10484, Loss: 4.5751
  Batch 1110/10484, Loss: 4.1278
  Batch 1120/10484, Loss: 4.0395
  Batch 1130/10484, Loss: 4.2266
  Batch 1140/10484, Loss: 3.4186
  Batch 1150/10484, Loss: 3.8242
  Batch 1160/10484, Loss: 3.4526
  Batch 1170/10484, Loss: 3.9552
  Batch 1180/10484, Loss: 3.4298
  Batch 1190/10484, Loss: 3.8682
  Batch 1200/10484, Loss: 3.9381
  Batch 1210/10484, Loss: 3.9942
  Batch 1220/10484, Loss: 4.3043
  Batch 1230/10484, Loss: 4.1192
  Batch 1240/10484, Loss: 4.6772
  Batch 1250/10484, Loss: 3.5542
  Batch 1260/10484, Loss: 3.8843
  Batch 1270/10484, Loss: 3.9138
  Batch 1280/10484, Loss: 3.2988
  Batch 1290/10484, Loss: 4.0480
  Batch 1300/10484, Loss: 3.5114
  Batch 1310/10484, Loss: 4.2814
  Batch 1320/10484, Loss: 4.6729
  Batch 1330/10484, Loss: 4.4621
  Batch 1340/10484, Loss: 4.1117
  Batch 1350/10484, Loss: 3.9704
  Batch 1360/10484, Loss: 4.0520
  Batch 1370/10484, Loss: 4.1117
  Batch 1380/10484, Loss: 4.4382
  Batch 1390/10484, Loss: 4.4551
  Batch 1400/10484, Loss: 4.0566
  Batch 1410/10484, Loss: 3.4960
  Batch 1420/10484, Loss: 3.5212
  Batch 1430/10484, Loss: 5.0015
  Batch 1440/10484, Loss: 4.4224
  Batch 1450/10484, Loss: 3.8313
  Batch 1460/10484, Loss: 3.7324
  Batch 1470/10484, Loss: 4.0788
  Batch 1480/10484, Loss: 4.1797
  Batch 1490/10484, Loss: 3.8303
  Batch 1500/10484, Loss: 4.0401
  Batch 1510/10484, Loss: 4.2725
  Batch 1520/10484, Loss: 3.8749
  Batch 1530/10484, Loss: 4.2992
  Batch 1540/10484, Loss: 4.2490
  Batch 1550/10484, Loss: 4.0460
  Batch 1560/10484, Loss: 3.7991
  Batch 1570/10484, Loss: 4.0465
  Batch 1580/10484, Loss: 3.9619
  Batch 1590/10484, Loss: 4.1601
  Batch 1600/10484, Loss: 3.7126
  Batch 1610/10484, Loss: 4.2391
  Batch 1620/10484, Loss: 4.0821
  Batch 1630/10484, Loss: 3.9739
  Batch 1640/10484, Loss: 3.9649
  Batch 1650/10484, Loss: 3.9991
  Batch 1660/10484, Loss: 4.1449
  Batch 1670/10484, Loss: 3.6763
  Batch 1680/10484, Loss: 3.7720
  Batch 1690/10484, Loss: 3.8592
  Batch 1700/10484, Loss: 4.2253
  Batch 1710/10484, Loss: 3.2946
  Batch 1720/10484, Loss: 3.3591
  Batch 1730/10484, Loss: 3.4496
  Batch 1740/10484, Loss: 3.4228
  Batch 1750/10484, Loss: 3.5892
  Batch 1760/10484, Loss: 3.6234
  Batch 1770/10484, Loss: 3.9561
  Batch 1780/10484, Loss: 3.8362
  Batch 1790/10484, Loss: 3.6038
  Batch 1800/10484, Loss: 3.6749
  Batch 1810/10484, Loss: 3.8634
  Batch 1820/10484, Loss: 4.2415
  Batch 1830/10484, Loss: 3.8185
  Batch 1840/10484, Loss: 3.2948
  Batch 1850/10484, Loss: 3.4961
  Batch 1860/10484, Loss: 3.8580
  Batch 1870/10484, Loss: 4.1260
  Batch 1880/10484, Loss: 4.0592
  Batch 1890/10484, Loss: 3.5941
  Batch 1900/10484, Loss: 3.7757
  Batch 1910/10484, Loss: 3.4563
  Batch 1920/10484, Loss: 3.8517
  Batch 1930/10484, Loss: 3.7641
  Batch 1940/10484, Loss: 4.3097
  Batch 1950/10484, Loss: 3.9196
  Batch 1960/10484, Loss: 4.5508
  Batch 1970/10484, Loss: 4.0383
  Batch 1980/10484, Loss: 4.0625
  Batch 1990/10484, Loss: 3.4145
  Batch 2000/10484, Loss: 4.0198
  Batch 2010/10484, Loss: 3.4293
  Batch 2020/10484, Loss: 4.3414
  Batch 2030/10484, Loss: 3.3641
  Batch 2040/10484, Loss: 4.3763
  Batch 2050/10484, Loss: 3.6800
  Batch 2060/10484, Loss: 4.2376
  Batch 2070/10484, Loss: 4.1676
  Batch 2080/10484, Loss: 4.5611
  Batch 2090/10484, Loss: 4.2587
  Batch 2100/10484, Loss: 4.1499
  Batch 2110/10484, Loss: 4.2223
  Batch 2120/10484, Loss: 3.3124
  Batch 2130/10484, Loss: 3.8939
  Batch 2140/10484, Loss: 4.1965
  Batch 2150/10484, Loss: 4.6011
  Batch 2160/10484, Loss: 3.4175
  Batch 2170/10484, Loss: 3.8331
  Batch 2180/10484, Loss: 3.2394
  Batch 2190/10484, Loss: 4.3811
  Batch 2200/10484, Loss: 4.2420
  Batch 2210/10484, Loss: 4.0408
  Batch 2220/10484, Loss: 4.4061
  Batch 2230/10484, Loss: 3.3889
  Batch 2240/10484, Loss: 4.1403
  Batch 2250/10484, Loss: 3.9763
  Batch 2260/10484, Loss: 4.3429
  Batch 2270/10484, Loss: 3.8033
  Batch 2280/10484, Loss: 3.9232
  Batch 2290/10484, Loss: 3.9421
  Batch 2300/10484, Loss: 3.9042
  Batch 2310/10484, Loss: 4.3032
  Batch 2320/10484, Loss: 4.6938
  Batch 2330/10484, Loss: 4.3552
  Batch 2340/10484, Loss: 3.2004
  Batch 2350/10484, Loss: 4.4757
  Batch 2360/10484, Loss: 3.5756
  Batch 2370/10484, Loss: 3.1156
  Batch 2380/10484, Loss: 4.1343
  Batch 2390/10484, Loss: 3.8813
  Batch 2400/10484, Loss: 3.9733
  Batch 2410/10484, Loss: 4.2327
  Batch 2420/10484, Loss: 4.2432
  Batch 2430/10484, Loss: 4.0837
  Batch 2440/10484, Loss: 4.2168
  Batch 2450/10484, Loss: 4.2031
  Batch 2460/10484, Loss: 3.9059
  Batch 2470/10484, Loss: 3.8774
  Batch 2480/10484, Loss: 3.9873
  Batch 2490/10484, Loss: 4.0097
  Batch 2500/10484, Loss: 3.8598
  Batch 2510/10484, Loss: 4.3102
  Batch 2520/10484, Loss: 3.5140
  Batch 2530/10484, Loss: 3.9692
  Batch 2540/10484, Loss: 3.7497
  Batch 2550/10484, Loss: 3.9926
  Batch 2560/10484, Loss: 4.1314
  Batch 2570/10484, Loss: 3.9792
  Batch 2580/10484, Loss: 3.6404
  Batch 2590/10484, Loss: 3.8138
  Batch 2600/10484, Loss: 3.5596
  Batch 2610/10484, Loss: 4.2435
  Batch 2620/10484, Loss: 3.6079
  Batch 2630/10484, Loss: 4.4139
  Batch 2640/10484, Loss: 4.4430
  Batch 2650/10484, Loss: 4.4769
  Batch 2660/10484, Loss: 3.9868
  Batch 2670/10484, Loss: 3.3949
  Batch 2680/10484, Loss: 3.6837
  Batch 2690/10484, Loss: 3.8619
  Batch 2700/10484, Loss: 4.5451
  Batch 2710/10484, Loss: 3.8153
  Batch 2720/10484, Loss: 3.7860
  Batch 2730/10484, Loss: 3.9892
  Batch 2740/10484, Loss: 4.1344
  Batch 2750/10484, Loss: 3.7214
  Batch 2760/10484, Loss: 4.1690
  Batch 2770/10484, Loss: 3.5418
  Batch 2780/10484, Loss: 4.1290
  Batch 2790/10484, Loss: 3.5939
  Batch 2800/10484, Loss: 4.1184
  Batch 2810/10484, Loss: 3.5237
  Batch 2820/10484, Loss: 3.4698
  Batch 2830/10484, Loss: 4.2213
  Batch 2840/10484, Loss: 4.3079
  Batch 2850/10484, Loss: 3.6675
  Batch 2860/10484, Loss: 4.1510
  Batch 2870/10484, Loss: 3.9866
  Batch 2880/10484, Loss: 4.2203
  Batch 2890/10484, Loss: 3.6663
  Batch 2900/10484, Loss: 3.6411
  Batch 2910/10484, Loss: 4.3501
  Batch 2920/10484, Loss: 3.6172
  Batch 2930/10484, Loss: 4.5722
  Batch 2940/10484, Loss: 3.8366
  Batch 2950/10484, Loss: 4.9033
  Batch 2960/10484, Loss: 4.3616
  Batch 2970/10484, Loss: 3.7688
  Batch 2980/10484, Loss: 4.2936
  Batch 2990/10484, Loss: 3.9068
  Batch 3000/10484, Loss: 4.4143
  Batch 3010/10484, Loss: 3.9740
  Batch 3020/10484, Loss: 3.6474
  Batch 3030/10484, Loss: 3.3952
  Batch 3040/10484, Loss: 3.7759
  Batch 3050/10484, Loss: 3.8849
  Batch 3060/10484, Loss: 3.7411
  Batch 3070/10484, Loss: 4.0063
  Batch 3080/10484, Loss: 3.5385
  Batch 3090/10484, Loss: 4.3569
  Batch 3100/10484, Loss: 3.7870
  Batch 3110/10484, Loss: 4.0729
  Batch 3120/10484, Loss: 4.2580
  Batch 3130/10484, Loss: 3.9715
  Batch 3140/10484, Loss: 4.2196
  Batch 3150/10484, Loss: 3.6195
  Batch 3160/10484, Loss: 4.0667
  Batch 3170/10484, Loss: 3.7156
  Batch 3180/10484, Loss: 3.6715
  Batch 3190/10484, Loss: 3.6737
  Batch 3200/10484, Loss: 4.2039
  Batch 3210/10484, Loss: 3.0984
  Batch 3220/10484, Loss: 2.9885
  Batch 3230/10484, Loss: 3.8482
  Batch 3240/10484, Loss: 4.3929
  Batch 3250/10484, Loss: 3.5846
  Batch 3260/10484, Loss: 4.3268
  Batch 3270/10484, Loss: 3.7113
  Batch 3280/10484, Loss: 4.1737
  Batch 3290/10484, Loss: 4.3215
  Batch 3300/10484, Loss: 3.9231
  Batch 3310/10484, Loss: 4.0956
  Batch 3320/10484, Loss: 3.4431
  Batch 3330/10484, Loss: 3.9724
  Batch 3340/10484, Loss: 4.1881
  Batch 3350/10484, Loss: 4.1310
  Batch 3360/10484, Loss: 3.6124
  Batch 3370/10484, Loss: 3.8497
  Batch 3380/10484, Loss: 4.3894
  Batch 3390/10484, Loss: 4.5717
  Batch 3400/10484, Loss: 4.4893
  Batch 3410/10484, Loss: 4.4014
  Batch 3420/10484, Loss: 4.0808
  Batch 3430/10484, Loss: 4.2955
  Batch 3440/10484, Loss: 4.0846
  Batch 3450/10484, Loss: 4.0601
  Batch 3460/10484, Loss: 3.6738
  Batch 3470/10484, Loss: 4.4674
  Batch 3480/10484, Loss: 4.0621
  Batch 3490/10484, Loss: 4.2434
  Batch 3500/10484, Loss: 4.0983
  Batch 3510/10484, Loss: 3.6826
  Batch 3520/10484, Loss: 4.3711
  Batch 3530/10484, Loss: 3.2783
  Batch 3540/10484, Loss: 3.8805
  Batch 3550/10484, Loss: 3.5913
  Batch 3560/10484, Loss: 3.8461
  Batch 3570/10484, Loss: 3.7238
  Batch 3580/10484, Loss: 4.2597
  Batch 3590/10484, Loss: 4.1691
  Batch 3600/10484, Loss: 3.9280
  Batch 3610/10484, Loss: 3.7745
  Batch 3620/10484, Loss: 3.9128
  Batch 3630/10484, Loss: 3.7844
  Batch 3640/10484, Loss: 3.7901
  Batch 3650/10484, Loss: 3.5579
  Batch 3660/10484, Loss: 4.1591
  Batch 3670/10484, Loss: 3.9916
  Batch 3680/10484, Loss: 3.4773
  Batch 3690/10484, Loss: 4.4773
  Batch 3700/10484, Loss: 4.0192
  Batch 3710/10484, Loss: 4.0125
  Batch 3720/10484, Loss: 3.4636
  Batch 3730/10484, Loss: 4.6538
  Batch 3740/10484, Loss: 4.1737
  Batch 3750/10484, Loss: 3.5481
  Batch 3760/10484, Loss: 4.2484
  Batch 3770/10484, Loss: 3.6790
  Batch 3780/10484, Loss: 3.4019
  Batch 3790/10484, Loss: 3.9964
  Batch 3800/10484, Loss: 4.3062
  Batch 3810/10484, Loss: 3.8473
  Batch 3820/10484, Loss: 3.8893
  Batch 3830/10484, Loss: 4.0988
  Batch 3840/10484, Loss: 4.0622
  Batch 3850/10484, Loss: 4.1248
  Batch 3860/10484, Loss: 3.9600
  Batch 3870/10484, Loss: 3.3498
  Batch 3880/10484, Loss: 4.2635
  Batch 3890/10484, Loss: 3.7667
  Batch 3900/10484, Loss: 4.3966
  Batch 3910/10484, Loss: 4.2555
  Batch 3920/10484, Loss: 4.2062
  Batch 3930/10484, Loss: 3.9576
  Batch 3940/10484, Loss: 4.2466
  Batch 3950/10484, Loss: 3.3675
  Batch 3960/10484, Loss: 3.9683
  Batch 3970/10484, Loss: 4.3032
  Batch 3980/10484, Loss: 4.1397
  Batch 3990/10484, Loss: 3.7191
  Batch 4000/10484, Loss: 4.2204
  Batch 4010/10484, Loss: 3.9177
  Batch 4020/10484, Loss: 4.1106
  Batch 4030/10484, Loss: 4.2314
  Batch 4040/10484, Loss: 3.4887
  Batch 4050/10484, Loss: 3.9717
  Batch 4060/10484, Loss: 3.8518
  Batch 4070/10484, Loss: 4.6890
  Batch 4080/10484, Loss: 4.1343
  Batch 4090/10484, Loss: 4.4266
  Batch 4100/10484, Loss: 4.4080
  Batch 4110/10484, Loss: 4.0226
  Batch 4120/10484, Loss: 3.8144
  Batch 4130/10484, Loss: 3.9338
  Batch 4140/10484, Loss: 4.0311
  Batch 4150/10484, Loss: 3.9530
  Batch 4160/10484, Loss: 4.2771
  Batch 4170/10484, Loss: 3.7528
  Batch 4180/10484, Loss: 4.7119
  Batch 4190/10484, Loss: 4.2060
  Batch 4200/10484, Loss: 4.5132
  Batch 4210/10484, Loss: 4.3611
  Batch 4220/10484, Loss: 4.2432
  Batch 4230/10484, Loss: 4.3772
  Batch 4240/10484, Loss: 3.7096
  Batch 4250/10484, Loss: 3.8349
  Batch 4260/10484, Loss: 4.4148
  Batch 4270/10484, Loss: 3.6055
  Batch 4280/10484, Loss: 3.8054
  Batch 4290/10484, Loss: 4.4018
  Batch 4300/10484, Loss: 4.2003
  Batch 4310/10484, Loss: 3.0654
  Batch 4320/10484, Loss: 4.5265
  Batch 4330/10484, Loss: 4.3863
  Batch 4340/10484, Loss: 4.6783
  Batch 4350/10484, Loss: 3.8605
  Batch 4360/10484, Loss: 4.3008
  Batch 4370/10484, Loss: 3.4906
  Batch 4380/10484, Loss: 3.8001
  Batch 4390/10484, Loss: 4.1292
  Batch 4400/10484, Loss: 3.8254
  Batch 4410/10484, Loss: 3.6467
  Batch 4420/10484, Loss: 4.3102
  Batch 4430/10484, Loss: 4.2431
  Batch 4440/10484, Loss: 4.6297
  Batch 4450/10484, Loss: 4.0931
  Batch 4460/10484, Loss: 3.8468
  Batch 4470/10484, Loss: 3.4547
  Batch 4480/10484, Loss: 4.4121
  Batch 4490/10484, Loss: 3.1836
  Batch 4500/10484, Loss: 3.7369
  Batch 4510/10484, Loss: 4.3913
  Batch 4520/10484, Loss: 4.2370
  Batch 4530/10484, Loss: 3.5555
  Batch 4540/10484, Loss: 4.3491
  Batch 4550/10484, Loss: 4.1296
  Batch 4560/10484, Loss: 4.1716
  Batch 4570/10484, Loss: 4.2231
  Batch 4580/10484, Loss: 3.8731
  Batch 4590/10484, Loss: 4.6111
  Batch 4600/10484, Loss: 3.9035
  Batch 4610/10484, Loss: 4.0074
  Batch 4620/10484, Loss: 3.7235
  Batch 4630/10484, Loss: 4.1672
  Batch 4640/10484, Loss: 4.0382
  Batch 4650/10484, Loss: 4.1430
  Batch 4660/10484, Loss: 3.3157
  Batch 4670/10484, Loss: 3.8015
  Batch 4680/10484, Loss: 4.5825
  Batch 4690/10484, Loss: 4.0254
  Batch 4700/10484, Loss: 3.7167
  Batch 4710/10484, Loss: 4.4861
  Batch 4720/10484, Loss: 3.6555
  Batch 4730/10484, Loss: 3.5409
  Batch 4740/10484, Loss: 4.1336
  Batch 4750/10484, Loss: 3.2695
  Batch 4760/10484, Loss: 3.8193
  Batch 4770/10484, Loss: 3.9273
  Batch 4780/10484, Loss: 3.8371
  Batch 4790/10484, Loss: 4.5553
  Batch 4800/10484, Loss: 3.4962
  Batch 4810/10484, Loss: 4.0897
  Batch 4820/10484, Loss: 3.5626
  Batch 4830/10484, Loss: 4.2256
  Batch 4840/10484, Loss: 3.9726
  Batch 4850/10484, Loss: 3.8200
  Batch 4860/10484, Loss: 3.6476
  Batch 4870/10484, Loss: 3.5557
  Batch 4880/10484, Loss: 4.1648
  Batch 4890/10484, Loss: 3.7699
  Batch 4900/10484, Loss: 4.3956
  Batch 4910/10484, Loss: 4.4257
  Batch 4920/10484, Loss: 3.6565
  Batch 4930/10484, Loss: 4.6054
  Batch 4940/10484, Loss: 3.9232
  Batch 4950/10484, Loss: 3.9577
  Batch 4960/10484, Loss: 3.5455
  Batch 4970/10484, Loss: 4.6359
  Batch 4980/10484, Loss: 4.5649
  Batch 4990/10484, Loss: 4.6002
  Batch 5000/10484, Loss: 3.6952
  Batch 5010/10484, Loss: 4.4613
  Batch 5020/10484, Loss: 3.5013
  Batch 5030/10484, Loss: 4.2353
  Batch 5040/10484, Loss: 4.3267
  Batch 5050/10484, Loss: 3.4815
  Batch 5060/10484, Loss: 4.0425
  Batch 5070/10484, Loss: 4.1890
  Batch 5080/10484, Loss: 4.8706
  Batch 5090/10484, Loss: 4.8252
  Batch 5100/10484, Loss: 4.0698
  Batch 5110/10484, Loss: 4.3633
  Batch 5120/10484, Loss: 3.9776
  Batch 5130/10484, Loss: 3.7971
  Batch 5140/10484, Loss: 3.5706
  Batch 5150/10484, Loss: 4.3811
  Batch 5160/10484, Loss: 3.8647
  Batch 5170/10484, Loss: 4.0401
  Batch 5180/10484, Loss: 4.0183
  Batch 5190/10484, Loss: 4.0421
  Batch 5200/10484, Loss: 4.2918
  Batch 5210/10484, Loss: 4.3054
  Batch 5220/10484, Loss: 4.0453
  Batch 5230/10484, Loss: 4.1840
  Batch 5240/10484, Loss: 4.4175
  Batch 5250/10484, Loss: 3.8031
  Batch 5260/10484, Loss: 4.1629
  Batch 5270/10484, Loss: 4.3032
  Batch 5280/10484, Loss: 3.9229
  Batch 5290/10484, Loss: 3.9517
  Batch 5300/10484, Loss: 4.4966
  Batch 5310/10484, Loss: 4.2796
  Batch 5320/10484, Loss: 3.5281
  Batch 5330/10484, Loss: 3.9884
  Batch 5340/10484, Loss: 3.7459
  Batch 5350/10484, Loss: 3.5979
  Batch 5360/10484, Loss: 3.3758
  Batch 5370/10484, Loss: 4.3939
  Batch 5380/10484, Loss: 3.8420
  Batch 5390/10484, Loss: 4.0216
  Batch 5400/10484, Loss: 4.1773
  Batch 5410/10484, Loss: 4.1965
  Batch 5420/10484, Loss: 4.5336
  Batch 5430/10484, Loss: 3.4360
  Batch 5440/10484, Loss: 3.9207
  Batch 5450/10484, Loss: 4.5668
  Batch 5460/10484, Loss: 3.4395
  Batch 5470/10484, Loss: 4.3116
  Batch 5480/10484, Loss: 3.9780
  Batch 5490/10484, Loss: 3.8513
  Batch 5500/10484, Loss: 3.9778
  Batch 5510/10484, Loss: 3.6459
  Batch 5520/10484, Loss: 4.8646
  Batch 5530/10484, Loss: 3.9290
  Batch 5540/10484, Loss: 3.4061
  Batch 5550/10484, Loss: 4.8191
  Batch 5560/10484, Loss: 4.0837
  Batch 5570/10484, Loss: 3.7773
  Batch 5580/10484, Loss: 3.6218
  Batch 5590/10484, Loss: 3.7705
  Batch 5600/10484, Loss: 3.9766
  Batch 5610/10484, Loss: 2.2046
  Batch 5620/10484, Loss: 4.7040
  Batch 5630/10484, Loss: 3.8903
  Batch 5640/10484, Loss: 4.7310
  Batch 5650/10484, Loss: 3.9991
  Batch 5660/10484, Loss: 4.2989
  Batch 5670/10484, Loss: 4.2840
  Batch 5680/10484, Loss: 4.1462
  Batch 5690/10484, Loss: 3.8925
  Batch 5700/10484, Loss: 4.5456
  Batch 5710/10484, Loss: 3.9485
  Batch 5720/10484, Loss: 4.2568
  Batch 5730/10484, Loss: 3.5456
  Batch 5740/10484, Loss: 4.1345
  Batch 5750/10484, Loss: 4.2164
  Batch 5760/10484, Loss: 4.4990
  Batch 5770/10484, Loss: 4.3631
  Batch 5780/10484, Loss: 3.8770
  Batch 5790/10484, Loss: 4.6715
  Batch 5800/10484, Loss: 3.9493
  Batch 5810/10484, Loss: 4.3765
  Batch 5820/10484, Loss: 4.2748
  Batch 5830/10484, Loss: 3.9446
  Batch 5840/10484, Loss: 3.6251
  Batch 5850/10484, Loss: 4.1780
  Batch 5860/10484, Loss: 4.5336
  Batch 5870/10484, Loss: 3.9541
  Batch 5880/10484, Loss: 3.6013
  Batch 5890/10484, Loss: 4.2788
  Batch 5900/10484, Loss: 3.9524
  Batch 5910/10484, Loss: 4.5203
  Batch 5920/10484, Loss: 4.3219
  Batch 5930/10484, Loss: 4.2941
  Batch 5940/10484, Loss: 3.9432
  Batch 5950/10484, Loss: 3.3270
  Batch 5960/10484, Loss: 3.4569
  Batch 5970/10484, Loss: 4.1981
  Batch 5980/10484, Loss: 3.9062
  Batch 5990/10484, Loss: 4.1856
  Batch 6000/10484, Loss: 4.4054
  Batch 6010/10484, Loss: 4.2559
  Batch 6020/10484, Loss: 3.8281
  Batch 6030/10484, Loss: 3.4409
  Batch 6040/10484, Loss: 4.3945
  Batch 6050/10484, Loss: 3.8103
  Batch 6060/10484, Loss: 3.0118
  Batch 6070/10484, Loss: 4.2550
  Batch 6080/10484, Loss: 4.4499
  Batch 6090/10484, Loss: 4.7804
  Batch 6100/10484, Loss: 4.2297
  Batch 6110/10484, Loss: 4.5064
  Batch 6120/10484, Loss: 3.7732
  Batch 6130/10484, Loss: 3.7438
  Batch 6140/10484, Loss: 4.3304
  Batch 6150/10484, Loss: 3.7975
  Batch 6160/10484, Loss: 4.4897
  Batch 6170/10484, Loss: 3.8705
  Batch 6180/10484, Loss: 4.5206
  Batch 6190/10484, Loss: 4.4822
  Batch 6200/10484, Loss: 3.9792
  Batch 6210/10484, Loss: 4.3556
  Batch 6220/10484, Loss: 3.5616
  Batch 6230/10484, Loss: 4.6564
  Batch 6240/10484, Loss: 3.7272
  Batch 6250/10484, Loss: 4.1535
  Batch 6260/10484, Loss: 3.2558
  Batch 6270/10484, Loss: 3.7326
  Batch 6280/10484, Loss: 3.8370
  Batch 6290/10484, Loss: 3.3264
  Batch 6300/10484, Loss: 4.0880
  Batch 6310/10484, Loss: 3.8685
  Batch 6320/10484, Loss: 4.1407
  Batch 6330/10484, Loss: 4.2674
  Batch 6340/10484, Loss: 3.6194
  Batch 6350/10484, Loss: 4.0977
  Batch 6360/10484, Loss: 4.5612
  Batch 6370/10484, Loss: 3.8077
  Batch 6380/10484, Loss: 4.0224
  Batch 6390/10484, Loss: 3.5314
  Batch 6400/10484, Loss: 3.8395
  Batch 6410/10484, Loss: 4.1839
  Batch 6420/10484, Loss: 4.0706
  Batch 6430/10484, Loss: 4.6433
  Batch 6440/10484, Loss: 3.7865
  Batch 6450/10484, Loss: 4.1727
  Batch 6460/10484, Loss: 4.0557
  Batch 6470/10484, Loss: 4.1656
  Batch 6480/10484, Loss: 4.3328
  Batch 6490/10484, Loss: 3.5027
  Batch 6500/10484, Loss: 3.5086
  Batch 6510/10484, Loss: 4.1187
  Batch 6520/10484, Loss: 4.8476
  Batch 6530/10484, Loss: 3.7372
  Batch 6540/10484, Loss: 4.3199
  Batch 6550/10484, Loss: 4.4614
  Batch 6560/10484, Loss: 4.2326
  Batch 6570/10484, Loss: 4.4004
  Batch 6580/10484, Loss: 3.7634
  Batch 6590/10484, Loss: 3.4983
  Batch 6600/10484, Loss: 4.1489
  Batch 6610/10484, Loss: 4.3553
  Batch 6620/10484, Loss: 3.6995
  Batch 6630/10484, Loss: 4.6977
  Batch 6640/10484, Loss: 4.1699
  Batch 6650/10484, Loss: 4.2632
  Batch 6660/10484, Loss: 3.5654
  Batch 6670/10484, Loss: 4.3269
  Batch 6680/10484, Loss: 3.8740
  Batch 6690/10484, Loss: 3.7430
  Batch 6700/10484, Loss: 4.8139
  Batch 6710/10484, Loss: 4.7345
  Batch 6720/10484, Loss: 4.3364
  Batch 6730/10484, Loss: 4.0714
  Batch 6740/10484, Loss: 4.0336
  Batch 6750/10484, Loss: 3.3993
  Batch 6760/10484, Loss: 4.6107
  Batch 6770/10484, Loss: 4.3147
  Batch 6780/10484, Loss: 3.9708
  Batch 6790/10484, Loss: 4.2117
  Batch 6800/10484, Loss: 4.5613
  Batch 6810/10484, Loss: 4.4194
  Batch 6820/10484, Loss: 3.3306
  Batch 6830/10484, Loss: 3.7624
  Batch 6840/10484, Loss: 4.4345
  Batch 6850/10484, Loss: 4.3991
  Batch 6860/10484, Loss: 3.5253
  Batch 6870/10484, Loss: 3.6380
  Batch 6880/10484, Loss: 3.8722
  Batch 6890/10484, Loss: 4.4780
  Batch 6900/10484, Loss: 4.0237
  Batch 6910/10484, Loss: 4.0282
  Batch 6920/10484, Loss: 3.8386
  Batch 6930/10484, Loss: 3.7804
  Batch 6940/10484, Loss: 4.6436
  Batch 6950/10484, Loss: 4.6961
  Batch 6960/10484, Loss: 3.4077
  Batch 6970/10484, Loss: 4.0128
  Batch 6980/10484, Loss: 4.1662
  Batch 6990/10484, Loss: 3.7350
  Batch 7000/10484, Loss: 4.3558
  Batch 7010/10484, Loss: 3.9740
  Batch 7020/10484, Loss: 4.1523
  Batch 7030/10484, Loss: 3.9374
  Batch 7040/10484, Loss: 4.4874
  Batch 7050/10484, Loss: 4.3204
  Batch 7060/10484, Loss: 4.7190
  Batch 7070/10484, Loss: 4.6440
  Batch 7080/10484, Loss: 4.6187
  Batch 7090/10484, Loss: 3.1887
  Batch 7100/10484, Loss: 4.1572
  Batch 7110/10484, Loss: 3.9670
  Batch 7120/10484, Loss: 3.5210
  Batch 7130/10484, Loss: 3.9749
  Batch 7140/10484, Loss: 3.3284
  Batch 7150/10484, Loss: 4.6885
  Batch 7160/10484, Loss: 3.2165
  Batch 7170/10484, Loss: 4.7201
  Batch 7180/10484, Loss: 4.1270
  Batch 7190/10484, Loss: 3.8674
  Batch 7200/10484, Loss: 4.4040
  Batch 7210/10484, Loss: 4.2301
  Batch 7220/10484, Loss: 3.7834
  Batch 7230/10484, Loss: 4.3172
  Batch 7240/10484, Loss: 4.0036
  Batch 7250/10484, Loss: 3.7294
  Batch 7260/10484, Loss: 3.9681
  Batch 7270/10484, Loss: 3.9654
  Batch 7280/10484, Loss: 4.2196
  Batch 7290/10484, Loss: 3.9774
  Batch 7300/10484, Loss: 3.8685
  Batch 7310/10484, Loss: 4.0672
  Batch 7320/10484, Loss: 3.6001
  Batch 7330/10484, Loss: 4.0957
  Batch 7340/10484, Loss: 4.3845
  Batch 7350/10484, Loss: 4.0161
  Batch 7360/10484, Loss: 3.9318
  Batch 7370/10484, Loss: 3.9477
  Batch 7380/10484, Loss: 3.5141
  Batch 7390/10484, Loss: 3.8124
  Batch 7400/10484, Loss: 4.5681
  Batch 7410/10484, Loss: 3.8795
  Batch 7420/10484, Loss: 4.2970
  Batch 7430/10484, Loss: 4.2927
  Batch 7440/10484, Loss: 4.0041
  Batch 7450/10484, Loss: 4.7297
  Batch 7460/10484, Loss: 4.1468
  Batch 7470/10484, Loss: 3.6784
  Batch 7480/10484, Loss: 4.1358
  Batch 7490/10484, Loss: 3.3561
  Batch 7500/10484, Loss: 4.2444
  Batch 7510/10484, Loss: 3.7459
  Batch 7520/10484, Loss: 3.4693
  Batch 7530/10484, Loss: 4.0781
  Batch 7540/10484, Loss: 3.4683
  Batch 7550/10484, Loss: 4.1834
  Batch 7560/10484, Loss: 4.1565
  Batch 7570/10484, Loss: 4.0082
  Batch 7580/10484, Loss: 4.2594
  Batch 7590/10484, Loss: 3.9976
  Batch 7600/10484, Loss: 4.0904
  Batch 7610/10484, Loss: 3.9769
  Batch 7620/10484, Loss: 4.0340
  Batch 7630/10484, Loss: 4.0914
  Batch 7640/10484, Loss: 3.9616
  Batch 7650/10484, Loss: 4.3707
  Batch 7660/10484, Loss: 4.4120
  Batch 7670/10484, Loss: 4.2138
  Batch 7680/10484, Loss: 3.6305
  Batch 7690/10484, Loss: 4.0987
  Batch 7700/10484, Loss: 3.8563
  Batch 7710/10484, Loss: 3.9519
  Batch 7720/10484, Loss: 4.2825
  Batch 7730/10484, Loss: 4.3760
  Batch 7740/10484, Loss: 3.9591
  Batch 7750/10484, Loss: 3.5505
  Batch 7760/10484, Loss: 4.2608
  Batch 7770/10484, Loss: 4.1462
  Batch 7780/10484, Loss: 4.3059
  Batch 7790/10484, Loss: 4.1543
  Batch 7800/10484, Loss: 3.8721
  Batch 7810/10484, Loss: 4.3970
  Batch 7820/10484, Loss: 4.5301
  Batch 7830/10484, Loss: 3.4883
  Batch 7840/10484, Loss: 3.7084
  Batch 7850/10484, Loss: 3.4343
  Batch 7860/10484, Loss: 3.8170
  Batch 7870/10484, Loss: 4.6964
  Batch 7880/10484, Loss: 3.0658
  Batch 7890/10484, Loss: 4.2082
  Batch 7900/10484, Loss: 3.8967
  Batch 7910/10484, Loss: 4.4486
  Batch 7920/10484, Loss: 3.7464
  Batch 7930/10484, Loss: 3.9570
  Batch 7940/10484, Loss: 3.7489
  Batch 7950/10484, Loss: 3.9181
  Batch 7960/10484, Loss: 4.1337
  Batch 7970/10484, Loss: 3.8949
  Batch 7980/10484, Loss: 3.6727
  Batch 7990/10484, Loss: 3.8495
  Batch 8000/10484, Loss: 3.5690
  Batch 8010/10484, Loss: 4.0331
  Batch 8020/10484, Loss: 3.5260
  Batch 8030/10484, Loss: 3.9458
  Batch 8040/10484, Loss: 4.1228
  Batch 8050/10484, Loss: 3.4636
  Batch 8060/10484, Loss: 4.2920
  Batch 8070/10484, Loss: 3.6111
  Batch 8080/10484, Loss: 3.9951
  Batch 8090/10484, Loss: 4.1324
  Batch 8100/10484, Loss: 3.6671
  Batch 8110/10484, Loss: 3.4280
  Batch 8120/10484, Loss: 4.4598
  Batch 8130/10484, Loss: 4.6371
  Batch 8140/10484, Loss: 3.8506
  Batch 8150/10484, Loss: 3.9333
  Batch 8160/10484, Loss: 4.2476
  Batch 8170/10484, Loss: 4.4302
  Batch 8180/10484, Loss: 3.9707
  Batch 8190/10484, Loss: 3.5908
  Batch 8200/10484, Loss: 4.1659
  Batch 8210/10484, Loss: 4.1643
  Batch 8220/10484, Loss: 4.4189
  Batch 8230/10484, Loss: 3.7599
  Batch 8240/10484, Loss: 3.7225
  Batch 8250/10484, Loss: 3.2142
  Batch 8260/10484, Loss: 3.9683
  Batch 8270/10484, Loss: 4.1752
  Batch 8280/10484, Loss: 3.8158
  Batch 8290/10484, Loss: 3.9097
  Batch 8300/10484, Loss: 4.2051
  Batch 8310/10484, Loss: 4.6588
  Batch 8320/10484, Loss: 4.3915
  Batch 8330/10484, Loss: 4.3290
  Batch 8340/10484, Loss: 3.7688
  Batch 8350/10484, Loss: 3.3890
  Batch 8360/10484, Loss: 4.2521
  Batch 8370/10484, Loss: 3.4795
  Batch 8380/10484, Loss: 4.1404
  Batch 8390/10484, Loss: 3.6573
  Batch 8400/10484, Loss: 4.1537
  Batch 8410/10484, Loss: 3.0347
  Batch 8420/10484, Loss: 4.5662
  Batch 8430/10484, Loss: 3.8383
  Batch 8440/10484, Loss: 4.0148
  Batch 8450/10484, Loss: 4.4540
  Batch 8460/10484, Loss: 4.3388
  Batch 8470/10484, Loss: 3.6660
  Batch 8480/10484, Loss: 3.9442
  Batch 8490/10484, Loss: 3.5460
  Batch 8500/10484, Loss: 4.6413
  Batch 8510/10484, Loss: 3.5347
  Batch 8520/10484, Loss: 4.0938
  Batch 8530/10484, Loss: 4.2686
  Batch 8540/10484, Loss: 4.3963
  Batch 8550/10484, Loss: 4.1292
  Batch 8560/10484, Loss: 4.4712
  Batch 8570/10484, Loss: 4.0457
  Batch 8580/10484, Loss: 3.9100
  Batch 8590/10484, Loss: 4.1850
  Batch 8600/10484, Loss: 3.6886
  Batch 8610/10484, Loss: 4.5590
  Batch 8620/10484, Loss: 4.1092
  Batch 8630/10484, Loss: 4.6325
  Batch 8640/10484, Loss: 4.1152
  Batch 8650/10484, Loss: 4.1859
  Batch 8660/10484, Loss: 4.1654
  Batch 8670/10484, Loss: 3.4940
  Batch 8680/10484, Loss: 3.6076
  Batch 8690/10484, Loss: 4.1369
  Batch 8700/10484, Loss: 4.1761
  Batch 8710/10484, Loss: 4.3028
  Batch 8720/10484, Loss: 3.9620
  Batch 8730/10484, Loss: 4.3328
  Batch 8740/10484, Loss: 4.3378
  Batch 8750/10484, Loss: 3.9671
  Batch 8760/10484, Loss: 3.7251
  Batch 8770/10484, Loss: 4.2759
  Batch 8780/10484, Loss: 4.0415
  Batch 8790/10484, Loss: 4.1874
  Batch 8800/10484, Loss: 3.6501
  Batch 8810/10484, Loss: 4.7792
  Batch 8820/10484, Loss: 4.6218
  Batch 8830/10484, Loss: 3.7201
  Batch 8840/10484, Loss: 4.1390
  Batch 8850/10484, Loss: 3.8681
  Batch 8860/10484, Loss: 3.4315
  Batch 8870/10484, Loss: 5.0535
  Batch 8880/10484, Loss: 4.0513
  Batch 8890/10484, Loss: 3.9420
  Batch 8900/10484, Loss: 3.5238
  Batch 8910/10484, Loss: 3.6128
  Batch 8920/10484, Loss: 4.4924
  Batch 8930/10484, Loss: 4.2831
  Batch 8940/10484, Loss: 4.1303
  Batch 8950/10484, Loss: 4.7079
  Batch 8960/10484, Loss: 3.6348
  Batch 8970/10484, Loss: 4.4957
  Batch 8980/10484, Loss: 4.5023
  Batch 8990/10484, Loss: 4.2259
  Batch 9000/10484, Loss: 4.1965
  Batch 9010/10484, Loss: 3.9593
  Batch 9020/10484, Loss: 4.4521
  Batch 9030/10484, Loss: 3.8906
  Batch 9040/10484, Loss: 3.9904
  Batch 9050/10484, Loss: 3.5662
  Batch 9060/10484, Loss: 3.3925
  Batch 9070/10484, Loss: 4.5146
  Batch 9080/10484, Loss: 4.1147
  Batch 9090/10484, Loss: 3.8537
  Batch 9100/10484, Loss: 3.9017
  Batch 9110/10484, Loss: 4.0683
  Batch 9120/10484, Loss: 4.4861
  Batch 9130/10484, Loss: 4.2938
  Batch 9140/10484, Loss: 4.0007
  Batch 9150/10484, Loss: 4.2160
  Batch 9160/10484, Loss: 3.8920
  Batch 9170/10484, Loss: 4.2647
  Batch 9180/10484, Loss: 4.3005
  Batch 9190/10484, Loss: 3.6794
  Batch 9200/10484, Loss: 3.6949
  Batch 9210/10484, Loss: 4.0578
  Batch 9220/10484, Loss: 4.8148
  Batch 9230/10484, Loss: 4.1763
  Batch 9240/10484, Loss: 5.1478
  Batch 9250/10484, Loss: 4.0921
  Batch 9260/10484, Loss: 4.5274
  Batch 9270/10484, Loss: 3.8729
  Batch 9280/10484, Loss: 4.5409
  Batch 9290/10484, Loss: 3.9417
  Batch 9300/10484, Loss: 4.1899
  Batch 9310/10484, Loss: 4.2595
  Batch 9320/10484, Loss: 3.6609
  Batch 9330/10484, Loss: 4.4317
  Batch 9340/10484, Loss: 4.1601
  Batch 9350/10484, Loss: 3.5601
  Batch 9360/10484, Loss: 3.6256
  Batch 9370/10484, Loss: 4.2336
  Batch 9380/10484, Loss: 4.6179
  Batch 9390/10484, Loss: 4.1114
  Batch 9400/10484, Loss: 4.5367
  Batch 9410/10484, Loss: 4.1738
  Batch 9420/10484, Loss: 3.7653
  Batch 9430/10484, Loss: 4.1450
  Batch 9440/10484, Loss: 4.3807
  Batch 9450/10484, Loss: 3.8030
  Batch 9460/10484, Loss: 4.6689
  Batch 9470/10484, Loss: 3.6471
  Batch 9480/10484, Loss: 3.9948
  Batch 9490/10484, Loss: 3.6244
  Batch 9500/10484, Loss: 4.7386
  Batch 9510/10484, Loss: 4.6600
  Batch 9520/10484, Loss: 3.7833
  Batch 9530/10484, Loss: 4.1699
  Batch 9540/10484, Loss: 3.9683
  Batch 9550/10484, Loss: 3.6632
  Batch 9560/10484, Loss: 4.5305
  Batch 9570/10484, Loss: 4.2224
  Batch 9580/10484, Loss: 3.7039
  Batch 9590/10484, Loss: 4.2492
  Batch 9600/10484, Loss: 3.7518
  Batch 9610/10484, Loss: 4.4548
  Batch 9620/10484, Loss: 4.2968
  Batch 9630/10484, Loss: 4.0244
  Batch 9640/10484, Loss: 3.9094
  Batch 9650/10484, Loss: 4.0741
  Batch 9660/10484, Loss: 4.0643
  Batch 9670/10484, Loss: 3.7924
  Batch 9680/10484, Loss: 3.9136
  Batch 9690/10484, Loss: 4.2295
  Batch 9700/10484, Loss: 3.0133
  Batch 9710/10484, Loss: 3.8718
  Batch 9720/10484, Loss: 4.4475
  Batch 9730/10484, Loss: 4.2475
  Batch 9740/10484, Loss: 4.5464
  Batch 9750/10484, Loss: 4.2146
  Batch 9760/10484, Loss: 4.2372
  Batch 9770/10484, Loss: 3.7257
  Batch 9780/10484, Loss: 4.0486
  Batch 9790/10484, Loss: 3.7493
  Batch 9800/10484, Loss: 3.8456
  Batch 9810/10484, Loss: 4.0318
  Batch 9820/10484, Loss: 3.2804
  Batch 9830/10484, Loss: 3.6365
  Batch 9840/10484, Loss: 3.9087
  Batch 9850/10484, Loss: 3.9322
  Batch 9860/10484, Loss: 3.9041
  Batch 9870/10484, Loss: 4.2438
  Batch 9880/10484, Loss: 4.2879
  Batch 9890/10484, Loss: 4.4594
  Batch 9900/10484, Loss: 4.1433
  Batch 9910/10484, Loss: 3.7104
  Batch 9920/10484, Loss: 4.6585
  Batch 9930/10484, Loss: 4.7001
  Batch 9940/10484, Loss: 3.7414
  Batch 9950/10484, Loss: 4.4969
  Batch 9960/10484, Loss: 4.4093
  Batch 9970/10484, Loss: 3.9695
  Batch 9980/10484, Loss: 4.5195
  Batch 9990/10484, Loss: 4.7725
  Batch 10000/10484, Loss: 3.4384
  Batch 10010/10484, Loss: 3.7633
  Batch 10020/10484, Loss: 3.6065
  Batch 10030/10484, Loss: 3.9091
  Batch 10040/10484, Loss: 4.4451
  Batch 10050/10484, Loss: 4.1922
  Batch 10060/10484, Loss: 3.4755
  Batch 10070/10484, Loss: 4.0820
  Batch 10080/10484, Loss: 4.1625
  Batch 10090/10484, Loss: 3.5837
  Batch 10100/10484, Loss: 3.7900
  Batch 10110/10484, Loss: 3.4504
  Batch 10120/10484, Loss: 4.3138
  Batch 10130/10484, Loss: 4.2741
  Batch 10140/10484, Loss: 3.6652
  Batch 10150/10484, Loss: 4.6970
  Batch 10160/10484, Loss: 3.3271
  Batch 10170/10484, Loss: 4.0427
  Batch 10180/10484, Loss: 4.3665
  Batch 10190/10484, Loss: 4.1953
  Batch 10200/10484, Loss: 4.5211
  Batch 10210/10484, Loss: 4.5039
  Batch 10220/10484, Loss: 3.4189
  Batch 10230/10484, Loss: 3.8791
  Batch 10240/10484, Loss: 3.7726
  Batch 10250/10484, Loss: 4.0404
  Batch 10260/10484, Loss: 4.4548
  Batch 10270/10484, Loss: 4.1759
  Batch 10280/10484, Loss: 4.0093
  Batch 10290/10484, Loss: 4.1908
  Batch 10300/10484, Loss: 4.2182
  Batch 10310/10484, Loss: 3.7560
  Batch 10320/10484, Loss: 4.6771
  Batch 10330/10484, Loss: 3.3032
  Batch 10340/10484, Loss: 3.5194
  Batch 10350/10484, Loss: 4.1281
  Batch 10360/10484, Loss: 3.9065
  Batch 10370/10484, Loss: 3.6750
  Batch 10380/10484, Loss: 4.0857
  Batch 10390/10484, Loss: 4.2562
  Batch 10400/10484, Loss: 4.2724
  Batch 10410/10484, Loss: 4.6790
  Batch 10420/10484, Loss: 4.2441
  Batch 10430/10484, Loss: 4.4526
  Batch 10440/10484, Loss: 4.9049
  Batch 10450/10484, Loss: 4.3282
  Batch 10460/10484, Loss: 3.5972
  Batch 10470/10484, Loss: 3.9074
  Batch 10480/10484, Loss: 4.3269

  Train Loss: 4.0281
  Val Loss: 6.6675
  Time: 31m 34s

Epoch 9/20
----------------------------------------
  Batch 10/10484, Loss: 4.0585
  Batch 20/10484, Loss: 4.0074
  Batch 30/10484, Loss: 4.7396
  Batch 40/10484, Loss: 3.2231
  Batch 50/10484, Loss: 4.0571
  Batch 60/10484, Loss: 3.8298
  Batch 70/10484, Loss: 4.0362
  Batch 80/10484, Loss: 4.4063
  Batch 90/10484, Loss: 3.7388
  Batch 100/10484, Loss: 3.9656
  Batch 110/10484, Loss: 4.0206
  Batch 120/10484, Loss: 4.0329
  Batch 130/10484, Loss: 4.3775
  Batch 140/10484, Loss: 4.0474
  Batch 150/10484, Loss: 3.9395
  Batch 160/10484, Loss: 3.0529
  Batch 170/10484, Loss: 3.6420
  Batch 180/10484, Loss: 4.0255
  Batch 190/10484, Loss: 4.2129
  Batch 200/10484, Loss: 3.6930
  Batch 210/10484, Loss: 4.5966
  Batch 220/10484, Loss: 4.0125
  Batch 230/10484, Loss: 4.4860
  Batch 240/10484, Loss: 3.9491
  Batch 250/10484, Loss: 3.1759
  Batch 260/10484, Loss: 3.7929
  Batch 270/10484, Loss: 4.1737
  Batch 280/10484, Loss: 4.0252
  Batch 290/10484, Loss: 3.4105
  Batch 300/10484, Loss: 4.0408
  Batch 310/10484, Loss: 3.6979
  Batch 320/10484, Loss: 4.7138
  Batch 330/10484, Loss: 3.6890
  Batch 340/10484, Loss: 4.8625
  Batch 350/10484, Loss: 3.0358
  Batch 360/10484, Loss: 4.2615
  Batch 370/10484, Loss: 4.0653
  Batch 380/10484, Loss: 4.4157
  Batch 390/10484, Loss: 4.1583
  Batch 400/10484, Loss: 4.0185
  Batch 410/10484, Loss: 3.7747
  Batch 420/10484, Loss: 4.3716
  Batch 430/10484, Loss: 4.3161
  Batch 440/10484, Loss: 4.4731
  Batch 450/10484, Loss: 4.5001
  Batch 460/10484, Loss: 3.9316
  Batch 470/10484, Loss: 4.2779
  Batch 480/10484, Loss: 3.6755
  Batch 490/10484, Loss: 4.1115
  Batch 500/10484, Loss: 3.7346
  Batch 510/10484, Loss: 3.8984
  Batch 520/10484, Loss: 4.1014
  Batch 530/10484, Loss: 3.7626
  Batch 540/10484, Loss: 3.7868
  Batch 550/10484, Loss: 3.8469
  Batch 560/10484, Loss: 3.7945
  Batch 570/10484, Loss: 4.2547
  Batch 580/10484, Loss: 3.5600
  Batch 590/10484, Loss: 4.1334
  Batch 600/10484, Loss: 4.5079
  Batch 610/10484, Loss: 3.8424
  Batch 620/10484, Loss: 3.8034
  Batch 630/10484, Loss: 3.8767
  Batch 640/10484, Loss: 4.1472
  Batch 650/10484, Loss: 4.2926
  Batch 660/10484, Loss: 3.2534
  Batch 670/10484, Loss: 3.6423
  Batch 680/10484, Loss: 4.4077
  Batch 690/10484, Loss: 3.8439
  Batch 700/10484, Loss: 3.6237
  Batch 710/10484, Loss: 4.0912
  Batch 720/10484, Loss: 4.3646
  Batch 730/10484, Loss: 4.3090
  Batch 740/10484, Loss: 3.2687
  Batch 750/10484, Loss: 3.4893
  Batch 760/10484, Loss: 4.1647
  Batch 770/10484, Loss: 3.9184
  Batch 780/10484, Loss: 4.0571
  Batch 790/10484, Loss: 3.7803
  Batch 800/10484, Loss: 4.5615
  Batch 810/10484, Loss: 3.4913
  Batch 820/10484, Loss: 4.6278
  Batch 830/10484, Loss: 3.9089
  Batch 840/10484, Loss: 3.4987
  Batch 850/10484, Loss: 3.7668
  Batch 860/10484, Loss: 4.3215
  Batch 870/10484, Loss: 4.1800
  Batch 880/10484, Loss: 4.0591
  Batch 890/10484, Loss: 3.9703
  Batch 900/10484, Loss: 4.3287
  Batch 910/10484, Loss: 4.4306
  Batch 920/10484, Loss: 3.9206
  Batch 930/10484, Loss: 3.4292
  Batch 940/10484, Loss: 4.1543
  Batch 950/10484, Loss: 3.2454
  Batch 960/10484, Loss: 3.9591
  Batch 970/10484, Loss: 3.4652
  Batch 980/10484, Loss: 4.2375
  Batch 990/10484, Loss: 4.3267
  Batch 1000/10484, Loss: 4.1432
  Batch 1010/10484, Loss: 4.1743
  Batch 1020/10484, Loss: 3.4406
  Batch 1030/10484, Loss: 4.2343
  Batch 1040/10484, Loss: 3.8671
  Batch 1050/10484, Loss: 3.8192
  Batch 1060/10484, Loss: 4.1182
  Batch 1070/10484, Loss: 4.1111
  Batch 1080/10484, Loss: 4.1056
  Batch 1090/10484, Loss: 3.7202
  Batch 1100/10484, Loss: 3.9458
  Batch 1110/10484, Loss: 4.1005
  Batch 1120/10484, Loss: 4.0982
  Batch 1130/10484, Loss: 3.9338
  Batch 1140/10484, Loss: 4.0950
  Batch 1150/10484, Loss: 4.1174
  Batch 1160/10484, Loss: 4.6811
  Batch 1170/10484, Loss: 3.6512
  Batch 1180/10484, Loss: 3.9339
  Batch 1190/10484, Loss: 3.8353
  Batch 1200/10484, Loss: 4.3117
  Batch 1210/10484, Loss: 3.6269
  Batch 1220/10484, Loss: 3.9903
  Batch 1230/10484, Loss: 4.2262
  Batch 1240/10484, Loss: 3.7149
  Batch 1250/10484, Loss: 4.5293
  Batch 1260/10484, Loss: 3.6929
  Batch 1270/10484, Loss: 3.2693
  Batch 1280/10484, Loss: 3.6426
  Batch 1290/10484, Loss: 3.9240
  Batch 1300/10484, Loss: 4.5321
  Batch 1310/10484, Loss: 4.0241
  Batch 1320/10484, Loss: 3.5869
  Batch 1330/10484, Loss: 3.6082
  Batch 1340/10484, Loss: 3.4720
  Batch 1350/10484, Loss: 3.6823
  Batch 1360/10484, Loss: 4.1311
  Batch 1370/10484, Loss: 3.5299
  Batch 1380/10484, Loss: 4.0930
  Batch 1390/10484, Loss: 4.6967
  Batch 1400/10484, Loss: 3.5702
  Batch 1410/10484, Loss: 4.1520
  Batch 1420/10484, Loss: 3.8987
  Batch 1430/10484, Loss: 3.4280
  Batch 1440/10484, Loss: 3.9430
  Batch 1450/10484, Loss: 3.9378
  Batch 1460/10484, Loss: 3.7160
  Batch 1470/10484, Loss: 3.2760
  Batch 1480/10484, Loss: 3.4803
  Batch 1490/10484, Loss: 3.9839
  Batch 1500/10484, Loss: 3.9412
  Batch 1510/10484, Loss: 4.4231
  Batch 1520/10484, Loss: 3.8151
  Batch 1530/10484, Loss: 3.9554
  Batch 1540/10484, Loss: 3.9506
  Batch 1550/10484, Loss: 4.1721
  Batch 1560/10484, Loss: 4.2710
  Batch 1570/10484, Loss: 3.6340
  Batch 1580/10484, Loss: 4.6131
  Batch 1590/10484, Loss: 4.2144
  Batch 1600/10484, Loss: 4.3735
  Batch 1610/10484, Loss: 4.4839
  Batch 1620/10484, Loss: 3.7496
  Batch 1630/10484, Loss: 4.0927
  Batch 1640/10484, Loss: 3.6375
  Batch 1650/10484, Loss: 4.2946
  Batch 1660/10484, Loss: 3.9625
  Batch 1670/10484, Loss: 3.8376
  Batch 1680/10484, Loss: 3.3753
  Batch 1690/10484, Loss: 3.7633
  Batch 1700/10484, Loss: 4.0864
  Batch 1710/10484, Loss: 4.1110
  Batch 1720/10484, Loss: 4.0468
  Batch 1730/10484, Loss: 3.5017
  Batch 1740/10484, Loss: 4.0701
  Batch 1750/10484, Loss: 3.7341
  Batch 1760/10484, Loss: 4.2876
  Batch 1770/10484, Loss: 4.0879
  Batch 1780/10484, Loss: 3.8260
  Batch 1790/10484, Loss: 3.9704
  Batch 1800/10484, Loss: 3.6066
  Batch 1810/10484, Loss: 3.7972
  Batch 1820/10484, Loss: 4.5811
  Batch 1830/10484, Loss: 4.2315
  Batch 1840/10484, Loss: 3.9555
  Batch 1850/10484, Loss: 3.9844
  Batch 1860/10484, Loss: 3.7956
  Batch 1870/10484, Loss: 3.9541
  Batch 1880/10484, Loss: 3.8361
  Batch 1890/10484, Loss: 4.1325
  Batch 1900/10484, Loss: 4.0052
  Batch 1910/10484, Loss: 3.9642
  Batch 1920/10484, Loss: 3.5678
  Batch 1930/10484, Loss: 3.7784
  Batch 1940/10484, Loss: 3.8307
  Batch 1950/10484, Loss: 3.9847
  Batch 1960/10484, Loss: 3.4206
  Batch 1970/10484, Loss: 4.4594
  Batch 1980/10484, Loss: 3.6383
  Batch 1990/10484, Loss: 4.2964
  Batch 2000/10484, Loss: 4.0476
  Batch 2010/10484, Loss: 3.8809
  Batch 2020/10484, Loss: 4.0335
  Batch 2030/10484, Loss: 3.8733
  Batch 2040/10484, Loss: 3.1230
  Batch 2050/10484, Loss: 3.8521
  Batch 2060/10484, Loss: 4.3141
  Batch 2070/10484, Loss: 4.3198
  Batch 2080/10484, Loss: 4.3047
  Batch 2090/10484, Loss: 3.9841
  Batch 2100/10484, Loss: 4.2765
  Batch 2110/10484, Loss: 3.6747
  Batch 2120/10484, Loss: 3.7634
  Batch 2130/10484, Loss: 3.7131
  Batch 2140/10484, Loss: 3.5049
  Batch 2150/10484, Loss: 4.0417
  Batch 2160/10484, Loss: 3.5457
  Batch 2170/10484, Loss: 3.7323
  Batch 2180/10484, Loss: 4.0367
  Batch 2190/10484, Loss: 3.4624
  Batch 2200/10484, Loss: 4.2025
  Batch 2210/10484, Loss: 4.1117
  Batch 2220/10484, Loss: 3.9420
  Batch 2230/10484, Loss: 3.6735
  Batch 2240/10484, Loss: 3.8837
  Batch 2250/10484, Loss: 4.2911
  Batch 2260/10484, Loss: 4.0256
  Batch 2270/10484, Loss: 3.0473
  Batch 2280/10484, Loss: 3.3743
  Batch 2290/10484, Loss: 3.4749
  Batch 2300/10484, Loss: 3.1840
  Batch 2310/10484, Loss: 3.4149
  Batch 2320/10484, Loss: 3.4494
  Batch 2330/10484, Loss: 4.2143
  Batch 2340/10484, Loss: 3.6719
  Batch 2350/10484, Loss: 3.4572
  Batch 2360/10484, Loss: 4.4171
  Batch 2370/10484, Loss: 3.9622
  Batch 2380/10484, Loss: 4.1389
  Batch 2390/10484, Loss: 3.9022
  Batch 2400/10484, Loss: 3.6762
  Batch 2410/10484, Loss: 4.5211
  Batch 2420/10484, Loss: 4.1357
  Batch 2430/10484, Loss: 3.9207
  Batch 2440/10484, Loss: 3.2210
  Batch 2450/10484, Loss: 4.0011
  Batch 2460/10484, Loss: 3.8621
  Batch 2470/10484, Loss: 4.5301
  Batch 2480/10484, Loss: 4.0732
  Batch 2490/10484, Loss: 4.1678
  Batch 2500/10484, Loss: 4.0030
  Batch 2510/10484, Loss: 4.3830
  Batch 2520/10484, Loss: 4.0654
  Batch 2530/10484, Loss: 4.4498
  Batch 2540/10484, Loss: 3.6984
  Batch 2550/10484, Loss: 3.9413
  Batch 2560/10484, Loss: 4.0199
  Batch 2570/10484, Loss: 3.5574
  Batch 2580/10484, Loss: 3.6981
  Batch 2590/10484, Loss: 3.8803
  Batch 2600/10484, Loss: 4.3954
  Batch 2610/10484, Loss: 4.0443
  Batch 2620/10484, Loss: 3.4993
  Batch 2630/10484, Loss: 4.4532
  Batch 2640/10484, Loss: 4.7607
  Batch 2650/10484, Loss: 4.2631
  Batch 2660/10484, Loss: 4.1118
  Batch 2670/10484, Loss: 4.1251
  Batch 2680/10484, Loss: 3.8314
  Batch 2690/10484, Loss: 4.5352
  Batch 2700/10484, Loss: 3.7493
  Batch 2710/10484, Loss: 3.3134
  Batch 2720/10484, Loss: 3.9844
  Batch 2730/10484, Loss: 4.2029
  Batch 2740/10484, Loss: 3.8287
  Batch 2750/10484, Loss: 3.9760
  Batch 2760/10484, Loss: 3.7239
  Batch 2770/10484, Loss: 5.0054
  Batch 2780/10484, Loss: 3.9294
  Batch 2790/10484, Loss: 4.4638
  Batch 2800/10484, Loss: 4.2024
  Batch 2810/10484, Loss: 3.9327
  Batch 2820/10484, Loss: 4.8109
  Batch 2830/10484, Loss: 4.0007
  Batch 2840/10484, Loss: 3.8545
  Batch 2850/10484, Loss: 3.9414
  Batch 2860/10484, Loss: 4.5650
  Batch 2870/10484, Loss: 3.8510
  Batch 2880/10484, Loss: 3.6265
  Batch 2890/10484, Loss: 3.4825
  Batch 2900/10484, Loss: 3.9766
  Batch 2910/10484, Loss: 3.9252
  Batch 2920/10484, Loss: 4.4782
  Batch 2930/10484, Loss: 4.0768
  Batch 2940/10484, Loss: 4.2028
  Batch 2950/10484, Loss: 4.1436
  Batch 2960/10484, Loss: 3.7950
  Batch 2970/10484, Loss: 3.4394
  Batch 2980/10484, Loss: 3.7088
  Batch 2990/10484, Loss: 3.6328
  Batch 3000/10484, Loss: 3.8640
  Batch 3010/10484, Loss: 4.1279
  Batch 3020/10484, Loss: 4.1217
  Batch 3030/10484, Loss: 3.6814
  Batch 3040/10484, Loss: 4.0007
  Batch 3050/10484, Loss: 4.4457
  Batch 3060/10484, Loss: 3.6980
  Batch 3070/10484, Loss: 4.8689
  Batch 3080/10484, Loss: 4.6369
  Batch 3090/10484, Loss: 4.6793
  Batch 3100/10484, Loss: 4.0542
  Batch 3110/10484, Loss: 3.3720
  Batch 3120/10484, Loss: 3.4630
  Batch 3130/10484, Loss: 4.2643
  Batch 3140/10484, Loss: 4.1057
  Batch 3150/10484, Loss: 3.3687
  Batch 3160/10484, Loss: 4.2641
  Batch 3170/10484, Loss: 3.8880
  Batch 3180/10484, Loss: 3.7111
  Batch 3190/10484, Loss: 3.6989
  Batch 3200/10484, Loss: 4.2000
  Batch 3210/10484, Loss: 3.7721
  Batch 3220/10484, Loss: 3.6760
  Batch 3230/10484, Loss: 4.3838
  Batch 3240/10484, Loss: 4.0240
  Batch 3250/10484, Loss: 4.2822
  Batch 3260/10484, Loss: 4.0215
  Batch 3270/10484, Loss: 4.2118
  Batch 3280/10484, Loss: 4.0020
  Batch 3290/10484, Loss: 4.1466
  Batch 3300/10484, Loss: 4.2931
  Batch 3310/10484, Loss: 3.4587
  Batch 3320/10484, Loss: 4.0452
  Batch 3330/10484, Loss: 4.1211
  Batch 3340/10484, Loss: 3.9304
  Batch 3350/10484, Loss: 4.3289
  Batch 3360/10484, Loss: 3.4798
  Batch 3370/10484, Loss: 3.6538
  Batch 3380/10484, Loss: 3.9999
  Batch 3390/10484, Loss: 4.1942
  Batch 3400/10484, Loss: 3.9748
  Batch 3410/10484, Loss: 3.7761
  Batch 3420/10484, Loss: 4.3262
  Batch 3430/10484, Loss: 3.6662
  Batch 3440/10484, Loss: 4.0509
  Batch 3450/10484, Loss: 3.9682
  Batch 3460/10484, Loss: 3.6801
  Batch 3470/10484, Loss: 4.1072
  Batch 3480/10484, Loss: 3.9932
  Batch 3490/10484, Loss: 4.4654
  Batch 3500/10484, Loss: 4.2174
  Batch 3510/10484, Loss: 3.9083
  Batch 3520/10484, Loss: 3.7862
  Batch 3530/10484, Loss: 4.3081
  Batch 3540/10484, Loss: 3.9624
  Batch 3550/10484, Loss: 4.6559
  Batch 3560/10484, Loss: 3.7768
  Batch 3570/10484, Loss: 3.5945
  Batch 3580/10484, Loss: 3.6894
  Batch 3590/10484, Loss: 3.8142
  Batch 3600/10484, Loss: 3.6038
  Batch 3610/10484, Loss: 4.2561
  Batch 3620/10484, Loss: 3.6991
  Batch 3630/10484, Loss: 4.0382
  Batch 3640/10484, Loss: 4.6365
  Batch 3650/10484, Loss: 4.6872
  Batch 3660/10484, Loss: 4.0637
  Batch 3670/10484, Loss: 4.3822
  Batch 3680/10484, Loss: 3.5839
  Batch 3690/10484, Loss: 4.4791
  Batch 3700/10484, Loss: 3.7376
  Batch 3710/10484, Loss: 4.3121
  Batch 3720/10484, Loss: 4.0974
  Batch 3730/10484, Loss: 3.6487
  Batch 3740/10484, Loss: 3.2420
  Batch 3750/10484, Loss: 4.3136
  Batch 3760/10484, Loss: 4.2284
  Batch 3770/10484, Loss: 4.0540
  Batch 3780/10484, Loss: 4.3873
  Batch 3790/10484, Loss: 3.0077
  Batch 3800/10484, Loss: 4.2565
  Batch 3810/10484, Loss: 3.7863
  Batch 3820/10484, Loss: 4.0475
  Batch 3830/10484, Loss: 3.8017
  Batch 3840/10484, Loss: 3.7335
  Batch 3850/10484, Loss: 3.8708
  Batch 3860/10484, Loss: 3.2938
  Batch 3870/10484, Loss: 3.4653
  Batch 3880/10484, Loss: 4.2886
  Batch 3890/10484, Loss: 4.0085
  Batch 3900/10484, Loss: 3.1624
  Batch 3910/10484, Loss: 3.7668
  Batch 3920/10484, Loss: 4.1822
  Batch 3930/10484, Loss: 3.8849
  Batch 3940/10484, Loss: 3.5577
  Batch 3950/10484, Loss: 3.5826
  Batch 3960/10484, Loss: 4.8439
  Batch 3970/10484, Loss: 4.1478
  Batch 3980/10484, Loss: 4.4151
  Batch 3990/10484, Loss: 4.4401
  Batch 4000/10484, Loss: 4.1780
  Batch 4010/10484, Loss: 3.5473
  Batch 4020/10484, Loss: 4.4621
  Batch 4030/10484, Loss: 3.4128
  Batch 4040/10484, Loss: 3.6311
  Batch 4050/10484, Loss: 4.1591
  Batch 4060/10484, Loss: 3.7542
  Batch 4070/10484, Loss: 3.8765
  Batch 4080/10484, Loss: 4.0229
  Batch 4090/10484, Loss: 3.8722
  Batch 4100/10484, Loss: 4.3755
  Batch 4110/10484, Loss: 4.1541
  Batch 4120/10484, Loss: 4.1168
  Batch 4130/10484, Loss: 3.8906
  Batch 4140/10484, Loss: 4.1484
  Batch 4150/10484, Loss: 3.9470
  Batch 4160/10484, Loss: 3.7009
  Batch 4170/10484, Loss: 4.1220
  Batch 4180/10484, Loss: 4.1425
  Batch 4190/10484, Loss: 4.4084
  Batch 4200/10484, Loss: 3.8548
  Batch 4210/10484, Loss: 4.8375
  Batch 4220/10484, Loss: 4.6038
  Batch 4230/10484, Loss: 4.6548
  Batch 4240/10484, Loss: 3.1087
  Batch 4250/10484, Loss: 4.8958
  Batch 4260/10484, Loss: 3.6118
  Batch 4270/10484, Loss: 4.6575
  Batch 4280/10484, Loss: 4.2771
  Batch 4290/10484, Loss: 4.3437
  Batch 4300/10484, Loss: 3.9687
  Batch 4310/10484, Loss: 3.8326
  Batch 4320/10484, Loss: 3.7462
  Batch 4330/10484, Loss: 4.2171
  Batch 4340/10484, Loss: 3.9273
  Batch 4350/10484, Loss: 4.0423
  Batch 4360/10484, Loss: 4.4259
  Batch 4370/10484, Loss: 3.6641
  Batch 4380/10484, Loss: 3.7968
  Batch 4390/10484, Loss: 4.1769
  Batch 4400/10484, Loss: 3.5903
  Batch 4410/10484, Loss: 3.2819
  Batch 4420/10484, Loss: 4.7514
  Batch 4430/10484, Loss: 3.9128
  Batch 4440/10484, Loss: 4.0184
  Batch 4450/10484, Loss: 4.2707
  Batch 4460/10484, Loss: 3.5232
  Batch 4470/10484, Loss: 4.3327
  Batch 4480/10484, Loss: 3.2830
  Batch 4490/10484, Loss: 4.8719
  Batch 4500/10484, Loss: 3.7290
  Batch 4510/10484, Loss: 4.1742
  Batch 4520/10484, Loss: 3.7419
  Batch 4530/10484, Loss: 3.3051
  Batch 4540/10484, Loss: 3.6345
  Batch 4550/10484, Loss: 3.6082
  Batch 4560/10484, Loss: 3.9115
  Batch 4570/10484, Loss: 3.2819
  Batch 4580/10484, Loss: 3.8128
  Batch 4590/10484, Loss: 2.7957
  Batch 4600/10484, Loss: 4.1479
  Batch 4610/10484, Loss: 4.0662
  Batch 4620/10484, Loss: 4.5108
  Batch 4630/10484, Loss: 3.4373
  Batch 4640/10484, Loss: 3.5215
  Batch 4650/10484, Loss: 5.0365
  Batch 4660/10484, Loss: 4.4948
  Batch 4670/10484, Loss: 3.7017
  Batch 4680/10484, Loss: 4.2329
  Batch 4690/10484, Loss: 3.7059
  Batch 4700/10484, Loss: 4.5607
  Batch 4710/10484, Loss: 4.2975
  Batch 4720/10484, Loss: 3.8471
  Batch 4730/10484, Loss: 3.8364
  Batch 4740/10484, Loss: 3.5837
  Batch 4750/10484, Loss: 3.8663
  Batch 4760/10484, Loss: 3.9799
  Batch 4770/10484, Loss: 3.8857
  Batch 4780/10484, Loss: 3.1909
  Batch 4790/10484, Loss: 3.6086
  Batch 4800/10484, Loss: 4.3282
  Batch 4810/10484, Loss: 3.3966
  Batch 4820/10484, Loss: 4.9653
  Batch 4830/10484, Loss: 3.7983
  Batch 4840/10484, Loss: 3.5097
  Batch 4850/10484, Loss: 4.5387
  Batch 4860/10484, Loss: 4.2051
  Batch 4870/10484, Loss: 3.6262
  Batch 4880/10484, Loss: 3.9952
  Batch 4890/10484, Loss: 3.8106
  Batch 4900/10484, Loss: 3.7915
  Batch 4910/10484, Loss: 4.3253
  Batch 4920/10484, Loss: 3.8505
  Batch 4930/10484, Loss: 3.9663
  Batch 4940/10484, Loss: 4.1172
  Batch 4950/10484, Loss: 3.4239
  Batch 4960/10484, Loss: 3.7507
  Batch 4970/10484, Loss: 4.0667
  Batch 4980/10484, Loss: 3.7502
  Batch 4990/10484, Loss: 4.3004
  Batch 5000/10484, Loss: 3.7836
  Batch 5010/10484, Loss: 3.8452
  Batch 5020/10484, Loss: 4.4750
  Batch 5030/10484, Loss: 3.8454
  Batch 5040/10484, Loss: 3.9332
  Batch 5050/10484, Loss: 3.8174
  Batch 5060/10484, Loss: 4.4205
  Batch 5070/10484, Loss: 4.2189
  Batch 5080/10484, Loss: 3.3411
  Batch 5090/10484, Loss: 4.0246
  Batch 5100/10484, Loss: 3.4196
  Batch 5110/10484, Loss: 4.0193
  Batch 5120/10484, Loss: 3.8240
  Batch 5130/10484, Loss: 3.6090
  Batch 5140/10484, Loss: 4.0970
  Batch 5150/10484, Loss: 4.0834
  Batch 5160/10484, Loss: 3.8558
  Batch 5170/10484, Loss: 4.0765
  Batch 5180/10484, Loss: 4.4944
  Batch 5190/10484, Loss: 3.7784
  Batch 5200/10484, Loss: 3.2009
  Batch 5210/10484, Loss: 3.7528
  Batch 5220/10484, Loss: 3.8481
  Batch 5230/10484, Loss: 3.4285
  Batch 5240/10484, Loss: 3.9042
  Batch 5250/10484, Loss: 4.3778
  Batch 5260/10484, Loss: 3.8977
  Batch 5270/10484, Loss: 4.1946
  Batch 5280/10484, Loss: 3.0410
  Batch 5290/10484, Loss: 3.8806
  Batch 5300/10484, Loss: 4.3623
  Batch 5310/10484, Loss: 3.7845
  Batch 5320/10484, Loss: 4.1794
  Batch 5330/10484, Loss: 4.2837
  Batch 5340/10484, Loss: 3.8568
  Batch 5350/10484, Loss: 2.9568
  Batch 5360/10484, Loss: 3.5723
  Batch 5370/10484, Loss: 4.4449
  Batch 5380/10484, Loss: 3.4290
  Batch 5390/10484, Loss: 4.6230
  Batch 5400/10484, Loss: 4.0928
  Batch 5410/10484, Loss: 4.4239
  Batch 5420/10484, Loss: 4.0342
  Batch 5430/10484, Loss: 3.9510
  Batch 5440/10484, Loss: 4.5963
  Batch 5450/10484, Loss: 3.9711
  Batch 5460/10484, Loss: 4.2666
  Batch 5470/10484, Loss: 3.7969
  Batch 5480/10484, Loss: 4.4308
  Batch 5490/10484, Loss: 4.5901
  Batch 5500/10484, Loss: 4.1428
  Batch 5510/10484, Loss: 3.2536
  Batch 5520/10484, Loss: 3.7763
  Batch 5530/10484, Loss: 3.7445
  Batch 5540/10484, Loss: 4.5614
  Batch 5550/10484, Loss: 3.7580
  Batch 5560/10484, Loss: 2.7780
  Batch 5570/10484, Loss: 3.5573
  Batch 5580/10484, Loss: 3.6422
  Batch 5590/10484, Loss: 4.3259
  Batch 5600/10484, Loss: 4.4909
  Batch 5610/10484, Loss: 4.0829
  Batch 5620/10484, Loss: 4.1435
  Batch 5630/10484, Loss: 3.9539
  Batch 5640/10484, Loss: 3.3812
  Batch 5650/10484, Loss: 3.8067
  Batch 5660/10484, Loss: 3.5189
  Batch 5670/10484, Loss: 3.4399
  Batch 5680/10484, Loss: 3.8056
  Batch 5690/10484, Loss: 4.1861
  Batch 5700/10484, Loss: 3.7887
  Batch 5710/10484, Loss: 4.3546
  Batch 5720/10484, Loss: 3.3230
  Batch 5730/10484, Loss: 3.9270
  Batch 5740/10484, Loss: 3.4291
  Batch 5750/10484, Loss: 3.8311
  Batch 5760/10484, Loss: 3.9059
  Batch 5770/10484, Loss: 3.8916
  Batch 5780/10484, Loss: 4.1984
  Batch 5790/10484, Loss: 4.5367
  Batch 5800/10484, Loss: 4.3621
  Batch 5810/10484, Loss: 4.1758
  Batch 5820/10484, Loss: 3.9045
  Batch 5830/10484, Loss: 3.9706
  Batch 5840/10484, Loss: 4.1294
  Batch 5850/10484, Loss: 4.0852
  Batch 5860/10484, Loss: 4.5566
  Batch 5870/10484, Loss: 3.4748
  Batch 5880/10484, Loss: 4.6067
  Batch 5890/10484, Loss: 3.5530
  Batch 5900/10484, Loss: 3.6399
  Batch 5910/10484, Loss: 3.7720
  Batch 5920/10484, Loss: 4.5090
  Batch 5930/10484, Loss: 3.5485
  Batch 5940/10484, Loss: 4.6046
  Batch 5950/10484, Loss: 4.0678
  Batch 5960/10484, Loss: 4.0201
  Batch 5970/10484, Loss: 4.4775
  Batch 5980/10484, Loss: 3.1666
  Batch 5990/10484, Loss: 4.1619
  Batch 6000/10484, Loss: 4.1725
  Batch 6010/10484, Loss: 3.4256
  Batch 6020/10484, Loss: 4.9556
  Batch 6030/10484, Loss: 4.0288
  Batch 6040/10484, Loss: 3.3253
  Batch 6050/10484, Loss: 4.2814
  Batch 6060/10484, Loss: 3.6129
  Batch 6070/10484, Loss: 3.6207
  Batch 6080/10484, Loss: 3.5979
  Batch 6090/10484, Loss: 4.1179
  Batch 6100/10484, Loss: 4.3089
  Batch 6110/10484, Loss: 3.7686
  Batch 6120/10484, Loss: 3.6843
  Batch 6130/10484, Loss: 4.0498
  Batch 6140/10484, Loss: 3.7295
  Batch 6150/10484, Loss: 3.4850
  Batch 6160/10484, Loss: 4.0036
  Batch 6170/10484, Loss: 4.0383
  Batch 6180/10484, Loss: 4.0906
  Batch 6190/10484, Loss: 3.6239
  Batch 6200/10484, Loss: 3.9699
  Batch 6210/10484, Loss: 3.7154
  Batch 6220/10484, Loss: 4.6916
  Batch 6230/10484, Loss: 3.7683
  Batch 6240/10484, Loss: 3.9211
  Batch 6250/10484, Loss: 3.8752
  Batch 6260/10484, Loss: 4.5034
  Batch 6270/10484, Loss: 3.5102
  Batch 6280/10484, Loss: 3.5865
  Batch 6290/10484, Loss: 4.1001
  Batch 6300/10484, Loss: 3.7621
  Batch 6310/10484, Loss: 3.7898
  Batch 6320/10484, Loss: 4.4543
  Batch 6330/10484, Loss: 4.3040
  Batch 6340/10484, Loss: 4.0747
  Batch 6350/10484, Loss: 3.5556
  Batch 6360/10484, Loss: 4.2035
  Batch 6370/10484, Loss: 3.5925
  Batch 6380/10484, Loss: 3.7477
  Batch 6390/10484, Loss: 4.1806
  Batch 6400/10484, Loss: 4.5074
  Batch 6410/10484, Loss: 3.9549
  Batch 6420/10484, Loss: 3.4558
  Batch 6430/10484, Loss: 4.8134
  Batch 6440/10484, Loss: 4.0120
  Batch 6450/10484, Loss: 4.4198
  Batch 6460/10484, Loss: 3.8539
  Batch 6470/10484, Loss: 3.5221
  Batch 6480/10484, Loss: 3.7383
  Batch 6490/10484, Loss: 3.9918
  Batch 6500/10484, Loss: 4.0799
  Batch 6510/10484, Loss: 4.0763
  Batch 6520/10484, Loss: 3.7294
  Batch 6530/10484, Loss: 3.7168
  Batch 6540/10484, Loss: 4.2463
  Batch 6550/10484, Loss: 3.9829
  Batch 6560/10484, Loss: 3.9975
  Batch 6570/10484, Loss: 5.1882
  Batch 6580/10484, Loss: 3.3892
  Batch 6590/10484, Loss: 3.5654
  Batch 6600/10484, Loss: 3.4685
  Batch 6610/10484, Loss: 3.7691
  Batch 6620/10484, Loss: 3.7088
  Batch 6630/10484, Loss: 4.0249
  Batch 6640/10484, Loss: 4.0402
  Batch 6650/10484, Loss: 4.2616
  Batch 6660/10484, Loss: 3.8378
  Batch 6670/10484, Loss: 3.5745
  Batch 6680/10484, Loss: 3.3369
  Batch 6690/10484, Loss: 4.2645
  Batch 6700/10484, Loss: 3.4959
  Batch 6710/10484, Loss: 2.9823
  Batch 6720/10484, Loss: 4.1520
  Batch 6730/10484, Loss: 3.6160
  Batch 6740/10484, Loss: 4.3057
  Batch 6750/10484, Loss: 4.3888
  Batch 6760/10484, Loss: 4.6240
  Batch 6770/10484, Loss: 4.4221
  Batch 6780/10484, Loss: 3.8059
  Batch 6790/10484, Loss: 3.7924
  Batch 6800/10484, Loss: 4.2111
  Batch 6810/10484, Loss: 4.5966
  Batch 6820/10484, Loss: 4.6308
  Batch 6830/10484, Loss: 4.9821
  Batch 6840/10484, Loss: 3.8304
  Batch 6850/10484, Loss: 4.3903
  Batch 6860/10484, Loss: 3.5620
  Batch 6870/10484, Loss: 3.9202
  Batch 6880/10484, Loss: 4.2703
  Batch 6890/10484, Loss: 3.7989
  Batch 6900/10484, Loss: 3.9568
  Batch 6910/10484, Loss: 4.0268
  Batch 6920/10484, Loss: 3.9715
  Batch 6930/10484, Loss: 4.1485
  Batch 6940/10484, Loss: 4.6122
  Batch 6950/10484, Loss: 4.4170
  Batch 6960/10484, Loss: 3.4720
  Batch 6970/10484, Loss: 4.4901
  Batch 6980/10484, Loss: 3.3413
  Batch 6990/10484, Loss: 4.1310
  Batch 7000/10484, Loss: 3.5900
  Batch 7010/10484, Loss: 3.9498
  Batch 7020/10484, Loss: 3.5620
  Batch 7030/10484, Loss: 3.8823
  Batch 7040/10484, Loss: 4.0607
  Batch 7050/10484, Loss: 4.4595
  Batch 7060/10484, Loss: 3.0877
  Batch 7070/10484, Loss: 3.7963
  Batch 7080/10484, Loss: 3.9746
  Batch 7090/10484, Loss: 4.2599
  Batch 7100/10484, Loss: 4.0331
  Batch 7110/10484, Loss: 3.8158
  Batch 7120/10484, Loss: 3.9216
  Batch 7130/10484, Loss: 3.6741
  Batch 7140/10484, Loss: 4.0341
  Batch 7150/10484, Loss: 3.6259
  Batch 7160/10484, Loss: 4.5150
  Batch 7170/10484, Loss: 3.9293
  Batch 7180/10484, Loss: 3.3397
  Batch 7190/10484, Loss: 3.8172
  Batch 7200/10484, Loss: 3.5766
  Batch 7210/10484, Loss: 4.0388
  Batch 7220/10484, Loss: 3.6159
  Batch 7230/10484, Loss: 4.7007
  Batch 7240/10484, Loss: 4.1200
  Batch 7250/10484, Loss: 3.8540
  Batch 7260/10484, Loss: 4.1090
  Batch 7270/10484, Loss: 4.0758
  Batch 7280/10484, Loss: 3.8058
  Batch 7290/10484, Loss: 3.5138
  Batch 7300/10484, Loss: 3.6951
  Batch 7310/10484, Loss: 4.0823
  Batch 7320/10484, Loss: 3.9135
  Batch 7330/10484, Loss: 4.3316
  Batch 7340/10484, Loss: 3.7901
  Batch 7350/10484, Loss: 4.9267
  Batch 7360/10484, Loss: 3.9109
  Batch 7370/10484, Loss: 3.4043
  Batch 7380/10484, Loss: 4.7245
  Batch 7390/10484, Loss: 4.3777
  Batch 7400/10484, Loss: 3.6721
  Batch 7410/10484, Loss: 4.2799
  Batch 7420/10484, Loss: 3.8770
  Batch 7430/10484, Loss: 4.0312
  Batch 7440/10484, Loss: 3.8037
  Batch 7450/10484, Loss: 4.1911
  Batch 7460/10484, Loss: 3.7702
  Batch 7470/10484, Loss: 3.6892
  Batch 7480/10484, Loss: 4.1239
  Batch 7490/10484, Loss: 3.6932
  Batch 7500/10484, Loss: 4.0804
  Batch 7510/10484, Loss: 3.8231
  Batch 7520/10484, Loss: 3.4462
  Batch 7530/10484, Loss: 4.6206
  Batch 7540/10484, Loss: 3.7730
  Batch 7550/10484, Loss: 3.9669
  Batch 7560/10484, Loss: 3.6309
  Batch 7570/10484, Loss: 4.0388
  Batch 7580/10484, Loss: 4.1805
  Batch 7590/10484, Loss: 3.8543
  Batch 7600/10484, Loss: 3.7405
  Batch 7610/10484, Loss: 3.0683
  Batch 7620/10484, Loss: 4.5123
  Batch 7630/10484, Loss: 3.7918
  Batch 7640/10484, Loss: 4.2792
  Batch 7650/10484, Loss: 3.7222
  Batch 7660/10484, Loss: 3.7793
  Batch 7670/10484, Loss: 4.2964
  Batch 7680/10484, Loss: 4.4354
  Batch 7690/10484, Loss: 4.5329
  Batch 7700/10484, Loss: 4.1465
  Batch 7710/10484, Loss: 3.8987
  Batch 7720/10484, Loss: 4.5214
  Batch 7730/10484, Loss: 4.0313
  Batch 7740/10484, Loss: 4.4690
  Batch 7750/10484, Loss: 4.4708
  Batch 7760/10484, Loss: 3.6084
  Batch 7770/10484, Loss: 3.9319
  Batch 7780/10484, Loss: 4.6874
  Batch 7790/10484, Loss: 3.5700
  Batch 7800/10484, Loss: 4.0744
  Batch 7810/10484, Loss: 4.3039
  Batch 7820/10484, Loss: 4.7906
  Batch 7830/10484, Loss: 3.9002
  Batch 7840/10484, Loss: 3.8845
  Batch 7850/10484, Loss: 4.3480
  Batch 7860/10484, Loss: 2.9877
  Batch 7870/10484, Loss: 3.2963
  Batch 7880/10484, Loss: 4.4116
  Batch 7890/10484, Loss: 4.1568
  Batch 7900/10484, Loss: 4.0716
  Batch 7910/10484, Loss: 4.0656
  Batch 7920/10484, Loss: 3.7492
  Batch 7930/10484, Loss: 3.8598
  Batch 7940/10484, Loss: 3.7533
  Batch 7950/10484, Loss: 3.9286
  Batch 7960/10484, Loss: 4.0814
  Batch 7970/10484, Loss: 4.1815
  Batch 7980/10484, Loss: 3.7131
  Batch 7990/10484, Loss: 3.8973
  Batch 8000/10484, Loss: 3.9371
  Batch 8010/10484, Loss: 3.4862
  Batch 8020/10484, Loss: 4.2178
  Batch 8030/10484, Loss: 3.5252
  Batch 8040/10484, Loss: 4.1999
  Batch 8050/10484, Loss: 4.3693
  Batch 8060/10484, Loss: 4.1069
  Batch 8070/10484, Loss: 4.0425
  Batch 8080/10484, Loss: 4.6018
  Batch 8090/10484, Loss: 4.2455
  Batch 8100/10484, Loss: 4.2925
  Batch 8110/10484, Loss: 3.8284
  Batch 8120/10484, Loss: 4.0065
  Batch 8130/10484, Loss: 3.4896
  Batch 8140/10484, Loss: 3.6139
  Batch 8150/10484, Loss: 4.1291
  Batch 8160/10484, Loss: 4.2041
  Batch 8170/10484, Loss: 4.1257
  Batch 8180/10484, Loss: 4.0703
  Batch 8190/10484, Loss: 3.1404
  Batch 8200/10484, Loss: 4.6223
  Batch 8210/10484, Loss: 3.5847
  Batch 8220/10484, Loss: 4.0656
  Batch 8230/10484, Loss: 3.2062
  Batch 8240/10484, Loss: 4.0162
  Batch 8250/10484, Loss: 4.3676
  Batch 8260/10484, Loss: 4.7321
  Batch 8270/10484, Loss: 4.3192
  Batch 8280/10484, Loss: 3.6102
  Batch 8290/10484, Loss: 3.8162
  Batch 8300/10484, Loss: 3.9244
  Batch 8310/10484, Loss: 2.9179
  Batch 8320/10484, Loss: 4.0433
  Batch 8330/10484, Loss: 4.3397
  Batch 8340/10484, Loss: 3.8484
  Batch 8350/10484, Loss: 4.3855
  Batch 8360/10484, Loss: 4.1793
  Batch 8370/10484, Loss: 3.5779
  Batch 8380/10484, Loss: 3.5277
  Batch 8390/10484, Loss: 4.3067
  Batch 8400/10484, Loss: 4.2534
  Batch 8410/10484, Loss: 3.7810
  Batch 8420/10484, Loss: 4.5523
  Batch 8430/10484, Loss: 3.1489
  Batch 8440/10484, Loss: 3.8348
  Batch 8450/10484, Loss: 4.2698
  Batch 8460/10484, Loss: 4.0227
  Batch 8470/10484, Loss: 3.9329
  Batch 8480/10484, Loss: 4.2119
  Batch 8490/10484, Loss: 4.2907
  Batch 8500/10484, Loss: 4.0457
  Batch 8510/10484, Loss: 4.5052
  Batch 8520/10484, Loss: 3.7315
  Batch 8530/10484, Loss: 4.0003
  Batch 8540/10484, Loss: 4.2890
  Batch 8550/10484, Loss: 3.9439
  Batch 8560/10484, Loss: 4.3437
  Batch 8570/10484, Loss: 4.6298
  Batch 8580/10484, Loss: 4.5616
  Batch 8590/10484, Loss: 3.6704
  Batch 8600/10484, Loss: 3.5452
  Batch 8610/10484, Loss: 4.2564
  Batch 8620/10484, Loss: 4.1330
  Batch 8630/10484, Loss: 4.0723
  Batch 8640/10484, Loss: 4.3541
  Batch 8650/10484, Loss: 3.8743
  Batch 8660/10484, Loss: 3.6660
  Batch 8670/10484, Loss: 4.2560
  Batch 8680/10484, Loss: 4.7199
  Batch 8690/10484, Loss: 4.3445
  Batch 8700/10484, Loss: 4.3553
  Batch 8710/10484, Loss: 3.9932
  Batch 8720/10484, Loss: 3.9702
  Batch 8730/10484, Loss: 4.0976
  Batch 8740/10484, Loss: 4.2774
  Batch 8750/10484, Loss: 3.8208
  Batch 8760/10484, Loss: 3.7820
  Batch 8770/10484, Loss: 3.5731
  Batch 8780/10484, Loss: 4.3297
  Batch 8790/10484, Loss: 3.5010
  Batch 8800/10484, Loss: 3.6366
  Batch 8810/10484, Loss: 4.1804
  Batch 8820/10484, Loss: 3.8100
  Batch 8830/10484, Loss: 2.7884
  Batch 8840/10484, Loss: 3.8111
  Batch 8850/10484, Loss: 3.3300
  Batch 8860/10484, Loss: 4.0478
  Batch 8870/10484, Loss: 4.1988
  Batch 8880/10484, Loss: 4.0688
  Batch 8890/10484, Loss: 4.1003
  Batch 8900/10484, Loss: 4.2606
  Batch 8910/10484, Loss: 4.1352
  Batch 8920/10484, Loss: 4.2983
  Batch 8930/10484, Loss: 4.4835
  Batch 8940/10484, Loss: 3.4237
  Batch 8950/10484, Loss: 4.2448
  Batch 8960/10484, Loss: 3.8612
  Batch 8970/10484, Loss: 4.1181
  Batch 8980/10484, Loss: 3.5810
  Batch 8990/10484, Loss: 4.3126
  Batch 9000/10484, Loss: 4.4115
  Batch 9010/10484, Loss: 3.9162
  Batch 9020/10484, Loss: 3.8645
  Batch 9030/10484, Loss: 4.1349
  Batch 9040/10484, Loss: 4.3793
  Batch 9050/10484, Loss: 4.0601
  Batch 9060/10484, Loss: 4.0480
  Batch 9070/10484, Loss: 3.7499
  Batch 9080/10484, Loss: 4.2691
  Batch 9090/10484, Loss: 3.8643
  Batch 9100/10484, Loss: 4.3311
  Batch 9110/10484, Loss: 4.0524
  Batch 9120/10484, Loss: 4.5915
  Batch 9130/10484, Loss: 4.8731
  Batch 9140/10484, Loss: 3.9456
  Batch 9150/10484, Loss: 4.1840
  Batch 9160/10484, Loss: 4.0303
  Batch 9170/10484, Loss: 3.6854
  Batch 9180/10484, Loss: 4.5239
  Batch 9190/10484, Loss: 4.2396
  Batch 9200/10484, Loss: 3.4004
  Batch 9210/10484, Loss: 3.5403
  Batch 9220/10484, Loss: 4.7442
  Batch 9230/10484, Loss: 4.3566
  Batch 9240/10484, Loss: 3.2042
  Batch 9250/10484, Loss: 3.0955
  Batch 9260/10484, Loss: 4.7138
  Batch 9270/10484, Loss: 4.2536
  Batch 9280/10484, Loss: 4.2718
  Batch 9290/10484, Loss: 4.3290
  Batch 9300/10484, Loss: 3.8821
  Batch 9310/10484, Loss: 4.7473
  Batch 9320/10484, Loss: 4.3164
  Batch 9330/10484, Loss: 3.7849
  Batch 9340/10484, Loss: 4.1670
  Batch 9350/10484, Loss: 4.4509
  Batch 9360/10484, Loss: 3.6247
  Batch 9370/10484, Loss: 3.8041
  Batch 9380/10484, Loss: 3.4668
  Batch 9390/10484, Loss: 4.3671
  Batch 9400/10484, Loss: 4.8815
  Batch 9410/10484, Loss: 4.3297
  Batch 9420/10484, Loss: 3.5957
  Batch 9430/10484, Loss: 3.6134
  Batch 9440/10484, Loss: 3.9165
  Batch 9450/10484, Loss: 4.5732
  Batch 9460/10484, Loss: 4.6414
  Batch 9470/10484, Loss: 3.6205
  Batch 9480/10484, Loss: 3.8352
  Batch 9490/10484, Loss: 3.1753
  Batch 9500/10484, Loss: 3.5290
  Batch 9510/10484, Loss: 4.5903
  Batch 9520/10484, Loss: 3.3354
  Batch 9530/10484, Loss: 4.5512
  Batch 9540/10484, Loss: 3.6219
  Batch 9550/10484, Loss: 3.6799
  Batch 9560/10484, Loss: 3.3007
  Batch 9570/10484, Loss: 4.5244
  Batch 9580/10484, Loss: 3.8814
  Batch 9590/10484, Loss: 4.0331
  Batch 9600/10484, Loss: 4.4812
  Batch 9610/10484, Loss: 3.9365
  Batch 9620/10484, Loss: 4.5442
  Batch 9630/10484, Loss: 4.0178
  Batch 9640/10484, Loss: 3.8691
  Batch 9650/10484, Loss: 4.2136
  Batch 9660/10484, Loss: 4.1270
  Batch 9670/10484, Loss: 4.1145
  Batch 9680/10484, Loss: 4.4446
  Batch 9690/10484, Loss: 4.2722
  Batch 9700/10484, Loss: 4.2472
  Batch 9710/10484, Loss: 4.6214
  Batch 9720/10484, Loss: 4.4867
  Batch 9730/10484, Loss: 4.2600
  Batch 9740/10484, Loss: 4.3966
  Batch 9750/10484, Loss: 3.8814
  Batch 9760/10484, Loss: 4.4770
  Batch 9770/10484, Loss: 3.9122
  Batch 9780/10484, Loss: 4.4666
  Batch 9790/10484, Loss: 4.2894
  Batch 9800/10484, Loss: 4.5756
  Batch 9810/10484, Loss: 4.2846
  Batch 9820/10484, Loss: 3.9751
  Batch 9830/10484, Loss: 3.7148
  Batch 9840/10484, Loss: 4.5616
  Batch 9850/10484, Loss: 3.7953
  Batch 9860/10484, Loss: 3.7951
  Batch 9870/10484, Loss: 3.3737
  Batch 9880/10484, Loss: 4.1219
  Batch 9890/10484, Loss: 4.3620
  Batch 9900/10484, Loss: 4.6833
  Batch 9910/10484, Loss: 3.9432
  Batch 9920/10484, Loss: 3.8563
  Batch 9930/10484, Loss: 4.5504
  Batch 9940/10484, Loss: 4.2610
  Batch 9950/10484, Loss: 3.6552
  Batch 9960/10484, Loss: 4.0611
  Batch 9970/10484, Loss: 3.7842
  Batch 9980/10484, Loss: 3.8868
  Batch 9990/10484, Loss: 3.6414
  Batch 10000/10484, Loss: 3.8491
  Batch 10010/10484, Loss: 3.6947
  Batch 10020/10484, Loss: 4.0213
  Batch 10030/10484, Loss: 4.4123
  Batch 10040/10484, Loss: 4.1429
  Batch 10050/10484, Loss: 4.5174
  Batch 10060/10484, Loss: 4.4727
  Batch 10070/10484, Loss: 4.2397
  Batch 10080/10484, Loss: 4.3922
  Batch 10090/10484, Loss: 3.7437
  Batch 10100/10484, Loss: 4.9411
  Batch 10110/10484, Loss: 4.8976
  Batch 10120/10484, Loss: 4.6771
  Batch 10130/10484, Loss: 4.3623
  Batch 10140/10484, Loss: 3.5947
  Batch 10150/10484, Loss: 3.8002
  Batch 10160/10484, Loss: 3.8500
  Batch 10170/10484, Loss: 3.5051
  Batch 10180/10484, Loss: 3.6364
  Batch 10190/10484, Loss: 4.2863
  Batch 10200/10484, Loss: 3.3316
  Batch 10210/10484, Loss: 4.0894
  Batch 10220/10484, Loss: 3.9452
  Batch 10230/10484, Loss: 3.4279
  Batch 10240/10484, Loss: 4.2015
  Batch 10250/10484, Loss: 3.7644
  Batch 10260/10484, Loss: 3.7682
  Batch 10270/10484, Loss: 3.5339
  Batch 10280/10484, Loss: 3.5036
  Batch 10290/10484, Loss: 4.3927
  Batch 10300/10484, Loss: 3.5332
  Batch 10310/10484, Loss: 4.1482
  Batch 10320/10484, Loss: 3.7316
  Batch 10330/10484, Loss: 4.7862
  Batch 10340/10484, Loss: 3.8969
  Batch 10350/10484, Loss: 3.6363
  Batch 10360/10484, Loss: 2.9428
  Batch 10370/10484, Loss: 3.8656
  Batch 10380/10484, Loss: 3.8079
  Batch 10390/10484, Loss: 3.6601
  Batch 10400/10484, Loss: 4.5187
  Batch 10410/10484, Loss: 3.8486
  Batch 10420/10484, Loss: 4.5124
  Batch 10430/10484, Loss: 4.1975
  Batch 10440/10484, Loss: 4.5529
  Batch 10450/10484, Loss: 4.0676
  Batch 10460/10484, Loss: 3.7127
  Batch 10470/10484, Loss: 4.1193
  Batch 10480/10484, Loss: 4.5959

  Train Loss: 3.9813
  Val Loss: 6.6735
  Time: 31m 35s

Epoch 10/20
----------------------------------------
  Batch 10/10484, Loss: 4.0506
  Batch 20/10484, Loss: 3.8299
  Batch 30/10484, Loss: 3.5156
  Batch 40/10484, Loss: 3.7461
  Batch 50/10484, Loss: 3.7591
  Batch 60/10484, Loss: 3.8939
  Batch 70/10484, Loss: 3.5019
  Batch 80/10484, Loss: 3.8615
  Batch 90/10484, Loss: 3.1166
  Batch 100/10484, Loss: 3.7090
  Batch 110/10484, Loss: 3.9352
  Batch 120/10484, Loss: 3.2516
  Batch 130/10484, Loss: 3.6330
  Batch 140/10484, Loss: 3.9998
  Batch 150/10484, Loss: 4.9610
  Batch 160/10484, Loss: 4.0247
  Batch 170/10484, Loss: 4.0432
  Batch 180/10484, Loss: 3.1667
  Batch 190/10484, Loss: 3.8642
  Batch 200/10484, Loss: 3.9042
  Batch 210/10484, Loss: 3.8145
  Batch 220/10484, Loss: 4.2647
  Batch 230/10484, Loss: 3.7072
  Batch 240/10484, Loss: 3.5997
  Batch 250/10484, Loss: 3.7766
  Batch 260/10484, Loss: 3.2890
  Batch 270/10484, Loss: 3.7170
  Batch 280/10484, Loss: 3.9564
  Batch 290/10484, Loss: 3.8469
  Batch 300/10484, Loss: 3.8759
  Batch 310/10484, Loss: 4.1781
  Batch 320/10484, Loss: 4.1243
  Batch 330/10484, Loss: 3.5693
  Batch 340/10484, Loss: 3.6539
  Batch 350/10484, Loss: 3.4646
  Batch 360/10484, Loss: 3.8590
  Batch 370/10484, Loss: 3.2467
  Batch 380/10484, Loss: 3.8914
  Batch 390/10484, Loss: 3.9284
  Batch 400/10484, Loss: 3.7817
  Batch 410/10484, Loss: 4.1990
  Batch 420/10484, Loss: 4.4474
  Batch 430/10484, Loss: 3.8323
  Batch 440/10484, Loss: 4.4673
  Batch 450/10484, Loss: 3.8928
  Batch 460/10484, Loss: 3.8450
  Batch 470/10484, Loss: 2.8670
  Batch 480/10484, Loss: 4.2503
  Batch 490/10484, Loss: 3.9544
  Batch 500/10484, Loss: 3.9833
  Batch 510/10484, Loss: 2.8015
  Batch 520/10484, Loss: 3.9253
  Batch 530/10484, Loss: 3.7252
  Batch 540/10484, Loss: 4.1642
  Batch 550/10484, Loss: 3.9785
  Batch 560/10484, Loss: 4.0641
  Batch 570/10484, Loss: 3.7728
  Batch 580/10484, Loss: 3.7121
  Batch 590/10484, Loss: 3.9624
  Batch 600/10484, Loss: 3.7163
  Batch 610/10484, Loss: 4.1210
  Batch 620/10484, Loss: 4.4167
  Batch 630/10484, Loss: 4.1221
  Batch 640/10484, Loss: 4.1248
  Batch 650/10484, Loss: 3.7590
  Batch 660/10484, Loss: 3.3738
  Batch 670/10484, Loss: 3.6871
  Batch 680/10484, Loss: 3.6294
  Batch 690/10484, Loss: 4.0206
  Batch 700/10484, Loss: 4.1127
  Batch 710/10484, Loss: 3.7392
  Batch 720/10484, Loss: 4.3896
  Batch 730/10484, Loss: 4.1050
  Batch 740/10484, Loss: 4.7282
  Batch 750/10484, Loss: 3.7863
  Batch 760/10484, Loss: 3.2594
  Batch 770/10484, Loss: 4.3130
  Batch 780/10484, Loss: 4.3267
  Batch 790/10484, Loss: 3.9042
  Batch 800/10484, Loss: 3.7486
  Batch 810/10484, Loss: 3.2419
  Batch 820/10484, Loss: 3.3683
  Batch 830/10484, Loss: 4.2083
  Batch 840/10484, Loss: 3.7807
  Batch 850/10484, Loss: 3.4942
  Batch 860/10484, Loss: 4.0993
  Batch 870/10484, Loss: 3.8822
  Batch 880/10484, Loss: 4.0451
  Batch 890/10484, Loss: 3.5268
  Batch 900/10484, Loss: 4.0403
  Batch 910/10484, Loss: 4.3437
  Batch 920/10484, Loss: 3.6838
  Batch 930/10484, Loss: 4.0150
  Batch 940/10484, Loss: 3.9927
  Batch 950/10484, Loss: 3.3025
  Batch 960/10484, Loss: 3.6271
  Batch 970/10484, Loss: 3.8074
  Batch 980/10484, Loss: 4.9019
  Batch 990/10484, Loss: 3.6006
  Batch 1000/10484, Loss: 3.3860
  Batch 1010/10484, Loss: 3.8640
  Batch 1020/10484, Loss: 4.7530
  Batch 1030/10484, Loss: 3.5019
  Batch 1040/10484, Loss: 4.1915
  Batch 1050/10484, Loss: 3.7539
  Batch 1060/10484, Loss: 3.2691
  Batch 1070/10484, Loss: 4.3431
  Batch 1080/10484, Loss: 4.0330
  Batch 1090/10484, Loss: 3.6169
  Batch 1100/10484, Loss: 4.0568
  Batch 1110/10484, Loss: 3.5252
  Batch 1120/10484, Loss: 3.8589
  Batch 1130/10484, Loss: 4.2556
  Batch 1140/10484, Loss: 4.1360
  Batch 1150/10484, Loss: 3.9817
  Batch 1160/10484, Loss: 3.4839
  Batch 1170/10484, Loss: 3.0306
  Batch 1180/10484, Loss: 3.7930
  Batch 1190/10484, Loss: 3.9416
  Batch 1200/10484, Loss: 4.2382
  Batch 1210/10484, Loss: 3.8021
  Batch 1220/10484, Loss: 3.9135
  Batch 1230/10484, Loss: 4.0099
  Batch 1240/10484, Loss: 3.6896
  Batch 1250/10484, Loss: 3.7649
  Batch 1260/10484, Loss: 4.0038
  Batch 1270/10484, Loss: 3.7009
  Batch 1280/10484, Loss: 3.5322
  Batch 1290/10484, Loss: 4.1396
  Batch 1300/10484, Loss: 3.8457
  Batch 1310/10484, Loss: 4.0658
  Batch 1320/10484, Loss: 4.1586
  Batch 1330/10484, Loss: 3.8176
  Batch 1340/10484, Loss: 3.5436
  Batch 1350/10484, Loss: 3.3364
  Batch 1360/10484, Loss: 3.9600
  Batch 1370/10484, Loss: 4.4135
  Batch 1380/10484, Loss: 3.9409
  Batch 1390/10484, Loss: 3.9166
  Batch 1400/10484, Loss: 3.9480
  Batch 1410/10484, Loss: 3.7485
  Batch 1420/10484, Loss: 3.4821
  Batch 1430/10484, Loss: 3.7902
  Batch 1440/10484, Loss: 3.6325
  Batch 1450/10484, Loss: 3.9495
  Batch 1460/10484, Loss: 3.9797
  Batch 1470/10484, Loss: 3.6639
  Batch 1480/10484, Loss: 4.6216
  Batch 1490/10484, Loss: 3.5215
  Batch 1500/10484, Loss: 3.9289
  Batch 1510/10484, Loss: 3.2147
  Batch 1520/10484, Loss: 4.2190
  Batch 1530/10484, Loss: 3.7640
  Batch 1540/10484, Loss: 4.0924
  Batch 1550/10484, Loss: 3.9392
  Batch 1560/10484, Loss: 4.3617
  Batch 1570/10484, Loss: 3.8407
  Batch 1580/10484, Loss: 3.6000
  Batch 1590/10484, Loss: 4.1530
  Batch 1600/10484, Loss: 3.5220
  Batch 1610/10484, Loss: 4.1369
  Batch 1620/10484, Loss: 3.3902
  Batch 1630/10484, Loss: 3.8181
  Batch 1640/10484, Loss: 3.4385
  Batch 1650/10484, Loss: 4.6328
  Batch 1660/10484, Loss: 4.1588
  Batch 1670/10484, Loss: 4.6379
  Batch 1680/10484, Loss: 3.8105
  Batch 1690/10484, Loss: 4.0137
  Batch 1700/10484, Loss: 3.9889
  Batch 1710/10484, Loss: 4.1597
  Batch 1720/10484, Loss: 3.8854
  Batch 1730/10484, Loss: 3.9772
  Batch 1740/10484, Loss: 3.9374
  Batch 1750/10484, Loss: 3.7723
  Batch 1760/10484, Loss: 3.4089
  Batch 1770/10484, Loss: 4.5190
  Batch 1780/10484, Loss: 3.3309
  Batch 1790/10484, Loss: 4.8116
  Batch 1800/10484, Loss: 3.0970
  Batch 1810/10484, Loss: 4.3541
  Batch 1820/10484, Loss: 3.3459
  Batch 1830/10484, Loss: 3.6966
  Batch 1840/10484, Loss: 3.8718
  Batch 1850/10484, Loss: 4.0174
  Batch 1860/10484, Loss: 4.1109
  Batch 1870/10484, Loss: 3.5889
  Batch 1880/10484, Loss: 2.9334
  Batch 1890/10484, Loss: 4.0013
  Batch 1900/10484, Loss: 3.6171
  Batch 1910/10484, Loss: 3.8612
  Batch 1920/10484, Loss: 3.7909
  Batch 1930/10484, Loss: 3.6503
  Batch 1940/10484, Loss: 4.5441
  Batch 1950/10484, Loss: 4.2413
  Batch 1960/10484, Loss: 3.9500
  Batch 1970/10484, Loss: 3.7008
  Batch 1980/10484, Loss: 3.3477
  Batch 1990/10484, Loss: 4.0448
  Batch 2000/10484, Loss: 3.8013
  Batch 2010/10484, Loss: 4.3490
  Batch 2020/10484, Loss: 3.8995
  Batch 2030/10484, Loss: 4.0768
  Batch 2040/10484, Loss: 4.4190
  Batch 2050/10484, Loss: 3.9452
  Batch 2060/10484, Loss: 4.1818
  Batch 2070/10484, Loss: 3.8899
  Batch 2080/10484, Loss: 3.2100
  Batch 2090/10484, Loss: 3.7759
  Batch 2100/10484, Loss: 4.6961
  Batch 2110/10484, Loss: 4.2776
  Batch 2120/10484, Loss: 4.3220
  Batch 2130/10484, Loss: 4.0670
  Batch 2140/10484, Loss: 3.7930
  Batch 2150/10484, Loss: 3.8865
  Batch 2160/10484, Loss: 3.3409
  Batch 2170/10484, Loss: 4.1683
  Batch 2180/10484, Loss: 3.9773
  Batch 2190/10484, Loss: 3.9150
  Batch 2200/10484, Loss: 3.3856
  Batch 2210/10484, Loss: 4.0778
  Batch 2220/10484, Loss: 2.9466
  Batch 2230/10484, Loss: 3.7326
  Batch 2240/10484, Loss: 3.7746
  Batch 2250/10484, Loss: 4.1561
  Batch 2260/10484, Loss: 4.1144
  Batch 2270/10484, Loss: 4.4300
  Batch 2280/10484, Loss: 3.6725
  Batch 2290/10484, Loss: 3.1866
  Batch 2300/10484, Loss: 4.0267
  Batch 2310/10484, Loss: 4.7000
  Batch 2320/10484, Loss: 4.5338
  Batch 2330/10484, Loss: 4.0010
  Batch 2340/10484, Loss: 3.1971
  Batch 2350/10484, Loss: 3.8564
  Batch 2360/10484, Loss: 3.6026
  Batch 2370/10484, Loss: 4.2690
  Batch 2380/10484, Loss: 3.7735
  Batch 2390/10484, Loss: 4.4847
  Batch 2400/10484, Loss: 4.0669
  Batch 2410/10484, Loss: 3.6852
  Batch 2420/10484, Loss: 3.6256
  Batch 2430/10484, Loss: 3.6369
  Batch 2440/10484, Loss: 3.7675
  Batch 2450/10484, Loss: 4.5674
  Batch 2460/10484, Loss: 4.0149
  Batch 2470/10484, Loss: 3.9301
  Batch 2480/10484, Loss: 3.6260
  Batch 2490/10484, Loss: 4.4547
  Batch 2500/10484, Loss: 4.4092
  Batch 2510/10484, Loss: 4.0901
  Batch 2520/10484, Loss: 4.0317
  Batch 2530/10484, Loss: 3.9609
  Batch 2540/10484, Loss: 4.0356
  Batch 2550/10484, Loss: 4.5757
  Batch 2560/10484, Loss: 4.3234
  Batch 2570/10484, Loss: 3.9853
  Batch 2580/10484, Loss: 3.6305
  Batch 2590/10484, Loss: 4.2924
  Batch 2600/10484, Loss: 4.1550
  Batch 2610/10484, Loss: 4.0517
  Batch 2620/10484, Loss: 4.2824
  Batch 2630/10484, Loss: 4.0791
  Batch 2640/10484, Loss: 3.5628
  Batch 2650/10484, Loss: 3.5944
  Batch 2660/10484, Loss: 4.6922
  Batch 2670/10484, Loss: 4.0945
  Batch 2680/10484, Loss: 3.6917
  Batch 2690/10484, Loss: 4.1920
  Batch 2700/10484, Loss: 3.9237
  Batch 2710/10484, Loss: 3.5472
  Batch 2720/10484, Loss: 4.3319
  Batch 2730/10484, Loss: 3.3262
  Batch 2740/10484, Loss: 3.7942
  Batch 2750/10484, Loss: 4.4052
  Batch 2760/10484, Loss: 3.5547
  Batch 2770/10484, Loss: 3.9778
  Batch 2780/10484, Loss: 4.4144
  Batch 2790/10484, Loss: 3.8427
  Batch 2800/10484, Loss: 4.1432
  Batch 2810/10484, Loss: 4.2198
  Batch 2820/10484, Loss: 3.7289
  Batch 2830/10484, Loss: 3.7250
  Batch 2840/10484, Loss: 4.2070
  Batch 2850/10484, Loss: 3.9050
  Batch 2860/10484, Loss: 3.8174
  Batch 2870/10484, Loss: 3.8248
  Batch 2880/10484, Loss: 3.3713
  Batch 2890/10484, Loss: 3.9435
  Batch 2900/10484, Loss: 3.5695
  Batch 2910/10484, Loss: 4.1969
  Batch 2920/10484, Loss: 3.8832
  Batch 2930/10484, Loss: 3.0660
  Batch 2940/10484, Loss: 4.1006
  Batch 2950/10484, Loss: 3.9695
  Batch 2960/10484, Loss: 4.1038
  Batch 2970/10484, Loss: 3.6524
  Batch 2980/10484, Loss: 3.4649
  Batch 2990/10484, Loss: 2.9954
  Batch 3000/10484, Loss: 4.4749
  Batch 3010/10484, Loss: 3.3378
  Batch 3020/10484, Loss: 3.5827
  Batch 3030/10484, Loss: 4.0855
  Batch 3040/10484, Loss: 3.9558
  Batch 3050/10484, Loss: 4.2791
  Batch 3060/10484, Loss: 3.4165
  Batch 3070/10484, Loss: 3.7222
  Batch 3080/10484, Loss: 4.1770
  Batch 3090/10484, Loss: 3.9248
  Batch 3100/10484, Loss: 3.9040
  Batch 3110/10484, Loss: 5.2440
  Batch 3120/10484, Loss: 4.0220
  Batch 3130/10484, Loss: 4.3184
  Batch 3140/10484, Loss: 2.8949
  Batch 3150/10484, Loss: 3.7900
  Batch 3160/10484, Loss: 4.4864
  Batch 3170/10484, Loss: 4.1736
  Batch 3180/10484, Loss: 4.5330
  Batch 3190/10484, Loss: 4.4420
  Batch 3200/10484, Loss: 3.7954
  Batch 3210/10484, Loss: 3.5323
  Batch 3220/10484, Loss: 3.6674
  Batch 3230/10484, Loss: 4.5285
  Batch 3240/10484, Loss: 4.1107
  Batch 3250/10484, Loss: 3.3901
  Batch 3260/10484, Loss: 3.7126
  Batch 3270/10484, Loss: 3.3911
  Batch 3280/10484, Loss: 3.8203
  Batch 3290/10484, Loss: 4.1777
  Batch 3300/10484, Loss: 3.7566
  Batch 3310/10484, Loss: 3.5288
  Batch 3320/10484, Loss: 3.7542
  Batch 3330/10484, Loss: 3.7803
  Batch 3340/10484, Loss: 4.0000
  Batch 3350/10484, Loss: 4.4625
  Batch 3360/10484, Loss: 4.4317
  Batch 3370/10484, Loss: 3.4217
  Batch 3380/10484, Loss: 3.5196
  Batch 3390/10484, Loss: 3.7934
  Batch 3400/10484, Loss: 4.1539
  Batch 3410/10484, Loss: 3.4309
  Batch 3420/10484, Loss: 3.6425
  Batch 3430/10484, Loss: 3.8471
  Batch 3440/10484, Loss: 4.1980
  Batch 3450/10484, Loss: 4.4283
  Batch 3460/10484, Loss: 4.3896
  Batch 3470/10484, Loss: 4.4846
  Batch 3480/10484, Loss: 4.5653
  Batch 3490/10484, Loss: 3.1645
  Batch 3500/10484, Loss: 3.9783
  Batch 3510/10484, Loss: 4.3845
  Batch 3520/10484, Loss: 3.6556
  Batch 3530/10484, Loss: 3.8197
  Batch 3540/10484, Loss: 3.9729
  Batch 3550/10484, Loss: 4.1065
  Batch 3560/10484, Loss: 4.0943
  Batch 3570/10484, Loss: 3.2898
  Batch 3580/10484, Loss: 4.1382
  Batch 3590/10484, Loss: 4.3269
  Batch 3600/10484, Loss: 4.0912
  Batch 3610/10484, Loss: 4.4035
  Batch 3620/10484, Loss: 4.2133
  Batch 3630/10484, Loss: 3.8849
  Batch 3640/10484, Loss: 3.9074
  Batch 3650/10484, Loss: 4.4860
  Batch 3660/10484, Loss: 3.7910
  Batch 3670/10484, Loss: 3.9703
  Batch 3680/10484, Loss: 4.5082
  Batch 3690/10484, Loss: 4.6689
  Batch 3700/10484, Loss: 3.2114
  Batch 3710/10484, Loss: 4.2605
  Batch 3720/10484, Loss: 3.5811
  Batch 3730/10484, Loss: 4.4974
  Batch 3740/10484, Loss: 3.7121
  Batch 3750/10484, Loss: 4.2441
  Batch 3760/10484, Loss: 4.2688
  Batch 3770/10484, Loss: 3.6160
  Batch 3780/10484, Loss: 3.5527
  Batch 3790/10484, Loss: 4.2372
  Batch 3800/10484, Loss: 3.2815
  Batch 3810/10484, Loss: 3.8003
  Batch 3820/10484, Loss: 3.8901
  Batch 3830/10484, Loss: 4.2012
  Batch 3840/10484, Loss: 3.7922
  Batch 3850/10484, Loss: 4.4962
  Batch 3860/10484, Loss: 4.0134
  Batch 3870/10484, Loss: 4.2751
  Batch 3880/10484, Loss: 4.1786
  Batch 3890/10484, Loss: 4.3935
  Batch 3900/10484, Loss: 3.9651
  Batch 3910/10484, Loss: 3.9045
  Batch 3920/10484, Loss: 3.9100
  Batch 3930/10484, Loss: 4.3283
  Batch 3940/10484, Loss: 3.2133
  Batch 3950/10484, Loss: 4.1350
  Batch 3960/10484, Loss: 2.9952
  Batch 3970/10484, Loss: 4.1581
  Batch 3980/10484, Loss: 3.7425
  Batch 3990/10484, Loss: 3.7485
  Batch 4000/10484, Loss: 4.0118
  Batch 4010/10484, Loss: 3.4474
  Batch 4020/10484, Loss: 4.6658
  Batch 4030/10484, Loss: 3.6456
  Batch 4040/10484, Loss: 3.9655
  Batch 4050/10484, Loss: 4.4211
  Batch 4060/10484, Loss: 4.2497
  Batch 4070/10484, Loss: 3.8042
  Batch 4080/10484, Loss: 3.7350
  Batch 4090/10484, Loss: 3.3304
  Batch 4100/10484, Loss: 3.6166
  Batch 4110/10484, Loss: 3.8839
  Batch 4120/10484, Loss: 4.0208
  Batch 4130/10484, Loss: 4.4168
  Batch 4140/10484, Loss: 4.2364
  Batch 4150/10484, Loss: 3.9091
  Batch 4160/10484, Loss: 4.2177
  Batch 4170/10484, Loss: 3.6795
  Batch 4180/10484, Loss: 3.7650
  Batch 4190/10484, Loss: 4.5941
  Batch 4200/10484, Loss: 4.2490
  Batch 4210/10484, Loss: 4.3190
  Batch 4220/10484, Loss: 3.6810
  Batch 4230/10484, Loss: 4.1057
  Batch 4240/10484, Loss: 4.3306
  Batch 4250/10484, Loss: 4.4150
  Batch 4260/10484, Loss: 3.9489
  Batch 4270/10484, Loss: 4.3421
  Batch 4280/10484, Loss: 3.9579
  Batch 4290/10484, Loss: 3.7890
  Batch 4300/10484, Loss: 3.7774
  Batch 4310/10484, Loss: 4.3261
  Batch 4320/10484, Loss: 3.9541
  Batch 4330/10484, Loss: 3.4438
  Batch 4340/10484, Loss: 4.2493
  Batch 4350/10484, Loss: 4.0384
  Batch 4360/10484, Loss: 3.5595
  Batch 4370/10484, Loss: 3.5466
  Batch 4380/10484, Loss: 3.2017
  Batch 4390/10484, Loss: 4.0519
  Batch 4400/10484, Loss: 3.7346
  Batch 4410/10484, Loss: 4.0450
  Batch 4420/10484, Loss: 3.3734
  Batch 4430/10484, Loss: 3.8709
  Batch 4440/10484, Loss: 3.9460
  Batch 4450/10484, Loss: 4.5822
  Batch 4460/10484, Loss: 4.2248
  Batch 4470/10484, Loss: 3.3380
  Batch 4480/10484, Loss: 4.2876
  Batch 4490/10484, Loss: 3.1996
  Batch 4500/10484, Loss: 3.5655
  Batch 4510/10484, Loss: 3.6716
  Batch 4520/10484, Loss: 3.9709
  Batch 4530/10484, Loss: 4.3658
  Batch 4540/10484, Loss: 4.2981
  Batch 4550/10484, Loss: 3.5005
  Batch 4560/10484, Loss: 3.6658
  Batch 4570/10484, Loss: 4.2567
  Batch 4580/10484, Loss: 3.6539
  Batch 4590/10484, Loss: 3.5412
  Batch 4600/10484, Loss: 3.3900
  Batch 4610/10484, Loss: 3.5785
  Batch 4620/10484, Loss: 3.2815
  Batch 4630/10484, Loss: 4.8867
  Batch 4640/10484, Loss: 4.5523
  Batch 4650/10484, Loss: 4.2881
  Batch 4660/10484, Loss: 4.0213
  Batch 4670/10484, Loss: 4.0046
  Batch 4680/10484, Loss: 3.7893
  Batch 4690/10484, Loss: 3.3748
  Batch 4700/10484, Loss: 3.5964
  Batch 4710/10484, Loss: 4.0621
  Batch 4720/10484, Loss: 4.1251
  Batch 4730/10484, Loss: 3.1720
  Batch 4740/10484, Loss: 3.4886
  Batch 4750/10484, Loss: 4.4688
  Batch 4760/10484, Loss: 3.7912
  Batch 4770/10484, Loss: 4.1767
  Batch 4780/10484, Loss: 3.4802
  Batch 4790/10484, Loss: 3.7985
  Batch 4800/10484, Loss: 3.8905
  Batch 4810/10484, Loss: 3.8791
  Batch 4820/10484, Loss: 3.3477
  Batch 4830/10484, Loss: 3.6481
  Batch 4840/10484, Loss: 3.6387
  Batch 4850/10484, Loss: 4.0265
  Batch 4860/10484, Loss: 4.4288
  Batch 4870/10484, Loss: 4.4308
  Batch 4880/10484, Loss: 3.7507
  Batch 4890/10484, Loss: 3.8835
  Batch 4900/10484, Loss: 3.9667
  Batch 4910/10484, Loss: 3.8542
  Batch 4920/10484, Loss: 3.9089
  Batch 4930/10484, Loss: 3.9317
  Batch 4940/10484, Loss: 4.0893
  Batch 4950/10484, Loss: 4.0415
  Batch 4960/10484, Loss: 4.1749
  Batch 4970/10484, Loss: 3.6098
  Batch 4980/10484, Loss: 4.3489
  Batch 4990/10484, Loss: 4.6965
  Batch 5000/10484, Loss: 3.3836
  Batch 5010/10484, Loss: 3.8088
  Batch 5020/10484, Loss: 3.9072
  Batch 5030/10484, Loss: 4.0347
  Batch 5040/10484, Loss: 3.7345
  Batch 5050/10484, Loss: 3.3658
  Batch 5060/10484, Loss: 3.9950
  Batch 5070/10484, Loss: 3.8738
  Batch 5080/10484, Loss: 4.0732
  Batch 5090/10484, Loss: 3.9742
  Batch 5100/10484, Loss: 4.3565
  Batch 5110/10484, Loss: 3.7663
  Batch 5120/10484, Loss: 3.6151
  Batch 5130/10484, Loss: 3.9508
  Batch 5140/10484, Loss: 3.7546
  Batch 5150/10484, Loss: 4.4211
  Batch 5160/10484, Loss: 4.0860
  Batch 5170/10484, Loss: 4.2323
  Batch 5180/10484, Loss: 4.5970
  Batch 5190/10484, Loss: 3.7869
  Batch 5200/10484, Loss: 3.3359
  Batch 5210/10484, Loss: 3.3340
  Batch 5220/10484, Loss: 4.2688
  Batch 5230/10484, Loss: 4.2496
  Batch 5240/10484, Loss: 3.9209
  Batch 5250/10484, Loss: 4.1554
  Batch 5260/10484, Loss: 4.1230
  Batch 5270/10484, Loss: 3.9906
  Batch 5280/10484, Loss: 3.6633
  Batch 5290/10484, Loss: 3.7459
  Batch 5300/10484, Loss: 4.3652
  Batch 5310/10484, Loss: 3.4678
  Batch 5320/10484, Loss: 4.1065
  Batch 5330/10484, Loss: 3.9169
  Batch 5340/10484, Loss: 4.0655
  Batch 5350/10484, Loss: 3.6499
  Batch 5360/10484, Loss: 3.9884
  Batch 5370/10484, Loss: 4.5445
  Batch 5380/10484, Loss: 4.6359
  Batch 5390/10484, Loss: 3.8985
  Batch 5400/10484, Loss: 4.2287
  Batch 5410/10484, Loss: 4.1690
  Batch 5420/10484, Loss: 3.6223
  Batch 5430/10484, Loss: 3.4973
  Batch 5440/10484, Loss: 4.2986
  Batch 5450/10484, Loss: 4.4138
  Batch 5460/10484, Loss: 3.8569
  Batch 5470/10484, Loss: 4.4547
  Batch 5480/10484, Loss: 3.7486
  Batch 5490/10484, Loss: 3.9743
  Batch 5500/10484, Loss: 3.7162
  Batch 5510/10484, Loss: 4.3259
  Batch 5520/10484, Loss: 4.4026
  Batch 5530/10484, Loss: 3.9973
  Batch 5540/10484, Loss: 4.3330
  Batch 5550/10484, Loss: 4.1278
  Batch 5560/10484, Loss: 4.0667
  Batch 5570/10484, Loss: 3.4177
  Batch 5580/10484, Loss: 4.0675
  Batch 5590/10484, Loss: 3.9391
  Batch 5600/10484, Loss: 4.2167
  Batch 5610/10484, Loss: 3.7048
  Batch 5620/10484, Loss: 3.5629
  Batch 5630/10484, Loss: 3.7506
  Batch 5640/10484, Loss: 4.1410
  Batch 5650/10484, Loss: 3.6442
  Batch 5660/10484, Loss: 4.0546
  Batch 5670/10484, Loss: 3.9805
  Batch 5680/10484, Loss: 3.4712
  Batch 5690/10484, Loss: 4.0916
  Batch 5700/10484, Loss: 3.7089
  Batch 5710/10484, Loss: 3.4922
  Batch 5720/10484, Loss: 3.5242
  Batch 5730/10484, Loss: 3.9405
  Batch 5740/10484, Loss: 4.2153
  Batch 5750/10484, Loss: 4.7573
  Batch 5760/10484, Loss: 4.1022
  Batch 5770/10484, Loss: 3.9808
  Batch 5780/10484, Loss: 3.9765
  Batch 5790/10484, Loss: 4.0685
  Batch 5800/10484, Loss: 4.3000
  Batch 5810/10484, Loss: 3.7557
  Batch 5820/10484, Loss: 4.3092
  Batch 5830/10484, Loss: 4.3977
  Batch 5840/10484, Loss: 4.4050
  Batch 5850/10484, Loss: 3.8553
  Batch 5860/10484, Loss: 4.4434
  Batch 5870/10484, Loss: 3.9559
  Batch 5880/10484, Loss: 4.1146
  Batch 5890/10484, Loss: 3.6866
  Batch 5900/10484, Loss: 3.6263
  Batch 5910/10484, Loss: 3.8634
  Batch 5920/10484, Loss: 3.9303
  Batch 5930/10484, Loss: 3.4787
  Batch 5940/10484, Loss: 4.7149
  Batch 5950/10484, Loss: 3.9071
  Batch 5960/10484, Loss: 4.2856
  Batch 5970/10484, Loss: 4.0760
  Batch 5980/10484, Loss: 4.2637
  Batch 5990/10484, Loss: 3.8098
  Batch 6000/10484, Loss: 3.3555
  Batch 6010/10484, Loss: 4.1746
  Batch 6020/10484, Loss: 3.2867
  Batch 6030/10484, Loss: 4.0952
  Batch 6040/10484, Loss: 4.3231
  Batch 6050/10484, Loss: 4.0540
  Batch 6060/10484, Loss: 4.2395
  Batch 6070/10484, Loss: 3.8448
  Batch 6080/10484, Loss: 4.0617
  Batch 6090/10484, Loss: 3.5509
  Batch 6100/10484, Loss: 4.7516
  Batch 6110/10484, Loss: 4.4419
  Batch 6120/10484, Loss: 4.9118
  Batch 6130/10484, Loss: 3.2945
  Batch 6140/10484, Loss: 4.0016
  Batch 6150/10484, Loss: 3.9210
  Batch 6160/10484, Loss: 3.8429
  Batch 6170/10484, Loss: 4.0792
  Batch 6180/10484, Loss: 4.1593
  Batch 6190/10484, Loss: 3.7757
  Batch 6200/10484, Loss: 3.7756
  Batch 6210/10484, Loss: 3.8232
  Batch 6220/10484, Loss: 3.4013
  Batch 6230/10484, Loss: 4.4260
  Batch 6240/10484, Loss: 4.3296
  Batch 6250/10484, Loss: 4.0422
  Batch 6260/10484, Loss: 4.0630
  Batch 6270/10484, Loss: 4.1847
  Batch 6280/10484, Loss: 3.6791
  Batch 6290/10484, Loss: 4.0338
  Batch 6300/10484, Loss: 3.8332
  Batch 6310/10484, Loss: 3.7852
  Batch 6320/10484, Loss: 4.7049
  Batch 6330/10484, Loss: 3.5304
  Batch 6340/10484, Loss: 4.6791
  Batch 6350/10484, Loss: 4.0991
  Batch 6360/10484, Loss: 3.3332
  Batch 6370/10484, Loss: 3.7578
  Batch 6380/10484, Loss: 3.7095
  Batch 6390/10484, Loss: 4.4539
  Batch 6400/10484, Loss: 4.3604
  Batch 6410/10484, Loss: 3.9562
  Batch 6420/10484, Loss: 3.9882
  Batch 6430/10484, Loss: 3.9993
  Batch 6440/10484, Loss: 4.0515
  Batch 6450/10484, Loss: 4.5002
  Batch 6460/10484, Loss: 4.5451
  Batch 6470/10484, Loss: 4.2424
  Batch 6480/10484, Loss: 4.4622
  Batch 6490/10484, Loss: 4.4360
  Batch 6500/10484, Loss: 4.6511
  Batch 6510/10484, Loss: 4.0817
  Batch 6520/10484, Loss: 4.7355
  Batch 6530/10484, Loss: 4.3940
  Batch 6540/10484, Loss: 4.0619
  Batch 6550/10484, Loss: 3.4038
  Batch 6560/10484, Loss: 3.9897
  Batch 6570/10484, Loss: 4.2699
  Batch 6580/10484, Loss: 4.2128
  Batch 6590/10484, Loss: 4.1638
  Batch 6600/10484, Loss: 4.3093
  Batch 6610/10484, Loss: 3.4942
  Batch 6620/10484, Loss: 3.9220
  Batch 6630/10484, Loss: 3.7956
  Batch 6640/10484, Loss: 3.3188
  Batch 6650/10484, Loss: 3.5391
  Batch 6660/10484, Loss: 4.9476
  Batch 6670/10484, Loss: 4.4803
  Batch 6680/10484, Loss: 3.7697
  Batch 6690/10484, Loss: 4.5336
  Batch 6700/10484, Loss: 3.1098
  Batch 6710/10484, Loss: 3.7275
  Batch 6720/10484, Loss: 4.4365
  Batch 6730/10484, Loss: 3.8352
  Batch 6740/10484, Loss: 3.7045
  Batch 6750/10484, Loss: 4.4875
  Batch 6760/10484, Loss: 4.9735
  Batch 6770/10484, Loss: 3.8548
  Batch 6780/10484, Loss: 3.9544
  Batch 6790/10484, Loss: 3.7221
  Batch 6800/10484, Loss: 4.1973
  Batch 6810/10484, Loss: 4.6478
  Batch 6820/10484, Loss: 4.4872
  Batch 6830/10484, Loss: 3.9432
  Batch 6840/10484, Loss: 4.5926
  Batch 6850/10484, Loss: 4.0272
  Batch 6860/10484, Loss: 3.9577
  Batch 6870/10484, Loss: 4.4667
  Batch 6880/10484, Loss: 4.4472
  Batch 6890/10484, Loss: 3.7490
  Batch 6900/10484, Loss: 4.4013
  Batch 6910/10484, Loss: 3.8780
  Batch 6920/10484, Loss: 4.0654
  Batch 6930/10484, Loss: 4.5655
  Batch 6940/10484, Loss: 4.2316
  Batch 6950/10484, Loss: 4.2174
  Batch 6960/10484, Loss: 3.6529
  Batch 6970/10484, Loss: 3.9550
  Batch 6980/10484, Loss: 4.5330
  Batch 6990/10484, Loss: 3.9058
  Batch 7000/10484, Loss: 4.4235
  Batch 7010/10484, Loss: 5.0825
  Batch 7020/10484, Loss: 3.7257
  Batch 7030/10484, Loss: 4.0207
  Batch 7040/10484, Loss: 3.3083
  Batch 7050/10484, Loss: 4.3929
  Batch 7060/10484, Loss: 3.6144
  Batch 7070/10484, Loss: 4.2178
  Batch 7080/10484, Loss: 3.9879
  Batch 7090/10484, Loss: 4.1906
  Batch 7100/10484, Loss: 3.4439
  Batch 7110/10484, Loss: 4.4959
  Batch 7120/10484, Loss: 3.3979
  Batch 7130/10484, Loss: 3.1249
  Batch 7140/10484, Loss: 4.5002
  Batch 7150/10484, Loss: 4.0652
  Batch 7160/10484, Loss: 3.6495
  Batch 7170/10484, Loss: 3.3950
  Batch 7180/10484, Loss: 3.7612
  Batch 7190/10484, Loss: 4.4066
  Batch 7200/10484, Loss: 3.9027
  Batch 7210/10484, Loss: 3.5634
  Batch 7220/10484, Loss: 3.7481
  Batch 7230/10484, Loss: 4.3886
  Batch 7240/10484, Loss: 4.5105
  Batch 7250/10484, Loss: 3.8072
  Batch 7260/10484, Loss: 3.8871
  Batch 7270/10484, Loss: 4.0937
  Batch 7280/10484, Loss: 4.5780
  Batch 7290/10484, Loss: 4.0256
  Batch 7300/10484, Loss: 4.2359
  Batch 7310/10484, Loss: 3.2392
  Batch 7320/10484, Loss: 3.4552
  Batch 7330/10484, Loss: 4.4721
  Batch 7340/10484, Loss: 4.7221
  Batch 7350/10484, Loss: 3.1472
  Batch 7360/10484, Loss: 4.5174
  Batch 7370/10484, Loss: 4.2956
  Batch 7380/10484, Loss: 3.9666
  Batch 7390/10484, Loss: 4.0091
  Batch 7400/10484, Loss: 3.8823
  Batch 7410/10484, Loss: 3.7888
  Batch 7420/10484, Loss: 3.9503
  Batch 7430/10484, Loss: 4.4222
  Batch 7440/10484, Loss: 3.4944
  Batch 7450/10484, Loss: 4.2154
  Batch 7460/10484, Loss: 3.5826
  Batch 7470/10484, Loss: 3.9035
  Batch 7480/10484, Loss: 4.0566
  Batch 7490/10484, Loss: 3.7388
  Batch 7500/10484, Loss: 3.8511
  Batch 7510/10484, Loss: 4.0093
  Batch 7520/10484, Loss: 4.0275
  Batch 7530/10484, Loss: 4.0075
  Batch 7540/10484, Loss: 3.7319
  Batch 7550/10484, Loss: 3.8344
  Batch 7560/10484, Loss: 3.3107
  Batch 7570/10484, Loss: 3.7675
  Batch 7580/10484, Loss: 3.6740
  Batch 7590/10484, Loss: 4.7034
  Batch 7600/10484, Loss: 5.1577
  Batch 7610/10484, Loss: 4.2794
  Batch 7620/10484, Loss: 4.0331
  Batch 7630/10484, Loss: 3.8975
  Batch 7640/10484, Loss: 3.7480
  Batch 7650/10484, Loss: 3.5413
  Batch 7660/10484, Loss: 4.3224
  Batch 7670/10484, Loss: 3.4961
  Batch 7680/10484, Loss: 4.4995
  Batch 7690/10484, Loss: 3.9765
  Batch 7700/10484, Loss: 4.0049
  Batch 7710/10484, Loss: 4.2091
  Batch 7720/10484, Loss: 3.9872
  Batch 7730/10484, Loss: 3.9159
  Batch 7740/10484, Loss: 3.7902
  Batch 7750/10484, Loss: 3.8551
  Batch 7760/10484, Loss: 3.8942
  Batch 7770/10484, Loss: 4.3081
  Batch 7780/10484, Loss: 3.9086
  Batch 7790/10484, Loss: 4.3102
  Batch 7800/10484, Loss: 4.3115
  Batch 7810/10484, Loss: 4.0687
  Batch 7820/10484, Loss: 4.0138
  Batch 7830/10484, Loss: 3.7601
  Batch 7840/10484, Loss: 3.8311
  Batch 7850/10484, Loss: 3.8703
  Batch 7860/10484, Loss: 3.6667
  Batch 7870/10484, Loss: 4.0616
  Batch 7880/10484, Loss: 4.0387
  Batch 7890/10484, Loss: 3.6958
  Batch 7900/10484, Loss: 4.1409
  Batch 7910/10484, Loss: 4.7313
  Batch 7920/10484, Loss: 4.2652
  Batch 7930/10484, Loss: 3.9956
  Batch 7940/10484, Loss: 4.8402
  Batch 7950/10484, Loss: 4.1723
  Batch 7960/10484, Loss: 3.2409
  Batch 7970/10484, Loss: 3.3888
  Batch 7980/10484, Loss: 3.7439
  Batch 7990/10484, Loss: 4.2190
  Batch 8000/10484, Loss: 4.2148
  Batch 8010/10484, Loss: 2.9602
  Batch 8020/10484, Loss: 3.9719
  Batch 8030/10484, Loss: 4.0419
  Batch 8040/10484, Loss: 3.2838
  Batch 8050/10484, Loss: 3.9566
  Batch 8060/10484, Loss: 4.1388
  Batch 8070/10484, Loss: 3.9556
  Batch 8080/10484, Loss: 3.5765
  Batch 8090/10484, Loss: 3.8135
  Batch 8100/10484, Loss: 4.0202
  Batch 8110/10484, Loss: 3.9246
  Batch 8120/10484, Loss: 4.0405
  Batch 8130/10484, Loss: 3.2316
  Batch 8140/10484, Loss: 4.0312
  Batch 8150/10484, Loss: 3.8041
  Batch 8160/10484, Loss: 3.9972
  Batch 8170/10484, Loss: 4.3277
  Batch 8180/10484, Loss: 3.9585
  Batch 8190/10484, Loss: 3.7739
  Batch 8200/10484, Loss: 4.3676
  Batch 8210/10484, Loss: 3.6370
  Batch 8220/10484, Loss: 3.4249
  Batch 8230/10484, Loss: 3.8406
  Batch 8240/10484, Loss: 4.0095
  Batch 8250/10484, Loss: 3.6430
  Batch 8260/10484, Loss: 3.3463
  Batch 8270/10484, Loss: 3.9944
  Batch 8280/10484, Loss: 3.9366
  Batch 8290/10484, Loss: 3.9626
  Batch 8300/10484, Loss: 3.9752
  Batch 8310/10484, Loss: 3.6504
  Batch 8320/10484, Loss: 3.0657
  Batch 8330/10484, Loss: 3.1129
  Batch 8340/10484, Loss: 4.2468
  Batch 8350/10484, Loss: 3.9539
  Batch 8360/10484, Loss: 4.1976
  Batch 8370/10484, Loss: 3.4340
  Batch 8380/10484, Loss: 3.9196
  Batch 8390/10484, Loss: 3.4539
  Batch 8400/10484, Loss: 4.6616
  Batch 8410/10484, Loss: 3.9264
  Batch 8420/10484, Loss: 3.8651
  Batch 8430/10484, Loss: 4.4174
  Batch 8440/10484, Loss: 3.6086
  Batch 8450/10484, Loss: 4.5836
  Batch 8460/10484, Loss: 3.5993
  Batch 8470/10484, Loss: 4.0549
  Batch 8480/10484, Loss: 3.9023
  Batch 8490/10484, Loss: 4.2442
  Batch 8500/10484, Loss: 4.6792
  Batch 8510/10484, Loss: 3.9288
  Batch 8520/10484, Loss: 3.7986
  Batch 8530/10484, Loss: 3.6879
  Batch 8540/10484, Loss: 3.7417
  Batch 8550/10484, Loss: 3.9945
  Batch 8560/10484, Loss: 3.7171
  Batch 8570/10484, Loss: 4.7223
  Batch 8580/10484, Loss: 3.4407
  Batch 8590/10484, Loss: 3.5064
  Batch 8600/10484, Loss: 4.5113
  Batch 8610/10484, Loss: 3.5637
  Batch 8620/10484, Loss: 4.4847
  Batch 8630/10484, Loss: 4.6203
  Batch 8640/10484, Loss: 3.6933
  Batch 8650/10484, Loss: 4.5082
  Batch 8660/10484, Loss: 3.8182
  Batch 8670/10484, Loss: 3.8096
  Batch 8680/10484, Loss: 3.4416
  Batch 8690/10484, Loss: 3.3017
  Batch 8700/10484, Loss: 3.6776
  Batch 8710/10484, Loss: 3.9287
  Batch 8720/10484, Loss: 4.5997
  Batch 8730/10484, Loss: 3.8111
  Batch 8740/10484, Loss: 4.4323
  Batch 8750/10484, Loss: 3.6643
  Batch 8760/10484, Loss: 4.3846
  Batch 8770/10484, Loss: 4.3650
  Batch 8780/10484, Loss: 3.5834
  Batch 8790/10484, Loss: 3.9099
  Batch 8800/10484, Loss: 4.0623
  Batch 8810/10484, Loss: 3.6793
  Batch 8820/10484, Loss: 3.9696
  Batch 8830/10484, Loss: 4.7060
  Batch 8840/10484, Loss: 3.8523
  Batch 8850/10484, Loss: 4.4800
  Batch 8860/10484, Loss: 4.5746
  Batch 8870/10484, Loss: 3.6862
  Batch 8880/10484, Loss: 4.2287
  Batch 8890/10484, Loss: 4.0121
  Batch 8900/10484, Loss: 4.3894
  Batch 8910/10484, Loss: 3.1404
  Batch 8920/10484, Loss: 4.3991
  Batch 8930/10484, Loss: 4.2581
  Batch 8940/10484, Loss: 3.9523
  Batch 8950/10484, Loss: 3.4915
  Batch 8960/10484, Loss: 4.3084
  Batch 8970/10484, Loss: 3.4847
  Batch 8980/10484, Loss: 3.8806
  Batch 8990/10484, Loss: 4.1743
  Batch 9000/10484, Loss: 3.4522
  Batch 9010/10484, Loss: 4.2377
  Batch 9020/10484, Loss: 3.8673
  Batch 9030/10484, Loss: 4.3679
  Batch 9040/10484, Loss: 4.0018
  Batch 9050/10484, Loss: 4.3752
  Batch 9060/10484, Loss: 4.2684
  Batch 9070/10484, Loss: 3.5861
  Batch 9080/10484, Loss: 4.1489
  Batch 9090/10484, Loss: 4.5130
  Batch 9100/10484, Loss: 3.5499
  Batch 9110/10484, Loss: 4.5194
  Batch 9120/10484, Loss: 3.5254
  Batch 9130/10484, Loss: 4.6660
  Batch 9140/10484, Loss: 4.3434
  Batch 9150/10484, Loss: 3.9281
  Batch 9160/10484, Loss: 3.6564
  Batch 9170/10484, Loss: 4.3839
  Batch 9180/10484, Loss: 3.8723
  Batch 9190/10484, Loss: 4.1750
  Batch 9200/10484, Loss: 4.2553
  Batch 9210/10484, Loss: 3.7060
  Batch 9220/10484, Loss: 4.3165
  Batch 9230/10484, Loss: 4.4767
  Batch 9240/10484, Loss: 4.2152
  Batch 9250/10484, Loss: 4.0770
  Batch 9260/10484, Loss: 3.6673
  Batch 9270/10484, Loss: 3.5386
  Batch 9280/10484, Loss: 4.4414
  Batch 9290/10484, Loss: 3.5547
  Batch 9300/10484, Loss: 3.7690
  Batch 9310/10484, Loss: 4.7584
  Batch 9320/10484, Loss: 3.7075
  Batch 9330/10484, Loss: 4.0931
  Batch 9340/10484, Loss: 4.2698
  Batch 9350/10484, Loss: 4.3318
  Batch 9360/10484, Loss: 3.9729
  Batch 9370/10484, Loss: 4.0818
  Batch 9380/10484, Loss: 4.4533
  Batch 9390/10484, Loss: 4.5972
  Batch 9400/10484, Loss: 4.4010
  Batch 9410/10484, Loss: 3.0490
  Batch 9420/10484, Loss: 4.6147
  Batch 9430/10484, Loss: 4.5606
  Batch 9440/10484, Loss: 4.0650
  Batch 9450/10484, Loss: 3.9401
  Batch 9460/10484, Loss: 3.6836
  Batch 9470/10484, Loss: 3.2373
  Batch 9480/10484, Loss: 3.4223
  Batch 9490/10484, Loss: 4.1761
  Batch 9500/10484, Loss: 3.7799
  Batch 9510/10484, Loss: 3.9223
  Batch 9520/10484, Loss: 4.0676
  Batch 9530/10484, Loss: 3.3363
  Batch 9540/10484, Loss: 3.5587
  Batch 9550/10484, Loss: 4.3086
  Batch 9560/10484, Loss: 3.7189
  Batch 9570/10484, Loss: 4.4741
  Batch 9580/10484, Loss: 4.1037
  Batch 9590/10484, Loss: 3.9225
  Batch 9600/10484, Loss: 3.6624
  Batch 9610/10484, Loss: 4.1738
  Batch 9620/10484, Loss: 4.4691
  Batch 9630/10484, Loss: 3.4178
  Batch 9640/10484, Loss: 4.3423
  Batch 9650/10484, Loss: 4.0900
  Batch 9660/10484, Loss: 4.0204
  Batch 9670/10484, Loss: 4.0880
  Batch 9680/10484, Loss: 4.0706
  Batch 9690/10484, Loss: 3.6728
  Batch 9700/10484, Loss: 4.3756
  Batch 9710/10484, Loss: 4.3903
  Batch 9720/10484, Loss: 3.6533
  Batch 9730/10484, Loss: 3.6283
  Batch 9740/10484, Loss: 4.2431
  Batch 9750/10484, Loss: 3.8477
  Batch 9760/10484, Loss: 3.8733
  Batch 9770/10484, Loss: 3.9679
  Batch 9780/10484, Loss: 4.3257
  Batch 9790/10484, Loss: 3.8498
  Batch 9800/10484, Loss: 3.8638
  Batch 9810/10484, Loss: 4.3770
  Batch 9820/10484, Loss: 2.9095
  Batch 9830/10484, Loss: 3.8038
  Batch 9840/10484, Loss: 4.0059
  Batch 9850/10484, Loss: 4.2237
  Batch 9860/10484, Loss: 3.2162
  Batch 9870/10484, Loss: 3.8677
  Batch 9880/10484, Loss: 3.6783
  Batch 9890/10484, Loss: 4.0104
  Batch 9900/10484, Loss: 4.2697
  Batch 9910/10484, Loss: 4.5135
  Batch 9920/10484, Loss: 5.0250
  Batch 9930/10484, Loss: 4.5210
  Batch 9940/10484, Loss: 3.9915
  Batch 9950/10484, Loss: 4.3262
  Batch 9960/10484, Loss: 4.0815
  Batch 9970/10484, Loss: 4.7447
  Batch 9980/10484, Loss: 3.9097
  Batch 9990/10484, Loss: 4.2984
  Batch 10000/10484, Loss: 4.0813
  Batch 10010/10484, Loss: 3.2978
  Batch 10020/10484, Loss: 3.8382
  Batch 10030/10484, Loss: 3.8843
  Batch 10040/10484, Loss: 3.9318
  Batch 10050/10484, Loss: 3.8278
  Batch 10060/10484, Loss: 3.9028
  Batch 10070/10484, Loss: 3.8189
  Batch 10080/10484, Loss: 3.8935
  Batch 10090/10484, Loss: 3.7197
  Batch 10100/10484, Loss: 3.6473
  Batch 10110/10484, Loss: 3.8191
  Batch 10120/10484, Loss: 3.9772
  Batch 10130/10484, Loss: 3.4673
  Batch 10140/10484, Loss: 3.9480
  Batch 10150/10484, Loss: 4.4603
  Batch 10160/10484, Loss: 4.2477
  Batch 10170/10484, Loss: 4.2793
  Batch 10180/10484, Loss: 3.7241
  Batch 10190/10484, Loss: 4.7027
  Batch 10200/10484, Loss: 3.7423
  Batch 10210/10484, Loss: 3.3974
  Batch 10220/10484, Loss: 3.9908
  Batch 10230/10484, Loss: 4.4546
  Batch 10240/10484, Loss: 3.4743
  Batch 10250/10484, Loss: 3.8874
  Batch 10260/10484, Loss: 3.4972
  Batch 10270/10484, Loss: 3.1210
  Batch 10280/10484, Loss: 4.0807
  Batch 10290/10484, Loss: 3.7787
  Batch 10300/10484, Loss: 4.2849
  Batch 10310/10484, Loss: 3.7969
  Batch 10320/10484, Loss: 4.2323
  Batch 10330/10484, Loss: 4.4032
  Batch 10340/10484, Loss: 4.2033
  Batch 10350/10484, Loss: 2.9961
  Batch 10360/10484, Loss: 4.3589
  Batch 10370/10484, Loss: 3.9649
  Batch 10380/10484, Loss: 4.5644
  Batch 10390/10484, Loss: 4.2435
  Batch 10400/10484, Loss: 3.9234
  Batch 10410/10484, Loss: 3.9836
  Batch 10420/10484, Loss: 3.6870
  Batch 10430/10484, Loss: 3.6791
  Batch 10440/10484, Loss: 4.0306
  Batch 10450/10484, Loss: 4.6628
  Batch 10460/10484, Loss: 3.9105
  Batch 10470/10484, Loss: 3.8086
  Batch 10480/10484, Loss: 4.0510

  Train Loss: 3.9389
  Val Loss: 6.6850
  Time: 31m 31s
  ✓ Saved checkpoint to /scratch/aitordiez/News2Stock/simple_seq2seq_fasttext/checkpoints/checkpoint_epoch_10.pt

Epoch 11/20
----------------------------------------
  Batch 10/10484, Loss: 3.8102
  Batch 20/10484, Loss: 3.3592
  Batch 30/10484, Loss: 4.1655
  Batch 40/10484, Loss: 3.1368
  Batch 50/10484, Loss: 3.8509
  Batch 60/10484, Loss: 3.4030
  Batch 70/10484, Loss: 3.6930
  Batch 80/10484, Loss: 3.7339
  Batch 90/10484, Loss: 3.8839
  Batch 100/10484, Loss: 4.5064
  Batch 110/10484, Loss: 3.2156
  Batch 120/10484, Loss: 3.5642
  Batch 130/10484, Loss: 3.1201
  Batch 140/10484, Loss: 3.4235
  Batch 150/10484, Loss: 4.1039
  Batch 160/10484, Loss: 2.9846
  Batch 170/10484, Loss: 3.5823
  Batch 180/10484, Loss: 3.5480
  Batch 190/10484, Loss: 3.1132
  Batch 200/10484, Loss: 3.5443
  Batch 210/10484, Loss: 3.7433
  Batch 220/10484, Loss: 3.6912
  Batch 230/10484, Loss: 3.9586
  Batch 240/10484, Loss: 3.4566
  Batch 250/10484, Loss: 4.0701
  Batch 260/10484, Loss: 4.1422
  Batch 270/10484, Loss: 4.0023
  Batch 280/10484, Loss: 3.7001
  Batch 290/10484, Loss: 4.5010
  Batch 300/10484, Loss: 4.1359
  Batch 310/10484, Loss: 3.5553
  Batch 320/10484, Loss: 3.5771
  Batch 330/10484, Loss: 4.0364
  Batch 340/10484, Loss: 3.4682
  Batch 350/10484, Loss: 3.6770
  Batch 360/10484, Loss: 3.9597
  Batch 370/10484, Loss: 3.8690
  Batch 380/10484, Loss: 4.2184
  Batch 390/10484, Loss: 4.0731
  Batch 400/10484, Loss: 4.0205
  Batch 410/10484, Loss: 3.5703
  Batch 420/10484, Loss: 3.6952
  Batch 430/10484, Loss: 3.5648
  Batch 440/10484, Loss: 2.9675
  Batch 450/10484, Loss: 3.0914
  Batch 460/10484, Loss: 3.4833
  Batch 470/10484, Loss: 4.0177
  Batch 480/10484, Loss: 3.6688
  Batch 490/10484, Loss: 2.7996
  Batch 500/10484, Loss: 4.3903
  Batch 510/10484, Loss: 3.4957
  Batch 520/10484, Loss: 3.4280
  Batch 530/10484, Loss: 3.8826
  Batch 540/10484, Loss: 3.5471
  Batch 550/10484, Loss: 3.8007
  Batch 560/10484, Loss: 3.7071
  Batch 570/10484, Loss: 3.1027
  Batch 580/10484, Loss: 4.2561
  Batch 590/10484, Loss: 3.6239
  Batch 600/10484, Loss: 3.4540
  Batch 610/10484, Loss: 3.4348
  Batch 620/10484, Loss: 4.0070
  Batch 630/10484, Loss: 3.6510
  Batch 640/10484, Loss: 3.7832
  Batch 650/10484, Loss: 3.9885
  Batch 660/10484, Loss: 3.6416
  Batch 670/10484, Loss: 4.1547
  Batch 680/10484, Loss: 3.8593
  Batch 690/10484, Loss: 3.8763
  Batch 700/10484, Loss: 4.0061
  Batch 710/10484, Loss: 3.7369
  Batch 720/10484, Loss: 3.5806
  Batch 730/10484, Loss: 3.8871
  Batch 740/10484, Loss: 3.6740
  Batch 750/10484, Loss: 4.3023
  Batch 760/10484, Loss: 3.8750
  Batch 770/10484, Loss: 3.5551
  Batch 780/10484, Loss: 3.1812
  Batch 790/10484, Loss: 3.7051
  Batch 800/10484, Loss: 3.2931
  Batch 810/10484, Loss: 3.6031
  Batch 820/10484, Loss: 3.6094
  Batch 830/10484, Loss: 4.0417
  Batch 840/10484, Loss: 3.1975
  Batch 850/10484, Loss: 3.1961
  Batch 860/10484, Loss: 3.7283
  Batch 870/10484, Loss: 3.5946
  Batch 880/10484, Loss: 4.1014
  Batch 890/10484, Loss: 3.9607
  Batch 900/10484, Loss: 3.3147
  Batch 910/10484, Loss: 3.8933
  Batch 920/10484, Loss: 4.3568
  Batch 930/10484, Loss: 4.0945
  Batch 940/10484, Loss: 3.5678
  Batch 950/10484, Loss: 3.9426
  Batch 960/10484, Loss: 4.0323
  Batch 970/10484, Loss: 3.7170
  Batch 980/10484, Loss: 3.3981
  Batch 990/10484, Loss: 3.4985
  Batch 1000/10484, Loss: 4.0934
  Batch 1010/10484, Loss: 4.5333
  Batch 1020/10484, Loss: 4.1768
  Batch 1030/10484, Loss: 3.7499
  Batch 1040/10484, Loss: 3.4919
  Batch 1050/10484, Loss: 3.5139
  Batch 1060/10484, Loss: 3.7914
  Batch 1070/10484, Loss: 4.6168
  Batch 1080/10484, Loss: 4.3069
  Batch 1090/10484, Loss: 3.5810
  Batch 1100/10484, Loss: 3.7455
  Batch 1110/10484, Loss: 3.6804
  Batch 1120/10484, Loss: 3.8211
  Batch 1130/10484, Loss: 3.7763
  Batch 1140/10484, Loss: 3.5201
  Batch 1150/10484, Loss: 3.3959
  Batch 1160/10484, Loss: 3.8191
  Batch 1170/10484, Loss: 4.0902
  Batch 1180/10484, Loss: 3.9165
  Batch 1190/10484, Loss: 4.0354
  Batch 1200/10484, Loss: 4.0781
  Batch 1210/10484, Loss: 3.8430
  Batch 1220/10484, Loss: 4.1196
  Batch 1230/10484, Loss: 3.9852
  Batch 1240/10484, Loss: 3.6626
  Batch 1250/10484, Loss: 4.1585
  Batch 1260/10484, Loss: 3.8472
  Batch 1270/10484, Loss: 3.7843
  Batch 1280/10484, Loss: 4.0592
  Batch 1290/10484, Loss: 4.4788
  Batch 1300/10484, Loss: 3.9487
  Batch 1310/10484, Loss: 3.9673
  Batch 1320/10484, Loss: 4.1539
  Batch 1330/10484, Loss: 2.7431
  Batch 1340/10484, Loss: 3.8788
  Batch 1350/10484, Loss: 4.2573
  Batch 1360/10484, Loss: 3.8861
  Batch 1370/10484, Loss: 3.5065
  Batch 1380/10484, Loss: 4.2355
  Batch 1390/10484, Loss: 3.8873
  Batch 1400/10484, Loss: 3.3947
  Batch 1410/10484, Loss: 4.2134
  Batch 1420/10484, Loss: 3.1585
  Batch 1430/10484, Loss: 4.1984
  Batch 1440/10484, Loss: 3.9849
  Batch 1450/10484, Loss: 3.9287
  Batch 1460/10484, Loss: 3.9697
  Batch 1470/10484, Loss: 4.1954
  Batch 1480/10484, Loss: 3.0157
  Batch 1490/10484, Loss: 2.7777
  Batch 1500/10484, Loss: 3.5751
  Batch 1510/10484, Loss: 4.3224
  Batch 1520/10484, Loss: 3.6985
  Batch 1530/10484, Loss: 4.0073
  Batch 1540/10484, Loss: 3.8027
  Batch 1550/10484, Loss: 3.7824
  Batch 1560/10484, Loss: 2.5983
  Batch 1570/10484, Loss: 3.4958
  Batch 1580/10484, Loss: 4.3480
  Batch 1590/10484, Loss: 4.2239
  Batch 1600/10484, Loss: 3.0244
  Batch 1610/10484, Loss: 3.9268
  Batch 1620/10484, Loss: 3.3690
  Batch 1630/10484, Loss: 4.3537
  Batch 1640/10484, Loss: 4.0298
  Batch 1650/10484, Loss: 4.2322
  Batch 1660/10484, Loss: 3.3493
  Batch 1670/10484, Loss: 4.1858
  Batch 1680/10484, Loss: 3.6773
  Batch 1690/10484, Loss: 3.6620
  Batch 1700/10484, Loss: 3.8483
  Batch 1710/10484, Loss: 3.6879
  Batch 1720/10484, Loss: 3.6141
  Batch 1730/10484, Loss: 3.4202
  Batch 1740/10484, Loss: 3.7263
  Batch 1750/10484, Loss: 3.3506
  Batch 1760/10484, Loss: 4.4789
  Batch 1770/10484, Loss: 3.9752
  Batch 1780/10484, Loss: 3.7993
  Batch 1790/10484, Loss: 4.2282
  Batch 1800/10484, Loss: 4.0152
  Batch 1810/10484, Loss: 4.1840
  Batch 1820/10484, Loss: 4.0664
  Batch 1830/10484, Loss: 3.5301
  Batch 1840/10484, Loss: 3.9987
  Batch 1850/10484, Loss: 3.7885
  Batch 1860/10484, Loss: 4.1038
  Batch 1870/10484, Loss: 3.9597
  Batch 1880/10484, Loss: 3.7331
  Batch 1890/10484, Loss: 3.0369
  Batch 1900/10484, Loss: 3.7571
  Batch 1910/10484, Loss: 4.7485
  Batch 1920/10484, Loss: 3.5392
  Batch 1930/10484, Loss: 4.2771
  Batch 1940/10484, Loss: 4.1859
  Batch 1950/10484, Loss: 3.8165
  Batch 1960/10484, Loss: 4.3057
  Batch 1970/10484, Loss: 4.1200
  Batch 1980/10484, Loss: 4.1901
  Batch 1990/10484, Loss: 4.0493
  Batch 2000/10484, Loss: 3.3376
  Batch 2010/10484, Loss: 4.0461
  Batch 2020/10484, Loss: 4.2208
  Batch 2030/10484, Loss: 3.9016
  Batch 2040/10484, Loss: 4.2794
  Batch 2050/10484, Loss: 4.1012
  Batch 2060/10484, Loss: 3.4537
  Batch 2070/10484, Loss: 3.9424
  Batch 2080/10484, Loss: 4.5357
  Batch 2090/10484, Loss: 3.8999
  Batch 2100/10484, Loss: 4.2989
  Batch 2110/10484, Loss: 3.8254
  Batch 2120/10484, Loss: 3.4792
  Batch 2130/10484, Loss: 3.0372
  Batch 2140/10484, Loss: 3.8958
  Batch 2150/10484, Loss: 4.4573
  Batch 2160/10484, Loss: 4.2061
  Batch 2170/10484, Loss: 4.2516
  Batch 2180/10484, Loss: 4.3151
  Batch 2190/10484, Loss: 4.1816
  Batch 2200/10484, Loss: 3.8833
  Batch 2210/10484, Loss: 4.2012
  Batch 2220/10484, Loss: 3.9381
  Batch 2230/10484, Loss: 3.5052
  Batch 2240/10484, Loss: 3.6172
  Batch 2250/10484, Loss: 3.2024
  Batch 2260/10484, Loss: 3.0901
  Batch 2270/10484, Loss: 3.9173
  Batch 2280/10484, Loss: 4.1224
  Batch 2290/10484, Loss: 3.6733
  Batch 2300/10484, Loss: 3.7368
  Batch 2310/10484, Loss: 3.7449
  Batch 2320/10484, Loss: 3.2632
  Batch 2330/10484, Loss: 4.3405
  Batch 2340/10484, Loss: 4.5228
  Batch 2350/10484, Loss: 4.2725
  Batch 2360/10484, Loss: 4.2017
  Batch 2370/10484, Loss: 3.9413
  Batch 2380/10484, Loss: 4.3950
  Batch 2390/10484, Loss: 4.2468
  Batch 2400/10484, Loss: 2.6686
  Batch 2410/10484, Loss: 3.6885
  Batch 2420/10484, Loss: 4.3186
  Batch 2430/10484, Loss: 3.5552
  Batch 2440/10484, Loss: 3.7554
  Batch 2450/10484, Loss: 3.6195
  Batch 2460/10484, Loss: 3.8185
  Batch 2470/10484, Loss: 3.9995
  Batch 2480/10484, Loss: 3.7347
  Batch 2490/10484, Loss: 4.1244
  Batch 2500/10484, Loss: 4.6481
  Batch 2510/10484, Loss: 5.0993
  Batch 2520/10484, Loss: 3.9699
  Batch 2530/10484, Loss: 4.1235
  Batch 2540/10484, Loss: 4.1967
  Batch 2550/10484, Loss: 3.6942
  Batch 2560/10484, Loss: 4.3736
  Batch 2570/10484, Loss: 3.9145
  Batch 2580/10484, Loss: 4.4556
  Batch 2590/10484, Loss: 4.3280
  Batch 2600/10484, Loss: 3.8816
  Batch 2610/10484, Loss: 3.8118
  Batch 2620/10484, Loss: 4.2211
  Batch 2630/10484, Loss: 3.3368
  Batch 2640/10484, Loss: 3.9207
  Batch 2650/10484, Loss: 4.1090
  Batch 2660/10484, Loss: 3.8989
  Batch 2670/10484, Loss: 4.3961
  Batch 2680/10484, Loss: 3.6783
  Batch 2690/10484, Loss: 4.3549
  Batch 2700/10484, Loss: 3.8799
  Batch 2710/10484, Loss: 4.0681
  Batch 2720/10484, Loss: 4.3364
  Batch 2730/10484, Loss: 3.5738
  Batch 2740/10484, Loss: 4.1407
  Batch 2750/10484, Loss: 4.1987
  Batch 2760/10484, Loss: 3.8160
  Batch 2770/10484, Loss: 4.5915
  Batch 2780/10484, Loss: 3.5299
  Batch 2790/10484, Loss: 3.9807
  Batch 2800/10484, Loss: 3.8282
  Batch 2810/10484, Loss: 3.8070
  Batch 2820/10484, Loss: 4.0664
  Batch 2830/10484, Loss: 3.6637
  Batch 2840/10484, Loss: 3.9431
  Batch 2850/10484, Loss: 3.2459
  Batch 2860/10484, Loss: 4.1321
  Batch 2870/10484, Loss: 3.7056
  Batch 2880/10484, Loss: 3.3630
  Batch 2890/10484, Loss: 4.3622
  Batch 2900/10484, Loss: 3.8906
  Batch 2910/10484, Loss: 4.1834
  Batch 2920/10484, Loss: 2.9496
  Batch 2930/10484, Loss: 3.8971
  Batch 2940/10484, Loss: 4.0270
  Batch 2950/10484, Loss: 4.1448
  Batch 2960/10484, Loss: 4.2403
  Batch 2970/10484, Loss: 3.9592
  Batch 2980/10484, Loss: 4.0923
  Batch 2990/10484, Loss: 3.5282
  Batch 3000/10484, Loss: 3.1895
  Batch 3010/10484, Loss: 4.2780
  Batch 3020/10484, Loss: 4.0051
  Batch 3030/10484, Loss: 4.0139
  Batch 3040/10484, Loss: 4.2896
  Batch 3050/10484, Loss: 4.1400
  Batch 3060/10484, Loss: 3.7217
  Batch 3070/10484, Loss: 3.4001
  Batch 3080/10484, Loss: 3.4261
  Batch 3090/10484, Loss: 3.7140
  Batch 3100/10484, Loss: 3.5603
  Batch 3110/10484, Loss: 3.5456
  Batch 3120/10484, Loss: 3.8999
  Batch 3130/10484, Loss: 4.3075
  Batch 3140/10484, Loss: 3.8555
  Batch 3150/10484, Loss: 3.9761
  Batch 3160/10484, Loss: 4.0368
  Batch 3170/10484, Loss: 4.4070
  Batch 3180/10484, Loss: 3.2593
  Batch 3190/10484, Loss: 3.7731
  Batch 3200/10484, Loss: 3.3083
  Batch 3210/10484, Loss: 3.1197
  Batch 3220/10484, Loss: 3.6387
  Batch 3230/10484, Loss: 3.9834
  Batch 3240/10484, Loss: 3.6455
  Batch 3250/10484, Loss: 4.6223
  Batch 3260/10484, Loss: 3.2964
  Batch 3270/10484, Loss: 3.7317
  Batch 3280/10484, Loss: 3.6283
  Batch 3290/10484, Loss: 3.7242
  Batch 3300/10484, Loss: 4.1068
  Batch 3310/10484, Loss: 3.7635
  Batch 3320/10484, Loss: 4.1097
  Batch 3330/10484, Loss: 3.0985
  Batch 3340/10484, Loss: 4.3994
  Batch 3350/10484, Loss: 3.8034
  Batch 3360/10484, Loss: 4.1837
  Batch 3370/10484, Loss: 4.4038
  Batch 3380/10484, Loss: 4.6156
  Batch 3390/10484, Loss: 4.0040
  Batch 3400/10484, Loss: 3.9379
  Batch 3410/10484, Loss: 4.1039
  Batch 3420/10484, Loss: 3.7018
  Batch 3430/10484, Loss: 3.8794
  Batch 3440/10484, Loss: 3.9131
  Batch 3450/10484, Loss: 4.9400
  Batch 3460/10484, Loss: 4.1971
  Batch 3470/10484, Loss: 3.2250
  Batch 3480/10484, Loss: 3.3744
  Batch 3490/10484, Loss: 3.5294
  Batch 3500/10484, Loss: 3.4927
  Batch 3510/10484, Loss: 4.4934
  Batch 3520/10484, Loss: 3.2466
  Batch 3530/10484, Loss: 3.9891
  Batch 3540/10484, Loss: 3.8900
  Batch 3550/10484, Loss: 3.7467
  Batch 3560/10484, Loss: 4.1921
  Batch 3570/10484, Loss: 3.8075
  Batch 3580/10484, Loss: 3.7047
  Batch 3590/10484, Loss: 4.2198
  Batch 3600/10484, Loss: 3.9783
  Batch 3610/10484, Loss: 4.4521
  Batch 3620/10484, Loss: 4.2349
  Batch 3630/10484, Loss: 3.9182
  Batch 3640/10484, Loss: 4.1926
  Batch 3650/10484, Loss: 4.3845
  Batch 3660/10484, Loss: 4.1699
  Batch 3670/10484, Loss: 3.5424
  Batch 3680/10484, Loss: 3.8933
  Batch 3690/10484, Loss: 3.6944
  Batch 3700/10484, Loss: 3.8052
  Batch 3710/10484, Loss: 3.8873
  Batch 3720/10484, Loss: 4.2712
  Batch 3730/10484, Loss: 4.1193
  Batch 3740/10484, Loss: 3.2925
  Batch 3750/10484, Loss: 3.3523
  Batch 3760/10484, Loss: 3.6971
  Batch 3770/10484, Loss: 4.0536
  Batch 3780/10484, Loss: 3.9612
  Batch 3790/10484, Loss: 4.5459
  Batch 3800/10484, Loss: 4.3622
  Batch 3810/10484, Loss: 4.1186
  Batch 3820/10484, Loss: 3.3306
  Batch 3830/10484, Loss: 3.4089
  Batch 3840/10484, Loss: 3.9197
  Batch 3850/10484, Loss: 3.9140
  Batch 3860/10484, Loss: 3.7154
  Batch 3870/10484, Loss: 3.7187
  Batch 3880/10484, Loss: 3.5634
  Batch 3890/10484, Loss: 3.7047
  Batch 3900/10484, Loss: 4.4285
  Batch 3910/10484, Loss: 4.0867
  Batch 3920/10484, Loss: 4.1256
  Batch 3930/10484, Loss: 4.0902
  Batch 3940/10484, Loss: 4.0895
  Batch 3950/10484, Loss: 4.9800
  Batch 3960/10484, Loss: 4.0765
  Batch 3970/10484, Loss: 4.1515
  Batch 3980/10484, Loss: 4.2960
  Batch 3990/10484, Loss: 3.4306
  Batch 4000/10484, Loss: 3.7767
  Batch 4010/10484, Loss: 3.7882
  Batch 4020/10484, Loss: 4.5384
  Batch 4030/10484, Loss: 4.6087
  Batch 4040/10484, Loss: 4.4812
  Batch 4050/10484, Loss: 4.4181
  Batch 4060/10484, Loss: 3.8311
  Batch 4070/10484, Loss: 3.6437
  Batch 4080/10484, Loss: 3.4105
  Batch 4090/10484, Loss: 4.6065
  Batch 4100/10484, Loss: 3.9603
  Batch 4110/10484, Loss: 4.4356
  Batch 4120/10484, Loss: 3.7718
  Batch 4130/10484, Loss: 3.6963
  Batch 4140/10484, Loss: 3.8847
  Batch 4150/10484, Loss: 3.4922
  Batch 4160/10484, Loss: 4.1084
  Batch 4170/10484, Loss: 3.0077
  Batch 4180/10484, Loss: 3.5262
  Batch 4190/10484, Loss: 4.0956
  Batch 4200/10484, Loss: 3.6539
  Batch 4210/10484, Loss: 3.8622
  Batch 4220/10484, Loss: 4.5716
  Batch 4230/10484, Loss: 3.9055
  Batch 4240/10484, Loss: 3.9643
  Batch 4250/10484, Loss: 4.0472
  Batch 4260/10484, Loss: 4.4100
  Batch 4270/10484, Loss: 3.8426
  Batch 4280/10484, Loss: 3.8948
  Batch 4290/10484, Loss: 3.8677
  Batch 4300/10484, Loss: 3.8031
  Batch 4310/10484, Loss: 4.3588
  Batch 4320/10484, Loss: 3.9158
  Batch 4330/10484, Loss: 3.8222
  Batch 4340/10484, Loss: 4.2358
  Batch 4350/10484, Loss: 3.4369
  Batch 4360/10484, Loss: 4.3131
  Batch 4370/10484, Loss: 4.2389
  Batch 4380/10484, Loss: 2.8227
  Batch 4390/10484, Loss: 3.7525
  Batch 4400/10484, Loss: 4.0649
  Batch 4410/10484, Loss: 3.9328
  Batch 4420/10484, Loss: 3.6916
  Batch 4430/10484, Loss: 3.6407
  Batch 4440/10484, Loss: 4.0025
  Batch 4450/10484, Loss: 3.5376
  Batch 4460/10484, Loss: 3.8403
  Batch 4470/10484, Loss: 3.4338
  Batch 4480/10484, Loss: 3.9006
  Batch 4490/10484, Loss: 3.2911
  Batch 4500/10484, Loss: 3.9191
  Batch 4510/10484, Loss: 4.3312
  Batch 4520/10484, Loss: 3.8965
  Batch 4530/10484, Loss: 3.9104
  Batch 4540/10484, Loss: 4.0838
  Batch 4550/10484, Loss: 4.3317
  Batch 4560/10484, Loss: 3.7256
  Batch 4570/10484, Loss: 4.0937
  Batch 4580/10484, Loss: 3.9506
  Batch 4590/10484, Loss: 3.7039
  Batch 4600/10484, Loss: 3.9509
  Batch 4610/10484, Loss: 4.0501
  Batch 4620/10484, Loss: 3.3685
  Batch 4630/10484, Loss: 4.0154
  Batch 4640/10484, Loss: 4.2766
  Batch 4650/10484, Loss: 4.0971
  Batch 4660/10484, Loss: 4.3581
  Batch 4670/10484, Loss: 4.2120
  Batch 4680/10484, Loss: 4.1760
  Batch 4690/10484, Loss: 3.8713
  Batch 4700/10484, Loss: 4.2125
  Batch 4710/10484, Loss: 3.7012
  Batch 4720/10484, Loss: 4.1140
  Batch 4730/10484, Loss: 3.8607
  Batch 4740/10484, Loss: 3.8783
  Batch 4750/10484, Loss: 3.7421
  Batch 4760/10484, Loss: 3.8275
  Batch 4770/10484, Loss: 3.7481
  Batch 4780/10484, Loss: 3.8853
  Batch 4790/10484, Loss: 3.9835
  Batch 4800/10484, Loss: 3.7556
  Batch 4810/10484, Loss: 3.9077
  Batch 4820/10484, Loss: 4.1057
  Batch 4830/10484, Loss: 4.2820
  Batch 4840/10484, Loss: 3.9201
  Batch 4850/10484, Loss: 4.2332
  Batch 4860/10484, Loss: 3.9781
  Batch 4870/10484, Loss: 4.2841
  Batch 4880/10484, Loss: 4.1719
  Batch 4890/10484, Loss: 3.6743
  Batch 4900/10484, Loss: 3.3928
  Batch 4910/10484, Loss: 4.1206
  Batch 4920/10484, Loss: 3.9462
  Batch 4930/10484, Loss: 4.3059
  Batch 4940/10484, Loss: 3.9495
  Batch 4950/10484, Loss: 3.7810
  Batch 4960/10484, Loss: 4.2142
  Batch 4970/10484, Loss: 4.0666
  Batch 4980/10484, Loss: 3.4473
  Batch 4990/10484, Loss: 3.8248
  Batch 5000/10484, Loss: 3.9919
  Batch 5010/10484, Loss: 4.4908
  Batch 5020/10484, Loss: 3.4219
  Batch 5030/10484, Loss: 4.3584
  Batch 5040/10484, Loss: 3.9515
  Batch 5050/10484, Loss: 4.1500
  Batch 5060/10484, Loss: 4.2878
  Batch 5070/10484, Loss: 4.0560
  Batch 5080/10484, Loss: 3.7778
  Batch 5090/10484, Loss: 3.5569
  Batch 5100/10484, Loss: 4.0394
  Batch 5110/10484, Loss: 3.9142
  Batch 5120/10484, Loss: 4.0373
  Batch 5130/10484, Loss: 3.8902
  Batch 5140/10484, Loss: 3.8042
  Batch 5150/10484, Loss: 4.5841
  Batch 5160/10484, Loss: 3.2454
  Batch 5170/10484, Loss: 3.7301
  Batch 5180/10484, Loss: 3.8717
  Batch 5190/10484, Loss: 3.1731
  Batch 5200/10484, Loss: 4.0961
  Batch 5210/10484, Loss: 3.6841
  Batch 5220/10484, Loss: 4.1598
  Batch 5230/10484, Loss: 3.7135
  Batch 5240/10484, Loss: 3.8048
  Batch 5250/10484, Loss: 3.7658
  Batch 5260/10484, Loss: 3.8812
  Batch 5270/10484, Loss: 4.3231
  Batch 5280/10484, Loss: 4.0704
  Batch 5290/10484, Loss: 4.2684
  Batch 5300/10484, Loss: 4.1252
  Batch 5310/10484, Loss: 4.1205
  Batch 5320/10484, Loss: 4.3476
  Batch 5330/10484, Loss: 4.0151
  Batch 5340/10484, Loss: 4.2854
  Batch 5350/10484, Loss: 3.5049
  Batch 5360/10484, Loss: 3.5540
  Batch 5370/10484, Loss: 3.7221
  Batch 5380/10484, Loss: 3.6633
  Batch 5390/10484, Loss: 3.9000
  Batch 5400/10484, Loss: 4.2722
  Batch 5410/10484, Loss: 3.8869
  Batch 5420/10484, Loss: 3.6311
  Batch 5430/10484, Loss: 4.2305
  Batch 5440/10484, Loss: 4.4378
  Batch 5450/10484, Loss: 3.5316
  Batch 5460/10484, Loss: 3.8656
  Batch 5470/10484, Loss: 4.2506
  Batch 5480/10484, Loss: 4.1072
  Batch 5490/10484, Loss: 3.7756
  Batch 5500/10484, Loss: 4.5373
  Batch 5510/10484, Loss: 3.9701
  Batch 5520/10484, Loss: 3.4020
  Batch 5530/10484, Loss: 4.0044
  Batch 5540/10484, Loss: 4.3585
  Batch 5550/10484, Loss: 4.4544
  Batch 5560/10484, Loss: 3.6054
  Batch 5570/10484, Loss: 3.3777
  Batch 5580/10484, Loss: 4.2440
  Batch 5590/10484, Loss: 3.9567
  Batch 5600/10484, Loss: 4.2194
  Batch 5610/10484, Loss: 4.1311
  Batch 5620/10484, Loss: 4.4378
  Batch 5630/10484, Loss: 3.7527
  Batch 5640/10484, Loss: 3.5432
  Batch 5650/10484, Loss: 3.8240
  Batch 5660/10484, Loss: 4.2018
  Batch 5670/10484, Loss: 3.9311
  Batch 5680/10484, Loss: 3.5447
  Batch 5690/10484, Loss: 4.2456
  Batch 5700/10484, Loss: 3.3108
  Batch 5710/10484, Loss: 3.6111
  Batch 5720/10484, Loss: 3.5428
  Batch 5730/10484, Loss: 3.8617
  Batch 5740/10484, Loss: 4.2907
  Batch 5750/10484, Loss: 4.1619
  Batch 5760/10484, Loss: 4.4362
  Batch 5770/10484, Loss: 4.7141
  Batch 5780/10484, Loss: 4.0414
  Batch 5790/10484, Loss: 4.2809
  Batch 5800/10484, Loss: 3.8688
  Batch 5810/10484, Loss: 4.1277
  Batch 5820/10484, Loss: 3.9319
  Batch 5830/10484, Loss: 3.8065
  Batch 5840/10484, Loss: 4.1295
  Batch 5850/10484, Loss: 3.7678
  Batch 5860/10484, Loss: 3.4183
  Batch 5870/10484, Loss: 3.7298
  Batch 5880/10484, Loss: 4.0231
  Batch 5890/10484, Loss: 4.4710
  Batch 5900/10484, Loss: 3.3671
  Batch 5910/10484, Loss: 4.1750
  Batch 5920/10484, Loss: 4.1789
  Batch 5930/10484, Loss: 4.0946
  Batch 5940/10484, Loss: 4.0498
  Batch 5950/10484, Loss: 3.0978
  Batch 5960/10484, Loss: 4.0040
  Batch 5970/10484, Loss: 3.4719
  Batch 5980/10484, Loss: 4.2460
  Batch 5990/10484, Loss: 3.6780
  Batch 6000/10484, Loss: 3.5500
  Batch 6010/10484, Loss: 4.0882
  Batch 6020/10484, Loss: 3.6303
  Batch 6030/10484, Loss: 3.8250
  Batch 6040/10484, Loss: 4.1016
  Batch 6050/10484, Loss: 4.3191
  Batch 6060/10484, Loss: 4.6612
  Batch 6070/10484, Loss: 3.4528
  Batch 6080/10484, Loss: 3.1341
  Batch 6090/10484, Loss: 4.1864
  Batch 6100/10484, Loss: 3.4974
  Batch 6110/10484, Loss: 3.4670
  Batch 6120/10484, Loss: 4.3862
  Batch 6130/10484, Loss: 4.0499
  Batch 6140/10484, Loss: 4.2443
  Batch 6150/10484, Loss: 3.2117
  Batch 6160/10484, Loss: 3.7837
  Batch 6170/10484, Loss: 3.9357
  Batch 6180/10484, Loss: 3.5369
  Batch 6190/10484, Loss: 3.8288
  Batch 6200/10484, Loss: 3.8300
  Batch 6210/10484, Loss: 3.7023
  Batch 6220/10484, Loss: 4.0564
  Batch 6230/10484, Loss: 4.1649
  Batch 6240/10484, Loss: 4.0537
  Batch 6250/10484, Loss: 3.8320
  Batch 6260/10484, Loss: 3.4010
  Batch 6270/10484, Loss: 3.9478
  Batch 6280/10484, Loss: 4.0351
  Batch 6290/10484, Loss: 3.8818
  Batch 6300/10484, Loss: 4.2547
  Batch 6310/10484, Loss: 4.5677
  Batch 6320/10484, Loss: 3.5965
  Batch 6330/10484, Loss: 4.4424
  Batch 6340/10484, Loss: 4.4452
  Batch 6350/10484, Loss: 3.5185
  Batch 6360/10484, Loss: 4.3728
  Batch 6370/10484, Loss: 4.0403
  Batch 6380/10484, Loss: 3.1402
  Batch 6390/10484, Loss: 4.2124
  Batch 6400/10484, Loss: 3.3547
  Batch 6410/10484, Loss: 3.5558
  Batch 6420/10484, Loss: 3.9509
  Batch 6430/10484, Loss: 4.1323
  Batch 6440/10484, Loss: 3.8230
  Batch 6450/10484, Loss: 4.2440
  Batch 6460/10484, Loss: 3.9281
  Batch 6470/10484, Loss: 3.2418
  Batch 6480/10484, Loss: 3.8709
  Batch 6490/10484, Loss: 4.3077
  Batch 6500/10484, Loss: 3.4491
  Batch 6510/10484, Loss: 4.1237
  Batch 6520/10484, Loss: 4.1294
  Batch 6530/10484, Loss: 3.7992
  Batch 6540/10484, Loss: 3.5392
  Batch 6550/10484, Loss: 4.1877
  Batch 6560/10484, Loss: 3.9804
  Batch 6570/10484, Loss: 3.9609
  Batch 6580/10484, Loss: 3.8042
  Batch 6590/10484, Loss: 2.8865
  Batch 6600/10484, Loss: 4.2994
  Batch 6610/10484, Loss: 3.3354
  Batch 6620/10484, Loss: 3.4095
  Batch 6630/10484, Loss: 3.4296
  Batch 6640/10484, Loss: 3.5978
  Batch 6650/10484, Loss: 4.5769
  Batch 6660/10484, Loss: 3.3280
  Batch 6670/10484, Loss: 3.1736
  Batch 6680/10484, Loss: 4.0105
  Batch 6690/10484, Loss: 3.9380
  Batch 6700/10484, Loss: 3.7154
  Batch 6710/10484, Loss: 4.3320
  Batch 6720/10484, Loss: 3.4752
  Batch 6730/10484, Loss: 3.3231
  Batch 6740/10484, Loss: 3.5575
  Batch 6750/10484, Loss: 3.7496
  Batch 6760/10484, Loss: 4.1371
  Batch 6770/10484, Loss: 3.5877
  Batch 6780/10484, Loss: 3.3446
  Batch 6790/10484, Loss: 3.7610
  Batch 6800/10484, Loss: 3.4088
  Batch 6810/10484, Loss: 4.0584
  Batch 6820/10484, Loss: 4.4314
  Batch 6830/10484, Loss: 3.5302
  Batch 6840/10484, Loss: 3.3750
  Batch 6850/10484, Loss: 4.0649
  Batch 6860/10484, Loss: 4.2539
  Batch 6870/10484, Loss: 4.0840
  Batch 6880/10484, Loss: 3.8248
  Batch 6890/10484, Loss: 3.6911
  Batch 6900/10484, Loss: 4.3010
  Batch 6910/10484, Loss: 3.7505
  Batch 6920/10484, Loss: 4.3582
  Batch 6930/10484, Loss: 3.7707
  Batch 6940/10484, Loss: 3.5970
  Batch 6950/10484, Loss: 4.5761
  Batch 6960/10484, Loss: 4.5308
  Batch 6970/10484, Loss: 3.9753
  Batch 6980/10484, Loss: 4.3194
  Batch 6990/10484, Loss: 3.8551
  Batch 7000/10484, Loss: 3.5024
  Batch 7010/10484, Loss: 3.9325
  Batch 7020/10484, Loss: 4.2690
  Batch 7030/10484, Loss: 3.4222
  Batch 7040/10484, Loss: 4.1999
  Batch 7050/10484, Loss: 4.1438
  Batch 7060/10484, Loss: 3.1086
  Batch 7070/10484, Loss: 3.8535
  Batch 7080/10484, Loss: 3.9566
  Batch 7090/10484, Loss: 4.0247
  Batch 7100/10484, Loss: 4.0176
  Batch 7110/10484, Loss: 3.4550
  Batch 7120/10484, Loss: 4.0428
  Batch 7130/10484, Loss: 4.2499
  Batch 7140/10484, Loss: 3.9467
  Batch 7150/10484, Loss: 3.7470
  Batch 7160/10484, Loss: 4.2318
  Batch 7170/10484, Loss: 3.5651
  Batch 7180/10484, Loss: 3.8275
  Batch 7190/10484, Loss: 4.0555
  Batch 7200/10484, Loss: 3.6847
  Batch 7210/10484, Loss: 3.6961
  Batch 7220/10484, Loss: 3.0732
  Batch 7230/10484, Loss: 3.7329
  Batch 7240/10484, Loss: 3.9456
  Batch 7250/10484, Loss: 3.6509
  Batch 7260/10484, Loss: 4.3327
  Batch 7270/10484, Loss: 4.1363
  Batch 7280/10484, Loss: 3.4890
  Batch 7290/10484, Loss: 4.0719
  Batch 7300/10484, Loss: 3.6507
  Batch 7310/10484, Loss: 4.6295
  Batch 7320/10484, Loss: 4.2172
  Batch 7330/10484, Loss: 4.1232
  Batch 7340/10484, Loss: 4.1054
  Batch 7350/10484, Loss: 3.6088
  Batch 7360/10484, Loss: 4.2175
  Batch 7370/10484, Loss: 3.9953
  Batch 7380/10484, Loss: 4.0656
  Batch 7390/10484, Loss: 3.5865
  Batch 7400/10484, Loss: 3.9325
  Batch 7410/10484, Loss: 3.5008
  Batch 7420/10484, Loss: 4.0488
  Batch 7430/10484, Loss: 3.8124
  Batch 7440/10484, Loss: 4.2291
  Batch 7450/10484, Loss: 3.9432
  Batch 7460/10484, Loss: 3.8098
  Batch 7470/10484, Loss: 3.4014
  Batch 7480/10484, Loss: 4.6305
  Batch 7490/10484, Loss: 3.7178
  Batch 7500/10484, Loss: 3.4942
  Batch 7510/10484, Loss: 4.3597
  Batch 7520/10484, Loss: 4.1029
  Batch 7530/10484, Loss: 4.3966
  Batch 7540/10484, Loss: 4.0382
  Batch 7550/10484, Loss: 3.8534
  Batch 7560/10484, Loss: 4.3565
  Batch 7570/10484, Loss: 4.3692
  Batch 7580/10484, Loss: 4.1308
  Batch 7590/10484, Loss: 3.7583
  Batch 7600/10484, Loss: 3.6177
  Batch 7610/10484, Loss: 3.6093
  Batch 7620/10484, Loss: 3.8244
  Batch 7630/10484, Loss: 4.2082
  Batch 7640/10484, Loss: 4.2802
  Batch 7650/10484, Loss: 4.1765
  Batch 7660/10484, Loss: 3.7618
  Batch 7670/10484, Loss: 4.2243
  Batch 7680/10484, Loss: 4.3692
  Batch 7690/10484, Loss: 3.8415
  Batch 7700/10484, Loss: 4.3341
  Batch 7710/10484, Loss: 4.7700
  Batch 7720/10484, Loss: 3.3395
  Batch 7730/10484, Loss: 3.4111
  Batch 7740/10484, Loss: 3.5673
  Batch 7750/10484, Loss: 3.5511
  Batch 7760/10484, Loss: 3.6621
  Batch 7770/10484, Loss: 3.9404
  Batch 7780/10484, Loss: 3.2823
  Batch 7790/10484, Loss: 4.2599
  Batch 7800/10484, Loss: 4.0011
  Batch 7810/10484, Loss: 2.9441
  Batch 7820/10484, Loss: 3.8131
  Batch 7830/10484, Loss: 3.7913
  Batch 7840/10484, Loss: 3.1396
  Batch 7850/10484, Loss: 3.9824
  Batch 7860/10484, Loss: 4.7056
  Batch 7870/10484, Loss: 3.9821
  Batch 7880/10484, Loss: 3.8776
  Batch 7890/10484, Loss: 4.4544
  Batch 7900/10484, Loss: 3.9996
  Batch 7910/10484, Loss: 4.4664
  Batch 7920/10484, Loss: 3.7497
  Batch 7930/10484, Loss: 4.4554
  Batch 7940/10484, Loss: 4.3700
  Batch 7950/10484, Loss: 3.9722
  Batch 7960/10484, Loss: 4.3627
  Batch 7970/10484, Loss: 3.0268
  Batch 7980/10484, Loss: 4.8843
  Batch 7990/10484, Loss: 3.7309
  Batch 8000/10484, Loss: 3.5351
  Batch 8010/10484, Loss: 3.3135
  Batch 8020/10484, Loss: 3.1026
  Batch 8030/10484, Loss: 4.0117
  Batch 8040/10484, Loss: 3.8702
  Batch 8050/10484, Loss: 3.8673
  Batch 8060/10484, Loss: 4.4460
  Batch 8070/10484, Loss: 3.3419
  Batch 8080/10484, Loss: 4.4996
  Batch 8090/10484, Loss: 3.6008
  Batch 8100/10484, Loss: 3.3851
  Batch 8110/10484, Loss: 4.3256
  Batch 8120/10484, Loss: 3.8880
  Batch 8130/10484, Loss: 4.1443
  Batch 8140/10484, Loss: 3.9812
  Batch 8150/10484, Loss: 4.2718
  Batch 8160/10484, Loss: 3.5741
  Batch 8170/10484, Loss: 4.6846
  Batch 8180/10484, Loss: 4.1476
  Batch 8190/10484, Loss: 3.7252
  Batch 8200/10484, Loss: 4.1438
  Batch 8210/10484, Loss: 3.8686
  Batch 8220/10484, Loss: 4.0011
  Batch 8230/10484, Loss: 4.2954
  Batch 8240/10484, Loss: 3.7163
  Batch 8250/10484, Loss: 4.3212
  Batch 8260/10484, Loss: 4.4114
  Batch 8270/10484, Loss: 4.1795
  Batch 8280/10484, Loss: 3.9173
  Batch 8290/10484, Loss: 3.7900
  Batch 8300/10484, Loss: 4.0735
  Batch 8310/10484, Loss: 4.2982
  Batch 8320/10484, Loss: 4.0048
  Batch 8330/10484, Loss: 3.4517
  Batch 8340/10484, Loss: 4.6291
  Batch 8350/10484, Loss: 3.4777
  Batch 8360/10484, Loss: 3.9210
  Batch 8370/10484, Loss: 4.2281
  Batch 8380/10484, Loss: 3.8377
  Batch 8390/10484, Loss: 3.4512
  Batch 8400/10484, Loss: 3.5250
  Batch 8410/10484, Loss: 4.6142
  Batch 8420/10484, Loss: 3.9243
  Batch 8430/10484, Loss: 4.3052
  Batch 8440/10484, Loss: 4.0336
  Batch 8450/10484, Loss: 4.2057
  Batch 8460/10484, Loss: 3.9609
  Batch 8470/10484, Loss: 3.7296
  Batch 8480/10484, Loss: 4.2116
  Batch 8490/10484, Loss: 3.8121
  Batch 8500/10484, Loss: 3.8540
  Batch 8510/10484, Loss: 3.7040
  Batch 8520/10484, Loss: 4.4734
  Batch 8530/10484, Loss: 4.5414
  Batch 8540/10484, Loss: 4.5417
  Batch 8550/10484, Loss: 4.6482
  Batch 8560/10484, Loss: 3.6744
  Batch 8570/10484, Loss: 3.7929
  Batch 8580/10484, Loss: 4.2736
  Batch 8590/10484, Loss: 4.4108
  Batch 8600/10484, Loss: 4.4259
  Batch 8610/10484, Loss: 3.7118
  Batch 8620/10484, Loss: 2.8938
  Batch 8630/10484, Loss: 3.5716
  Batch 8640/10484, Loss: 3.8870
  Batch 8650/10484, Loss: 3.6886
  Batch 8660/10484, Loss: 4.0941
  Batch 8670/10484, Loss: 4.0119
  Batch 8680/10484, Loss: 3.9464
  Batch 8690/10484, Loss: 4.1566
  Batch 8700/10484, Loss: 3.7829
  Batch 8710/10484, Loss: 4.7378
  Batch 8720/10484, Loss: 4.1675
  Batch 8730/10484, Loss: 3.8115
  Batch 8740/10484, Loss: 3.5385
  Batch 8750/10484, Loss: 3.9994
  Batch 8760/10484, Loss: 3.9364
  Batch 8770/10484, Loss: 3.5484
  Batch 8780/10484, Loss: 3.2502
  Batch 8790/10484, Loss: 4.2133
  Batch 8800/10484, Loss: 3.7215
  Batch 8810/10484, Loss: 4.2022
  Batch 8820/10484, Loss: 3.5065
  Batch 8830/10484, Loss: 3.6193
  Batch 8840/10484, Loss: 3.6557
  Batch 8850/10484, Loss: 3.6723
  Batch 8860/10484, Loss: 4.1697
  Batch 8870/10484, Loss: 3.9543
  Batch 8880/10484, Loss: 3.7216
  Batch 8890/10484, Loss: 3.8151
  Batch 8900/10484, Loss: 4.0133
  Batch 8910/10484, Loss: 4.4394
  Batch 8920/10484, Loss: 4.7529
  Batch 8930/10484, Loss: 3.6567
  Batch 8940/10484, Loss: 4.3874
  Batch 8950/10484, Loss: 3.7460
  Batch 8960/10484, Loss: 4.1679
  Batch 8970/10484, Loss: 4.5736
  Batch 8980/10484, Loss: 4.6991
  Batch 8990/10484, Loss: 4.1959
  Batch 9000/10484, Loss: 4.2941
  Batch 9010/10484, Loss: 3.7124
  Batch 9020/10484, Loss: 4.4781
  Batch 9030/10484, Loss: 3.7872
  Batch 9040/10484, Loss: 4.5212
  Batch 9050/10484, Loss: 3.7263
  Batch 9060/10484, Loss: 4.3388
  Batch 9070/10484, Loss: 4.1136
  Batch 9080/10484, Loss: 3.6392
  Batch 9090/10484, Loss: 3.9983
  Batch 9100/10484, Loss: 3.9295
  Batch 9110/10484, Loss: 3.4610
  Batch 9120/10484, Loss: 4.3517
  Batch 9130/10484, Loss: 4.0070
  Batch 9140/10484, Loss: 3.9306
  Batch 9150/10484, Loss: 4.4663
  Batch 9160/10484, Loss: 3.7255
  Batch 9170/10484, Loss: 3.7260
  Batch 9180/10484, Loss: 4.1080
  Batch 9190/10484, Loss: 3.7697
  Batch 9200/10484, Loss: 3.7100
  Batch 9210/10484, Loss: 3.8197
  Batch 9220/10484, Loss: 3.7114
  Batch 9230/10484, Loss: 4.0504
  Batch 9240/10484, Loss: 3.9221
  Batch 9250/10484, Loss: 3.7890
  Batch 9260/10484, Loss: 4.1647
  Batch 9270/10484, Loss: 3.7324
  Batch 9280/10484, Loss: 4.1354
  Batch 9290/10484, Loss: 4.6853
  Batch 9300/10484, Loss: 4.0756
  Batch 9310/10484, Loss: 3.5926
  Batch 9320/10484, Loss: 3.5953
  Batch 9330/10484, Loss: 3.6939
  Batch 9340/10484, Loss: 3.6083
  Batch 9350/10484, Loss: 4.0415
  Batch 9360/10484, Loss: 4.1210
  Batch 9370/10484, Loss: 4.2561
  Batch 9380/10484, Loss: 3.4544
  Batch 9390/10484, Loss: 4.1342
  Batch 9400/10484, Loss: 3.8948
  Batch 9410/10484, Loss: 4.2914
  Batch 9420/10484, Loss: 4.3294
  Batch 9430/10484, Loss: 3.8988
  Batch 9440/10484, Loss: 4.2476
  Batch 9450/10484, Loss: 3.7239
  Batch 9460/10484, Loss: 4.6490
  Batch 9470/10484, Loss: 3.3773
  Batch 9480/10484, Loss: 3.6580
  Batch 9490/10484, Loss: 4.3232
  Batch 9500/10484, Loss: 4.4820
  Batch 9510/10484, Loss: 3.6740
  Batch 9520/10484, Loss: 4.4262
  Batch 9530/10484, Loss: 3.9715
  Batch 9540/10484, Loss: 3.5546
  Batch 9550/10484, Loss: 3.8076
  Batch 9560/10484, Loss: 3.7305
  Batch 9570/10484, Loss: 4.8573
  Batch 9580/10484, Loss: 3.4445
  Batch 9590/10484, Loss: 4.3489
  Batch 9600/10484, Loss: 3.8160
  Batch 9610/10484, Loss: 3.9060
  Batch 9620/10484, Loss: 4.5586
  Batch 9630/10484, Loss: 3.3346
  Batch 9640/10484, Loss: 3.6542
  Batch 9650/10484, Loss: 4.0276
  Batch 9660/10484, Loss: 3.8723
  Batch 9670/10484, Loss: 4.5484
  Batch 9680/10484, Loss: 4.4406
  Batch 9690/10484, Loss: 3.9720
  Batch 9700/10484, Loss: 4.0956
  Batch 9710/10484, Loss: 4.3450
  Batch 9720/10484, Loss: 3.8659
  Batch 9730/10484, Loss: 4.2942
  Batch 9740/10484, Loss: 4.4094
  Batch 9750/10484, Loss: 4.3881
  Batch 9760/10484, Loss: 4.2053
  Batch 9770/10484, Loss: 3.9202
  Batch 9780/10484, Loss: 4.3993
  Batch 9790/10484, Loss: 4.1622
  Batch 9800/10484, Loss: 3.9778
  Batch 9810/10484, Loss: 3.9598
  Batch 9820/10484, Loss: 4.1115
  Batch 9830/10484, Loss: 3.5948
  Batch 9840/10484, Loss: 4.4674
  Batch 9850/10484, Loss: 3.7288
  Batch 9860/10484, Loss: 4.3690
  Batch 9870/10484, Loss: 4.5942
  Batch 9880/10484, Loss: 4.0599
  Batch 9890/10484, Loss: 3.4330
  Batch 9900/10484, Loss: 4.2207
  Batch 9910/10484, Loss: 3.8399
  Batch 9920/10484, Loss: 4.2036
  Batch 9930/10484, Loss: 4.4352
  Batch 9940/10484, Loss: 3.4796
  Batch 9950/10484, Loss: 3.6502
  Batch 9960/10484, Loss: 4.2582
  Batch 9970/10484, Loss: 3.8570
  Batch 9980/10484, Loss: 4.0025
  Batch 9990/10484, Loss: 3.9015
  Batch 10000/10484, Loss: 4.5263
  Batch 10010/10484, Loss: 3.6081
  Batch 10020/10484, Loss: 3.9809
  Batch 10030/10484, Loss: 4.4009
  Batch 10040/10484, Loss: 4.5208
  Batch 10050/10484, Loss: 4.3096
  Batch 10060/10484, Loss: 3.0280
  Batch 10070/10484, Loss: 3.9870
  Batch 10080/10484, Loss: 3.9063
  Batch 10090/10484, Loss: 3.8396
  Batch 10100/10484, Loss: 2.8854
  Batch 10110/10484, Loss: 3.8824
  Batch 10120/10484, Loss: 3.4114
  Batch 10130/10484, Loss: 4.1418
  Batch 10140/10484, Loss: 4.4408
  Batch 10150/10484, Loss: 4.1882
  Batch 10160/10484, Loss: 4.0358
  Batch 10170/10484, Loss: 3.1428
  Batch 10180/10484, Loss: 3.4069
  Batch 10190/10484, Loss: 3.9901
  Batch 10200/10484, Loss: 4.2046
  Batch 10210/10484, Loss: 3.2704
  Batch 10220/10484, Loss: 4.5278
  Batch 10230/10484, Loss: 3.2035
  Batch 10240/10484, Loss: 4.4447
  Batch 10250/10484, Loss: 4.5346
  Batch 10260/10484, Loss: 3.4172
  Batch 10270/10484, Loss: 3.6904
  Batch 10280/10484, Loss: 4.4008
  Batch 10290/10484, Loss: 3.9507
  Batch 10300/10484, Loss: 3.9060
  Batch 10310/10484, Loss: 4.0190
  Batch 10320/10484, Loss: 3.8146
  Batch 10330/10484, Loss: 3.6023
  Batch 10340/10484, Loss: 4.4337
  Batch 10350/10484, Loss: 4.3216
  Batch 10360/10484, Loss: 4.3701
  Batch 10370/10484, Loss: 3.9696
  Batch 10380/10484, Loss: 3.5893
  Batch 10390/10484, Loss: 4.7160
  Batch 10400/10484, Loss: 3.9069
  Batch 10410/10484, Loss: 4.1049
  Batch 10420/10484, Loss: 3.9591
  Batch 10430/10484, Loss: 4.0531
  Batch 10440/10484, Loss: 4.1247
  Batch 10450/10484, Loss: 3.5106
  Batch 10460/10484, Loss: 3.9045
  Batch 10470/10484, Loss: 3.7304
  Batch 10480/10484, Loss: 4.1641

  Train Loss: 3.9059
  Val Loss: 6.7174
  Time: 31m 13s

Epoch 12/20
----------------------------------------
  Batch 10/10484, Loss: 3.6968
  Batch 20/10484, Loss: 3.5161
  Batch 30/10484, Loss: 3.6436
  Batch 40/10484, Loss: 3.9979
  Batch 50/10484, Loss: 4.0294
  Batch 60/10484, Loss: 3.5417
  Batch 70/10484, Loss: 3.9069
  Batch 80/10484, Loss: 3.3564
  Batch 90/10484, Loss: 3.4720
  Batch 100/10484, Loss: 4.0535
  Batch 110/10484, Loss: 4.2038
  Batch 120/10484, Loss: 3.2842
  Batch 130/10484, Loss: 3.4469
  Batch 140/10484, Loss: 4.0053
  Batch 150/10484, Loss: 3.7838
  Batch 160/10484, Loss: 3.8435
  Batch 170/10484, Loss: 3.3514
  Batch 180/10484, Loss: 3.3610
  Batch 190/10484, Loss: 4.0689
  Batch 200/10484, Loss: 3.6659
  Batch 210/10484, Loss: 4.2987
  Batch 220/10484, Loss: 4.4908
  Batch 230/10484, Loss: 3.3148
  Batch 240/10484, Loss: 3.9441
  Batch 250/10484, Loss: 3.5049
  Batch 260/10484, Loss: 3.6442
  Batch 270/10484, Loss: 4.0586
  Batch 280/10484, Loss: 3.7174
  Batch 290/10484, Loss: 3.9739
  Batch 300/10484, Loss: 4.1904
  Batch 310/10484, Loss: 3.8963
  Batch 320/10484, Loss: 3.8002
  Batch 330/10484, Loss: 3.9123
  Batch 340/10484, Loss: 4.1282
  Batch 350/10484, Loss: 3.3286
  Batch 360/10484, Loss: 4.0090
  Batch 370/10484, Loss: 4.1680
  Batch 380/10484, Loss: 3.7543
  Batch 390/10484, Loss: 4.1721
  Batch 400/10484, Loss: 3.6016
  Batch 410/10484, Loss: 3.3510
  Batch 420/10484, Loss: 3.4401
  Batch 430/10484, Loss: 3.7197
  Batch 440/10484, Loss: 4.4692
  Batch 450/10484, Loss: 3.5860
  Batch 460/10484, Loss: 3.6289
  Batch 470/10484, Loss: 4.5240
  Batch 480/10484, Loss: 4.1400
  Batch 490/10484, Loss: 4.3191
  Batch 500/10484, Loss: 3.9186
  Batch 510/10484, Loss: 4.1210
  Batch 520/10484, Loss: 3.7594
  Batch 530/10484, Loss: 3.9767
  Batch 540/10484, Loss: 4.1512
  Batch 550/10484, Loss: 3.7941
  Batch 560/10484, Loss: 4.0386
  Batch 570/10484, Loss: 3.8608
  Batch 580/10484, Loss: 4.1226
  Batch 590/10484, Loss: 4.2516
  Batch 600/10484, Loss: 3.8604
  Batch 610/10484, Loss: 4.1867
  Batch 620/10484, Loss: 3.6814
  Batch 630/10484, Loss: 3.2348
  Batch 640/10484, Loss: 3.7163
  Batch 650/10484, Loss: 4.3835
  Batch 660/10484, Loss: 3.8751
  Batch 670/10484, Loss: 3.4809
  Batch 680/10484, Loss: 4.2091
  Batch 690/10484, Loss: 3.8769
  Batch 700/10484, Loss: 3.9625
  Batch 710/10484, Loss: 3.4189
  Batch 720/10484, Loss: 3.0589
  Batch 730/10484, Loss: 3.5205
  Batch 740/10484, Loss: 4.0422
  Batch 750/10484, Loss: 3.8063
  Batch 760/10484, Loss: 3.9674
  Batch 770/10484, Loss: 4.4486
  Batch 780/10484, Loss: 3.9468
  Batch 790/10484, Loss: 3.9149
  Batch 800/10484, Loss: 4.0045
  Batch 810/10484, Loss: 4.0911
  Batch 820/10484, Loss: 4.0427
  Batch 830/10484, Loss: 3.8337
  Batch 840/10484, Loss: 3.9620
  Batch 850/10484, Loss: 3.5484
  Batch 860/10484, Loss: 3.7111
  Batch 870/10484, Loss: 4.2201
  Batch 880/10484, Loss: 3.9509
  Batch 890/10484, Loss: 4.2655
  Batch 900/10484, Loss: 3.2719
  Batch 910/10484, Loss: 4.3531
  Batch 920/10484, Loss: 4.3218
  Batch 930/10484, Loss: 3.5988
  Batch 940/10484, Loss: 3.9648
  Batch 950/10484, Loss: 4.0135
  Batch 960/10484, Loss: 4.3071
  Batch 970/10484, Loss: 3.6352
  Batch 980/10484, Loss: 2.8693
  Batch 990/10484, Loss: 3.9758
  Batch 1000/10484, Loss: 3.3635
  Batch 1010/10484, Loss: 3.4650
  Batch 1020/10484, Loss: 3.6666
  Batch 1030/10484, Loss: 4.2421
  Batch 1040/10484, Loss: 4.2719
  Batch 1050/10484, Loss: 4.1538
  Batch 1060/10484, Loss: 4.5338
  Batch 1070/10484, Loss: 3.8705
  Batch 1080/10484, Loss: 3.5171
  Batch 1090/10484, Loss: 3.7179
  Batch 1100/10484, Loss: 4.1248
  Batch 1110/10484, Loss: 3.3707
  Batch 1120/10484, Loss: 3.5921
  Batch 1130/10484, Loss: 3.4617
  Batch 1140/10484, Loss: 4.2963
  Batch 1150/10484, Loss: 3.6073
  Batch 1160/10484, Loss: 4.0573
  Batch 1170/10484, Loss: 3.8468
  Batch 1180/10484, Loss: 3.8391
  Batch 1190/10484, Loss: 3.8318
  Batch 1200/10484, Loss: 4.0127
  Batch 1210/10484, Loss: 3.7977
  Batch 1220/10484, Loss: 3.7733
  Batch 1230/10484, Loss: 4.0931
  Batch 1240/10484, Loss: 3.8161
  Batch 1250/10484, Loss: 3.6457
  Batch 1260/10484, Loss: 3.8123
  Batch 1270/10484, Loss: 4.2590
  Batch 1280/10484, Loss: 3.7938
  Batch 1290/10484, Loss: 3.2016
  Batch 1300/10484, Loss: 3.8418
  Batch 1310/10484, Loss: 3.4673
  Batch 1320/10484, Loss: 3.5333
  Batch 1330/10484, Loss: 3.2162
  Batch 1340/10484, Loss: 3.7573
  Batch 1350/10484, Loss: 4.0911
  Batch 1360/10484, Loss: 3.6362
  Batch 1370/10484, Loss: 3.7051
  Batch 1380/10484, Loss: 3.8046
  Batch 1390/10484, Loss: 3.1376
  Batch 1400/10484, Loss: 3.9883
  Batch 1410/10484, Loss: 3.2396
  Batch 1420/10484, Loss: 4.1653
  Batch 1430/10484, Loss: 3.9711
  Batch 1440/10484, Loss: 3.3762
  Batch 1450/10484, Loss: 3.4359
  Batch 1460/10484, Loss: 4.4853
  Batch 1470/10484, Loss: 3.8833
  Batch 1480/10484, Loss: 4.4874
  Batch 1490/10484, Loss: 3.3901
  Batch 1500/10484, Loss: 4.0796
  Batch 1510/10484, Loss: 3.7177
  Batch 1520/10484, Loss: 4.1764
  Batch 1530/10484, Loss: 3.5262
  Batch 1540/10484, Loss: 4.2718
  Batch 1550/10484, Loss: 4.2203
  Batch 1560/10484, Loss: 3.5469
  Batch 1570/10484, Loss: 3.8225
  Batch 1580/10484, Loss: 3.4015
  Batch 1590/10484, Loss: 3.7804
  Batch 1600/10484, Loss: 3.4367
  Batch 1610/10484, Loss: 3.5812
  Batch 1620/10484, Loss: 4.4372
  Batch 1630/10484, Loss: 3.7664
  Batch 1640/10484, Loss: 4.4996
  Batch 1650/10484, Loss: 3.7564
  Batch 1660/10484, Loss: 3.5168
  Batch 1670/10484, Loss: 3.3122
  Batch 1680/10484, Loss: 3.8762
  Batch 1690/10484, Loss: 3.5819
  Batch 1700/10484, Loss: 3.1818
  Batch 1710/10484, Loss: 4.4906
  Batch 1720/10484, Loss: 3.7189
  Batch 1730/10484, Loss: 4.1496
  Batch 1740/10484, Loss: 3.5478
  Batch 1750/10484, Loss: 3.4698
  Batch 1760/10484, Loss: 3.9901
  Batch 1770/10484, Loss: 3.6042
  Batch 1780/10484, Loss: 3.6569
  Batch 1790/10484, Loss: 4.2186
  Batch 1800/10484, Loss: 4.1915
  Batch 1810/10484, Loss: 3.5157
  Batch 1820/10484, Loss: 3.1158
  Batch 1830/10484, Loss: 3.3005
  Batch 1840/10484, Loss: 4.4524
  Batch 1850/10484, Loss: 3.9589
  Batch 1860/10484, Loss: 4.1765
  Batch 1870/10484, Loss: 3.6579
  Batch 1880/10484, Loss: 3.5001
  Batch 1890/10484, Loss: 3.5652
  Batch 1900/10484, Loss: 3.4553
  Batch 1910/10484, Loss: 3.9121
  Batch 1920/10484, Loss: 3.6327
  Batch 1930/10484, Loss: 4.1672
  Batch 1940/10484, Loss: 3.8313
  Batch 1950/10484, Loss: 3.6737
  Batch 1960/10484, Loss: 3.9103
  Batch 1970/10484, Loss: 3.5566
  Batch 1980/10484, Loss: 3.8840
  Batch 1990/10484, Loss: 3.4661
  Batch 2000/10484, Loss: 3.8748
  Batch 2010/10484, Loss: 4.2864
  Batch 2020/10484, Loss: 4.0192
  Batch 2030/10484, Loss: 2.9285
  Batch 2040/10484, Loss: 3.2662
  Batch 2050/10484, Loss: 3.9916
  Batch 2060/10484, Loss: 3.0733
  Batch 2070/10484, Loss: 4.1159
  Batch 2080/10484, Loss: 3.9310
  Batch 2090/10484, Loss: 3.8791
  Batch 2100/10484, Loss: 3.7739
  Batch 2110/10484, Loss: 3.9191
  Batch 2120/10484, Loss: 3.3627
  Batch 2130/10484, Loss: 3.5415
  Batch 2140/10484, Loss: 4.2488
  Batch 2150/10484, Loss: 3.8770
  Batch 2160/10484, Loss: 3.4217
  Batch 2170/10484, Loss: 3.4883
  Batch 2180/10484, Loss: 3.1604
  Batch 2190/10484, Loss: 3.3206
  Batch 2200/10484, Loss: 3.7794
  Batch 2210/10484, Loss: 4.0054
  Batch 2220/10484, Loss: 4.5653
  Batch 2230/10484, Loss: 3.8195
  Batch 2240/10484, Loss: 4.0497
  Batch 2250/10484, Loss: 3.5997
  Batch 2260/10484, Loss: 3.7535
  Batch 2270/10484, Loss: 3.7980
  Batch 2280/10484, Loss: 4.0418
  Batch 2290/10484, Loss: 4.3033
  Batch 2300/10484, Loss: 3.3435
  Batch 2310/10484, Loss: 3.1803
  Batch 2320/10484, Loss: 3.6665
  Batch 2330/10484, Loss: 4.0997
  Batch 2340/10484, Loss: 4.2508
  Batch 2350/10484, Loss: 3.7836
  Batch 2360/10484, Loss: 3.7565
  Batch 2370/10484, Loss: 4.4319
  Batch 2380/10484, Loss: 3.6620
  Batch 2390/10484, Loss: 4.0828
  Batch 2400/10484, Loss: 3.3772
  Batch 2410/10484, Loss: 4.9026
  Batch 2420/10484, Loss: 3.6423
  Batch 2430/10484, Loss: 3.6340
  Batch 2440/10484, Loss: 3.8188
  Batch 2450/10484, Loss: 3.3322
  Batch 2460/10484, Loss: 3.6608
  Batch 2470/10484, Loss: 3.9938
  Batch 2480/10484, Loss: 3.5017
  Batch 2490/10484, Loss: 3.6868
  Batch 2500/10484, Loss: 3.8798
  Batch 2510/10484, Loss: 4.3584
  Batch 2520/10484, Loss: 4.2117
  Batch 2530/10484, Loss: 4.3833
  Batch 2540/10484, Loss: 4.0678
  Batch 2550/10484, Loss: 4.1890
  Batch 2560/10484, Loss: 4.2406
  Batch 2570/10484, Loss: 4.0141
  Batch 2580/10484, Loss: 3.3979
  Batch 2590/10484, Loss: 3.6173
  Batch 2600/10484, Loss: 4.5605
  Batch 2610/10484, Loss: 3.9573
  Batch 2620/10484, Loss: 4.3924
  Batch 2630/10484, Loss: 3.9631
  Batch 2640/10484, Loss: 3.6688
  Batch 2650/10484, Loss: 4.1848
  Batch 2660/10484, Loss: 3.8742
  Batch 2670/10484, Loss: 3.5967
  Batch 2680/10484, Loss: 3.4455
  Batch 2690/10484, Loss: 3.5123
  Batch 2700/10484, Loss: 3.5224
  Batch 2710/10484, Loss: 4.3658
  Batch 2720/10484, Loss: 4.3305
  Batch 2730/10484, Loss: 3.7484
  Batch 2740/10484, Loss: 3.4317
  Batch 2750/10484, Loss: 4.4844
  Batch 2760/10484, Loss: 3.9326
  Batch 2770/10484, Loss: 4.1033
  Batch 2780/10484, Loss: 4.1177
  Batch 2790/10484, Loss: 4.0554
  Batch 2800/10484, Loss: 4.0296
  Batch 2810/10484, Loss: 4.0084
  Batch 2820/10484, Loss: 3.5268
  Batch 2830/10484, Loss: 3.8731
  Batch 2840/10484, Loss: 3.8733
  Batch 2850/10484, Loss: 3.6756
  Batch 2860/10484, Loss: 3.2350
  Batch 2870/10484, Loss: 4.2366
  Batch 2880/10484, Loss: 3.9884
  Batch 2890/10484, Loss: 3.9642
  Batch 2900/10484, Loss: 3.5074
  Batch 2910/10484, Loss: 4.0130
  Batch 2920/10484, Loss: 4.2636
  Batch 2930/10484, Loss: 3.2327
  Batch 2940/10484, Loss: 3.5637
  Batch 2950/10484, Loss: 3.9616
  Batch 2960/10484, Loss: 3.9946
  Batch 2970/10484, Loss: 3.9665
  Batch 2980/10484, Loss: 3.7587
  Batch 2990/10484, Loss: 3.1227
  Batch 3000/10484, Loss: 3.5088
  Batch 3010/10484, Loss: 4.0725
  Batch 3020/10484, Loss: 4.0809
  Batch 3030/10484, Loss: 3.2903
  Batch 3040/10484, Loss: 4.2031
  Batch 3050/10484, Loss: 4.2802
  Batch 3060/10484, Loss: 3.1395
  Batch 3070/10484, Loss: 3.6049
  Batch 3080/10484, Loss: 3.4227
  Batch 3090/10484, Loss: 4.0468
  Batch 3100/10484, Loss: 3.9078
  Batch 3110/10484, Loss: 4.0387
  Batch 3120/10484, Loss: 4.3953
  Batch 3130/10484, Loss: 3.8973
  Batch 3140/10484, Loss: 3.8656
  Batch 3150/10484, Loss: 3.8910
  Batch 3160/10484, Loss: 3.9982
  Batch 3170/10484, Loss: 4.2515
  Batch 3180/10484, Loss: 3.5712
  Batch 3190/10484, Loss: 3.4571
  Batch 3200/10484, Loss: 4.6258
  Batch 3210/10484, Loss: 3.6699
  Batch 3220/10484, Loss: 3.8297
  Batch 3230/10484, Loss: 3.3063
  Batch 3240/10484, Loss: 4.2015
  Batch 3250/10484, Loss: 4.0461
  Batch 3260/10484, Loss: 3.7340
  Batch 3270/10484, Loss: 4.2434
  Batch 3280/10484, Loss: 4.4977
  Batch 3290/10484, Loss: 4.1392
  Batch 3300/10484, Loss: 3.3073
  Batch 3310/10484, Loss: 3.6082
  Batch 3320/10484, Loss: 3.9004
  Batch 3330/10484, Loss: 3.2663
  Batch 3340/10484, Loss: 3.8811
  Batch 3350/10484, Loss: 4.2136
  Batch 3360/10484, Loss: 4.4337
  Batch 3370/10484, Loss: 3.9200
  Batch 3380/10484, Loss: 3.9389
  Batch 3390/10484, Loss: 3.6689
  Batch 3400/10484, Loss: 3.3231
  Batch 3410/10484, Loss: 3.3781
  Batch 3420/10484, Loss: 3.9072
  Batch 3430/10484, Loss: 4.2932
  Batch 3440/10484, Loss: 4.4245
  Batch 3450/10484, Loss: 3.8983
  Batch 3460/10484, Loss: 3.7894
  Batch 3470/10484, Loss: 3.8813
  Batch 3480/10484, Loss: 4.3429
  Batch 3490/10484, Loss: 4.0791
  Batch 3500/10484, Loss: 4.2968
  Batch 3510/10484, Loss: 3.8068
  Batch 3520/10484, Loss: 4.3538
  Batch 3530/10484, Loss: 4.1932
  Batch 3540/10484, Loss: 3.4251
  Batch 3550/10484, Loss: 4.7483
  Batch 3560/10484, Loss: 3.7702
  Batch 3570/10484, Loss: 3.6333
  Batch 3580/10484, Loss: 4.3112
  Batch 3590/10484, Loss: 4.6509
  Batch 3600/10484, Loss: 4.4126
  Batch 3610/10484, Loss: 3.6628
  Batch 3620/10484, Loss: 3.7824
  Batch 3630/10484, Loss: 4.1931
  Batch 3640/10484, Loss: 4.3793
  Batch 3650/10484, Loss: 4.4325
  Batch 3660/10484, Loss: 3.2470
  Batch 3670/10484, Loss: 4.4096
  Batch 3680/10484, Loss: 3.0380
  Batch 3690/10484, Loss: 3.3001
  Batch 3700/10484, Loss: 3.3786
  Batch 3710/10484, Loss: 3.9213
  Batch 3720/10484, Loss: 4.0710
  Batch 3730/10484, Loss: 3.7987
  Batch 3740/10484, Loss: 3.6180
  Batch 3750/10484, Loss: 3.9644
  Batch 3760/10484, Loss: 3.7732
  Batch 3770/10484, Loss: 2.9632
  Batch 3780/10484, Loss: 4.3775
  Batch 3790/10484, Loss: 4.0324
  Batch 3800/10484, Loss: 3.8322
  Batch 3810/10484, Loss: 3.9614
  Batch 3820/10484, Loss: 3.5126
  Batch 3830/10484, Loss: 3.5930
  Batch 3840/10484, Loss: 3.5358
  Batch 3850/10484, Loss: 3.4155
  Batch 3860/10484, Loss: 3.9148
  Batch 3870/10484, Loss: 4.2848
  Batch 3880/10484, Loss: 4.3247
  Batch 3890/10484, Loss: 4.5015
  Batch 3900/10484, Loss: 4.5321
  Batch 3910/10484, Loss: 4.1442
  Batch 3920/10484, Loss: 4.1497
  Batch 3930/10484, Loss: 3.6273
  Batch 3940/10484, Loss: 3.6656
  Batch 3950/10484, Loss: 3.4318
  Batch 3960/10484, Loss: 3.9364
  Batch 3970/10484, Loss: 4.5178
  Batch 3980/10484, Loss: 4.6402
  Batch 3990/10484, Loss: 3.4806
  Batch 4000/10484, Loss: 3.4068
  Batch 4010/10484, Loss: 3.6025
  Batch 4020/10484, Loss: 3.8789
  Batch 4030/10484, Loss: 4.3889
  Batch 4040/10484, Loss: 3.2252
  Batch 4050/10484, Loss: 3.2691
  Batch 4060/10484, Loss: 3.8261
  Batch 4070/10484, Loss: 3.7406
  Batch 4080/10484, Loss: 3.9629
  Batch 4090/10484, Loss: 3.8045
  Batch 4100/10484, Loss: 3.8021
  Batch 4110/10484, Loss: 4.1531
  Batch 4120/10484, Loss: 4.0726
  Batch 4130/10484, Loss: 3.8936
  Batch 4140/10484, Loss: 3.5318
  Batch 4150/10484, Loss: 3.7646
  Batch 4160/10484, Loss: 3.9365
  Batch 4170/10484, Loss: 3.3967
  Batch 4180/10484, Loss: 3.6092
  Batch 4190/10484, Loss: 4.0651
  Batch 4200/10484, Loss: 3.6337
  Batch 4210/10484, Loss: 3.7022
  Batch 4220/10484, Loss: 3.5953
  Batch 4230/10484, Loss: 3.8549
  Batch 4240/10484, Loss: 3.9620
  Batch 4250/10484, Loss: 4.0487
  Batch 4260/10484, Loss: 4.5196
  Batch 4270/10484, Loss: 3.8020
  Batch 4280/10484, Loss: 4.1415
  Batch 4290/10484, Loss: 4.2611
  Batch 4300/10484, Loss: 3.8511
  Batch 4310/10484, Loss: 4.3949
  Batch 4320/10484, Loss: 4.1321
  Batch 4330/10484, Loss: 3.7376
  Batch 4340/10484, Loss: 3.7469
  Batch 4350/10484, Loss: 3.6083
  Batch 4360/10484, Loss: 4.5241
  Batch 4370/10484, Loss: 3.5729
  Batch 4380/10484, Loss: 3.9732
  Batch 4390/10484, Loss: 4.2241
  Batch 4400/10484, Loss: 4.2797
  Batch 4410/10484, Loss: 4.2804
  Batch 4420/10484, Loss: 3.9903
  Batch 4430/10484, Loss: 3.8149
  Batch 4440/10484, Loss: 3.6126
  Batch 4450/10484, Loss: 4.2233
  Batch 4460/10484, Loss: 3.6817
  Batch 4470/10484, Loss: 4.1932
  Batch 4480/10484, Loss: 4.3435
  Batch 4490/10484, Loss: 4.5632
  Batch 4500/10484, Loss: 3.5693
  Batch 4510/10484, Loss: 3.8551
  Batch 4520/10484, Loss: 3.7751
  Batch 4530/10484, Loss: 4.3204
  Batch 4540/10484, Loss: 4.0267
  Batch 4550/10484, Loss: 4.4953
  Batch 4560/10484, Loss: 3.3939
  Batch 4570/10484, Loss: 4.0142
  Batch 4580/10484, Loss: 3.6720
  Batch 4590/10484, Loss: 4.2491
  Batch 4600/10484, Loss: 3.8721
  Batch 4610/10484, Loss: 4.1377
  Batch 4620/10484, Loss: 3.6491
  Batch 4630/10484, Loss: 3.5353
  Batch 4640/10484, Loss: 4.0116
  Batch 4650/10484, Loss: 4.4056
  Batch 4660/10484, Loss: 3.5506
  Batch 4670/10484, Loss: 4.1725
  Batch 4680/10484, Loss: 3.5314
  Batch 4690/10484, Loss: 3.6940
  Batch 4700/10484, Loss: 3.6146
  Batch 4710/10484, Loss: 3.8957
  Batch 4720/10484, Loss: 3.6373
  Batch 4730/10484, Loss: 3.9122
  Batch 4740/10484, Loss: 4.2323
  Batch 4750/10484, Loss: 3.8893
  Batch 4760/10484, Loss: 4.1456
  Batch 4770/10484, Loss: 4.5613
  Batch 4780/10484, Loss: 4.2013
  Batch 4790/10484, Loss: 3.8959
  Batch 4800/10484, Loss: 4.0988
  Batch 4810/10484, Loss: 4.1283
  Batch 4820/10484, Loss: 3.8640
  Batch 4830/10484, Loss: 4.0640
  Batch 4840/10484, Loss: 3.6304
  Batch 4850/10484, Loss: 3.8709
  Batch 4860/10484, Loss: 4.4706
  Batch 4870/10484, Loss: 3.9663
  Batch 4880/10484, Loss: 4.1977
  Batch 4890/10484, Loss: 3.1141
  Batch 4900/10484, Loss: 3.5942
  Batch 4910/10484, Loss: 3.7347
  Batch 4920/10484, Loss: 4.0657
  Batch 4930/10484, Loss: 3.9934
  Batch 4940/10484, Loss: 3.7267
  Batch 4950/10484, Loss: 3.3777
  Batch 4960/10484, Loss: 4.1376
  Batch 4970/10484, Loss: 4.0669
  Batch 4980/10484, Loss: 3.6213
  Batch 4990/10484, Loss: 4.7089
  Batch 5000/10484, Loss: 3.8609
  Batch 5010/10484, Loss: 3.4047
  Batch 5020/10484, Loss: 3.2906
  Batch 5030/10484, Loss: 4.1532
  Batch 5040/10484, Loss: 4.1128
  Batch 5050/10484, Loss: 4.2429
  Batch 5060/10484, Loss: 3.9586
  Batch 5070/10484, Loss: 3.5629
  Batch 5080/10484, Loss: 4.2049
  Batch 5090/10484, Loss: 4.2120
  Batch 5100/10484, Loss: 4.5932
  Batch 5110/10484, Loss: 4.0338
  Batch 5120/10484, Loss: 3.5793
  Batch 5130/10484, Loss: 3.9011
  Batch 5140/10484, Loss: 3.7631
  Batch 5150/10484, Loss: 4.4618
  Batch 5160/10484, Loss: 3.9852
  Batch 5170/10484, Loss: 4.2501
  Batch 5180/10484, Loss: 3.6614
  Batch 5190/10484, Loss: 3.7257
  Batch 5200/10484, Loss: 3.2150
  Batch 5210/10484, Loss: 3.1193
  Batch 5220/10484, Loss: 4.2600
  Batch 5230/10484, Loss: 3.6890
  Batch 5240/10484, Loss: 3.2239
  Batch 5250/10484, Loss: 3.8366
  Batch 5260/10484, Loss: 3.3203
  Batch 5270/10484, Loss: 4.6438
  Batch 5280/10484, Loss: 3.5684
  Batch 5290/10484, Loss: 4.3925
  Batch 5300/10484, Loss: 3.4349
  Batch 5310/10484, Loss: 3.1024
  Batch 5320/10484, Loss: 4.6187
  Batch 5330/10484, Loss: 3.6248
  Batch 5340/10484, Loss: 4.3968
  Batch 5350/10484, Loss: 4.4838
  Batch 5360/10484, Loss: 3.6029
  Batch 5370/10484, Loss: 4.1602
  Batch 5380/10484, Loss: 3.5170
  Batch 5390/10484, Loss: 4.1544
  Batch 5400/10484, Loss: 3.6543
  Batch 5410/10484, Loss: 4.3843
  Batch 5420/10484, Loss: 3.7221
  Batch 5430/10484, Loss: 2.6798
  Batch 5440/10484, Loss: 3.6095
  Batch 5450/10484, Loss: 3.6054
  Batch 5460/10484, Loss: 3.8061
  Batch 5470/10484, Loss: 3.5295
  Batch 5480/10484, Loss: 3.9311
  Batch 5490/10484, Loss: 3.3841
  Batch 5500/10484, Loss: 4.4418
  Batch 5510/10484, Loss: 3.7722
  Batch 5520/10484, Loss: 3.8598
  Batch 5530/10484, Loss: 3.8642
  Batch 5540/10484, Loss: 3.8455
  Batch 5550/10484, Loss: 4.2231
  Batch 5560/10484, Loss: 2.9667
  Batch 5570/10484, Loss: 4.2116
  Batch 5580/10484, Loss: 3.8924
  Batch 5590/10484, Loss: 3.4200
  Batch 5600/10484, Loss: 4.3244
  Batch 5610/10484, Loss: 4.6135
  Batch 5620/10484, Loss: 4.2769
  Batch 5630/10484, Loss: 3.8516
  Batch 5640/10484, Loss: 3.7571
  Batch 5650/10484, Loss: 4.1161
  Batch 5660/10484, Loss: 4.1810
  Batch 5670/10484, Loss: 3.7345
  Batch 5680/10484, Loss: 3.5847
  Batch 5690/10484, Loss: 3.8263
  Batch 5700/10484, Loss: 3.7425
  Batch 5710/10484, Loss: 4.0884
  Batch 5720/10484, Loss: 3.0122
  Batch 5730/10484, Loss: 4.0229
  Batch 5740/10484, Loss: 3.7242
  Batch 5750/10484, Loss: 4.2156
  Batch 5760/10484, Loss: 4.6818
  Batch 5770/10484, Loss: 4.0899
  Batch 5780/10484, Loss: 4.0263
  Batch 5790/10484, Loss: 3.4145
  Batch 5800/10484, Loss: 3.6525
  Batch 5810/10484, Loss: 4.1946
  Batch 5820/10484, Loss: 3.5181
  Batch 5830/10484, Loss: 3.9604
  Batch 5840/10484, Loss: 4.1454
  Batch 5850/10484, Loss: 3.9644
  Batch 5860/10484, Loss: 4.2489
  Batch 5870/10484, Loss: 3.7083
  Batch 5880/10484, Loss: 4.1687
  Batch 5890/10484, Loss: 4.2381
  Batch 5900/10484, Loss: 4.2818
  Batch 5910/10484, Loss: 3.8092
  Batch 5920/10484, Loss: 3.7491
  Batch 5930/10484, Loss: 3.9022
  Batch 5940/10484, Loss: 3.9244
  Batch 5950/10484, Loss: 3.1900
  Batch 5960/10484, Loss: 3.2666
  Batch 5970/10484, Loss: 3.7898
  Batch 5980/10484, Loss: 3.5028
  Batch 5990/10484, Loss: 3.8088
  Batch 6000/10484, Loss: 4.2196
  Batch 6010/10484, Loss: 3.7074
  Batch 6020/10484, Loss: 4.2757
  Batch 6030/10484, Loss: 3.8259
  Batch 6040/10484, Loss: 3.7635
  Batch 6050/10484, Loss: 4.8769
  Batch 6060/10484, Loss: 3.6884
  Batch 6070/10484, Loss: 3.9804
  Batch 6080/10484, Loss: 3.8794
  Batch 6090/10484, Loss: 3.4531
  Batch 6100/10484, Loss: 3.7712
  Batch 6110/10484, Loss: 3.6992
  Batch 6120/10484, Loss: 3.6602
  Batch 6130/10484, Loss: 4.2404
  Batch 6140/10484, Loss: 4.1003
  Batch 6150/10484, Loss: 3.8118
  Batch 6160/10484, Loss: 3.7175
  Batch 6170/10484, Loss: 4.2229
  Batch 6180/10484, Loss: 3.8300
  Batch 6190/10484, Loss: 4.1235
  Batch 6200/10484, Loss: 3.9194
  Batch 6210/10484, Loss: 4.1355
  Batch 6220/10484, Loss: 3.3582
  Batch 6230/10484, Loss: 3.7538
  Batch 6240/10484, Loss: 3.6084
  Batch 6250/10484, Loss: 4.4793
  Batch 6260/10484, Loss: 3.8082
  Batch 6270/10484, Loss: 3.7759
  Batch 6280/10484, Loss: 4.0642
  Batch 6290/10484, Loss: 3.5322
  Batch 6300/10484, Loss: 3.9802
  Batch 6310/10484, Loss: 4.1145
  Batch 6320/10484, Loss: 3.2630
  Batch 6330/10484, Loss: 3.9156
  Batch 6340/10484, Loss: 4.3001
  Batch 6350/10484, Loss: 3.6990
  Batch 6360/10484, Loss: 3.6953
  Batch 6370/10484, Loss: 3.7187
  Batch 6380/10484, Loss: 4.0689
  Batch 6390/10484, Loss: 3.8774
  Batch 6400/10484, Loss: 3.4315
  Batch 6410/10484, Loss: 3.6331
  Batch 6420/10484, Loss: 4.0690
  Batch 6430/10484, Loss: 3.5171
  Batch 6440/10484, Loss: 4.1083
  Batch 6450/10484, Loss: 3.0383
  Batch 6460/10484, Loss: 4.0607
  Batch 6470/10484, Loss: 3.6788
  Batch 6480/10484, Loss: 3.4387
  Batch 6490/10484, Loss: 4.2462
  Batch 6500/10484, Loss: 3.5690
  Batch 6510/10484, Loss: 3.9804
  Batch 6520/10484, Loss: 4.0653
  Batch 6530/10484, Loss: 3.2686
  Batch 6540/10484, Loss: 4.2024
  Batch 6550/10484, Loss: 3.7685
  Batch 6560/10484, Loss: 4.2483
  Batch 6570/10484, Loss: 3.5812
  Batch 6580/10484, Loss: 3.8432
  Batch 6590/10484, Loss: 4.0434
  Batch 6600/10484, Loss: 3.6225
  Batch 6610/10484, Loss: 3.6484
  Batch 6620/10484, Loss: 3.7331
  Batch 6630/10484, Loss: 3.9724
  Batch 6640/10484, Loss: 3.2675
  Batch 6650/10484, Loss: 4.6198
  Batch 6660/10484, Loss: 3.9035
  Batch 6670/10484, Loss: 3.8969
  Batch 6680/10484, Loss: 2.8945
  Batch 6690/10484, Loss: 3.8974
  Batch 6700/10484, Loss: 3.8489
  Batch 6710/10484, Loss: 3.6097
  Batch 6720/10484, Loss: 3.2663
  Batch 6730/10484, Loss: 4.3819
  Batch 6740/10484, Loss: 3.9314
  Batch 6750/10484, Loss: 3.5300
  Batch 6760/10484, Loss: 3.6445
  Batch 6770/10484, Loss: 4.0105
  Batch 6780/10484, Loss: 3.5563
  Batch 6790/10484, Loss: 3.4917
  Batch 6800/10484, Loss: 3.4541
  Batch 6810/10484, Loss: 4.2323
  Batch 6820/10484, Loss: 4.4112
  Batch 6830/10484, Loss: 3.9974
  Batch 6840/10484, Loss: 4.0652
  Batch 6850/10484, Loss: 3.8187
  Batch 6860/10484, Loss: 4.2194
  Batch 6870/10484, Loss: 3.7834
  Batch 6880/10484, Loss: 3.2446
  Batch 6890/10484, Loss: 3.3960
  Batch 6900/10484, Loss: 3.8253
  Batch 6910/10484, Loss: 4.5083
  Batch 6920/10484, Loss: 3.8756
  Batch 6930/10484, Loss: 4.0780
  Batch 6940/10484, Loss: 3.7748
  Batch 6950/10484, Loss: 4.1052
  Batch 6960/10484, Loss: 4.2170
  Batch 6970/10484, Loss: 3.7057
  Batch 6980/10484, Loss: 4.0057
  Batch 6990/10484, Loss: 3.4099
  Batch 7000/10484, Loss: 3.9271
  Batch 7010/10484, Loss: 3.6529
  Batch 7020/10484, Loss: 4.0025
  Batch 7030/10484, Loss: 3.6600
  Batch 7040/10484, Loss: 3.4055
  Batch 7050/10484, Loss: 3.5901
  Batch 7060/10484, Loss: 4.5442
  Batch 7070/10484, Loss: 3.6535
  Batch 7080/10484, Loss: 3.9262
  Batch 7090/10484, Loss: 3.4650
  Batch 7100/10484, Loss: 3.9966
  Batch 7110/10484, Loss: 4.1561
  Batch 7120/10484, Loss: 3.9762
  Batch 7130/10484, Loss: 4.4704
  Batch 7140/10484, Loss: 4.3478
  Batch 7150/10484, Loss: 4.3574
  Batch 7160/10484, Loss: 3.9083
  Batch 7170/10484, Loss: 3.5510
  Batch 7180/10484, Loss: 3.8091
  Batch 7190/10484, Loss: 3.8443
  Batch 7200/10484, Loss: 3.1400
  Batch 7210/10484, Loss: 4.1009
  Batch 7220/10484, Loss: 4.1354
  Batch 7230/10484, Loss: 3.9038
  Batch 7240/10484, Loss: 4.1963
  Batch 7250/10484, Loss: 3.8920
  Batch 7260/10484, Loss: 4.5207
  Batch 7270/10484, Loss: 3.4930
  Batch 7280/10484, Loss: 4.0927
  Batch 7290/10484, Loss: 3.9066
  Batch 7300/10484, Loss: 3.7018
  Batch 7310/10484, Loss: 3.9590
  Batch 7320/10484, Loss: 4.3466
  Batch 7330/10484, Loss: 3.3105
  Batch 7340/10484, Loss: 4.2699
  Batch 7350/10484, Loss: 3.3943
  Batch 7360/10484, Loss: 4.0554
  Batch 7370/10484, Loss: 3.7802
  Batch 7380/10484, Loss: 3.6913
  Batch 7390/10484, Loss: 3.1515
  Batch 7400/10484, Loss: 4.0294
  Batch 7410/10484, Loss: 3.7656
  Batch 7420/10484, Loss: 4.0272
  Batch 7430/10484, Loss: 4.1252
  Batch 7440/10484, Loss: 4.2169
  Batch 7450/10484, Loss: 4.0601
  Batch 7460/10484, Loss: 4.1149
  Batch 7470/10484, Loss: 4.4304
  Batch 7480/10484, Loss: 4.1841
  Batch 7490/10484, Loss: 4.4032
  Batch 7500/10484, Loss: 3.5802
  Batch 7510/10484, Loss: 3.4662
  Batch 7520/10484, Loss: 4.2762
  Batch 7530/10484, Loss: 3.7979
  Batch 7540/10484, Loss: 4.3359
  Batch 7550/10484, Loss: 4.0548
  Batch 7560/10484, Loss: 3.5468
  Batch 7570/10484, Loss: 3.3203
  Batch 7580/10484, Loss: 4.0168
  Batch 7590/10484, Loss: 3.7401
  Batch 7600/10484, Loss: 4.2153
  Batch 7610/10484, Loss: 3.6632
  Batch 7620/10484, Loss: 4.5984
  Batch 7630/10484, Loss: 4.0443
  Batch 7640/10484, Loss: 4.3343
  Batch 7650/10484, Loss: 3.2920
  Batch 7660/10484, Loss: 4.0928
  Batch 7670/10484, Loss: 4.0414
  Batch 7680/10484, Loss: 4.0920
  Batch 7690/10484, Loss: 3.4893
  Batch 7700/10484, Loss: 3.4867
  Batch 7710/10484, Loss: 3.4605
  Batch 7720/10484, Loss: 4.4709
  Batch 7730/10484, Loss: 3.8076
  Batch 7740/10484, Loss: 4.5171
  Batch 7750/10484, Loss: 3.9076
  Batch 7760/10484, Loss: 4.2708
  Batch 7770/10484, Loss: 3.7526
  Batch 7780/10484, Loss: 3.3946
  Batch 7790/10484, Loss: 4.0894
  Batch 7800/10484, Loss: 3.9769
  Batch 7810/10484, Loss: 4.6194
  Batch 7820/10484, Loss: 3.8733
  Batch 7830/10484, Loss: 3.6726
  Batch 7840/10484, Loss: 4.2307
  Batch 7850/10484, Loss: 3.8870
  Batch 7860/10484, Loss: 3.5799
  Batch 7870/10484, Loss: 3.7143
  Batch 7880/10484, Loss: 4.3676
  Batch 7890/10484, Loss: 4.6223
  Batch 7900/10484, Loss: 2.8928
  Batch 7910/10484, Loss: 3.9118
  Batch 7920/10484, Loss: 3.8390
  Batch 7930/10484, Loss: 3.9104
  Batch 7940/10484, Loss: 4.0572
  Batch 7950/10484, Loss: 4.1918
  Batch 7960/10484, Loss: 3.9087
  Batch 7970/10484, Loss: 3.9578
  Batch 7980/10484, Loss: 4.1936
  Batch 7990/10484, Loss: 3.9590
  Batch 8000/10484, Loss: 2.9455
  Batch 8010/10484, Loss: 3.6391
  Batch 8020/10484, Loss: 4.0563
  Batch 8030/10484, Loss: 3.5364
  Batch 8040/10484, Loss: 4.2041
  Batch 8050/10484, Loss: 4.1753
  Batch 8060/10484, Loss: 3.0958
  Batch 8070/10484, Loss: 3.9850
  Batch 8080/10484, Loss: 4.1409
  Batch 8090/10484, Loss: 3.7809
  Batch 8100/10484, Loss: 3.7271
  Batch 8110/10484, Loss: 3.5305
  Batch 8120/10484, Loss: 3.0677
  Batch 8130/10484, Loss: 4.5806
  Batch 8140/10484, Loss: 4.1419
  Batch 8150/10484, Loss: 4.1657
  Batch 8160/10484, Loss: 3.5248
  Batch 8170/10484, Loss: 4.0792
  Batch 8180/10484, Loss: 3.7733
  Batch 8190/10484, Loss: 3.7977
  Batch 8200/10484, Loss: 3.8401
  Batch 8210/10484, Loss: 4.7135
  Batch 8220/10484, Loss: 4.0691
  Batch 8230/10484, Loss: 3.9128
  Batch 8240/10484, Loss: 4.1804
  Batch 8250/10484, Loss: 3.8078
  Batch 8260/10484, Loss: 3.5315
  Batch 8270/10484, Loss: 4.3633
  Batch 8280/10484, Loss: 4.0129
  Batch 8290/10484, Loss: 3.6831
  Batch 8300/10484, Loss: 3.6615
  Batch 8310/10484, Loss: 3.4026
  Batch 8320/10484, Loss: 3.3183
  Batch 8330/10484, Loss: 3.8056
  Batch 8340/10484, Loss: 3.7029
  Batch 8350/10484, Loss: 3.9192
  Batch 8360/10484, Loss: 3.8305
  Batch 8370/10484, Loss: 3.6324
  Batch 8380/10484, Loss: 4.2645
  Batch 8390/10484, Loss: 4.1655
  Batch 8400/10484, Loss: 4.2284
  Batch 8410/10484, Loss: 4.2378
  Batch 8420/10484, Loss: 3.8360
  Batch 8430/10484, Loss: 3.8546
  Batch 8440/10484, Loss: 4.3718
  Batch 8450/10484, Loss: 3.7953
  Batch 8460/10484, Loss: 4.5344
  Batch 8470/10484, Loss: 3.7860
  Batch 8480/10484, Loss: 3.7376
  Batch 8490/10484, Loss: 4.1788
  Batch 8500/10484, Loss: 4.8144
  Batch 8510/10484, Loss: 4.1136
  Batch 8520/10484, Loss: 4.3285
  Batch 8530/10484, Loss: 4.0113
  Batch 8540/10484, Loss: 3.7400
  Batch 8550/10484, Loss: 3.8811
  Batch 8560/10484, Loss: 3.1120
  Batch 8570/10484, Loss: 3.3602
  Batch 8580/10484, Loss: 3.5525
  Batch 8590/10484, Loss: 4.1762
  Batch 8600/10484, Loss: 4.1639
  Batch 8610/10484, Loss: 3.3088
  Batch 8620/10484, Loss: 4.2457
  Batch 8630/10484, Loss: 3.5348
  Batch 8640/10484, Loss: 4.1368
  Batch 8650/10484, Loss: 4.1975
  Batch 8660/10484, Loss: 3.6260
  Batch 8670/10484, Loss: 4.1314
  Batch 8680/10484, Loss: 4.1856
  Batch 8690/10484, Loss: 4.0265
  Batch 8700/10484, Loss: 4.1768
  Batch 8710/10484, Loss: 4.0608
  Batch 8720/10484, Loss: 3.8442
  Batch 8730/10484, Loss: 3.7934
  Batch 8740/10484, Loss: 3.8814
  Batch 8750/10484, Loss: 3.3644
  Batch 8760/10484, Loss: 3.4635
  Batch 8770/10484, Loss: 3.8586
  Batch 8780/10484, Loss: 3.8607
  Batch 8790/10484, Loss: 3.6224
  Batch 8800/10484, Loss: 3.7816
  Batch 8810/10484, Loss: 3.9685
  Batch 8820/10484, Loss: 4.0068
  Batch 8830/10484, Loss: 3.7809
  Batch 8840/10484, Loss: 3.9613
  Batch 8850/10484, Loss: 4.1089
  Batch 8860/10484, Loss: 3.6911
  Batch 8870/10484, Loss: 3.4696
  Batch 8880/10484, Loss: 3.8603
  Batch 8890/10484, Loss: 4.1519
  Batch 8900/10484, Loss: 4.3066
  Batch 8910/10484, Loss: 3.5572
  Batch 8920/10484, Loss: 3.8561
  Batch 8930/10484, Loss: 4.1259
  Batch 8940/10484, Loss: 4.0313
  Batch 8950/10484, Loss: 4.2932
  Batch 8960/10484, Loss: 4.5048
  Batch 8970/10484, Loss: 3.4301
  Batch 8980/10484, Loss: 4.1116
  Batch 8990/10484, Loss: 4.2857
  Batch 9000/10484, Loss: 4.8058
  Batch 9010/10484, Loss: 4.3597
  Batch 9020/10484, Loss: 4.3309
  Batch 9030/10484, Loss: 3.8381
  Batch 9040/10484, Loss: 3.8248
  Batch 9050/10484, Loss: 4.4025
  Batch 9060/10484, Loss: 4.0871
  Batch 9070/10484, Loss: 2.8394
  Batch 9080/10484, Loss: 4.3317
  Batch 9090/10484, Loss: 3.7238
  Batch 9100/10484, Loss: 3.5306
  Batch 9110/10484, Loss: 3.7918
  Batch 9120/10484, Loss: 4.0498
  Batch 9130/10484, Loss: 3.8186
  Batch 9140/10484, Loss: 3.9383
  Batch 9150/10484, Loss: 4.4493
  Batch 9160/10484, Loss: 3.8263
  Batch 9170/10484, Loss: 3.1795
  Batch 9180/10484, Loss: 3.8105
  Batch 9190/10484, Loss: 3.5165
  Batch 9200/10484, Loss: 4.4562
  Batch 9210/10484, Loss: 4.4188
  Batch 9220/10484, Loss: 3.6222
  Batch 9230/10484, Loss: 4.0678
  Batch 9240/10484, Loss: 3.7942
  Batch 9250/10484, Loss: 3.7589
  Batch 9260/10484, Loss: 3.8426
  Batch 9270/10484, Loss: 3.7611
  Batch 9280/10484, Loss: 3.8234
  Batch 9290/10484, Loss: 3.9584
  Batch 9300/10484, Loss: 3.5281
  Batch 9310/10484, Loss: 3.8129
  Batch 9320/10484, Loss: 4.0768
  Batch 9330/10484, Loss: 3.6740
  Batch 9340/10484, Loss: 3.5052
  Batch 9350/10484, Loss: 3.2345
  Batch 9360/10484, Loss: 3.1457
  Batch 9370/10484, Loss: 3.1239
  Batch 9380/10484, Loss: 3.8943
  Batch 9390/10484, Loss: 4.1168
  Batch 9400/10484, Loss: 3.9644
  Batch 9410/10484, Loss: 4.3274
  Batch 9420/10484, Loss: 3.8095
  Batch 9430/10484, Loss: 4.0340
  Batch 9440/10484, Loss: 3.4132
  Batch 9450/10484, Loss: 3.5953
  Batch 9460/10484, Loss: 3.3205
  Batch 9470/10484, Loss: 4.2160
  Batch 9480/10484, Loss: 3.6241
  Batch 9490/10484, Loss: 3.3075
  Batch 9500/10484, Loss: 3.3785
  Batch 9510/10484, Loss: 4.6883
  Batch 9520/10484, Loss: 3.5959
  Batch 9530/10484, Loss: 4.0991
  Batch 9540/10484, Loss: 4.2882
  Batch 9550/10484, Loss: 3.6942
  Batch 9560/10484, Loss: 4.1679
  Batch 9570/10484, Loss: 3.2811
  Batch 9580/10484, Loss: 4.2432
  Batch 9590/10484, Loss: 4.7427
  Batch 9600/10484, Loss: 3.6596
  Batch 9610/10484, Loss: 3.8857
  Batch 9620/10484, Loss: 3.4247
  Batch 9630/10484, Loss: 3.9624
  Batch 9640/10484, Loss: 3.9206
  Batch 9650/10484, Loss: 3.5956
  Batch 9660/10484, Loss: 4.7406
  Batch 9670/10484, Loss: 4.2009
  Batch 9680/10484, Loss: 4.1090
  Batch 9690/10484, Loss: 3.3681
  Batch 9700/10484, Loss: 3.2982
  Batch 9710/10484, Loss: 3.4085
  Batch 9720/10484, Loss: 3.9046
  Batch 9730/10484, Loss: 4.1692
  Batch 9740/10484, Loss: 3.3979
  Batch 9750/10484, Loss: 4.7589
  Batch 9760/10484, Loss: 3.5855
  Batch 9770/10484, Loss: 3.2289
  Batch 9780/10484, Loss: 4.3187
  Batch 9790/10484, Loss: 3.9835
  Batch 9800/10484, Loss: 3.3982
  Batch 9810/10484, Loss: 3.8894
  Batch 9820/10484, Loss: 3.4100
  Batch 9830/10484, Loss: 4.0892
  Batch 9840/10484, Loss: 4.0574
  Batch 9850/10484, Loss: 3.5241
  Batch 9860/10484, Loss: 3.7322
  Batch 9870/10484, Loss: 4.0596
  Batch 9880/10484, Loss: 3.7617
  Batch 9890/10484, Loss: 3.5952
  Batch 9900/10484, Loss: 3.3690
  Batch 9910/10484, Loss: 3.7580
  Batch 9920/10484, Loss: 3.5060
  Batch 9930/10484, Loss: 3.5154
  Batch 9940/10484, Loss: 3.9516
  Batch 9950/10484, Loss: 4.3751
  Batch 9960/10484, Loss: 4.2009
  Batch 9970/10484, Loss: 3.7562
  Batch 9980/10484, Loss: 3.7806
  Batch 9990/10484, Loss: 3.9415
  Batch 10000/10484, Loss: 4.0586
  Batch 10010/10484, Loss: 3.6505
  Batch 10020/10484, Loss: 3.6197
  Batch 10030/10484, Loss: 3.7905
  Batch 10040/10484, Loss: 4.1951
  Batch 10050/10484, Loss: 3.6762
  Batch 10060/10484, Loss: 3.6465
  Batch 10070/10484, Loss: 3.9684
  Batch 10080/10484, Loss: 3.8805
  Batch 10090/10484, Loss: 3.8908
  Batch 10100/10484, Loss: 3.8743
  Batch 10110/10484, Loss: 3.8387
  Batch 10120/10484, Loss: 3.8156
  Batch 10130/10484, Loss: 3.4540
  Batch 10140/10484, Loss: 3.8758
  Batch 10150/10484, Loss: 2.5340
  Batch 10160/10484, Loss: 3.1790
  Batch 10170/10484, Loss: 3.4348
  Batch 10180/10484, Loss: 4.2789
  Batch 10190/10484, Loss: 3.9348
  Batch 10200/10484, Loss: 4.0157
  Batch 10210/10484, Loss: 4.2545
  Batch 10220/10484, Loss: 3.6911
  Batch 10230/10484, Loss: 4.3305
  Batch 10240/10484, Loss: 3.3771
  Batch 10250/10484, Loss: 4.3497
  Batch 10260/10484, Loss: 3.6548
  Batch 10270/10484, Loss: 3.2947
  Batch 10280/10484, Loss: 4.4824
  Batch 10290/10484, Loss: 3.2920
  Batch 10300/10484, Loss: 4.4850
  Batch 10310/10484, Loss: 3.8862
  Batch 10320/10484, Loss: 3.8308
  Batch 10330/10484, Loss: 2.7191
  Batch 10340/10484, Loss: 4.0230
  Batch 10350/10484, Loss: 3.1173
  Batch 10360/10484, Loss: 3.6162
  Batch 10370/10484, Loss: 3.9030
  Batch 10380/10484, Loss: 3.8148
  Batch 10390/10484, Loss: 3.6258
  Batch 10400/10484, Loss: 4.7255
  Batch 10410/10484, Loss: 3.3638
  Batch 10420/10484, Loss: 3.9295
  Batch 10430/10484, Loss: 4.2820
  Batch 10440/10484, Loss: 4.4630
  Batch 10450/10484, Loss: 2.8570
  Batch 10460/10484, Loss: 4.3969
  Batch 10470/10484, Loss: 4.3955
  Batch 10480/10484, Loss: 4.2530

  Train Loss: 3.8740
  Val Loss: 6.6939
  Time: 30m 54s

Epoch 13/20
----------------------------------------
  Batch 10/10484, Loss: 3.7556
  Batch 20/10484, Loss: 3.3672
  Batch 30/10484, Loss: 3.7290
  Batch 40/10484, Loss: 3.6659
  Batch 50/10484, Loss: 4.3656
  Batch 60/10484, Loss: 3.5806
  Batch 70/10484, Loss: 3.6271
  Batch 80/10484, Loss: 3.6802
  Batch 90/10484, Loss: 4.0982
  Batch 100/10484, Loss: 2.8862
  Batch 110/10484, Loss: 3.7893
  Batch 120/10484, Loss: 3.8659
  Batch 130/10484, Loss: 3.5070
  Batch 140/10484, Loss: 3.8099
  Batch 150/10484, Loss: 3.5591
  Batch 160/10484, Loss: 3.3854
  Batch 170/10484, Loss: 3.9736
  Batch 180/10484, Loss: 3.6007
  Batch 190/10484, Loss: 4.0240
  Batch 200/10484, Loss: 3.8372
  Batch 210/10484, Loss: 3.3366
  Batch 220/10484, Loss: 3.5221
  Batch 230/10484, Loss: 3.7163
  Batch 240/10484, Loss: 3.8948
  Batch 250/10484, Loss: 3.5181
  Batch 260/10484, Loss: 3.6973
  Batch 270/10484, Loss: 3.2235
  Batch 280/10484, Loss: 4.2598
  Batch 290/10484, Loss: 4.0029
  Batch 300/10484, Loss: 3.8555
  Batch 310/10484, Loss: 3.6152
  Batch 320/10484, Loss: 3.9037
  Batch 330/10484, Loss: 4.0210
  Batch 340/10484, Loss: 3.5299
  Batch 350/10484, Loss: 3.9115
  Batch 360/10484, Loss: 3.1786
  Batch 370/10484, Loss: 4.1465
  Batch 380/10484, Loss: 3.9587
  Batch 390/10484, Loss: 3.8966
  Batch 400/10484, Loss: 3.9349
  Batch 410/10484, Loss: 3.6340
  Batch 420/10484, Loss: 4.2016
  Batch 430/10484, Loss: 3.6741
  Batch 440/10484, Loss: 4.0441
  Batch 450/10484, Loss: 2.9912
  Batch 460/10484, Loss: 4.4728
  Batch 470/10484, Loss: 3.9558
  Batch 480/10484, Loss: 4.2174
  Batch 490/10484, Loss: 3.6438
  Batch 500/10484, Loss: 3.5813
  Batch 510/10484, Loss: 4.0183
  Batch 520/10484, Loss: 4.1304
  Batch 530/10484, Loss: 3.1613
  Batch 540/10484, Loss: 3.9377
  Batch 550/10484, Loss: 3.5299
  Batch 560/10484, Loss: 3.9706
  Batch 570/10484, Loss: 3.7344
  Batch 580/10484, Loss: 3.5337
  Batch 590/10484, Loss: 4.1394
  Batch 600/10484, Loss: 3.2098
  Batch 610/10484, Loss: 3.1786
  Batch 620/10484, Loss: 3.1901
  Batch 630/10484, Loss: 3.5837
  Batch 640/10484, Loss: 3.9409
  Batch 650/10484, Loss: 3.2046
  Batch 660/10484, Loss: 3.8080
  Batch 670/10484, Loss: 3.0415
  Batch 680/10484, Loss: 3.2899
  Batch 690/10484, Loss: 3.1302
  Batch 700/10484, Loss: 3.4908
  Batch 710/10484, Loss: 3.3013
  Batch 720/10484, Loss: 4.1325
  Batch 730/10484, Loss: 3.8726
  Batch 740/10484, Loss: 3.4039
  Batch 750/10484, Loss: 3.7280
  Batch 760/10484, Loss: 3.6615
  Batch 770/10484, Loss: 3.4200
  Batch 780/10484, Loss: 4.4054
  Batch 790/10484, Loss: 3.8112
  Batch 800/10484, Loss: 3.4232
  Batch 810/10484, Loss: 4.0166
  Batch 820/10484, Loss: 3.4802
  Batch 830/10484, Loss: 3.9187
  Batch 840/10484, Loss: 4.1844
  Batch 850/10484, Loss: 3.8131
  Batch 860/10484, Loss: 3.2832
  Batch 870/10484, Loss: 3.4278
  Batch 880/10484, Loss: 3.5012
  Batch 890/10484, Loss: 4.4483
  Batch 900/10484, Loss: 4.2559
  Batch 910/10484, Loss: 3.6776
  Batch 920/10484, Loss: 4.2165
  Batch 930/10484, Loss: 4.0725
  Batch 940/10484, Loss: 4.3459
  Batch 950/10484, Loss: 3.5013
  Batch 960/10484, Loss: 3.5842
  Batch 970/10484, Loss: 4.3236
  Batch 980/10484, Loss: 3.5070
  Batch 990/10484, Loss: 3.2909
  Batch 1000/10484, Loss: 3.7935
  Batch 1010/10484, Loss: 4.1064
  Batch 1020/10484, Loss: 4.0046
  Batch 1030/10484, Loss: 3.8287
  Batch 1040/10484, Loss: 3.5850
  Batch 1050/10484, Loss: 3.2557
  Batch 1060/10484, Loss: 3.7251
  Batch 1070/10484, Loss: 3.4750
  Batch 1080/10484, Loss: 3.5404
  Batch 1090/10484, Loss: 4.1711
  Batch 1100/10484, Loss: 3.8003
  Batch 1110/10484, Loss: 3.3850
  Batch 1120/10484, Loss: 3.4953
  Batch 1130/10484, Loss: 3.9025
  Batch 1140/10484, Loss: 3.9596
  Batch 1150/10484, Loss: 3.5843
  Batch 1160/10484, Loss: 2.8942
  Batch 1170/10484, Loss: 3.7820
  Batch 1180/10484, Loss: 4.2868
  Batch 1190/10484, Loss: 3.1932
  Batch 1200/10484, Loss: 4.0890
  Batch 1210/10484, Loss: 4.4962
  Batch 1220/10484, Loss: 3.8882
  Batch 1230/10484, Loss: 3.6778
  Batch 1240/10484, Loss: 4.0084
  Batch 1250/10484, Loss: 3.8410
  Batch 1260/10484, Loss: 4.1207
  Batch 1270/10484, Loss: 3.5072
  Batch 1280/10484, Loss: 3.8815
  Batch 1290/10484, Loss: 3.7570
  Batch 1300/10484, Loss: 3.7943
  Batch 1310/10484, Loss: 3.6441
  Batch 1320/10484, Loss: 3.9998
  Batch 1330/10484, Loss: 4.1779
  Batch 1340/10484, Loss: 4.0643
  Batch 1350/10484, Loss: 3.7670
  Batch 1360/10484, Loss: 3.9412
  Batch 1370/10484, Loss: 3.6528
  Batch 1380/10484, Loss: 3.4324
  Batch 1390/10484, Loss: 3.9249
  Batch 1400/10484, Loss: 3.0761
  Batch 1410/10484, Loss: 2.9562
  Batch 1420/10484, Loss: 3.4865
  Batch 1430/10484, Loss: 3.7074
  Batch 1440/10484, Loss: 3.9391
  Batch 1450/10484, Loss: 4.0231
  Batch 1460/10484, Loss: 3.9607
  Batch 1470/10484, Loss: 3.6525
  Batch 1480/10484, Loss: 3.1228
  Batch 1490/10484, Loss: 3.5949
  Batch 1500/10484, Loss: 3.8222
  Batch 1510/10484, Loss: 4.1774
  Batch 1520/10484, Loss: 3.0683
  Batch 1530/10484, Loss: 4.5093
  Batch 1540/10484, Loss: 3.8369
  Batch 1550/10484, Loss: 4.0280
  Batch 1560/10484, Loss: 3.8792
  Batch 1570/10484, Loss: 4.0462
  Batch 1580/10484, Loss: 4.1866
  Batch 1590/10484, Loss: 4.0312
  Batch 1600/10484, Loss: 3.1610
  Batch 1610/10484, Loss: 3.0000
  Batch 1620/10484, Loss: 3.4398
  Batch 1630/10484, Loss: 3.7370
  Batch 1640/10484, Loss: 4.3528
  Batch 1650/10484, Loss: 3.5719
  Batch 1660/10484, Loss: 2.9605
  Batch 1670/10484, Loss: 3.9013
  Batch 1680/10484, Loss: 3.8649
  Batch 1690/10484, Loss: 3.7789
  Batch 1700/10484, Loss: 4.3720
  Batch 1710/10484, Loss: 3.4161
  Batch 1720/10484, Loss: 4.0338
  Batch 1730/10484, Loss: 4.3027
  Batch 1740/10484, Loss: 3.7019
  Batch 1750/10484, Loss: 3.8922
  Batch 1760/10484, Loss: 3.6617
  Batch 1770/10484, Loss: 3.9030
  Batch 1780/10484, Loss: 4.5704
  Batch 1790/10484, Loss: 3.8597
  Batch 1800/10484, Loss: 4.2820
  Batch 1810/10484, Loss: 3.7748
  Batch 1820/10484, Loss: 3.9941
  Batch 1830/10484, Loss: 3.4948
  Batch 1840/10484, Loss: 3.4425
  Batch 1850/10484, Loss: 3.3475
  Batch 1860/10484, Loss: 4.0352
  Batch 1870/10484, Loss: 3.6341
  Batch 1880/10484, Loss: 3.6463
  Batch 1890/10484, Loss: 4.1149
  Batch 1900/10484, Loss: 4.3940
  Batch 1910/10484, Loss: 3.8473
  Batch 1920/10484, Loss: 3.3725
  Batch 1930/10484, Loss: 3.5557
  Batch 1940/10484, Loss: 3.9617
  Batch 1950/10484, Loss: 4.3123
  Batch 1960/10484, Loss: 4.0448
  Batch 1970/10484, Loss: 3.9069
  Batch 1980/10484, Loss: 4.2782
  Batch 1990/10484, Loss: 3.9621
  Batch 2000/10484, Loss: 3.7570
  Batch 2010/10484, Loss: 3.0286
  Batch 2020/10484, Loss: 3.6999
  Batch 2030/10484, Loss: 3.6513
  Batch 2040/10484, Loss: 4.3284
  Batch 2050/10484, Loss: 4.3472
  Batch 2060/10484, Loss: 3.4071
  Batch 2070/10484, Loss: 3.6569
  Batch 2080/10484, Loss: 4.2650
  Batch 2090/10484, Loss: 4.3537
  Batch 2100/10484, Loss: 4.2304
  Batch 2110/10484, Loss: 3.8258
  Batch 2120/10484, Loss: 4.1959
  Batch 2130/10484, Loss: 4.1839
  Batch 2140/10484, Loss: 3.5997
  Batch 2150/10484, Loss: 3.0608
  Batch 2160/10484, Loss: 3.1760
  Batch 2170/10484, Loss: 3.1667
  Batch 2180/10484, Loss: 4.3990
  Batch 2190/10484, Loss: 3.8662
  Batch 2200/10484, Loss: 3.6627
  Batch 2210/10484, Loss: 4.0027
  Batch 2220/10484, Loss: 4.0391
  Batch 2230/10484, Loss: 4.2612
  Batch 2240/10484, Loss: 3.7995
  Batch 2250/10484, Loss: 3.3944
  Batch 2260/10484, Loss: 3.9725
  Batch 2270/10484, Loss: 3.4430
  Batch 2280/10484, Loss: 3.0651
  Batch 2290/10484, Loss: 3.3501
  Batch 2300/10484, Loss: 4.6125
  Batch 2310/10484, Loss: 3.8577
  Batch 2320/10484, Loss: 3.6937
  Batch 2330/10484, Loss: 3.9982
  Batch 2340/10484, Loss: 4.2937
  Batch 2350/10484, Loss: 3.7680
  Batch 2360/10484, Loss: 3.7405
  Batch 2370/10484, Loss: 3.8233
  Batch 2380/10484, Loss: 3.4454
  Batch 2390/10484, Loss: 3.3537
  Batch 2400/10484, Loss: 2.8960
  Batch 2410/10484, Loss: 3.6451
  Batch 2420/10484, Loss: 2.8339
  Batch 2430/10484, Loss: 2.7203
  Batch 2440/10484, Loss: 3.9596
  Batch 2450/10484, Loss: 3.9922
  Batch 2460/10484, Loss: 4.3976
  Batch 2470/10484, Loss: 4.0865
  Batch 2480/10484, Loss: 3.6071
  Batch 2490/10484, Loss: 4.5514
  Batch 2500/10484, Loss: 4.1328
  Batch 2510/10484, Loss: 4.4167
  Batch 2520/10484, Loss: 4.0104
  Batch 2530/10484, Loss: 3.6538
  Batch 2540/10484, Loss: 4.3324
  Batch 2550/10484, Loss: 3.6186
  Batch 2560/10484, Loss: 3.9835
  Batch 2570/10484, Loss: 4.2710
  Batch 2580/10484, Loss: 3.1934
  Batch 2590/10484, Loss: 3.6110
  Batch 2600/10484, Loss: 3.9041
  Batch 2610/10484, Loss: 3.8037
  Batch 2620/10484, Loss: 4.0162
  Batch 2630/10484, Loss: 3.7746
  Batch 2640/10484, Loss: 3.7176
  Batch 2650/10484, Loss: 3.7496
  Batch 2660/10484, Loss: 3.4038
  Batch 2670/10484, Loss: 3.3783
  Batch 2680/10484, Loss: 4.2796
  Batch 2690/10484, Loss: 4.2443
  Batch 2700/10484, Loss: 2.9005
  Batch 2710/10484, Loss: 4.2919
  Batch 2720/10484, Loss: 3.9310
  Batch 2730/10484, Loss: 4.0379
  Batch 2740/10484, Loss: 3.2001
  Batch 2750/10484, Loss: 3.3711
  Batch 2760/10484, Loss: 3.2725
  Batch 2770/10484, Loss: 4.5608
  Batch 2780/10484, Loss: 3.8168
  Batch 2790/10484, Loss: 3.3003
  Batch 2800/10484, Loss: 3.7801
  Batch 2810/10484, Loss: 3.8687
  Batch 2820/10484, Loss: 3.5070
  Batch 2830/10484, Loss: 4.2829
  Batch 2840/10484, Loss: 3.3435
  Batch 2850/10484, Loss: 4.0326
  Batch 2860/10484, Loss: 3.6336
  Batch 2870/10484, Loss: 3.8896
  Batch 2880/10484, Loss: 3.8646
  Batch 2890/10484, Loss: 3.8764
  Batch 2900/10484, Loss: 4.1082
  Batch 2910/10484, Loss: 3.5582
  Batch 2920/10484, Loss: 3.3985
  Batch 2930/10484, Loss: 3.8946
  Batch 2940/10484, Loss: 3.4447
  Batch 2950/10484, Loss: 3.0027
  Batch 2960/10484, Loss: 3.3547
  Batch 2970/10484, Loss: 3.8007
  Batch 2980/10484, Loss: 3.5994
  Batch 2990/10484, Loss: 3.9794
  Batch 3000/10484, Loss: 3.4358
  Batch 3010/10484, Loss: 3.3076
  Batch 3020/10484, Loss: 3.8250
  Batch 3030/10484, Loss: 3.1757
  Batch 3040/10484, Loss: 3.5139
  Batch 3050/10484, Loss: 4.1999
  Batch 3060/10484, Loss: 4.0312
  Batch 3070/10484, Loss: 3.6296
  Batch 3080/10484, Loss: 3.9733
  Batch 3090/10484, Loss: 4.4751
  Batch 3100/10484, Loss: 4.0591
  Batch 3110/10484, Loss: 3.8676
  Batch 3120/10484, Loss: 3.6503
  Batch 3130/10484, Loss: 3.3738
  Batch 3140/10484, Loss: 3.3442
  Batch 3150/10484, Loss: 3.5764
  Batch 3160/10484, Loss: 3.6980
  Batch 3170/10484, Loss: 4.2042
  Batch 3180/10484, Loss: 3.8017
  Batch 3190/10484, Loss: 4.4046
  Batch 3200/10484, Loss: 3.3697
  Batch 3210/10484, Loss: 3.3041
  Batch 3220/10484, Loss: 3.8596
  Batch 3230/10484, Loss: 3.6144
  Batch 3240/10484, Loss: 4.2018
  Batch 3250/10484, Loss: 3.9209
  Batch 3260/10484, Loss: 3.6994
  Batch 3270/10484, Loss: 3.5533
  Batch 3280/10484, Loss: 3.5848
  Batch 3290/10484, Loss: 4.6517
  Batch 3300/10484, Loss: 3.7187
  Batch 3310/10484, Loss: 3.7511
  Batch 3320/10484, Loss: 3.4784
  Batch 3330/10484, Loss: 3.7968
  Batch 3340/10484, Loss: 3.3977
  Batch 3350/10484, Loss: 3.7226
  Batch 3360/10484, Loss: 4.1015
  Batch 3370/10484, Loss: 3.9904
  Batch 3380/10484, Loss: 3.7975
  Batch 3390/10484, Loss: 4.4131
  Batch 3400/10484, Loss: 3.5876
  Batch 3410/10484, Loss: 3.7524
  Batch 3420/10484, Loss: 3.8438
  Batch 3430/10484, Loss: 3.8041
  Batch 3440/10484, Loss: 3.6872
  Batch 3450/10484, Loss: 3.7189
  Batch 3460/10484, Loss: 3.4548
  Batch 3470/10484, Loss: 3.4700
  Batch 3480/10484, Loss: 3.2737
  Batch 3490/10484, Loss: 4.0346
  Batch 3500/10484, Loss: 4.1679
  Batch 3510/10484, Loss: 4.1151
  Batch 3520/10484, Loss: 3.7038
  Batch 3530/10484, Loss: 4.0384
  Batch 3540/10484, Loss: 4.0093
  Batch 3550/10484, Loss: 3.4728
  Batch 3560/10484, Loss: 3.9035
  Batch 3570/10484, Loss: 3.5255
  Batch 3580/10484, Loss: 3.4341
  Batch 3590/10484, Loss: 4.0054
  Batch 3600/10484, Loss: 4.1020
  Batch 3610/10484, Loss: 3.6144
  Batch 3620/10484, Loss: 3.1441
  Batch 3630/10484, Loss: 3.1874
  Batch 3640/10484, Loss: 3.9223
  Batch 3650/10484, Loss: 3.7861
  Batch 3660/10484, Loss: 3.7179
  Batch 3670/10484, Loss: 4.2734
  Batch 3680/10484, Loss: 3.9122
  Batch 3690/10484, Loss: 3.2269
  Batch 3700/10484, Loss: 4.1475
  Batch 3710/10484, Loss: 4.1542
  Batch 3720/10484, Loss: 3.9886
  Batch 3730/10484, Loss: 4.1676
  Batch 3740/10484, Loss: 3.9535
  Batch 3750/10484, Loss: 2.9177
  Batch 3760/10484, Loss: 3.6423
  Batch 3770/10484, Loss: 3.6922
  Batch 3780/10484, Loss: 3.7684
  Batch 3790/10484, Loss: 3.3763
  Batch 3800/10484, Loss: 4.1129
  Batch 3810/10484, Loss: 4.0150
  Batch 3820/10484, Loss: 3.5142
  Batch 3830/10484, Loss: 3.5437
  Batch 3840/10484, Loss: 3.9077
  Batch 3850/10484, Loss: 4.3673
  Batch 3860/10484, Loss: 3.8347
  Batch 3870/10484, Loss: 4.1083
  Batch 3880/10484, Loss: 4.3814
  Batch 3890/10484, Loss: 4.5887
  Batch 3900/10484, Loss: 3.1241
  Batch 3910/10484, Loss: 4.0178
  Batch 3920/10484, Loss: 4.1196
  Batch 3930/10484, Loss: 3.6452
  Batch 3940/10484, Loss: 3.5314
  Batch 3950/10484, Loss: 3.5816
  Batch 3960/10484, Loss: 3.5758
  Batch 3970/10484, Loss: 3.1448
  Batch 3980/10484, Loss: 4.2775
  Batch 3990/10484, Loss: 3.5964
  Batch 4000/10484, Loss: 3.7313
  Batch 4010/10484, Loss: 3.0277
  Batch 4020/10484, Loss: 4.1250
  Batch 4030/10484, Loss: 3.1755
  Batch 4040/10484, Loss: 3.4893
  Batch 4050/10484, Loss: 3.7900
  Batch 4060/10484, Loss: 3.8205
  Batch 4070/10484, Loss: 3.8220
  Batch 4080/10484, Loss: 4.0828
  Batch 4090/10484, Loss: 3.9929
  Batch 4100/10484, Loss: 4.3891
  Batch 4110/10484, Loss: 3.6591
  Batch 4120/10484, Loss: 3.7321
  Batch 4130/10484, Loss: 3.9103
  Batch 4140/10484, Loss: 3.4928
  Batch 4150/10484, Loss: 3.7791
  Batch 4160/10484, Loss: 3.1438
  Batch 4170/10484, Loss: 3.3559
  Batch 4180/10484, Loss: 4.1395
  Batch 4190/10484, Loss: 3.7814
  Batch 4200/10484, Loss: 3.2856
  Batch 4210/10484, Loss: 4.7949
  Batch 4220/10484, Loss: 4.2470
  Batch 4230/10484, Loss: 3.8956
  Batch 4240/10484, Loss: 4.2279
  Batch 4250/10484, Loss: 3.6485
  Batch 4260/10484, Loss: 3.1884
  Batch 4270/10484, Loss: 3.4487
  Batch 4280/10484, Loss: 3.2399
  Batch 4290/10484, Loss: 3.7966
  Batch 4300/10484, Loss: 4.1479
  Batch 4310/10484, Loss: 4.3149
  Batch 4320/10484, Loss: 3.4052
  Batch 4330/10484, Loss: 4.0211
  Batch 4340/10484, Loss: 3.8968
  Batch 4350/10484, Loss: 3.6421
  Batch 4360/10484, Loss: 3.4849
  Batch 4370/10484, Loss: 3.9418
  Batch 4380/10484, Loss: 3.9372
  Batch 4390/10484, Loss: 3.4421
  Batch 4400/10484, Loss: 3.9018
  Batch 4410/10484, Loss: 3.5012
  Batch 4420/10484, Loss: 3.7514
  Batch 4430/10484, Loss: 4.0871
  Batch 4440/10484, Loss: 4.0707
  Batch 4450/10484, Loss: 3.9066
  Batch 4460/10484, Loss: 3.6637
  Batch 4470/10484, Loss: 3.7045
  Batch 4480/10484, Loss: 3.6327
  Batch 4490/10484, Loss: 3.7435
  Batch 4500/10484, Loss: 3.6986
  Batch 4510/10484, Loss: 3.6350
  Batch 4520/10484, Loss: 3.2716
  Batch 4530/10484, Loss: 4.0298
  Batch 4540/10484, Loss: 3.7131
  Batch 4550/10484, Loss: 4.1906
  Batch 4560/10484, Loss: 3.8969
  Batch 4570/10484, Loss: 3.8193
  Batch 4580/10484, Loss: 4.0287
  Batch 4590/10484, Loss: 4.2377
  Batch 4600/10484, Loss: 4.2391
  Batch 4610/10484, Loss: 4.3144
  Batch 4620/10484, Loss: 3.7529
  Batch 4630/10484, Loss: 4.4516
  Batch 4640/10484, Loss: 4.3184
  Batch 4650/10484, Loss: 4.1289
  Batch 4660/10484, Loss: 3.6965
  Batch 4670/10484, Loss: 4.0645
  Batch 4680/10484, Loss: 4.2620
  Batch 4690/10484, Loss: 4.5222
  Batch 4700/10484, Loss: 3.9481
  Batch 4710/10484, Loss: 4.0400
  Batch 4720/10484, Loss: 3.7785
  Batch 4730/10484, Loss: 3.8803
  Batch 4740/10484, Loss: 3.8147
  Batch 4750/10484, Loss: 4.2623
  Batch 4760/10484, Loss: 3.7524
  Batch 4770/10484, Loss: 3.6480
  Batch 4780/10484, Loss: 3.6593
  Batch 4790/10484, Loss: 3.5859
  Batch 4800/10484, Loss: 3.9114
  Batch 4810/10484, Loss: 4.0468
  Batch 4820/10484, Loss: 3.8002
  Batch 4830/10484, Loss: 3.6692
  Batch 4840/10484, Loss: 3.7146
  Batch 4850/10484, Loss: 4.0471
  Batch 4860/10484, Loss: 3.5771
  Batch 4870/10484, Loss: 4.0317
  Batch 4880/10484, Loss: 3.8189
  Batch 4890/10484, Loss: 4.0010
  Batch 4900/10484, Loss: 4.1469
  Batch 4910/10484, Loss: 4.3047
  Batch 4920/10484, Loss: 4.3146
  Batch 4930/10484, Loss: 3.7220
  Batch 4940/10484, Loss: 4.2546
  Batch 4950/10484, Loss: 3.7844
  Batch 4960/10484, Loss: 3.8187
  Batch 4970/10484, Loss: 3.5061
  Batch 4980/10484, Loss: 3.9685
  Batch 4990/10484, Loss: 3.8004
  Batch 5000/10484, Loss: 3.8075
  Batch 5010/10484, Loss: 4.0857
  Batch 5020/10484, Loss: 3.5408
  Batch 5030/10484, Loss: 3.9654
  Batch 5040/10484, Loss: 3.2430
  Batch 5050/10484, Loss: 3.7290
  Batch 5060/10484, Loss: 3.7509
  Batch 5070/10484, Loss: 4.0101
  Batch 5080/10484, Loss: 4.1726
  Batch 5090/10484, Loss: 3.2834
  Batch 5100/10484, Loss: 4.1541
  Batch 5110/10484, Loss: 3.8322
  Batch 5120/10484, Loss: 3.7492
  Batch 5130/10484, Loss: 3.9954
  Batch 5140/10484, Loss: 4.0846
  Batch 5150/10484, Loss: 4.0314
  Batch 5160/10484, Loss: 3.5616
  Batch 5170/10484, Loss: 3.7341
  Batch 5180/10484, Loss: 3.9831
  Batch 5190/10484, Loss: 4.1303
  Batch 5200/10484, Loss: 4.0481
  Batch 5210/10484, Loss: 4.1377
  Batch 5220/10484, Loss: 3.5839
  Batch 5230/10484, Loss: 4.0878
  Batch 5240/10484, Loss: 4.1445
  Batch 5250/10484, Loss: 3.8347
  Batch 5260/10484, Loss: 4.3564
  Batch 5270/10484, Loss: 4.1320
  Batch 5280/10484, Loss: 3.8861
  Batch 5290/10484, Loss: 4.1407
  Batch 5300/10484, Loss: 3.6137
  Batch 5310/10484, Loss: 4.0757
  Batch 5320/10484, Loss: 4.0453
  Batch 5330/10484, Loss: 3.9934
  Batch 5340/10484, Loss: 3.8233
  Batch 5350/10484, Loss: 3.3940
  Batch 5360/10484, Loss: 3.9492
  Batch 5370/10484, Loss: 4.4375
  Batch 5380/10484, Loss: 3.5322
  Batch 5390/10484, Loss: 3.5954
  Batch 5400/10484, Loss: 3.8116
  Batch 5410/10484, Loss: 4.2084
  Batch 5420/10484, Loss: 3.5121
  Batch 5430/10484, Loss: 4.1602
  Batch 5440/10484, Loss: 4.6988
  Batch 5450/10484, Loss: 4.0766
  Batch 5460/10484, Loss: 4.5861
  Batch 5470/10484, Loss: 3.3001
  Batch 5480/10484, Loss: 3.5234
  Batch 5490/10484, Loss: 3.6485
  Batch 5500/10484, Loss: 4.3745
  Batch 5510/10484, Loss: 3.1764
  Batch 5520/10484, Loss: 4.0019
  Batch 5530/10484, Loss: 3.8654
  Batch 5540/10484, Loss: 3.1206
  Batch 5550/10484, Loss: 3.7348
  Batch 5560/10484, Loss: 3.9690
  Batch 5570/10484, Loss: 3.3105
  Batch 5580/10484, Loss: 4.0988
  Batch 5590/10484, Loss: 3.6920
  Batch 5600/10484, Loss: 3.7262
  Batch 5610/10484, Loss: 4.1642
  Batch 5620/10484, Loss: 2.7374
  Batch 5630/10484, Loss: 3.9767
  Batch 5640/10484, Loss: 3.7254
  Batch 5650/10484, Loss: 3.7731
  Batch 5660/10484, Loss: 3.7928
  Batch 5670/10484, Loss: 3.4962
  Batch 5680/10484, Loss: 4.3269
  Batch 5690/10484, Loss: 4.2582
  Batch 5700/10484, Loss: 3.3034
  Batch 5710/10484, Loss: 4.4087
  Batch 5720/10484, Loss: 3.5973
  Batch 5730/10484, Loss: 3.6239
  Batch 5740/10484, Loss: 3.9711
  Batch 5750/10484, Loss: 3.5991
  Batch 5760/10484, Loss: 3.3633
  Batch 5770/10484, Loss: 3.9360
  Batch 5780/10484, Loss: 4.2871
  Batch 5790/10484, Loss: 3.8952
  Batch 5800/10484, Loss: 3.7519
  Batch 5810/10484, Loss: 3.7239
  Batch 5820/10484, Loss: 4.3760
  Batch 5830/10484, Loss: 3.5052
  Batch 5840/10484, Loss: 3.4420
  Batch 5850/10484, Loss: 4.6717
  Batch 5860/10484, Loss: 3.8667
  Batch 5870/10484, Loss: 3.7628
  Batch 5880/10484, Loss: 4.2285
  Batch 5890/10484, Loss: 4.2225
  Batch 5900/10484, Loss: 4.1764
  Batch 5910/10484, Loss: 4.4128
  Batch 5920/10484, Loss: 4.3400
  Batch 5930/10484, Loss: 3.9495
  Batch 5940/10484, Loss: 3.4659
  Batch 5950/10484, Loss: 4.6579
  Batch 5960/10484, Loss: 3.7175
  Batch 5970/10484, Loss: 3.8712
  Batch 5980/10484, Loss: 3.8564
  Batch 5990/10484, Loss: 2.8249
  Batch 6000/10484, Loss: 4.1433
  Batch 6010/10484, Loss: 3.1261
  Batch 6020/10484, Loss: 4.0930
  Batch 6030/10484, Loss: 3.7903
  Batch 6040/10484, Loss: 3.9499
  Batch 6050/10484, Loss: 4.2101
  Batch 6060/10484, Loss: 3.2747
  Batch 6070/10484, Loss: 3.4638
  Batch 6080/10484, Loss: 4.1833
  Batch 6090/10484, Loss: 4.0378
  Batch 6100/10484, Loss: 3.9719
  Batch 6110/10484, Loss: 3.8677
  Batch 6120/10484, Loss: 3.3033
  Batch 6130/10484, Loss: 4.0041
  Batch 6140/10484, Loss: 3.7692
  Batch 6150/10484, Loss: 4.2353
  Batch 6160/10484, Loss: 4.0595
  Batch 6170/10484, Loss: 3.3695
  Batch 6180/10484, Loss: 3.7895
  Batch 6190/10484, Loss: 3.9093
  Batch 6200/10484, Loss: 4.1160
  Batch 6210/10484, Loss: 4.2075
  Batch 6220/10484, Loss: 3.8178
  Batch 6230/10484, Loss: 3.6948
  Batch 6240/10484, Loss: 4.0899
  Batch 6250/10484, Loss: 3.8431
  Batch 6260/10484, Loss: 3.8474
  Batch 6270/10484, Loss: 3.6494
  Batch 6280/10484, Loss: 3.4986
  Batch 6290/10484, Loss: 3.1059
  Batch 6300/10484, Loss: 4.1263
  Batch 6310/10484, Loss: 3.4657
  Batch 6320/10484, Loss: 4.7618
  Batch 6330/10484, Loss: 3.8480
  Batch 6340/10484, Loss: 4.3808
  Batch 6350/10484, Loss: 4.1817
  Batch 6360/10484, Loss: 3.9325
  Batch 6370/10484, Loss: 3.8023
  Batch 6380/10484, Loss: 3.5897
  Batch 6390/10484, Loss: 3.2480
  Batch 6400/10484, Loss: 4.5424
  Batch 6410/10484, Loss: 3.7953
  Batch 6420/10484, Loss: 4.3563
  Batch 6430/10484, Loss: 3.9153
  Batch 6440/10484, Loss: 3.4790
  Batch 6450/10484, Loss: 3.5323
  Batch 6460/10484, Loss: 3.6546
  Batch 6470/10484, Loss: 3.5993
  Batch 6480/10484, Loss: 3.4642
  Batch 6490/10484, Loss: 4.1157
  Batch 6500/10484, Loss: 3.6027
  Batch 6510/10484, Loss: 3.7000
  Batch 6520/10484, Loss: 3.8599
  Batch 6530/10484, Loss: 3.4689
  Batch 6540/10484, Loss: 4.7407
  Batch 6550/10484, Loss: 3.9940
  Batch 6560/10484, Loss: 2.9081
  Batch 6570/10484, Loss: 4.1416
  Batch 6580/10484, Loss: 3.6487
  Batch 6590/10484, Loss: 4.2233
  Batch 6600/10484, Loss: 3.7577
  Batch 6610/10484, Loss: 3.0463
  Batch 6620/10484, Loss: 4.0239
  Batch 6630/10484, Loss: 3.5466
  Batch 6640/10484, Loss: 3.9250
  Batch 6650/10484, Loss: 4.0479
  Batch 6660/10484, Loss: 3.9434
  Batch 6670/10484, Loss: 3.7691
  Batch 6680/10484, Loss: 4.2999
  Batch 6690/10484, Loss: 3.5075
  Batch 6700/10484, Loss: 3.7126
  Batch 6710/10484, Loss: 3.5278
  Batch 6720/10484, Loss: 3.5938
  Batch 6730/10484, Loss: 3.4893
  Batch 6740/10484, Loss: 3.9193
  Batch 6750/10484, Loss: 4.1776
  Batch 6760/10484, Loss: 4.6246
  Batch 6770/10484, Loss: 3.6904
  Batch 6780/10484, Loss: 3.7582
  Batch 6790/10484, Loss: 3.4047
  Batch 6800/10484, Loss: 3.1473
  Batch 6810/10484, Loss: 4.1072
  Batch 6820/10484, Loss: 3.8834
  Batch 6830/10484, Loss: 3.8463
  Batch 6840/10484, Loss: 4.4543
  Batch 6850/10484, Loss: 3.6536
  Batch 6860/10484, Loss: 4.0330
  Batch 6870/10484, Loss: 3.7572
  Batch 6880/10484, Loss: 3.9319
  Batch 6890/10484, Loss: 3.9601
  Batch 6900/10484, Loss: 4.0535
  Batch 6910/10484, Loss: 4.2280
  Batch 6920/10484, Loss: 4.3931
  Batch 6930/10484, Loss: 3.6186
  Batch 6940/10484, Loss: 4.0046
  Batch 6950/10484, Loss: 3.9141
  Batch 6960/10484, Loss: 4.1541
  Batch 6970/10484, Loss: 3.9259
  Batch 6980/10484, Loss: 4.3208
  Batch 6990/10484, Loss: 3.3170
  Batch 7000/10484, Loss: 3.9844
  Batch 7010/10484, Loss: 3.8149
  Batch 7020/10484, Loss: 4.7157
  Batch 7030/10484, Loss: 3.8503
  Batch 7040/10484, Loss: 3.9107
  Batch 7050/10484, Loss: 3.2450
  Batch 7060/10484, Loss: 3.9624
  Batch 7070/10484, Loss: 3.3970
  Batch 7080/10484, Loss: 3.5353
  Batch 7090/10484, Loss: 4.5551
  Batch 7100/10484, Loss: 3.5601
  Batch 7110/10484, Loss: 3.5880
  Batch 7120/10484, Loss: 4.0383
  Batch 7130/10484, Loss: 4.1660
  Batch 7140/10484, Loss: 4.2201
  Batch 7150/10484, Loss: 4.0241
  Batch 7160/10484, Loss: 3.7768
  Batch 7170/10484, Loss: 3.3232
  Batch 7180/10484, Loss: 3.8797
  Batch 7190/10484, Loss: 3.7707
  Batch 7200/10484, Loss: 4.4453
  Batch 7210/10484, Loss: 3.6788
  Batch 7220/10484, Loss: 3.5848
  Batch 7230/10484, Loss: 4.1098
  Batch 7240/10484, Loss: 3.6722
  Batch 7250/10484, Loss: 4.2056
  Batch 7260/10484, Loss: 4.2895
  Batch 7270/10484, Loss: 3.5530
  Batch 7280/10484, Loss: 3.5245
  Batch 7290/10484, Loss: 4.2597
  Batch 7300/10484, Loss: 3.5221
  Batch 7310/10484, Loss: 4.2195
  Batch 7320/10484, Loss: 3.7446
  Batch 7330/10484, Loss: 3.7270
  Batch 7340/10484, Loss: 4.0762
  Batch 7350/10484, Loss: 4.2685
  Batch 7360/10484, Loss: 4.2687
  Batch 7370/10484, Loss: 3.8831
  Batch 7380/10484, Loss: 4.0216
  Batch 7390/10484, Loss: 3.9576
  Batch 7400/10484, Loss: 3.5384
  Batch 7410/10484, Loss: 3.6813
  Batch 7420/10484, Loss: 3.3852
  Batch 7430/10484, Loss: 3.6332
  Batch 7440/10484, Loss: 3.4872
  Batch 7450/10484, Loss: 4.2356
  Batch 7460/10484, Loss: 3.5168
  Batch 7470/10484, Loss: 4.3473
  Batch 7480/10484, Loss: 4.0411
  Batch 7490/10484, Loss: 3.5623
  Batch 7500/10484, Loss: 4.2617
  Batch 7510/10484, Loss: 3.4303
  Batch 7520/10484, Loss: 3.9244
  Batch 7530/10484, Loss: 3.6345
  Batch 7540/10484, Loss: 4.3917
  Batch 7550/10484, Loss: 3.3999
  Batch 7560/10484, Loss: 3.4615
  Batch 7570/10484, Loss: 3.9660
  Batch 7580/10484, Loss: 3.6641
  Batch 7590/10484, Loss: 4.2775
  Batch 7600/10484, Loss: 4.5846
  Batch 7610/10484, Loss: 3.9897
  Batch 7620/10484, Loss: 4.0736
  Batch 7630/10484, Loss: 4.0283
  Batch 7640/10484, Loss: 2.9605
  Batch 7650/10484, Loss: 4.0700
  Batch 7660/10484, Loss: 3.8137
  Batch 7670/10484, Loss: 3.4377
  Batch 7680/10484, Loss: 3.5733
  Batch 7690/10484, Loss: 3.9168
  Batch 7700/10484, Loss: 3.6636
  Batch 7710/10484, Loss: 3.6686
  Batch 7720/10484, Loss: 3.4830
  Batch 7730/10484, Loss: 3.8075
  Batch 7740/10484, Loss: 3.7520
  Batch 7750/10484, Loss: 3.9885
  Batch 7760/10484, Loss: 4.0953
  Batch 7770/10484, Loss: 4.2464
  Batch 7780/10484, Loss: 4.4554
  Batch 7790/10484, Loss: 4.4738
  Batch 7800/10484, Loss: 3.5378
  Batch 7810/10484, Loss: 4.2317
  Batch 7820/10484, Loss: 3.5828
  Batch 7830/10484, Loss: 4.1455
  Batch 7840/10484, Loss: 3.0502
  Batch 7850/10484, Loss: 3.9263
  Batch 7860/10484, Loss: 4.2343
  Batch 7870/10484, Loss: 3.2651
  Batch 7880/10484, Loss: 3.7744
  Batch 7890/10484, Loss: 4.0969
  Batch 7900/10484, Loss: 3.7525
  Batch 7910/10484, Loss: 3.7019
  Batch 7920/10484, Loss: 3.3188
  Batch 7930/10484, Loss: 4.5215
  Batch 7940/10484, Loss: 3.9924
  Batch 7950/10484, Loss: 3.5398
  Batch 7960/10484, Loss: 4.6869
  Batch 7970/10484, Loss: 3.8757
  Batch 7980/10484, Loss: 4.3771
  Batch 7990/10484, Loss: 4.1626
  Batch 8000/10484, Loss: 3.8770
  Batch 8010/10484, Loss: 4.1048
  Batch 8020/10484, Loss: 3.6558
  Batch 8030/10484, Loss: 4.1808
  Batch 8040/10484, Loss: 3.7556
  Batch 8050/10484, Loss: 4.5525
  Batch 8060/10484, Loss: 3.9756
  Batch 8070/10484, Loss: 3.5135
  Batch 8080/10484, Loss: 3.8904
  Batch 8090/10484, Loss: 3.3818
  Batch 8100/10484, Loss: 4.4959
  Batch 8110/10484, Loss: 4.0413
  Batch 8120/10484, Loss: 3.8917
  Batch 8130/10484, Loss: 4.4078
  Batch 8140/10484, Loss: 3.8651
  Batch 8150/10484, Loss: 4.1743
  Batch 8160/10484, Loss: 3.8992
  Batch 8170/10484, Loss: 3.6500
  Batch 8180/10484, Loss: 3.9121
  Batch 8190/10484, Loss: 3.9289
  Batch 8200/10484, Loss: 4.5853
  Batch 8210/10484, Loss: 4.3675
  Batch 8220/10484, Loss: 3.8956
  Batch 8230/10484, Loss: 4.0984
  Batch 8240/10484, Loss: 2.6104
  Batch 8250/10484, Loss: 4.3215
  Batch 8260/10484, Loss: 4.2970
  Batch 8270/10484, Loss: 2.9759
  Batch 8280/10484, Loss: 4.2026
  Batch 8290/10484, Loss: 3.7170
  Batch 8300/10484, Loss: 4.0691
  Batch 8310/10484, Loss: 3.4921
  Batch 8320/10484, Loss: 3.6337
  Batch 8330/10484, Loss: 4.0628
  Batch 8340/10484, Loss: 4.4732
  Batch 8350/10484, Loss: 4.3396
  Batch 8360/10484, Loss: 4.1552
  Batch 8370/10484, Loss: 4.1240
  Batch 8380/10484, Loss: 3.5063
  Batch 8390/10484, Loss: 4.1239
  Batch 8400/10484, Loss: 3.6198
  Batch 8410/10484, Loss: 4.8548
  Batch 8420/10484, Loss: 4.0718
  Batch 8430/10484, Loss: 3.7134
  Batch 8440/10484, Loss: 4.0956
  Batch 8450/10484, Loss: 4.1263
  Batch 8460/10484, Loss: 4.3739
  Batch 8470/10484, Loss: 3.8435
  Batch 8480/10484, Loss: 4.1043
  Batch 8490/10484, Loss: 4.3235
  Batch 8500/10484, Loss: 4.3278
  Batch 8510/10484, Loss: 3.7173
  Batch 8520/10484, Loss: 4.5985
  Batch 8530/10484, Loss: 3.8772
  Batch 8540/10484, Loss: 3.8496
  Batch 8550/10484, Loss: 3.4834
  Batch 8560/10484, Loss: 3.5446
  Batch 8570/10484, Loss: 3.4372
  Batch 8580/10484, Loss: 3.4027
  Batch 8590/10484, Loss: 4.2993
  Batch 8600/10484, Loss: 3.8461
  Batch 8610/10484, Loss: 4.0570
  Batch 8620/10484, Loss: 3.3573
  Batch 8630/10484, Loss: 3.6425
  Batch 8640/10484, Loss: 3.8974
  Batch 8650/10484, Loss: 3.8124
  Batch 8660/10484, Loss: 3.5820
  Batch 8670/10484, Loss: 3.5253
  Batch 8680/10484, Loss: 3.3752
  Batch 8690/10484, Loss: 4.5121
  Batch 8700/10484, Loss: 4.4677
  Batch 8710/10484, Loss: 3.9568
  Batch 8720/10484, Loss: 3.1414
  Batch 8730/10484, Loss: 3.9620
  Batch 8740/10484, Loss: 3.6703
  Batch 8750/10484, Loss: 3.7244
  Batch 8760/10484, Loss: 3.7869
  Batch 8770/10484, Loss: 3.6546
  Batch 8780/10484, Loss: 3.8762
  Batch 8790/10484, Loss: 3.6133
  Batch 8800/10484, Loss: 4.0840
  Batch 8810/10484, Loss: 2.9530
  Batch 8820/10484, Loss: 3.6948
  Batch 8830/10484, Loss: 3.4198
  Batch 8840/10484, Loss: 4.6918
  Batch 8850/10484, Loss: 4.3012
  Batch 8860/10484, Loss: 4.4388
  Batch 8870/10484, Loss: 3.4639
  Batch 8880/10484, Loss: 3.5976
  Batch 8890/10484, Loss: 4.1857
  Batch 8900/10484, Loss: 3.3582
  Batch 8910/10484, Loss: 4.3285
  Batch 8920/10484, Loss: 3.7501
  Batch 8930/10484, Loss: 4.1469
  Batch 8940/10484, Loss: 3.6865
  Batch 8950/10484, Loss: 4.4179
  Batch 8960/10484, Loss: 4.3789
  Batch 8970/10484, Loss: 3.9673
  Batch 8980/10484, Loss: 4.1132
  Batch 8990/10484, Loss: 3.5410
  Batch 9000/10484, Loss: 3.8628
  Batch 9010/10484, Loss: 3.7250
  Batch 9020/10484, Loss: 4.3057
  Batch 9030/10484, Loss: 4.1971
  Batch 9040/10484, Loss: 3.6679
  Batch 9050/10484, Loss: 4.1086
  Batch 9060/10484, Loss: 4.4511
  Batch 9070/10484, Loss: 3.8089
  Batch 9080/10484, Loss: 3.8281
  Batch 9090/10484, Loss: 3.7646
  Batch 9100/10484, Loss: 4.0498
  Batch 9110/10484, Loss: 3.9373
  Batch 9120/10484, Loss: 3.9818
  Batch 9130/10484, Loss: 3.6615
  Batch 9140/10484, Loss: 4.4129
  Batch 9150/10484, Loss: 3.8587
  Batch 9160/10484, Loss: 4.0470
  Batch 9170/10484, Loss: 3.5289
  Batch 9180/10484, Loss: 4.8105
  Batch 9190/10484, Loss: 3.7553
  Batch 9200/10484, Loss: 3.7789
  Batch 9210/10484, Loss: 4.1883
  Batch 9220/10484, Loss: 3.9508
  Batch 9230/10484, Loss: 4.1319
  Batch 9240/10484, Loss: 3.4748
  Batch 9250/10484, Loss: 4.2384
  Batch 9260/10484, Loss: 4.4383
  Batch 9270/10484, Loss: 3.7588
  Batch 9280/10484, Loss: 2.9537
  Batch 9290/10484, Loss: 3.9106
  Batch 9300/10484, Loss: 3.7033
  Batch 9310/10484, Loss: 3.9262
  Batch 9320/10484, Loss: 4.0548
  Batch 9330/10484, Loss: 3.7828
  Batch 9340/10484, Loss: 3.7794
  Batch 9350/10484, Loss: 3.6871
  Batch 9360/10484, Loss: 4.0564
  Batch 9370/10484, Loss: 3.9368
  Batch 9380/10484, Loss: 4.2785
  Batch 9390/10484, Loss: 4.1039
  Batch 9400/10484, Loss: 3.7305
  Batch 9410/10484, Loss: 3.7359
  Batch 9420/10484, Loss: 4.1771
  Batch 9430/10484, Loss: 4.0096
  Batch 9440/10484, Loss: 3.5691
  Batch 9450/10484, Loss: 3.8562
  Batch 9460/10484, Loss: 4.1293
  Batch 9470/10484, Loss: 4.5641
  Batch 9480/10484, Loss: 3.3947
  Batch 9490/10484, Loss: 4.1374
  Batch 9500/10484, Loss: 4.0234
  Batch 9510/10484, Loss: 4.1905
  Batch 9520/10484, Loss: 4.1065
  Batch 9530/10484, Loss: 3.7144
  Batch 9540/10484, Loss: 3.9537
  Batch 9550/10484, Loss: 4.0724
  Batch 9560/10484, Loss: 3.7045
  Batch 9570/10484, Loss: 4.1206
  Batch 9580/10484, Loss: 4.3118
  Batch 9590/10484, Loss: 3.3188
  Batch 9600/10484, Loss: 4.2723
  Batch 9610/10484, Loss: 4.1509
  Batch 9620/10484, Loss: 4.0288
  Batch 9630/10484, Loss: 3.9141
  Batch 9640/10484, Loss: 3.3334
  Batch 9650/10484, Loss: 3.6977
  Batch 9660/10484, Loss: 3.2816
  Batch 9670/10484, Loss: 4.0650
  Batch 9680/10484, Loss: 3.6097
  Batch 9690/10484, Loss: 4.2905
  Batch 9700/10484, Loss: 4.5609
  Batch 9710/10484, Loss: 4.2158
  Batch 9720/10484, Loss: 4.1557
  Batch 9730/10484, Loss: 4.1753
  Batch 9740/10484, Loss: 3.2456
  Batch 9750/10484, Loss: 3.4411
  Batch 9760/10484, Loss: 3.5783
  Batch 9770/10484, Loss: 3.6870
  Batch 9780/10484, Loss: 3.8697
  Batch 9790/10484, Loss: 3.1336
  Batch 9800/10484, Loss: 4.4580
  Batch 9810/10484, Loss: 4.4748
  Batch 9820/10484, Loss: 4.3341
  Batch 9830/10484, Loss: 3.2870
  Batch 9840/10484, Loss: 4.3522
  Batch 9850/10484, Loss: 4.8277
  Batch 9860/10484, Loss: 3.9454
  Batch 9870/10484, Loss: 3.7172
  Batch 9880/10484, Loss: 3.2384
  Batch 9890/10484, Loss: 3.6865
  Batch 9900/10484, Loss: 3.6531
  Batch 9910/10484, Loss: 3.6483
  Batch 9920/10484, Loss: 3.6565
  Batch 9930/10484, Loss: 4.2080
  Batch 9940/10484, Loss: 3.5736
  Batch 9950/10484, Loss: 3.7959
  Batch 9960/10484, Loss: 3.6708
  Batch 9970/10484, Loss: 3.5965
  Batch 9980/10484, Loss: 4.0740
  Batch 9990/10484, Loss: 3.6781
  Batch 10000/10484, Loss: 3.9252
  Batch 10010/10484, Loss: 4.5849
  Batch 10020/10484, Loss: 3.7803
  Batch 10030/10484, Loss: 3.6525
  Batch 10040/10484, Loss: 4.1165
  Batch 10050/10484, Loss: 3.9120
  Batch 10060/10484, Loss: 4.0529
  Batch 10070/10484, Loss: 3.7164
  Batch 10080/10484, Loss: 3.5898
  Batch 10090/10484, Loss: 4.1426
  Batch 10100/10484, Loss: 3.5207
  Batch 10110/10484, Loss: 3.6298
  Batch 10120/10484, Loss: 4.0063
  Batch 10130/10484, Loss: 2.7751
  Batch 10140/10484, Loss: 4.3316
  Batch 10150/10484, Loss: 3.9053
  Batch 10160/10484, Loss: 3.9914
  Batch 10170/10484, Loss: 3.4569
  Batch 10180/10484, Loss: 3.6936
  Batch 10190/10484, Loss: 4.2457
  Batch 10200/10484, Loss: 3.9463
  Batch 10210/10484, Loss: 4.2220
  Batch 10220/10484, Loss: 3.6056
  Batch 10230/10484, Loss: 3.6526
  Batch 10240/10484, Loss: 4.3273
  Batch 10250/10484, Loss: 3.9431
  Batch 10260/10484, Loss: 4.3467
  Batch 10270/10484, Loss: 4.4172
  Batch 10280/10484, Loss: 4.0020
  Batch 10290/10484, Loss: 4.2245
  Batch 10300/10484, Loss: 4.1119
  Batch 10310/10484, Loss: 4.1828
  Batch 10320/10484, Loss: 3.6850
  Batch 10330/10484, Loss: 3.4545
  Batch 10340/10484, Loss: 3.3872
  Batch 10350/10484, Loss: 3.9957
  Batch 10360/10484, Loss: 2.9169
  Batch 10370/10484, Loss: 3.6041
  Batch 10380/10484, Loss: 4.1895
  Batch 10390/10484, Loss: 4.1099
  Batch 10400/10484, Loss: 4.2073
  Batch 10410/10484, Loss: 3.5832
  Batch 10420/10484, Loss: 4.1159
  Batch 10430/10484, Loss: 4.2399
  Batch 10440/10484, Loss: 3.6027
  Batch 10450/10484, Loss: 4.0343
  Batch 10460/10484, Loss: 3.7087
  Batch 10470/10484, Loss: 3.7409
  Batch 10480/10484, Loss: 3.6258

  Train Loss: 3.8451
  Val Loss: 6.7668
  Time: 30m 54s

Epoch 14/20
----------------------------------------
  Batch 10/10484, Loss: 4.0997
  Batch 20/10484, Loss: 3.7920
  Batch 30/10484, Loss: 2.7127
  Batch 40/10484, Loss: 3.3554
  Batch 50/10484, Loss: 3.6003
  Batch 60/10484, Loss: 3.7126
  Batch 70/10484, Loss: 3.7231
  Batch 80/10484, Loss: 3.6665
  Batch 90/10484, Loss: 3.1752
  Batch 100/10484, Loss: 3.2164
  Batch 110/10484, Loss: 3.4008
  Batch 120/10484, Loss: 3.3129
  Batch 130/10484, Loss: 3.6239
  Batch 140/10484, Loss: 3.9525
  Batch 150/10484, Loss: 4.1510
  Batch 160/10484, Loss: 3.7538
  Batch 170/10484, Loss: 3.9170
  Batch 180/10484, Loss: 3.3622
  Batch 190/10484, Loss: 3.7239
  Batch 200/10484, Loss: 4.0062
  Batch 210/10484, Loss: 3.3236
  Batch 220/10484, Loss: 3.5605
  Batch 230/10484, Loss: 3.6633
  Batch 240/10484, Loss: 3.8596
  Batch 250/10484, Loss: 3.6849
  Batch 260/10484, Loss: 3.9380
  Batch 270/10484, Loss: 4.0136
  Batch 280/10484, Loss: 3.9782
  Batch 290/10484, Loss: 3.7511
  Batch 300/10484, Loss: 4.0901
  Batch 310/10484, Loss: 4.1514
  Batch 320/10484, Loss: 3.1602
  Batch 330/10484, Loss: 3.5201
  Batch 340/10484, Loss: 4.0200
  Batch 350/10484, Loss: 3.5697
  Batch 360/10484, Loss: 3.2877
  Batch 370/10484, Loss: 3.5395
  Batch 380/10484, Loss: 3.2985
  Batch 390/10484, Loss: 3.5682
  Batch 400/10484, Loss: 2.9863
  Batch 410/10484, Loss: 3.7758
  Batch 420/10484, Loss: 3.5112
  Batch 430/10484, Loss: 3.6653
  Batch 440/10484, Loss: 3.7118
  Batch 450/10484, Loss: 4.3183
  Batch 460/10484, Loss: 3.1209
  Batch 470/10484, Loss: 3.7476
  Batch 480/10484, Loss: 3.7882
  Batch 490/10484, Loss: 3.8503
  Batch 500/10484, Loss: 4.0013
  Batch 510/10484, Loss: 3.8978
  Batch 520/10484, Loss: 3.6083
  Batch 530/10484, Loss: 3.8081
  Batch 540/10484, Loss: 3.8831
  Batch 550/10484, Loss: 4.4804
  Batch 560/10484, Loss: 3.7464
  Batch 570/10484, Loss: 3.3028
  Batch 580/10484, Loss: 2.9783
  Batch 590/10484, Loss: 4.2899
  Batch 600/10484, Loss: 3.6553
  Batch 610/10484, Loss: 3.2960
  Batch 620/10484, Loss: 3.9150
  Batch 630/10484, Loss: 3.6292
  Batch 640/10484, Loss: 3.3379
  Batch 650/10484, Loss: 3.4273
  Batch 660/10484, Loss: 3.4120
  Batch 670/10484, Loss: 4.5341
  Batch 680/10484, Loss: 3.7010
  Batch 690/10484, Loss: 3.7615
  Batch 700/10484, Loss: 3.1311
  Batch 710/10484, Loss: 3.2934
  Batch 720/10484, Loss: 3.5740
  Batch 730/10484, Loss: 3.7812
  Batch 740/10484, Loss: 4.0513
  Batch 750/10484, Loss: 3.8034
  Batch 760/10484, Loss: 3.5984
  Batch 770/10484, Loss: 3.3561
  Batch 780/10484, Loss: 3.3148
  Batch 790/10484, Loss: 3.7703
  Batch 800/10484, Loss: 3.6957
  Batch 810/10484, Loss: 4.4934
  Batch 820/10484, Loss: 3.8919
  Batch 830/10484, Loss: 3.2681
  Batch 840/10484, Loss: 4.0523
  Batch 850/10484, Loss: 3.9202
  Batch 860/10484, Loss: 3.6583
  Batch 870/10484, Loss: 4.1362
  Batch 880/10484, Loss: 3.7739
  Batch 890/10484, Loss: 3.7998
  Batch 900/10484, Loss: 3.5912
  Batch 910/10484, Loss: 3.8186
  Batch 920/10484, Loss: 3.7150
  Batch 930/10484, Loss: 3.6960
  Batch 940/10484, Loss: 3.9697
  Batch 950/10484, Loss: 4.0235
  Batch 960/10484, Loss: 4.1007
  Batch 970/10484, Loss: 3.7486
  Batch 980/10484, Loss: 3.7075
  Batch 990/10484, Loss: 3.1617
  Batch 1000/10484, Loss: 3.5861
  Batch 1010/10484, Loss: 3.1212
  Batch 1020/10484, Loss: 3.9429
  Batch 1030/10484, Loss: 3.2712
  Batch 1040/10484, Loss: 3.2522
  Batch 1050/10484, Loss: 3.8284
  Batch 1060/10484, Loss: 3.4161
  Batch 1070/10484, Loss: 3.5544
  Batch 1080/10484, Loss: 4.2457
  Batch 1090/10484, Loss: 3.4670
  Batch 1100/10484, Loss: 3.2347
  Batch 1110/10484, Loss: 3.7993
  Batch 1120/10484, Loss: 3.8804
  Batch 1130/10484, Loss: 3.0735
  Batch 1140/10484, Loss: 3.6586
  Batch 1150/10484, Loss: 3.6254
  Batch 1160/10484, Loss: 3.3201
  Batch 1170/10484, Loss: 3.9873
  Batch 1180/10484, Loss: 4.0945
  Batch 1190/10484, Loss: 3.3918
  Batch 1200/10484, Loss: 3.6583
  Batch 1210/10484, Loss: 4.5185
  Batch 1220/10484, Loss: 3.2922
  Batch 1230/10484, Loss: 3.9245
  Batch 1240/10484, Loss: 3.3292
  Batch 1250/10484, Loss: 3.7543
  Batch 1260/10484, Loss: 3.9661
  Batch 1270/10484, Loss: 3.1430
  Batch 1280/10484, Loss: 3.2424
  Batch 1290/10484, Loss: 4.4859
  Batch 1300/10484, Loss: 3.8329
  Batch 1310/10484, Loss: 3.8591
  Batch 1320/10484, Loss: 4.0638
  Batch 1330/10484, Loss: 3.2945
  Batch 1340/10484, Loss: 3.6243
  Batch 1350/10484, Loss: 3.5075
  Batch 1360/10484, Loss: 4.1351
  Batch 1370/10484, Loss: 3.9503
  Batch 1380/10484, Loss: 3.6255
  Batch 1390/10484, Loss: 3.3442
  Batch 1400/10484, Loss: 3.1978
  Batch 1410/10484, Loss: 3.7774
  Batch 1420/10484, Loss: 4.3370
  Batch 1430/10484, Loss: 3.4044
  Batch 1440/10484, Loss: 4.6127
  Batch 1450/10484, Loss: 4.0793
  Batch 1460/10484, Loss: 3.4515
  Batch 1470/10484, Loss: 4.0747
  Batch 1480/10484, Loss: 3.5016
  Batch 1490/10484, Loss: 3.8396
  Batch 1500/10484, Loss: 3.2012
  Batch 1510/10484, Loss: 3.3229
  Batch 1520/10484, Loss: 3.3390
  Batch 1530/10484, Loss: 3.9031
  Batch 1540/10484, Loss: 3.4749
  Batch 1550/10484, Loss: 4.4927
  Batch 1560/10484, Loss: 3.4558
  Batch 1570/10484, Loss: 4.1005
  Batch 1580/10484, Loss: 4.3624
  Batch 1590/10484, Loss: 4.1340
  Batch 1600/10484, Loss: 3.3485
  Batch 1610/10484, Loss: 3.8269
  Batch 1620/10484, Loss: 3.5361
  Batch 1630/10484, Loss: 3.5245
  Batch 1640/10484, Loss: 3.8049
  Batch 1650/10484, Loss: 3.4718
  Batch 1660/10484, Loss: 3.4244
  Batch 1670/10484, Loss: 3.7609
  Batch 1680/10484, Loss: 3.8805
  Batch 1690/10484, Loss: 3.6048
  Batch 1700/10484, Loss: 4.0598
  Batch 1710/10484, Loss: 3.4377
  Batch 1720/10484, Loss: 3.0461
  Batch 1730/10484, Loss: 3.4546
  Batch 1740/10484, Loss: 3.9574
  Batch 1750/10484, Loss: 3.6613
  Batch 1760/10484, Loss: 3.6980
  Batch 1770/10484, Loss: 4.0308
  Batch 1780/10484, Loss: 3.3388
  Batch 1790/10484, Loss: 3.3717
  Batch 1800/10484, Loss: 3.9924
  Batch 1810/10484, Loss: 2.7950
  Batch 1820/10484, Loss: 3.7343
  Batch 1830/10484, Loss: 3.1513
  Batch 1840/10484, Loss: 4.1033
  Batch 1850/10484, Loss: 3.4829
  Batch 1860/10484, Loss: 3.3526
  Batch 1870/10484, Loss: 3.3008
  Batch 1880/10484, Loss: 3.4736
  Batch 1890/10484, Loss: 3.2571
  Batch 1900/10484, Loss: 3.3519
  Batch 1910/10484, Loss: 3.6626
  Batch 1920/10484, Loss: 3.6579
  Batch 1930/10484, Loss: 3.7332
  Batch 1940/10484, Loss: 3.4440
  Batch 1950/10484, Loss: 3.6794
  Batch 1960/10484, Loss: 3.9324
  Batch 1970/10484, Loss: 4.3019
  Batch 1980/10484, Loss: 3.7302
  Batch 1990/10484, Loss: 3.7217
  Batch 2000/10484, Loss: 4.4540
  Batch 2010/10484, Loss: 3.4677
  Batch 2020/10484, Loss: 3.8722
  Batch 2030/10484, Loss: 3.7354
  Batch 2040/10484, Loss: 3.2266
  Batch 2050/10484, Loss: 4.1103
  Batch 2060/10484, Loss: 3.1498
  Batch 2070/10484, Loss: 4.1296
  Batch 2080/10484, Loss: 3.4406
  Batch 2090/10484, Loss: 3.7083
  Batch 2100/10484, Loss: 3.7648
  Batch 2110/10484, Loss: 3.8191
  Batch 2120/10484, Loss: 4.1020
  Batch 2130/10484, Loss: 3.9056
  Batch 2140/10484, Loss: 3.9291
  Batch 2150/10484, Loss: 3.4144
  Batch 2160/10484, Loss: 3.6972
  Batch 2170/10484, Loss: 4.3614
  Batch 2180/10484, Loss: 3.3670
  Batch 2190/10484, Loss: 3.7597
  Batch 2200/10484, Loss: 3.8256
  Batch 2210/10484, Loss: 3.9709
  Batch 2220/10484, Loss: 3.4925
  Batch 2230/10484, Loss: 3.9251
  Batch 2240/10484, Loss: 3.9238
  Batch 2250/10484, Loss: 3.3407
  Batch 2260/10484, Loss: 4.0673
  Batch 2270/10484, Loss: 4.4475
  Batch 2280/10484, Loss: 3.6763
  Batch 2290/10484, Loss: 3.7892
  Batch 2300/10484, Loss: 3.4157
  Batch 2310/10484, Loss: 4.2924
  Batch 2320/10484, Loss: 3.9635
  Batch 2330/10484, Loss: 2.8200
  Batch 2340/10484, Loss: 3.6946
  Batch 2350/10484, Loss: 3.0885
  Batch 2360/10484, Loss: 3.5342
  Batch 2370/10484, Loss: 3.1834
  Batch 2380/10484, Loss: 4.0610
  Batch 2390/10484, Loss: 3.8571
  Batch 2400/10484, Loss: 4.4608
  Batch 2410/10484, Loss: 3.8409
  Batch 2420/10484, Loss: 4.0326
  Batch 2430/10484, Loss: 3.5422
  Batch 2440/10484, Loss: 3.7700
  Batch 2450/10484, Loss: 4.2720
  Batch 2460/10484, Loss: 3.7474
  Batch 2470/10484, Loss: 4.0192
  Batch 2480/10484, Loss: 3.8126
  Batch 2490/10484, Loss: 4.0868
  Batch 2500/10484, Loss: 3.4337
  Batch 2510/10484, Loss: 3.7585
  Batch 2520/10484, Loss: 3.4922
  Batch 2530/10484, Loss: 4.0215
  Batch 2540/10484, Loss: 3.8769
  Batch 2550/10484, Loss: 3.8669
  Batch 2560/10484, Loss: 4.4030
  Batch 2570/10484, Loss: 3.8132
  Batch 2580/10484, Loss: 3.0744
  Batch 2590/10484, Loss: 3.6889
  Batch 2600/10484, Loss: 3.3799
  Batch 2610/10484, Loss: 4.0395
  Batch 2620/10484, Loss: 3.8538
  Batch 2630/10484, Loss: 3.8116
  Batch 2640/10484, Loss: 3.4278
  Batch 2650/10484, Loss: 4.2081
  Batch 2660/10484, Loss: 3.4818
  Batch 2670/10484, Loss: 4.6073
  Batch 2680/10484, Loss: 3.4715
  Batch 2690/10484, Loss: 4.5861
  Batch 2700/10484, Loss: 3.8784
  Batch 2710/10484, Loss: 3.7504
  Batch 2720/10484, Loss: 3.2921
  Batch 2730/10484, Loss: 3.8949
  Batch 2740/10484, Loss: 3.5355
  Batch 2750/10484, Loss: 4.4189
  Batch 2760/10484, Loss: 4.3530
  Batch 2770/10484, Loss: 4.2147
  Batch 2780/10484, Loss: 3.4592
  Batch 2790/10484, Loss: 3.4196
  Batch 2800/10484, Loss: 4.0325
  Batch 2810/10484, Loss: 4.1383
  Batch 2820/10484, Loss: 3.7146
  Batch 2830/10484, Loss: 3.8511
  Batch 2840/10484, Loss: 4.0051
  Batch 2850/10484, Loss: 4.2132
  Batch 2860/10484, Loss: 4.2363
  Batch 2870/10484, Loss: 2.9875
  Batch 2880/10484, Loss: 4.1562
  Batch 2890/10484, Loss: 4.1196
  Batch 2900/10484, Loss: 3.8259
  Batch 2910/10484, Loss: 3.8851
  Batch 2920/10484, Loss: 3.8677
  Batch 2930/10484, Loss: 4.4551
  Batch 2940/10484, Loss: 3.6064
  Batch 2950/10484, Loss: 3.6264
  Batch 2960/10484, Loss: 3.7651
  Batch 2970/10484, Loss: 3.4177
  Batch 2980/10484, Loss: 3.3491
  Batch 2990/10484, Loss: 3.5152
  Batch 3000/10484, Loss: 4.3870
  Batch 3010/10484, Loss: 4.0236
  Batch 3020/10484, Loss: 3.8545
  Batch 3030/10484, Loss: 4.0364
  Batch 3040/10484, Loss: 3.6727
  Batch 3050/10484, Loss: 3.7783
  Batch 3060/10484, Loss: 3.8334
  Batch 3070/10484, Loss: 3.4841
  Batch 3080/10484, Loss: 3.1961
  Batch 3090/10484, Loss: 4.4285
  Batch 3100/10484, Loss: 3.1704
  Batch 3110/10484, Loss: 3.9844
  Batch 3120/10484, Loss: 4.1712
  Batch 3130/10484, Loss: 3.4469
  Batch 3140/10484, Loss: 4.2034
  Batch 3150/10484, Loss: 3.7526
  Batch 3160/10484, Loss: 4.1371
  Batch 3170/10484, Loss: 4.1298
  Batch 3180/10484, Loss: 3.5676
  Batch 3190/10484, Loss: 3.5459
  Batch 3200/10484, Loss: 3.3501
  Batch 3210/10484, Loss: 3.4554
  Batch 3220/10484, Loss: 3.8204
  Batch 3230/10484, Loss: 4.5163
  Batch 3240/10484, Loss: 4.0090
  Batch 3250/10484, Loss: 4.6568
  Batch 3260/10484, Loss: 4.1602
  Batch 3270/10484, Loss: 3.6776
  Batch 3280/10484, Loss: 3.6569
  Batch 3290/10484, Loss: 3.4578
  Batch 3300/10484, Loss: 4.1512
  Batch 3310/10484, Loss: 4.3290
  Batch 3320/10484, Loss: 4.0697
  Batch 3330/10484, Loss: 3.2115
  Batch 3340/10484, Loss: 4.3440
  Batch 3350/10484, Loss: 4.3906
  Batch 3360/10484, Loss: 3.9370
  Batch 3370/10484, Loss: 4.8367
  Batch 3380/10484, Loss: 3.2277
  Batch 3390/10484, Loss: 4.3623
  Batch 3400/10484, Loss: 4.0636
  Batch 3410/10484, Loss: 4.1866
  Batch 3420/10484, Loss: 4.2522
  Batch 3430/10484, Loss: 4.0351
  Batch 3440/10484, Loss: 3.9313
  Batch 3450/10484, Loss: 4.2216
  Batch 3460/10484, Loss: 3.5075
  Batch 3470/10484, Loss: 3.9825
  Batch 3480/10484, Loss: 4.7470
  Batch 3490/10484, Loss: 3.1401
  Batch 3500/10484, Loss: 4.5358
  Batch 3510/10484, Loss: 3.1462
  Batch 3520/10484, Loss: 3.9450
  Batch 3530/10484, Loss: 3.9468
  Batch 3540/10484, Loss: 3.5289
  Batch 3550/10484, Loss: 3.6216
  Batch 3560/10484, Loss: 3.9520
  Batch 3570/10484, Loss: 3.2137
  Batch 3580/10484, Loss: 2.9681
  Batch 3590/10484, Loss: 2.9831
  Batch 3600/10484, Loss: 3.3527
  Batch 3610/10484, Loss: 3.5414
  Batch 3620/10484, Loss: 3.9525
  Batch 3630/10484, Loss: 4.5470
  Batch 3640/10484, Loss: 3.4027
  Batch 3650/10484, Loss: 4.0671
  Batch 3660/10484, Loss: 3.9691
  Batch 3670/10484, Loss: 4.3933
  Batch 3680/10484, Loss: 3.4676
  Batch 3690/10484, Loss: 3.1803
  Batch 3700/10484, Loss: 3.7300
  Batch 3710/10484, Loss: 3.8939
  Batch 3720/10484, Loss: 3.9312
  Batch 3730/10484, Loss: 4.0783
  Batch 3740/10484, Loss: 3.6494
  Batch 3750/10484, Loss: 3.8916
  Batch 3760/10484, Loss: 3.6035
  Batch 3770/10484, Loss: 4.1454
  Batch 3780/10484, Loss: 4.3262
  Batch 3790/10484, Loss: 3.6425
  Batch 3800/10484, Loss: 3.4499
  Batch 3810/10484, Loss: 3.4458
  Batch 3820/10484, Loss: 3.2375
  Batch 3830/10484, Loss: 3.2852
  Batch 3840/10484, Loss: 3.9043
  Batch 3850/10484, Loss: 2.7022
  Batch 3860/10484, Loss: 3.9030
  Batch 3870/10484, Loss: 3.6145
  Batch 3880/10484, Loss: 3.3789
  Batch 3890/10484, Loss: 3.5021
  Batch 3900/10484, Loss: 3.7691
  Batch 3910/10484, Loss: 3.2636
  Batch 3920/10484, Loss: 3.9912
  Batch 3930/10484, Loss: 3.6530
  Batch 3940/10484, Loss: 3.5769
  Batch 3950/10484, Loss: 4.5553
  Batch 3960/10484, Loss: 4.1367
  Batch 3970/10484, Loss: 4.0097
  Batch 3980/10484, Loss: 4.3638
  Batch 3990/10484, Loss: 3.5400
  Batch 4000/10484, Loss: 3.8525
  Batch 4010/10484, Loss: 3.5840
  Batch 4020/10484, Loss: 4.4086
  Batch 4030/10484, Loss: 4.3976
  Batch 4040/10484, Loss: 3.5717
  Batch 4050/10484, Loss: 3.9196
  Batch 4060/10484, Loss: 3.9151
  Batch 4070/10484, Loss: 4.4482
  Batch 4080/10484, Loss: 3.1693
  Batch 4090/10484, Loss: 3.5319
  Batch 4100/10484, Loss: 3.2088
  Batch 4110/10484, Loss: 4.3887
  Batch 4120/10484, Loss: 3.6564
  Batch 4130/10484, Loss: 4.0969
  Batch 4140/10484, Loss: 3.7035
  Batch 4150/10484, Loss: 4.0127
  Batch 4160/10484, Loss: 4.4770
  Batch 4170/10484, Loss: 3.6125
  Batch 4180/10484, Loss: 3.6840
  Batch 4190/10484, Loss: 3.6887
  Batch 4200/10484, Loss: 4.0473
  Batch 4210/10484, Loss: 4.3994
  Batch 4220/10484, Loss: 3.1361
  Batch 4230/10484, Loss: 4.7036
  Batch 4240/10484, Loss: 3.4066
  Batch 4250/10484, Loss: 3.8149
  Batch 4260/10484, Loss: 4.5457
  Batch 4270/10484, Loss: 3.7965
  Batch 4280/10484, Loss: 4.2314
  Batch 4290/10484, Loss: 3.8869
  Batch 4300/10484, Loss: 3.5402
  Batch 4310/10484, Loss: 3.4474
  Batch 4320/10484, Loss: 3.7513
  Batch 4330/10484, Loss: 3.4982
  Batch 4340/10484, Loss: 3.3474
  Batch 4350/10484, Loss: 3.8341
  Batch 4360/10484, Loss: 3.7361
  Batch 4370/10484, Loss: 3.9560
  Batch 4380/10484, Loss: 3.1301
  Batch 4390/10484, Loss: 3.6854
  Batch 4400/10484, Loss: 3.6413
  Batch 4410/10484, Loss: 3.8261
  Batch 4420/10484, Loss: 3.9410
  Batch 4430/10484, Loss: 3.7073
  Batch 4440/10484, Loss: 4.3736
  Batch 4450/10484, Loss: 4.5725
  Batch 4460/10484, Loss: 3.7099
  Batch 4470/10484, Loss: 3.9359
  Batch 4480/10484, Loss: 3.8730
  Batch 4490/10484, Loss: 4.1631
  Batch 4500/10484, Loss: 4.3731
  Batch 4510/10484, Loss: 4.2230
  Batch 4520/10484, Loss: 4.0715
  Batch 4530/10484, Loss: 4.1066
  Batch 4540/10484, Loss: 3.4819
  Batch 4550/10484, Loss: 3.5120
  Batch 4560/10484, Loss: 3.8914
  Batch 4570/10484, Loss: 4.0440
  Batch 4580/10484, Loss: 3.3414
  Batch 4590/10484, Loss: 4.1420
  Batch 4600/10484, Loss: 3.5394
  Batch 4610/10484, Loss: 3.5670
  Batch 4620/10484, Loss: 3.5433
  Batch 4630/10484, Loss: 3.6089
  Batch 4640/10484, Loss: 3.9475
  Batch 4650/10484, Loss: 3.7125
  Batch 4660/10484, Loss: 3.6184
  Batch 4670/10484, Loss: 3.4094
  Batch 4680/10484, Loss: 3.3434
  Batch 4690/10484, Loss: 4.0410
  Batch 4700/10484, Loss: 4.2366
  Batch 4710/10484, Loss: 3.0971
  Batch 4720/10484, Loss: 4.2813
  Batch 4730/10484, Loss: 4.3057
  Batch 4740/10484, Loss: 3.6478
  Batch 4750/10484, Loss: 4.4153
  Batch 4760/10484, Loss: 4.1856
  Batch 4770/10484, Loss: 3.9902
  Batch 4780/10484, Loss: 4.3021
  Batch 4790/10484, Loss: 4.0494
  Batch 4800/10484, Loss: 3.6217
  Batch 4810/10484, Loss: 3.4884
  Batch 4820/10484, Loss: 3.4992
  Batch 4830/10484, Loss: 3.5941
  Batch 4840/10484, Loss: 3.7724
  Batch 4850/10484, Loss: 4.3225
  Batch 4860/10484, Loss: 3.5755
  Batch 4870/10484, Loss: 3.5161
  Batch 4880/10484, Loss: 4.4454
  Batch 4890/10484, Loss: 3.6651
  Batch 4900/10484, Loss: 3.6827
  Batch 4910/10484, Loss: 3.1004
  Batch 4920/10484, Loss: 3.3976
  Batch 4930/10484, Loss: 4.2556
  Batch 4940/10484, Loss: 3.4918
  Batch 4950/10484, Loss: 3.4352
  Batch 4960/10484, Loss: 3.3244
  Batch 4970/10484, Loss: 4.2011
  Batch 4980/10484, Loss: 4.0669
  Batch 4990/10484, Loss: 4.0106
  Batch 5000/10484, Loss: 3.1802
  Batch 5010/10484, Loss: 2.8710
  Batch 5020/10484, Loss: 3.7742
  Batch 5030/10484, Loss: 4.0317
  Batch 5040/10484, Loss: 3.4559
  Batch 5050/10484, Loss: 4.0629
  Batch 5060/10484, Loss: 3.6196
  Batch 5070/10484, Loss: 4.3521
  Batch 5080/10484, Loss: 4.3698
  Batch 5090/10484, Loss: 3.8539
  Batch 5100/10484, Loss: 4.3503
  Batch 5110/10484, Loss: 4.2809
  Batch 5120/10484, Loss: 3.9076
  Batch 5130/10484, Loss: 4.1893
  Batch 5140/10484, Loss: 3.1651
  Batch 5150/10484, Loss: 3.6828
  Batch 5160/10484, Loss: 3.9394
  Batch 5170/10484, Loss: 3.9186
  Batch 5180/10484, Loss: 3.8660
  Batch 5190/10484, Loss: 3.8564
  Batch 5200/10484, Loss: 3.0772
  Batch 5210/10484, Loss: 4.0404
  Batch 5220/10484, Loss: 3.5139
  Batch 5230/10484, Loss: 3.4986
  Batch 5240/10484, Loss: 3.6693
  Batch 5250/10484, Loss: 4.1705
  Batch 5260/10484, Loss: 3.9241
  Batch 5270/10484, Loss: 4.6278
  Batch 5280/10484, Loss: 3.3220
  Batch 5290/10484, Loss: 3.8721
  Batch 5300/10484, Loss: 3.8103
  Batch 5310/10484, Loss: 3.9606
  Batch 5320/10484, Loss: 4.2115
  Batch 5330/10484, Loss: 4.2809
  Batch 5340/10484, Loss: 4.7025
  Batch 5350/10484, Loss: 3.7711
  Batch 5360/10484, Loss: 3.6530
  Batch 5370/10484, Loss: 3.0960
  Batch 5380/10484, Loss: 3.4251
  Batch 5390/10484, Loss: 3.7118
  Batch 5400/10484, Loss: 3.0503
  Batch 5410/10484, Loss: 3.7924
  Batch 5420/10484, Loss: 3.7752
  Batch 5430/10484, Loss: 3.5516
  Batch 5440/10484, Loss: 3.7444
  Batch 5450/10484, Loss: 3.8894
  Batch 5460/10484, Loss: 4.0689
  Batch 5470/10484, Loss: 4.4904
  Batch 5480/10484, Loss: 3.6786
  Batch 5490/10484, Loss: 3.8959
  Batch 5500/10484, Loss: 3.6963
  Batch 5510/10484, Loss: 4.3100
  Batch 5520/10484, Loss: 3.8325
  Batch 5530/10484, Loss: 4.5564
  Batch 5540/10484, Loss: 4.5431
  Batch 5550/10484, Loss: 3.6631
  Batch 5560/10484, Loss: 3.6736
  Batch 5570/10484, Loss: 3.0230
  Batch 5580/10484, Loss: 4.3236
  Batch 5590/10484, Loss: 3.3415
  Batch 5600/10484, Loss: 3.6680
  Batch 5610/10484, Loss: 3.7181
  Batch 5620/10484, Loss: 3.5926
  Batch 5630/10484, Loss: 4.4782
  Batch 5640/10484, Loss: 4.4627
  Batch 5650/10484, Loss: 3.4983
  Batch 5660/10484, Loss: 3.7130
  Batch 5670/10484, Loss: 4.3069
  Batch 5680/10484, Loss: 3.3557
  Batch 5690/10484, Loss: 3.9080
  Batch 5700/10484, Loss: 3.4227
  Batch 5710/10484, Loss: 4.6736
  Batch 5720/10484, Loss: 3.8236
  Batch 5730/10484, Loss: 4.2269
  Batch 5740/10484, Loss: 3.4817
  Batch 5750/10484, Loss: 3.6668
  Batch 5760/10484, Loss: 3.6683
  Batch 5770/10484, Loss: 3.7656
  Batch 5780/10484, Loss: 4.3779
  Batch 5790/10484, Loss: 4.0810
  Batch 5800/10484, Loss: 3.9732
  Batch 5810/10484, Loss: 3.9599
  Batch 5820/10484, Loss: 3.8119
  Batch 5830/10484, Loss: 4.1057
  Batch 5840/10484, Loss: 3.6357
  Batch 5850/10484, Loss: 4.0200
  Batch 5860/10484, Loss: 3.9643
  Batch 5870/10484, Loss: 3.4011
  Batch 5880/10484, Loss: 3.5150
  Batch 5890/10484, Loss: 3.7114
  Batch 5900/10484, Loss: 3.4226
  Batch 5910/10484, Loss: 4.0576
  Batch 5920/10484, Loss: 3.7881
  Batch 5930/10484, Loss: 3.2000
  Batch 5940/10484, Loss: 4.0845
  Batch 5950/10484, Loss: 3.7445
  Batch 5960/10484, Loss: 3.9556
  Batch 5970/10484, Loss: 3.8083
  Batch 5980/10484, Loss: 4.5143
  Batch 5990/10484, Loss: 4.0721
  Batch 6000/10484, Loss: 3.6087
  Batch 6010/10484, Loss: 4.0649
  Batch 6020/10484, Loss: 4.3483
  Batch 6030/10484, Loss: 3.6516
  Batch 6040/10484, Loss: 3.7551
  Batch 6050/10484, Loss: 3.9240
  Batch 6060/10484, Loss: 3.9086
  Batch 6070/10484, Loss: 3.9210
  Batch 6080/10484, Loss: 4.0126
  Batch 6090/10484, Loss: 4.0442
  Batch 6100/10484, Loss: 3.5924
  Batch 6110/10484, Loss: 3.4101
  Batch 6120/10484, Loss: 3.9965
  Batch 6130/10484, Loss: 3.4598
  Batch 6140/10484, Loss: 3.4577
  Batch 6150/10484, Loss: 3.8865
  Batch 6160/10484, Loss: 3.7949
  Batch 6170/10484, Loss: 3.7071
  Batch 6180/10484, Loss: 3.5886
  Batch 6190/10484, Loss: 4.3948
  Batch 6200/10484, Loss: 3.9536
  Batch 6210/10484, Loss: 3.1025
  Batch 6220/10484, Loss: 3.3008
  Batch 6230/10484, Loss: 3.0827
  Batch 6240/10484, Loss: 3.7280
  Batch 6250/10484, Loss: 4.0640
  Batch 6260/10484, Loss: 3.8523
  Batch 6270/10484, Loss: 4.1013
  Batch 6280/10484, Loss: 4.1884
  Batch 6290/10484, Loss: 3.8617
  Batch 6300/10484, Loss: 3.8925
  Batch 6310/10484, Loss: 4.0242
  Batch 6320/10484, Loss: 3.9597
  Batch 6330/10484, Loss: 3.7318
  Batch 6340/10484, Loss: 3.8766
  Batch 6350/10484, Loss: 4.3169
  Batch 6360/10484, Loss: 4.3155
  Batch 6370/10484, Loss: 3.9248
  Batch 6380/10484, Loss: 3.6528
  Batch 6390/10484, Loss: 3.5913
  Batch 6400/10484, Loss: 3.8528
  Batch 6410/10484, Loss: 3.9366
  Batch 6420/10484, Loss: 3.8074
  Batch 6430/10484, Loss: 3.5530
  Batch 6440/10484, Loss: 3.5748
  Batch 6450/10484, Loss: 4.0223
  Batch 6460/10484, Loss: 3.7952
  Batch 6470/10484, Loss: 4.5863
  Batch 6480/10484, Loss: 3.9314
  Batch 6490/10484, Loss: 3.4903
  Batch 6500/10484, Loss: 3.7172
  Batch 6510/10484, Loss: 2.9607
  Batch 6520/10484, Loss: 3.5069
  Batch 6530/10484, Loss: 4.4332
  Batch 6540/10484, Loss: 4.0270
  Batch 6550/10484, Loss: 3.7460
  Batch 6560/10484, Loss: 4.0535
  Batch 6570/10484, Loss: 3.8692
  Batch 6580/10484, Loss: 4.3641
  Batch 6590/10484, Loss: 3.3306
  Batch 6600/10484, Loss: 3.0960
  Batch 6610/10484, Loss: 4.0540
  Batch 6620/10484, Loss: 3.4907
  Batch 6630/10484, Loss: 3.8856
  Batch 6640/10484, Loss: 3.2284
  Batch 6650/10484, Loss: 3.5042
  Batch 6660/10484, Loss: 3.9996
  Batch 6670/10484, Loss: 4.4467
  Batch 6680/10484, Loss: 3.8138
  Batch 6690/10484, Loss: 4.3327
  Batch 6700/10484, Loss: 3.3443
  Batch 6710/10484, Loss: 3.9391
  Batch 6720/10484, Loss: 3.8011
  Batch 6730/10484, Loss: 3.7859
  Batch 6740/10484, Loss: 4.2159
  Batch 6750/10484, Loss: 3.5364
  Batch 6760/10484, Loss: 3.9718
  Batch 6770/10484, Loss: 4.0677
  Batch 6780/10484, Loss: 3.7407
  Batch 6790/10484, Loss: 3.9364
  Batch 6800/10484, Loss: 4.1843
  Batch 6810/10484, Loss: 3.7021
  Batch 6820/10484, Loss: 4.2068
  Batch 6830/10484, Loss: 3.8753
  Batch 6840/10484, Loss: 3.7311
  Batch 6850/10484, Loss: 4.0041
  Batch 6860/10484, Loss: 3.7182
  Batch 6870/10484, Loss: 4.0402
  Batch 6880/10484, Loss: 3.8990
  Batch 6890/10484, Loss: 3.5629
  Batch 6900/10484, Loss: 4.2445
  Batch 6910/10484, Loss: 3.9284
  Batch 6920/10484, Loss: 3.5367
  Batch 6930/10484, Loss: 3.3945
  Batch 6940/10484, Loss: 3.4590
  Batch 6950/10484, Loss: 4.2091
  Batch 6960/10484, Loss: 3.4748
  Batch 6970/10484, Loss: 3.6683
  Batch 6980/10484, Loss: 4.1447
  Batch 6990/10484, Loss: 4.1387
  Batch 7000/10484, Loss: 4.0324
  Batch 7010/10484, Loss: 3.2821
  Batch 7020/10484, Loss: 4.1867
  Batch 7030/10484, Loss: 3.8263
  Batch 7040/10484, Loss: 3.8378
  Batch 7050/10484, Loss: 3.5164
  Batch 7060/10484, Loss: 3.6473
  Batch 7070/10484, Loss: 3.5528
  Batch 7080/10484, Loss: 4.0925
  Batch 7090/10484, Loss: 3.8144
  Batch 7100/10484, Loss: 3.7121
  Batch 7110/10484, Loss: 3.8755
  Batch 7120/10484, Loss: 3.2711
  Batch 7130/10484, Loss: 3.6491
  Batch 7140/10484, Loss: 3.8826
  Batch 7150/10484, Loss: 4.5406
  Batch 7160/10484, Loss: 4.1705
  Batch 7170/10484, Loss: 3.6982
  Batch 7180/10484, Loss: 3.6854
  Batch 7190/10484, Loss: 2.9097
  Batch 7200/10484, Loss: 4.0690
  Batch 7210/10484, Loss: 3.8787
  Batch 7220/10484, Loss: 4.0813
  Batch 7230/10484, Loss: 4.1864
  Batch 7240/10484, Loss: 4.3999
  Batch 7250/10484, Loss: 4.0930
  Batch 7260/10484, Loss: 3.7779
  Batch 7270/10484, Loss: 3.8477
  Batch 7280/10484, Loss: 4.4049
  Batch 7290/10484, Loss: 4.7192
  Batch 7300/10484, Loss: 3.6264
  Batch 7310/10484, Loss: 4.1533
  Batch 7320/10484, Loss: 3.9695
  Batch 7330/10484, Loss: 4.1046
  Batch 7340/10484, Loss: 4.0975
  Batch 7350/10484, Loss: 4.2725
  Batch 7360/10484, Loss: 4.1291
  Batch 7370/10484, Loss: 3.8413
  Batch 7380/10484, Loss: 3.4887
  Batch 7390/10484, Loss: 3.3097
  Batch 7400/10484, Loss: 3.9547
  Batch 7410/10484, Loss: 3.1079
  Batch 7420/10484, Loss: 3.3622
  Batch 7430/10484, Loss: 3.4457
  Batch 7440/10484, Loss: 3.2996
  Batch 7450/10484, Loss: 4.0409
  Batch 7460/10484, Loss: 4.2499
  Batch 7470/10484, Loss: 4.4660
  Batch 7480/10484, Loss: 4.0351
  Batch 7490/10484, Loss: 3.1524
  Batch 7500/10484, Loss: 4.0322
  Batch 7510/10484, Loss: 3.3297
  Batch 7520/10484, Loss: 3.9114
  Batch 7530/10484, Loss: 3.9561
  Batch 7540/10484, Loss: 3.4304
  Batch 7550/10484, Loss: 3.6359
  Batch 7560/10484, Loss: 4.3141
  Batch 7570/10484, Loss: 4.1693
  Batch 7580/10484, Loss: 3.5991
  Batch 7590/10484, Loss: 2.9354
  Batch 7600/10484, Loss: 3.2607
  Batch 7610/10484, Loss: 3.9311
  Batch 7620/10484, Loss: 3.5215
  Batch 7630/10484, Loss: 4.0697
  Batch 7640/10484, Loss: 3.1389
  Batch 7650/10484, Loss: 4.1361
  Batch 7660/10484, Loss: 3.6742
  Batch 7670/10484, Loss: 3.3402
  Batch 7680/10484, Loss: 4.4914
  Batch 7690/10484, Loss: 3.5542
  Batch 7700/10484, Loss: 3.9177
  Batch 7710/10484, Loss: 4.1584
  Batch 7720/10484, Loss: 3.0135
  Batch 7730/10484, Loss: 3.2624
  Batch 7740/10484, Loss: 4.2815
  Batch 7750/10484, Loss: 4.0552
  Batch 7760/10484, Loss: 3.6216
  Batch 7770/10484, Loss: 3.4633
  Batch 7780/10484, Loss: 4.5388
  Batch 7790/10484, Loss: 3.2588
  Batch 7800/10484, Loss: 3.3942
  Batch 7810/10484, Loss: 4.2251
  Batch 7820/10484, Loss: 3.5364
  Batch 7830/10484, Loss: 4.2999
  Batch 7840/10484, Loss: 4.6752
  Batch 7850/10484, Loss: 3.7639
  Batch 7860/10484, Loss: 3.5248
  Batch 7870/10484, Loss: 4.6335
  Batch 7880/10484, Loss: 3.8023
  Batch 7890/10484, Loss: 3.7163
  Batch 7900/10484, Loss: 3.9210
  Batch 7910/10484, Loss: 3.4474
  Batch 7920/10484, Loss: 3.8397
  Batch 7930/10484, Loss: 4.4312
  Batch 7940/10484, Loss: 4.2017
  Batch 7950/10484, Loss: 3.8968
  Batch 7960/10484, Loss: 3.5776
  Batch 7970/10484, Loss: 3.8934
  Batch 7980/10484, Loss: 3.6895
  Batch 7990/10484, Loss: 4.0380
  Batch 8000/10484, Loss: 4.2505
  Batch 8010/10484, Loss: 3.6857
  Batch 8020/10484, Loss: 3.6102
  Batch 8030/10484, Loss: 4.0451
  Batch 8040/10484, Loss: 2.6537
  Batch 8050/10484, Loss: 3.8823
  Batch 8060/10484, Loss: 3.9440
  Batch 8070/10484, Loss: 4.1494
  Batch 8080/10484, Loss: 3.8734
  Batch 8090/10484, Loss: 4.0617
  Batch 8100/10484, Loss: 3.6237
  Batch 8110/10484, Loss: 3.4679
  Batch 8120/10484, Loss: 4.7588
  Batch 8130/10484, Loss: 4.4880
  Batch 8140/10484, Loss: 3.9100
  Batch 8150/10484, Loss: 4.4512
  Batch 8160/10484, Loss: 4.2322
  Batch 8170/10484, Loss: 3.1048
  Batch 8180/10484, Loss: 3.8266
  Batch 8190/10484, Loss: 3.9045
  Batch 8200/10484, Loss: 4.5935
  Batch 8210/10484, Loss: 3.8521
  Batch 8220/10484, Loss: 4.1580
  Batch 8230/10484, Loss: 4.2462
  Batch 8240/10484, Loss: 4.3711
  Batch 8250/10484, Loss: 3.9756
  Batch 8260/10484, Loss: 4.1949
  Batch 8270/10484, Loss: 4.1054
  Batch 8280/10484, Loss: 3.5707
  Batch 8290/10484, Loss: 3.8570
  Batch 8300/10484, Loss: 4.5422
  Batch 8310/10484, Loss: 3.7084
  Batch 8320/10484, Loss: 4.0029
  Batch 8330/10484, Loss: 4.0708
  Batch 8340/10484, Loss: 4.3921
  Batch 8350/10484, Loss: 3.8436
  Batch 8360/10484, Loss: 3.8612
  Batch 8370/10484, Loss: 3.5665
  Batch 8380/10484, Loss: 4.1341
  Batch 8390/10484, Loss: 4.3475
  Batch 8400/10484, Loss: 3.7653
  Batch 8410/10484, Loss: 4.7215
  Batch 8420/10484, Loss: 4.0322
  Batch 8430/10484, Loss: 3.9183
  Batch 8440/10484, Loss: 4.2640
  Batch 8450/10484, Loss: 4.3123
  Batch 8460/10484, Loss: 3.8329
  Batch 8470/10484, Loss: 4.1954
  Batch 8480/10484, Loss: 3.6253
  Batch 8490/10484, Loss: 4.1106
  Batch 8500/10484, Loss: 3.7333
  Batch 8510/10484, Loss: 4.4278
  Batch 8520/10484, Loss: 4.4511
  Batch 8530/10484, Loss: 4.0243
  Batch 8540/10484, Loss: 4.0129
  Batch 8550/10484, Loss: 4.0644
  Batch 8560/10484, Loss: 3.9314
  Batch 8570/10484, Loss: 3.9486
  Batch 8580/10484, Loss: 4.4249
  Batch 8590/10484, Loss: 3.8546
  Batch 8600/10484, Loss: 3.3672
  Batch 8610/10484, Loss: 4.2693
  Batch 8620/10484, Loss: 3.9387
  Batch 8630/10484, Loss: 3.5290
  Batch 8640/10484, Loss: 3.2378
  Batch 8650/10484, Loss: 3.9429
  Batch 8660/10484, Loss: 4.6325
  Batch 8670/10484, Loss: 3.9388
  Batch 8680/10484, Loss: 3.4510
  Batch 8690/10484, Loss: 3.9028
  Batch 8700/10484, Loss: 4.0636
  Batch 8710/10484, Loss: 3.3151
  Batch 8720/10484, Loss: 3.4805
  Batch 8730/10484, Loss: 3.7393
  Batch 8740/10484, Loss: 3.5930
  Batch 8750/10484, Loss: 4.3283
  Batch 8760/10484, Loss: 4.6185
  Batch 8770/10484, Loss: 4.1333
  Batch 8780/10484, Loss: 3.7794
  Batch 8790/10484, Loss: 4.2695
  Batch 8800/10484, Loss: 4.2325
  Batch 8810/10484, Loss: 4.3536
  Batch 8820/10484, Loss: 4.1240
  Batch 8830/10484, Loss: 3.5875
  Batch 8840/10484, Loss: 4.0978
  Batch 8850/10484, Loss: 3.9869
  Batch 8860/10484, Loss: 4.2702
  Batch 8870/10484, Loss: 4.1453
  Batch 8880/10484, Loss: 4.1250
  Batch 8890/10484, Loss: 3.8727
  Batch 8900/10484, Loss: 3.8748
  Batch 8910/10484, Loss: 3.4067
  Batch 8920/10484, Loss: 4.4438
  Batch 8930/10484, Loss: 3.0742
  Batch 8940/10484, Loss: 3.8098
  Batch 8950/10484, Loss: 3.6835
  Batch 8960/10484, Loss: 3.6881
  Batch 8970/10484, Loss: 3.4583
  Batch 8980/10484, Loss: 4.2226
  Batch 8990/10484, Loss: 4.1008
  Batch 9000/10484, Loss: 3.3505
  Batch 9010/10484, Loss: 3.4404
  Batch 9020/10484, Loss: 3.8533
  Batch 9030/10484, Loss: 4.3155
  Batch 9040/10484, Loss: 4.1485
  Batch 9050/10484, Loss: 3.8520
  Batch 9060/10484, Loss: 3.8439
  Batch 9070/10484, Loss: 3.6992
  Batch 9080/10484, Loss: 3.4275
  Batch 9090/10484, Loss: 3.4791
  Batch 9100/10484, Loss: 3.4432
  Batch 9110/10484, Loss: 3.9234
  Batch 9120/10484, Loss: 4.1542
  Batch 9130/10484, Loss: 3.4950
  Batch 9140/10484, Loss: 3.4875
  Batch 9150/10484, Loss: 3.7691
  Batch 9160/10484, Loss: 4.1264
  Batch 9170/10484, Loss: 3.8665
  Batch 9180/10484, Loss: 3.4182
  Batch 9190/10484, Loss: 3.9617
  Batch 9200/10484, Loss: 3.4723
  Batch 9210/10484, Loss: 4.0047
  Batch 9220/10484, Loss: 4.0105
  Batch 9230/10484, Loss: 3.2556
  Batch 9240/10484, Loss: 4.1044
  Batch 9250/10484, Loss: 4.2367
  Batch 9260/10484, Loss: 4.1722
  Batch 9270/10484, Loss: 3.6524
  Batch 9280/10484, Loss: 4.2578
  Batch 9290/10484, Loss: 3.8313
  Batch 9300/10484, Loss: 3.2534
  Batch 9310/10484, Loss: 3.4641
  Batch 9320/10484, Loss: 3.8624
  Batch 9330/10484, Loss: 3.9548
  Batch 9340/10484, Loss: 4.1077
  Batch 9350/10484, Loss: 4.0508
  Batch 9360/10484, Loss: 3.1753
  Batch 9370/10484, Loss: 3.6724
  Batch 9380/10484, Loss: 3.5824
  Batch 9390/10484, Loss: 3.7617
  Batch 9400/10484, Loss: 4.3017
  Batch 9410/10484, Loss: 4.1506
  Batch 9420/10484, Loss: 3.9048
  Batch 9430/10484, Loss: 4.0905
  Batch 9440/10484, Loss: 4.1615
  Batch 9450/10484, Loss: 4.5123
  Batch 9460/10484, Loss: 3.3861
  Batch 9470/10484, Loss: 4.2668
  Batch 9480/10484, Loss: 3.9065
  Batch 9490/10484, Loss: 3.5366
  Batch 9500/10484, Loss: 3.8002
  Batch 9510/10484, Loss: 4.2765
  Batch 9520/10484, Loss: 3.4582
  Batch 9530/10484, Loss: 4.0530
  Batch 9540/10484, Loss: 4.0569
  Batch 9550/10484, Loss: 4.0380
  Batch 9560/10484, Loss: 3.8238
  Batch 9570/10484, Loss: 3.7449
  Batch 9580/10484, Loss: 4.0811
  Batch 9590/10484, Loss: 3.9248
  Batch 9600/10484, Loss: 3.5870
  Batch 9610/10484, Loss: 4.5050
  Batch 9620/10484, Loss: 3.9021
  Batch 9630/10484, Loss: 4.2892
  Batch 9640/10484, Loss: 4.2698
  Batch 9650/10484, Loss: 3.1579
  Batch 9660/10484, Loss: 4.0031
  Batch 9670/10484, Loss: 4.6585
  Batch 9680/10484, Loss: 4.1594
  Batch 9690/10484, Loss: 3.7270
  Batch 9700/10484, Loss: 3.4003
  Batch 9710/10484, Loss: 4.4929
  Batch 9720/10484, Loss: 3.9167
  Batch 9730/10484, Loss: 4.0390
  Batch 9740/10484, Loss: 4.2269
  Batch 9750/10484, Loss: 2.6283
  Batch 9760/10484, Loss: 3.8155
  Batch 9770/10484, Loss: 3.8956
  Batch 9780/10484, Loss: 3.6403
  Batch 9790/10484, Loss: 3.8597
  Batch 9800/10484, Loss: 3.3637
  Batch 9810/10484, Loss: 4.1659
  Batch 9820/10484, Loss: 4.7249
  Batch 9830/10484, Loss: 4.3014
  Batch 9840/10484, Loss: 4.1488
  Batch 9850/10484, Loss: 3.5396
  Batch 9860/10484, Loss: 3.9191
  Batch 9870/10484, Loss: 3.7724
  Batch 9880/10484, Loss: 3.8172
  Batch 9890/10484, Loss: 3.3100
  Batch 9900/10484, Loss: 4.3474
  Batch 9910/10484, Loss: 4.2880
  Batch 9920/10484, Loss: 2.9979
  Batch 9930/10484, Loss: 4.5014
  Batch 9940/10484, Loss: 4.0724
  Batch 9950/10484, Loss: 3.6952
  Batch 9960/10484, Loss: 4.0328
  Batch 9970/10484, Loss: 3.9533
  Batch 9980/10484, Loss: 3.4084
  Batch 9990/10484, Loss: 3.2169
  Batch 10000/10484, Loss: 4.4231
  Batch 10010/10484, Loss: 3.3992
  Batch 10020/10484, Loss: 4.2268
  Batch 10030/10484, Loss: 3.6721
  Batch 10040/10484, Loss: 3.7488
  Batch 10050/10484, Loss: 4.3065
  Batch 10060/10484, Loss: 3.7558
  Batch 10070/10484, Loss: 3.8268
  Batch 10080/10484, Loss: 4.3242
  Batch 10090/10484, Loss: 3.4017
  Batch 10100/10484, Loss: 3.6556
  Batch 10110/10484, Loss: 4.4606
  Batch 10120/10484, Loss: 4.4186
  Batch 10130/10484, Loss: 4.2701
  Batch 10140/10484, Loss: 3.8631
  Batch 10150/10484, Loss: 5.1846
  Batch 10160/10484, Loss: 3.9942
  Batch 10170/10484, Loss: 3.4295
  Batch 10180/10484, Loss: 2.9641
  Batch 10190/10484, Loss: 3.7656
  Batch 10200/10484, Loss: 4.0876
  Batch 10210/10484, Loss: 4.1351
  Batch 10220/10484, Loss: 3.3668
  Batch 10230/10484, Loss: 3.3845
  Batch 10240/10484, Loss: 3.5453
  Batch 10250/10484, Loss: 4.0765
  Batch 10260/10484, Loss: 2.8315
  Batch 10270/10484, Loss: 4.3387
  Batch 10280/10484, Loss: 3.9602
  Batch 10290/10484, Loss: 3.8800
  Batch 10300/10484, Loss: 3.7751
  Batch 10310/10484, Loss: 3.2805
  Batch 10320/10484, Loss: 3.9100
  Batch 10330/10484, Loss: 3.6562
  Batch 10340/10484, Loss: 3.6881
  Batch 10350/10484, Loss: 4.6023
  Batch 10360/10484, Loss: 3.5437
  Batch 10370/10484, Loss: 3.6429
  Batch 10380/10484, Loss: 4.3793
  Batch 10390/10484, Loss: 4.0075
  Batch 10400/10484, Loss: 4.0585
  Batch 10410/10484, Loss: 3.5075
  Batch 10420/10484, Loss: 3.6332
  Batch 10430/10484, Loss: 3.3051
  Batch 10440/10484, Loss: 4.2781
  Batch 10450/10484, Loss: 3.9392
  Batch 10460/10484, Loss: 3.4650
  Batch 10470/10484, Loss: 4.1338
  Batch 10480/10484, Loss: 3.4544

  Train Loss: 3.8269
  Val Loss: 6.7612
  Time: 30m 51s

Epoch 15/20
----------------------------------------
  Batch 10/10484, Loss: 4.1349
  Batch 20/10484, Loss: 3.8250
  Batch 30/10484, Loss: 4.1693
  Batch 40/10484, Loss: 4.1923
  Batch 50/10484, Loss: 3.4033
  Batch 60/10484, Loss: 3.7077
  Batch 70/10484, Loss: 3.9432
  Batch 80/10484, Loss: 3.7804
  Batch 90/10484, Loss: 3.6845
  Batch 100/10484, Loss: 3.6273
  Batch 110/10484, Loss: 3.6873
  Batch 120/10484, Loss: 3.0756
  Batch 130/10484, Loss: 3.6206
  Batch 140/10484, Loss: 3.4232
  Batch 150/10484, Loss: 4.1324
  Batch 160/10484, Loss: 3.8983
  Batch 170/10484, Loss: 4.3716
  Batch 180/10484, Loss: 3.6680
  Batch 190/10484, Loss: 3.3641
  Batch 200/10484, Loss: 3.2396
  Batch 210/10484, Loss: 4.1435
  Batch 220/10484, Loss: 4.0967
  Batch 230/10484, Loss: 3.6590
  Batch 240/10484, Loss: 3.9186
  Batch 250/10484, Loss: 3.4440
  Batch 260/10484, Loss: 3.8216
  Batch 270/10484, Loss: 3.5583
  Batch 280/10484, Loss: 3.9299
  Batch 290/10484, Loss: 3.1603
  Batch 300/10484, Loss: 3.4231
  Batch 310/10484, Loss: 3.3473
  Batch 320/10484, Loss: 4.1111
  Batch 330/10484, Loss: 3.3091
  Batch 340/10484, Loss: 3.6717
  Batch 350/10484, Loss: 4.3901
  Batch 360/10484, Loss: 3.2364
  Batch 370/10484, Loss: 3.6617
  Batch 380/10484, Loss: 3.7675
  Batch 390/10484, Loss: 3.8530
  Batch 400/10484, Loss: 3.3797
  Batch 410/10484, Loss: 3.7169
  Batch 420/10484, Loss: 3.9809
  Batch 430/10484, Loss: 3.5347
  Batch 440/10484, Loss: 3.4726
  Batch 450/10484, Loss: 3.6523
  Batch 460/10484, Loss: 3.7350
  Batch 470/10484, Loss: 3.3679
  Batch 480/10484, Loss: 3.6015
  Batch 490/10484, Loss: 3.2627
  Batch 500/10484, Loss: 3.3391
  Batch 510/10484, Loss: 3.5773
  Batch 520/10484, Loss: 3.4530
  Batch 530/10484, Loss: 3.1749
  Batch 540/10484, Loss: 3.9243
  Batch 550/10484, Loss: 3.8436
  Batch 560/10484, Loss: 4.3129
  Batch 570/10484, Loss: 3.9147
  Batch 580/10484, Loss: 3.9049
  Batch 590/10484, Loss: 3.3739
  Batch 600/10484, Loss: 3.5522
  Batch 610/10484, Loss: 3.7397
  Batch 620/10484, Loss: 3.6685
  Batch 630/10484, Loss: 2.9352
  Batch 640/10484, Loss: 3.6625
  Batch 650/10484, Loss: 3.5998
  Batch 660/10484, Loss: 3.8074
  Batch 670/10484, Loss: 3.8280
  Batch 680/10484, Loss: 3.7561
  Batch 690/10484, Loss: 3.8317
  Batch 700/10484, Loss: 4.1750
  Batch 710/10484, Loss: 3.5570
  Batch 720/10484, Loss: 4.1047
  Batch 730/10484, Loss: 3.5069
  Batch 740/10484, Loss: 3.6561
  Batch 750/10484, Loss: 3.4167
  Batch 760/10484, Loss: 4.5058
  Batch 770/10484, Loss: 4.0392
  Batch 780/10484, Loss: 4.3360
  Batch 790/10484, Loss: 4.1509
  Batch 800/10484, Loss: 3.7613
  Batch 810/10484, Loss: 3.2587
  Batch 820/10484, Loss: 4.1515
  Batch 830/10484, Loss: 3.7552
  Batch 840/10484, Loss: 3.9639
  Batch 850/10484, Loss: 3.5144
  Batch 860/10484, Loss: 4.1404
  Batch 870/10484, Loss: 3.6908
  Batch 880/10484, Loss: 3.5793
  Batch 890/10484, Loss: 4.1599
  Batch 900/10484, Loss: 3.9505
  Batch 910/10484, Loss: 3.5936
  Batch 920/10484, Loss: 4.0200
  Batch 930/10484, Loss: 3.9182
  Batch 940/10484, Loss: 3.9172
  Batch 950/10484, Loss: 3.5887
  Batch 960/10484, Loss: 3.4777
  Batch 970/10484, Loss: 4.0908
  Batch 980/10484, Loss: 3.3350
  Batch 990/10484, Loss: 3.7324
  Batch 1000/10484, Loss: 3.6882
  Batch 1010/10484, Loss: 3.5628
  Batch 1020/10484, Loss: 3.0411
  Batch 1030/10484, Loss: 3.7539
  Batch 1040/10484, Loss: 3.7800
  Batch 1050/10484, Loss: 3.9035
  Batch 1060/10484, Loss: 3.9391
  Batch 1070/10484, Loss: 3.9278
  Batch 1080/10484, Loss: 3.7922
  Batch 1090/10484, Loss: 3.6368
  Batch 1100/10484, Loss: 4.1335
  Batch 1110/10484, Loss: 3.8601
  Batch 1120/10484, Loss: 3.7908
  Batch 1130/10484, Loss: 3.5637
  Batch 1140/10484, Loss: 3.3270
  Batch 1150/10484, Loss: 4.0137
  Batch 1160/10484, Loss: 4.1493
  Batch 1170/10484, Loss: 4.2592
  Batch 1180/10484, Loss: 3.5592
  Batch 1190/10484, Loss: 4.0694
  Batch 1200/10484, Loss: 4.4054
  Batch 1210/10484, Loss: 3.4405
  Batch 1220/10484, Loss: 4.2502
  Batch 1230/10484, Loss: 4.6328
  Batch 1240/10484, Loss: 4.1392
  Batch 1250/10484, Loss: 3.8362
  Batch 1260/10484, Loss: 3.1455
  Batch 1270/10484, Loss: 3.3193
  Batch 1280/10484, Loss: 4.6278
  Batch 1290/10484, Loss: 3.8590
  Batch 1300/10484, Loss: 3.4475
  Batch 1310/10484, Loss: 3.1771
  Batch 1320/10484, Loss: 3.3575
  Batch 1330/10484, Loss: 3.8113
  Batch 1340/10484, Loss: 3.9684
  Batch 1350/10484, Loss: 4.3119
  Batch 1360/10484, Loss: 3.4486
  Batch 1370/10484, Loss: 3.4490
  Batch 1380/10484, Loss: 3.7310
  Batch 1390/10484, Loss: 4.1076
  Batch 1400/10484, Loss: 3.6941
  Batch 1410/10484, Loss: 3.4463
  Batch 1420/10484, Loss: 3.3663
  Batch 1430/10484, Loss: 4.1223
  Batch 1440/10484, Loss: 3.9189
  Batch 1450/10484, Loss: 3.8201
  Batch 1460/10484, Loss: 3.4564
  Batch 1470/10484, Loss: 3.1904
  Batch 1480/10484, Loss: 4.0149
  Batch 1490/10484, Loss: 3.7296
  Batch 1500/10484, Loss: 4.2937
  Batch 1510/10484, Loss: 3.3417
  Batch 1520/10484, Loss: 3.6015
  Batch 1530/10484, Loss: 3.4657
  Batch 1540/10484, Loss: 3.3899
  Batch 1550/10484, Loss: 4.0368
  Batch 1560/10484, Loss: 3.4119
  Batch 1570/10484, Loss: 3.8116
  Batch 1580/10484, Loss: 4.0507
  Batch 1590/10484, Loss: 3.7223
  Batch 1600/10484, Loss: 4.1207
  Batch 1610/10484, Loss: 4.0596
  Batch 1620/10484, Loss: 3.3035
  Batch 1630/10484, Loss: 3.7117
  Batch 1640/10484, Loss: 3.5797
  Batch 1650/10484, Loss: 3.7886
  Batch 1660/10484, Loss: 4.0319
  Batch 1670/10484, Loss: 4.0414
  Batch 1680/10484, Loss: 4.2448
  Batch 1690/10484, Loss: 3.7614
  Batch 1700/10484, Loss: 3.4346
  Batch 1710/10484, Loss: 4.2527
  Batch 1720/10484, Loss: 4.2321
  Batch 1730/10484, Loss: 3.2316
  Batch 1740/10484, Loss: 4.0954
  Batch 1750/10484, Loss: 4.1186
  Batch 1760/10484, Loss: 4.0906
  Batch 1770/10484, Loss: 4.5463
  Batch 1780/10484, Loss: 3.5831
  Batch 1790/10484, Loss: 4.0360
  Batch 1800/10484, Loss: 4.1684
  Batch 1810/10484, Loss: 3.7559
  Batch 1820/10484, Loss: 3.0548
  Batch 1830/10484, Loss: 3.6813
  Batch 1840/10484, Loss: 3.7739
  Batch 1850/10484, Loss: 3.7343
  Batch 1860/10484, Loss: 3.9077
  Batch 1870/10484, Loss: 3.5951
  Batch 1880/10484, Loss: 4.4522
  Batch 1890/10484, Loss: 4.0576
  Batch 1900/10484, Loss: 4.1924
  Batch 1910/10484, Loss: 3.2250
  Batch 1920/10484, Loss: 4.1263
  Batch 1930/10484, Loss: 3.8229
  Batch 1940/10484, Loss: 4.1294
  Batch 1950/10484, Loss: 3.0303
  Batch 1960/10484, Loss: 4.3288
  Batch 1970/10484, Loss: 3.9730
  Batch 1980/10484, Loss: 4.0801
  Batch 1990/10484, Loss: 4.3623
  Batch 2000/10484, Loss: 3.6579
  Batch 2010/10484, Loss: 4.2565
  Batch 2020/10484, Loss: 3.5178
  Batch 2030/10484, Loss: 3.7494
  Batch 2040/10484, Loss: 3.7203
  Batch 2050/10484, Loss: 3.6002
  Batch 2060/10484, Loss: 3.9308
  Batch 2070/10484, Loss: 3.5954
  Batch 2080/10484, Loss: 3.9340
  Batch 2090/10484, Loss: 3.2522
  Batch 2100/10484, Loss: 4.1972
  Batch 2110/10484, Loss: 3.6727
  Batch 2120/10484, Loss: 4.0109
  Batch 2130/10484, Loss: 4.0517
  Batch 2140/10484, Loss: 3.5795
  Batch 2150/10484, Loss: 4.1639
  Batch 2160/10484, Loss: 3.3331
  Batch 2170/10484, Loss: 3.7180
  Batch 2180/10484, Loss: 4.0436
  Batch 2190/10484, Loss: 3.4493
  Batch 2200/10484, Loss: 2.8810
  Batch 2210/10484, Loss: 4.0910
  Batch 2220/10484, Loss: 3.9507
  Batch 2230/10484, Loss: 3.1014
  Batch 2240/10484, Loss: 3.5884
  Batch 2250/10484, Loss: 3.4629
  Batch 2260/10484, Loss: 3.1122
  Batch 2270/10484, Loss: 3.3357
  Batch 2280/10484, Loss: 3.9869
  Batch 2290/10484, Loss: 3.9404
  Batch 2300/10484, Loss: 4.0726
  Batch 2310/10484, Loss: 3.5557
  Batch 2320/10484, Loss: 3.5792
  Batch 2330/10484, Loss: 3.7941
  Batch 2340/10484, Loss: 3.7623
  Batch 2350/10484, Loss: 4.2015
  Batch 2360/10484, Loss: 3.1275
  Batch 2370/10484, Loss: 4.0251
  Batch 2380/10484, Loss: 3.5121
  Batch 2390/10484, Loss: 3.6971
  Batch 2400/10484, Loss: 3.6071
  Batch 2410/10484, Loss: 3.0432
  Batch 2420/10484, Loss: 3.4422
  Batch 2430/10484, Loss: 2.9748
  Batch 2440/10484, Loss: 3.2736
  Batch 2450/10484, Loss: 3.7038
  Batch 2460/10484, Loss: 3.6379
  Batch 2470/10484, Loss: 4.1313
  Batch 2480/10484, Loss: 4.4377
  Batch 2490/10484, Loss: 4.0984
  Batch 2500/10484, Loss: 3.5224
  Batch 2510/10484, Loss: 3.4368
  Batch 2520/10484, Loss: 4.1404
  Batch 2530/10484, Loss: 3.8642
  Batch 2540/10484, Loss: 4.1618
  Batch 2550/10484, Loss: 3.7602
  Batch 2560/10484, Loss: 3.9167
  Batch 2570/10484, Loss: 4.2800
  Batch 2580/10484, Loss: 3.7078
  Batch 2590/10484, Loss: 3.9647
  Batch 2600/10484, Loss: 3.6338
  Batch 2610/10484, Loss: 3.8677
  Batch 2620/10484, Loss: 3.8704
  Batch 2630/10484, Loss: 3.9801
  Batch 2640/10484, Loss: 4.8727
  Batch 2650/10484, Loss: 4.0426
  Batch 2660/10484, Loss: 4.2649
  Batch 2670/10484, Loss: 3.4290
  Batch 2680/10484, Loss: 3.4078
  Batch 2690/10484, Loss: 3.2509
  Batch 2700/10484, Loss: 3.9564
  Batch 2710/10484, Loss: 3.9753
  Batch 2720/10484, Loss: 3.9589
  Batch 2730/10484, Loss: 3.1593
  Batch 2740/10484, Loss: 3.7134
  Batch 2750/10484, Loss: 3.8826
  Batch 2760/10484, Loss: 3.5645
  Batch 2770/10484, Loss: 3.4005
  Batch 2780/10484, Loss: 3.8031
  Batch 2790/10484, Loss: 3.7882
  Batch 2800/10484, Loss: 3.4158
  Batch 2810/10484, Loss: 3.3446
  Batch 2820/10484, Loss: 3.6131
  Batch 2830/10484, Loss: 3.1475
  Batch 2840/10484, Loss: 4.1999
  Batch 2850/10484, Loss: 4.1267
  Batch 2860/10484, Loss: 4.5102
  Batch 2870/10484, Loss: 3.7884
  Batch 2880/10484, Loss: 3.8541
  Batch 2890/10484, Loss: 3.8761
  Batch 2900/10484, Loss: 2.7684
  Batch 2910/10484, Loss: 3.7040
  Batch 2920/10484, Loss: 4.5655
  Batch 2930/10484, Loss: 3.8448
  Batch 2940/10484, Loss: 3.7074
  Batch 2950/10484, Loss: 2.8921
  Batch 2960/10484, Loss: 4.0553
  Batch 2970/10484, Loss: 3.8219
  Batch 2980/10484, Loss: 3.7860
  Batch 2990/10484, Loss: 3.5912
  Batch 3000/10484, Loss: 3.3565
  Batch 3010/10484, Loss: 4.6934
  Batch 3020/10484, Loss: 3.3723
  Batch 3030/10484, Loss: 4.2954
  Batch 3040/10484, Loss: 3.9112
  Batch 3050/10484, Loss: 3.7230
  Batch 3060/10484, Loss: 3.8705
  Batch 3070/10484, Loss: 3.6169
  Batch 3080/10484, Loss: 3.6152
  Batch 3090/10484, Loss: 3.3565
  Batch 3100/10484, Loss: 3.8806
  Batch 3110/10484, Loss: 4.1099
  Batch 3120/10484, Loss: 3.8382
  Batch 3130/10484, Loss: 4.1311
  Batch 3140/10484, Loss: 3.7684
  Batch 3150/10484, Loss: 4.2711
  Batch 3160/10484, Loss: 4.4936
  Batch 3170/10484, Loss: 3.6911
  Batch 3180/10484, Loss: 3.8192
  Batch 3190/10484, Loss: 3.8942
  Batch 3200/10484, Loss: 3.8592
  Batch 3210/10484, Loss: 3.9843
  Batch 3220/10484, Loss: 3.8849
  Batch 3230/10484, Loss: 3.6925
  Batch 3240/10484, Loss: 3.7641
  Batch 3250/10484, Loss: 3.7998
  Batch 3260/10484, Loss: 3.7946
  Batch 3270/10484, Loss: 3.9825
  Batch 3280/10484, Loss: 3.9144
  Batch 3290/10484, Loss: 3.9961
  Batch 3300/10484, Loss: 3.7718
  Batch 3310/10484, Loss: 3.3760
  Batch 3320/10484, Loss: 3.5356
  Batch 3330/10484, Loss: 4.1521
  Batch 3340/10484, Loss: 3.9111
  Batch 3350/10484, Loss: 3.5672
  Batch 3360/10484, Loss: 3.6145
  Batch 3370/10484, Loss: 3.2670
  Batch 3380/10484, Loss: 4.2115
  Batch 3390/10484, Loss: 3.4774
  Batch 3400/10484, Loss: 3.1660
  Batch 3410/10484, Loss: 3.3674
  Batch 3420/10484, Loss: 3.7374
  Batch 3430/10484, Loss: 2.9824
  Batch 3440/10484, Loss: 3.9995
  Batch 3450/10484, Loss: 3.9431
  Batch 3460/10484, Loss: 3.3700
  Batch 3470/10484, Loss: 3.5870
  Batch 3480/10484, Loss: 3.2680
  Batch 3490/10484, Loss: 4.0734
  Batch 3500/10484, Loss: 4.3793
  Batch 3510/10484, Loss: 3.0843
  Batch 3520/10484, Loss: 3.9077
  Batch 3530/10484, Loss: 3.3395
  Batch 3540/10484, Loss: 3.5453
  Batch 3550/10484, Loss: 3.8904
  Batch 3560/10484, Loss: 4.1418
  Batch 3570/10484, Loss: 3.9534
  Batch 3580/10484, Loss: 3.9078
  Batch 3590/10484, Loss: 3.4975
  Batch 3600/10484, Loss: 3.1416
  Batch 3610/10484, Loss: 4.1128
  Batch 3620/10484, Loss: 3.7387
  Batch 3630/10484, Loss: 4.2734
  Batch 3640/10484, Loss: 4.5080
  Batch 3650/10484, Loss: 3.2242
  Batch 3660/10484, Loss: 3.0416
  Batch 3670/10484, Loss: 3.9857
  Batch 3680/10484, Loss: 3.4635
  Batch 3690/10484, Loss: 3.8811
  Batch 3700/10484, Loss: 3.3307
  Batch 3710/10484, Loss: 3.7214
  Batch 3720/10484, Loss: 3.7960
  Batch 3730/10484, Loss: 4.3269
  Batch 3740/10484, Loss: 4.3143
  Batch 3750/10484, Loss: 3.5549
  Batch 3760/10484, Loss: 4.2549
  Batch 3770/10484, Loss: 3.7299
  Batch 3780/10484, Loss: 3.9504
  Batch 3790/10484, Loss: 3.6751
  Batch 3800/10484, Loss: 3.9063
  Batch 3810/10484, Loss: 3.5160
  Batch 3820/10484, Loss: 3.7494
  Batch 3830/10484, Loss: 4.1252
  Batch 3840/10484, Loss: 2.8318
  Batch 3850/10484, Loss: 3.9548
  Batch 3860/10484, Loss: 3.7010
  Batch 3870/10484, Loss: 3.5947
  Batch 3880/10484, Loss: 4.0635
  Batch 3890/10484, Loss: 3.9553
  Batch 3900/10484, Loss: 3.3939
  Batch 3910/10484, Loss: 3.4213
  Batch 3920/10484, Loss: 3.9692
  Batch 3930/10484, Loss: 3.3214
  Batch 3940/10484, Loss: 4.3770
  Batch 3950/10484, Loss: 3.7356
  Batch 3960/10484, Loss: 3.6728
  Batch 3970/10484, Loss: 3.8869
  Batch 3980/10484, Loss: 3.3891
  Batch 3990/10484, Loss: 4.6359
  Batch 4000/10484, Loss: 3.9311
  Batch 4010/10484, Loss: 3.4682
  Batch 4020/10484, Loss: 4.1310
  Batch 4030/10484, Loss: 3.9733
  Batch 4040/10484, Loss: 3.8204
  Batch 4050/10484, Loss: 3.7043
  Batch 4060/10484, Loss: 3.8028
  Batch 4070/10484, Loss: 4.1823
  Batch 4080/10484, Loss: 3.2181
  Batch 4090/10484, Loss: 4.0664
  Batch 4100/10484, Loss: 3.5261
  Batch 4110/10484, Loss: 4.0868
  Batch 4120/10484, Loss: 3.9054
  Batch 4130/10484, Loss: 3.9607
  Batch 4140/10484, Loss: 2.9578
  Batch 4150/10484, Loss: 3.8881
  Batch 4160/10484, Loss: 3.9243
  Batch 4170/10484, Loss: 4.4185
  Batch 4180/10484, Loss: 4.2805
  Batch 4190/10484, Loss: 3.1214
  Batch 4200/10484, Loss: 3.7705
  Batch 4210/10484, Loss: 4.0117
  Batch 4220/10484, Loss: 3.9410
  Batch 4230/10484, Loss: 3.7692
  Batch 4240/10484, Loss: 4.5282
  Batch 4250/10484, Loss: 3.8209
  Batch 4260/10484, Loss: 3.6110
  Batch 4270/10484, Loss: 4.3218
  Batch 4280/10484, Loss: 3.9885
  Batch 4290/10484, Loss: 3.5922
  Batch 4300/10484, Loss: 3.7957
  Batch 4310/10484, Loss: 3.7280
  Batch 4320/10484, Loss: 3.0643
  Batch 4330/10484, Loss: 3.5742
  Batch 4340/10484, Loss: 3.0987
  Batch 4350/10484, Loss: 4.1900
  Batch 4360/10484, Loss: 3.8886
  Batch 4370/10484, Loss: 3.6981
  Batch 4380/10484, Loss: 4.1274
  Batch 4390/10484, Loss: 4.0648
  Batch 4400/10484, Loss: 3.0653
  Batch 4410/10484, Loss: 4.2534
  Batch 4420/10484, Loss: 4.4197
  Batch 4430/10484, Loss: 3.6964
  Batch 4440/10484, Loss: 3.4350
  Batch 4450/10484, Loss: 3.7158
  Batch 4460/10484, Loss: 3.6450
  Batch 4470/10484, Loss: 3.0313
  Batch 4480/10484, Loss: 4.1239
  Batch 4490/10484, Loss: 4.1190
  Batch 4500/10484, Loss: 2.8840
  Batch 4510/10484, Loss: 3.4385
  Batch 4520/10484, Loss: 3.4170
  Batch 4530/10484, Loss: 4.0915
  Batch 4540/10484, Loss: 4.3560
  Batch 4550/10484, Loss: 3.6857
  Batch 4560/10484, Loss: 3.7331
  Batch 4570/10484, Loss: 3.5501
  Batch 4580/10484, Loss: 3.2556
  Batch 4590/10484, Loss: 3.9801
  Batch 4600/10484, Loss: 3.9705
  Batch 4610/10484, Loss: 3.9059
  Batch 4620/10484, Loss: 4.1906
  Batch 4630/10484, Loss: 3.8428
  Batch 4640/10484, Loss: 3.6976
  Batch 4650/10484, Loss: 4.0800
  Batch 4660/10484, Loss: 4.2446
  Batch 4670/10484, Loss: 3.7040
  Batch 4680/10484, Loss: 4.1050
  Batch 4690/10484, Loss: 4.2729
  Batch 4700/10484, Loss: 3.8332
  Batch 4710/10484, Loss: 3.3430
  Batch 4720/10484, Loss: 3.3085
  Batch 4730/10484, Loss: 4.0499
  Batch 4740/10484, Loss: 3.5513
  Batch 4750/10484, Loss: 3.4828
  Batch 4760/10484, Loss: 3.3990
  Batch 4770/10484, Loss: 4.2253
  Batch 4780/10484, Loss: 4.0745
  Batch 4790/10484, Loss: 3.8792
  Batch 4800/10484, Loss: 4.3111
  Batch 4810/10484, Loss: 4.2676
  Batch 4820/10484, Loss: 3.7385
  Batch 4830/10484, Loss: 4.6194
  Batch 4840/10484, Loss: 3.5220
  Batch 4850/10484, Loss: 3.6530
  Batch 4860/10484, Loss: 3.2682
  Batch 4870/10484, Loss: 3.9617
  Batch 4880/10484, Loss: 4.0539
  Batch 4890/10484, Loss: 3.0949
  Batch 4900/10484, Loss: 4.2633
  Batch 4910/10484, Loss: 3.5831
  Batch 4920/10484, Loss: 3.7057
  Batch 4930/10484, Loss: 3.7743
  Batch 4940/10484, Loss: 4.0814
  Batch 4950/10484, Loss: 3.7324
  Batch 4960/10484, Loss: 4.1618
  Batch 4970/10484, Loss: 3.7642
  Batch 4980/10484, Loss: 3.2772
  Batch 4990/10484, Loss: 3.9387
  Batch 5000/10484, Loss: 3.9525
  Batch 5010/10484, Loss: 3.5664
  Batch 5020/10484, Loss: 4.2959
  Batch 5030/10484, Loss: 4.0437
  Batch 5040/10484, Loss: 3.9962
  Batch 5050/10484, Loss: 4.0263
  Batch 5060/10484, Loss: 3.3795
  Batch 5070/10484, Loss: 3.9604
  Batch 5080/10484, Loss: 3.6544
  Batch 5090/10484, Loss: 3.8446
  Batch 5100/10484, Loss: 3.3400
  Batch 5110/10484, Loss: 4.7863
  Batch 5120/10484, Loss: 3.8211
  Batch 5130/10484, Loss: 3.2309
  Batch 5140/10484, Loss: 3.7222
  Batch 5150/10484, Loss: 4.7976
  Batch 5160/10484, Loss: 4.2315
  Batch 5170/10484, Loss: 3.6489
  Batch 5180/10484, Loss: 3.2296
  Batch 5190/10484, Loss: 3.4974
  Batch 5200/10484, Loss: 3.5840
  Batch 5210/10484, Loss: 4.4706
  Batch 5220/10484, Loss: 4.1673
  Batch 5230/10484, Loss: 4.3282
  Batch 5240/10484, Loss: 3.4925
  Batch 5250/10484, Loss: 3.7419
  Batch 5260/10484, Loss: 3.3397
  Batch 5270/10484, Loss: 3.4082
  Batch 5280/10484, Loss: 4.4563
  Batch 5290/10484, Loss: 3.4934
  Batch 5300/10484, Loss: 4.1252
  Batch 5310/10484, Loss: 3.6088
  Batch 5320/10484, Loss: 3.5305
  Batch 5330/10484, Loss: 3.1396
  Batch 5340/10484, Loss: 3.4142
  Batch 5350/10484, Loss: 3.7880
  Batch 5360/10484, Loss: 4.0011
  Batch 5370/10484, Loss: 3.7633
  Batch 5380/10484, Loss: 3.9067
  Batch 5390/10484, Loss: 3.0935
  Batch 5400/10484, Loss: 3.5778
  Batch 5410/10484, Loss: 3.9118
  Batch 5420/10484, Loss: 3.9000
  Batch 5430/10484, Loss: 3.9460
  Batch 5440/10484, Loss: 3.5057
  Batch 5450/10484, Loss: 3.4592
  Batch 5460/10484, Loss: 3.6426
  Batch 5470/10484, Loss: 3.4809
  Batch 5480/10484, Loss: 3.7858
  Batch 5490/10484, Loss: 4.2199
  Batch 5500/10484, Loss: 3.6754
  Batch 5510/10484, Loss: 3.5477
  Batch 5520/10484, Loss: 3.8144
  Batch 5530/10484, Loss: 4.3571
  Batch 5540/10484, Loss: 3.5123
  Batch 5550/10484, Loss: 4.1538
  Batch 5560/10484, Loss: 3.6540
  Batch 5570/10484, Loss: 4.1465
  Batch 5580/10484, Loss: 3.8548
  Batch 5590/10484, Loss: 3.3290
  Batch 5600/10484, Loss: 3.7857
  Batch 5610/10484, Loss: 3.1174
  Batch 5620/10484, Loss: 4.1109
  Batch 5630/10484, Loss: 3.2607
  Batch 5640/10484, Loss: 3.9517
  Batch 5650/10484, Loss: 3.7617
  Batch 5660/10484, Loss: 4.2311
  Batch 5670/10484, Loss: 3.5882
  Batch 5680/10484, Loss: 4.3539
  Batch 5690/10484, Loss: 3.4853
  Batch 5700/10484, Loss: 3.8212
  Batch 5710/10484, Loss: 3.3808
  Batch 5720/10484, Loss: 3.5997
  Batch 5730/10484, Loss: 3.6220
  Batch 5740/10484, Loss: 4.0237
  Batch 5750/10484, Loss: 3.7044
  Batch 5760/10484, Loss: 4.0909
  Batch 5770/10484, Loss: 3.9907
  Batch 5780/10484, Loss: 3.6309
  Batch 5790/10484, Loss: 3.3368
  Batch 5800/10484, Loss: 3.9463
  Batch 5810/10484, Loss: 4.2319
  Batch 5820/10484, Loss: 3.4643
  Batch 5830/10484, Loss: 3.4397
  Batch 5840/10484, Loss: 3.5460
  Batch 5850/10484, Loss: 3.9372
  Batch 5860/10484, Loss: 3.7941
  Batch 5870/10484, Loss: 3.8971
  Batch 5880/10484, Loss: 3.0340
  Batch 5890/10484, Loss: 2.8422
  Batch 5900/10484, Loss: 3.0709
  Batch 5910/10484, Loss: 3.8434
  Batch 5920/10484, Loss: 3.7123
  Batch 5930/10484, Loss: 4.4201
  Batch 5940/10484, Loss: 4.4393
  Batch 5950/10484, Loss: 3.7518
  Batch 5960/10484, Loss: 3.5893
  Batch 5970/10484, Loss: 4.7353
  Batch 5980/10484, Loss: 3.4922
  Batch 5990/10484, Loss: 3.7563
  Batch 6000/10484, Loss: 3.3889
  Batch 6010/10484, Loss: 4.1306
  Batch 6020/10484, Loss: 3.3318
  Batch 6030/10484, Loss: 4.1635
  Batch 6040/10484, Loss: 4.1511
  Batch 6050/10484, Loss: 4.4290
  Batch 6060/10484, Loss: 4.0839
  Batch 6070/10484, Loss: 3.5070
  Batch 6080/10484, Loss: 3.8008
  Batch 6090/10484, Loss: 4.1612
  Batch 6100/10484, Loss: 3.1614
  Batch 6110/10484, Loss: 4.1668
  Batch 6120/10484, Loss: 3.9590
  Batch 6130/10484, Loss: 4.1120
  Batch 6140/10484, Loss: 3.4550
  Batch 6150/10484, Loss: 3.8035
  Batch 6160/10484, Loss: 3.6018
  Batch 6170/10484, Loss: 3.8864
  Batch 6180/10484, Loss: 3.6404
  Batch 6190/10484, Loss: 3.7442
  Batch 6200/10484, Loss: 3.7596
  Batch 6210/10484, Loss: 4.0015
  Batch 6220/10484, Loss: 3.3994
  Batch 6230/10484, Loss: 3.7927
  Batch 6240/10484, Loss: 4.0259
  Batch 6250/10484, Loss: 3.4657
  Batch 6260/10484, Loss: 4.1243
  Batch 6270/10484, Loss: 3.4604
  Batch 6280/10484, Loss: 3.5451
  Batch 6290/10484, Loss: 3.1178
  Batch 6300/10484, Loss: 3.6777
  Batch 6310/10484, Loss: 3.6914
  Batch 6320/10484, Loss: 4.1625
  Batch 6330/10484, Loss: 4.4680
  Batch 6340/10484, Loss: 3.7057
  Batch 6350/10484, Loss: 4.4067
  Batch 6360/10484, Loss: 3.3870
  Batch 6370/10484, Loss: 3.5701
  Batch 6380/10484, Loss: 3.7945
  Batch 6390/10484, Loss: 4.1007
  Batch 6400/10484, Loss: 4.1863
  Batch 6410/10484, Loss: 3.3601
  Batch 6420/10484, Loss: 3.4585
  Batch 6430/10484, Loss: 2.8699
  Batch 6440/10484, Loss: 3.9665
  Batch 6450/10484, Loss: 4.2760
  Batch 6460/10484, Loss: 3.4550
  Batch 6470/10484, Loss: 4.1410
  Batch 6480/10484, Loss: 3.4865
  Batch 6490/10484, Loss: 4.3465
  Batch 6500/10484, Loss: 3.9033
  Batch 6510/10484, Loss: 5.1275
  Batch 6520/10484, Loss: 3.5060
  Batch 6530/10484, Loss: 3.9131
  Batch 6540/10484, Loss: 3.8866
  Batch 6550/10484, Loss: 3.2744
  Batch 6560/10484, Loss: 3.5188
  Batch 6570/10484, Loss: 3.4646
  Batch 6580/10484, Loss: 3.8476
  Batch 6590/10484, Loss: 3.7292
  Batch 6600/10484, Loss: 4.3889
  Batch 6610/10484, Loss: 3.7472
  Batch 6620/10484, Loss: 3.3365
  Batch 6630/10484, Loss: 4.2489
  Batch 6640/10484, Loss: 3.9432
  Batch 6650/10484, Loss: 3.5100
  Batch 6660/10484, Loss: 3.8423
  Batch 6670/10484, Loss: 4.1993
  Batch 6680/10484, Loss: 3.8133
  Batch 6690/10484, Loss: 3.5049
  Batch 6700/10484, Loss: 2.7877
  Batch 6710/10484, Loss: 3.8657
  Batch 6720/10484, Loss: 3.9036
  Batch 6730/10484, Loss: 3.7093
  Batch 6740/10484, Loss: 3.4759
  Batch 6750/10484, Loss: 3.8150
  Batch 6760/10484, Loss: 4.5016
  Batch 6770/10484, Loss: 4.4209
  Batch 6780/10484, Loss: 3.9479
  Batch 6790/10484, Loss: 3.1045
  Batch 6800/10484, Loss: 3.2696
  Batch 6810/10484, Loss: 4.0312
  Batch 6820/10484, Loss: 4.1833
  Batch 6830/10484, Loss: 3.8629
  Batch 6840/10484, Loss: 3.8937
  Batch 6850/10484, Loss: 3.3753
  Batch 6860/10484, Loss: 3.4880
  Batch 6870/10484, Loss: 3.9388
  Batch 6880/10484, Loss: 3.4467
  Batch 6890/10484, Loss: 3.5060
  Batch 6900/10484, Loss: 4.2313
  Batch 6910/10484, Loss: 4.2552
  Batch 6920/10484, Loss: 3.5043
  Batch 6930/10484, Loss: 4.2057
  Batch 6940/10484, Loss: 3.5323
  Batch 6950/10484, Loss: 3.5024
  Batch 6960/10484, Loss: 4.0229
  Batch 6970/10484, Loss: 3.7929
  Batch 6980/10484, Loss: 3.8921
  Batch 6990/10484, Loss: 3.8307
  Batch 7000/10484, Loss: 3.2618
  Batch 7010/10484, Loss: 3.7349
  Batch 7020/10484, Loss: 4.2652
  Batch 7030/10484, Loss: 3.3595
  Batch 7040/10484, Loss: 3.7033
  Batch 7050/10484, Loss: 3.3059
  Batch 7060/10484, Loss: 3.4612
  Batch 7070/10484, Loss: 4.2893
  Batch 7080/10484, Loss: 4.1361
  Batch 7090/10484, Loss: 3.5159
  Batch 7100/10484, Loss: 3.4936
  Batch 7110/10484, Loss: 4.4175
  Batch 7120/10484, Loss: 3.7880
  Batch 7130/10484, Loss: 3.4411
  Batch 7140/10484, Loss: 4.1133
  Batch 7150/10484, Loss: 3.5975
  Batch 7160/10484, Loss: 3.7154
  Batch 7170/10484, Loss: 3.9716
  Batch 7180/10484, Loss: 3.9974
  Batch 7190/10484, Loss: 4.0278
  Batch 7200/10484, Loss: 4.5501
  Batch 7210/10484, Loss: 3.7076
  Batch 7220/10484, Loss: 3.9601
  Batch 7230/10484, Loss: 3.2276
  Batch 7240/10484, Loss: 3.8678
  Batch 7250/10484, Loss: 2.8031
  Batch 7260/10484, Loss: 3.5523
  Batch 7270/10484, Loss: 3.3428
  Batch 7280/10484, Loss: 3.4459
  Batch 7290/10484, Loss: 4.0255
  Batch 7300/10484, Loss: 3.6665
  Batch 7310/10484, Loss: 3.3753
  Batch 7320/10484, Loss: 3.7065
  Batch 7330/10484, Loss: 4.0178
  Batch 7340/10484, Loss: 3.3906
  Batch 7350/10484, Loss: 3.9638
  Batch 7360/10484, Loss: 3.6883
  Batch 7370/10484, Loss: 4.0535
  Batch 7380/10484, Loss: 3.5889
  Batch 7390/10484, Loss: 3.8681
  Batch 7400/10484, Loss: 4.6388
  Batch 7410/10484, Loss: 3.8707
  Batch 7420/10484, Loss: 3.6980
  Batch 7430/10484, Loss: 3.9756
  Batch 7440/10484, Loss: 3.6221
  Batch 7450/10484, Loss: 3.7107
  Batch 7460/10484, Loss: 3.8726
  Batch 7470/10484, Loss: 4.0752
  Batch 7480/10484, Loss: 3.8306
  Batch 7490/10484, Loss: 3.3213
  Batch 7500/10484, Loss: 4.2359
  Batch 7510/10484, Loss: 3.1816
  Batch 7520/10484, Loss: 3.7828
  Batch 7530/10484, Loss: 4.1697
  Batch 7540/10484, Loss: 3.4290
  Batch 7550/10484, Loss: 3.7996
  Batch 7560/10484, Loss: 3.9316
  Batch 7570/10484, Loss: 3.6577
  Batch 7580/10484, Loss: 2.7939
  Batch 7590/10484, Loss: 3.9698
  Batch 7600/10484, Loss: 4.1778
  Batch 7610/10484, Loss: 3.2726
  Batch 7620/10484, Loss: 3.8236
  Batch 7630/10484, Loss: 3.6794
  Batch 7640/10484, Loss: 3.7619
  Batch 7650/10484, Loss: 3.4708
  Batch 7660/10484, Loss: 3.7955
  Batch 7670/10484, Loss: 4.0353
  Batch 7680/10484, Loss: 3.5723
  Batch 7690/10484, Loss: 3.4740
  Batch 7700/10484, Loss: 3.5866
  Batch 7710/10484, Loss: 3.6029
  Batch 7720/10484, Loss: 3.0227
  Batch 7730/10484, Loss: 4.2966
  Batch 7740/10484, Loss: 3.6387
  Batch 7750/10484, Loss: 4.1927
  Batch 7760/10484, Loss: 3.2140
  Batch 7770/10484, Loss: 3.6077
  Batch 7780/10484, Loss: 4.4200
  Batch 7790/10484, Loss: 4.0423
  Batch 7800/10484, Loss: 3.0484
  Batch 7810/10484, Loss: 3.4971
  Batch 7820/10484, Loss: 3.8636
  Batch 7830/10484, Loss: 4.1495
  Batch 7840/10484, Loss: 3.8120
  Batch 7850/10484, Loss: 3.7040
  Batch 7860/10484, Loss: 3.5365
  Batch 7870/10484, Loss: 4.4824
  Batch 7880/10484, Loss: 4.7953
  Batch 7890/10484, Loss: 4.0675
  Batch 7900/10484, Loss: 3.9123
  Batch 7910/10484, Loss: 3.8420
  Batch 7920/10484, Loss: 3.2287
  Batch 7930/10484, Loss: 4.2045
  Batch 7940/10484, Loss: 3.3004
  Batch 7950/10484, Loss: 4.1473
  Batch 7960/10484, Loss: 4.3568
  Batch 7970/10484, Loss: 3.6325
  Batch 7980/10484, Loss: 3.8077
  Batch 7990/10484, Loss: 4.4678
  Batch 8000/10484, Loss: 3.9513
  Batch 8010/10484, Loss: 3.9935
  Batch 8020/10484, Loss: 3.6552
  Batch 8030/10484, Loss: 4.0874
  Batch 8040/10484, Loss: 3.4681
  Batch 8050/10484, Loss: 5.0072
  Batch 8060/10484, Loss: 4.2531
  Batch 8070/10484, Loss: 4.0851
  Batch 8080/10484, Loss: 3.9631
  Batch 8090/10484, Loss: 3.2210
  Batch 8100/10484, Loss: 3.5801
  Batch 8110/10484, Loss: 3.2758
  Batch 8120/10484, Loss: 4.1280
  Batch 8130/10484, Loss: 3.7762
  Batch 8140/10484, Loss: 3.3734
  Batch 8150/10484, Loss: 4.0346
  Batch 8160/10484, Loss: 4.6247
  Batch 8170/10484, Loss: 3.1242
  Batch 8180/10484, Loss: 3.9247
  Batch 8190/10484, Loss: 3.2290
  Batch 8200/10484, Loss: 4.0964
  Batch 8210/10484, Loss: 3.8877
  Batch 8220/10484, Loss: 4.0793
  Batch 8230/10484, Loss: 4.4197
  Batch 8240/10484, Loss: 3.8117
  Batch 8250/10484, Loss: 3.6528
  Batch 8260/10484, Loss: 3.9744
  Batch 8270/10484, Loss: 3.1642
  Batch 8280/10484, Loss: 4.2965
  Batch 8290/10484, Loss: 4.2088
  Batch 8300/10484, Loss: 4.2368
  Batch 8310/10484, Loss: 3.6381
  Batch 8320/10484, Loss: 4.2233
  Batch 8330/10484, Loss: 3.8767
  Batch 8340/10484, Loss: 4.3574
  Batch 8350/10484, Loss: 3.3706
  Batch 8360/10484, Loss: 3.7443
  Batch 8370/10484, Loss: 3.5232
  Batch 8380/10484, Loss: 4.0073
  Batch 8390/10484, Loss: 3.7616
  Batch 8400/10484, Loss: 4.1013
  Batch 8410/10484, Loss: 4.3515
  Batch 8420/10484, Loss: 3.7930
  Batch 8430/10484, Loss: 3.4768
  Batch 8440/10484, Loss: 3.8744
  Batch 8450/10484, Loss: 4.5633
  Batch 8460/10484, Loss: 3.5952
  Batch 8470/10484, Loss: 4.5320
  Batch 8480/10484, Loss: 3.3018
  Batch 8490/10484, Loss: 4.2428
  Batch 8500/10484, Loss: 3.3916
  Batch 8510/10484, Loss: 3.6604
  Batch 8520/10484, Loss: 4.5747
  Batch 8530/10484, Loss: 3.8637
  Batch 8540/10484, Loss: 3.9848
  Batch 8550/10484, Loss: 4.2352
  Batch 8560/10484, Loss: 3.2132
  Batch 8570/10484, Loss: 3.5771
  Batch 8580/10484, Loss: 3.9123
  Batch 8590/10484, Loss: 4.5490
  Batch 8600/10484, Loss: 3.9873
  Batch 8610/10484, Loss: 4.2843
  Batch 8620/10484, Loss: 3.2483
  Batch 8630/10484, Loss: 4.5447
  Batch 8640/10484, Loss: 2.8879
  Batch 8650/10484, Loss: 4.3140
  Batch 8660/10484, Loss: 4.3826
  Batch 8670/10484, Loss: 4.0592
  Batch 8680/10484, Loss: 3.9379
  Batch 8690/10484, Loss: 4.0752
  Batch 8700/10484, Loss: 3.3920
  Batch 8710/10484, Loss: 3.1957
  Batch 8720/10484, Loss: 4.0289
  Batch 8730/10484, Loss: 3.9256
  Batch 8740/10484, Loss: 4.0138
  Batch 8750/10484, Loss: 3.5295
  Batch 8760/10484, Loss: 4.0050
  Batch 8770/10484, Loss: 3.1307
  Batch 8780/10484, Loss: 4.0710
  Batch 8790/10484, Loss: 3.7357
  Batch 8800/10484, Loss: 4.2323
  Batch 8810/10484, Loss: 4.0286
  Batch 8820/10484, Loss: 2.9442
  Batch 8830/10484, Loss: 3.0857
  Batch 8840/10484, Loss: 3.8583
  Batch 8850/10484, Loss: 3.8874
  Batch 8860/10484, Loss: 3.7150
  Batch 8870/10484, Loss: 4.4703
  Batch 8880/10484, Loss: 3.7637
  Batch 8890/10484, Loss: 4.0387
  Batch 8900/10484, Loss: 4.4413
  Batch 8910/10484, Loss: 3.9012
  Batch 8920/10484, Loss: 3.6067
  Batch 8930/10484, Loss: 3.2660
  Batch 8940/10484, Loss: 4.3173
  Batch 8950/10484, Loss: 3.5734
  Batch 8960/10484, Loss: 4.0521
  Batch 8970/10484, Loss: 3.6889
  Batch 8980/10484, Loss: 4.6051
  Batch 8990/10484, Loss: 3.7614
  Batch 9000/10484, Loss: 3.9786
  Batch 9010/10484, Loss: 4.0620
  Batch 9020/10484, Loss: 4.7005
  Batch 9030/10484, Loss: 3.8830
  Batch 9040/10484, Loss: 3.8711
  Batch 9050/10484, Loss: 3.8962
  Batch 9060/10484, Loss: 3.6069
  Batch 9070/10484, Loss: 4.5078
  Batch 9080/10484, Loss: 3.7736
  Batch 9090/10484, Loss: 4.2578
  Batch 9100/10484, Loss: 3.5498
  Batch 9110/10484, Loss: 3.1225
  Batch 9120/10484, Loss: 3.1351
  Batch 9130/10484, Loss: 4.2738
  Batch 9140/10484, Loss: 3.7386
  Batch 9150/10484, Loss: 4.5025
  Batch 9160/10484, Loss: 3.3045
  Batch 9170/10484, Loss: 4.3790
  Batch 9180/10484, Loss: 4.1768
  Batch 9190/10484, Loss: 3.8474
  Batch 9200/10484, Loss: 4.4332
  Batch 9210/10484, Loss: 3.4376
  Batch 9220/10484, Loss: 4.2118
  Batch 9230/10484, Loss: 3.9004
  Batch 9240/10484, Loss: 3.8398
  Batch 9250/10484, Loss: 3.4995
  Batch 9260/10484, Loss: 3.8825
  Batch 9270/10484, Loss: 3.7822
  Batch 9280/10484, Loss: 3.7701
  Batch 9290/10484, Loss: 3.6476
  Batch 9300/10484, Loss: 3.9813
  Batch 9310/10484, Loss: 4.3580
  Batch 9320/10484, Loss: 3.9669
  Batch 9330/10484, Loss: 4.2481
  Batch 9340/10484, Loss: 4.1090
  Batch 9350/10484, Loss: 3.8312
  Batch 9360/10484, Loss: 3.0725
  Batch 9370/10484, Loss: 3.9541
  Batch 9380/10484, Loss: 4.6912
  Batch 9390/10484, Loss: 3.3698
  Batch 9400/10484, Loss: 4.3157
  Batch 9410/10484, Loss: 3.6974
  Batch 9420/10484, Loss: 3.5187
  Batch 9430/10484, Loss: 3.8306
  Batch 9440/10484, Loss: 3.9670
  Batch 9450/10484, Loss: 3.8825
  Batch 9460/10484, Loss: 3.4242
  Batch 9470/10484, Loss: 3.6234
  Batch 9480/10484, Loss: 3.7269
  Batch 9490/10484, Loss: 4.0761
  Batch 9500/10484, Loss: 3.5544
  Batch 9510/10484, Loss: 3.5503
  Batch 9520/10484, Loss: 4.3087
  Batch 9530/10484, Loss: 3.5881
  Batch 9540/10484, Loss: 4.1598
  Batch 9550/10484, Loss: 3.9560
  Batch 9560/10484, Loss: 3.3634
  Batch 9570/10484, Loss: 3.4967
  Batch 9580/10484, Loss: 3.6202
  Batch 9590/10484, Loss: 4.0817
  Batch 9600/10484, Loss: 3.7674
  Batch 9610/10484, Loss: 3.7013
  Batch 9620/10484, Loss: 3.9716
  Batch 9630/10484, Loss: 3.7059
  Batch 9640/10484, Loss: 3.7656
  Batch 9650/10484, Loss: 4.0372
  Batch 9660/10484, Loss: 4.6959
  Batch 9670/10484, Loss: 4.0514
  Batch 9680/10484, Loss: 3.4897
  Batch 9690/10484, Loss: 3.8161
  Batch 9700/10484, Loss: 3.7181
  Batch 9710/10484, Loss: 3.8953
  Batch 9720/10484, Loss: 3.9016
  Batch 9730/10484, Loss: 3.9210
  Batch 9740/10484, Loss: 4.4938
  Batch 9750/10484, Loss: 4.4193
  Batch 9760/10484, Loss: 4.0464
  Batch 9770/10484, Loss: 3.5873
  Batch 9780/10484, Loss: 3.9048
  Batch 9790/10484, Loss: 3.4577
  Batch 9800/10484, Loss: 3.7557
  Batch 9810/10484, Loss: 3.8943
  Batch 9820/10484, Loss: 4.4446
  Batch 9830/10484, Loss: 2.9823
  Batch 9840/10484, Loss: 4.1413
  Batch 9850/10484, Loss: 4.3195
  Batch 9860/10484, Loss: 3.4908
  Batch 9870/10484, Loss: 4.2091
  Batch 9880/10484, Loss: 3.8162
  Batch 9890/10484, Loss: 3.7295
  Batch 9900/10484, Loss: 4.3544
  Batch 9910/10484, Loss: 4.4534
  Batch 9920/10484, Loss: 4.3979
  Batch 9930/10484, Loss: 4.1843
  Batch 9940/10484, Loss: 3.7316
  Batch 9950/10484, Loss: 3.4452
  Batch 9960/10484, Loss: 3.0593
  Batch 9970/10484, Loss: 3.8888
  Batch 9980/10484, Loss: 4.0652
  Batch 9990/10484, Loss: 3.8905
  Batch 10000/10484, Loss: 3.7270
  Batch 10010/10484, Loss: 3.8908
  Batch 10020/10484, Loss: 3.8950
  Batch 10030/10484, Loss: 3.3245
  Batch 10040/10484, Loss: 3.9049
  Batch 10050/10484, Loss: 3.2710
  Batch 10060/10484, Loss: 3.4535
  Batch 10070/10484, Loss: 3.6982
  Batch 10080/10484, Loss: 3.5989
  Batch 10090/10484, Loss: 2.9793
  Batch 10100/10484, Loss: 3.5281
  Batch 10110/10484, Loss: 4.2748
  Batch 10120/10484, Loss: 4.4228
  Batch 10130/10484, Loss: 4.2020
  Batch 10140/10484, Loss: 3.2853
  Batch 10150/10484, Loss: 4.1285
  Batch 10160/10484, Loss: 4.0458
  Batch 10170/10484, Loss: 3.1650
  Batch 10180/10484, Loss: 4.1855
  Batch 10190/10484, Loss: 4.2006
  Batch 10200/10484, Loss: 4.4629
  Batch 10210/10484, Loss: 4.1561
  Batch 10220/10484, Loss: 4.3154
  Batch 10230/10484, Loss: 4.2266
  Batch 10240/10484, Loss: 3.9429
  Batch 10250/10484, Loss: 4.0131
  Batch 10260/10484, Loss: 3.7790
  Batch 10270/10484, Loss: 3.7180
  Batch 10280/10484, Loss: 4.2701
  Batch 10290/10484, Loss: 3.4734
  Batch 10300/10484, Loss: 3.3774
  Batch 10310/10484, Loss: 3.4356
  Batch 10320/10484, Loss: 4.2833
  Batch 10330/10484, Loss: 4.4990
  Batch 10340/10484, Loss: 3.1839
  Batch 10350/10484, Loss: 4.5709
  Batch 10360/10484, Loss: 3.6578
  Batch 10370/10484, Loss: 4.1551
  Batch 10380/10484, Loss: 3.0175
  Batch 10390/10484, Loss: 3.8082
  Batch 10400/10484, Loss: 4.4124
  Batch 10410/10484, Loss: 3.0883
  Batch 10420/10484, Loss: 3.5872
  Batch 10430/10484, Loss: 3.7395
  Batch 10440/10484, Loss: 4.2885
  Batch 10450/10484, Loss: 3.7061
  Batch 10460/10484, Loss: 3.6126
  Batch 10470/10484, Loss: 3.8664
  Batch 10480/10484, Loss: 3.1733

  Train Loss: 3.8049
  Val Loss: 6.8229
  Time: 30m 54s
  ✓ Saved checkpoint to /scratch/aitordiez/News2Stock/simple_seq2seq_fasttext/checkpoints/checkpoint_epoch_15.pt

Epoch 16/20
----------------------------------------
  Batch 10/10484, Loss: 4.2859
  Batch 20/10484, Loss: 3.5976
  Batch 30/10484, Loss: 3.7010
  Batch 40/10484, Loss: 4.3213
  Batch 50/10484, Loss: 3.0771
  Batch 60/10484, Loss: 3.6985
  Batch 70/10484, Loss: 3.7174
  Batch 80/10484, Loss: 3.6118
  Batch 90/10484, Loss: 3.7364
  Batch 100/10484, Loss: 3.8571
  Batch 110/10484, Loss: 4.4730
  Batch 120/10484, Loss: 4.0466
  Batch 130/10484, Loss: 4.4851
  Batch 140/10484, Loss: 3.8546
  Batch 150/10484, Loss: 3.3934
  Batch 160/10484, Loss: 3.0045
  Batch 170/10484, Loss: 3.7495
  Batch 180/10484, Loss: 3.8549
  Batch 190/10484, Loss: 3.5737
  Batch 200/10484, Loss: 3.7356
  Batch 210/10484, Loss: 4.2005
  Batch 220/10484, Loss: 3.5950
  Batch 230/10484, Loss: 4.2890
  Batch 240/10484, Loss: 3.1474
  Batch 250/10484, Loss: 3.4216
  Batch 260/10484, Loss: 4.1548
  Batch 270/10484, Loss: 3.3874
  Batch 280/10484, Loss: 3.4058
  Batch 290/10484, Loss: 3.7660
  Batch 300/10484, Loss: 3.3210
  Batch 310/10484, Loss: 3.8444
  Batch 320/10484, Loss: 2.8183
  Batch 330/10484, Loss: 3.3159
  Batch 340/10484, Loss: 3.3990
  Batch 350/10484, Loss: 3.4858
  Batch 360/10484, Loss: 3.7760
  Batch 370/10484, Loss: 3.8917
  Batch 380/10484, Loss: 3.7087
  Batch 390/10484, Loss: 3.0058
  Batch 400/10484, Loss: 3.9465
  Batch 410/10484, Loss: 3.0127
  Batch 420/10484, Loss: 3.6200
  Batch 430/10484, Loss: 4.3508
  Batch 440/10484, Loss: 3.9352
  Batch 450/10484, Loss: 4.2029
  Batch 460/10484, Loss: 3.7686
  Batch 470/10484, Loss: 3.0857
  Batch 480/10484, Loss: 4.2631
  Batch 490/10484, Loss: 3.7521
  Batch 500/10484, Loss: 4.0728
  Batch 510/10484, Loss: 3.8812
  Batch 520/10484, Loss: 3.0308
  Batch 530/10484, Loss: 3.4694
  Batch 540/10484, Loss: 3.5716
  Batch 550/10484, Loss: 3.5933
  Batch 560/10484, Loss: 3.8295
  Batch 570/10484, Loss: 3.6535
  Batch 580/10484, Loss: 3.4732
  Batch 590/10484, Loss: 3.8074
  Batch 600/10484, Loss: 3.8104
  Batch 610/10484, Loss: 3.9948
  Batch 620/10484, Loss: 3.9436
  Batch 630/10484, Loss: 3.3726
  Batch 640/10484, Loss: 3.6980
  Batch 650/10484, Loss: 3.2466
  Batch 660/10484, Loss: 3.9102
  Batch 670/10484, Loss: 4.1427
  Batch 680/10484, Loss: 3.7389
  Batch 690/10484, Loss: 3.7267
  Batch 700/10484, Loss: 3.0873
  Batch 710/10484, Loss: 3.1853
  Batch 720/10484, Loss: 3.4645
  Batch 730/10484, Loss: 3.3655
  Batch 740/10484, Loss: 3.4406
  Batch 750/10484, Loss: 3.5465
  Batch 760/10484, Loss: 3.8502
  Batch 770/10484, Loss: 3.5318
  Batch 780/10484, Loss: 3.8270
  Batch 790/10484, Loss: 4.3942
  Batch 800/10484, Loss: 4.2816
  Batch 810/10484, Loss: 3.9306
  Batch 820/10484, Loss: 4.0845
  Batch 830/10484, Loss: 3.4042
  Batch 840/10484, Loss: 3.4814
  Batch 850/10484, Loss: 3.7712
  Batch 860/10484, Loss: 3.0400
  Batch 870/10484, Loss: 3.5002
  Batch 880/10484, Loss: 4.1001
  Batch 890/10484, Loss: 3.2321
  Batch 900/10484, Loss: 4.1465
  Batch 910/10484, Loss: 3.3081
  Batch 920/10484, Loss: 3.5009
  Batch 930/10484, Loss: 3.8211
  Batch 940/10484, Loss: 3.6978
  Batch 950/10484, Loss: 3.4310
  Batch 960/10484, Loss: 3.8430
  Batch 970/10484, Loss: 3.3611
  Batch 980/10484, Loss: 3.3903
  Batch 990/10484, Loss: 3.4295
  Batch 1000/10484, Loss: 3.4989
  Batch 1010/10484, Loss: 3.6553
  Batch 1020/10484, Loss: 3.3723
  Batch 1030/10484, Loss: 3.2993
  Batch 1040/10484, Loss: 4.0678
  Batch 1050/10484, Loss: 3.6137
  Batch 1060/10484, Loss: 4.0305
  Batch 1070/10484, Loss: 3.6591
  Batch 1080/10484, Loss: 3.5953
  Batch 1090/10484, Loss: 3.9770
  Batch 1100/10484, Loss: 3.3403
  Batch 1110/10484, Loss: 3.9167
  Batch 1120/10484, Loss: 3.6299
  Batch 1130/10484, Loss: 4.6418
  Batch 1140/10484, Loss: 3.6449
  Batch 1150/10484, Loss: 3.5483
  Batch 1160/10484, Loss: 3.8311
  Batch 1170/10484, Loss: 3.5870
  Batch 1180/10484, Loss: 3.6032
  Batch 1190/10484, Loss: 3.8417
  Batch 1200/10484, Loss: 3.7563
  Batch 1210/10484, Loss: 3.3932
  Batch 1220/10484, Loss: 3.7657
  Batch 1230/10484, Loss: 3.4504
  Batch 1240/10484, Loss: 3.7963
  Batch 1250/10484, Loss: 3.6730
  Batch 1260/10484, Loss: 3.8876
  Batch 1270/10484, Loss: 3.4802
  Batch 1280/10484, Loss: 3.5344
  Batch 1290/10484, Loss: 4.0037
  Batch 1300/10484, Loss: 4.4975
  Batch 1310/10484, Loss: 4.2664
  Batch 1320/10484, Loss: 3.4750
  Batch 1330/10484, Loss: 3.4963
  Batch 1340/10484, Loss: 4.1741
  Batch 1350/10484, Loss: 4.0518
  Batch 1360/10484, Loss: 3.0596
  Batch 1370/10484, Loss: 3.8071
  Batch 1380/10484, Loss: 3.5543
  Batch 1390/10484, Loss: 4.0927
  Batch 1400/10484, Loss: 3.6485
  Batch 1410/10484, Loss: 3.8627
  Batch 1420/10484, Loss: 3.4116
  Batch 1430/10484, Loss: 4.0470
  Batch 1440/10484, Loss: 3.8749
  Batch 1450/10484, Loss: 4.6141
  Batch 1460/10484, Loss: 3.8982
  Batch 1470/10484, Loss: 3.6697
  Batch 1480/10484, Loss: 3.9021
  Batch 1490/10484, Loss: 4.1797
  Batch 1500/10484, Loss: 3.9474
  Batch 1510/10484, Loss: 3.7675
  Batch 1520/10484, Loss: 4.0279
  Batch 1530/10484, Loss: 3.1643
  Batch 1540/10484, Loss: 3.9586
  Batch 1550/10484, Loss: 3.9270
  Batch 1560/10484, Loss: 3.8137
  Batch 1570/10484, Loss: 3.6973
  Batch 1580/10484, Loss: 3.3422
  Batch 1590/10484, Loss: 4.0802
  Batch 1600/10484, Loss: 3.8475
  Batch 1610/10484, Loss: 4.1929
  Batch 1620/10484, Loss: 3.6704
  Batch 1630/10484, Loss: 4.1396
  Batch 1640/10484, Loss: 3.9852
  Batch 1650/10484, Loss: 2.8965
  Batch 1660/10484, Loss: 3.8134
  Batch 1670/10484, Loss: 3.1932
  Batch 1680/10484, Loss: 3.6710
  Batch 1690/10484, Loss: 3.9506
  Batch 1700/10484, Loss: 3.6935
  Batch 1710/10484, Loss: 3.6705
  Batch 1720/10484, Loss: 3.8312
  Batch 1730/10484, Loss: 3.6146
  Batch 1740/10484, Loss: 3.9627
  Batch 1750/10484, Loss: 3.4793
  Batch 1760/10484, Loss: 3.9723
  Batch 1770/10484, Loss: 3.7048
  Batch 1780/10484, Loss: 4.0674
  Batch 1790/10484, Loss: 3.3956
  Batch 1800/10484, Loss: 3.9543
  Batch 1810/10484, Loss: 3.1369
  Batch 1820/10484, Loss: 4.1092
  Batch 1830/10484, Loss: 3.7821
  Batch 1840/10484, Loss: 3.3638
  Batch 1850/10484, Loss: 3.9857
  Batch 1860/10484, Loss: 4.0553
  Batch 1870/10484, Loss: 3.8807
  Batch 1880/10484, Loss: 3.5398
  Batch 1890/10484, Loss: 4.0064
  Batch 1900/10484, Loss: 3.4988
  Batch 1910/10484, Loss: 3.5429
  Batch 1920/10484, Loss: 3.5258
  Batch 1930/10484, Loss: 3.2521
  Batch 1940/10484, Loss: 3.7877
  Batch 1950/10484, Loss: 4.0605
  Batch 1960/10484, Loss: 4.0811
  Batch 1970/10484, Loss: 4.2255
  Batch 1980/10484, Loss: 3.4757
  Batch 1990/10484, Loss: 3.9483
  Batch 2000/10484, Loss: 3.5462
  Batch 2010/10484, Loss: 4.0480
  Batch 2020/10484, Loss: 4.0515
  Batch 2030/10484, Loss: 3.4606
  Batch 2040/10484, Loss: 3.7841
  Batch 2050/10484, Loss: 3.4624
  Batch 2060/10484, Loss: 3.9771
  Batch 2070/10484, Loss: 3.8593
  Batch 2080/10484, Loss: 3.6232
  Batch 2090/10484, Loss: 3.0274
  Batch 2100/10484, Loss: 3.9058
  Batch 2110/10484, Loss: 3.6437
  Batch 2120/10484, Loss: 4.1539
  Batch 2130/10484, Loss: 3.9155
  Batch 2140/10484, Loss: 4.0505
  Batch 2150/10484, Loss: 3.7188
  Batch 2160/10484, Loss: 4.0840
  Batch 2170/10484, Loss: 4.0298
  Batch 2180/10484, Loss: 4.2509
  Batch 2190/10484, Loss: 3.5071
  Batch 2200/10484, Loss: 3.6689
  Batch 2210/10484, Loss: 3.8253
  Batch 2220/10484, Loss: 3.0344
  Batch 2230/10484, Loss: 3.6565
  Batch 2240/10484, Loss: 3.8412
  Batch 2250/10484, Loss: 3.6919
  Batch 2260/10484, Loss: 3.3504
  Batch 2270/10484, Loss: 4.1388
  Batch 2280/10484, Loss: 3.8015
  Batch 2290/10484, Loss: 3.2568
  Batch 2300/10484, Loss: 3.8276
  Batch 2310/10484, Loss: 4.2445
  Batch 2320/10484, Loss: 2.8682
  Batch 2330/10484, Loss: 4.1163
  Batch 2340/10484, Loss: 3.7191
  Batch 2350/10484, Loss: 4.3645
  Batch 2360/10484, Loss: 4.0381
  Batch 2370/10484, Loss: 3.6834
  Batch 2380/10484, Loss: 3.4693
  Batch 2390/10484, Loss: 4.4039
  Batch 2400/10484, Loss: 4.0968
  Batch 2410/10484, Loss: 3.4643
  Batch 2420/10484, Loss: 3.5561
  Batch 2430/10484, Loss: 3.4439
  Batch 2440/10484, Loss: 3.6571
  Batch 2450/10484, Loss: 3.4836
  Batch 2460/10484, Loss: 3.7501
  Batch 2470/10484, Loss: 3.7295
  Batch 2480/10484, Loss: 3.8166
  Batch 2490/10484, Loss: 3.8764
  Batch 2500/10484, Loss: 4.0285
  Batch 2510/10484, Loss: 3.9191
  Batch 2520/10484, Loss: 3.7227
  Batch 2530/10484, Loss: 3.9538
  Batch 2540/10484, Loss: 3.5999
  Batch 2550/10484, Loss: 3.6089
  Batch 2560/10484, Loss: 3.8406
  Batch 2570/10484, Loss: 4.5406
  Batch 2580/10484, Loss: 3.8720
  Batch 2590/10484, Loss: 3.0329
  Batch 2600/10484, Loss: 2.8401
  Batch 2610/10484, Loss: 4.0151
  Batch 2620/10484, Loss: 3.7915
  Batch 2630/10484, Loss: 3.6826
  Batch 2640/10484, Loss: 3.8337
  Batch 2650/10484, Loss: 4.2881
  Batch 2660/10484, Loss: 3.5101
  Batch 2670/10484, Loss: 3.6154
  Batch 2680/10484, Loss: 3.6373
  Batch 2690/10484, Loss: 3.6775
  Batch 2700/10484, Loss: 4.6249
  Batch 2710/10484, Loss: 4.0055
  Batch 2720/10484, Loss: 3.8464
  Batch 2730/10484, Loss: 4.0995
  Batch 2740/10484, Loss: 3.5007
  Batch 2750/10484, Loss: 2.9200
  Batch 2760/10484, Loss: 3.6994
  Batch 2770/10484, Loss: 3.5929
  Batch 2780/10484, Loss: 3.9839
  Batch 2790/10484, Loss: 3.2549
  Batch 2800/10484, Loss: 3.1375
  Batch 2810/10484, Loss: 4.0312
  Batch 2820/10484, Loss: 4.0227
  Batch 2830/10484, Loss: 3.9454
  Batch 2840/10484, Loss: 4.1818
  Batch 2850/10484, Loss: 3.8127
  Batch 2860/10484, Loss: 3.8884
  Batch 2870/10484, Loss: 3.7824
  Batch 2880/10484, Loss: 3.6313
  Batch 2890/10484, Loss: 4.2418
  Batch 2900/10484, Loss: 3.3187
  Batch 2910/10484, Loss: 3.7880
  Batch 2920/10484, Loss: 3.7708
  Batch 2930/10484, Loss: 3.5132
  Batch 2940/10484, Loss: 3.5767
  Batch 2950/10484, Loss: 3.5159
  Batch 2960/10484, Loss: 4.1160
  Batch 2970/10484, Loss: 3.5424
  Batch 2980/10484, Loss: 4.3325
  Batch 2990/10484, Loss: 3.7322
  Batch 3000/10484, Loss: 3.6730
  Batch 3010/10484, Loss: 3.9876
  Batch 3020/10484, Loss: 3.4039
  Batch 3030/10484, Loss: 4.1476
  Batch 3040/10484, Loss: 3.7086
  Batch 3050/10484, Loss: 3.9650
  Batch 3060/10484, Loss: 3.9122
  Batch 3070/10484, Loss: 3.4170
  Batch 3080/10484, Loss: 3.5802
  Batch 3090/10484, Loss: 3.3581
  Batch 3100/10484, Loss: 3.5732
  Batch 3110/10484, Loss: 3.5329
  Batch 3120/10484, Loss: 3.8767
  Batch 3130/10484, Loss: 3.9803
  Batch 3140/10484, Loss: 3.3317
  Batch 3150/10484, Loss: 3.8009
  Batch 3160/10484, Loss: 4.0341
  Batch 3170/10484, Loss: 3.8625
  Batch 3180/10484, Loss: 3.4963
  Batch 3190/10484, Loss: 3.9293
  Batch 3200/10484, Loss: 3.9945
  Batch 3210/10484, Loss: 3.2314
  Batch 3220/10484, Loss: 3.4407
  Batch 3230/10484, Loss: 2.9865
  Batch 3240/10484, Loss: 3.8242
  Batch 3250/10484, Loss: 3.7731
  Batch 3260/10484, Loss: 3.5434
  Batch 3270/10484, Loss: 3.2458
  Batch 3280/10484, Loss: 3.6594
  Batch 3290/10484, Loss: 3.7505
  Batch 3300/10484, Loss: 3.4661
  Batch 3310/10484, Loss: 3.8051
  Batch 3320/10484, Loss: 4.3149
  Batch 3330/10484, Loss: 3.1638
  Batch 3340/10484, Loss: 3.6478
  Batch 3350/10484, Loss: 3.0215
  Batch 3360/10484, Loss: 4.0639
  Batch 3370/10484, Loss: 4.3711
  Batch 3380/10484, Loss: 3.9413
  Batch 3390/10484, Loss: 3.8974
  Batch 3400/10484, Loss: 3.6743
  Batch 3410/10484, Loss: 4.0943
  Batch 3420/10484, Loss: 3.3818
  Batch 3430/10484, Loss: 2.5180
  Batch 3440/10484, Loss: 3.6110
  Batch 3450/10484, Loss: 3.9067
  Batch 3460/10484, Loss: 4.4151
  Batch 3470/10484, Loss: 4.3967
  Batch 3480/10484, Loss: 3.7288
  Batch 3490/10484, Loss: 3.7798
  Batch 3500/10484, Loss: 4.1809
  Batch 3510/10484, Loss: 4.2876
  Batch 3520/10484, Loss: 3.8445
  Batch 3530/10484, Loss: 3.8079
  Batch 3540/10484, Loss: 4.3285
  Batch 3550/10484, Loss: 3.9227
  Batch 3560/10484, Loss: 3.3556
  Batch 3570/10484, Loss: 3.5310
  Batch 3580/10484, Loss: 4.4624
  Batch 3590/10484, Loss: 3.7053
  Batch 3600/10484, Loss: 3.6826
  Batch 3610/10484, Loss: 3.6224
  Batch 3620/10484, Loss: 3.4952
  Batch 3630/10484, Loss: 3.2327
  Batch 3640/10484, Loss: 3.6219
  Batch 3650/10484, Loss: 3.5945
  Batch 3660/10484, Loss: 4.0697
  Batch 3670/10484, Loss: 3.9252
  Batch 3680/10484, Loss: 4.0170
  Batch 3690/10484, Loss: 3.6582
  Batch 3700/10484, Loss: 3.2598
  Batch 3710/10484, Loss: 3.7561
  Batch 3720/10484, Loss: 4.0226
  Batch 3730/10484, Loss: 3.5624
  Batch 3740/10484, Loss: 3.5891
  Batch 3750/10484, Loss: 3.8251
  Batch 3760/10484, Loss: 3.3094
  Batch 3770/10484, Loss: 3.4703
  Batch 3780/10484, Loss: 3.6447
  Batch 3790/10484, Loss: 3.6820
  Batch 3800/10484, Loss: 3.3243
  Batch 3810/10484, Loss: 3.5003
  Batch 3820/10484, Loss: 4.1816
  Batch 3830/10484, Loss: 3.8681
  Batch 3840/10484, Loss: 3.7414
  Batch 3850/10484, Loss: 3.7611
  Batch 3860/10484, Loss: 2.8876
  Batch 3870/10484, Loss: 3.8267
  Batch 3880/10484, Loss: 3.8915
  Batch 3890/10484, Loss: 3.4712
  Batch 3900/10484, Loss: 3.7033
  Batch 3910/10484, Loss: 3.1793
  Batch 3920/10484, Loss: 3.6672
  Batch 3930/10484, Loss: 3.6563
  Batch 3940/10484, Loss: 3.1370
  Batch 3950/10484, Loss: 4.4531
  Batch 3960/10484, Loss: 4.0196
  Batch 3970/10484, Loss: 3.1560
  Batch 3980/10484, Loss: 3.5242
  Batch 3990/10484, Loss: 3.5956
  Batch 4000/10484, Loss: 3.9621
  Batch 4010/10484, Loss: 4.1440
  Batch 4020/10484, Loss: 4.3484
  Batch 4030/10484, Loss: 3.7345
  Batch 4040/10484, Loss: 4.3046
  Batch 4050/10484, Loss: 3.7860
  Batch 4060/10484, Loss: 3.8309
  Batch 4070/10484, Loss: 3.7869
  Batch 4080/10484, Loss: 3.8648
  Batch 4090/10484, Loss: 3.8270
  Batch 4100/10484, Loss: 3.9107
  Batch 4110/10484, Loss: 3.5746
  Batch 4120/10484, Loss: 3.9278
  Batch 4130/10484, Loss: 3.6820
  Batch 4140/10484, Loss: 3.6792
  Batch 4150/10484, Loss: 3.5397
  Batch 4160/10484, Loss: 3.4949
  Batch 4170/10484, Loss: 3.4690
  Batch 4180/10484, Loss: 4.2412
  Batch 4190/10484, Loss: 3.8943
  Batch 4200/10484, Loss: 3.8669
  Batch 4210/10484, Loss: 3.3763
  Batch 4220/10484, Loss: 4.4483
  Batch 4230/10484, Loss: 3.9151
  Batch 4240/10484, Loss: 4.2635
  Batch 4250/10484, Loss: 3.5333
  Batch 4260/10484, Loss: 3.5725
  Batch 4270/10484, Loss: 3.9595
  Batch 4280/10484, Loss: 3.1046
  Batch 4290/10484, Loss: 3.4937
  Batch 4300/10484, Loss: 3.6427
  Batch 4310/10484, Loss: 3.8529
  Batch 4320/10484, Loss: 3.8652
  Batch 4330/10484, Loss: 3.6712
  Batch 4340/10484, Loss: 3.5801
  Batch 4350/10484, Loss: 3.7222
  Batch 4360/10484, Loss: 3.9580
  Batch 4370/10484, Loss: 3.8265
  Batch 4380/10484, Loss: 3.3320
  Batch 4390/10484, Loss: 3.5811
  Batch 4400/10484, Loss: 3.6794
  Batch 4410/10484, Loss: 3.9158
  Batch 4420/10484, Loss: 3.6114
  Batch 4430/10484, Loss: 4.1996
  Batch 4440/10484, Loss: 3.9694
  Batch 4450/10484, Loss: 3.9904
  Batch 4460/10484, Loss: 3.9126
  Batch 4470/10484, Loss: 4.5113
  Batch 4480/10484, Loss: 3.9435
  Batch 4490/10484, Loss: 3.7604
  Batch 4500/10484, Loss: 3.6294
  Batch 4510/10484, Loss: 3.9029
  Batch 4520/10484, Loss: 3.8349
  Batch 4530/10484, Loss: 3.5313
  Batch 4540/10484, Loss: 3.5905
  Batch 4550/10484, Loss: 4.3711
  Batch 4560/10484, Loss: 3.5694
  Batch 4570/10484, Loss: 3.8994
  Batch 4580/10484, Loss: 4.2987
  Batch 4590/10484, Loss: 3.7958
  Batch 4600/10484, Loss: 4.3591
  Batch 4610/10484, Loss: 4.0205
  Batch 4620/10484, Loss: 3.7495
  Batch 4630/10484, Loss: 3.7987
  Batch 4640/10484, Loss: 3.3746
  Batch 4650/10484, Loss: 3.9513
  Batch 4660/10484, Loss: 3.6101
  Batch 4670/10484, Loss: 4.0696
  Batch 4680/10484, Loss: 4.2571
  Batch 4690/10484, Loss: 4.1962
  Batch 4700/10484, Loss: 3.8607
  Batch 4710/10484, Loss: 3.8141
  Batch 4720/10484, Loss: 3.7088
  Batch 4730/10484, Loss: 2.9093
  Batch 4740/10484, Loss: 3.5468
  Batch 4750/10484, Loss: 3.9138
  Batch 4760/10484, Loss: 3.6116
  Batch 4770/10484, Loss: 3.3377
  Batch 4780/10484, Loss: 4.1186
  Batch 4790/10484, Loss: 3.9855
  Batch 4800/10484, Loss: 4.5863
  Batch 4810/10484, Loss: 3.1593
  Batch 4820/10484, Loss: 3.9451
  Batch 4830/10484, Loss: 4.2315
  Batch 4840/10484, Loss: 4.1662
  Batch 4850/10484, Loss: 4.1590
  Batch 4860/10484, Loss: 3.6124
  Batch 4870/10484, Loss: 3.8493
  Batch 4880/10484, Loss: 3.8652
  Batch 4890/10484, Loss: 3.6835
  Batch 4900/10484, Loss: 3.9817
  Batch 4910/10484, Loss: 3.9667
  Batch 4920/10484, Loss: 4.0079
  Batch 4930/10484, Loss: 3.9015
  Batch 4940/10484, Loss: 4.0139
  Batch 4950/10484, Loss: 4.1168
  Batch 4960/10484, Loss: 3.9575
  Batch 4970/10484, Loss: 4.1270
  Batch 4980/10484, Loss: 3.4914
  Batch 4990/10484, Loss: 3.4236
  Batch 5000/10484, Loss: 3.9011
  Batch 5010/10484, Loss: 3.8358
  Batch 5020/10484, Loss: 4.1381
  Batch 5030/10484, Loss: 3.9314
  Batch 5040/10484, Loss: 3.7945
  Batch 5050/10484, Loss: 4.1657
  Batch 5060/10484, Loss: 3.6798
  Batch 5070/10484, Loss: 3.6388
  Batch 5080/10484, Loss: 3.4643
  Batch 5090/10484, Loss: 3.7504
  Batch 5100/10484, Loss: 4.4864
  Batch 5110/10484, Loss: 3.5486
  Batch 5120/10484, Loss: 3.6582
  Batch 5130/10484, Loss: 3.4557
  Batch 5140/10484, Loss: 3.6654
  Batch 5150/10484, Loss: 3.3344
  Batch 5160/10484, Loss: 3.6796
  Batch 5170/10484, Loss: 3.2728
  Batch 5180/10484, Loss: 4.1060
  Batch 5190/10484, Loss: 2.8652
  Batch 5200/10484, Loss: 3.5054
  Batch 5210/10484, Loss: 3.4219
  Batch 5220/10484, Loss: 3.3583
  Batch 5230/10484, Loss: 3.7980
  Batch 5240/10484, Loss: 4.3093
  Batch 5250/10484, Loss: 3.8846
  Batch 5260/10484, Loss: 3.8606
  Batch 5270/10484, Loss: 3.9433
  Batch 5280/10484, Loss: 3.9845
  Batch 5290/10484, Loss: 3.3711
  Batch 5300/10484, Loss: 3.7032
  Batch 5310/10484, Loss: 3.4805
  Batch 5320/10484, Loss: 3.4003
  Batch 5330/10484, Loss: 3.2109
  Batch 5340/10484, Loss: 3.6966
  Batch 5350/10484, Loss: 4.1818
  Batch 5360/10484, Loss: 4.3253
  Batch 5370/10484, Loss: 3.5896
  Batch 5380/10484, Loss: 3.8581
  Batch 5390/10484, Loss: 2.8709
  Batch 5400/10484, Loss: 3.8073
  Batch 5410/10484, Loss: 3.8207
  Batch 5420/10484, Loss: 3.7127
  Batch 5430/10484, Loss: 3.9200
  Batch 5440/10484, Loss: 3.9815
  Batch 5450/10484, Loss: 3.9466
  Batch 5460/10484, Loss: 4.1176
  Batch 5470/10484, Loss: 3.6674
  Batch 5480/10484, Loss: 3.8505
  Batch 5490/10484, Loss: 3.9435
  Batch 5500/10484, Loss: 3.7534
  Batch 5510/10484, Loss: 3.1219
  Batch 5520/10484, Loss: 3.8517
  Batch 5530/10484, Loss: 3.3576
  Batch 5540/10484, Loss: 3.3797
  Batch 5550/10484, Loss: 4.3383
  Batch 5560/10484, Loss: 3.5063
  Batch 5570/10484, Loss: 3.9933
  Batch 5580/10484, Loss: 3.7719
  Batch 5590/10484, Loss: 3.4383
  Batch 5600/10484, Loss: 3.2193
  Batch 5610/10484, Loss: 3.2710
  Batch 5620/10484, Loss: 4.1327
  Batch 5630/10484, Loss: 3.4557
  Batch 5640/10484, Loss: 3.7152
  Batch 5650/10484, Loss: 3.7451
  Batch 5660/10484, Loss: 3.8604
  Batch 5670/10484, Loss: 3.4002
  Batch 5680/10484, Loss: 3.9581
  Batch 5690/10484, Loss: 3.4963
  Batch 5700/10484, Loss: 4.2909
  Batch 5710/10484, Loss: 4.0015
  Batch 5720/10484, Loss: 2.9939
  Batch 5730/10484, Loss: 3.9346
  Batch 5740/10484, Loss: 3.0428
  Batch 5750/10484, Loss: 3.9554
  Batch 5760/10484, Loss: 3.9234
  Batch 5770/10484, Loss: 2.7537
  Batch 5780/10484, Loss: 3.7051
  Batch 5790/10484, Loss: 3.9387
  Batch 5800/10484, Loss: 4.0508
  Batch 5810/10484, Loss: 4.1570
  Batch 5820/10484, Loss: 4.0812
  Batch 5830/10484, Loss: 3.6327
  Batch 5840/10484, Loss: 4.4076
  Batch 5850/10484, Loss: 3.9738
  Batch 5860/10484, Loss: 3.5671
  Batch 5870/10484, Loss: 3.7858
  Batch 5880/10484, Loss: 4.3211
  Batch 5890/10484, Loss: 4.1971
  Batch 5900/10484, Loss: 2.9972
  Batch 5910/10484, Loss: 3.7667
  Batch 5920/10484, Loss: 3.8552
  Batch 5930/10484, Loss: 4.1579
  Batch 5940/10484, Loss: 4.5085
  Batch 5950/10484, Loss: 3.4665
  Batch 5960/10484, Loss: 4.0654
  Batch 5970/10484, Loss: 3.1747
  Batch 5980/10484, Loss: 4.0411
  Batch 5990/10484, Loss: 4.3731
  Batch 6000/10484, Loss: 3.6737
  Batch 6010/10484, Loss: 3.8447
  Batch 6020/10484, Loss: 3.6112
  Batch 6030/10484, Loss: 3.9126
  Batch 6040/10484, Loss: 4.3680
  Batch 6050/10484, Loss: 3.8137
  Batch 6060/10484, Loss: 3.8083
  Batch 6070/10484, Loss: 4.0060
  Batch 6080/10484, Loss: 4.1819
  Batch 6090/10484, Loss: 4.3552
  Batch 6100/10484, Loss: 4.0396
  Batch 6110/10484, Loss: 3.7863
  Batch 6120/10484, Loss: 4.3393
  Batch 6130/10484, Loss: 3.4474
  Batch 6140/10484, Loss: 3.2833
  Batch 6150/10484, Loss: 3.6892
  Batch 6160/10484, Loss: 4.0979
  Batch 6170/10484, Loss: 3.6289
  Batch 6180/10484, Loss: 4.2062
  Batch 6190/10484, Loss: 3.5155
  Batch 6200/10484, Loss: 3.6934
  Batch 6210/10484, Loss: 3.6088
  Batch 6220/10484, Loss: 3.8829
  Batch 6230/10484, Loss: 3.8894
  Batch 6240/10484, Loss: 4.3143
  Batch 6250/10484, Loss: 4.0311
  Batch 6260/10484, Loss: 3.6675
  Batch 6270/10484, Loss: 4.0543
  Batch 6280/10484, Loss: 3.7249
  Batch 6290/10484, Loss: 4.0597
  Batch 6300/10484, Loss: 3.5140
  Batch 6310/10484, Loss: 3.8765
  Batch 6320/10484, Loss: 4.0572
  Batch 6330/10484, Loss: 3.4951
  Batch 6340/10484, Loss: 3.9404
  Batch 6350/10484, Loss: 3.5399
  Batch 6360/10484, Loss: 3.8169
  Batch 6370/10484, Loss: 3.3773
  Batch 6380/10484, Loss: 3.2668
  Batch 6390/10484, Loss: 3.5198
  Batch 6400/10484, Loss: 3.3397
  Batch 6410/10484, Loss: 4.2686
  Batch 6420/10484, Loss: 4.0117
  Batch 6430/10484, Loss: 3.7831
  Batch 6440/10484, Loss: 4.0435
  Batch 6450/10484, Loss: 3.5748
  Batch 6460/10484, Loss: 3.6285
  Batch 6470/10484, Loss: 3.5219
  Batch 6480/10484, Loss: 4.6751
  Batch 6490/10484, Loss: 3.5091
  Batch 6500/10484, Loss: 3.6498
  Batch 6510/10484, Loss: 3.4542
  Batch 6520/10484, Loss: 4.7851
  Batch 6530/10484, Loss: 3.6167
  Batch 6540/10484, Loss: 3.4704
  Batch 6550/10484, Loss: 4.4770
  Batch 6560/10484, Loss: 4.1234
  Batch 6570/10484, Loss: 4.2587
  Batch 6580/10484, Loss: 3.9367
  Batch 6590/10484, Loss: 4.1147
  Batch 6600/10484, Loss: 4.2619
  Batch 6610/10484, Loss: 3.9811
  Batch 6620/10484, Loss: 3.8310
  Batch 6630/10484, Loss: 3.1719
  Batch 6640/10484, Loss: 4.5648
  Batch 6650/10484, Loss: 4.0437
  Batch 6660/10484, Loss: 3.2517
  Batch 6670/10484, Loss: 4.3849
  Batch 6680/10484, Loss: 3.9802
  Batch 6690/10484, Loss: 4.0058
  Batch 6700/10484, Loss: 3.9657
  Batch 6710/10484, Loss: 4.1157
  Batch 6720/10484, Loss: 3.7403
  Batch 6730/10484, Loss: 4.3684
  Batch 6740/10484, Loss: 3.8076
  Batch 6750/10484, Loss: 3.9193
  Batch 6760/10484, Loss: 3.8616
  Batch 6770/10484, Loss: 4.0597
  Batch 6780/10484, Loss: 3.9159
  Batch 6790/10484, Loss: 3.5479
  Batch 6800/10484, Loss: 3.6926
  Batch 6810/10484, Loss: 3.0168
  Batch 6820/10484, Loss: 3.7569
  Batch 6830/10484, Loss: 4.4342
  Batch 6840/10484, Loss: 3.3334
  Batch 6850/10484, Loss: 4.0710
  Batch 6860/10484, Loss: 3.8305
  Batch 6870/10484, Loss: 3.6325
  Batch 6880/10484, Loss: 4.3322
  Batch 6890/10484, Loss: 3.3997
  Batch 6900/10484, Loss: 3.8594
  Batch 6910/10484, Loss: 3.7144
  Batch 6920/10484, Loss: 3.3316
  Batch 6930/10484, Loss: 3.7476
  Batch 6940/10484, Loss: 4.1099
  Batch 6950/10484, Loss: 4.0640
  Batch 6960/10484, Loss: 3.5623
  Batch 6970/10484, Loss: 4.0046
  Batch 6980/10484, Loss: 4.1101
  Batch 6990/10484, Loss: 4.1540
  Batch 7000/10484, Loss: 3.8086
  Batch 7010/10484, Loss: 4.3245
  Batch 7020/10484, Loss: 4.3210
  Batch 7030/10484, Loss: 4.2974
  Batch 7040/10484, Loss: 3.2126
  Batch 7050/10484, Loss: 3.8667
  Batch 7060/10484, Loss: 4.4143
  Batch 7070/10484, Loss: 3.8490
  Batch 7080/10484, Loss: 3.7550
  Batch 7090/10484, Loss: 3.8255
  Batch 7100/10484, Loss: 2.9307
  Batch 7110/10484, Loss: 4.2678
  Batch 7120/10484, Loss: 4.0062
  Batch 7130/10484, Loss: 4.1295
  Batch 7140/10484, Loss: 3.8329
  Batch 7150/10484, Loss: 3.1241
  Batch 7160/10484, Loss: 3.8256
  Batch 7170/10484, Loss: 3.7214
  Batch 7180/10484, Loss: 3.6533
  Batch 7190/10484, Loss: 4.2962
  Batch 7200/10484, Loss: 4.3857
  Batch 7210/10484, Loss: 3.5415
  Batch 7220/10484, Loss: 3.6069
  Batch 7230/10484, Loss: 3.9803
  Batch 7240/10484, Loss: 3.6792
  Batch 7250/10484, Loss: 3.5497
  Batch 7260/10484, Loss: 4.1497
  Batch 7270/10484, Loss: 4.2102
  Batch 7280/10484, Loss: 4.0654
  Batch 7290/10484, Loss: 3.5155
  Batch 7300/10484, Loss: 3.9562
  Batch 7310/10484, Loss: 3.2138
  Batch 7320/10484, Loss: 4.0326
  Batch 7330/10484, Loss: 4.0818
  Batch 7340/10484, Loss: 4.1503
  Batch 7350/10484, Loss: 4.9493
  Batch 7360/10484, Loss: 4.0152
  Batch 7370/10484, Loss: 3.7242
  Batch 7380/10484, Loss: 4.0092
  Batch 7390/10484, Loss: 4.0641
  Batch 7400/10484, Loss: 4.1093
  Batch 7410/10484, Loss: 4.3007
  Batch 7420/10484, Loss: 3.5246
  Batch 7430/10484, Loss: 3.4161
  Batch 7440/10484, Loss: 4.0100
  Batch 7450/10484, Loss: 3.7950
  Batch 7460/10484, Loss: 3.7653
  Batch 7470/10484, Loss: 4.2554
  Batch 7480/10484, Loss: 3.3215
  Batch 7490/10484, Loss: 3.5559
  Batch 7500/10484, Loss: 3.9640
  Batch 7510/10484, Loss: 3.7155
  Batch 7520/10484, Loss: 4.3928
  Batch 7530/10484, Loss: 3.1536
  Batch 7540/10484, Loss: 3.7109
  Batch 7550/10484, Loss: 3.5835
  Batch 7560/10484, Loss: 3.8142
  Batch 7570/10484, Loss: 4.0718
  Batch 7580/10484, Loss: 3.4815
  Batch 7590/10484, Loss: 3.5106
  Batch 7600/10484, Loss: 3.9079
  Batch 7610/10484, Loss: 3.9012
  Batch 7620/10484, Loss: 3.7424
  Batch 7630/10484, Loss: 4.2708
  Batch 7640/10484, Loss: 4.0330
  Batch 7650/10484, Loss: 3.9542
  Batch 7660/10484, Loss: 3.6623
  Batch 7670/10484, Loss: 3.4484
  Batch 7680/10484, Loss: 3.8665
  Batch 7690/10484, Loss: 4.2127
  Batch 7700/10484, Loss: 3.6475
  Batch 7710/10484, Loss: 3.3285
  Batch 7720/10484, Loss: 3.7239
  Batch 7730/10484, Loss: 4.2141
  Batch 7740/10484, Loss: 4.3019
  Batch 7750/10484, Loss: 3.8453
  Batch 7760/10484, Loss: 3.5030
  Batch 7770/10484, Loss: 4.2886
  Batch 7780/10484, Loss: 3.8817
  Batch 7790/10484, Loss: 3.9066
  Batch 7800/10484, Loss: 3.4189
  Batch 7810/10484, Loss: 4.0258
  Batch 7820/10484, Loss: 3.8025
  Batch 7830/10484, Loss: 3.8757
  Batch 7840/10484, Loss: 4.3523
  Batch 7850/10484, Loss: 3.4636
  Batch 7860/10484, Loss: 3.6248
  Batch 7870/10484, Loss: 4.1665
  Batch 7880/10484, Loss: 4.3214
  Batch 7890/10484, Loss: 3.6393
  Batch 7900/10484, Loss: 4.6281
  Batch 7910/10484, Loss: 4.7993
  Batch 7920/10484, Loss: 4.2109
  Batch 7930/10484, Loss: 3.4460
  Batch 7940/10484, Loss: 3.7762
  Batch 7950/10484, Loss: 3.0532
  Batch 7960/10484, Loss: 3.3500
  Batch 7970/10484, Loss: 3.7615
  Batch 7980/10484, Loss: 3.5948
  Batch 7990/10484, Loss: 3.4839
  Batch 8000/10484, Loss: 3.7766
  Batch 8010/10484, Loss: 4.1337
  Batch 8020/10484, Loss: 3.9989
  Batch 8030/10484, Loss: 3.4689
  Batch 8040/10484, Loss: 3.6540
  Batch 8050/10484, Loss: 3.7285
  Batch 8060/10484, Loss: 3.0963
  Batch 8070/10484, Loss: 4.1518
  Batch 8080/10484, Loss: 3.6119
  Batch 8090/10484, Loss: 3.8871
  Batch 8100/10484, Loss: 3.8878
  Batch 8110/10484, Loss: 4.2906
  Batch 8120/10484, Loss: 3.8101
  Batch 8130/10484, Loss: 3.2243
  Batch 8140/10484, Loss: 3.9270
  Batch 8150/10484, Loss: 3.6867
  Batch 8160/10484, Loss: 3.9146
  Batch 8170/10484, Loss: 4.5630
  Batch 8180/10484, Loss: 3.3351
  Batch 8190/10484, Loss: 3.5418
  Batch 8200/10484, Loss: 3.9667
  Batch 8210/10484, Loss: 3.3293
  Batch 8220/10484, Loss: 4.3897
  Batch 8230/10484, Loss: 3.6849
  Batch 8240/10484, Loss: 4.0017
  Batch 8250/10484, Loss: 3.7744
  Batch 8260/10484, Loss: 3.4905
  Batch 8270/10484, Loss: 4.1285
  Batch 8280/10484, Loss: 4.2006
  Batch 8290/10484, Loss: 3.7010
  Batch 8300/10484, Loss: 3.8841
  Batch 8310/10484, Loss: 4.0441
  Batch 8320/10484, Loss: 3.3035
  Batch 8330/10484, Loss: 3.9799
  Batch 8340/10484, Loss: 3.5271
  Batch 8350/10484, Loss: 4.1492
  Batch 8360/10484, Loss: 3.6035
  Batch 8370/10484, Loss: 4.2535
  Batch 8380/10484, Loss: 4.0317
  Batch 8390/10484, Loss: 3.7463
  Batch 8400/10484, Loss: 3.8441
  Batch 8410/10484, Loss: 3.7332
  Batch 8420/10484, Loss: 3.1562
  Batch 8430/10484, Loss: 3.7498
  Batch 8440/10484, Loss: 3.9494
  Batch 8450/10484, Loss: 3.9988
  Batch 8460/10484, Loss: 3.7799
  Batch 8470/10484, Loss: 4.1975
  Batch 8480/10484, Loss: 3.2992
  Batch 8490/10484, Loss: 3.1936
  Batch 8500/10484, Loss: 4.3485
  Batch 8510/10484, Loss: 3.4935
  Batch 8520/10484, Loss: 3.9062
  Batch 8530/10484, Loss: 4.0709
  Batch 8540/10484, Loss: 3.1774
  Batch 8550/10484, Loss: 4.0136
  Batch 8560/10484, Loss: 3.9642
  Batch 8570/10484, Loss: 3.5999
  Batch 8580/10484, Loss: 4.1462
  Batch 8590/10484, Loss: 3.7772
  Batch 8600/10484, Loss: 3.3603
  Batch 8610/10484, Loss: 3.2955
  Batch 8620/10484, Loss: 3.2174
  Batch 8630/10484, Loss: 4.2620
  Batch 8640/10484, Loss: 4.0836
  Batch 8650/10484, Loss: 3.6902
  Batch 8660/10484, Loss: 3.6063
  Batch 8670/10484, Loss: 3.7925
  Batch 8680/10484, Loss: 3.8347
  Batch 8690/10484, Loss: 3.5719
  Batch 8700/10484, Loss: 3.6242
  Batch 8710/10484, Loss: 4.6562
  Batch 8720/10484, Loss: 4.2961
  Batch 8730/10484, Loss: 4.0978
  Batch 8740/10484, Loss: 3.5657
  Batch 8750/10484, Loss: 3.4612
  Batch 8760/10484, Loss: 3.9748
  Batch 8770/10484, Loss: 3.4211
  Batch 8780/10484, Loss: 3.8319
  Batch 8790/10484, Loss: 3.7912
  Batch 8800/10484, Loss: 3.5087
  Batch 8810/10484, Loss: 4.0870
  Batch 8820/10484, Loss: 4.3431
  Batch 8830/10484, Loss: 3.9530
  Batch 8840/10484, Loss: 4.0363
  Batch 8850/10484, Loss: 3.8423
  Batch 8860/10484, Loss: 4.1137
  Batch 8870/10484, Loss: 3.9505
  Batch 8880/10484, Loss: 3.4020
  Batch 8890/10484, Loss: 4.2361
  Batch 8900/10484, Loss: 3.9976
  Batch 8910/10484, Loss: 2.6577
  Batch 8920/10484, Loss: 3.6691
  Batch 8930/10484, Loss: 3.2564
  Batch 8940/10484, Loss: 3.5584
  Batch 8950/10484, Loss: 2.6624
  Batch 8960/10484, Loss: 3.4376
  Batch 8970/10484, Loss: 3.6335
  Batch 8980/10484, Loss: 4.1939
  Batch 8990/10484, Loss: 4.3218
  Batch 9000/10484, Loss: 3.8752
  Batch 9010/10484, Loss: 4.1144
  Batch 9020/10484, Loss: 3.9655
  Batch 9030/10484, Loss: 4.2169
  Batch 9040/10484, Loss: 4.1312
  Batch 9050/10484, Loss: 3.1783
  Batch 9060/10484, Loss: 3.4619
  Batch 9070/10484, Loss: 3.8915
  Batch 9080/10484, Loss: 3.6639
  Batch 9090/10484, Loss: 3.2825
  Batch 9100/10484, Loss: 3.9767
  Batch 9110/10484, Loss: 3.6161
  Batch 9120/10484, Loss: 3.8628
  Batch 9130/10484, Loss: 3.8777
  Batch 9140/10484, Loss: 4.3013
  Batch 9150/10484, Loss: 4.0100
  Batch 9160/10484, Loss: 4.1916
  Batch 9170/10484, Loss: 3.9484
  Batch 9180/10484, Loss: 4.1063
  Batch 9190/10484, Loss: 3.4796
  Batch 9200/10484, Loss: 3.7274
  Batch 9210/10484, Loss: 3.6260
  Batch 9220/10484, Loss: 4.2626
  Batch 9230/10484, Loss: 4.1415
  Batch 9240/10484, Loss: 4.1174
  Batch 9250/10484, Loss: 3.4384
  Batch 9260/10484, Loss: 4.4730
  Batch 9270/10484, Loss: 4.4824
  Batch 9280/10484, Loss: 3.1770
  Batch 9290/10484, Loss: 3.6181
  Batch 9300/10484, Loss: 3.5246
  Batch 9310/10484, Loss: 4.1231
  Batch 9320/10484, Loss: 3.9140
  Batch 9330/10484, Loss: 3.5465
  Batch 9340/10484, Loss: 4.2136
  Batch 9350/10484, Loss: 4.0490
  Batch 9360/10484, Loss: 3.9184
  Batch 9370/10484, Loss: 3.4117
  Batch 9380/10484, Loss: 4.3417
  Batch 9390/10484, Loss: 3.9055
  Batch 9400/10484, Loss: 3.8231
  Batch 9410/10484, Loss: 3.6845
  Batch 9420/10484, Loss: 4.0003
  Batch 9430/10484, Loss: 4.0693
  Batch 9440/10484, Loss: 3.6445
  Batch 9450/10484, Loss: 3.7697
  Batch 9460/10484, Loss: 3.3614
  Batch 9470/10484, Loss: 4.4352
  Batch 9480/10484, Loss: 3.7020
  Batch 9490/10484, Loss: 3.6837
  Batch 9500/10484, Loss: 3.6792
  Batch 9510/10484, Loss: 3.6255
  Batch 9520/10484, Loss: 4.0269
  Batch 9530/10484, Loss: 3.5351
  Batch 9540/10484, Loss: 3.1825
  Batch 9550/10484, Loss: 4.3425
  Batch 9560/10484, Loss: 3.0759
  Batch 9570/10484, Loss: 3.7349
  Batch 9580/10484, Loss: 3.6828
  Batch 9590/10484, Loss: 2.9492
  Batch 9600/10484, Loss: 3.2340
  Batch 9610/10484, Loss: 3.3449
  Batch 9620/10484, Loss: 4.2519
  Batch 9630/10484, Loss: 3.1282
  Batch 9640/10484, Loss: 3.8736
  Batch 9650/10484, Loss: 3.6068
  Batch 9660/10484, Loss: 3.0356
  Batch 9670/10484, Loss: 4.2476
  Batch 9680/10484, Loss: 4.3754
  Batch 9690/10484, Loss: 3.6223
  Batch 9700/10484, Loss: 3.1682
  Batch 9710/10484, Loss: 4.0638
  Batch 9720/10484, Loss: 4.1020
  Batch 9730/10484, Loss: 3.6878
  Batch 9740/10484, Loss: 4.0951
  Batch 9750/10484, Loss: 3.7974
  Batch 9760/10484, Loss: 3.5088
  Batch 9770/10484, Loss: 4.0140
  Batch 9780/10484, Loss: 3.0896
  Batch 9790/10484, Loss: 4.0089
  Batch 9800/10484, Loss: 3.1790
  Batch 9810/10484, Loss: 3.7429
  Batch 9820/10484, Loss: 3.0804
  Batch 9830/10484, Loss: 4.0185
  Batch 9840/10484, Loss: 3.6998
  Batch 9850/10484, Loss: 3.3724
  Batch 9860/10484, Loss: 4.1584
  Batch 9870/10484, Loss: 4.3991
  Batch 9880/10484, Loss: 4.1228
  Batch 9890/10484, Loss: 3.4817
  Batch 9900/10484, Loss: 4.2722
  Batch 9910/10484, Loss: 3.6475
  Batch 9920/10484, Loss: 4.9004
  Batch 9930/10484, Loss: 3.8804
  Batch 9940/10484, Loss: 3.9918
  Batch 9950/10484, Loss: 4.1346
  Batch 9960/10484, Loss: 3.9778
  Batch 9970/10484, Loss: 3.2478
  Batch 9980/10484, Loss: 4.5323
  Batch 9990/10484, Loss: 3.8935
  Batch 10000/10484, Loss: 3.8932
  Batch 10010/10484, Loss: 3.8277
  Batch 10020/10484, Loss: 4.6657
  Batch 10030/10484, Loss: 3.4114
  Batch 10040/10484, Loss: 4.1191
  Batch 10050/10484, Loss: 3.8800
  Batch 10060/10484, Loss: 3.9747
  Batch 10070/10484, Loss: 3.5243
  Batch 10080/10484, Loss: 3.5636
  Batch 10090/10484, Loss: 3.4151
  Batch 10100/10484, Loss: 4.6828
  Batch 10110/10484, Loss: 4.1775
  Batch 10120/10484, Loss: 3.5402
  Batch 10130/10484, Loss: 4.6457
  Batch 10140/10484, Loss: 4.2073
  Batch 10150/10484, Loss: 3.6642
  Batch 10160/10484, Loss: 3.4597
  Batch 10170/10484, Loss: 4.0751
  Batch 10180/10484, Loss: 3.5378
  Batch 10190/10484, Loss: 3.2806
  Batch 10200/10484, Loss: 4.1609
  Batch 10210/10484, Loss: 4.3731
  Batch 10220/10484, Loss: 3.7277
  Batch 10230/10484, Loss: 3.6876
  Batch 10240/10484, Loss: 3.2971
  Batch 10250/10484, Loss: 4.1206
  Batch 10260/10484, Loss: 3.7097
  Batch 10270/10484, Loss: 4.3208
  Batch 10280/10484, Loss: 4.1040
  Batch 10290/10484, Loss: 3.1879
  Batch 10300/10484, Loss: 4.0884
  Batch 10310/10484, Loss: 3.1243
  Batch 10320/10484, Loss: 4.2660
  Batch 10330/10484, Loss: 3.1199
  Batch 10340/10484, Loss: 3.0149
  Batch 10350/10484, Loss: 3.7780
  Batch 10360/10484, Loss: 3.6665
  Batch 10370/10484, Loss: 4.0541
  Batch 10380/10484, Loss: 4.1314
  Batch 10390/10484, Loss: 3.8288
  Batch 10400/10484, Loss: 3.7686
  Batch 10410/10484, Loss: 3.9230
  Batch 10420/10484, Loss: 3.7979
  Batch 10430/10484, Loss: 3.8677
  Batch 10440/10484, Loss: 3.7655
  Batch 10450/10484, Loss: 3.0030
  Batch 10460/10484, Loss: 3.8615
  Batch 10470/10484, Loss: 3.4489
  Batch 10480/10484, Loss: 2.8605

  Train Loss: 3.7794
  Val Loss: 6.7855
  Time: 30m 50s

Epoch 17/20
----------------------------------------
  Batch 10/10484, Loss: 3.6575
  Batch 20/10484, Loss: 3.6011
  Batch 30/10484, Loss: 3.3984
  Batch 40/10484, Loss: 2.9981
  Batch 50/10484, Loss: 3.4894
  Batch 60/10484, Loss: 3.7888
  Batch 70/10484, Loss: 3.5056
  Batch 80/10484, Loss: 3.0381
  Batch 90/10484, Loss: 3.7664
  Batch 100/10484, Loss: 3.3255
  Batch 110/10484, Loss: 3.3709
  Batch 120/10484, Loss: 3.0358
  Batch 130/10484, Loss: 3.9304
  Batch 140/10484, Loss: 3.8474
  Batch 150/10484, Loss: 3.0432
  Batch 160/10484, Loss: 3.2726
  Batch 170/10484, Loss: 3.6083
  Batch 180/10484, Loss: 3.5379
  Batch 190/10484, Loss: 3.5425
  Batch 200/10484, Loss: 3.5947
  Batch 210/10484, Loss: 3.4106
  Batch 220/10484, Loss: 3.6135
  Batch 230/10484, Loss: 4.0339
  Batch 240/10484, Loss: 3.8013
  Batch 250/10484, Loss: 3.6431
  Batch 260/10484, Loss: 3.8513
  Batch 270/10484, Loss: 4.0293
  Batch 280/10484, Loss: 4.0858
  Batch 290/10484, Loss: 4.0041
  Batch 300/10484, Loss: 3.3120
  Batch 310/10484, Loss: 3.4219
  Batch 320/10484, Loss: 3.6950
  Batch 330/10484, Loss: 2.9716
  Batch 340/10484, Loss: 3.2792
  Batch 350/10484, Loss: 3.9275
  Batch 360/10484, Loss: 3.9518
  Batch 370/10484, Loss: 3.7611
  Batch 380/10484, Loss: 3.7912
  Batch 390/10484, Loss: 3.9905
  Batch 400/10484, Loss: 3.4246
  Batch 410/10484, Loss: 3.8241
  Batch 420/10484, Loss: 3.8561
  Batch 430/10484, Loss: 4.7579
  Batch 440/10484, Loss: 3.3463
  Batch 450/10484, Loss: 3.9464
  Batch 460/10484, Loss: 3.4360
  Batch 470/10484, Loss: 3.9114
  Batch 480/10484, Loss: 3.7286
  Batch 490/10484, Loss: 3.0810
  Batch 500/10484, Loss: 3.9383
  Batch 510/10484, Loss: 3.9620
  Batch 520/10484, Loss: 3.3309
  Batch 530/10484, Loss: 3.8516
  Batch 540/10484, Loss: 4.0003
  Batch 550/10484, Loss: 3.2546
  Batch 560/10484, Loss: 3.7207
  Batch 570/10484, Loss: 4.4834
  Batch 580/10484, Loss: 3.0278
  Batch 590/10484, Loss: 3.4951
  Batch 600/10484, Loss: 3.8034
  Batch 610/10484, Loss: 4.1845
  Batch 620/10484, Loss: 3.7255
  Batch 630/10484, Loss: 3.5247
  Batch 640/10484, Loss: 3.5644
  Batch 650/10484, Loss: 4.2923
  Batch 660/10484, Loss: 3.5234
  Batch 670/10484, Loss: 3.1212
  Batch 680/10484, Loss: 4.0979
  Batch 690/10484, Loss: 4.1225
  Batch 700/10484, Loss: 3.8835
  Batch 710/10484, Loss: 4.3158
  Batch 720/10484, Loss: 3.9933
  Batch 730/10484, Loss: 4.1160
  Batch 740/10484, Loss: 3.8159
  Batch 750/10484, Loss: 4.1469
  Batch 760/10484, Loss: 3.9823
  Batch 770/10484, Loss: 3.5866
  Batch 780/10484, Loss: 4.0142
  Batch 790/10484, Loss: 3.8447
  Batch 800/10484, Loss: 3.5413
  Batch 810/10484, Loss: 3.9168
  Batch 820/10484, Loss: 3.4640
  Batch 830/10484, Loss: 4.0744
  Batch 840/10484, Loss: 3.3743
  Batch 850/10484, Loss: 3.9908
  Batch 860/10484, Loss: 3.4751
  Batch 870/10484, Loss: 4.2558
  Batch 880/10484, Loss: 3.8324
  Batch 890/10484, Loss: 3.5639
  Batch 900/10484, Loss: 3.9898
  Batch 910/10484, Loss: 3.9078
  Batch 920/10484, Loss: 4.0907
  Batch 930/10484, Loss: 4.3622
  Batch 940/10484, Loss: 3.8096
  Batch 950/10484, Loss: 3.5098
  Batch 960/10484, Loss: 4.1569
  Batch 970/10484, Loss: 4.0769
  Batch 980/10484, Loss: 3.8733
  Batch 990/10484, Loss: 4.0399
  Batch 1000/10484, Loss: 3.9592
  Batch 1010/10484, Loss: 3.8563
  Batch 1020/10484, Loss: 3.8093
  Batch 1030/10484, Loss: 3.7596
  Batch 1040/10484, Loss: 3.2947
  Batch 1050/10484, Loss: 3.9879
  Batch 1060/10484, Loss: 3.7739
  Batch 1070/10484, Loss: 3.7424
  Batch 1080/10484, Loss: 3.7221
  Batch 1090/10484, Loss: 3.2739
  Batch 1100/10484, Loss: 3.5141
  Batch 1110/10484, Loss: 3.7595
  Batch 1120/10484, Loss: 3.6624
  Batch 1130/10484, Loss: 3.9558
  Batch 1140/10484, Loss: 3.7393
  Batch 1150/10484, Loss: 3.3893
  Batch 1160/10484, Loss: 3.7393
  Batch 1170/10484, Loss: 3.9988
  Batch 1180/10484, Loss: 3.1936
  Batch 1190/10484, Loss: 2.9829
  Batch 1200/10484, Loss: 3.4442
  Batch 1210/10484, Loss: 3.9583
  Batch 1220/10484, Loss: 3.8329
  Batch 1230/10484, Loss: 3.7877
  Batch 1240/10484, Loss: 3.7139
  Batch 1250/10484, Loss: 3.8645
  Batch 1260/10484, Loss: 3.4535
  Batch 1270/10484, Loss: 3.8063
  Batch 1280/10484, Loss: 3.7103
  Batch 1290/10484, Loss: 4.4402
  Batch 1300/10484, Loss: 3.8632
  Batch 1310/10484, Loss: 3.6967
  Batch 1320/10484, Loss: 3.6185
  Batch 1330/10484, Loss: 3.9243
  Batch 1340/10484, Loss: 3.9266
  Batch 1350/10484, Loss: 3.4105
  Batch 1360/10484, Loss: 3.7877
  Batch 1370/10484, Loss: 3.6736
  Batch 1380/10484, Loss: 4.0931
  Batch 1390/10484, Loss: 4.0379
  Batch 1400/10484, Loss: 3.1896
  Batch 1410/10484, Loss: 3.7322
  Batch 1420/10484, Loss: 3.7977
  Batch 1430/10484, Loss: 3.2112
  Batch 1440/10484, Loss: 3.8691
  Batch 1450/10484, Loss: 3.8627
  Batch 1460/10484, Loss: 4.0014
  Batch 1470/10484, Loss: 4.1100
  Batch 1480/10484, Loss: 3.4362
  Batch 1490/10484, Loss: 4.2672
  Batch 1500/10484, Loss: 3.0605
  Batch 1510/10484, Loss: 3.9050
  Batch 1520/10484, Loss: 4.2738
  Batch 1530/10484, Loss: 3.6341
  Batch 1540/10484, Loss: 3.7182
  Batch 1550/10484, Loss: 3.6914
  Batch 1560/10484, Loss: 3.8064
  Batch 1570/10484, Loss: 4.2704
  Batch 1580/10484, Loss: 3.7158
  Batch 1590/10484, Loss: 3.4045
  Batch 1600/10484, Loss: 3.5368
  Batch 1610/10484, Loss: 3.9698
  Batch 1620/10484, Loss: 4.2590
  Batch 1630/10484, Loss: 4.2960
  Batch 1640/10484, Loss: 3.3448
  Batch 1650/10484, Loss: 4.3617
  Batch 1660/10484, Loss: 4.2933
  Batch 1670/10484, Loss: 3.3740
  Batch 1680/10484, Loss: 4.4065
  Batch 1690/10484, Loss: 3.7984
  Batch 1700/10484, Loss: 3.8002
  Batch 1710/10484, Loss: 4.1916
  Batch 1720/10484, Loss: 2.6094
  Batch 1730/10484, Loss: 4.2982
  Batch 1740/10484, Loss: 3.7751
  Batch 1750/10484, Loss: 3.7896
  Batch 1760/10484, Loss: 3.5304
  Batch 1770/10484, Loss: 3.9601
  Batch 1780/10484, Loss: 3.4946
  Batch 1790/10484, Loss: 4.1288
  Batch 1800/10484, Loss: 3.7348
  Batch 1810/10484, Loss: 3.7545
  Batch 1820/10484, Loss: 3.6740
  Batch 1830/10484, Loss: 4.7160
  Batch 1840/10484, Loss: 3.3134
  Batch 1850/10484, Loss: 3.9348
  Batch 1860/10484, Loss: 3.0698
  Batch 1870/10484, Loss: 3.5170
  Batch 1880/10484, Loss: 3.9669
  Batch 1890/10484, Loss: 3.8231
  Batch 1900/10484, Loss: 3.7647
  Batch 1910/10484, Loss: 3.9178
  Batch 1920/10484, Loss: 3.7911
  Batch 1930/10484, Loss: 3.3349
  Batch 1940/10484, Loss: 3.8336
  Batch 1950/10484, Loss: 3.6588
  Batch 1960/10484, Loss: 3.4423
  Batch 1970/10484, Loss: 3.5419
  Batch 1980/10484, Loss: 3.4972
  Batch 1990/10484, Loss: 3.9366
  Batch 2000/10484, Loss: 4.1013
  Batch 2010/10484, Loss: 3.3377
  Batch 2020/10484, Loss: 3.1874
  Batch 2030/10484, Loss: 3.2161
  Batch 2040/10484, Loss: 3.4247
  Batch 2050/10484, Loss: 3.9175
  Batch 2060/10484, Loss: 4.2878
  Batch 2070/10484, Loss: 3.0920
  Batch 2080/10484, Loss: 3.7787
  Batch 2090/10484, Loss: 3.1311
  Batch 2100/10484, Loss: 3.7118
  Batch 2110/10484, Loss: 3.1779
  Batch 2120/10484, Loss: 3.7573
  Batch 2130/10484, Loss: 3.7091
  Batch 2140/10484, Loss: 3.7167
  Batch 2150/10484, Loss: 3.6275
  Batch 2160/10484, Loss: 3.5335
  Batch 2170/10484, Loss: 3.6563
  Batch 2180/10484, Loss: 2.6938
  Batch 2190/10484, Loss: 3.6299
  Batch 2200/10484, Loss: 3.5885
  Batch 2210/10484, Loss: 3.9503
  Batch 2220/10484, Loss: 3.6919
  Batch 2230/10484, Loss: 2.6637
  Batch 2240/10484, Loss: 2.9305
  Batch 2250/10484, Loss: 3.3809
  Batch 2260/10484, Loss: 3.4362
  Batch 2270/10484, Loss: 3.0954
  Batch 2280/10484, Loss: 3.5347
  Batch 2290/10484, Loss: 4.2296
  Batch 2300/10484, Loss: 3.6406
  Batch 2310/10484, Loss: 3.7356
  Batch 2320/10484, Loss: 3.7057
  Batch 2330/10484, Loss: 4.1234
  Batch 2340/10484, Loss: 4.5158
  Batch 2350/10484, Loss: 3.8647
  Batch 2360/10484, Loss: 4.0603
  Batch 2370/10484, Loss: 3.5118
  Batch 2380/10484, Loss: 3.1795
  Batch 2390/10484, Loss: 4.0875
  Batch 2400/10484, Loss: 3.5119
  Batch 2410/10484, Loss: 3.7454
  Batch 2420/10484, Loss: 3.8757
  Batch 2430/10484, Loss: 3.6570
  Batch 2440/10484, Loss: 3.9714
  Batch 2450/10484, Loss: 3.4763
  Batch 2460/10484, Loss: 3.6875
  Batch 2470/10484, Loss: 4.1449
  Batch 2480/10484, Loss: 3.9641
  Batch 2490/10484, Loss: 3.8675
  Batch 2500/10484, Loss: 3.3619
  Batch 2510/10484, Loss: 4.0557
  Batch 2520/10484, Loss: 3.7171
  Batch 2530/10484, Loss: 2.9661
  Batch 2540/10484, Loss: 3.8326
  Batch 2550/10484, Loss: 3.4266
  Batch 2560/10484, Loss: 3.8245
  Batch 2570/10484, Loss: 3.5781
  Batch 2580/10484, Loss: 3.7680
  Batch 2590/10484, Loss: 4.0857
  Batch 2600/10484, Loss: 3.2531
  Batch 2610/10484, Loss: 3.4331
  Batch 2620/10484, Loss: 3.5233
  Batch 2630/10484, Loss: 3.5853
  Batch 2640/10484, Loss: 4.6797
  Batch 2650/10484, Loss: 3.4218
  Batch 2660/10484, Loss: 3.9086
  Batch 2670/10484, Loss: 3.0168
  Batch 2680/10484, Loss: 4.1472
  Batch 2690/10484, Loss: 3.5676
  Batch 2700/10484, Loss: 3.9976
  Batch 2710/10484, Loss: 4.1609
  Batch 2720/10484, Loss: 3.5277
  Batch 2730/10484, Loss: 3.5067
  Batch 2740/10484, Loss: 4.0646
  Batch 2750/10484, Loss: 3.6360
  Batch 2760/10484, Loss: 3.3564
  Batch 2770/10484, Loss: 3.2401
  Batch 2780/10484, Loss: 3.0756
  Batch 2790/10484, Loss: 3.9288
  Batch 2800/10484, Loss: 3.5453
  Batch 2810/10484, Loss: 3.9034
  Batch 2820/10484, Loss: 3.9820
  Batch 2830/10484, Loss: 3.9996
  Batch 2840/10484, Loss: 3.6828
  Batch 2850/10484, Loss: 4.0150
  Batch 2860/10484, Loss: 3.9597
  Batch 2870/10484, Loss: 3.5667
  Batch 2880/10484, Loss: 3.9779
  Batch 2890/10484, Loss: 3.8183
  Batch 2900/10484, Loss: 3.5156
  Batch 2910/10484, Loss: 4.1322
  Batch 2920/10484, Loss: 4.1273
  Batch 2930/10484, Loss: 3.9183
  Batch 2940/10484, Loss: 4.2840
  Batch 2950/10484, Loss: 4.0806
  Batch 2960/10484, Loss: 3.4820
  Batch 2970/10484, Loss: 3.2482
  Batch 2980/10484, Loss: 3.3369
  Batch 2990/10484, Loss: 3.5263
  Batch 3000/10484, Loss: 4.2258
  Batch 3010/10484, Loss: 4.5844
  Batch 3020/10484, Loss: 4.2430
  Batch 3030/10484, Loss: 4.1807
  Batch 3040/10484, Loss: 3.3944
  Batch 3050/10484, Loss: 2.9935
  Batch 3060/10484, Loss: 3.9699
  Batch 3070/10484, Loss: 4.7634
  Batch 3080/10484, Loss: 3.5389
  Batch 3090/10484, Loss: 3.7662
  Batch 3100/10484, Loss: 2.8173
  Batch 3110/10484, Loss: 3.3414
  Batch 3120/10484, Loss: 4.0788
  Batch 3130/10484, Loss: 3.1976
  Batch 3140/10484, Loss: 3.8424
  Batch 3150/10484, Loss: 3.3741
  Batch 3160/10484, Loss: 3.3394
  Batch 3170/10484, Loss: 3.9396
  Batch 3180/10484, Loss: 3.5042
  Batch 3190/10484, Loss: 3.8245
  Batch 3200/10484, Loss: 3.5562
  Batch 3210/10484, Loss: 3.4320
  Batch 3220/10484, Loss: 4.0391
  Batch 3230/10484, Loss: 3.2376
  Batch 3240/10484, Loss: 3.5742
  Batch 3250/10484, Loss: 4.0834
  Batch 3260/10484, Loss: 4.0757
  Batch 3270/10484, Loss: 4.3825
  Batch 3280/10484, Loss: 3.7042
  Batch 3290/10484, Loss: 3.9293
  Batch 3300/10484, Loss: 4.8929
  Batch 3310/10484, Loss: 3.7363
  Batch 3320/10484, Loss: 3.2096
  Batch 3330/10484, Loss: 3.8952
  Batch 3340/10484, Loss: 3.5069
  Batch 3350/10484, Loss: 3.6195
  Batch 3360/10484, Loss: 3.1192
  Batch 3370/10484, Loss: 3.6119
  Batch 3380/10484, Loss: 4.0435
  Batch 3390/10484, Loss: 3.5327
  Batch 3400/10484, Loss: 3.8863
  Batch 3410/10484, Loss: 3.3675
  Batch 3420/10484, Loss: 3.5783
  Batch 3430/10484, Loss: 3.4219
  Batch 3440/10484, Loss: 3.8906
  Batch 3450/10484, Loss: 3.2407
  Batch 3460/10484, Loss: 3.3653
  Batch 3470/10484, Loss: 3.5471
  Batch 3480/10484, Loss: 3.9581
  Batch 3490/10484, Loss: 3.7998
  Batch 3500/10484, Loss: 4.0414
  Batch 3510/10484, Loss: 3.9309
  Batch 3520/10484, Loss: 3.8211
  Batch 3530/10484, Loss: 4.1273
  Batch 3540/10484, Loss: 4.0764
  Batch 3550/10484, Loss: 3.5867
  Batch 3560/10484, Loss: 3.4728
  Batch 3570/10484, Loss: 3.7959
  Batch 3580/10484, Loss: 4.3766
  Batch 3590/10484, Loss: 3.6265
  Batch 3600/10484, Loss: 3.5720
  Batch 3610/10484, Loss: 4.2546
  Batch 3620/10484, Loss: 3.3848
  Batch 3630/10484, Loss: 3.9314
  Batch 3640/10484, Loss: 3.8728
  Batch 3650/10484, Loss: 3.4296
  Batch 3660/10484, Loss: 3.8221
  Batch 3670/10484, Loss: 2.7539
  Batch 3680/10484, Loss: 3.7955
  Batch 3690/10484, Loss: 2.9858
  Batch 3700/10484, Loss: 4.0733
  Batch 3710/10484, Loss: 3.1637
  Batch 3720/10484, Loss: 3.4235
  Batch 3730/10484, Loss: 3.9260
  Batch 3740/10484, Loss: 3.6865
  Batch 3750/10484, Loss: 3.6568
  Batch 3760/10484, Loss: 2.7928
  Batch 3770/10484, Loss: 3.7378
  Batch 3780/10484, Loss: 3.8715
  Batch 3790/10484, Loss: 3.7225
  Batch 3800/10484, Loss: 4.1263
  Batch 3810/10484, Loss: 3.3494
  Batch 3820/10484, Loss: 3.9040
  Batch 3830/10484, Loss: 3.8952
  Batch 3840/10484, Loss: 3.6680
  Batch 3850/10484, Loss: 4.4007
  Batch 3860/10484, Loss: 3.5159
  Batch 3870/10484, Loss: 3.5245
  Batch 3880/10484, Loss: 4.1378
  Batch 3890/10484, Loss: 4.0205
  Batch 3900/10484, Loss: 3.5675
  Batch 3910/10484, Loss: 3.2312
  Batch 3920/10484, Loss: 3.3417
  Batch 3930/10484, Loss: 3.7483
  Batch 3940/10484, Loss: 3.6636
  Batch 3950/10484, Loss: 3.7106
  Batch 3960/10484, Loss: 3.9736
  Batch 3970/10484, Loss: 3.4344
  Batch 3980/10484, Loss: 3.8752
  Batch 3990/10484, Loss: 3.9019
  Batch 4000/10484, Loss: 3.6169
  Batch 4010/10484, Loss: 3.1513
  Batch 4020/10484, Loss: 3.7581
  Batch 4030/10484, Loss: 4.4719
  Batch 4040/10484, Loss: 3.5758
  Batch 4050/10484, Loss: 3.4213
  Batch 4060/10484, Loss: 3.3832
  Batch 4070/10484, Loss: 3.8778
  Batch 4080/10484, Loss: 3.9701
  Batch 4090/10484, Loss: 3.8595
  Batch 4100/10484, Loss: 3.1934
  Batch 4110/10484, Loss: 3.6192
  Batch 4120/10484, Loss: 3.7252
  Batch 4130/10484, Loss: 3.9087
  Batch 4140/10484, Loss: 4.7481
  Batch 4150/10484, Loss: 3.9852
  Batch 4160/10484, Loss: 4.4181
  Batch 4170/10484, Loss: 3.2082
  Batch 4180/10484, Loss: 3.6401
  Batch 4190/10484, Loss: 3.8651
  Batch 4200/10484, Loss: 4.1702
  Batch 4210/10484, Loss: 4.3733
  Batch 4220/10484, Loss: 3.3560
  Batch 4230/10484, Loss: 3.6635
  Batch 4240/10484, Loss: 3.2508
  Batch 4250/10484, Loss: 3.5966
  Batch 4260/10484, Loss: 4.1959
  Batch 4270/10484, Loss: 4.0490
  Batch 4280/10484, Loss: 3.8052
  Batch 4290/10484, Loss: 3.3707
  Batch 4300/10484, Loss: 4.1946
  Batch 4310/10484, Loss: 3.6926
  Batch 4320/10484, Loss: 3.8102
  Batch 4330/10484, Loss: 2.9686
  Batch 4340/10484, Loss: 3.6164
  Batch 4350/10484, Loss: 4.3870
  Batch 4360/10484, Loss: 3.4690
  Batch 4370/10484, Loss: 4.0009
  Batch 4380/10484, Loss: 3.9254
  Batch 4390/10484, Loss: 3.9120
  Batch 4400/10484, Loss: 3.6860
  Batch 4410/10484, Loss: 3.9926
  Batch 4420/10484, Loss: 4.0324
  Batch 4430/10484, Loss: 3.1500
  Batch 4440/10484, Loss: 4.3315
  Batch 4450/10484, Loss: 3.4834
  Batch 4460/10484, Loss: 3.2467
  Batch 4470/10484, Loss: 3.9351
  Batch 4480/10484, Loss: 3.5474
  Batch 4490/10484, Loss: 3.9768
  Batch 4500/10484, Loss: 4.0610
  Batch 4510/10484, Loss: 4.2889
  Batch 4520/10484, Loss: 3.5853
  Batch 4530/10484, Loss: 3.1088
  Batch 4540/10484, Loss: 3.5968
  Batch 4550/10484, Loss: 4.2862
  Batch 4560/10484, Loss: 3.9364
  Batch 4570/10484, Loss: 3.6169
  Batch 4580/10484, Loss: 3.2937
  Batch 4590/10484, Loss: 4.0466
  Batch 4600/10484, Loss: 3.8235
  Batch 4610/10484, Loss: 4.2241
  Batch 4620/10484, Loss: 4.0871
  Batch 4630/10484, Loss: 3.2928
  Batch 4640/10484, Loss: 3.7032
  Batch 4650/10484, Loss: 3.4460
  Batch 4660/10484, Loss: 3.5954
  Batch 4670/10484, Loss: 3.8284
  Batch 4680/10484, Loss: 4.2907
  Batch 4690/10484, Loss: 3.6228
  Batch 4700/10484, Loss: 4.2710
  Batch 4710/10484, Loss: 3.6663
  Batch 4720/10484, Loss: 2.5742
  Batch 4730/10484, Loss: 3.7901
  Batch 4740/10484, Loss: 3.9603
  Batch 4750/10484, Loss: 3.5627
  Batch 4760/10484, Loss: 3.8384
  Batch 4770/10484, Loss: 3.6388
  Batch 4780/10484, Loss: 3.0538
  Batch 4790/10484, Loss: 4.2209
  Batch 4800/10484, Loss: 3.4264
  Batch 4810/10484, Loss: 3.6747
  Batch 4820/10484, Loss: 4.2386
  Batch 4830/10484, Loss: 4.1907
  Batch 4840/10484, Loss: 3.9103
  Batch 4850/10484, Loss: 4.2959
  Batch 4860/10484, Loss: 3.5472
  Batch 4870/10484, Loss: 3.8023
  Batch 4880/10484, Loss: 3.6672
  Batch 4890/10484, Loss: 4.1268
  Batch 4900/10484, Loss: 3.6162
  Batch 4910/10484, Loss: 3.1082
  Batch 4920/10484, Loss: 3.6592
  Batch 4930/10484, Loss: 3.5896
  Batch 4940/10484, Loss: 4.3862
  Batch 4950/10484, Loss: 4.0885
  Batch 4960/10484, Loss: 4.3687
  Batch 4970/10484, Loss: 3.8519
  Batch 4980/10484, Loss: 3.3820
  Batch 4990/10484, Loss: 3.7322
  Batch 5000/10484, Loss: 3.4698
  Batch 5010/10484, Loss: 3.5277
  Batch 5020/10484, Loss: 3.4553
  Batch 5030/10484, Loss: 4.0354
  Batch 5040/10484, Loss: 4.3234
  Batch 5050/10484, Loss: 3.8274
  Batch 5060/10484, Loss: 4.2017
  Batch 5070/10484, Loss: 4.0751
  Batch 5080/10484, Loss: 4.1902
  Batch 5090/10484, Loss: 4.1433
  Batch 5100/10484, Loss: 2.9626
  Batch 5110/10484, Loss: 4.6658
  Batch 5120/10484, Loss: 3.6534
  Batch 5130/10484, Loss: 4.1540
  Batch 5140/10484, Loss: 4.0026
  Batch 5150/10484, Loss: 3.1017
  Batch 5160/10484, Loss: 3.3131
  Batch 5170/10484, Loss: 4.0414
  Batch 5180/10484, Loss: 4.8301
  Batch 5190/10484, Loss: 3.3139
  Batch 5200/10484, Loss: 4.2279
  Batch 5210/10484, Loss: 4.4076
  Batch 5220/10484, Loss: 4.0554
  Batch 5230/10484, Loss: 3.1536
  Batch 5240/10484, Loss: 4.1573
  Batch 5250/10484, Loss: 3.9907
  Batch 5260/10484, Loss: 3.5335
  Batch 5270/10484, Loss: 3.1594
  Batch 5280/10484, Loss: 3.4071
  Batch 5290/10484, Loss: 3.6121
  Batch 5300/10484, Loss: 3.9496
  Batch 5310/10484, Loss: 4.1128
  Batch 5320/10484, Loss: 3.7047
  Batch 5330/10484, Loss: 3.8156
  Batch 5340/10484, Loss: 3.4775
  Batch 5350/10484, Loss: 3.6835
  Batch 5360/10484, Loss: 4.1488
  Batch 5370/10484, Loss: 4.6770
  Batch 5380/10484, Loss: 3.9913
  Batch 5390/10484, Loss: 3.7168
  Batch 5400/10484, Loss: 3.4292
  Batch 5410/10484, Loss: 4.8748
  Batch 5420/10484, Loss: 3.4870
  Batch 5430/10484, Loss: 4.0381
  Batch 5440/10484, Loss: 3.4205
  Batch 5450/10484, Loss: 3.9004
  Batch 5460/10484, Loss: 3.4555
  Batch 5470/10484, Loss: 3.6345
  Batch 5480/10484, Loss: 4.5122
  Batch 5490/10484, Loss: 3.6116
  Batch 5500/10484, Loss: 3.8653
  Batch 5510/10484, Loss: 3.4756
  Batch 5520/10484, Loss: 3.1584
  Batch 5530/10484, Loss: 3.9650
  Batch 5540/10484, Loss: 4.1002
  Batch 5550/10484, Loss: 3.1433
  Batch 5560/10484, Loss: 3.6080
  Batch 5570/10484, Loss: 3.9550
  Batch 5580/10484, Loss: 3.9436
  Batch 5590/10484, Loss: 3.8264
  Batch 5600/10484, Loss: 3.2687
  Batch 5610/10484, Loss: 3.7250
  Batch 5620/10484, Loss: 3.3580
  Batch 5630/10484, Loss: 3.3313
  Batch 5640/10484, Loss: 4.2926
  Batch 5650/10484, Loss: 4.4792
  Batch 5660/10484, Loss: 3.5719
  Batch 5670/10484, Loss: 3.3495
  Batch 5680/10484, Loss: 3.1939
  Batch 5690/10484, Loss: 4.6614
  Batch 5700/10484, Loss: 4.1316
  Batch 5710/10484, Loss: 4.0057
  Batch 5720/10484, Loss: 3.9520
  Batch 5730/10484, Loss: 3.8896
  Batch 5740/10484, Loss: 3.1397
  Batch 5750/10484, Loss: 3.9527
  Batch 5760/10484, Loss: 3.4723
  Batch 5770/10484, Loss: 3.8320
  Batch 5780/10484, Loss: 3.8286
  Batch 5790/10484, Loss: 3.9276
  Batch 5800/10484, Loss: 3.2947
  Batch 5810/10484, Loss: 4.2159
  Batch 5820/10484, Loss: 2.8088
  Batch 5830/10484, Loss: 4.1563
  Batch 5840/10484, Loss: 4.0778
  Batch 5850/10484, Loss: 3.8219
  Batch 5860/10484, Loss: 3.9772
  Batch 5870/10484, Loss: 3.7553
  Batch 5880/10484, Loss: 3.9074
  Batch 5890/10484, Loss: 3.5884
  Batch 5900/10484, Loss: 3.8817
  Batch 5910/10484, Loss: 3.4569
  Batch 5920/10484, Loss: 3.8174
  Batch 5930/10484, Loss: 3.4548
  Batch 5940/10484, Loss: 3.9004
  Batch 5950/10484, Loss: 3.9246
  Batch 5960/10484, Loss: 3.1466
  Batch 5970/10484, Loss: 4.3303
  Batch 5980/10484, Loss: 3.9929
  Batch 5990/10484, Loss: 3.5684
  Batch 6000/10484, Loss: 3.7694
  Batch 6010/10484, Loss: 4.4205
  Batch 6020/10484, Loss: 3.3874
  Batch 6030/10484, Loss: 3.9066
  Batch 6040/10484, Loss: 3.8242
  Batch 6050/10484, Loss: 3.9545
  Batch 6060/10484, Loss: 4.1553
  Batch 6070/10484, Loss: 3.4095
  Batch 6080/10484, Loss: 4.1039
  Batch 6090/10484, Loss: 3.7419
  Batch 6100/10484, Loss: 4.3054
  Batch 6110/10484, Loss: 3.4582
  Batch 6120/10484, Loss: 3.5185
  Batch 6130/10484, Loss: 4.2774
  Batch 6140/10484, Loss: 4.3991
  Batch 6150/10484, Loss: 3.5810
  Batch 6160/10484, Loss: 3.4390
  Batch 6170/10484, Loss: 3.2951
  Batch 6180/10484, Loss: 4.1035
  Batch 6190/10484, Loss: 3.8922
  Batch 6200/10484, Loss: 3.0615
  Batch 6210/10484, Loss: 4.4147
  Batch 6220/10484, Loss: 4.2659
  Batch 6230/10484, Loss: 4.4537
  Batch 6240/10484, Loss: 4.3868
  Batch 6250/10484, Loss: 4.0204
  Batch 6260/10484, Loss: 3.8715
  Batch 6270/10484, Loss: 3.2441
  Batch 6280/10484, Loss: 4.2230
  Batch 6290/10484, Loss: 3.7044
  Batch 6300/10484, Loss: 4.0738
  Batch 6310/10484, Loss: 3.9741
  Batch 6320/10484, Loss: 4.1764
  Batch 6330/10484, Loss: 4.0536
  Batch 6340/10484, Loss: 4.0840
  Batch 6350/10484, Loss: 3.8396
  Batch 6360/10484, Loss: 4.3934
  Batch 6370/10484, Loss: 3.1647
  Batch 6380/10484, Loss: 3.7969
  Batch 6390/10484, Loss: 4.0936
  Batch 6400/10484, Loss: 3.7287
  Batch 6410/10484, Loss: 3.6340
  Batch 6420/10484, Loss: 3.7913
  Batch 6430/10484, Loss: 3.9187
  Batch 6440/10484, Loss: 3.1010
  Batch 6450/10484, Loss: 4.1003
  Batch 6460/10484, Loss: 4.2839
  Batch 6470/10484, Loss: 3.4331
  Batch 6480/10484, Loss: 2.9249
  Batch 6490/10484, Loss: 3.7945
  Batch 6500/10484, Loss: 4.2412
  Batch 6510/10484, Loss: 3.8101
  Batch 6520/10484, Loss: 3.7264
  Batch 6530/10484, Loss: 3.7002
  Batch 6540/10484, Loss: 4.0779
  Batch 6550/10484, Loss: 3.7332
  Batch 6560/10484, Loss: 4.2861
  Batch 6570/10484, Loss: 4.0575
  Batch 6580/10484, Loss: 3.6521
  Batch 6590/10484, Loss: 3.6023
  Batch 6600/10484, Loss: 3.2566
  Batch 6610/10484, Loss: 3.2892
  Batch 6620/10484, Loss: 3.3335
  Batch 6630/10484, Loss: 3.8242
  Batch 6640/10484, Loss: 3.4719
  Batch 6650/10484, Loss: 4.1285
  Batch 6660/10484, Loss: 3.2991
  Batch 6670/10484, Loss: 3.9439
  Batch 6680/10484, Loss: 3.6951
  Batch 6690/10484, Loss: 3.5967
  Batch 6700/10484, Loss: 3.6575
  Batch 6710/10484, Loss: 4.0838
  Batch 6720/10484, Loss: 4.3624
  Batch 6730/10484, Loss: 3.6837
  Batch 6740/10484, Loss: 3.2986
  Batch 6750/10484, Loss: 4.2561
  Batch 6760/10484, Loss: 3.2219
  Batch 6770/10484, Loss: 3.8774
  Batch 6780/10484, Loss: 3.8937
  Batch 6790/10484, Loss: 3.8428
  Batch 6800/10484, Loss: 3.6877
  Batch 6810/10484, Loss: 3.9237
  Batch 6820/10484, Loss: 3.9012
  Batch 6830/10484, Loss: 3.7014
  Batch 6840/10484, Loss: 4.8171
  Batch 6850/10484, Loss: 3.7667
  Batch 6860/10484, Loss: 3.8790
  Batch 6870/10484, Loss: 3.3882
  Batch 6880/10484, Loss: 3.8739
  Batch 6890/10484, Loss: 3.8782
  Batch 6900/10484, Loss: 4.1061
  Batch 6910/10484, Loss: 3.8604
  Batch 6920/10484, Loss: 4.3574
  Batch 6930/10484, Loss: 3.7761
  Batch 6940/10484, Loss: 4.3164
  Batch 6950/10484, Loss: 3.7650
  Batch 6960/10484, Loss: 3.7094
  Batch 6970/10484, Loss: 3.8104
  Batch 6980/10484, Loss: 4.2042
  Batch 6990/10484, Loss: 4.7454
  Batch 7000/10484, Loss: 3.8916
  Batch 7010/10484, Loss: 4.0935
  Batch 7020/10484, Loss: 3.6285
  Batch 7030/10484, Loss: 3.8310
  Batch 7040/10484, Loss: 3.9187
  Batch 7050/10484, Loss: 3.4844
  Batch 7060/10484, Loss: 4.0530
  Batch 7070/10484, Loss: 3.1079
  Batch 7080/10484, Loss: 3.9953
  Batch 7090/10484, Loss: 4.1715
  Batch 7100/10484, Loss: 3.9228
  Batch 7110/10484, Loss: 3.8698
  Batch 7120/10484, Loss: 4.2133
  Batch 7130/10484, Loss: 4.0421
  Batch 7140/10484, Loss: 3.9665
  Batch 7150/10484, Loss: 4.0211
  Batch 7160/10484, Loss: 3.4703
  Batch 7170/10484, Loss: 3.4497
  Batch 7180/10484, Loss: 3.1778
  Batch 7190/10484, Loss: 3.5298
  Batch 7200/10484, Loss: 3.3125
  Batch 7210/10484, Loss: 3.8515
  Batch 7220/10484, Loss: 3.3604
  Batch 7230/10484, Loss: 3.6518
  Batch 7240/10484, Loss: 3.7155
  Batch 7250/10484, Loss: 4.3361
  Batch 7260/10484, Loss: 2.5399
  Batch 7270/10484, Loss: 3.3721
  Batch 7280/10484, Loss: 3.7977
  Batch 7290/10484, Loss: 3.3306
  Batch 7300/10484, Loss: 3.7256
  Batch 7310/10484, Loss: 3.9255
  Batch 7320/10484, Loss: 3.8602
  Batch 7330/10484, Loss: 3.7227
  Batch 7340/10484, Loss: 3.4319
  Batch 7350/10484, Loss: 3.5014
  Batch 7360/10484, Loss: 4.8023
  Batch 7370/10484, Loss: 4.1797
  Batch 7380/10484, Loss: 3.9024
  Batch 7390/10484, Loss: 4.2330
  Batch 7400/10484, Loss: 3.0910
  Batch 7410/10484, Loss: 4.7722
  Batch 7420/10484, Loss: 4.2878
  Batch 7430/10484, Loss: 4.4274
  Batch 7440/10484, Loss: 4.1332
  Batch 7450/10484, Loss: 4.0849
  Batch 7460/10484, Loss: 4.3421
  Batch 7470/10484, Loss: 3.8529
  Batch 7480/10484, Loss: 3.2190
  Batch 7490/10484, Loss: 3.3742
  Batch 7500/10484, Loss: 3.9857
  Batch 7510/10484, Loss: 4.7115
  Batch 7520/10484, Loss: 3.4025
  Batch 7530/10484, Loss: 3.8828
  Batch 7540/10484, Loss: 3.8133
  Batch 7550/10484, Loss: 3.7380
  Batch 7560/10484, Loss: 4.3469
  Batch 7570/10484, Loss: 3.7175
  Batch 7580/10484, Loss: 4.3601
  Batch 7590/10484, Loss: 4.0678
  Batch 7600/10484, Loss: 3.2077
  Batch 7610/10484, Loss: 3.7587
  Batch 7620/10484, Loss: 3.6721
  Batch 7630/10484, Loss: 3.8061
  Batch 7640/10484, Loss: 3.7395
  Batch 7650/10484, Loss: 3.9583
  Batch 7660/10484, Loss: 3.9579
  Batch 7670/10484, Loss: 3.6262
  Batch 7680/10484, Loss: 4.1286
  Batch 7690/10484, Loss: 3.8530
  Batch 7700/10484, Loss: 3.3116
  Batch 7710/10484, Loss: 3.4575
  Batch 7720/10484, Loss: 3.9652
  Batch 7730/10484, Loss: 3.2045
  Batch 7740/10484, Loss: 4.0525
  Batch 7750/10484, Loss: 4.2507
  Batch 7760/10484, Loss: 3.6715
  Batch 7770/10484, Loss: 4.2434
  Batch 7780/10484, Loss: 3.8043
  Batch 7790/10484, Loss: 3.5142
  Batch 7800/10484, Loss: 4.3054
  Batch 7810/10484, Loss: 3.6923
  Batch 7820/10484, Loss: 3.8528
  Batch 7830/10484, Loss: 3.7646
  Batch 7840/10484, Loss: 3.9703
  Batch 7850/10484, Loss: 3.1492
  Batch 7860/10484, Loss: 4.2528
  Batch 7870/10484, Loss: 3.9398
  Batch 7880/10484, Loss: 4.7596
  Batch 7890/10484, Loss: 3.5153
  Batch 7900/10484, Loss: 3.7312
  Batch 7910/10484, Loss: 4.4493
  Batch 7920/10484, Loss: 3.7261
  Batch 7930/10484, Loss: 3.5463
  Batch 7940/10484, Loss: 4.1853
  Batch 7950/10484, Loss: 3.2548
  Batch 7960/10484, Loss: 4.2822
  Batch 7970/10484, Loss: 3.3741
  Batch 7980/10484, Loss: 4.3463
  Batch 7990/10484, Loss: 3.5764
  Batch 8000/10484, Loss: 4.0724
  Batch 8010/10484, Loss: 4.0231
  Batch 8020/10484, Loss: 3.5221
  Batch 8030/10484, Loss: 4.2127
  Batch 8040/10484, Loss: 3.7197
  Batch 8050/10484, Loss: 3.1643
  Batch 8060/10484, Loss: 3.9368
  Batch 8070/10484, Loss: 3.6337
  Batch 8080/10484, Loss: 3.7577
  Batch 8090/10484, Loss: 3.5876
  Batch 8100/10484, Loss: 4.0494
  Batch 8110/10484, Loss: 4.0733
  Batch 8120/10484, Loss: 4.1191
  Batch 8130/10484, Loss: 3.9100
  Batch 8140/10484, Loss: 4.0709
  Batch 8150/10484, Loss: 3.8712
  Batch 8160/10484, Loss: 3.6019
  Batch 8170/10484, Loss: 3.9998
  Batch 8180/10484, Loss: 2.9349
  Batch 8190/10484, Loss: 3.4994
  Batch 8200/10484, Loss: 3.7327
  Batch 8210/10484, Loss: 4.2493
  Batch 8220/10484, Loss: 4.1157
  Batch 8230/10484, Loss: 3.9007
  Batch 8240/10484, Loss: 3.5172
  Batch 8250/10484, Loss: 3.8831
  Batch 8260/10484, Loss: 3.3961
  Batch 8270/10484, Loss: 4.0756
  Batch 8280/10484, Loss: 4.5507
  Batch 8290/10484, Loss: 3.8682
  Batch 8300/10484, Loss: 3.7325
  Batch 8310/10484, Loss: 3.4413
  Batch 8320/10484, Loss: 3.5086
  Batch 8330/10484, Loss: 3.6857
  Batch 8340/10484, Loss: 3.3895
  Batch 8350/10484, Loss: 3.5385
  Batch 8360/10484, Loss: 4.1579
  Batch 8370/10484, Loss: 3.9266
  Batch 8380/10484, Loss: 4.0826
  Batch 8390/10484, Loss: 4.4723
  Batch 8400/10484, Loss: 3.7766
  Batch 8410/10484, Loss: 3.9270
  Batch 8420/10484, Loss: 3.7564
  Batch 8430/10484, Loss: 3.5341
  Batch 8440/10484, Loss: 3.6227
  Batch 8450/10484, Loss: 4.0641
  Batch 8460/10484, Loss: 3.5429
  Batch 8470/10484, Loss: 3.2333
  Batch 8480/10484, Loss: 4.2852
  Batch 8490/10484, Loss: 3.8512
  Batch 8500/10484, Loss: 3.3308
  Batch 8510/10484, Loss: 3.4617
  Batch 8520/10484, Loss: 4.2997
  Batch 8530/10484, Loss: 3.5580
  Batch 8540/10484, Loss: 3.3933
  Batch 8550/10484, Loss: 3.8346
  Batch 8560/10484, Loss: 3.9487
  Batch 8570/10484, Loss: 3.4127
  Batch 8580/10484, Loss: 4.2400
  Batch 8590/10484, Loss: 3.5277
  Batch 8600/10484, Loss: 4.7297
  Batch 8610/10484, Loss: 3.7872
  Batch 8620/10484, Loss: 3.2711
  Batch 8630/10484, Loss: 3.4343
  Batch 8640/10484, Loss: 3.7484
  Batch 8650/10484, Loss: 3.8907
  Batch 8660/10484, Loss: 3.8240
  Batch 8670/10484, Loss: 3.7919
  Batch 8680/10484, Loss: 4.4299
  Batch 8690/10484, Loss: 3.6563
  Batch 8700/10484, Loss: 4.2467
  Batch 8710/10484, Loss: 3.7492
  Batch 8720/10484, Loss: 4.0638
  Batch 8730/10484, Loss: 3.7109
  Batch 8740/10484, Loss: 3.5613
  Batch 8750/10484, Loss: 4.3876
  Batch 8760/10484, Loss: 3.9164
  Batch 8770/10484, Loss: 3.5009
  Batch 8780/10484, Loss: 4.0540
  Batch 8790/10484, Loss: 4.0514
  Batch 8800/10484, Loss: 3.7309
  Batch 8810/10484, Loss: 3.7681
  Batch 8820/10484, Loss: 3.8067
  Batch 8830/10484, Loss: 4.1808
  Batch 8840/10484, Loss: 3.4227
  Batch 8850/10484, Loss: 4.0484
  Batch 8860/10484, Loss: 4.2472
  Batch 8870/10484, Loss: 4.1407
  Batch 8880/10484, Loss: 3.0006
  Batch 8890/10484, Loss: 3.8176
  Batch 8900/10484, Loss: 3.9510
  Batch 8910/10484, Loss: 3.5687
  Batch 8920/10484, Loss: 3.9850
  Batch 8930/10484, Loss: 3.4274
  Batch 8940/10484, Loss: 3.9187
  Batch 8950/10484, Loss: 3.6861
  Batch 8960/10484, Loss: 3.7526
  Batch 8970/10484, Loss: 3.5972
  Batch 8980/10484, Loss: 3.7558
  Batch 8990/10484, Loss: 4.1282
  Batch 9000/10484, Loss: 3.2853
  Batch 9010/10484, Loss: 3.5530
  Batch 9020/10484, Loss: 3.3985
  Batch 9030/10484, Loss: 3.5165
  Batch 9040/10484, Loss: 3.5294
  Batch 9050/10484, Loss: 4.0148
  Batch 9060/10484, Loss: 3.6900
  Batch 9070/10484, Loss: 4.3384
  Batch 9080/10484, Loss: 3.5307
  Batch 9090/10484, Loss: 4.0470
  Batch 9100/10484, Loss: 3.4963
  Batch 9110/10484, Loss: 3.4603
  Batch 9120/10484, Loss: 3.3957
  Batch 9130/10484, Loss: 3.3008
  Batch 9140/10484, Loss: 3.6743
  Batch 9150/10484, Loss: 3.8381
  Batch 9160/10484, Loss: 3.9411
  Batch 9170/10484, Loss: 4.2672
  Batch 9180/10484, Loss: 4.3445
  Batch 9190/10484, Loss: 3.4618
  Batch 9200/10484, Loss: 3.9190
  Batch 9210/10484, Loss: 3.7058
  Batch 9220/10484, Loss: 4.2422
  Batch 9230/10484, Loss: 3.7715
  Batch 9240/10484, Loss: 3.7700
  Batch 9250/10484, Loss: 3.6682
  Batch 9260/10484, Loss: 3.6813
  Batch 9270/10484, Loss: 3.8345
  Batch 9280/10484, Loss: 4.2651
  Batch 9290/10484, Loss: 3.4208
  Batch 9300/10484, Loss: 4.1045
  Batch 9310/10484, Loss: 3.4481
  Batch 9320/10484, Loss: 3.5288
  Batch 9330/10484, Loss: 4.2260
  Batch 9340/10484, Loss: 3.5826
  Batch 9350/10484, Loss: 3.7335
  Batch 9360/10484, Loss: 3.3408
  Batch 9370/10484, Loss: 3.4984
  Batch 9380/10484, Loss: 4.1454
  Batch 9390/10484, Loss: 3.2802
  Batch 9400/10484, Loss: 3.1696
  Batch 9410/10484, Loss: 4.0925
  Batch 9420/10484, Loss: 3.2736
  Batch 9430/10484, Loss: 3.7822
  Batch 9440/10484, Loss: 4.2508
  Batch 9450/10484, Loss: 3.4337
  Batch 9460/10484, Loss: 3.8461
  Batch 9470/10484, Loss: 3.3789
  Batch 9480/10484, Loss: 4.1554
  Batch 9490/10484, Loss: 3.5591
  Batch 9500/10484, Loss: 4.1997
  Batch 9510/10484, Loss: 3.8699
  Batch 9520/10484, Loss: 4.0502
  Batch 9530/10484, Loss: 3.9052
  Batch 9540/10484, Loss: 3.4720
  Batch 9550/10484, Loss: 3.4611
  Batch 9560/10484, Loss: 3.5202
  Batch 9570/10484, Loss: 4.1826
  Batch 9580/10484, Loss: 4.0856
  Batch 9590/10484, Loss: 3.5993
  Batch 9600/10484, Loss: 3.3072
  Batch 9610/10484, Loss: 3.5014
  Batch 9620/10484, Loss: 3.3414
  Batch 9630/10484, Loss: 4.1008
  Batch 9640/10484, Loss: 3.6718
  Batch 9650/10484, Loss: 3.2915
  Batch 9660/10484, Loss: 3.5144
  Batch 9670/10484, Loss: 4.3503
  Batch 9680/10484, Loss: 3.6066
  Batch 9690/10484, Loss: 3.4846
  Batch 9700/10484, Loss: 4.0515
  Batch 9710/10484, Loss: 4.1068
  Batch 9720/10484, Loss: 3.5115
  Batch 9730/10484, Loss: 3.7284
  Batch 9740/10484, Loss: 3.8842
  Batch 9750/10484, Loss: 3.7389
  Batch 9760/10484, Loss: 3.2129
  Batch 9770/10484, Loss: 3.8791
  Batch 9780/10484, Loss: 3.2693
  Batch 9790/10484, Loss: 3.8809
  Batch 9800/10484, Loss: 4.0659
  Batch 9810/10484, Loss: 3.3035
  Batch 9820/10484, Loss: 3.5557
  Batch 9830/10484, Loss: 3.2982
  Batch 9840/10484, Loss: 3.4433
  Batch 9850/10484, Loss: 4.2504
  Batch 9860/10484, Loss: 3.6625
  Batch 9870/10484, Loss: 4.1932
  Batch 9880/10484, Loss: 4.0505
  Batch 9890/10484, Loss: 3.8413
  Batch 9900/10484, Loss: 4.0745
  Batch 9910/10484, Loss: 3.7337
  Batch 9920/10484, Loss: 3.8273
  Batch 9930/10484, Loss: 4.5581
  Batch 9940/10484, Loss: 3.8517
  Batch 9950/10484, Loss: 4.2001
  Batch 9960/10484, Loss: 4.6279
  Batch 9970/10484, Loss: 4.0966
  Batch 9980/10484, Loss: 3.1246
  Batch 9990/10484, Loss: 4.2174
  Batch 10000/10484, Loss: 4.2130
  Batch 10010/10484, Loss: 3.8122
  Batch 10020/10484, Loss: 3.7868
  Batch 10030/10484, Loss: 3.8639
  Batch 10040/10484, Loss: 3.6600
  Batch 10050/10484, Loss: 4.1167
  Batch 10060/10484, Loss: 3.9848
  Batch 10070/10484, Loss: 3.6872
  Batch 10080/10484, Loss: 3.7717
  Batch 10090/10484, Loss: 4.2954
  Batch 10100/10484, Loss: 3.8110
  Batch 10110/10484, Loss: 4.3598
  Batch 10120/10484, Loss: 3.2735
  Batch 10130/10484, Loss: 4.4600
  Batch 10140/10484, Loss: 2.7438
  Batch 10150/10484, Loss: 3.7158
  Batch 10160/10484, Loss: 4.1488
  Batch 10170/10484, Loss: 3.7264
  Batch 10180/10484, Loss: 3.7160
  Batch 10190/10484, Loss: 3.4537
  Batch 10200/10484, Loss: 4.0873
  Batch 10210/10484, Loss: 4.0689
  Batch 10220/10484, Loss: 3.6202
  Batch 10230/10484, Loss: 3.4615
  Batch 10240/10484, Loss: 3.4644
  Batch 10250/10484, Loss: 3.6716
  Batch 10260/10484, Loss: 3.3615
  Batch 10270/10484, Loss: 3.6606
  Batch 10280/10484, Loss: 4.0511
  Batch 10290/10484, Loss: 3.3751
  Batch 10300/10484, Loss: 4.1597
  Batch 10310/10484, Loss: 4.0804
  Batch 10320/10484, Loss: 3.0321
  Batch 10330/10484, Loss: 3.9746
  Batch 10340/10484, Loss: 3.2246
  Batch 10350/10484, Loss: 4.2333
  Batch 10360/10484, Loss: 3.5427
  Batch 10370/10484, Loss: 3.6232
  Batch 10380/10484, Loss: 3.1897
  Batch 10390/10484, Loss: 4.0425
  Batch 10400/10484, Loss: 3.7266
  Batch 10410/10484, Loss: 4.0661
  Batch 10420/10484, Loss: 4.1799
  Batch 10430/10484, Loss: 3.5278
  Batch 10440/10484, Loss: 3.6704
  Batch 10450/10484, Loss: 4.0530
  Batch 10460/10484, Loss: 3.4548
  Batch 10470/10484, Loss: 3.9124
  Batch 10480/10484, Loss: 3.6192

  Train Loss: 3.7645
  Val Loss: 6.7826
  Time: 30m 56s

Epoch 18/20
----------------------------------------
  Batch 10/10484, Loss: 3.7740
  Batch 20/10484, Loss: 3.9880
  Batch 30/10484, Loss: 3.8646
  Batch 40/10484, Loss: 4.0447
  Batch 50/10484, Loss: 3.7893
  Batch 60/10484, Loss: 3.6849
  Batch 70/10484, Loss: 4.1033
  Batch 80/10484, Loss: 3.6634
  Batch 90/10484, Loss: 3.5471
  Batch 100/10484, Loss: 3.7043
  Batch 110/10484, Loss: 3.7308
  Batch 120/10484, Loss: 3.7822
  Batch 130/10484, Loss: 3.5023
  Batch 140/10484, Loss: 3.5253
  Batch 150/10484, Loss: 2.6792
  Batch 160/10484, Loss: 4.0827
  Batch 170/10484, Loss: 3.8582
  Batch 180/10484, Loss: 3.6070
  Batch 190/10484, Loss: 3.2148
  Batch 200/10484, Loss: 3.6452
  Batch 210/10484, Loss: 4.1339
  Batch 220/10484, Loss: 3.8729
  Batch 230/10484, Loss: 2.8874
  Batch 240/10484, Loss: 3.0387
  Batch 250/10484, Loss: 3.9120
  Batch 260/10484, Loss: 3.3572
  Batch 270/10484, Loss: 3.6648
  Batch 280/10484, Loss: 3.3996
  Batch 290/10484, Loss: 3.5640
  Batch 300/10484, Loss: 3.7959
  Batch 310/10484, Loss: 3.8121
  Batch 320/10484, Loss: 3.5586
  Batch 330/10484, Loss: 3.9156
  Batch 340/10484, Loss: 3.7579
  Batch 350/10484, Loss: 3.5664
  Batch 360/10484, Loss: 3.8221
  Batch 370/10484, Loss: 3.9520
  Batch 380/10484, Loss: 3.8006
  Batch 390/10484, Loss: 3.7079
  Batch 400/10484, Loss: 3.8127
  Batch 410/10484, Loss: 2.8232
  Batch 420/10484, Loss: 4.0194
  Batch 430/10484, Loss: 3.8824
  Batch 440/10484, Loss: 2.8817
  Batch 450/10484, Loss: 3.7080
  Batch 460/10484, Loss: 3.5250
  Batch 470/10484, Loss: 3.5829
  Batch 480/10484, Loss: 4.3411
  Batch 490/10484, Loss: 3.8613
  Batch 500/10484, Loss: 3.4732
  Batch 510/10484, Loss: 3.5304
  Batch 520/10484, Loss: 3.9799
  Batch 530/10484, Loss: 4.2011
  Batch 540/10484, Loss: 4.1714
  Batch 550/10484, Loss: 3.9068
  Batch 560/10484, Loss: 4.1550
  Batch 570/10484, Loss: 3.4233
  Batch 580/10484, Loss: 3.0412
  Batch 590/10484, Loss: 2.7317
  Batch 600/10484, Loss: 3.7665
  Batch 610/10484, Loss: 3.5148
  Batch 620/10484, Loss: 3.3988
  Batch 630/10484, Loss: 3.7282
  Batch 640/10484, Loss: 3.5514
  Batch 650/10484, Loss: 3.7433
  Batch 660/10484, Loss: 3.5496
  Batch 670/10484, Loss: 4.0143
  Batch 680/10484, Loss: 4.1510
  Batch 690/10484, Loss: 4.3274
  Batch 700/10484, Loss: 2.9949
  Batch 710/10484, Loss: 4.1148
  Batch 720/10484, Loss: 3.6199
  Batch 730/10484, Loss: 4.0954
  Batch 740/10484, Loss: 3.5889
  Batch 750/10484, Loss: 3.3820
  Batch 760/10484, Loss: 3.4065
  Batch 770/10484, Loss: 3.2252
  Batch 780/10484, Loss: 3.2531
  Batch 790/10484, Loss: 3.9163
  Batch 800/10484, Loss: 3.4437
  Batch 810/10484, Loss: 2.9969
  Batch 820/10484, Loss: 3.2379
  Batch 830/10484, Loss: 4.1378
  Batch 840/10484, Loss: 4.3207
  Batch 850/10484, Loss: 4.4585
  Batch 860/10484, Loss: 3.8447
  Batch 870/10484, Loss: 3.4065
  Batch 880/10484, Loss: 3.8204
  Batch 890/10484, Loss: 3.8345
  Batch 900/10484, Loss: 3.3851
  Batch 910/10484, Loss: 4.2220
  Batch 920/10484, Loss: 3.7844
  Batch 930/10484, Loss: 4.1327
  Batch 940/10484, Loss: 3.1720
  Batch 950/10484, Loss: 3.3838
  Batch 960/10484, Loss: 4.2266
  Batch 970/10484, Loss: 2.6906
  Batch 980/10484, Loss: 3.5695
  Batch 990/10484, Loss: 3.5573
  Batch 1000/10484, Loss: 4.2902
  Batch 1010/10484, Loss: 3.1864
  Batch 1020/10484, Loss: 3.8652
  Batch 1030/10484, Loss: 3.3969
  Batch 1040/10484, Loss: 3.7557
  Batch 1050/10484, Loss: 2.9970
  Batch 1060/10484, Loss: 4.1098
  Batch 1070/10484, Loss: 3.6619
  Batch 1080/10484, Loss: 3.0304
  Batch 1090/10484, Loss: 3.5157
  Batch 1100/10484, Loss: 3.6556
  Batch 1110/10484, Loss: 3.6593
  Batch 1120/10484, Loss: 3.5575
  Batch 1130/10484, Loss: 3.6982
  Batch 1140/10484, Loss: 3.8005
  Batch 1150/10484, Loss: 3.4584
  Batch 1160/10484, Loss: 3.4434
  Batch 1170/10484, Loss: 3.9372
  Batch 1180/10484, Loss: 3.4048
  Batch 1190/10484, Loss: 4.2935
  Batch 1200/10484, Loss: 3.2066
  Batch 1210/10484, Loss: 3.7985
  Batch 1220/10484, Loss: 3.8946
  Batch 1230/10484, Loss: 3.2405
  Batch 1240/10484, Loss: 4.0097
  Batch 1250/10484, Loss: 4.0437
  Batch 1260/10484, Loss: 3.0576
  Batch 1270/10484, Loss: 3.2288
  Batch 1280/10484, Loss: 4.4828
  Batch 1290/10484, Loss: 2.7199
  Batch 1300/10484, Loss: 3.8233
  Batch 1310/10484, Loss: 3.2242
  Batch 1320/10484, Loss: 3.4990
  Batch 1330/10484, Loss: 4.1716
  Batch 1340/10484, Loss: 4.2506
  Batch 1350/10484, Loss: 3.4903
  Batch 1360/10484, Loss: 3.6703
  Batch 1370/10484, Loss: 3.3107
  Batch 1380/10484, Loss: 3.8097
  Batch 1390/10484, Loss: 3.6187
  Batch 1400/10484, Loss: 3.7056
  Batch 1410/10484, Loss: 3.8901
  Batch 1420/10484, Loss: 4.0608
  Batch 1430/10484, Loss: 4.2368
  Batch 1440/10484, Loss: 3.9594
  Batch 1450/10484, Loss: 3.9112
  Batch 1460/10484, Loss: 3.8711
  Batch 1470/10484, Loss: 4.1223
  Batch 1480/10484, Loss: 4.0604
  Batch 1490/10484, Loss: 3.4033
  Batch 1500/10484, Loss: 3.4030
  Batch 1510/10484, Loss: 3.3469
  Batch 1520/10484, Loss: 3.9720
  Batch 1530/10484, Loss: 4.0320
  Batch 1540/10484, Loss: 4.1974
  Batch 1550/10484, Loss: 3.9689
  Batch 1560/10484, Loss: 3.5495
  Batch 1570/10484, Loss: 3.6146
  Batch 1580/10484, Loss: 4.1816
  Batch 1590/10484, Loss: 3.8685
  Batch 1600/10484, Loss: 3.3687
  Batch 1610/10484, Loss: 3.4638
  Batch 1620/10484, Loss: 3.7299
  Batch 1630/10484, Loss: 3.5719
  Batch 1640/10484, Loss: 3.2600
  Batch 1650/10484, Loss: 3.3233
  Batch 1660/10484, Loss: 4.3783
  Batch 1670/10484, Loss: 4.4361
  Batch 1680/10484, Loss: 2.8359
  Batch 1690/10484, Loss: 3.4856
  Batch 1700/10484, Loss: 4.1418
  Batch 1710/10484, Loss: 3.4471
  Batch 1720/10484, Loss: 3.5340
  Batch 1730/10484, Loss: 3.5437
  Batch 1740/10484, Loss: 3.6572
  Batch 1750/10484, Loss: 3.6939
  Batch 1760/10484, Loss: 3.3066
  Batch 1770/10484, Loss: 3.4773
  Batch 1780/10484, Loss: 3.8307
  Batch 1790/10484, Loss: 4.3121
  Batch 1800/10484, Loss: 3.5607
  Batch 1810/10484, Loss: 4.0361
  Batch 1820/10484, Loss: 2.9882
  Batch 1830/10484, Loss: 3.6206
  Batch 1840/10484, Loss: 3.3326
  Batch 1850/10484, Loss: 3.0828
  Batch 1860/10484, Loss: 3.8475
  Batch 1870/10484, Loss: 4.4118
  Batch 1880/10484, Loss: 3.6512
  Batch 1890/10484, Loss: 2.9148
  Batch 1900/10484, Loss: 3.8764
  Batch 1910/10484, Loss: 3.7994
  Batch 1920/10484, Loss: 3.4555
  Batch 1930/10484, Loss: 3.4669
  Batch 1940/10484, Loss: 3.5952
  Batch 1950/10484, Loss: 4.0916
  Batch 1960/10484, Loss: 3.2424
  Batch 1970/10484, Loss: 3.9621
  Batch 1980/10484, Loss: 3.3858
  Batch 1990/10484, Loss: 4.1009
  Batch 2000/10484, Loss: 3.9715
  Batch 2010/10484, Loss: 3.1700
  Batch 2020/10484, Loss: 3.7838
  Batch 2030/10484, Loss: 3.8603
  Batch 2040/10484, Loss: 3.7425
  Batch 2050/10484, Loss: 3.7067
  Batch 2060/10484, Loss: 3.7410
  Batch 2070/10484, Loss: 3.3349
  Batch 2080/10484, Loss: 3.3193
  Batch 2090/10484, Loss: 3.6965
  Batch 2100/10484, Loss: 3.9524
  Batch 2110/10484, Loss: 4.1381
  Batch 2120/10484, Loss: 3.6663
  Batch 2130/10484, Loss: 3.8666
  Batch 2140/10484, Loss: 3.4744
  Batch 2150/10484, Loss: 4.0365
  Batch 2160/10484, Loss: 3.1240
  Batch 2170/10484, Loss: 3.6117
  Batch 2180/10484, Loss: 3.7845
  Batch 2190/10484, Loss: 3.9583
  Batch 2200/10484, Loss: 3.1373
  Batch 2210/10484, Loss: 3.6728
  Batch 2220/10484, Loss: 3.3875
  Batch 2230/10484, Loss: 3.5779
  Batch 2240/10484, Loss: 3.7128
  Batch 2250/10484, Loss: 2.9906
  Batch 2260/10484, Loss: 3.9994
  Batch 2270/10484, Loss: 3.3199
  Batch 2280/10484, Loss: 3.7668
  Batch 2290/10484, Loss: 3.5128
  Batch 2300/10484, Loss: 3.5811
  Batch 2310/10484, Loss: 3.4126
  Batch 2320/10484, Loss: 4.1745
  Batch 2330/10484, Loss: 3.5708
  Batch 2340/10484, Loss: 4.1609
  Batch 2350/10484, Loss: 3.8412
  Batch 2360/10484, Loss: 3.0899
  Batch 2370/10484, Loss: 4.2129
  Batch 2380/10484, Loss: 3.9026
  Batch 2390/10484, Loss: 3.7178
  Batch 2400/10484, Loss: 3.9236
  Batch 2410/10484, Loss: 3.3877
  Batch 2420/10484, Loss: 3.4539
  Batch 2430/10484, Loss: 4.0054
  Batch 2440/10484, Loss: 3.5444
  Batch 2450/10484, Loss: 3.5477
  Batch 2460/10484, Loss: 3.1627
  Batch 2470/10484, Loss: 3.7381
  Batch 2480/10484, Loss: 3.5628
  Batch 2490/10484, Loss: 4.2410
  Batch 2500/10484, Loss: 3.5703
  Batch 2510/10484, Loss: 3.6819
  Batch 2520/10484, Loss: 3.6397
  Batch 2530/10484, Loss: 4.4320
  Batch 2540/10484, Loss: 3.2618
  Batch 2550/10484, Loss: 4.2428
  Batch 2560/10484, Loss: 3.0472
  Batch 2570/10484, Loss: 3.8753
  Batch 2580/10484, Loss: 3.7074
  Batch 2590/10484, Loss: 4.0395
  Batch 2600/10484, Loss: 3.4630
  Batch 2610/10484, Loss: 3.8472
  Batch 2620/10484, Loss: 3.5572
  Batch 2630/10484, Loss: 4.4628
  Batch 2640/10484, Loss: 3.3579
  Batch 2650/10484, Loss: 3.3802
  Batch 2660/10484, Loss: 4.0085
  Batch 2670/10484, Loss: 3.8258
  Batch 2680/10484, Loss: 3.8645
  Batch 2690/10484, Loss: 3.9850
  Batch 2700/10484, Loss: 3.1734
  Batch 2710/10484, Loss: 3.3935
  Batch 2720/10484, Loss: 3.7745
  Batch 2730/10484, Loss: 3.5615
  Batch 2740/10484, Loss: 3.5885
  Batch 2750/10484, Loss: 4.0285
  Batch 2760/10484, Loss: 3.6564
  Batch 2770/10484, Loss: 4.0691
  Batch 2780/10484, Loss: 3.3963
  Batch 2790/10484, Loss: 3.6387
  Batch 2800/10484, Loss: 3.8907
  Batch 2810/10484, Loss: 3.9208
  Batch 2820/10484, Loss: 3.5643
  Batch 2830/10484, Loss: 3.8301
  Batch 2840/10484, Loss: 4.1750
  Batch 2850/10484, Loss: 3.9676
  Batch 2860/10484, Loss: 3.0573
  Batch 2870/10484, Loss: 3.5955
  Batch 2880/10484, Loss: 3.4196
  Batch 2890/10484, Loss: 4.1577
  Batch 2900/10484, Loss: 3.5901
  Batch 2910/10484, Loss: 3.3748
  Batch 2920/10484, Loss: 3.9129
  Batch 2930/10484, Loss: 3.1294
  Batch 2940/10484, Loss: 2.9930
  Batch 2950/10484, Loss: 3.9890
  Batch 2960/10484, Loss: 4.1954
  Batch 2970/10484, Loss: 3.5675
  Batch 2980/10484, Loss: 3.8248
  Batch 2990/10484, Loss: 4.1807
  Batch 3000/10484, Loss: 3.8817
  Batch 3010/10484, Loss: 3.4621
  Batch 3020/10484, Loss: 4.0156
  Batch 3030/10484, Loss: 4.3301
  Batch 3040/10484, Loss: 3.5428
  Batch 3050/10484, Loss: 3.8187
  Batch 3060/10484, Loss: 4.3891
  Batch 3070/10484, Loss: 3.8175
  Batch 3080/10484, Loss: 3.6070
  Batch 3090/10484, Loss: 4.2343
  Batch 3100/10484, Loss: 3.8965
  Batch 3110/10484, Loss: 4.0021
  Batch 3120/10484, Loss: 3.8125
  Batch 3130/10484, Loss: 2.7676
  Batch 3140/10484, Loss: 3.7370
  Batch 3150/10484, Loss: 2.8958
  Batch 3160/10484, Loss: 4.0639
  Batch 3170/10484, Loss: 3.4094
  Batch 3180/10484, Loss: 2.8487
  Batch 3190/10484, Loss: 3.3409
  Batch 3200/10484, Loss: 4.0323
  Batch 3210/10484, Loss: 3.3774
  Batch 3220/10484, Loss: 3.9631
  Batch 3230/10484, Loss: 3.3612
  Batch 3240/10484, Loss: 4.3556
  Batch 3250/10484, Loss: 3.2838
  Batch 3260/10484, Loss: 4.0873
  Batch 3270/10484, Loss: 3.8648
  Batch 3280/10484, Loss: 3.8866
  Batch 3290/10484, Loss: 3.6454
  Batch 3300/10484, Loss: 3.9269
  Batch 3310/10484, Loss: 3.6853
  Batch 3320/10484, Loss: 3.6873
  Batch 3330/10484, Loss: 4.1958
  Batch 3340/10484, Loss: 3.7269
  Batch 3350/10484, Loss: 4.0580
  Batch 3360/10484, Loss: 3.2911
  Batch 3370/10484, Loss: 3.1689
  Batch 3380/10484, Loss: 4.3753
  Batch 3390/10484, Loss: 3.0374
  Batch 3400/10484, Loss: 3.7713
  Batch 3410/10484, Loss: 3.3978
  Batch 3420/10484, Loss: 3.7498
  Batch 3430/10484, Loss: 3.5631
  Batch 3440/10484, Loss: 3.9135
  Batch 3450/10484, Loss: 3.5147
  Batch 3460/10484, Loss: 3.6404
  Batch 3470/10484, Loss: 3.8917
  Batch 3480/10484, Loss: 3.8599
  Batch 3490/10484, Loss: 4.3448
  Batch 3500/10484, Loss: 3.5860
  Batch 3510/10484, Loss: 3.9984
  Batch 3520/10484, Loss: 3.0942
  Batch 3530/10484, Loss: 4.2020
  Batch 3540/10484, Loss: 3.7576
  Batch 3550/10484, Loss: 4.0098
  Batch 3560/10484, Loss: 4.1526
  Batch 3570/10484, Loss: 4.2344
  Batch 3580/10484, Loss: 3.4303
  Batch 3590/10484, Loss: 3.9116
  Batch 3600/10484, Loss: 3.4514
  Batch 3610/10484, Loss: 3.9774
  Batch 3620/10484, Loss: 3.8987
  Batch 3630/10484, Loss: 4.1190
  Batch 3640/10484, Loss: 4.0353
  Batch 3650/10484, Loss: 3.7227
  Batch 3660/10484, Loss: 3.5528
  Batch 3670/10484, Loss: 3.4954
  Batch 3680/10484, Loss: 4.3252
  Batch 3690/10484, Loss: 4.1173
  Batch 3700/10484, Loss: 3.7662
  Batch 3710/10484, Loss: 3.4616
  Batch 3720/10484, Loss: 3.5499
  Batch 3730/10484, Loss: 4.1550
  Batch 3740/10484, Loss: 3.7709
  Batch 3750/10484, Loss: 3.7998
  Batch 3760/10484, Loss: 3.4026
  Batch 3770/10484, Loss: 4.0824
  Batch 3780/10484, Loss: 3.4487
  Batch 3790/10484, Loss: 3.9853
  Batch 3800/10484, Loss: 4.2342
  Batch 3810/10484, Loss: 4.4663
  Batch 3820/10484, Loss: 4.3716
  Batch 3830/10484, Loss: 4.2001
  Batch 3840/10484, Loss: 4.0682
  Batch 3850/10484, Loss: 4.0811
  Batch 3860/10484, Loss: 3.8683
  Batch 3870/10484, Loss: 3.6233
  Batch 3880/10484, Loss: 3.5575
  Batch 3890/10484, Loss: 4.1819
  Batch 3900/10484, Loss: 3.0599
  Batch 3910/10484, Loss: 4.2685
  Batch 3920/10484, Loss: 3.6783
  Batch 3930/10484, Loss: 4.0083
  Batch 3940/10484, Loss: 3.5779
  Batch 3950/10484, Loss: 3.6325
  Batch 3960/10484, Loss: 4.1973
  Batch 3970/10484, Loss: 3.5048
  Batch 3980/10484, Loss: 3.6914
  Batch 3990/10484, Loss: 3.8664
  Batch 4000/10484, Loss: 3.5182
  Batch 4010/10484, Loss: 3.8420
  Batch 4020/10484, Loss: 3.5446
  Batch 4030/10484, Loss: 4.0280
  Batch 4040/10484, Loss: 4.1797
  Batch 4050/10484, Loss: 3.1641
  Batch 4060/10484, Loss: 3.7300
  Batch 4070/10484, Loss: 3.8724
  Batch 4080/10484, Loss: 3.5094
  Batch 4090/10484, Loss: 4.3056
  Batch 4100/10484, Loss: 2.8828
  Batch 4110/10484, Loss: 4.4008
  Batch 4120/10484, Loss: 4.4141
  Batch 4130/10484, Loss: 3.8461
  Batch 4140/10484, Loss: 2.9852
  Batch 4150/10484, Loss: 3.9086
  Batch 4160/10484, Loss: 3.6847
  Batch 4170/10484, Loss: 3.7556
  Batch 4180/10484, Loss: 4.2927
  Batch 4190/10484, Loss: 4.4569
  Batch 4200/10484, Loss: 4.3729
  Batch 4210/10484, Loss: 3.4576
  Batch 4220/10484, Loss: 3.1930
  Batch 4230/10484, Loss: 3.7595
  Batch 4240/10484, Loss: 3.2095
  Batch 4250/10484, Loss: 4.0452
  Batch 4260/10484, Loss: 3.9813
  Batch 4270/10484, Loss: 3.7566
  Batch 4280/10484, Loss: 2.7837
  Batch 4290/10484, Loss: 3.3717
  Batch 4300/10484, Loss: 4.2068
  Batch 4310/10484, Loss: 3.4880
  Batch 4320/10484, Loss: 3.6892
  Batch 4330/10484, Loss: 3.7495
  Batch 4340/10484, Loss: 3.7144
  Batch 4350/10484, Loss: 3.3920
  Batch 4360/10484, Loss: 4.3114
  Batch 4370/10484, Loss: 3.8595
  Batch 4380/10484, Loss: 3.5867
  Batch 4390/10484, Loss: 3.9405
  Batch 4400/10484, Loss: 3.4053
  Batch 4410/10484, Loss: 3.3442
  Batch 4420/10484, Loss: 3.5166
  Batch 4430/10484, Loss: 3.8045
  Batch 4440/10484, Loss: 3.5818
  Batch 4450/10484, Loss: 3.2193
  Batch 4460/10484, Loss: 3.3923
  Batch 4470/10484, Loss: 3.9069
  Batch 4480/10484, Loss: 3.4461
  Batch 4490/10484, Loss: 3.5296
  Batch 4500/10484, Loss: 4.3399
  Batch 4510/10484, Loss: 3.6368
  Batch 4520/10484, Loss: 4.2714
  Batch 4530/10484, Loss: 2.6624
  Batch 4540/10484, Loss: 3.7651
  Batch 4550/10484, Loss: 3.8368
  Batch 4560/10484, Loss: 3.3939
  Batch 4570/10484, Loss: 3.5163
  Batch 4580/10484, Loss: 3.9850
  Batch 4590/10484, Loss: 3.6134
  Batch 4600/10484, Loss: 3.9276
  Batch 4610/10484, Loss: 3.5650
  Batch 4620/10484, Loss: 4.2642
  Batch 4630/10484, Loss: 2.9252
  Batch 4640/10484, Loss: 3.6184
  Batch 4650/10484, Loss: 4.1807
  Batch 4660/10484, Loss: 4.3599
  Batch 4670/10484, Loss: 4.1254
  Batch 4680/10484, Loss: 3.2521
  Batch 4690/10484, Loss: 3.8349
  Batch 4700/10484, Loss: 3.8197
  Batch 4710/10484, Loss: 4.1599
  Batch 4720/10484, Loss: 3.3550
  Batch 4730/10484, Loss: 3.3304
  Batch 4740/10484, Loss: 3.2601
  Batch 4750/10484, Loss: 3.6593
  Batch 4760/10484, Loss: 3.4273
  Batch 4770/10484, Loss: 4.2607
  Batch 4780/10484, Loss: 3.6426
  Batch 4790/10484, Loss: 4.0403
  Batch 4800/10484, Loss: 4.5696
  Batch 4810/10484, Loss: 3.8312
  Batch 4820/10484, Loss: 3.8303
  Batch 4830/10484, Loss: 3.4736
  Batch 4840/10484, Loss: 2.8000
  Batch 4850/10484, Loss: 3.3313
  Batch 4860/10484, Loss: 4.4019
  Batch 4870/10484, Loss: 4.5452
  Batch 4880/10484, Loss: 4.2678
  Batch 4890/10484, Loss: 3.5664
  Batch 4900/10484, Loss: 4.0202
  Batch 4910/10484, Loss: 4.0716
  Batch 4920/10484, Loss: 4.1008
  Batch 4930/10484, Loss: 3.7397
  Batch 4940/10484, Loss: 4.0653
  Batch 4950/10484, Loss: 3.7001
  Batch 4960/10484, Loss: 3.8494
  Batch 4970/10484, Loss: 2.6969
  Batch 4980/10484, Loss: 4.2689
  Batch 4990/10484, Loss: 3.3866
  Batch 5000/10484, Loss: 3.0093
  Batch 5010/10484, Loss: 3.6782
  Batch 5020/10484, Loss: 4.2695
  Batch 5030/10484, Loss: 4.4623
  Batch 5040/10484, Loss: 3.2788
  Batch 5050/10484, Loss: 4.3475
  Batch 5060/10484, Loss: 4.2836
  Batch 5070/10484, Loss: 3.4720
  Batch 5080/10484, Loss: 3.3545
  Batch 5090/10484, Loss: 3.7198
  Batch 5100/10484, Loss: 4.0396
  Batch 5110/10484, Loss: 3.7135
  Batch 5120/10484, Loss: 3.9963
  Batch 5130/10484, Loss: 4.3989
  Batch 5140/10484, Loss: 4.0722
  Batch 5150/10484, Loss: 3.8337
  Batch 5160/10484, Loss: 3.8366
  Batch 5170/10484, Loss: 3.8644
  Batch 5180/10484, Loss: 4.3780
  Batch 5190/10484, Loss: 4.0648
  Batch 5200/10484, Loss: 3.1145
  Batch 5210/10484, Loss: 4.5395
  Batch 5220/10484, Loss: 3.6007
  Batch 5230/10484, Loss: 3.5845
  Batch 5240/10484, Loss: 3.4576
  Batch 5250/10484, Loss: 3.7903
  Batch 5260/10484, Loss: 3.0626
  Batch 5270/10484, Loss: 3.8111
  Batch 5280/10484, Loss: 3.9268
  Batch 5290/10484, Loss: 3.7816
  Batch 5300/10484, Loss: 3.7841
  Batch 5310/10484, Loss: 3.6839
  Batch 5320/10484, Loss: 3.7408
  Batch 5330/10484, Loss: 4.2736
  Batch 5340/10484, Loss: 4.1417
  Batch 5350/10484, Loss: 3.3110
  Batch 5360/10484, Loss: 3.2530
  Batch 5370/10484, Loss: 3.6877
  Batch 5380/10484, Loss: 4.2793
  Batch 5390/10484, Loss: 4.0479
  Batch 5400/10484, Loss: 4.4010
  Batch 5410/10484, Loss: 3.7448
  Batch 5420/10484, Loss: 3.4413
  Batch 5430/10484, Loss: 3.1490
  Batch 5440/10484, Loss: 3.5518
  Batch 5450/10484, Loss: 4.3596
  Batch 5460/10484, Loss: 4.0803
  Batch 5470/10484, Loss: 4.3237
  Batch 5480/10484, Loss: 4.0348
  Batch 5490/10484, Loss: 3.1324
  Batch 5500/10484, Loss: 3.7142
  Batch 5510/10484, Loss: 3.9836
  Batch 5520/10484, Loss: 3.4550
  Batch 5530/10484, Loss: 4.0735
  Batch 5540/10484, Loss: 3.4508
  Batch 5550/10484, Loss: 4.0036
  Batch 5560/10484, Loss: 3.8628
  Batch 5570/10484, Loss: 3.9104
  Batch 5580/10484, Loss: 4.4204
  Batch 5590/10484, Loss: 3.5981
  Batch 5600/10484, Loss: 3.9128
  Batch 5610/10484, Loss: 4.1679
  Batch 5620/10484, Loss: 3.5325
  Batch 5630/10484, Loss: 3.3164
  Batch 5640/10484, Loss: 3.8975
  Batch 5650/10484, Loss: 4.0950
  Batch 5660/10484, Loss: 3.6483
  Batch 5670/10484, Loss: 3.7318
  Batch 5680/10484, Loss: 3.4336
  Batch 5690/10484, Loss: 3.9555
  Batch 5700/10484, Loss: 3.8584
  Batch 5710/10484, Loss: 3.5835
  Batch 5720/10484, Loss: 3.1620
  Batch 5730/10484, Loss: 4.1557
  Batch 5740/10484, Loss: 4.3506
  Batch 5750/10484, Loss: 3.9588
  Batch 5760/10484, Loss: 3.9616
  Batch 5770/10484, Loss: 3.3583
  Batch 5780/10484, Loss: 3.6803
  Batch 5790/10484, Loss: 4.1052
  Batch 5800/10484, Loss: 3.5060
  Batch 5810/10484, Loss: 4.0622
  Batch 5820/10484, Loss: 4.5594
  Batch 5830/10484, Loss: 3.9174
  Batch 5840/10484, Loss: 3.7792
  Batch 5850/10484, Loss: 4.1691
  Batch 5860/10484, Loss: 3.9473
  Batch 5870/10484, Loss: 3.3547
  Batch 5880/10484, Loss: 3.6523
  Batch 5890/10484, Loss: 3.5138
  Batch 5900/10484, Loss: 3.1566
  Batch 5910/10484, Loss: 4.2665
  Batch 5920/10484, Loss: 3.5517
  Batch 5930/10484, Loss: 3.1857
  Batch 5940/10484, Loss: 4.2250
  Batch 5950/10484, Loss: 3.0091
  Batch 5960/10484, Loss: 3.8640
  Batch 5970/10484, Loss: 3.8021
  Batch 5980/10484, Loss: 3.1725
  Batch 5990/10484, Loss: 3.6417
  Batch 6000/10484, Loss: 3.9916
  Batch 6010/10484, Loss: 3.4962
  Batch 6020/10484, Loss: 3.6204
  Batch 6030/10484, Loss: 4.0025
  Batch 6040/10484, Loss: 4.2205
  Batch 6050/10484, Loss: 4.2130
  Batch 6060/10484, Loss: 3.1448
  Batch 6070/10484, Loss: 4.1921
  Batch 6080/10484, Loss: 3.2651
  Batch 6090/10484, Loss: 4.3354
  Batch 6100/10484, Loss: 3.4798
  Batch 6110/10484, Loss: 3.1987
  Batch 6120/10484, Loss: 3.3557
  Batch 6130/10484, Loss: 3.9017
  Batch 6140/10484, Loss: 3.7412
  Batch 6150/10484, Loss: 3.2686
  Batch 6160/10484, Loss: 4.2870
  Batch 6170/10484, Loss: 4.3872
  Batch 6180/10484, Loss: 3.7377
  Batch 6190/10484, Loss: 4.5238
  Batch 6200/10484, Loss: 3.8259
  Batch 6210/10484, Loss: 4.3007
  Batch 6220/10484, Loss: 3.9293
  Batch 6230/10484, Loss: 3.4484
  Batch 6240/10484, Loss: 4.0182
  Batch 6250/10484, Loss: 3.5388
  Batch 6260/10484, Loss: 3.8427
  Batch 6270/10484, Loss: 2.8156
  Batch 6280/10484, Loss: 3.9204
  Batch 6290/10484, Loss: 4.3023
  Batch 6300/10484, Loss: 2.8958
  Batch 6310/10484, Loss: 3.9505
  Batch 6320/10484, Loss: 4.1370
  Batch 6330/10484, Loss: 4.0293
  Batch 6340/10484, Loss: 3.2318
  Batch 6350/10484, Loss: 4.1667
  Batch 6360/10484, Loss: 3.7733
  Batch 6370/10484, Loss: 3.7352
  Batch 6380/10484, Loss: 3.3613
  Batch 6390/10484, Loss: 3.6025
  Batch 6400/10484, Loss: 4.2271
  Batch 6410/10484, Loss: 3.5768
  Batch 6420/10484, Loss: 4.0570
  Batch 6430/10484, Loss: 3.2895
  Batch 6440/10484, Loss: 3.1393
  Batch 6450/10484, Loss: 3.7350
  Batch 6460/10484, Loss: 3.5445
  Batch 6470/10484, Loss: 3.7482
  Batch 6480/10484, Loss: 3.0274
  Batch 6490/10484, Loss: 4.0938
  Batch 6500/10484, Loss: 4.1910
  Batch 6510/10484, Loss: 3.5602
  Batch 6520/10484, Loss: 3.4580
  Batch 6530/10484, Loss: 3.9455
  Batch 6540/10484, Loss: 4.0766
  Batch 6550/10484, Loss: 3.8365
  Batch 6560/10484, Loss: 3.8901
  Batch 6570/10484, Loss: 3.5571
  Batch 6580/10484, Loss: 3.4083
  Batch 6590/10484, Loss: 4.1071
  Batch 6600/10484, Loss: 3.7273
  Batch 6610/10484, Loss: 4.1968
  Batch 6620/10484, Loss: 3.4759
  Batch 6630/10484, Loss: 3.6772
  Batch 6640/10484, Loss: 3.9525
  Batch 6650/10484, Loss: 4.0814
  Batch 6660/10484, Loss: 4.1722
  Batch 6670/10484, Loss: 2.9357
  Batch 6680/10484, Loss: 3.6021
  Batch 6690/10484, Loss: 3.6185
  Batch 6700/10484, Loss: 3.3910
  Batch 6710/10484, Loss: 3.8249
  Batch 6720/10484, Loss: 3.9002
  Batch 6730/10484, Loss: 2.9088
  Batch 6740/10484, Loss: 3.7506
  Batch 6750/10484, Loss: 3.6473
  Batch 6760/10484, Loss: 3.7693
  Batch 6770/10484, Loss: 4.3809
  Batch 6780/10484, Loss: 3.9446
  Batch 6790/10484, Loss: 3.6829
  Batch 6800/10484, Loss: 4.4438
  Batch 6810/10484, Loss: 3.6885
  Batch 6820/10484, Loss: 4.1041
  Batch 6830/10484, Loss: 4.3088
  Batch 6840/10484, Loss: 4.0272
  Batch 6850/10484, Loss: 3.5574
  Batch 6860/10484, Loss: 3.4775
  Batch 6870/10484, Loss: 4.3151
  Batch 6880/10484, Loss: 4.2898
  Batch 6890/10484, Loss: 3.9874
  Batch 6900/10484, Loss: 3.8988
  Batch 6910/10484, Loss: 3.4967
  Batch 6920/10484, Loss: 4.5088
  Batch 6930/10484, Loss: 3.9719
  Batch 6940/10484, Loss: 3.1456
  Batch 6950/10484, Loss: 3.5478
  Batch 6960/10484, Loss: 4.1891
  Batch 6970/10484, Loss: 4.1978
  Batch 6980/10484, Loss: 3.8585
  Batch 6990/10484, Loss: 3.7553
  Batch 7000/10484, Loss: 3.8588
  Batch 7010/10484, Loss: 4.0053
  Batch 7020/10484, Loss: 3.8067
  Batch 7030/10484, Loss: 3.5711
  Batch 7040/10484, Loss: 4.1295
  Batch 7050/10484, Loss: 4.4072
  Batch 7060/10484, Loss: 3.5094
  Batch 7070/10484, Loss: 3.5803
  Batch 7080/10484, Loss: 4.0421
  Batch 7090/10484, Loss: 3.2297
  Batch 7100/10484, Loss: 4.0573
  Batch 7110/10484, Loss: 4.1121
  Batch 7120/10484, Loss: 3.6065
  Batch 7130/10484, Loss: 3.5527
  Batch 7140/10484, Loss: 2.7690
  Batch 7150/10484, Loss: 3.3183
  Batch 7160/10484, Loss: 4.4039
  Batch 7170/10484, Loss: 4.0751
  Batch 7180/10484, Loss: 3.3713
  Batch 7190/10484, Loss: 4.2201
  Batch 7200/10484, Loss: 3.2497
  Batch 7210/10484, Loss: 3.7025
  Batch 7220/10484, Loss: 4.7259
  Batch 7230/10484, Loss: 3.7411
  Batch 7240/10484, Loss: 3.5942
  Batch 7250/10484, Loss: 3.8661
  Batch 7260/10484, Loss: 2.8770
  Batch 7270/10484, Loss: 3.7986
  Batch 7280/10484, Loss: 3.1365
  Batch 7290/10484, Loss: 3.8554
  Batch 7300/10484, Loss: 4.0304
  Batch 7310/10484, Loss: 3.8456
  Batch 7320/10484, Loss: 3.3857
  Batch 7330/10484, Loss: 3.8001
  Batch 7340/10484, Loss: 4.3996
  Batch 7350/10484, Loss: 4.0657
  Batch 7360/10484, Loss: 4.0930
  Batch 7370/10484, Loss: 3.6665
  Batch 7380/10484, Loss: 4.0419
  Batch 7390/10484, Loss: 4.4276
  Batch 7400/10484, Loss: 3.1364
  Batch 7410/10484, Loss: 4.3254
  Batch 7420/10484, Loss: 4.0011
  Batch 7430/10484, Loss: 2.8293
  Batch 7440/10484, Loss: 4.2407
  Batch 7450/10484, Loss: 3.9968
  Batch 7460/10484, Loss: 3.6316
  Batch 7470/10484, Loss: 3.9950
  Batch 7480/10484, Loss: 3.7040
  Batch 7490/10484, Loss: 3.7422
  Batch 7500/10484, Loss: 3.2343
  Batch 7510/10484, Loss: 3.6266
  Batch 7520/10484, Loss: 3.8900
  Batch 7530/10484, Loss: 4.0995
  Batch 7540/10484, Loss: 3.7166
  Batch 7550/10484, Loss: 3.7723
  Batch 7560/10484, Loss: 3.8605
  Batch 7570/10484, Loss: 4.2860
  Batch 7580/10484, Loss: 3.7395
  Batch 7590/10484, Loss: 3.9848
  Batch 7600/10484, Loss: 3.2292
  Batch 7610/10484, Loss: 3.5480
  Batch 7620/10484, Loss: 3.7413
  Batch 7630/10484, Loss: 4.0284
  Batch 7640/10484, Loss: 3.7647
  Batch 7650/10484, Loss: 3.5322
  Batch 7660/10484, Loss: 3.8397
  Batch 7670/10484, Loss: 3.4192
  Batch 7680/10484, Loss: 4.6419
  Batch 7690/10484, Loss: 4.4970
  Batch 7700/10484, Loss: 3.7798
  Batch 7710/10484, Loss: 4.4284
  Batch 7720/10484, Loss: 3.9778
  Batch 7730/10484, Loss: 3.8652
  Batch 7740/10484, Loss: 3.5204
  Batch 7750/10484, Loss: 4.1141
  Batch 7760/10484, Loss: 3.7301
  Batch 7770/10484, Loss: 3.2988
  Batch 7780/10484, Loss: 3.8274
  Batch 7790/10484, Loss: 3.0039
  Batch 7800/10484, Loss: 4.2829
  Batch 7810/10484, Loss: 4.0511
  Batch 7820/10484, Loss: 3.7203
  Batch 7830/10484, Loss: 4.0178
  Batch 7840/10484, Loss: 3.5602
  Batch 7850/10484, Loss: 3.5444
  Batch 7860/10484, Loss: 3.1330
  Batch 7870/10484, Loss: 2.9939
  Batch 7880/10484, Loss: 3.7761
  Batch 7890/10484, Loss: 4.2266
  Batch 7900/10484, Loss: 3.4220
  Batch 7910/10484, Loss: 4.0903
  Batch 7920/10484, Loss: 3.8285
  Batch 7930/10484, Loss: 4.1728
  Batch 7940/10484, Loss: 3.7935
  Batch 7950/10484, Loss: 3.3328
  Batch 7960/10484, Loss: 3.9900
  Batch 7970/10484, Loss: 4.1270
  Batch 7980/10484, Loss: 4.3690
  Batch 7990/10484, Loss: 3.9186
  Batch 8000/10484, Loss: 3.5742
  Batch 8010/10484, Loss: 3.5768
  Batch 8020/10484, Loss: 3.2451
  Batch 8030/10484, Loss: 4.3503
  Batch 8040/10484, Loss: 3.6134
  Batch 8050/10484, Loss: 3.5868
  Batch 8060/10484, Loss: 3.5832
  Batch 8070/10484, Loss: 3.6474
  Batch 8080/10484, Loss: 4.2587
  Batch 8090/10484, Loss: 3.8388
  Batch 8100/10484, Loss: 3.1048
  Batch 8110/10484, Loss: 3.8371
  Batch 8120/10484, Loss: 3.5511
  Batch 8130/10484, Loss: 3.7151
  Batch 8140/10484, Loss: 3.5681
  Batch 8150/10484, Loss: 3.9227
  Batch 8160/10484, Loss: 3.8222
  Batch 8170/10484, Loss: 3.4927
  Batch 8180/10484, Loss: 3.9107
  Batch 8190/10484, Loss: 4.0832
  Batch 8200/10484, Loss: 3.9013
  Batch 8210/10484, Loss: 3.2300
  Batch 8220/10484, Loss: 2.9704
  Batch 8230/10484, Loss: 3.9649
  Batch 8240/10484, Loss: 4.0358
  Batch 8250/10484, Loss: 4.0272
  Batch 8260/10484, Loss: 3.7593
  Batch 8270/10484, Loss: 2.8946
  Batch 8280/10484, Loss: 3.9851
  Batch 8290/10484, Loss: 3.6009
  Batch 8300/10484, Loss: 3.8760
  Batch 8310/10484, Loss: 3.9805
  Batch 8320/10484, Loss: 3.7262
  Batch 8330/10484, Loss: 3.4144
  Batch 8340/10484, Loss: 3.8019
  Batch 8350/10484, Loss: 3.8021
  Batch 8360/10484, Loss: 4.0592
  Batch 8370/10484, Loss: 3.3673
  Batch 8380/10484, Loss: 3.7979
  Batch 8390/10484, Loss: 3.9072
  Batch 8400/10484, Loss: 3.8110
  Batch 8410/10484, Loss: 4.2251
  Batch 8420/10484, Loss: 3.6808
  Batch 8430/10484, Loss: 3.9388
  Batch 8440/10484, Loss: 3.0533
  Batch 8450/10484, Loss: 3.5870
  Batch 8460/10484, Loss: 3.5257
  Batch 8470/10484, Loss: 3.3308
  Batch 8480/10484, Loss: 4.2311
  Batch 8490/10484, Loss: 2.7992
  Batch 8500/10484, Loss: 3.7252
  Batch 8510/10484, Loss: 3.3289
  Batch 8520/10484, Loss: 3.8093
  Batch 8530/10484, Loss: 4.1443
  Batch 8540/10484, Loss: 3.8121
  Batch 8550/10484, Loss: 4.5518
  Batch 8560/10484, Loss: 3.1899
  Batch 8570/10484, Loss: 4.2812
  Batch 8580/10484, Loss: 4.0777
  Batch 8590/10484, Loss: 4.1554
  Batch 8600/10484, Loss: 4.0254
  Batch 8610/10484, Loss: 3.3078
  Batch 8620/10484, Loss: 4.0063
  Batch 8630/10484, Loss: 2.9060
  Batch 8640/10484, Loss: 4.0167
  Batch 8650/10484, Loss: 3.5918
  Batch 8660/10484, Loss: 3.8955
  Batch 8670/10484, Loss: 3.9447
  Batch 8680/10484, Loss: 4.1046
  Batch 8690/10484, Loss: 3.5883
  Batch 8700/10484, Loss: 3.6965
  Batch 8710/10484, Loss: 3.8721
  Batch 8720/10484, Loss: 3.6151
  Batch 8730/10484, Loss: 4.0007
  Batch 8740/10484, Loss: 3.9462
  Batch 8750/10484, Loss: 3.5309
  Batch 8760/10484, Loss: 3.6435
  Batch 8770/10484, Loss: 3.7683
  Batch 8780/10484, Loss: 4.4016
  Batch 8790/10484, Loss: 3.8976
  Batch 8800/10484, Loss: 4.1238
  Batch 8810/10484, Loss: 3.0423
  Batch 8820/10484, Loss: 3.5334
  Batch 8830/10484, Loss: 3.9198
  Batch 8840/10484, Loss: 3.8442
  Batch 8850/10484, Loss: 3.8791
  Batch 8860/10484, Loss: 3.1653
  Batch 8870/10484, Loss: 3.7143
  Batch 8880/10484, Loss: 3.4039
  Batch 8890/10484, Loss: 3.3748
  Batch 8900/10484, Loss: 3.7946
  Batch 8910/10484, Loss: 3.6303
  Batch 8920/10484, Loss: 3.3891
  Batch 8930/10484, Loss: 4.1477
  Batch 8940/10484, Loss: 4.1053
  Batch 8950/10484, Loss: 3.7141
  Batch 8960/10484, Loss: 3.4114
  Batch 8970/10484, Loss: 3.9175
  Batch 8980/10484, Loss: 4.2096
  Batch 8990/10484, Loss: 3.7669
  Batch 9000/10484, Loss: 3.9091
  Batch 9010/10484, Loss: 3.2695
  Batch 9020/10484, Loss: 3.6048
  Batch 9030/10484, Loss: 4.3352
  Batch 9040/10484, Loss: 3.3467
  Batch 9050/10484, Loss: 3.3870
  Batch 9060/10484, Loss: 3.8874
  Batch 9070/10484, Loss: 3.7419
  Batch 9080/10484, Loss: 4.2544
  Batch 9090/10484, Loss: 3.3258
  Batch 9100/10484, Loss: 4.0491
  Batch 9110/10484, Loss: 4.0890
  Batch 9120/10484, Loss: 4.2594
  Batch 9130/10484, Loss: 3.6899
  Batch 9140/10484, Loss: 3.8758
  Batch 9150/10484, Loss: 4.1316
  Batch 9160/10484, Loss: 3.3964
  Batch 9170/10484, Loss: 3.2613
  Batch 9180/10484, Loss: 3.5256
  Batch 9190/10484, Loss: 4.8652
  Batch 9200/10484, Loss: 3.7038
  Batch 9210/10484, Loss: 4.0440
  Batch 9220/10484, Loss: 3.6658
  Batch 9230/10484, Loss: 3.4572
  Batch 9240/10484, Loss: 3.9216
  Batch 9250/10484, Loss: 3.7474
  Batch 9260/10484, Loss: 3.9780
  Batch 9270/10484, Loss: 3.4445
  Batch 9280/10484, Loss: 3.9963
  Batch 9290/10484, Loss: 3.8707
  Batch 9300/10484, Loss: 3.6464
  Batch 9310/10484, Loss: 3.7547
  Batch 9320/10484, Loss: 3.8672
  Batch 9330/10484, Loss: 2.6592
  Batch 9340/10484, Loss: 4.4186
  Batch 9350/10484, Loss: 3.8875
  Batch 9360/10484, Loss: 3.4837
  Batch 9370/10484, Loss: 4.1782
  Batch 9380/10484, Loss: 3.3715
  Batch 9390/10484, Loss: 3.5784
  Batch 9400/10484, Loss: 3.2031
  Batch 9410/10484, Loss: 3.7614
  Batch 9420/10484, Loss: 3.9868
  Batch 9430/10484, Loss: 3.9987
  Batch 9440/10484, Loss: 3.7824
  Batch 9450/10484, Loss: 3.1544
  Batch 9460/10484, Loss: 3.9787
  Batch 9470/10484, Loss: 3.9862
  Batch 9480/10484, Loss: 4.0552
  Batch 9490/10484, Loss: 3.9914
  Batch 9500/10484, Loss: 3.9547
  Batch 9510/10484, Loss: 3.5502
  Batch 9520/10484, Loss: 3.6312
  Batch 9530/10484, Loss: 3.9272
  Batch 9540/10484, Loss: 3.4016
  Batch 9550/10484, Loss: 4.5640
  Batch 9560/10484, Loss: 3.3386
  Batch 9570/10484, Loss: 4.2398
  Batch 9580/10484, Loss: 4.1357
  Batch 9590/10484, Loss: 3.4450
  Batch 9600/10484, Loss: 4.1421
  Batch 9610/10484, Loss: 4.0098
  Batch 9620/10484, Loss: 3.6671
  Batch 9630/10484, Loss: 3.8997
  Batch 9640/10484, Loss: 3.8327
  Batch 9650/10484, Loss: 3.6419
  Batch 9660/10484, Loss: 3.8384
  Batch 9670/10484, Loss: 4.2469
  Batch 9680/10484, Loss: 3.5003
  Batch 9690/10484, Loss: 3.8509
  Batch 9700/10484, Loss: 3.0892
  Batch 9710/10484, Loss: 4.3083
  Batch 9720/10484, Loss: 4.1873
  Batch 9730/10484, Loss: 3.2744
  Batch 9740/10484, Loss: 3.9053
  Batch 9750/10484, Loss: 3.9089
  Batch 9760/10484, Loss: 4.2205
  Batch 9770/10484, Loss: 3.9570
  Batch 9780/10484, Loss: 4.4075
  Batch 9790/10484, Loss: 3.6196
  Batch 9800/10484, Loss: 3.2401
  Batch 9810/10484, Loss: 3.1085
  Batch 9820/10484, Loss: 4.0954
  Batch 9830/10484, Loss: 3.4025
  Batch 9840/10484, Loss: 3.7040
  Batch 9850/10484, Loss: 4.1468
  Batch 9860/10484, Loss: 4.5042
  Batch 9870/10484, Loss: 3.7122
  Batch 9880/10484, Loss: 3.4238
  Batch 9890/10484, Loss: 4.3253
  Batch 9900/10484, Loss: 3.7387
  Batch 9910/10484, Loss: 3.8234
  Batch 9920/10484, Loss: 4.2506
  Batch 9930/10484, Loss: 3.8144
  Batch 9940/10484, Loss: 3.7276
  Batch 9950/10484, Loss: 3.2806
  Batch 9960/10484, Loss: 4.5107
  Batch 9970/10484, Loss: 3.6512
  Batch 9980/10484, Loss: 3.9332
  Batch 9990/10484, Loss: 4.2828
  Batch 10000/10484, Loss: 3.8893
  Batch 10010/10484, Loss: 3.9328
  Batch 10020/10484, Loss: 3.7574
  Batch 10030/10484, Loss: 3.5192
  Batch 10040/10484, Loss: 3.4626
  Batch 10050/10484, Loss: 3.8086
  Batch 10060/10484, Loss: 3.8559
  Batch 10070/10484, Loss: 3.6720
  Batch 10080/10484, Loss: 3.7473
  Batch 10090/10484, Loss: 4.0753
  Batch 10100/10484, Loss: 4.1503
  Batch 10110/10484, Loss: 3.9353
  Batch 10120/10484, Loss: 3.7049
  Batch 10130/10484, Loss: 3.8586
  Batch 10140/10484, Loss: 4.2338
  Batch 10150/10484, Loss: 3.8607
  Batch 10160/10484, Loss: 3.8894
  Batch 10170/10484, Loss: 3.5050
  Batch 10180/10484, Loss: 4.0036
  Batch 10190/10484, Loss: 4.0869
  Batch 10200/10484, Loss: 3.4130
  Batch 10210/10484, Loss: 4.0181
  Batch 10220/10484, Loss: 3.9048
  Batch 10230/10484, Loss: 3.7180
  Batch 10240/10484, Loss: 3.3200
  Batch 10250/10484, Loss: 3.7828
  Batch 10260/10484, Loss: 3.7990
  Batch 10270/10484, Loss: 3.9478
  Batch 10280/10484, Loss: 3.5667
  Batch 10290/10484, Loss: 3.9073
  Batch 10300/10484, Loss: 4.3579
  Batch 10310/10484, Loss: 3.3031
  Batch 10320/10484, Loss: 3.6835
  Batch 10330/10484, Loss: 4.1673
  Batch 10340/10484, Loss: 3.7199
  Batch 10350/10484, Loss: 4.1275
  Batch 10360/10484, Loss: 3.2744
  Batch 10370/10484, Loss: 4.2731
  Batch 10380/10484, Loss: 4.1258
  Batch 10390/10484, Loss: 4.0437
  Batch 10400/10484, Loss: 3.9873
  Batch 10410/10484, Loss: 3.7683
  Batch 10420/10484, Loss: 3.5249
  Batch 10430/10484, Loss: 3.7407
  Batch 10440/10484, Loss: 4.1607
  Batch 10450/10484, Loss: 3.6278
  Batch 10460/10484, Loss: 3.3770
  Batch 10470/10484, Loss: 3.3441
  Batch 10480/10484, Loss: 4.2418

  Train Loss: 3.7480
  Val Loss: 6.8154
  Time: 30m 55s

Epoch 19/20
----------------------------------------
  Batch 10/10484, Loss: 3.3730
  Batch 20/10484, Loss: 3.5516
  Batch 30/10484, Loss: 3.6440
  Batch 40/10484, Loss: 3.2040
  Batch 50/10484, Loss: 4.3003
  Batch 60/10484, Loss: 3.3886
  Batch 70/10484, Loss: 3.6444
  Batch 80/10484, Loss: 3.8666
  Batch 90/10484, Loss: 3.7217
  Batch 100/10484, Loss: 3.7483
  Batch 110/10484, Loss: 3.3290
  Batch 120/10484, Loss: 3.9498
  Batch 130/10484, Loss: 3.3917
  Batch 140/10484, Loss: 3.7167
  Batch 150/10484, Loss: 4.1810
  Batch 160/10484, Loss: 3.5839
  Batch 170/10484, Loss: 3.7543
  Batch 180/10484, Loss: 4.1725
  Batch 190/10484, Loss: 3.2661
  Batch 200/10484, Loss: 3.5023
  Batch 210/10484, Loss: 3.4161
  Batch 220/10484, Loss: 3.3267
  Batch 230/10484, Loss: 3.5921
  Batch 240/10484, Loss: 3.8867
  Batch 250/10484, Loss: 3.2868
  Batch 260/10484, Loss: 3.6276
  Batch 270/10484, Loss: 3.4968
  Batch 280/10484, Loss: 3.3282
  Batch 290/10484, Loss: 3.4626
  Batch 300/10484, Loss: 4.2469
  Batch 310/10484, Loss: 4.4076
  Batch 320/10484, Loss: 4.0378
  Batch 330/10484, Loss: 3.5205
  Batch 340/10484, Loss: 3.5851
  Batch 350/10484, Loss: 3.2427
  Batch 360/10484, Loss: 3.6827
  Batch 370/10484, Loss: 3.2790
  Batch 380/10484, Loss: 3.4555
  Batch 390/10484, Loss: 4.3920
  Batch 400/10484, Loss: 3.7185
  Batch 410/10484, Loss: 3.7824
  Batch 420/10484, Loss: 3.6122
  Batch 430/10484, Loss: 4.0703
  Batch 440/10484, Loss: 3.7136
  Batch 450/10484, Loss: 3.7378
  Batch 460/10484, Loss: 4.0788
  Batch 470/10484, Loss: 4.1172
  Batch 480/10484, Loss: 3.7790
  Batch 490/10484, Loss: 3.3134
  Batch 500/10484, Loss: 2.9776
  Batch 510/10484, Loss: 3.2414
  Batch 520/10484, Loss: 3.6578
  Batch 530/10484, Loss: 3.4697
  Batch 540/10484, Loss: 3.5666
  Batch 550/10484, Loss: 3.8300
  Batch 560/10484, Loss: 3.5094
  Batch 570/10484, Loss: 3.7696
  Batch 580/10484, Loss: 3.4918
  Batch 590/10484, Loss: 4.2310
  Batch 600/10484, Loss: 3.5784
  Batch 610/10484, Loss: 4.3803
  Batch 620/10484, Loss: 3.9419
  Batch 630/10484, Loss: 3.5868
  Batch 640/10484, Loss: 4.2326
  Batch 650/10484, Loss: 3.2085
  Batch 660/10484, Loss: 3.3277
  Batch 670/10484, Loss: 3.5587
  Batch 680/10484, Loss: 3.3378
  Batch 690/10484, Loss: 3.3277
  Batch 700/10484, Loss: 3.6951
  Batch 710/10484, Loss: 3.5181
  Batch 720/10484, Loss: 3.2895
  Batch 730/10484, Loss: 3.5976
  Batch 740/10484, Loss: 3.7524
  Batch 750/10484, Loss: 3.6175
  Batch 760/10484, Loss: 3.3873
  Batch 770/10484, Loss: 3.6541
  Batch 780/10484, Loss: 3.4990
  Batch 790/10484, Loss: 3.5592
  Batch 800/10484, Loss: 2.9699
  Batch 810/10484, Loss: 3.2589
  Batch 820/10484, Loss: 3.4245
  Batch 830/10484, Loss: 3.6660
  Batch 840/10484, Loss: 3.4785
  Batch 850/10484, Loss: 3.0379
  Batch 860/10484, Loss: 4.1828
  Batch 870/10484, Loss: 3.0017
  Batch 880/10484, Loss: 3.9009
  Batch 890/10484, Loss: 3.3028
  Batch 900/10484, Loss: 3.5814
  Batch 910/10484, Loss: 4.1739
  Batch 920/10484, Loss: 3.6692
  Batch 930/10484, Loss: 3.8319
  Batch 940/10484, Loss: 3.7696
  Batch 950/10484, Loss: 3.3349
  Batch 960/10484, Loss: 3.5914
  Batch 970/10484, Loss: 4.0752
  Batch 980/10484, Loss: 4.2846
  Batch 990/10484, Loss: 3.7753
  Batch 1000/10484, Loss: 3.7445
  Batch 1010/10484, Loss: 3.2872
  Batch 1020/10484, Loss: 3.3185
  Batch 1030/10484, Loss: 4.3134
  Batch 1040/10484, Loss: 4.0728
  Batch 1050/10484, Loss: 3.7102
  Batch 1060/10484, Loss: 4.0353
  Batch 1070/10484, Loss: 3.8485
  Batch 1080/10484, Loss: 4.1593
  Batch 1090/10484, Loss: 4.1230
  Batch 1100/10484, Loss: 3.3752
  Batch 1110/10484, Loss: 3.9831
  Batch 1120/10484, Loss: 3.9157
  Batch 1130/10484, Loss: 3.6360
  Batch 1140/10484, Loss: 4.0735
  Batch 1150/10484, Loss: 3.4741
  Batch 1160/10484, Loss: 3.8627
  Batch 1170/10484, Loss: 4.3246
  Batch 1180/10484, Loss: 3.8812
  Batch 1190/10484, Loss: 3.7397
  Batch 1200/10484, Loss: 3.4110
  Batch 1210/10484, Loss: 3.5190
  Batch 1220/10484, Loss: 4.4586
  Batch 1230/10484, Loss: 2.5056
  Batch 1240/10484, Loss: 3.3625
  Batch 1250/10484, Loss: 3.5202
  Batch 1260/10484, Loss: 3.6900
  Batch 1270/10484, Loss: 3.9522
  Batch 1280/10484, Loss: 3.6607
  Batch 1290/10484, Loss: 4.0413
  Batch 1300/10484, Loss: 3.7211
  Batch 1310/10484, Loss: 4.2891
  Batch 1320/10484, Loss: 3.4519
  Batch 1330/10484, Loss: 3.4579
  Batch 1340/10484, Loss: 4.0786
  Batch 1350/10484, Loss: 3.9539
  Batch 1360/10484, Loss: 3.2554
  Batch 1370/10484, Loss: 2.9445
  Batch 1380/10484, Loss: 3.0659
  Batch 1390/10484, Loss: 3.1755
  Batch 1400/10484, Loss: 3.5859
  Batch 1410/10484, Loss: 4.0950
  Batch 1420/10484, Loss: 3.1889
  Batch 1430/10484, Loss: 3.8517
  Batch 1440/10484, Loss: 4.4115
  Batch 1450/10484, Loss: 3.0472
  Batch 1460/10484, Loss: 3.6604
  Batch 1470/10484, Loss: 3.3646
  Batch 1480/10484, Loss: 3.3719
  Batch 1490/10484, Loss: 3.9966
  Batch 1500/10484, Loss: 3.6746
  Batch 1510/10484, Loss: 3.1970
  Batch 1520/10484, Loss: 3.7413
  Batch 1530/10484, Loss: 3.4736
  Batch 1540/10484, Loss: 4.0079
  Batch 1550/10484, Loss: 3.4549
  Batch 1560/10484, Loss: 4.1407
  Batch 1570/10484, Loss: 3.5754
  Batch 1580/10484, Loss: 3.9238
  Batch 1590/10484, Loss: 3.4124
  Batch 1600/10484, Loss: 3.0452
  Batch 1610/10484, Loss: 2.9049
  Batch 1620/10484, Loss: 3.6440
  Batch 1630/10484, Loss: 3.9447
  Batch 1640/10484, Loss: 4.3253
  Batch 1650/10484, Loss: 4.0377
  Batch 1660/10484, Loss: 4.4179
  Batch 1670/10484, Loss: 3.6877
  Batch 1680/10484, Loss: 3.7952
  Batch 1690/10484, Loss: 3.6188
  Batch 1700/10484, Loss: 3.7408
  Batch 1710/10484, Loss: 3.8761
  Batch 1720/10484, Loss: 4.1966
  Batch 1730/10484, Loss: 3.6297
  Batch 1740/10484, Loss: 4.1216
  Batch 1750/10484, Loss: 4.1245
  Batch 1760/10484, Loss: 4.4611
  Batch 1770/10484, Loss: 3.3744
  Batch 1780/10484, Loss: 3.7885
  Batch 1790/10484, Loss: 3.5556
  Batch 1800/10484, Loss: 3.6607
  Batch 1810/10484, Loss: 3.8901
  Batch 1820/10484, Loss: 3.9362
  Batch 1830/10484, Loss: 2.8277
  Batch 1840/10484, Loss: 3.7647
  Batch 1850/10484, Loss: 3.6503
  Batch 1860/10484, Loss: 3.8251
  Batch 1870/10484, Loss: 4.1083
  Batch 1880/10484, Loss: 3.1650
  Batch 1890/10484, Loss: 4.4248
  Batch 1900/10484, Loss: 3.9941
  Batch 1910/10484, Loss: 3.6871
  Batch 1920/10484, Loss: 3.7693
  Batch 1930/10484, Loss: 3.6948
  Batch 1940/10484, Loss: 4.1124
  Batch 1950/10484, Loss: 3.0659
  Batch 1960/10484, Loss: 3.8344
  Batch 1970/10484, Loss: 3.8090
  Batch 1980/10484, Loss: 2.8978
  Batch 1990/10484, Loss: 4.0140
  Batch 2000/10484, Loss: 3.8728
  Batch 2010/10484, Loss: 3.5790
  Batch 2020/10484, Loss: 3.6161
  Batch 2030/10484, Loss: 3.7352
  Batch 2040/10484, Loss: 3.6086
  Batch 2050/10484, Loss: 3.4034
  Batch 2060/10484, Loss: 3.8928
  Batch 2070/10484, Loss: 3.6418
  Batch 2080/10484, Loss: 3.3387
  Batch 2090/10484, Loss: 3.2882
  Batch 2100/10484, Loss: 3.9846
  Batch 2110/10484, Loss: 4.1387
  Batch 2120/10484, Loss: 3.9462
  Batch 2130/10484, Loss: 3.5771
  Batch 2140/10484, Loss: 3.6773
  Batch 2150/10484, Loss: 2.9804
  Batch 2160/10484, Loss: 3.1011
  Batch 2170/10484, Loss: 3.9003
  Batch 2180/10484, Loss: 3.5945
  Batch 2190/10484, Loss: 3.5592
  Batch 2200/10484, Loss: 3.6122
  Batch 2210/10484, Loss: 3.9038
  Batch 2220/10484, Loss: 4.0627
  Batch 2230/10484, Loss: 4.2656
  Batch 2240/10484, Loss: 3.8004
  Batch 2250/10484, Loss: 3.1569
  Batch 2260/10484, Loss: 3.9539
  Batch 2270/10484, Loss: 3.3896
  Batch 2280/10484, Loss: 3.6435
  Batch 2290/10484, Loss: 3.2704
  Batch 2300/10484, Loss: 3.7721
  Batch 2310/10484, Loss: 3.5215
  Batch 2320/10484, Loss: 3.5509
  Batch 2330/10484, Loss: 4.2157
  Batch 2340/10484, Loss: 3.8605
  Batch 2350/10484, Loss: 3.7004
  Batch 2360/10484, Loss: 3.4964
  Batch 2370/10484, Loss: 3.3834
  Batch 2380/10484, Loss: 4.4746
  Batch 2390/10484, Loss: 3.9610
  Batch 2400/10484, Loss: 3.8729
  Batch 2410/10484, Loss: 4.1890
  Batch 2420/10484, Loss: 3.3487
  Batch 2430/10484, Loss: 4.4127
  Batch 2440/10484, Loss: 3.6751
  Batch 2450/10484, Loss: 4.1378
  Batch 2460/10484, Loss: 3.7818
  Batch 2470/10484, Loss: 4.0844
  Batch 2480/10484, Loss: 3.6836
  Batch 2490/10484, Loss: 3.9196
  Batch 2500/10484, Loss: 3.5396
  Batch 2510/10484, Loss: 4.0092
  Batch 2520/10484, Loss: 3.6485
  Batch 2530/10484, Loss: 3.7266
  Batch 2540/10484, Loss: 4.0667
  Batch 2550/10484, Loss: 3.1770
  Batch 2560/10484, Loss: 3.7543
  Batch 2570/10484, Loss: 3.4967
  Batch 2580/10484, Loss: 3.2337
  Batch 2590/10484, Loss: 3.8691
  Batch 2600/10484, Loss: 3.7565
  Batch 2610/10484, Loss: 4.5613
  Batch 2620/10484, Loss: 3.6383
  Batch 2630/10484, Loss: 4.1312
  Batch 2640/10484, Loss: 3.5195
  Batch 2650/10484, Loss: 3.8548
  Batch 2660/10484, Loss: 3.5314
  Batch 2670/10484, Loss: 3.2382
  Batch 2680/10484, Loss: 3.3023
  Batch 2690/10484, Loss: 3.7761
  Batch 2700/10484, Loss: 3.7700
  Batch 2710/10484, Loss: 3.3855
  Batch 2720/10484, Loss: 3.5387
  Batch 2730/10484, Loss: 3.4217
  Batch 2740/10484, Loss: 3.3436
  Batch 2750/10484, Loss: 4.6151
  Batch 2760/10484, Loss: 3.6854
  Batch 2770/10484, Loss: 3.0084
  Batch 2780/10484, Loss: 3.4858
  Batch 2790/10484, Loss: 3.1262
  Batch 2800/10484, Loss: 3.4095
  Batch 2810/10484, Loss: 4.2437
  Batch 2820/10484, Loss: 3.3823
  Batch 2830/10484, Loss: 3.5202
  Batch 2840/10484, Loss: 3.1526
  Batch 2850/10484, Loss: 4.4153
  Batch 2860/10484, Loss: 3.6431
  Batch 2870/10484, Loss: 4.1937
  Batch 2880/10484, Loss: 3.7910
  Batch 2890/10484, Loss: 3.3719
  Batch 2900/10484, Loss: 3.8253
  Batch 2910/10484, Loss: 4.0955
  Batch 2920/10484, Loss: 3.5737
  Batch 2930/10484, Loss: 2.8318
  Batch 2940/10484, Loss: 3.8526
  Batch 2950/10484, Loss: 4.0032
  Batch 2960/10484, Loss: 4.0084
  Batch 2970/10484, Loss: 4.4217
  Batch 2980/10484, Loss: 4.2532
  Batch 2990/10484, Loss: 3.6061
  Batch 3000/10484, Loss: 3.6285
  Batch 3010/10484, Loss: 4.0041
  Batch 3020/10484, Loss: 3.4501
  Batch 3030/10484, Loss: 4.3287
  Batch 3040/10484, Loss: 4.2158
  Batch 3050/10484, Loss: 3.6985
  Batch 3060/10484, Loss: 3.6303
  Batch 3070/10484, Loss: 4.0905
  Batch 3080/10484, Loss: 3.7218
  Batch 3090/10484, Loss: 3.8435
  Batch 3100/10484, Loss: 4.0679
  Batch 3110/10484, Loss: 3.9427
  Batch 3120/10484, Loss: 3.1624
  Batch 3130/10484, Loss: 4.5541
  Batch 3140/10484, Loss: 3.8149
  Batch 3150/10484, Loss: 3.4190
  Batch 3160/10484, Loss: 2.9344
  Batch 3170/10484, Loss: 3.4248
  Batch 3180/10484, Loss: 4.1971
  Batch 3190/10484, Loss: 3.7588
  Batch 3200/10484, Loss: 4.2443
  Batch 3210/10484, Loss: 3.3624
  Batch 3220/10484, Loss: 3.8503
  Batch 3230/10484, Loss: 3.4350
  Batch 3240/10484, Loss: 3.4224
  Batch 3250/10484, Loss: 4.2575
  Batch 3260/10484, Loss: 3.9566
  Batch 3270/10484, Loss: 3.7819
  Batch 3280/10484, Loss: 3.5335
  Batch 3290/10484, Loss: 3.9788
  Batch 3300/10484, Loss: 2.5514
  Batch 3310/10484, Loss: 4.0815
  Batch 3320/10484, Loss: 4.0130
  Batch 3330/10484, Loss: 3.4785
  Batch 3340/10484, Loss: 4.1906
  Batch 3350/10484, Loss: 4.0826
  Batch 3360/10484, Loss: 3.9820
  Batch 3370/10484, Loss: 3.4132
  Batch 3380/10484, Loss: 4.0655
  Batch 3390/10484, Loss: 4.1629
  Batch 3400/10484, Loss: 3.9212
  Batch 3410/10484, Loss: 4.3128
  Batch 3420/10484, Loss: 4.1462
  Batch 3430/10484, Loss: 4.1997
  Batch 3440/10484, Loss: 3.2279
  Batch 3450/10484, Loss: 4.0501
  Batch 3460/10484, Loss: 3.8304
  Batch 3470/10484, Loss: 3.5030
  Batch 3480/10484, Loss: 3.5408
  Batch 3490/10484, Loss: 3.4123
  Batch 3500/10484, Loss: 3.6278
  Batch 3510/10484, Loss: 3.5251
  Batch 3520/10484, Loss: 4.1141
  Batch 3530/10484, Loss: 3.4832
  Batch 3540/10484, Loss: 3.2489
  Batch 3550/10484, Loss: 3.6166
  Batch 3560/10484, Loss: 3.9163
  Batch 3570/10484, Loss: 3.0302
  Batch 3580/10484, Loss: 3.2004
  Batch 3590/10484, Loss: 3.3472
  Batch 3600/10484, Loss: 3.4733
  Batch 3610/10484, Loss: 3.7486
  Batch 3620/10484, Loss: 3.5730
  Batch 3630/10484, Loss: 3.9885
  Batch 3640/10484, Loss: 3.6254
  Batch 3650/10484, Loss: 3.1729
  Batch 3660/10484, Loss: 3.4217
  Batch 3670/10484, Loss: 3.8685
  Batch 3680/10484, Loss: 3.9944
  Batch 3690/10484, Loss: 4.1566
  Batch 3700/10484, Loss: 3.6399
  Batch 3710/10484, Loss: 4.1841
  Batch 3720/10484, Loss: 3.9918
  Batch 3730/10484, Loss: 3.3889
  Batch 3740/10484, Loss: 3.9537
  Batch 3750/10484, Loss: 3.6874
  Batch 3760/10484, Loss: 3.7187
  Batch 3770/10484, Loss: 3.2745
  Batch 3780/10484, Loss: 3.7822
  Batch 3790/10484, Loss: 3.8400
  Batch 3800/10484, Loss: 4.1534
  Batch 3810/10484, Loss: 3.2796
  Batch 3820/10484, Loss: 3.6616
  Batch 3830/10484, Loss: 3.7236
  Batch 3840/10484, Loss: 3.8868
  Batch 3850/10484, Loss: 3.8598
  Batch 3860/10484, Loss: 4.0663
  Batch 3870/10484, Loss: 3.8049
  Batch 3880/10484, Loss: 3.2155
  Batch 3890/10484, Loss: 3.9547
  Batch 3900/10484, Loss: 3.5471
  Batch 3910/10484, Loss: 4.2238
  Batch 3920/10484, Loss: 3.7314
  Batch 3930/10484, Loss: 3.3502
  Batch 3940/10484, Loss: 4.0346
  Batch 3950/10484, Loss: 3.6167
  Batch 3960/10484, Loss: 3.7119
  Batch 3970/10484, Loss: 4.3203
  Batch 3980/10484, Loss: 4.5414
  Batch 3990/10484, Loss: 3.5057
  Batch 4000/10484, Loss: 4.1005
  Batch 4010/10484, Loss: 2.9515
  Batch 4020/10484, Loss: 3.7781
  Batch 4030/10484, Loss: 3.4281
  Batch 4040/10484, Loss: 3.7167
  Batch 4050/10484, Loss: 3.6952
  Batch 4060/10484, Loss: 4.0734
  Batch 4070/10484, Loss: 3.8243
  Batch 4080/10484, Loss: 3.8547
  Batch 4090/10484, Loss: 3.8827
  Batch 4100/10484, Loss: 3.6611
  Batch 4110/10484, Loss: 4.0905
  Batch 4120/10484, Loss: 3.2728
  Batch 4130/10484, Loss: 3.7630
  Batch 4140/10484, Loss: 4.1596
  Batch 4150/10484, Loss: 3.6026
  Batch 4160/10484, Loss: 4.5274
  Batch 4170/10484, Loss: 3.9597
  Batch 4180/10484, Loss: 3.5627
  Batch 4190/10484, Loss: 3.5049
  Batch 4200/10484, Loss: 2.8004
  Batch 4210/10484, Loss: 3.8089
  Batch 4220/10484, Loss: 3.0915
  Batch 4230/10484, Loss: 3.9467
  Batch 4240/10484, Loss: 3.6681
  Batch 4250/10484, Loss: 3.3489
  Batch 4260/10484, Loss: 3.9497
  Batch 4270/10484, Loss: 3.6363
  Batch 4280/10484, Loss: 3.4434
  Batch 4290/10484, Loss: 4.0163
  Batch 4300/10484, Loss: 3.7804
  Batch 4310/10484, Loss: 4.3511
  Batch 4320/10484, Loss: 4.3319
  Batch 4330/10484, Loss: 3.6085
  Batch 4340/10484, Loss: 3.4792
  Batch 4350/10484, Loss: 3.3176
  Batch 4360/10484, Loss: 3.7100
  Batch 4370/10484, Loss: 3.1361
  Batch 4380/10484, Loss: 4.3065
  Batch 4390/10484, Loss: 4.0280
  Batch 4400/10484, Loss: 3.6597
  Batch 4410/10484, Loss: 3.5458
  Batch 4420/10484, Loss: 3.9148
  Batch 4430/10484, Loss: 3.4845
  Batch 4440/10484, Loss: 3.4155
  Batch 4450/10484, Loss: 3.5885
  Batch 4460/10484, Loss: 3.3434
  Batch 4470/10484, Loss: 3.9159
  Batch 4480/10484, Loss: 3.8065
  Batch 4490/10484, Loss: 3.4350
  Batch 4500/10484, Loss: 3.8449
  Batch 4510/10484, Loss: 3.4808
  Batch 4520/10484, Loss: 4.3301
  Batch 4530/10484, Loss: 3.3497
  Batch 4540/10484, Loss: 4.0907
  Batch 4550/10484, Loss: 3.7401
  Batch 4560/10484, Loss: 3.7777
  Batch 4570/10484, Loss: 4.3679
  Batch 4580/10484, Loss: 3.2264
  Batch 4590/10484, Loss: 3.9963
  Batch 4600/10484, Loss: 3.9449
  Batch 4610/10484, Loss: 4.2106
  Batch 4620/10484, Loss: 3.7098
  Batch 4630/10484, Loss: 3.6490
  Batch 4640/10484, Loss: 3.9474
  Batch 4650/10484, Loss: 3.0143
  Batch 4660/10484, Loss: 3.9812
  Batch 4670/10484, Loss: 3.9450
  Batch 4680/10484, Loss: 3.6797
  Batch 4690/10484, Loss: 4.2268
  Batch 4700/10484, Loss: 4.0576
  Batch 4710/10484, Loss: 3.7419
  Batch 4720/10484, Loss: 3.3318
  Batch 4730/10484, Loss: 3.3300
  Batch 4740/10484, Loss: 3.4182
  Batch 4750/10484, Loss: 3.4548
  Batch 4760/10484, Loss: 3.4827
  Batch 4770/10484, Loss: 4.5594
  Batch 4780/10484, Loss: 3.7727
  Batch 4790/10484, Loss: 4.0546
  Batch 4800/10484, Loss: 4.0011
  Batch 4810/10484, Loss: 3.7889
  Batch 4820/10484, Loss: 3.8450
  Batch 4830/10484, Loss: 3.4822
  Batch 4840/10484, Loss: 3.3656
  Batch 4850/10484, Loss: 3.8915
  Batch 4860/10484, Loss: 4.0689
  Batch 4870/10484, Loss: 4.1033
  Batch 4880/10484, Loss: 3.3667
  Batch 4890/10484, Loss: 3.2253
  Batch 4900/10484, Loss: 4.2494
  Batch 4910/10484, Loss: 3.7589
  Batch 4920/10484, Loss: 3.5840
  Batch 4930/10484, Loss: 3.7264
  Batch 4940/10484, Loss: 3.2812
  Batch 4950/10484, Loss: 4.1223
  Batch 4960/10484, Loss: 3.3114
  Batch 4970/10484, Loss: 3.7225
  Batch 4980/10484, Loss: 3.4338
  Batch 4990/10484, Loss: 4.4902
  Batch 5000/10484, Loss: 3.5223
  Batch 5010/10484, Loss: 2.9439
  Batch 5020/10484, Loss: 3.5371
  Batch 5030/10484, Loss: 4.1921
  Batch 5040/10484, Loss: 3.8268
  Batch 5050/10484, Loss: 4.2693
  Batch 5060/10484, Loss: 3.8319
  Batch 5070/10484, Loss: 3.4783
  Batch 5080/10484, Loss: 3.6054
  Batch 5090/10484, Loss: 3.9023
  Batch 5100/10484, Loss: 3.4856
  Batch 5110/10484, Loss: 3.5457
  Batch 5120/10484, Loss: 3.7636
  Batch 5130/10484, Loss: 3.0899
  Batch 5140/10484, Loss: 3.7349
  Batch 5150/10484, Loss: 3.5887
  Batch 5160/10484, Loss: 3.1940
  Batch 5170/10484, Loss: 3.5650
  Batch 5180/10484, Loss: 3.5546
  Batch 5190/10484, Loss: 4.1680
  Batch 5200/10484, Loss: 3.2059
  Batch 5210/10484, Loss: 3.2297
  Batch 5220/10484, Loss: 3.8280
  Batch 5230/10484, Loss: 3.9031
  Batch 5240/10484, Loss: 4.0473
  Batch 5250/10484, Loss: 3.7385
  Batch 5260/10484, Loss: 3.7102
  Batch 5270/10484, Loss: 3.3614
  Batch 5280/10484, Loss: 3.6827
  Batch 5290/10484, Loss: 4.1847
  Batch 5300/10484, Loss: 3.8316
  Batch 5310/10484, Loss: 3.9134
  Batch 5320/10484, Loss: 2.4779
  Batch 5330/10484, Loss: 3.0177
  Batch 5340/10484, Loss: 3.2758
  Batch 5350/10484, Loss: 4.2355
  Batch 5360/10484, Loss: 4.6731
  Batch 5370/10484, Loss: 3.3944
  Batch 5380/10484, Loss: 3.3067
  Batch 5390/10484, Loss: 4.0372
  Batch 5400/10484, Loss: 2.8917
  Batch 5410/10484, Loss: 3.3747
  Batch 5420/10484, Loss: 3.6432
  Batch 5430/10484, Loss: 3.2467
  Batch 5440/10484, Loss: 4.3448
  Batch 5450/10484, Loss: 3.5100
  Batch 5460/10484, Loss: 3.4249
  Batch 5470/10484, Loss: 4.4263
  Batch 5480/10484, Loss: 3.8140
  Batch 5490/10484, Loss: 3.6004
  Batch 5500/10484, Loss: 3.4925
  Batch 5510/10484, Loss: 4.1232
  Batch 5520/10484, Loss: 3.7554
  Batch 5530/10484, Loss: 4.0556
  Batch 5540/10484, Loss: 3.4676
  Batch 5550/10484, Loss: 4.0607
  Batch 5560/10484, Loss: 4.1797
  Batch 5570/10484, Loss: 4.1425
  Batch 5580/10484, Loss: 3.7400
  Batch 5590/10484, Loss: 4.1292
  Batch 5600/10484, Loss: 4.1635
  Batch 5610/10484, Loss: 3.7391
  Batch 5620/10484, Loss: 3.7742
  Batch 5630/10484, Loss: 3.7327
  Batch 5640/10484, Loss: 4.5291
  Batch 5650/10484, Loss: 3.2643
  Batch 5660/10484, Loss: 3.2650
  Batch 5670/10484, Loss: 3.8017
  Batch 5680/10484, Loss: 3.8038
  Batch 5690/10484, Loss: 3.8360
  Batch 5700/10484, Loss: 3.6200
  Batch 5710/10484, Loss: 3.4897
  Batch 5720/10484, Loss: 3.6762
  Batch 5730/10484, Loss: 3.5644
  Batch 5740/10484, Loss: 3.4733
  Batch 5750/10484, Loss: 3.8494
  Batch 5760/10484, Loss: 3.2849
  Batch 5770/10484, Loss: 3.5523
  Batch 5780/10484, Loss: 4.2019
  Batch 5790/10484, Loss: 3.2046
  Batch 5800/10484, Loss: 4.0688
  Batch 5810/10484, Loss: 3.4727
  Batch 5820/10484, Loss: 3.8206
  Batch 5830/10484, Loss: 3.3423
  Batch 5840/10484, Loss: 3.6670
  Batch 5850/10484, Loss: 3.6675
  Batch 5860/10484, Loss: 3.3673
  Batch 5870/10484, Loss: 3.7253
  Batch 5880/10484, Loss: 3.6562
  Batch 5890/10484, Loss: 3.5804
  Batch 5900/10484, Loss: 4.2539
  Batch 5910/10484, Loss: 3.9465
  Batch 5920/10484, Loss: 4.0092
  Batch 5930/10484, Loss: 4.0386
  Batch 5940/10484, Loss: 4.0345
  Batch 5950/10484, Loss: 3.6202
  Batch 5960/10484, Loss: 3.3860
  Batch 5970/10484, Loss: 3.1897
  Batch 5980/10484, Loss: 3.9011
  Batch 5990/10484, Loss: 3.5444
  Batch 6000/10484, Loss: 4.1074
  Batch 6010/10484, Loss: 4.6563
  Batch 6020/10484, Loss: 3.9067
  Batch 6030/10484, Loss: 3.6388
  Batch 6040/10484, Loss: 3.1217
  Batch 6050/10484, Loss: 3.5293
  Batch 6060/10484, Loss: 3.3179
  Batch 6070/10484, Loss: 3.4645
  Batch 6080/10484, Loss: 3.4828
  Batch 6090/10484, Loss: 3.5649
  Batch 6100/10484, Loss: 3.3193
  Batch 6110/10484, Loss: 3.7085
  Batch 6120/10484, Loss: 3.8482
  Batch 6130/10484, Loss: 3.3483
  Batch 6140/10484, Loss: 3.6426
  Batch 6150/10484, Loss: 3.1931
  Batch 6160/10484, Loss: 3.5153
  Batch 6170/10484, Loss: 3.8141
  Batch 6180/10484, Loss: 4.2120
  Batch 6190/10484, Loss: 3.5706
  Batch 6200/10484, Loss: 3.8213
  Batch 6210/10484, Loss: 3.7483
  Batch 6220/10484, Loss: 3.6067
  Batch 6230/10484, Loss: 4.0457
  Batch 6240/10484, Loss: 3.3732
  Batch 6250/10484, Loss: 3.6175
  Batch 6260/10484, Loss: 3.6134
  Batch 6270/10484, Loss: 4.3791
  Batch 6280/10484, Loss: 3.3571
  Batch 6290/10484, Loss: 3.3555
  Batch 6300/10484, Loss: 3.1254
  Batch 6310/10484, Loss: 3.5279
  Batch 6320/10484, Loss: 3.8188
  Batch 6330/10484, Loss: 3.7601
  Batch 6340/10484, Loss: 3.1888
  Batch 6350/10484, Loss: 4.2822
  Batch 6360/10484, Loss: 3.8667
  Batch 6370/10484, Loss: 4.0216
  Batch 6380/10484, Loss: 3.5161
  Batch 6390/10484, Loss: 3.2972
  Batch 6400/10484, Loss: 3.8797
  Batch 6410/10484, Loss: 4.1988
  Batch 6420/10484, Loss: 4.3279
  Batch 6430/10484, Loss: 3.7758
  Batch 6440/10484, Loss: 3.8524
  Batch 6450/10484, Loss: 3.6942
  Batch 6460/10484, Loss: 3.4609
  Batch 6470/10484, Loss: 3.7365
  Batch 6480/10484, Loss: 3.4309
  Batch 6490/10484, Loss: 3.6799
  Batch 6500/10484, Loss: 4.1426
  Batch 6510/10484, Loss: 4.1062
  Batch 6520/10484, Loss: 4.3583
  Batch 6530/10484, Loss: 4.0899
  Batch 6540/10484, Loss: 4.1473
  Batch 6550/10484, Loss: 3.8375
  Batch 6560/10484, Loss: 4.0373
  Batch 6570/10484, Loss: 4.5254
  Batch 6580/10484, Loss: 3.5114
  Batch 6590/10484, Loss: 3.5258
  Batch 6600/10484, Loss: 4.0738
  Batch 6610/10484, Loss: 3.6685
  Batch 6620/10484, Loss: 4.1934
  Batch 6630/10484, Loss: 3.6291
  Batch 6640/10484, Loss: 3.7496
  Batch 6650/10484, Loss: 3.2169
  Batch 6660/10484, Loss: 3.3023
  Batch 6670/10484, Loss: 3.8740
  Batch 6680/10484, Loss: 3.6524
  Batch 6690/10484, Loss: 3.4461
  Batch 6700/10484, Loss: 3.6783
  Batch 6710/10484, Loss: 3.1902
  Batch 6720/10484, Loss: 3.7843
  Batch 6730/10484, Loss: 3.7790
  Batch 6740/10484, Loss: 4.2967
  Batch 6750/10484, Loss: 3.4436
  Batch 6760/10484, Loss: 4.2926
  Batch 6770/10484, Loss: 3.9433
  Batch 6780/10484, Loss: 3.4616
  Batch 6790/10484, Loss: 2.9167
  Batch 6800/10484, Loss: 4.4195
  Batch 6810/10484, Loss: 3.8784
  Batch 6820/10484, Loss: 3.9446
  Batch 6830/10484, Loss: 3.2180
  Batch 6840/10484, Loss: 3.9440
  Batch 6850/10484, Loss: 3.5388
  Batch 6860/10484, Loss: 3.3526
  Batch 6870/10484, Loss: 4.1619
  Batch 6880/10484, Loss: 3.6091
  Batch 6890/10484, Loss: 3.8182
  Batch 6900/10484, Loss: 3.4185
  Batch 6910/10484, Loss: 4.2179
  Batch 6920/10484, Loss: 3.3620
  Batch 6930/10484, Loss: 3.7516
  Batch 6940/10484, Loss: 4.0465
  Batch 6950/10484, Loss: 3.5042
  Batch 6960/10484, Loss: 4.0796
  Batch 6970/10484, Loss: 4.2882
  Batch 6980/10484, Loss: 3.1884
  Batch 6990/10484, Loss: 3.5673
  Batch 7000/10484, Loss: 3.8093
  Batch 7010/10484, Loss: 3.2612
  Batch 7020/10484, Loss: 4.2623
  Batch 7030/10484, Loss: 3.5580
  Batch 7040/10484, Loss: 3.8402
  Batch 7050/10484, Loss: 3.0012
  Batch 7060/10484, Loss: 3.2078
  Batch 7070/10484, Loss: 4.6939
  Batch 7080/10484, Loss: 4.2793
  Batch 7090/10484, Loss: 4.0324
  Batch 7100/10484, Loss: 3.8710
  Batch 7110/10484, Loss: 3.6355
  Batch 7120/10484, Loss: 3.1764
  Batch 7130/10484, Loss: 3.8520
  Batch 7140/10484, Loss: 4.0391
  Batch 7150/10484, Loss: 4.2834
  Batch 7160/10484, Loss: 3.9082
  Batch 7170/10484, Loss: 3.8737
  Batch 7180/10484, Loss: 4.4208
  Batch 7190/10484, Loss: 3.7036
  Batch 7200/10484, Loss: 4.1297
  Batch 7210/10484, Loss: 3.6568
  Batch 7220/10484, Loss: 4.1417
  Batch 7230/10484, Loss: 3.6972
  Batch 7240/10484, Loss: 3.6817
  Batch 7250/10484, Loss: 4.1542
  Batch 7260/10484, Loss: 3.7244
  Batch 7270/10484, Loss: 3.8609
  Batch 7280/10484, Loss: 4.5496
  Batch 7290/10484, Loss: 3.4797
  Batch 7300/10484, Loss: 3.9150
  Batch 7310/10484, Loss: 3.1076
  Batch 7320/10484, Loss: 3.9054
  Batch 7330/10484, Loss: 3.6195
  Batch 7340/10484, Loss: 4.4260
  Batch 7350/10484, Loss: 4.1101
  Batch 7360/10484, Loss: 2.9745
  Batch 7370/10484, Loss: 3.7296
  Batch 7380/10484, Loss: 3.6895
  Batch 7390/10484, Loss: 3.9133
  Batch 7400/10484, Loss: 4.2415
  Batch 7410/10484, Loss: 3.3518
  Batch 7420/10484, Loss: 3.4143
  Batch 7430/10484, Loss: 3.9069
  Batch 7440/10484, Loss: 4.1673
  Batch 7450/10484, Loss: 3.6035
  Batch 7460/10484, Loss: 3.4460
  Batch 7470/10484, Loss: 3.7405
  Batch 7480/10484, Loss: 3.5164
  Batch 7490/10484, Loss: 3.7221
  Batch 7500/10484, Loss: 3.7622
  Batch 7510/10484, Loss: 4.9037
  Batch 7520/10484, Loss: 4.2974
  Batch 7530/10484, Loss: 3.2057
  Batch 7540/10484, Loss: 3.9882
  Batch 7550/10484, Loss: 4.1770
  Batch 7560/10484, Loss: 3.9619
  Batch 7570/10484, Loss: 3.7232
  Batch 7580/10484, Loss: 4.4028
  Batch 7590/10484, Loss: 3.6833
  Batch 7600/10484, Loss: 3.3929
  Batch 7610/10484, Loss: 3.8445
  Batch 7620/10484, Loss: 4.5066
  Batch 7630/10484, Loss: 3.5841
  Batch 7640/10484, Loss: 3.4436
  Batch 7650/10484, Loss: 4.0118
  Batch 7660/10484, Loss: 3.8098
  Batch 7670/10484, Loss: 3.2483
  Batch 7680/10484, Loss: 3.6462
  Batch 7690/10484, Loss: 4.4364
  Batch 7700/10484, Loss: 4.2261
  Batch 7710/10484, Loss: 2.8243
  Batch 7720/10484, Loss: 4.1672
  Batch 7730/10484, Loss: 4.1801
  Batch 7740/10484, Loss: 4.1835
  Batch 7750/10484, Loss: 3.9003
  Batch 7760/10484, Loss: 3.8532
  Batch 7770/10484, Loss: 3.3321
  Batch 7780/10484, Loss: 3.9567
  Batch 7790/10484, Loss: 4.0129
  Batch 7800/10484, Loss: 3.1435
  Batch 7810/10484, Loss: 4.1029
  Batch 7820/10484, Loss: 4.0832
  Batch 7830/10484, Loss: 4.0631
  Batch 7840/10484, Loss: 3.4309
  Batch 7850/10484, Loss: 3.8936
  Batch 7860/10484, Loss: 4.2244
  Batch 7870/10484, Loss: 3.5514
  Batch 7880/10484, Loss: 3.4466
  Batch 7890/10484, Loss: 3.5642
  Batch 7900/10484, Loss: 4.2673
  Batch 7910/10484, Loss: 3.9843
  Batch 7920/10484, Loss: 3.8125
  Batch 7930/10484, Loss: 3.3878
  Batch 7940/10484, Loss: 4.0187
  Batch 7950/10484, Loss: 3.6352
  Batch 7960/10484, Loss: 3.7141
  Batch 7970/10484, Loss: 4.0264
  Batch 7980/10484, Loss: 3.7407
  Batch 7990/10484, Loss: 3.9966
  Batch 8000/10484, Loss: 4.5197
  Batch 8010/10484, Loss: 3.9310
  Batch 8020/10484, Loss: 3.8603
  Batch 8030/10484, Loss: 3.8923
  Batch 8040/10484, Loss: 4.3451
  Batch 8050/10484, Loss: 3.4615
  Batch 8060/10484, Loss: 4.3676
  Batch 8070/10484, Loss: 4.0585
  Batch 8080/10484, Loss: 3.9300
  Batch 8090/10484, Loss: 4.1479
  Batch 8100/10484, Loss: 3.6339
  Batch 8110/10484, Loss: 3.4838
  Batch 8120/10484, Loss: 4.6115
  Batch 8130/10484, Loss: 3.8697
  Batch 8140/10484, Loss: 4.1333
  Batch 8150/10484, Loss: 4.1820
  Batch 8160/10484, Loss: 4.0491
  Batch 8170/10484, Loss: 3.7853
  Batch 8180/10484, Loss: 3.2509
  Batch 8190/10484, Loss: 3.9107
  Batch 8200/10484, Loss: 4.0040
  Batch 8210/10484, Loss: 3.7983
  Batch 8220/10484, Loss: 4.2090
  Batch 8230/10484, Loss: 3.7636
  Batch 8240/10484, Loss: 4.2636
  Batch 8250/10484, Loss: 3.7165
  Batch 8260/10484, Loss: 3.6704
  Batch 8270/10484, Loss: 3.5573
  Batch 8280/10484, Loss: 3.8466
  Batch 8290/10484, Loss: 3.1848
  Batch 8300/10484, Loss: 3.8536
  Batch 8310/10484, Loss: 3.5370
  Batch 8320/10484, Loss: 3.8336
  Batch 8330/10484, Loss: 3.4252
  Batch 8340/10484, Loss: 4.3232
  Batch 8350/10484, Loss: 4.3035
  Batch 8360/10484, Loss: 3.8481
  Batch 8370/10484, Loss: 3.7265
  Batch 8380/10484, Loss: 3.7873
  Batch 8390/10484, Loss: 3.6559
  Batch 8400/10484, Loss: 3.4195
  Batch 8410/10484, Loss: 3.7416
  Batch 8420/10484, Loss: 3.6317
  Batch 8430/10484, Loss: 4.4546
  Batch 8440/10484, Loss: 4.5143
  Batch 8450/10484, Loss: 4.0907
  Batch 8460/10484, Loss: 4.0684
  Batch 8470/10484, Loss: 4.2650
  Batch 8480/10484, Loss: 3.8771
  Batch 8490/10484, Loss: 3.5245
  Batch 8500/10484, Loss: 3.7882
  Batch 8510/10484, Loss: 3.7945
  Batch 8520/10484, Loss: 3.6069
  Batch 8530/10484, Loss: 3.4682
  Batch 8540/10484, Loss: 3.1371
  Batch 8550/10484, Loss: 3.0045
  Batch 8560/10484, Loss: 4.0574
  Batch 8570/10484, Loss: 3.8148
  Batch 8580/10484, Loss: 3.8124
  Batch 8590/10484, Loss: 4.6027
  Batch 8600/10484, Loss: 4.2398
  Batch 8610/10484, Loss: 3.9711
  Batch 8620/10484, Loss: 2.6653
  Batch 8630/10484, Loss: 3.2029
  Batch 8640/10484, Loss: 3.7505
  Batch 8650/10484, Loss: 3.2618
  Batch 8660/10484, Loss: 4.2761
  Batch 8670/10484, Loss: 4.1154
  Batch 8680/10484, Loss: 3.6870
  Batch 8690/10484, Loss: 3.6172
  Batch 8700/10484, Loss: 4.3961
  Batch 8710/10484, Loss: 3.3286
  Batch 8720/10484, Loss: 4.4720
  Batch 8730/10484, Loss: 4.0756
  Batch 8740/10484, Loss: 3.9129
  Batch 8750/10484, Loss: 3.8282
  Batch 8760/10484, Loss: 3.3937
  Batch 8770/10484, Loss: 4.1990
  Batch 8780/10484, Loss: 3.1044
  Batch 8790/10484, Loss: 3.2753
  Batch 8800/10484, Loss: 3.9507
  Batch 8810/10484, Loss: 3.5417
  Batch 8820/10484, Loss: 4.2334
  Batch 8830/10484, Loss: 3.7407
  Batch 8840/10484, Loss: 2.9827
  Batch 8850/10484, Loss: 3.6079
  Batch 8860/10484, Loss: 4.4378
  Batch 8870/10484, Loss: 3.7386
  Batch 8880/10484, Loss: 3.3290
  Batch 8890/10484, Loss: 4.3168
  Batch 8900/10484, Loss: 3.4329
  Batch 8910/10484, Loss: 3.7172
  Batch 8920/10484, Loss: 4.0346
  Batch 8930/10484, Loss: 4.0123
  Batch 8940/10484, Loss: 4.5446
  Batch 8950/10484, Loss: 3.2304
  Batch 8960/10484, Loss: 3.5384
  Batch 8970/10484, Loss: 4.0078
  Batch 8980/10484, Loss: 3.7413
  Batch 8990/10484, Loss: 3.6068
  Batch 9000/10484, Loss: 3.0906
  Batch 9010/10484, Loss: 3.7401
  Batch 9020/10484, Loss: 3.5805
  Batch 9030/10484, Loss: 3.2742
  Batch 9040/10484, Loss: 3.9017
  Batch 9050/10484, Loss: 3.8112
  Batch 9060/10484, Loss: 3.8437
  Batch 9070/10484, Loss: 3.3914
  Batch 9080/10484, Loss: 3.6579
  Batch 9090/10484, Loss: 3.4634
  Batch 9100/10484, Loss: 3.5152
  Batch 9110/10484, Loss: 3.8671
  Batch 9120/10484, Loss: 3.1411
  Batch 9130/10484, Loss: 3.2080
  Batch 9140/10484, Loss: 4.3921
  Batch 9150/10484, Loss: 3.7546
  Batch 9160/10484, Loss: 3.8975
  Batch 9170/10484, Loss: 3.5918
  Batch 9180/10484, Loss: 4.0987
  Batch 9190/10484, Loss: 3.6496
  Batch 9200/10484, Loss: 4.0789
  Batch 9210/10484, Loss: 3.2236
  Batch 9220/10484, Loss: 3.5165
  Batch 9230/10484, Loss: 3.4873
  Batch 9240/10484, Loss: 3.6235
  Batch 9250/10484, Loss: 3.3155
  Batch 9260/10484, Loss: 4.1486
  Batch 9270/10484, Loss: 3.5604
  Batch 9280/10484, Loss: 3.7119
  Batch 9290/10484, Loss: 3.5996
  Batch 9300/10484, Loss: 3.0237
  Batch 9310/10484, Loss: 4.6888
  Batch 9320/10484, Loss: 3.7735
  Batch 9330/10484, Loss: 4.0207
  Batch 9340/10484, Loss: 4.1700
  Batch 9350/10484, Loss: 2.9002
  Batch 9360/10484, Loss: 3.4592
  Batch 9370/10484, Loss: 3.1437
  Batch 9380/10484, Loss: 3.1354
  Batch 9390/10484, Loss: 3.8442
  Batch 9400/10484, Loss: 3.7976
  Batch 9410/10484, Loss: 3.4209
  Batch 9420/10484, Loss: 2.8082
  Batch 9430/10484, Loss: 3.4147
  Batch 9440/10484, Loss: 3.3869
  Batch 9450/10484, Loss: 3.8361
  Batch 9460/10484, Loss: 4.1694
  Batch 9470/10484, Loss: 3.9746
  Batch 9480/10484, Loss: 3.7558
  Batch 9490/10484, Loss: 4.1131
  Batch 9500/10484, Loss: 4.4170
  Batch 9510/10484, Loss: 3.8629
  Batch 9520/10484, Loss: 3.0503
  Batch 9530/10484, Loss: 4.5177
  Batch 9540/10484, Loss: 3.6984
  Batch 9550/10484, Loss: 3.6336
  Batch 9560/10484, Loss: 3.6432
  Batch 9570/10484, Loss: 3.8281
  Batch 9580/10484, Loss: 3.7304
  Batch 9590/10484, Loss: 4.1232
  Batch 9600/10484, Loss: 4.2242
  Batch 9610/10484, Loss: 3.5048
  Batch 9620/10484, Loss: 4.2006
  Batch 9630/10484, Loss: 3.9428
  Batch 9640/10484, Loss: 3.2983
  Batch 9650/10484, Loss: 3.6496
  Batch 9660/10484, Loss: 3.4983
  Batch 9670/10484, Loss: 3.4013
  Batch 9680/10484, Loss: 4.1240
  Batch 9690/10484, Loss: 4.2948
  Batch 9700/10484, Loss: 4.1214
  Batch 9710/10484, Loss: 3.0564
  Batch 9720/10484, Loss: 3.0217
  Batch 9730/10484, Loss: 4.1113
  Batch 9740/10484, Loss: 3.6005
  Batch 9750/10484, Loss: 4.0389
  Batch 9760/10484, Loss: 4.4156
  Batch 9770/10484, Loss: 4.1518
  Batch 9780/10484, Loss: 3.6038
  Batch 9790/10484, Loss: 3.9598
  Batch 9800/10484, Loss: 3.7295
  Batch 9810/10484, Loss: 4.1991
  Batch 9820/10484, Loss: 3.6887
  Batch 9830/10484, Loss: 3.0054
  Batch 9840/10484, Loss: 3.3789
  Batch 9850/10484, Loss: 3.5774
  Batch 9860/10484, Loss: 4.0785
  Batch 9870/10484, Loss: 4.1466
  Batch 9880/10484, Loss: 3.4963
  Batch 9890/10484, Loss: 3.8656
  Batch 9900/10484, Loss: 3.1494
  Batch 9910/10484, Loss: 4.1263
  Batch 9920/10484, Loss: 3.8746
  Batch 9930/10484, Loss: 3.7394
  Batch 9940/10484, Loss: 3.8951
  Batch 9950/10484, Loss: 3.7862
  Batch 9960/10484, Loss: 4.2649
  Batch 9970/10484, Loss: 4.4967
  Batch 9980/10484, Loss: 3.4766
  Batch 9990/10484, Loss: 3.8192
  Batch 10000/10484, Loss: 3.5086
  Batch 10010/10484, Loss: 3.4629
  Batch 10020/10484, Loss: 3.4806
  Batch 10030/10484, Loss: 3.8379
  Batch 10040/10484, Loss: 4.0609
  Batch 10050/10484, Loss: 3.7377
  Batch 10060/10484, Loss: 3.5416
  Batch 10070/10484, Loss: 3.3200
  Batch 10080/10484, Loss: 3.7907
  Batch 10090/10484, Loss: 3.7727
  Batch 10100/10484, Loss: 4.1171
  Batch 10110/10484, Loss: 3.7264
  Batch 10120/10484, Loss: 4.1361
  Batch 10130/10484, Loss: 4.2010
  Batch 10140/10484, Loss: 3.7896
  Batch 10150/10484, Loss: 4.1267
  Batch 10160/10484, Loss: 3.6465
  Batch 10170/10484, Loss: 3.1252
  Batch 10180/10484, Loss: 3.5241
  Batch 10190/10484, Loss: 4.2212
  Batch 10200/10484, Loss: 4.2379
  Batch 10210/10484, Loss: 3.7943
  Batch 10220/10484, Loss: 3.5716
  Batch 10230/10484, Loss: 4.0960
  Batch 10240/10484, Loss: 4.0403
  Batch 10250/10484, Loss: 3.9751
  Batch 10260/10484, Loss: 3.9609
  Batch 10270/10484, Loss: 3.9020
  Batch 10280/10484, Loss: 3.2937
  Batch 10290/10484, Loss: 3.8544
  Batch 10300/10484, Loss: 4.0254
  Batch 10310/10484, Loss: 4.3571
  Batch 10320/10484, Loss: 3.3737
  Batch 10330/10484, Loss: 4.3910
  Batch 10340/10484, Loss: 3.4625
  Batch 10350/10484, Loss: 3.6127
  Batch 10360/10484, Loss: 3.7116
  Batch 10370/10484, Loss: 4.2156
  Batch 10380/10484, Loss: 4.6058
  Batch 10390/10484, Loss: 3.9915
  Batch 10400/10484, Loss: 3.8666
  Batch 10410/10484, Loss: 3.4800
  Batch 10420/10484, Loss: 4.2373
  Batch 10430/10484, Loss: 3.8236
  Batch 10440/10484, Loss: 3.9412
  Batch 10450/10484, Loss: 4.4827
  Batch 10460/10484, Loss: 3.8381
  Batch 10470/10484, Loss: 3.3821
  Batch 10480/10484, Loss: 3.5069

  Train Loss: 3.7343
  Val Loss: 6.8428
  Time: 30m 43s

Epoch 20/20
----------------------------------------
  Batch 10/10484, Loss: 3.2541
  Batch 20/10484, Loss: 3.4569
  Batch 30/10484, Loss: 4.1287
  Batch 40/10484, Loss: 3.1272
  Batch 50/10484, Loss: 3.3006
  Batch 60/10484, Loss: 3.4484
  Batch 70/10484, Loss: 3.7947
  Batch 80/10484, Loss: 4.1170
  Batch 90/10484, Loss: 3.2330
  Batch 100/10484, Loss: 4.1063
  Batch 110/10484, Loss: 2.8519
  Batch 120/10484, Loss: 3.5933
  Batch 130/10484, Loss: 4.3671
  Batch 140/10484, Loss: 3.8379
  Batch 150/10484, Loss: 2.9675
  Batch 160/10484, Loss: 3.6514
  Batch 170/10484, Loss: 3.8774
  Batch 180/10484, Loss: 4.0488
  Batch 190/10484, Loss: 3.7157
  Batch 200/10484, Loss: 3.6568
  Batch 210/10484, Loss: 3.3382
  Batch 220/10484, Loss: 4.1762
  Batch 230/10484, Loss: 3.3841
  Batch 240/10484, Loss: 2.8101
  Batch 250/10484, Loss: 3.4814
  Batch 260/10484, Loss: 3.5375
  Batch 270/10484, Loss: 3.8275
  Batch 280/10484, Loss: 3.4051
  Batch 290/10484, Loss: 3.4940
  Batch 300/10484, Loss: 3.9985
  Batch 310/10484, Loss: 3.0802
  Batch 320/10484, Loss: 4.6673
  Batch 330/10484, Loss: 3.7416
  Batch 340/10484, Loss: 3.9042
  Batch 350/10484, Loss: 3.5990
  Batch 360/10484, Loss: 3.9569
  Batch 370/10484, Loss: 3.3997
  Batch 380/10484, Loss: 3.5221
  Batch 390/10484, Loss: 3.3186
  Batch 400/10484, Loss: 3.7678
  Batch 410/10484, Loss: 2.3798
  Batch 420/10484, Loss: 3.2513
  Batch 430/10484, Loss: 3.5320
  Batch 440/10484, Loss: 3.7424
  Batch 450/10484, Loss: 3.5319
  Batch 460/10484, Loss: 3.2191
  Batch 470/10484, Loss: 3.4830
  Batch 480/10484, Loss: 4.1610
  Batch 490/10484, Loss: 4.1600
  Batch 500/10484, Loss: 3.4009
  Batch 510/10484, Loss: 3.9178
  Batch 520/10484, Loss: 3.1345
  Batch 530/10484, Loss: 3.2451
  Batch 540/10484, Loss: 3.7091
  Batch 550/10484, Loss: 3.2869
  Batch 560/10484, Loss: 3.1459
  Batch 570/10484, Loss: 4.2646
  Batch 580/10484, Loss: 3.8699
  Batch 590/10484, Loss: 3.4618
  Batch 600/10484, Loss: 3.3312
  Batch 610/10484, Loss: 3.6745
  Batch 620/10484, Loss: 3.6139
  Batch 630/10484, Loss: 3.2754
  Batch 640/10484, Loss: 3.0964
  Batch 650/10484, Loss: 3.9897
  Batch 660/10484, Loss: 3.5007
  Batch 670/10484, Loss: 3.5328
  Batch 680/10484, Loss: 3.7557
  Batch 690/10484, Loss: 4.2353
  Batch 700/10484, Loss: 3.4062
  Batch 710/10484, Loss: 3.3814
  Batch 720/10484, Loss: 3.3461
  Batch 730/10484, Loss: 3.9429
  Batch 740/10484, Loss: 3.9297
  Batch 750/10484, Loss: 4.1142
  Batch 760/10484, Loss: 4.2640
  Batch 770/10484, Loss: 3.9457
  Batch 780/10484, Loss: 4.0705
  Batch 790/10484, Loss: 3.1830
  Batch 800/10484, Loss: 3.3517
  Batch 810/10484, Loss: 4.0335
  Batch 820/10484, Loss: 3.8936
  Batch 830/10484, Loss: 3.9592
  Batch 840/10484, Loss: 3.8275
  Batch 850/10484, Loss: 3.3362
  Batch 860/10484, Loss: 4.2337
  Batch 870/10484, Loss: 3.5323
  Batch 880/10484, Loss: 3.9866
  Batch 890/10484, Loss: 4.1170
  Batch 900/10484, Loss: 3.8497
  Batch 910/10484, Loss: 4.4946
  Batch 920/10484, Loss: 3.3579
  Batch 930/10484, Loss: 3.0698
  Batch 940/10484, Loss: 3.5271
  Batch 950/10484, Loss: 3.5595
  Batch 960/10484, Loss: 3.8206
  Batch 970/10484, Loss: 3.0613
  Batch 980/10484, Loss: 3.5888
  Batch 990/10484, Loss: 4.6144
  Batch 1000/10484, Loss: 3.7654
  Batch 1010/10484, Loss: 2.9763
  Batch 1020/10484, Loss: 3.0391
  Batch 1030/10484, Loss: 3.5595
  Batch 1040/10484, Loss: 4.3934
  Batch 1050/10484, Loss: 3.4803
  Batch 1060/10484, Loss: 3.4363
  Batch 1070/10484, Loss: 4.0083
  Batch 1080/10484, Loss: 3.3229
  Batch 1090/10484, Loss: 3.6894
  Batch 1100/10484, Loss: 4.2157
  Batch 1110/10484, Loss: 3.8698
  Batch 1120/10484, Loss: 3.5958
  Batch 1130/10484, Loss: 3.9662
  Batch 1140/10484, Loss: 4.0112
  Batch 1150/10484, Loss: 3.8763
  Batch 1160/10484, Loss: 4.6021
  Batch 1170/10484, Loss: 3.9271
  Batch 1180/10484, Loss: 4.1164
  Batch 1190/10484, Loss: 3.4092
  Batch 1200/10484, Loss: 3.8482
  Batch 1210/10484, Loss: 3.7326
  Batch 1220/10484, Loss: 4.1763
  Batch 1230/10484, Loss: 4.2739
  Batch 1240/10484, Loss: 4.1981
  Batch 1250/10484, Loss: 3.7233
  Batch 1260/10484, Loss: 4.0308
  Batch 1270/10484, Loss: 4.2236
  Batch 1280/10484, Loss: 3.9793
  Batch 1290/10484, Loss: 3.8535
  Batch 1300/10484, Loss: 3.3420
  Batch 1310/10484, Loss: 3.5048
  Batch 1320/10484, Loss: 3.6534
  Batch 1330/10484, Loss: 3.1404
  Batch 1340/10484, Loss: 3.3782
  Batch 1350/10484, Loss: 3.4900
  Batch 1360/10484, Loss: 3.7192
  Batch 1370/10484, Loss: 3.6711
  Batch 1380/10484, Loss: 3.8858
  Batch 1390/10484, Loss: 4.3606
  Batch 1400/10484, Loss: 3.4067
  Batch 1410/10484, Loss: 3.9487
  Batch 1420/10484, Loss: 3.5352
  Batch 1430/10484, Loss: 3.5595
  Batch 1440/10484, Loss: 3.1287
  Batch 1450/10484, Loss: 3.6265
  Batch 1460/10484, Loss: 3.8939
  Batch 1470/10484, Loss: 2.8284
  Batch 1480/10484, Loss: 4.0612
  Batch 1490/10484, Loss: 3.6446
  Batch 1500/10484, Loss: 3.2236
  Batch 1510/10484, Loss: 3.6925
  Batch 1520/10484, Loss: 3.0701
  Batch 1530/10484, Loss: 3.6478
  Batch 1540/10484, Loss: 4.0007
  Batch 1550/10484, Loss: 3.0776
  Batch 1560/10484, Loss: 3.6003
  Batch 1570/10484, Loss: 4.2987
  Batch 1580/10484, Loss: 3.9920
  Batch 1590/10484, Loss: 3.4503
  Batch 1600/10484, Loss: 4.2631
  Batch 1610/10484, Loss: 3.4271
  Batch 1620/10484, Loss: 3.7859
  Batch 1630/10484, Loss: 4.0552
  Batch 1640/10484, Loss: 3.9854
  Batch 1650/10484, Loss: 3.6867
  Batch 1660/10484, Loss: 3.9274
  Batch 1670/10484, Loss: 3.9995
  Batch 1680/10484, Loss: 4.1939
  Batch 1690/10484, Loss: 3.8657
  Batch 1700/10484, Loss: 3.9759
  Batch 1710/10484, Loss: 2.9347
  Batch 1720/10484, Loss: 3.7644
  Batch 1730/10484, Loss: 3.9255
  Batch 1740/10484, Loss: 3.7310
  Batch 1750/10484, Loss: 3.9603
  Batch 1760/10484, Loss: 3.8642
  Batch 1770/10484, Loss: 3.8995
  Batch 1780/10484, Loss: 3.7254
  Batch 1790/10484, Loss: 3.4064
  Batch 1800/10484, Loss: 3.0237
  Batch 1810/10484, Loss: 3.1056
  Batch 1820/10484, Loss: 3.4764
  Batch 1830/10484, Loss: 3.6688
  Batch 1840/10484, Loss: 3.5780
  Batch 1850/10484, Loss: 3.2961
  Batch 1860/10484, Loss: 3.7392
  Batch 1870/10484, Loss: 3.5754
  Batch 1880/10484, Loss: 4.1863
  Batch 1890/10484, Loss: 3.9118
  Batch 1900/10484, Loss: 3.2448
  Batch 1910/10484, Loss: 3.9170
  Batch 1920/10484, Loss: 4.0814
  Batch 1930/10484, Loss: 4.0278
  Batch 1940/10484, Loss: 3.8763
  Batch 1950/10484, Loss: 3.6835
  Batch 1960/10484, Loss: 2.8851
  Batch 1970/10484, Loss: 3.7909
  Batch 1980/10484, Loss: 3.8635
  Batch 1990/10484, Loss: 3.8673
  Batch 2000/10484, Loss: 3.7306
  Batch 2010/10484, Loss: 2.8116
  Batch 2020/10484, Loss: 3.9134
  Batch 2030/10484, Loss: 3.1248
  Batch 2040/10484, Loss: 4.4005
  Batch 2050/10484, Loss: 3.7059
  Batch 2060/10484, Loss: 3.9930
  Batch 2070/10484, Loss: 3.0152
  Batch 2080/10484, Loss: 3.5133
  Batch 2090/10484, Loss: 2.8453
  Batch 2100/10484, Loss: 3.7976
  Batch 2110/10484, Loss: 3.6665
  Batch 2120/10484, Loss: 4.3340
  Batch 2130/10484, Loss: 3.5791
  Batch 2140/10484, Loss: 3.7678
  Batch 2150/10484, Loss: 4.0589
  Batch 2160/10484, Loss: 3.6869
  Batch 2170/10484, Loss: 3.8764
  Batch 2180/10484, Loss: 3.7386
  Batch 2190/10484, Loss: 2.9137
  Batch 2200/10484, Loss: 3.5294
  Batch 2210/10484, Loss: 3.9645
  Batch 2220/10484, Loss: 3.5379
  Batch 2230/10484, Loss: 3.7442
  Batch 2240/10484, Loss: 3.5543
  Batch 2250/10484, Loss: 3.8596
  Batch 2260/10484, Loss: 3.5608
  Batch 2270/10484, Loss: 3.5311
  Batch 2280/10484, Loss: 3.5460
  Batch 2290/10484, Loss: 3.2520
  Batch 2300/10484, Loss: 4.1735
  Batch 2310/10484, Loss: 3.5851
  Batch 2320/10484, Loss: 3.6695
  Batch 2330/10484, Loss: 4.3055
  Batch 2340/10484, Loss: 3.3320
  Batch 2350/10484, Loss: 3.8290
  Batch 2360/10484, Loss: 3.6929
  Batch 2370/10484, Loss: 3.5860
  Batch 2380/10484, Loss: 3.1979
  Batch 2390/10484, Loss: 3.1752
  Batch 2400/10484, Loss: 3.6558
  Batch 2410/10484, Loss: 3.6870
  Batch 2420/10484, Loss: 3.6178
  Batch 2430/10484, Loss: 4.0487
  Batch 2440/10484, Loss: 3.9777
  Batch 2450/10484, Loss: 2.9047
  Batch 2460/10484, Loss: 3.5248
  Batch 2470/10484, Loss: 4.0210
  Batch 2480/10484, Loss: 2.9539
  Batch 2490/10484, Loss: 4.4099
  Batch 2500/10484, Loss: 3.5740
  Batch 2510/10484, Loss: 3.9868
  Batch 2520/10484, Loss: 3.3621
  Batch 2530/10484, Loss: 3.2628
  Batch 2540/10484, Loss: 4.0791
  Batch 2550/10484, Loss: 3.8859
  Batch 2560/10484, Loss: 4.1852
  Batch 2570/10484, Loss: 3.9167
  Batch 2580/10484, Loss: 4.3644
  Batch 2590/10484, Loss: 3.4999
  Batch 2600/10484, Loss: 3.2951
  Batch 2610/10484, Loss: 3.8843
  Batch 2620/10484, Loss: 3.3820
  Batch 2630/10484, Loss: 3.5241
  Batch 2640/10484, Loss: 3.7827
  Batch 2650/10484, Loss: 3.2068
  Batch 2660/10484, Loss: 3.9352
  Batch 2670/10484, Loss: 3.7319
  Batch 2680/10484, Loss: 3.6268
  Batch 2690/10484, Loss: 4.2526
  Batch 2700/10484, Loss: 3.5072
  Batch 2710/10484, Loss: 4.4173
  Batch 2720/10484, Loss: 4.1145
  Batch 2730/10484, Loss: 3.4130
  Batch 2740/10484, Loss: 3.3658
  Batch 2750/10484, Loss: 2.8834
  Batch 2760/10484, Loss: 3.9983
  Batch 2770/10484, Loss: 3.3155
  Batch 2780/10484, Loss: 4.1125
  Batch 2790/10484, Loss: 3.3926
  Batch 2800/10484, Loss: 4.2246
  Batch 2810/10484, Loss: 3.5778
  Batch 2820/10484, Loss: 3.4858
  Batch 2830/10484, Loss: 3.3785
  Batch 2840/10484, Loss: 3.5034
  Batch 2850/10484, Loss: 2.7071
  Batch 2860/10484, Loss: 3.4474
  Batch 2870/10484, Loss: 3.6698
  Batch 2880/10484, Loss: 3.6718
  Batch 2890/10484, Loss: 3.4765
  Batch 2900/10484, Loss: 3.8781
  Batch 2910/10484, Loss: 3.7839
  Batch 2920/10484, Loss: 3.8717
  Batch 2930/10484, Loss: 3.4372
  Batch 2940/10484, Loss: 3.4328
  Batch 2950/10484, Loss: 3.5794
  Batch 2960/10484, Loss: 4.1379
  Batch 2970/10484, Loss: 3.4740
  Batch 2980/10484, Loss: 3.4778
  Batch 2990/10484, Loss: 3.6775
  Batch 3000/10484, Loss: 3.6671
  Batch 3010/10484, Loss: 3.8775
  Batch 3020/10484, Loss: 3.8842
  Batch 3030/10484, Loss: 3.8128
  Batch 3040/10484, Loss: 3.9737
  Batch 3050/10484, Loss: 3.5134
  Batch 3060/10484, Loss: 3.7449
  Batch 3070/10484, Loss: 3.3065
  Batch 3080/10484, Loss: 3.4273
  Batch 3090/10484, Loss: 4.2802
  Batch 3100/10484, Loss: 3.2103
  Batch 3110/10484, Loss: 3.7752
  Batch 3120/10484, Loss: 4.6428
  Batch 3130/10484, Loss: 3.6566
  Batch 3140/10484, Loss: 3.7015
  Batch 3150/10484, Loss: 3.4914
  Batch 3160/10484, Loss: 4.1050
  Batch 3170/10484, Loss: 4.2609
  Batch 3180/10484, Loss: 3.9131
  Batch 3190/10484, Loss: 3.6063
  Batch 3200/10484, Loss: 3.2241
  Batch 3210/10484, Loss: 3.3345
  Batch 3220/10484, Loss: 3.7872
  Batch 3230/10484, Loss: 3.3925
  Batch 3240/10484, Loss: 3.6539
  Batch 3250/10484, Loss: 4.1899
  Batch 3260/10484, Loss: 3.7067
  Batch 3270/10484, Loss: 3.8822
  Batch 3280/10484, Loss: 3.8443
  Batch 3290/10484, Loss: 3.6267
  Batch 3300/10484, Loss: 3.1154
  Batch 3310/10484, Loss: 3.5134
  Batch 3320/10484, Loss: 3.5026
  Batch 3330/10484, Loss: 3.6580
  Batch 3340/10484, Loss: 3.3883
  Batch 3350/10484, Loss: 3.7743
  Batch 3360/10484, Loss: 3.4616
  Batch 3370/10484, Loss: 3.8033
  Batch 3380/10484, Loss: 3.7958
  Batch 3390/10484, Loss: 3.6873
  Batch 3400/10484, Loss: 4.0029
  Batch 3410/10484, Loss: 3.2815
  Batch 3420/10484, Loss: 3.1982
  Batch 3430/10484, Loss: 3.4804
  Batch 3440/10484, Loss: 3.6072
  Batch 3450/10484, Loss: 4.1338
  Batch 3460/10484, Loss: 3.8183
  Batch 3470/10484, Loss: 3.7431
  Batch 3480/10484, Loss: 3.8230
  Batch 3490/10484, Loss: 3.5127
  Batch 3500/10484, Loss: 3.6296
  Batch 3510/10484, Loss: 3.3615
  Batch 3520/10484, Loss: 4.0205
  Batch 3530/10484, Loss: 4.1406
  Batch 3540/10484, Loss: 3.0680
  Batch 3550/10484, Loss: 3.4278
  Batch 3560/10484, Loss: 3.3541
  Batch 3570/10484, Loss: 3.8309
  Batch 3580/10484, Loss: 3.8219
  Batch 3590/10484, Loss: 3.5836
  Batch 3600/10484, Loss: 4.0395
  Batch 3610/10484, Loss: 4.2473
  Batch 3620/10484, Loss: 4.6231
  Batch 3630/10484, Loss: 3.2579
  Batch 3640/10484, Loss: 3.3593
  Batch 3650/10484, Loss: 4.0025
  Batch 3660/10484, Loss: 3.2246
  Batch 3670/10484, Loss: 3.4868
  Batch 3680/10484, Loss: 3.5234
  Batch 3690/10484, Loss: 3.7148
  Batch 3700/10484, Loss: 4.1990
  Batch 3710/10484, Loss: 3.4622
  Batch 3720/10484, Loss: 3.9784
  Batch 3730/10484, Loss: 3.5389
  Batch 3740/10484, Loss: 3.4536
  Batch 3750/10484, Loss: 3.9243
  Batch 3760/10484, Loss: 3.9880
  Batch 3770/10484, Loss: 3.4482
  Batch 3780/10484, Loss: 3.2487
  Batch 3790/10484, Loss: 4.1229
  Batch 3800/10484, Loss: 3.2134
  Batch 3810/10484, Loss: 3.9150
  Batch 3820/10484, Loss: 4.1441
  Batch 3830/10484, Loss: 4.0600
  Batch 3840/10484, Loss: 3.7880
  Batch 3850/10484, Loss: 3.7150
  Batch 3860/10484, Loss: 3.7343
  Batch 3870/10484, Loss: 3.7021
  Batch 3880/10484, Loss: 4.0678
  Batch 3890/10484, Loss: 3.3986
  Batch 3900/10484, Loss: 4.0628
  Batch 3910/10484, Loss: 3.7347
  Batch 3920/10484, Loss: 4.2249
  Batch 3930/10484, Loss: 3.7615
  Batch 3940/10484, Loss: 3.2788
  Batch 3950/10484, Loss: 3.9767
  Batch 3960/10484, Loss: 3.7015
  Batch 3970/10484, Loss: 3.9104
  Batch 3980/10484, Loss: 4.0173
  Batch 3990/10484, Loss: 3.6280
  Batch 4000/10484, Loss: 3.8695
  Batch 4010/10484, Loss: 3.1632
  Batch 4020/10484, Loss: 3.6468
  Batch 4030/10484, Loss: 3.3072
  Batch 4040/10484, Loss: 4.5242
  Batch 4050/10484, Loss: 4.3405
  Batch 4060/10484, Loss: 4.1718
  Batch 4070/10484, Loss: 3.3655
  Batch 4080/10484, Loss: 3.8306
  Batch 4090/10484, Loss: 3.1716
  Batch 4100/10484, Loss: 3.1585
  Batch 4110/10484, Loss: 3.3638
  Batch 4120/10484, Loss: 3.0210
  Batch 4130/10484, Loss: 3.9046
  Batch 4140/10484, Loss: 3.2819
  Batch 4150/10484, Loss: 3.6785
  Batch 4160/10484, Loss: 4.2150
  Batch 4170/10484, Loss: 3.6397
  Batch 4180/10484, Loss: 4.5441
  Batch 4190/10484, Loss: 3.6932
  Batch 4200/10484, Loss: 3.4913
  Batch 4210/10484, Loss: 3.8405
  Batch 4220/10484, Loss: 3.3587
  Batch 4230/10484, Loss: 3.3054
  Batch 4240/10484, Loss: 3.9884
  Batch 4250/10484, Loss: 3.7506
  Batch 4260/10484, Loss: 3.8691
  Batch 4270/10484, Loss: 3.5574
  Batch 4280/10484, Loss: 3.7451
  Batch 4290/10484, Loss: 4.1171
  Batch 4300/10484, Loss: 4.1401
  Batch 4310/10484, Loss: 3.9372
  Batch 4320/10484, Loss: 3.5863
  Batch 4330/10484, Loss: 3.8089
  Batch 4340/10484, Loss: 4.2472
  Batch 4350/10484, Loss: 3.6827
  Batch 4360/10484, Loss: 2.9420
  Batch 4370/10484, Loss: 3.7881
  Batch 4380/10484, Loss: 4.0710
  Batch 4390/10484, Loss: 3.4904
  Batch 4400/10484, Loss: 3.5523
  Batch 4410/10484, Loss: 4.0568
  Batch 4420/10484, Loss: 3.7003
  Batch 4430/10484, Loss: 3.6005
  Batch 4440/10484, Loss: 3.6751
  Batch 4450/10484, Loss: 3.6416
  Batch 4460/10484, Loss: 3.4844
  Batch 4470/10484, Loss: 3.9088
  Batch 4480/10484, Loss: 3.8707
  Batch 4490/10484, Loss: 4.0585
  Batch 4500/10484, Loss: 3.2375
  Batch 4510/10484, Loss: 3.4522
  Batch 4520/10484, Loss: 3.9287
  Batch 4530/10484, Loss: 4.2175
  Batch 4540/10484, Loss: 3.1128
  Batch 4550/10484, Loss: 3.1923
  Batch 4560/10484, Loss: 3.0247
  Batch 4570/10484, Loss: 3.5716
  Batch 4580/10484, Loss: 4.8619
  Batch 4590/10484, Loss: 3.3881
  Batch 4600/10484, Loss: 3.9623
  Batch 4610/10484, Loss: 4.0050
  Batch 4620/10484, Loss: 3.9474
  Batch 4630/10484, Loss: 3.2800
  Batch 4640/10484, Loss: 3.7916
  Batch 4650/10484, Loss: 3.2684
  Batch 4660/10484, Loss: 3.1499
  Batch 4670/10484, Loss: 3.8878
  Batch 4680/10484, Loss: 3.9362
  Batch 4690/10484, Loss: 3.5035
  Batch 4700/10484, Loss: 3.5667
  Batch 4710/10484, Loss: 3.5404
  Batch 4720/10484, Loss: 4.0462
  Batch 4730/10484, Loss: 3.0171
  Batch 4740/10484, Loss: 4.0362
  Batch 4750/10484, Loss: 3.7923
  Batch 4760/10484, Loss: 2.7399
  Batch 4770/10484, Loss: 3.8100
  Batch 4780/10484, Loss: 2.9288
  Batch 4790/10484, Loss: 3.9187
  Batch 4800/10484, Loss: 3.7367
  Batch 4810/10484, Loss: 3.1120
  Batch 4820/10484, Loss: 3.0842
  Batch 4830/10484, Loss: 3.9302
  Batch 4840/10484, Loss: 3.9717
  Batch 4850/10484, Loss: 3.6214
  Batch 4860/10484, Loss: 3.3425
  Batch 4870/10484, Loss: 3.3206
  Batch 4880/10484, Loss: 3.9618
  Batch 4890/10484, Loss: 3.9574
  Batch 4900/10484, Loss: 3.1637
  Batch 4910/10484, Loss: 3.3354
  Batch 4920/10484, Loss: 4.4009
  Batch 4930/10484, Loss: 3.4738
  Batch 4940/10484, Loss: 4.0276
  Batch 4950/10484, Loss: 3.3703
  Batch 4960/10484, Loss: 3.4879
  Batch 4970/10484, Loss: 3.3553
  Batch 4980/10484, Loss: 3.9954
  Batch 4990/10484, Loss: 2.9376
  Batch 5000/10484, Loss: 4.5177
  Batch 5010/10484, Loss: 3.6054
  Batch 5020/10484, Loss: 3.0105
  Batch 5030/10484, Loss: 3.1228
  Batch 5040/10484, Loss: 3.9404
  Batch 5050/10484, Loss: 4.1775
  Batch 5060/10484, Loss: 3.6999
  Batch 5070/10484, Loss: 3.8052
  Batch 5080/10484, Loss: 3.4434
  Batch 5090/10484, Loss: 4.1606
  Batch 5100/10484, Loss: 3.8191
  Batch 5110/10484, Loss: 3.1564
  Batch 5120/10484, Loss: 3.4674
  Batch 5130/10484, Loss: 4.1591
  Batch 5140/10484, Loss: 3.9960
  Batch 5150/10484, Loss: 3.9478
  Batch 5160/10484, Loss: 3.3972
  Batch 5170/10484, Loss: 3.6957
  Batch 5180/10484, Loss: 3.7318
  Batch 5190/10484, Loss: 3.8230
  Batch 5200/10484, Loss: 3.6155
  Batch 5210/10484, Loss: 4.3198
  Batch 5220/10484, Loss: 4.1330
  Batch 5230/10484, Loss: 3.9108
  Batch 5240/10484, Loss: 3.5477
  Batch 5250/10484, Loss: 3.4363
  Batch 5260/10484, Loss: 3.4481
  Batch 5270/10484, Loss: 3.5638
  Batch 5280/10484, Loss: 3.6916
  Batch 5290/10484, Loss: 2.8882
  Batch 5300/10484, Loss: 3.6296
  Batch 5310/10484, Loss: 3.2919
  Batch 5320/10484, Loss: 4.2804
  Batch 5330/10484, Loss: 3.5523
  Batch 5340/10484, Loss: 4.0569
  Batch 5350/10484, Loss: 3.9796
  Batch 5360/10484, Loss: 3.5026
  Batch 5370/10484, Loss: 4.3787
  Batch 5380/10484, Loss: 4.4803
  Batch 5390/10484, Loss: 3.6932
  Batch 5400/10484, Loss: 4.4065
  Batch 5410/10484, Loss: 4.2857
  Batch 5420/10484, Loss: 3.8756
  Batch 5430/10484, Loss: 3.4308
  Batch 5440/10484, Loss: 3.0625
  Batch 5450/10484, Loss: 4.3589
  Batch 5460/10484, Loss: 3.4770
  Batch 5470/10484, Loss: 4.3321
  Batch 5480/10484, Loss: 3.1602
  Batch 5490/10484, Loss: 3.2677
  Batch 5500/10484, Loss: 3.3295
  Batch 5510/10484, Loss: 3.7011
  Batch 5520/10484, Loss: 3.9862
  Batch 5530/10484, Loss: 3.5560
  Batch 5540/10484, Loss: 4.2902
  Batch 5550/10484, Loss: 4.2357
  Batch 5560/10484, Loss: 3.7906
  Batch 5570/10484, Loss: 3.8603
  Batch 5580/10484, Loss: 3.8786
  Batch 5590/10484, Loss: 3.7248
  Batch 5600/10484, Loss: 3.8373
  Batch 5610/10484, Loss: 3.4976
  Batch 5620/10484, Loss: 3.2922
  Batch 5630/10484, Loss: 3.3149
  Batch 5640/10484, Loss: 3.7523
  Batch 5650/10484, Loss: 3.1207
  Batch 5660/10484, Loss: 3.2043
  Batch 5670/10484, Loss: 3.6504
  Batch 5680/10484, Loss: 3.6180
  Batch 5690/10484, Loss: 3.5298
  Batch 5700/10484, Loss: 3.4937
  Batch 5710/10484, Loss: 3.2583
  Batch 5720/10484, Loss: 4.0283
  Batch 5730/10484, Loss: 4.5123
  Batch 5740/10484, Loss: 3.6391
  Batch 5750/10484, Loss: 3.9905
  Batch 5760/10484, Loss: 4.2065
  Batch 5770/10484, Loss: 4.0608
  Batch 5780/10484, Loss: 3.2370
  Batch 5790/10484, Loss: 3.7488
  Batch 5800/10484, Loss: 3.6626
  Batch 5810/10484, Loss: 4.1096
  Batch 5820/10484, Loss: 4.0664
  Batch 5830/10484, Loss: 3.6048
  Batch 5840/10484, Loss: 4.0146
  Batch 5850/10484, Loss: 3.7826
  Batch 5860/10484, Loss: 3.5713
  Batch 5870/10484, Loss: 3.1454
  Batch 5880/10484, Loss: 4.1809
  Batch 5890/10484, Loss: 3.4541
  Batch 5900/10484, Loss: 4.1108
  Batch 5910/10484, Loss: 3.3887
  Batch 5920/10484, Loss: 2.9730
  Batch 5930/10484, Loss: 4.0674
  Batch 5940/10484, Loss: 4.2998
  Batch 5950/10484, Loss: 3.6096
  Batch 5960/10484, Loss: 3.4311
  Batch 5970/10484, Loss: 3.4695
  Batch 5980/10484, Loss: 4.4034
  Batch 5990/10484, Loss: 3.5136
  Batch 6000/10484, Loss: 3.5667
  Batch 6010/10484, Loss: 3.2790
  Batch 6020/10484, Loss: 3.5971
  Batch 6030/10484, Loss: 3.8163
  Batch 6040/10484, Loss: 3.8173
  Batch 6050/10484, Loss: 4.2030
  Batch 6060/10484, Loss: 4.2169
  Batch 6070/10484, Loss: 3.7801
  Batch 6080/10484, Loss: 3.5374
  Batch 6090/10484, Loss: 3.7906
  Batch 6100/10484, Loss: 3.4277
  Batch 6110/10484, Loss: 3.9034
  Batch 6120/10484, Loss: 3.2776
  Batch 6130/10484, Loss: 3.5279
  Batch 6140/10484, Loss: 3.5211
  Batch 6150/10484, Loss: 3.5647
  Batch 6160/10484, Loss: 3.6727
  Batch 6170/10484, Loss: 3.6824
  Batch 6180/10484, Loss: 4.1029
  Batch 6190/10484, Loss: 4.0307
  Batch 6200/10484, Loss: 4.2960
  Batch 6210/10484, Loss: 4.2489
  Batch 6220/10484, Loss: 3.9890
  Batch 6230/10484, Loss: 3.8043
  Batch 6240/10484, Loss: 3.9149
  Batch 6250/10484, Loss: 3.5615
  Batch 6260/10484, Loss: 3.8108
  Batch 6270/10484, Loss: 3.5305
  Batch 6280/10484, Loss: 3.9747
  Batch 6290/10484, Loss: 3.8875
  Batch 6300/10484, Loss: 3.1815
  Batch 6310/10484, Loss: 3.9000
  Batch 6320/10484, Loss: 3.7386
  Batch 6330/10484, Loss: 3.5043
  Batch 6340/10484, Loss: 3.9901
  Batch 6350/10484, Loss: 3.3660
  Batch 6360/10484, Loss: 3.9395
  Batch 6370/10484, Loss: 3.6046
  Batch 6380/10484, Loss: 3.9051
  Batch 6390/10484, Loss: 3.9921
  Batch 6400/10484, Loss: 3.7388
  Batch 6410/10484, Loss: 3.5565
  Batch 6420/10484, Loss: 3.3008
  Batch 6430/10484, Loss: 3.7422
  Batch 6440/10484, Loss: 3.6963
  Batch 6450/10484, Loss: 3.4950
  Batch 6460/10484, Loss: 3.4599
  Batch 6470/10484, Loss: 3.2392
  Batch 6480/10484, Loss: 3.4166
  Batch 6490/10484, Loss: 4.1235
  Batch 6500/10484, Loss: 3.7230
  Batch 6510/10484, Loss: 3.8749
  Batch 6520/10484, Loss: 3.7796
  Batch 6530/10484, Loss: 3.7540
  Batch 6540/10484, Loss: 4.6546
  Batch 6550/10484, Loss: 4.1158
  Batch 6560/10484, Loss: 3.7643
  Batch 6570/10484, Loss: 3.7401
  Batch 6580/10484, Loss: 4.1628
  Batch 6590/10484, Loss: 3.9695
  Batch 6600/10484, Loss: 4.1051
  Batch 6610/10484, Loss: 3.4262
  Batch 6620/10484, Loss: 3.9837
  Batch 6630/10484, Loss: 4.1649
  Batch 6640/10484, Loss: 3.6875
  Batch 6650/10484, Loss: 3.6235
  Batch 6660/10484, Loss: 3.6688
  Batch 6670/10484, Loss: 3.2558
  Batch 6680/10484, Loss: 3.2912
  Batch 6690/10484, Loss: 3.5462
  Batch 6700/10484, Loss: 3.7044
  Batch 6710/10484, Loss: 4.1537
  Batch 6720/10484, Loss: 3.9254
  Batch 6730/10484, Loss: 3.6026
  Batch 6740/10484, Loss: 3.9909
  Batch 6750/10484, Loss: 3.5992
  Batch 6760/10484, Loss: 3.7715
  Batch 6770/10484, Loss: 3.8225
  Batch 6780/10484, Loss: 4.1817
  Batch 6790/10484, Loss: 3.2708
  Batch 6800/10484, Loss: 3.6841
  Batch 6810/10484, Loss: 3.5815
  Batch 6820/10484, Loss: 3.7287
  Batch 6830/10484, Loss: 3.4783
  Batch 6840/10484, Loss: 4.5577
  Batch 6850/10484, Loss: 4.2533
  Batch 6860/10484, Loss: 4.5686
  Batch 6870/10484, Loss: 3.8125
  Batch 6880/10484, Loss: 3.2543
  Batch 6890/10484, Loss: 3.6212
  Batch 6900/10484, Loss: 3.5701
  Batch 6910/10484, Loss: 3.7842
  Batch 6920/10484, Loss: 3.5873
  Batch 6930/10484, Loss: 3.5545
  Batch 6940/10484, Loss: 4.0258
  Batch 6950/10484, Loss: 3.4415
  Batch 6960/10484, Loss: 3.4295
  Batch 6970/10484, Loss: 4.0563
  Batch 6980/10484, Loss: 3.9551
  Batch 6990/10484, Loss: 3.7377
  Batch 7000/10484, Loss: 3.1515
  Batch 7010/10484, Loss: 3.2504
  Batch 7020/10484, Loss: 4.0582
  Batch 7030/10484, Loss: 3.6482
  Batch 7040/10484, Loss: 4.0409
  Batch 7050/10484, Loss: 3.4186
  Batch 7060/10484, Loss: 4.1903
  Batch 7070/10484, Loss: 4.0034
  Batch 7080/10484, Loss: 2.8161
  Batch 7090/10484, Loss: 3.2836
  Batch 7100/10484, Loss: 3.7067
  Batch 7110/10484, Loss: 4.0607
  Batch 7120/10484, Loss: 3.6558
  Batch 7130/10484, Loss: 3.3705
  Batch 7140/10484, Loss: 3.6102
  Batch 7150/10484, Loss: 3.5177
  Batch 7160/10484, Loss: 3.1540
  Batch 7170/10484, Loss: 4.1979
  Batch 7180/10484, Loss: 3.2682
  Batch 7190/10484, Loss: 3.2277
  Batch 7200/10484, Loss: 2.9526
  Batch 7210/10484, Loss: 3.7332
  Batch 7220/10484, Loss: 4.0652
  Batch 7230/10484, Loss: 3.1773
  Batch 7240/10484, Loss: 3.8724
  Batch 7250/10484, Loss: 2.9576
  Batch 7260/10484, Loss: 3.3376
  Batch 7270/10484, Loss: 4.3928
  Batch 7280/10484, Loss: 3.4579
  Batch 7290/10484, Loss: 4.0165
  Batch 7300/10484, Loss: 3.6445
  Batch 7310/10484, Loss: 3.6988
  Batch 7320/10484, Loss: 3.9282
  Batch 7330/10484, Loss: 3.2055
  Batch 7340/10484, Loss: 3.9570
  Batch 7350/10484, Loss: 4.1554
  Batch 7360/10484, Loss: 3.7285
  Batch 7370/10484, Loss: 4.6851
  Batch 7380/10484, Loss: 3.7559
  Batch 7390/10484, Loss: 3.7671
  Batch 7400/10484, Loss: 3.6825
  Batch 7410/10484, Loss: 3.5397
  Batch 7420/10484, Loss: 3.8457
  Batch 7430/10484, Loss: 3.8259
  Batch 7440/10484, Loss: 3.1457
  Batch 7450/10484, Loss: 3.7399
  Batch 7460/10484, Loss: 3.8599
  Batch 7470/10484, Loss: 3.7083
  Batch 7480/10484, Loss: 4.1896
  Batch 7490/10484, Loss: 3.5948
  Batch 7500/10484, Loss: 3.6254
  Batch 7510/10484, Loss: 3.8931
  Batch 7520/10484, Loss: 3.1773
  Batch 7530/10484, Loss: 3.6144
  Batch 7540/10484, Loss: 3.3833
  Batch 7550/10484, Loss: 3.8422
  Batch 7560/10484, Loss: 3.5072
  Batch 7570/10484, Loss: 3.4608
  Batch 7580/10484, Loss: 4.0967
  Batch 7590/10484, Loss: 3.6442
  Batch 7600/10484, Loss: 4.2970
  Batch 7610/10484, Loss: 4.2492
  Batch 7620/10484, Loss: 3.9018
  Batch 7630/10484, Loss: 4.7599
  Batch 7640/10484, Loss: 3.8416
  Batch 7650/10484, Loss: 3.9147
  Batch 7660/10484, Loss: 3.8401
  Batch 7670/10484, Loss: 3.7589
  Batch 7680/10484, Loss: 3.7487
  Batch 7690/10484, Loss: 4.0805
  Batch 7700/10484, Loss: 3.8431
  Batch 7710/10484, Loss: 3.4674
  Batch 7720/10484, Loss: 4.0411
  Batch 7730/10484, Loss: 3.5055
  Batch 7740/10484, Loss: 4.5712
  Batch 7750/10484, Loss: 3.8470
  Batch 7760/10484, Loss: 4.0064
  Batch 7770/10484, Loss: 3.2384
  Batch 7780/10484, Loss: 4.0451
  Batch 7790/10484, Loss: 3.9799
  Batch 7800/10484, Loss: 3.8332
  Batch 7810/10484, Loss: 2.7688
  Batch 7820/10484, Loss: 3.4079
  Batch 7830/10484, Loss: 3.4587
  Batch 7840/10484, Loss: 3.8998
  Batch 7850/10484, Loss: 3.7041
  Batch 7860/10484, Loss: 3.8978
  Batch 7870/10484, Loss: 3.4819
  Batch 7880/10484, Loss: 4.0693
  Batch 7890/10484, Loss: 2.8966
  Batch 7900/10484, Loss: 3.9644
  Batch 7910/10484, Loss: 2.9577
  Batch 7920/10484, Loss: 3.7563
  Batch 7930/10484, Loss: 3.9206
  Batch 7940/10484, Loss: 3.6375
  Batch 7950/10484, Loss: 2.8944
  Batch 7960/10484, Loss: 3.3846
  Batch 7970/10484, Loss: 4.2400
  Batch 7980/10484, Loss: 3.6594
  Batch 7990/10484, Loss: 3.1365
  Batch 8000/10484, Loss: 3.3505
  Batch 8010/10484, Loss: 3.6462
  Batch 8020/10484, Loss: 4.5269
  Batch 8030/10484, Loss: 3.6597
  Batch 8040/10484, Loss: 4.2589
  Batch 8050/10484, Loss: 3.9112
  Batch 8060/10484, Loss: 4.0346
  Batch 8070/10484, Loss: 3.9893
  Batch 8080/10484, Loss: 4.4502
  Batch 8090/10484, Loss: 3.5346
  Batch 8100/10484, Loss: 3.1956
  Batch 8110/10484, Loss: 4.2114
  Batch 8120/10484, Loss: 3.0672
  Batch 8130/10484, Loss: 3.6894
  Batch 8140/10484, Loss: 3.4944
  Batch 8150/10484, Loss: 3.9658
  Batch 8160/10484, Loss: 2.7848
  Batch 8170/10484, Loss: 3.8701
  Batch 8180/10484, Loss: 2.9038
  Batch 8190/10484, Loss: 4.3612
  Batch 8200/10484, Loss: 3.2690
  Batch 8210/10484, Loss: 3.1357
  Batch 8220/10484, Loss: 3.9352
  Batch 8230/10484, Loss: 4.2787
  Batch 8240/10484, Loss: 4.0032
  Batch 8250/10484, Loss: 3.1721
  Batch 8260/10484, Loss: 3.3656
  Batch 8270/10484, Loss: 4.0916
  Batch 8280/10484, Loss: 3.9088
  Batch 8290/10484, Loss: 3.9123
  Batch 8300/10484, Loss: 3.9060
  Batch 8310/10484, Loss: 3.8595
  Batch 8320/10484, Loss: 3.4316
  Batch 8330/10484, Loss: 3.6930
  Batch 8340/10484, Loss: 3.9885
  Batch 8350/10484, Loss: 3.9940
  Batch 8360/10484, Loss: 3.8786
  Batch 8370/10484, Loss: 4.2022
  Batch 8380/10484, Loss: 3.8300
  Batch 8390/10484, Loss: 3.4648
  Batch 8400/10484, Loss: 4.0421
  Batch 8410/10484, Loss: 3.5567
  Batch 8420/10484, Loss: 3.5305
  Batch 8430/10484, Loss: 3.4111
  Batch 8440/10484, Loss: 3.9427
  Batch 8450/10484, Loss: 4.0590
  Batch 8460/10484, Loss: 4.3139
  Batch 8470/10484, Loss: 3.5520
  Batch 8480/10484, Loss: 3.7817
  Batch 8490/10484, Loss: 3.9175
  Batch 8500/10484, Loss: 4.2590
  Batch 8510/10484, Loss: 3.7943
  Batch 8520/10484, Loss: 4.1909
  Batch 8530/10484, Loss: 3.5456
  Batch 8540/10484, Loss: 3.9826
  Batch 8550/10484, Loss: 3.2584
  Batch 8560/10484, Loss: 4.7216
  Batch 8570/10484, Loss: 4.1241
  Batch 8580/10484, Loss: 3.8451
  Batch 8590/10484, Loss: 3.9918
  Batch 8600/10484, Loss: 3.0863
  Batch 8610/10484, Loss: 3.6787
  Batch 8620/10484, Loss: 3.6828
  Batch 8630/10484, Loss: 4.2541
  Batch 8640/10484, Loss: 3.3818
  Batch 8650/10484, Loss: 3.9317
  Batch 8660/10484, Loss: 3.8614
  Batch 8670/10484, Loss: 3.9624
  Batch 8680/10484, Loss: 3.5093
  Batch 8690/10484, Loss: 3.9782
  Batch 8700/10484, Loss: 4.0672
  Batch 8710/10484, Loss: 3.9467
  Batch 8720/10484, Loss: 3.6203
  Batch 8730/10484, Loss: 3.7028
  Batch 8740/10484, Loss: 4.2043
  Batch 8750/10484, Loss: 4.1141
  Batch 8760/10484, Loss: 3.5055
  Batch 8770/10484, Loss: 3.2627
  Batch 8780/10484, Loss: 3.2698
  Batch 8790/10484, Loss: 3.6445
  Batch 8800/10484, Loss: 3.3867
  Batch 8810/10484, Loss: 3.9888
  Batch 8820/10484, Loss: 3.4815
  Batch 8830/10484, Loss: 4.3650
  Batch 8840/10484, Loss: 4.0496
  Batch 8850/10484, Loss: 3.8359
  Batch 8860/10484, Loss: 3.6951
  Batch 8870/10484, Loss: 3.6087
  Batch 8880/10484, Loss: 3.8926
  Batch 8890/10484, Loss: 4.0763
  Batch 8900/10484, Loss: 4.0061
  Batch 8910/10484, Loss: 4.3069
  Batch 8920/10484, Loss: 3.0375
  Batch 8930/10484, Loss: 3.7885
  Batch 8940/10484, Loss: 4.2753
  Batch 8950/10484, Loss: 2.8687
  Batch 8960/10484, Loss: 3.2822
  Batch 8970/10484, Loss: 3.2734
  Batch 8980/10484, Loss: 3.6491
  Batch 8990/10484, Loss: 3.7178
  Batch 9000/10484, Loss: 4.2665
  Batch 9010/10484, Loss: 4.1887
  Batch 9020/10484, Loss: 3.7432
  Batch 9030/10484, Loss: 3.4215
  Batch 9040/10484, Loss: 3.8721
  Batch 9050/10484, Loss: 3.6943
  Batch 9060/10484, Loss: 3.6180
  Batch 9070/10484, Loss: 3.7383
  Batch 9080/10484, Loss: 3.5348
  Batch 9090/10484, Loss: 3.0541
  Batch 9100/10484, Loss: 3.5012
  Batch 9110/10484, Loss: 3.7097
  Batch 9120/10484, Loss: 3.9070
  Batch 9130/10484, Loss: 4.2017
  Batch 9140/10484, Loss: 2.6237
  Batch 9150/10484, Loss: 3.9832
  Batch 9160/10484, Loss: 4.6238
  Batch 9170/10484, Loss: 3.3653
  Batch 9180/10484, Loss: 4.2070
  Batch 9190/10484, Loss: 3.6734
  Batch 9200/10484, Loss: 3.6707
  Batch 9210/10484, Loss: 3.1715
  Batch 9220/10484, Loss: 4.1487
  Batch 9230/10484, Loss: 4.2095
  Batch 9240/10484, Loss: 3.9993
  Batch 9250/10484, Loss: 3.1113
  Batch 9260/10484, Loss: 3.7503
  Batch 9270/10484, Loss: 3.1850
  Batch 9280/10484, Loss: 3.7039
  Batch 9290/10484, Loss: 4.2707
  Batch 9300/10484, Loss: 4.0657
  Batch 9310/10484, Loss: 4.1964
  Batch 9320/10484, Loss: 3.5607
  Batch 9330/10484, Loss: 4.1230
  Batch 9340/10484, Loss: 3.9305
  Batch 9350/10484, Loss: 3.0588
  Batch 9360/10484, Loss: 4.0731
  Batch 9370/10484, Loss: 3.4672
  Batch 9380/10484, Loss: 3.4404
  Batch 9390/10484, Loss: 3.7107
  Batch 9400/10484, Loss: 3.7769
  Batch 9410/10484, Loss: 4.3376
  Batch 9420/10484, Loss: 4.4625
  Batch 9430/10484, Loss: 3.2052
  Batch 9440/10484, Loss: 3.7162
  Batch 9450/10484, Loss: 3.6741
  Batch 9460/10484, Loss: 3.5256
  Batch 9470/10484, Loss: 3.3225
  Batch 9480/10484, Loss: 3.5752
  Batch 9490/10484, Loss: 4.5338
  Batch 9500/10484, Loss: 4.4603
  Batch 9510/10484, Loss: 4.0760
  Batch 9520/10484, Loss: 3.9352
  Batch 9530/10484, Loss: 3.9231
  Batch 9540/10484, Loss: 3.8538
  Batch 9550/10484, Loss: 4.2422
  Batch 9560/10484, Loss: 3.8658
  Batch 9570/10484, Loss: 3.3879
  Batch 9580/10484, Loss: 3.3216
  Batch 9590/10484, Loss: 3.8148
  Batch 9600/10484, Loss: 3.6708
  Batch 9610/10484, Loss: 3.8622
  Batch 9620/10484, Loss: 4.0787
  Batch 9630/10484, Loss: 3.7202
  Batch 9640/10484, Loss: 3.6620
  Batch 9650/10484, Loss: 3.0964
  Batch 9660/10484, Loss: 3.8456
  Batch 9670/10484, Loss: 3.8592
  Batch 9680/10484, Loss: 4.0096
  Batch 9690/10484, Loss: 4.3077
  Batch 9700/10484, Loss: 3.2232
  Batch 9710/10484, Loss: 3.8648
  Batch 9720/10484, Loss: 3.7604
  Batch 9730/10484, Loss: 4.0980
  Batch 9740/10484, Loss: 2.7944
  Batch 9750/10484, Loss: 4.3391
  Batch 9760/10484, Loss: 4.3686
  Batch 9770/10484, Loss: 3.7293
  Batch 9780/10484, Loss: 3.4562
  Batch 9790/10484, Loss: 3.6825
  Batch 9800/10484, Loss: 3.9463
  Batch 9810/10484, Loss: 3.8071
  Batch 9820/10484, Loss: 4.2633
  Batch 9830/10484, Loss: 3.4868
  Batch 9840/10484, Loss: 3.4672
  Batch 9850/10484, Loss: 3.5859
  Batch 9860/10484, Loss: 3.8751
  Batch 9870/10484, Loss: 3.5835
  Batch 9880/10484, Loss: 3.7182
  Batch 9890/10484, Loss: 3.6319
  Batch 9900/10484, Loss: 3.5695
  Batch 9910/10484, Loss: 4.0627
  Batch 9920/10484, Loss: 3.4971
  Batch 9930/10484, Loss: 4.5170
  Batch 9940/10484, Loss: 3.7214
  Batch 9950/10484, Loss: 4.6616
  Batch 9960/10484, Loss: 3.9365
  Batch 9970/10484, Loss: 3.6570
  Batch 9980/10484, Loss: 3.4421
  Batch 9990/10484, Loss: 4.0778
  Batch 10000/10484, Loss: 3.7559
  Batch 10010/10484, Loss: 2.4886
  Batch 10020/10484, Loss: 4.2250
  Batch 10030/10484, Loss: 3.4527
  Batch 10040/10484, Loss: 4.2820
  Batch 10050/10484, Loss: 3.2311
  Batch 10060/10484, Loss: 2.9970
  Batch 10070/10484, Loss: 3.9904
  Batch 10080/10484, Loss: 4.1137
  Batch 10090/10484, Loss: 4.5883
  Batch 10100/10484, Loss: 3.6369
  Batch 10110/10484, Loss: 3.3457
  Batch 10120/10484, Loss: 4.3756
  Batch 10130/10484, Loss: 4.2534
  Batch 10140/10484, Loss: 2.9085
  Batch 10150/10484, Loss: 4.1867
  Batch 10160/10484, Loss: 3.4420
  Batch 10170/10484, Loss: 3.8459
  Batch 10180/10484, Loss: 3.5972
  Batch 10190/10484, Loss: 4.1229
  Batch 10200/10484, Loss: 3.8073
  Batch 10210/10484, Loss: 3.2188
  Batch 10220/10484, Loss: 3.2636
  Batch 10230/10484, Loss: 3.4111
  Batch 10240/10484, Loss: 3.1988
  Batch 10250/10484, Loss: 3.7400
  Batch 10260/10484, Loss: 3.6552
  Batch 10270/10484, Loss: 4.4477
  Batch 10280/10484, Loss: 4.2116
  Batch 10290/10484, Loss: 3.9057
  Batch 10300/10484, Loss: 3.7801
  Batch 10310/10484, Loss: 3.9884
  Batch 10320/10484, Loss: 4.0495
  Batch 10330/10484, Loss: 3.6904
  Batch 10340/10484, Loss: 3.3493
  Batch 10350/10484, Loss: 3.0297
  Batch 10360/10484, Loss: 3.4161
  Batch 10370/10484, Loss: 3.9536
  Batch 10380/10484, Loss: 3.6585
  Batch 10390/10484, Loss: 3.8937
  Batch 10400/10484, Loss: 3.6399
  Batch 10410/10484, Loss: 3.3660
  Batch 10420/10484, Loss: 3.1816
  Batch 10430/10484, Loss: 3.6264
  Batch 10440/10484, Loss: 3.8901
  Batch 10450/10484, Loss: 3.4000
  Batch 10460/10484, Loss: 4.1235
  Batch 10470/10484, Loss: 3.5357
  Batch 10480/10484, Loss: 3.6407

  Train Loss: 3.7201
  Val Loss: 6.8297
  Time: 30m 43s
  ✓ Saved checkpoint to /scratch/aitordiez/News2Stock/simple_seq2seq_fasttext/checkpoints/checkpoint_epoch_20.pt

================================================================================
FINAL EVALUATION ON TEST SET
================================================================================
Loading best model from: /scratch/aitordiez/News2Stock/simple_seq2seq_fasttext/checkpoints/best_model.pt

Test Loss: 6.6158

================================================================================
TRAINING COMPLETE!
================================================================================
Best validation loss: 6.5810
Test loss: 6.6158
Best model saved to: /scratch/aitordiez/News2Stock/simple_seq2seq_fasttext/checkpoints/best_model.pt
Training log saved to: /scratch/aitordiez/News2Stock/simple_seq2seq_fasttext/logs/training_20251119_160714.log
Training completed successfully!
Ending time: Thu Nov 20 02:33:10 CET 2025
Running inference on test examples...
================================================================================
SEQ2SEQ INFERENCE
================================================================================

✓ Using device: cuda

Loading vocabulary...
✓ Vocabulary size: 20000

Loading model from: /scratch/aitordiez/News2Stock/simple_seq2seq_fasttext/checkpoints/best_model.pt
✓ Loaded model from /scratch/aitordiez/News2Stock/simple_seq2seq_fasttext/checkpoints/best_model.pt
  Epoch: 2
  Val Loss: 6.5810

================================================================================
GENERATING SUMMARIES
================================================================================

Showing 3 examples from test set:

Example 1:
--------------------------------------------------------------------------------
Source: a whale with a lot of money to spend has taken a noticeably bearish stance on tesla looking at options history for tesla nasdaq tsla we detected 142 strange trades if we consider the specifics of each...

Target: whales have been targeting a price range from 700 0 to 2000 0 below we can observe the evolution of the volume and open interest of calls and puts respectively for all of tesla truist securities downgraded its action to buy with a price target of 1000 bofa securities has decided to maintain its neutral rating on tesla which currently sits at a price target option trades are riskier asset compared to just trading the stock

Generated: whales have been targeting a price range from 200 0 to 200 0 below we can observe the evolution of the volume and open interest of calls and puts respectively for the last 30 days serious options traders manage this risk by knowing when the stock is approaching a price target of 280 0 the options traders manage this risk by knowing when to be able to be a risk to the price target of 200
================================================================================

Example 2:
--------------------------------------------------------------------------------
Source: ray dalio founded hedge fund bridgewater associates may have disposed of its entire holdings in most chinese tech stocks but it still swears by the country s electric vehicle startups what happened br...

Target: fund added to stakes in nio xpeng in 13f filing it also doubled down on ford ev holdings at the end of the second quarter controversially the fund is not a shareholder of tesla which is a big tesla fan in real life to keep an eye out for the coming quarters even though it s not in the ev business

Generated: activist investor cathie wood s fund has stakes in tesla nio xpeng and li auto among top holdings in the fund s in the fund s in the fund s in the fund s in the s s in the s s in the s s in the s s in the
================================================================================

Example 3:
--------------------------------------------------------------------------------
Source: a hard seltzer featuring a bored ape yacht club nft hit stores thursday here s a look at the bored ape used and the company behind the product what happened happy dad launched a new banana flavored ha...

Target: happy dad is owned by nelk which also owns the full send podcast the beverage is available in 12 packs in stores across the u s including in new york los angeles bored ape yacht club is the latest alcoholic brand to hit the market hard to reach millennial market is driving demand for new alcoholic products to some s are also getting harder to come by

Generated: <UNK> <UNK> <UNK> <UNK> <UNK> <UNK> <UNK> <UNK> <UNK> <UNK> <UNK> <UNK> <UNK> <UNK> <UNK> <UNK> <UNK> <UNK> <UNK> <UNK> <UNK> <UNK> <UNK> <UNK> <UNK> <UNK> <UNK> <UNK> <UNK> <UNK> <UNK> <UNK> <UNK> <UNK> <UNK> <UNK> <UNK> <UNK> <UNK> <UNK> <UNK> <UNK> <UNK> <UNK> <UNK> <UNK> <UNK> <UNK> <UNK> <UNK>
================================================================================

Job finished at: Thu Nov 20 02:33:28 CET 2025
